variant,seed,modalities,rate,position,mask_seed,accuracy,macro_f1,weighted_f1,neutral_precision,neutral_recall,neutral_f1,mae,pearson,head_disagreement
Bm,2026,none,0.0,none,0,0.7001375515818432,0.6249968065545227,0.6793672789587666,0.5176470588235295,0.2784810126582278,0.3621399176954732,0.5962528905349812,0.7113836562940795,0.0
Bm,2026,T,0.1,random,5026,0.6850068775790922,0.6150798941594137,0.6675582208017116,0.4639175257731959,0.2848101265822785,0.3529411764705882,0.6054960366119432,0.7022803638273664,0.0
Bm,2026,T,0.1,random,5027,0.6767537826685007,0.6072422456858272,0.6613818786903999,0.4380952380952381,0.2911392405063291,0.3498098859315589,0.6134866473826208,0.6781539644985328,0.0
Bm,2026,T,0.1,random,5028,0.6918844566712518,0.6336347869555014,0.678667699117955,0.5339805825242718,0.3481012658227848,0.421455938697318,0.6101673022687505,0.6950653819461622,0.0
Bm,2026,T,0.2,random,5026,0.6808803301237965,0.615060871525044,0.6665069408765327,0.4811320754716981,0.3227848101265823,0.3863636363636363,0.6360594698117144,0.6637455837314723,0.0
Bm,2026,T,0.2,random,5027,0.671251719394773,0.6059441024841897,0.6573160043293729,0.4444444444444444,0.3037974683544304,0.3609022556390977,0.6375365010222819,0.6584985792338409,0.0
Bm,2026,T,0.2,random,5028,0.6808803301237965,0.6290237778815524,0.67106836852483,0.5130434782608696,0.3734177215189873,0.4322344322344322,0.6410718898101244,0.6646074041242189,0.0
Bm,2026,T,0.3,start,5026,0.672627235213205,0.6094223655935701,0.6606480892068471,0.4424778761061947,0.3164556962025316,0.3690036900369003,0.661441949808832,0.6639736252976901,0.0
Bm,2026,T,0.3,middle,5026,0.6616231086657497,0.6112057220091835,0.6564754791192584,0.4285714285714285,0.379746835443038,0.4026845637583892,0.6630746385071609,0.6545119030933261,0.0
Bm,2026,T,0.3,end,5026,0.656121045392022,0.5966324960415103,0.644602224938581,0.4561403508771929,0.3291139240506329,0.3823529411764705,0.6961449974621449,0.6158115129109103,0.0
Bm,2026,T,0.3,random,5026,0.6740027510316369,0.6144207199821802,0.6641987285085725,0.4552845528455284,0.3544303797468354,0.398576512455516,0.6592926213763001,0.6451575634164113,0.0
Bm,2026,T,0.3,random,5027,0.6643741403026134,0.6105210209644524,0.656353090776443,0.4566929133858268,0.3670886075949367,0.4070175438596491,0.6683675775588922,0.6386726075907998,0.0
Bm,2026,T,0.3,random,5028,0.6616231086657497,0.6075073595279283,0.6533662153731908,0.456,0.360759493670886,0.4028268551236749,0.6762851636204531,0.6387818886666958,0.0
Bm,2026,T,0.4,random,5026,0.6423658872077029,0.5823080714653793,0.6332457292126942,0.4,0.3291139240506329,0.3611111111111111,0.7011581281900157,0.6122089556915913,0.0
Bm,2026,T,0.4,random,5027,0.6189821182943603,0.563623837033851,0.6113582915666965,0.3740458015267175,0.310126582278481,0.3391003460207612,0.7134360590990438,0.5895456187418786,0.0
Bm,2026,T,0.4,random,5028,0.640990371389271,0.5891056400065725,0.6343497537508034,0.4253731343283582,0.360759493670886,0.3904109589041096,0.7160230883871243,0.5967613039165548,0.0
Bm,2026,T,0.5,random,5026,0.6286107290233838,0.5748226499160684,0.622793871242847,0.4081632653061224,0.379746835443038,0.3934426229508196,0.7440395117984793,0.5608111204733985,0.0
Bm,2026,T,0.5,random,5027,0.6176066024759285,0.5739571481002165,0.615638224412542,0.3935483870967742,0.3860759493670886,0.389776357827476,0.7434999352411866,0.555242075437213,0.0
Bm,2026,T,0.5,random,5028,0.6217331499312242,0.5706811655941646,0.617926235278107,0.3684210526315789,0.3544303797468354,0.3612903225806451,0.7422680550625838,0.5743039272151131,0.0
Bm,2026,A,0.1,random,5026,0.7015130674002751,0.6275761972767235,0.6813368248939006,0.5232558139534884,0.2848101265822785,0.3688524590163934,0.5961043881037937,0.7113813687971274,0.0
Bm,2026,A,0.1,random,5027,0.7015130674002751,0.6275761972767235,0.6813368248939006,0.5232558139534884,0.2848101265822785,0.3688524590163934,0.5960247380549664,0.7116441824327705,0.0
Bm,2026,A,0.1,random,5028,0.6987620357634112,0.6235112892543322,0.6781983911680086,0.5116279069767442,0.2784810126582278,0.360655737704918,0.5967767513379836,0.7114446953889437,0.0
Bm,2026,A,0.2,random,5026,0.7015130674002751,0.6275761972767235,0.6813368248939006,0.5232558139534884,0.2848101265822785,0.3688524590163934,0.5962035489365425,0.7116380172319834,0.0
Bm,2026,A,0.2,random,5027,0.7001375515818432,0.6249968065545227,0.6793672789587666,0.5176470588235295,0.2784810126582278,0.3621399176954732,0.5961070165266881,0.7118856003460632,0.0
Bm,2026,A,0.2,random,5028,0.6987620357634112,0.6235112892543322,0.6781983911680086,0.5116279069767442,0.2784810126582278,0.360655737704918,0.5969075224694851,0.7115323815952797,0.0
Bm,2026,A,0.3,start,5026,0.7015130674002751,0.6275761972767235,0.6813368248939006,0.5232558139534884,0.2848101265822785,0.3688524590163934,0.5956402060022259,0.7121054881837865,0.0
Bm,2026,A,0.3,middle,5026,0.6987620357634112,0.6235112892543322,0.6781983911680086,0.5116279069767442,0.2784810126582278,0.360655737704918,0.5973567524044258,0.7109740680885794,0.0
Bm,2026,A,0.3,end,5026,0.6987620357634112,0.6245904182070783,0.6789885063536818,0.5113636363636364,0.2848101265822785,0.3658536585365853,0.5984528664940948,0.7107230928771251,0.0
Bm,2026,A,0.3,random,5026,0.6987620357634112,0.6235112892543322,0.6781983911680086,0.5116279069767442,0.2784810126582278,0.360655737704918,0.5977169395785786,0.7112067210085393,0.0
Bm,2026,A,0.3,random,5027,0.7001375515818432,0.6249968065545227,0.6793672789587666,0.5176470588235295,0.2784810126582278,0.3621399176954732,0.5964321251872242,0.7117581332267199,0.0
Bm,2026,A,0.3,random,5028,0.6987620357634112,0.6235112892543322,0.6781983911680086,0.5116279069767442,0.2784810126582278,0.360655737704918,0.5973449076940391,0.7113568321657378,0.0
Bm,2026,A,0.4,random,5026,0.6987620357634112,0.6235112892543322,0.6781983911680086,0.5116279069767442,0.2784810126582278,0.360655737704918,0.5979854139227889,0.7111432762202291,0.0
Bm,2026,A,0.4,random,5027,0.6973865199449794,0.622025212902785,0.6770282092329745,0.5057471264367817,0.2784810126582278,0.3591836734693877,0.597529025739255,0.7114864996172428,0.0
Bm,2026,A,0.4,random,5028,0.6973865199449794,0.622025212902785,0.6770282092329745,0.5057471264367817,0.2784810126582278,0.3591836734693877,0.5977348247530166,0.7112120930286059,0.0
Bm,2026,A,0.5,random,5026,0.6973865199449794,0.622504477266382,0.6771074740911643,0.5057471264367817,0.2784810126582278,0.3591836734693877,0.5989771750589177,0.7107620809022825,0.0
Bm,2026,A,0.5,random,5027,0.6946354883081155,0.6195396143988555,0.6747709270220082,0.4943820224719101,0.2784810126582278,0.3562753036437247,0.5984298833412194,0.7112827873911688,0.0
Bm,2026,A,0.5,random,5028,0.6960110041265475,0.6208812847882985,0.6761355015467337,0.4943820224719101,0.2784810126582278,0.3562753036437247,0.598229028378397,0.7110232163126793,0.0
Bm,2026,V,0.1,random,5026,0.7015130674002751,0.6275761972767235,0.6813368248939006,0.5232558139534884,0.2848101265822785,0.3688524590163934,0.5959262249269531,0.7115392904711297,0.0
Bm,2026,V,0.1,random,5027,0.7015130674002751,0.6275761972767235,0.6813368248939006,0.5232558139534884,0.2848101265822785,0.3688524590163934,0.5962259278259915,0.7109970374602308,0.0
Bm,2026,V,0.1,random,5028,0.7001375515818432,0.626083566559757,0.680163299194543,0.5172413793103449,0.2848101265822785,0.3673469387755102,0.5963746464505304,0.7111339260861268,0.0
Bm,2026,V,0.2,random,5026,0.6987620357634112,0.6264453626878748,0.6801057918072477,0.5054945054945055,0.2911392405063291,0.3694779116465863,0.5963059058265798,0.7111863630895817,0.0
Bm,2026,V,0.2,random,5027,0.7015130674002751,0.6286385916551033,0.6821177006208441,0.5227272727272727,0.2911392405063291,0.3739837398373983,0.5962108065549699,0.710744171548085,0.0
Bm,2026,V,0.2,random,5028,0.7015130674002751,0.6301482778101932,0.682956244563204,0.5222222222222223,0.2974683544303797,0.3790322580645161,0.5962478487055697,0.7108887226496101,0.0
Bm,2026,V,0.3,start,5026,0.7028885832187071,0.6303681364546418,0.6843484790710771,0.5164835164835165,0.2974683544303797,0.3775100401606425,0.5962571409598834,0.7112891524035787,0.0
Bm,2026,V,0.3,middle,5026,0.7028885832187071,0.6318963654064268,0.6853133996364491,0.5106382978723404,0.3037974683544304,0.3809523809523809,0.5962199703806574,0.710885225197346,0.0
Bm,2026,V,0.3,end,5026,0.6987620357634112,0.6274687504385401,0.6808614207557849,0.5053763440860215,0.2974683544303797,0.3745019920318725,0.5968043670379258,0.7108902809622855,0.0
Bm,2026,V,0.3,random,5026,0.7001375515818432,0.629807812820019,0.682968041796063,0.5052631578947369,0.3037974683544304,0.3794466403162055,0.5957435427356768,0.711191631824604,0.0
Bm,2026,V,0.3,random,5027,0.7001375515818432,0.6283873049025477,0.682298554948464,0.5,0.2974683544303797,0.373015873015873,0.5960913607940345,0.7108878813207286,0.0
Bm,2026,V,0.3,random,5028,0.7015130674002751,0.6309883507935966,0.6838831373687466,0.5161290322580645,0.3037974683544304,0.3824701195219123,0.5967601164842575,0.7104145625529008,0.0
Bm,2026,V,0.4,random,5026,0.7028885832187071,0.6349416939384901,0.6867185062390714,0.5154639175257731,0.3164556962025316,0.392156862745098,0.5948611344268346,0.711236436768705,0.0
Bm,2026,V,0.4,random,5027,0.7028885832187071,0.6335566350579066,0.6860720821129617,0.5104166666666666,0.310126582278481,0.3858267716535433,0.5953997037532974,0.7107350284500928,0.0
Bm,2026,V,0.4,random,5028,0.7028885832187071,0.6349840084601138,0.6868578990759877,0.5102040816326531,0.3164556962025316,0.390625,0.5960726542677066,0.7102869263611805,0.0
Bm,2026,V,0.5,random,5026,0.7001375515818432,0.632726806592858,0.6846894345757744,0.5,0.3164556962025316,0.3875968992248062,0.5956865955180036,0.710831849913023,0.0
Bm,2026,V,0.5,random,5027,0.7015130674002751,0.6339569794397129,0.6857502162386147,0.5050505050505051,0.3164556962025316,0.3891050583657587,0.5959803379496926,0.7099197988041996,0.0
Bm,2026,V,0.5,random,5028,0.7015130674002751,0.6339569794397129,0.6857502162386147,0.5050505050505051,0.3164556962025316,0.3891050583657587,0.5967742624203258,0.7098410969610768,0.0
Bm,2026,TA,0.3,start,5026,0.6795048143053645,0.6165157068516294,0.6662650609046149,0.4716981132075472,0.3164556962025316,0.3787878787878788,0.654984358754186,0.6695930547241105,0.0
Bm,2026,TA,0.3,middle,5026,0.6547455295735901,0.6097207343703244,0.6512982259394798,0.4315068493150685,0.3987341772151899,0.4144736842105263,0.6790935226519029,0.6295731526845643,0.0
Bm,2026,TA,0.3,end,5026,0.6643741403026134,0.6040362298525955,0.6515060133395977,0.4814814814814814,0.3291139240506329,0.3909774436090225,0.6871596482877252,0.6206734301572454,0.0
Bm,2026,TA,0.3,random,5026,0.671251719394773,0.6126152629290572,0.66121674160296,0.4672131147540984,0.360759493670886,0.4071428571428571,0.6720261317782958,0.6324825882132092,0.0
Bm,2026,TA,0.3,random,5027,0.6478679504814305,0.5931485169247989,0.6406470345459538,0.4045801526717557,0.3354430379746835,0.3667820069204152,0.6827697009342023,0.627224434637539,0.0
Bm,2026,TA,0.3,random,5028,0.6478679504814305,0.5896940393001685,0.6382684241809605,0.4416666666666666,0.3354430379746835,0.381294964028777,0.6872156874985967,0.626473485877805,0.0
Bm,2026,TV,0.3,start,5026,0.6836313617606602,0.6265801891199524,0.672998691813452,0.4867256637168141,0.3481012658227848,0.4059040590405904,0.6540598282232234,0.6690004752996869,0.0
Bm,2026,TV,0.3,middle,5026,0.6519944979367263,0.6096556692223598,0.6498085475337498,0.4304635761589404,0.4113924050632911,0.4207119741100323,0.6799649147517403,0.6287856974254683,0.0
Bm,2026,TV,0.3,end,5026,0.6671251719394773,0.6117035494979611,0.6570421063216033,0.4871794871794871,0.360759493670886,0.4145454545454545,0.6876881539941624,0.6210830630196473,0.0
Bm,2026,TV,0.3,random,5026,0.6698762035763411,0.6170746093007876,0.6626102975710308,0.465648854961832,0.3860759493670886,0.4221453287197231,0.6713993471587254,0.6336863671891207,0.0
Bm,2026,TV,0.3,random,5027,0.6492434662998624,0.5980569338650435,0.643659687767319,0.4117647058823529,0.3544303797468354,0.3809523809523809,0.6825777493780428,0.6272973335676522,0.0
Bm,2026,TV,0.3,random,5028,0.6451169188445667,0.5895403477165153,0.6369186106241639,0.432,0.3417721518987341,0.381625441696113,0.6861642567179207,0.6269976027884783,0.0
Bm,2026,AV,0.3,start,5026,0.7015130674002751,0.6309883507935966,0.6838831373687466,0.5161290322580645,0.3037974683544304,0.3824701195219123,0.5959693966253954,0.711646511247476,0.0
Bm,2026,AV,0.3,middle,5026,0.6973865199449794,0.6272956214269662,0.6806900268512353,0.4948453608247423,0.3037974683544304,0.3764705882352941,0.5984473887781653,0.7098513620758861,0.0
Bm,2026,AV,0.3,end,5026,0.6987620357634112,0.6300687044140624,0.6822070924725058,0.5104166666666666,0.310126582278481,0.3858267716535433,0.598491307283299,0.7099796202472913,0.0
Bm,2026,AV,0.3,random,5026,0.6987620357634112,0.6299100005119335,0.6823945876301548,0.5051546391752577,0.310126582278481,0.3843137254901961,0.5971010018458849,0.7107460543985619,0.0
Bm,2026,AV,0.3,random,5027,0.6987620357634112,0.628513283680415,0.6817417249454972,0.5,0.3037974683544304,0.3779527559055118,0.5969497535106589,0.7107147633632257,0.0
Bm,2026,AV,0.3,random,5028,0.7001375515818432,0.6314603881088326,0.6837189214646451,0.5051546391752577,0.310126582278481,0.3843137254901961,0.5976439065669837,0.7103129151797697,0.0
Bm,2026,TAV,0.3,start,5026,0.6822558459422283,0.6249188314013127,0.6719992956758732,0.4782608695652174,0.3481012658227848,0.4029304029304029,0.6532787519422025,0.669620386855251,0.0
Bm,2026,TAV,0.3,middle,5026,0.6464924346629987,0.6065882681444251,0.6456934593110474,0.4203821656050955,0.4177215189873418,0.419047619047619,0.6816810705536334,0.6244882986030788,0.0
Bm,2026,TAV,0.3,end,5026,0.6671251719394773,0.6131601510480326,0.6582508528627162,0.4754098360655737,0.3670886075949367,0.4142857142857143,0.6872275466156074,0.6207758847774661,0.0
Bm,2026,TAV,0.3,random,5026,0.6671251719394773,0.6129876867617794,0.6603992462010129,0.4444444444444444,0.379746835443038,0.409556313993174,0.670273181929154,0.6337823043349355,0.0
Bm,2026,TAV,0.3,random,5027,0.6464924346629987,0.5954661298718492,0.6415592720470454,0.4028776978417266,0.3544303797468354,0.3771043771043771,0.6822154603100316,0.6267189344457781,0.0
Bm,2026,TAV,0.3,random,5028,0.6423658872077029,0.5887534644471577,0.6352802083757184,0.4263565891472868,0.3481012658227848,0.3832752613240418,0.6859427566737648,0.6262912788411069,0.0
Bm,2027,none,0.0,none,0,0.6960110041265475,0.6287255043984855,0.679575589177869,0.4948453608247423,0.3037974683544304,0.3764705882352941,0.6357199037844697,0.7032147491409183,0.0
Bm,2027,T,0.1,random,5026,0.6960110041265475,0.6274423748984412,0.6778206688499012,0.5274725274725275,0.3037974683544304,0.3855421686746988,0.63291513989102,0.6935611893016963,0.0
Bm,2027,T,0.1,random,5027,0.687757909215956,0.6239335474891352,0.6733695511604372,0.4807692307692308,0.3164556962025316,0.3816793893129771,0.6338688526933598,0.6746092773744239,0.0
Bm,2027,T,0.1,random,5028,0.6960110041265475,0.6408203781116167,0.6846227546671865,0.5412844036697247,0.3734177215189873,0.4419475655430712,0.6359856999988346,0.6847333600428395,0.0
Bm,2027,T,0.2,random,5026,0.6946354883081155,0.631048873182067,0.6794175679816123,0.5247524752475248,0.3354430379746835,0.4092664092664093,0.6486277425507212,0.6562313119534792,0.0
Bm,2027,T,0.2,random,5027,0.6808803301237965,0.6163584635810525,0.6658868625003395,0.4854368932038835,0.3164556962025316,0.3831417624521073,0.6453001095818762,0.659943148452462,0.0
Bm,2027,T,0.2,random,5028,0.6781292984869326,0.6219514551652875,0.6660213686746678,0.514018691588785,0.3481012658227848,0.4150943396226415,0.6555360110647948,0.6572641923469908,0.0
Bm,2027,T,0.3,start,5026,0.672627235213205,0.6068803365577559,0.6573734894638298,0.4752475247524752,0.3037974683544304,0.3706563706563706,0.6421766743074175,0.6698920638375517,0.0
Bm,2027,T,0.3,middle,5026,0.6602475928473177,0.6069179962512345,0.653010336595731,0.4328358208955223,0.3670886075949367,0.3972602739726027,0.6521180473365066,0.6483158872782584,0.0
Bm,2027,T,0.3,end,5026,0.6492434662998624,0.5852174882347296,0.6347647404630519,0.4563106796116505,0.2974683544303797,0.3601532567049808,0.6779271536711261,0.6089446618270203,0.0
Bm,2027,T,0.3,random,5026,0.6905089408528198,0.6305448809350831,0.6780445474516982,0.5045045045045045,0.3544303797468354,0.4163568773234201,0.6478004943505553,0.6458134332966895,0.0
Bm,2027,T,0.3,random,5027,0.657496561210454,0.5996682990060416,0.6481749407810932,0.4365079365079365,0.3481012658227848,0.3873239436619718,0.6561016832764018,0.6400511059804715,0.0
Bm,2027,T,0.3,random,5028,0.6657496561210454,0.605276861742379,0.652028615064592,0.4951456310679611,0.3227848101265823,0.3908045977011494,0.6664383243116492,0.6390840748726865,0.0
Bm,2027,T,0.4,random,5026,0.6533700137551581,0.5894080348303906,0.6390035427870953,0.4587155963302752,0.3164556962025316,0.3745318352059925,0.6838262339863576,0.5959621649906408,0.0
Bm,2027,T,0.4,random,5027,0.6286107290233838,0.5655829652847718,0.617017338947411,0.3833333333333333,0.2911392405063291,0.3309352517985611,0.6960486303226866,0.5890859289421455,0.0
Bm,2027,T,0.4,random,5028,0.6547455295735901,0.6013965617859914,0.6441418590434398,0.4913793103448275,0.360759493670886,0.4160583941605839,0.6849111979657441,0.6034441588619576,0.0
Bm,2027,T,0.5,random,5026,0.6272352132049519,0.5635186146611447,0.6144382833997454,0.4098360655737705,0.3164556962025316,0.3571428571428571,0.7189334057642239,0.5536510008967114,0.0
Bm,2027,T,0.5,random,5027,0.6189821182943603,0.5685235491956729,0.6129517412654112,0.3985507246376811,0.3481012658227848,0.3716216216216216,0.7102871155942564,0.5617487616533056,0.0
Bm,2027,T,0.5,random,5028,0.6217331499312242,0.563677134420475,0.6127253960766984,0.3834586466165413,0.3227848101265823,0.3505154639175257,0.7078196492546799,0.5830082658844679,0.0
Bm,2027,A,0.1,random,5026,0.6960110041265475,0.6287255043984855,0.679575589177869,0.4948453608247423,0.3037974683544304,0.3764705882352941,0.6351335123917946,0.7031682664082922,0.0
Bm,2027,A,0.1,random,5027,0.6973865199449794,0.6300518492480718,0.6809277313732438,0.4948453608247423,0.3037974683544304,0.3764705882352941,0.634959195487204,0.7035422573910424,0.0
Bm,2027,A,0.1,random,5028,0.6960110041265475,0.6287255043984855,0.679575589177869,0.4948453608247423,0.3037974683544304,0.3764705882352941,0.6353286431162033,0.7031059333495978,0.0
Bm,2027,A,0.2,random,5026,0.7001375515818432,0.6349513949192627,0.684701424209968,0.5050505050505051,0.3164556962025316,0.3891050583657587,0.63353743168437,0.7031700564133949,0.0
Bm,2027,A,0.2,random,5027,0.6987620357634112,0.6325093979405979,0.6828192690349815,0.5,0.310126582278481,0.3828125,0.6334724755592088,0.7039256608329891,0.0
Bm,2027,A,0.2,random,5028,0.6987620357634112,0.6325093979405979,0.6828192690349815,0.5,0.310126582278481,0.3828125,0.6345320590012818,0.702856123991472,0.0
Bm,2027,A,0.3,start,5026,0.6973865199449794,0.6314847608477842,0.6817066292120403,0.494949494949495,0.310126582278481,0.3813229571984435,0.6342981039463907,0.7031315327701556,0.0
Bm,2027,A,0.3,middle,5026,0.7015130674002751,0.6364371717695692,0.6858681233625987,0.5102040816326531,0.3164556962025316,0.390625,0.6335520417771547,0.7027958883300545,0.0
Bm,2027,A,0.3,end,5026,0.7001375515818432,0.6365550237874397,0.6854153376290979,0.504950495049505,0.3227848101265823,0.3938223938223938,0.6330908732568922,0.7038011451523332,0.0
Bm,2027,A,0.3,random,5026,0.7001375515818432,0.6365550237874397,0.6854153376290979,0.504950495049505,0.3227848101265823,0.3938223938223938,0.6340319965745169,0.702817355417236,0.0
Bm,2027,A,0.3,random,5027,0.6987620357634112,0.6325093979405979,0.6828192690349815,0.5,0.310126582278481,0.3828125,0.6331288629871971,0.7037175712468946,0.0
Bm,2027,A,0.3,random,5028,0.7001375515818432,0.6349513949192627,0.684701424209968,0.5050505050505051,0.3164556962025316,0.3891050583657587,0.6335108952876798,0.7027647291968642,0.0
Bm,2027,A,0.4,random,5026,0.7001375515818432,0.6365550237874397,0.6854153376290979,0.504950495049505,0.3227848101265823,0.3938223938223938,0.6338378869415464,0.7025590431718304,0.0
Bm,2027,A,0.4,random,5027,0.6987620357634112,0.6341356220866348,0.6835481170662832,0.5,0.3164556962025316,0.3875968992248062,0.6330574209199223,0.7036949961980591,0.0
Bm,2027,A,0.4,random,5028,0.7001375515818432,0.6365550237874397,0.6854153376290979,0.504950495049505,0.3227848101265823,0.3938223938223938,0.6334733072148954,0.7026132174173182,0.0
Bm,2027,A,0.5,random,5026,0.7001375515818432,0.6365550237874397,0.6854153376290979,0.504950495049505,0.3227848101265823,0.3938223938223938,0.6339299294948988,0.7021877056643596,0.0
Bm,2027,A,0.5,random,5027,0.6987620357634112,0.6341356220866348,0.6835481170662832,0.5,0.3164556962025316,0.3875968992248062,0.6330767532271352,0.703421738671682,0.0
Bm,2027,A,0.5,random,5028,0.7001375515818432,0.6365550237874397,0.6854153376290979,0.504950495049505,0.3227848101265823,0.3938223938223938,0.6334073475348846,0.7023960267282398,0.0
Bm,2027,V,0.1,random,5026,0.6946354883081155,0.626253098571012,0.677675870167192,0.4895833333333333,0.2974683544303797,0.3700787401574803,0.6351729317310751,0.7032986097469519,0.0
Bm,2027,V,0.1,random,5027,0.6946354883081155,0.626253098571012,0.677675870167192,0.4895833333333333,0.2974683544303797,0.3700787401574803,0.6360176900885948,0.7026785974898813,0.0
Bm,2027,V,0.1,random,5028,0.6960110041265475,0.6289422778005247,0.6795421421695503,0.4948453608247423,0.3037974683544304,0.3764705882352941,0.635403651421303,0.703278636107067,0.0
Bm,2027,V,0.2,random,5026,0.6960110041265475,0.6289422778005247,0.6795421421695503,0.4948453608247423,0.3037974683544304,0.3764705882352941,0.6343345905700786,0.703044739894597,0.0
Bm,2027,V,0.2,random,5027,0.6960110041265475,0.6289422778005247,0.6795421421695503,0.4948453608247423,0.3037974683544304,0.3764705882352941,0.6355095871860515,0.70235256850671,0.0
Bm,2027,V,0.2,random,5028,0.6960110041265475,0.6289422778005247,0.6795421421695503,0.4948453608247423,0.3037974683544304,0.3764705882352941,0.634956635675348,0.7030837992229948,0.0
Bm,2027,V,0.3,start,5026,0.6960110041265475,0.6290132428940569,0.6797018782721816,0.4897959183673469,0.3037974683544304,0.375,0.6337469249032973,0.7030744904654674,0.0
Bm,2027,V,0.3,middle,5026,0.6960110041265475,0.6317795373564862,0.6810782977586773,0.495049504950495,0.3164556962025316,0.3861003861003861,0.6345847759653864,0.7022247510508535,0.0
Bm,2027,V,0.3,end,5026,0.6960110041265475,0.6290132428940569,0.6797018782721816,0.4897959183673469,0.3037974683544304,0.375,0.6331241839578683,0.7024952536729487,0.0
Bm,2027,V,0.3,random,5026,0.6946354883081155,0.629352199521151,0.6792076207054194,0.49,0.310126582278481,0.3798449612403101,0.6340270177630841,0.7025405092881906,0.0
Bm,2027,V,0.3,random,5027,0.6946354883081155,0.6294244997391373,0.6793682273018488,0.4851485148514851,0.310126582278481,0.3783783783783784,0.6349224532801204,0.7020621491758188,0.0
Bm,2027,V,0.3,random,5028,0.6946354883081155,0.629352199521151,0.6792076207054194,0.49,0.310126582278481,0.3798449612403101,0.63474335733312,0.702645765681575,0.0
Bm,2027,V,0.4,random,5026,0.6932599724896836,0.6283329344334434,0.6780965629593172,0.4851485148514851,0.310126582278481,0.3783783783783784,0.6345343576584603,0.7013611078294144,0.0
Bm,2027,V,0.4,random,5027,0.6946354883081155,0.6310456676046132,0.680092713550354,0.4854368932038835,0.3164556962025316,0.3831417624521073,0.6348677956696976,0.7010682675198406,0.0
Bm,2027,V,0.4,random,5028,0.6960110041265475,0.6333781182599999,0.6817873207981507,0.4951456310679611,0.3227848101265823,0.3908045977011494,0.6343482462545058,0.7015119686822235,0.0
Bm,2027,V,0.5,random,5026,0.6960110041265475,0.6333781182599999,0.6817873207981507,0.4951456310679611,0.3227848101265823,0.3908045977011494,0.6332279181974404,0.7011454232011777,0.0
Bm,2027,V,0.5,random,5027,0.6973865199449794,0.635828964172427,0.683787869110138,0.4952380952380952,0.3291139240506329,0.3954372623574144,0.6333511981064479,0.7009020751333644,0.0
Bm,2027,V,0.5,random,5028,0.6973865199449794,0.6357682877071574,0.6836343121516671,0.5,0.3291139240506329,0.3969465648854962,0.6329060707371218,0.7013027423425567,0.0
Bm,2027,TA,0.3,start,5026,0.6781292984869326,0.622758970462401,0.6671916913830642,0.509090909090909,0.3544303797468354,0.417910447761194,0.6415550462178545,0.669669574421715,0.0
Bm,2027,TA,0.3,middle,5026,0.656121045392022,0.6050200001773852,0.6498583437937511,0.4233576642335766,0.3670886075949367,0.3932203389830508,0.6649133979616486,0.6269292399102719,0.0
Bm,2027,TA,0.3,end,5026,0.6588720770288858,0.598653540974468,0.6457817325840023,0.4761904761904761,0.3164556962025316,0.3802281368821292,0.6701436589729067,0.6131339696553694,0.0
Bm,2027,TA,0.3,random,5026,0.6795048143053645,0.6219069430056163,0.6686484634579047,0.4873949579831932,0.3670886075949367,0.4187725631768953,0.6583830331169824,0.6293369427520522,0.0
Bm,2027,TA,0.3,random,5027,0.6547455295735901,0.593195169683252,0.6436637301548195,0.4117647058823529,0.310126582278481,0.3537906137184115,0.6660914390922343,0.6345855801242926,0.0
Bm,2027,TA,0.3,random,5028,0.6478679504814305,0.5817254242582944,0.6330528993302061,0.4466019417475728,0.2911392405063291,0.3524904214559387,0.6769803361518839,0.6248779744722947,0.0
Bm,2027,TV,0.3,start,5026,0.6781292984869326,0.6215039351812308,0.6665450074384887,0.5092592592592593,0.3481012658227848,0.4135338345864661,0.6402219505513028,0.6695406439280559,0.0
Bm,2027,TV,0.3,middle,5026,0.6547455295735901,0.6041668329524555,0.6489596718731753,0.4172661870503597,0.3670886075949367,0.3905723905723905,0.6644625436278577,0.6255672052817269,0.0
Bm,2027,TV,0.3,end,5026,0.6616231086657497,0.6050543024227234,0.6498795130880847,0.4907407407407407,0.3354430379746835,0.3984962406015037,0.6710630764222378,0.6098255757162798,0.0
Bm,2027,TV,0.3,random,5026,0.6781292984869326,0.6200099810769056,0.6665763724327987,0.4913793103448275,0.360759493670886,0.4160583941605839,0.6581970208578676,0.6279832206824781,0.0
Bm,2027,TV,0.3,random,5027,0.656121045392022,0.594968698686371,0.6457173306523197,0.4098360655737705,0.3164556962025316,0.3571428571428571,0.6659129189572249,0.6321003811235943,0.0
Bm,2027,TV,0.3,random,5028,0.6464924346629987,0.5812343186723113,0.6324206998033084,0.4339622641509434,0.2911392405063291,0.3484848484848485,0.6754189483559732,0.6249097456028004,0.0
Bm,2027,AV,0.3,start,5026,0.6973865199449794,0.6317009712084863,0.6816717117288811,0.494949494949495,0.310126582278481,0.3813229571984435,0.6324132190456171,0.7029248863002818,0.0
Bm,2027,AV,0.3,middle,5026,0.7001375515818432,0.6379185176234582,0.6861487163414023,0.5048543689320388,0.3291139240506329,0.3984674329501915,0.6324251580348,0.7017183883649115,0.0
Bm,2027,AV,0.3,end,5026,0.6987620357634112,0.6352261402795288,0.6840600325580375,0.504950495049505,0.3227848101265823,0.3938223938223938,0.6304458010543873,0.7029979733911381,0.0
Bm,2027,AV,0.3,random,5026,0.7015130674002751,0.6401358369796678,0.6881773722193819,0.5047619047619047,0.3354430379746835,0.403041825095057,0.6299913993497294,0.7035723899267152,0.0
Bm,2027,AV,0.3,random,5027,0.6973865199449794,0.6341917326165607,0.682939857024359,0.5,0.3227848101265823,0.3923076923076923,0.6321597709900055,0.7024663831090776,0.0
Bm,2027,AV,0.3,random,5028,0.6987620357634112,0.6365889731954293,0.6847924239811422,0.5048543689320388,0.3291139240506329,0.3984674329501915,0.6324390450788959,0.7021053873605444,0.0
Bm,2027,TAV,0.3,start,5026,0.6795048143053645,0.6248552717897959,0.6690159390410625,0.5135135135135135,0.360759493670886,0.4237918215613382,0.6408890543551667,0.6690243250438768,0.0
Bm,2027,TAV,0.3,middle,5026,0.6519944979367263,0.6033335153869461,0.6473068009979541,0.4125874125874126,0.3734177215189873,0.3920265780730897,0.6668049562729059,0.6242135145447851,0.0
Bm,2027,TAV,0.3,end,5026,0.6643741403026134,0.6087906235328393,0.6531860156277227,0.4909090909090909,0.3417721518987341,0.4029850746268656,0.6705651898391517,0.6119810475747717,0.0
Bm,2027,TAV,0.3,random,5026,0.6795048143053645,0.6218027306064077,0.6689744147473479,0.4793388429752066,0.3670886075949367,0.4157706093189964,0.6573203448721914,0.6296517529498019,0.0
Bm,2027,TAV,0.3,random,5027,0.6547455295735901,0.5966915411951761,0.6457502391386918,0.4126984126984127,0.3291139240506329,0.3661971830985915,0.6666999523546391,0.6319182055914089,0.0
Bm,2027,TAV,0.3,random,5028,0.6451169188445667,0.5815507367411197,0.6322588020146768,0.4272727272727272,0.2974683544303797,0.3507462686567164,0.6756874491586373,0.6235198649896462,0.0
Bm,2028,none,0.0,none,0,0.7180192572214581,0.6668737352894999,0.7087128229969594,0.5614035087719298,0.4050632911392405,0.4705882352941176,0.5902889051853611,0.710916004852228,0.0
Bm,2028,T,0.1,random,5026,0.7111416781292985,0.660375840606903,0.7014114023151331,0.5575221238938053,0.3987341772151899,0.4649446494464944,0.6026279806669085,0.6969737722717717,0.0
Bm,2028,T,0.1,random,5027,0.6932599724896836,0.6367123549879963,0.682611861781022,0.4956521739130435,0.360759493670886,0.4175824175824176,0.6077336884408395,0.6813741137376157,0.0
Bm,2028,T,0.1,random,5028,0.7001375515818432,0.6571903595381835,0.695288087574747,0.5259259259259259,0.4493670886075949,0.4846416382252559,0.6048472364650143,0.6928095119239889,0.0
Bm,2028,T,0.2,random,5026,0.6973865199449794,0.6453988178643998,0.6891173688267028,0.5241935483870968,0.4113924050632911,0.4609929078014184,0.6301128942713518,0.6555524099299648,0.0
Bm,2028,T,0.2,random,5027,0.6850068775790922,0.6284850601721018,0.674424875797163,0.4786324786324786,0.3544303797468354,0.4072727272727273,0.6251187255792553,0.6682826378332687,0.0
Bm,2028,T,0.2,random,5028,0.6781292984869326,0.629915565278707,0.6708770331534653,0.5,0.3987341772151899,0.4436619718309859,0.6351737611038906,0.6617603278942867,0.0
Bm,2028,T,0.3,start,5026,0.6685006877579092,0.6131923714331823,0.6608184555745079,0.4296875,0.3481012658227848,0.3846153846153846,0.6419149560612256,0.6667482163610285,0.0
Bm,2028,T,0.3,middle,5026,0.6685006877579092,0.6173081706392183,0.6619644181192176,0.4592592592592592,0.3924050632911392,0.4232081911262799,0.6459373137074558,0.648500035643832,0.0
Bm,2028,T,0.3,end,5026,0.6464924346629987,0.5994710996239229,0.6417219733020152,0.4326241134751773,0.3860759493670886,0.4080267558528428,0.6778642830504036,0.6112000567175856,0.0
Bm,2028,T,0.3,random,5026,0.686382393397524,0.636548609488898,0.6797908373606715,0.5075757575757576,0.4240506329113924,0.4620689655172413,0.6426335274292152,0.6381319510196171,0.0
Bm,2028,T,0.3,random,5027,0.6657496561210454,0.6211448610869501,0.6629383330193469,0.4466666666666666,0.4240506329113924,0.435064935064935,0.6514147262683571,0.6429041090792937,0.0
Bm,2028,T,0.3,random,5028,0.6547455295735901,0.6061063451671204,0.6483521421606264,0.4503816793893129,0.3734177215189873,0.4083044982698962,0.6614031839745352,0.6395237103413043,0.0
Bm,2028,T,0.4,random,5026,0.6451169188445667,0.5920711915557276,0.6380067584055162,0.4420289855072464,0.3860759493670886,0.4121621621621621,0.6860409353428661,0.5913995692700457,0.0
Bm,2028,T,0.4,random,5027,0.6299862448418156,0.5804874503467007,0.625137517442887,0.4055944055944055,0.3670886075949367,0.3853820598006645,0.6955210505844437,0.587110172239938,0.0
Bm,2028,T,0.4,random,5028,0.6423658872077029,0.6001567024964441,0.6385930081326038,0.4513888888888889,0.4113924050632911,0.4304635761589404,0.6912237110315642,0.593024806456749,0.0
Bm,2028,T,0.5,random,5026,0.6396148555708391,0.5885479012607083,0.6341475860949455,0.4342105263157895,0.4177215189873418,0.4258064516129032,0.7127196501115912,0.5525339336979492,0.0
Bm,2028,T,0.5,random,5027,0.6148555708390646,0.5713914025122554,0.614372846631511,0.3780487804878049,0.3924050632911392,0.3850931677018633,0.715532089362285,0.5614983300860893,0.0
Bm,2028,T,0.5,random,5028,0.6313617606602476,0.586294001326681,0.630419815979597,0.3855421686746988,0.4050632911392405,0.3950617283950617,0.7074446115845192,0.5825623029159575,0.0
Bm,2028,A,0.1,random,5026,0.7166437414030261,0.6657765846891696,0.7074361736522221,0.5614035087719298,0.4050632911392405,0.4705882352941176,0.5910643029898662,0.7105494088681027,0.0
Bm,2028,A,0.1,random,5027,0.7180192572214581,0.6668737352894999,0.7087128229969594,0.5614035087719298,0.4050632911392405,0.4705882352941176,0.5907769765393366,0.7108988222347058,0.0
Bm,2028,A,0.1,random,5028,0.7180192572214581,0.6668737352894999,0.7087128229969594,0.5614035087719298,0.4050632911392405,0.4705882352941176,0.5903792187873643,0.7111495593903111,0.0
Bm,2028,A,0.2,random,5026,0.7166437414030261,0.666886678559679,0.7080100949390034,0.5603448275862069,0.4113924050632911,0.4744525547445255,0.5922005989427176,0.7102038248640683,0.0
Bm,2028,A,0.2,random,5027,0.7180192572214581,0.6668737352894999,0.7087128229969594,0.5614035087719298,0.4050632911392405,0.4705882352941176,0.591446115245235,0.7108616595797961,0.0
Bm,2028,A,0.2,random,5028,0.71939477303989,0.6690957576015476,0.7104600844660468,0.5652173913043478,0.4113924050632911,0.4761904761904761,0.5907788173342747,0.7112083558723087,0.0
Bm,2028,A,0.3,start,5026,0.7166437414030261,0.666886678559679,0.7080100949390034,0.5603448275862069,0.4113924050632911,0.4744525547445255,0.5912595507707826,0.710714463257492,0.0
Bm,2028,A,0.3,middle,5026,0.7180192572214581,0.6679854774183216,0.7092892064687849,0.5603448275862069,0.4113924050632911,0.4744525547445255,0.5919666282436464,0.7105384408515223,0.0
Bm,2028,A,0.3,end,5026,0.7180192572214581,0.6668737352894999,0.7087128229969594,0.5614035087719298,0.4050632911392405,0.4705882352941176,0.5919363435820267,0.7107097020567278,0.0
Bm,2028,A,0.3,random,5026,0.7152682255845942,0.6646698455209094,0.7062666132875973,0.5565217391304348,0.4050632911392405,0.4688644688644688,0.5928276151333718,0.7100752460771544,0.0
Bm,2028,A,0.3,random,5027,0.71939477303989,0.6690957576015476,0.7104600844660468,0.5652173913043478,0.4113924050632911,0.4761904761904761,0.5920039150307166,0.7107157827869309,0.0
Bm,2028,A,0.3,random,5028,0.71939477303989,0.6690957576015476,0.7104600844660468,0.5652173913043478,0.4113924050632911,0.4761904761904761,0.5910864022356521,0.7112261066546727,0.0
Bm,2028,A,0.4,random,5026,0.7138927097661623,0.6624402567981195,0.704515606816348,0.5526315789473685,0.3987341772151899,0.4632352941176471,0.5937439908053295,0.7099698300914579,0.0
Bm,2028,A,0.4,random,5027,0.7180192572214581,0.6670891307342609,0.7086706006280113,0.5614035087719298,0.4050632911392405,0.4705882352941176,0.5926788655635574,0.7108623964173663,0.0
Bm,2028,A,0.4,random,5028,0.7166437414030261,0.6646388706877723,0.706957979194262,0.5575221238938053,0.3987341772151899,0.4649446494464944,0.5918857210998889,0.7110710348230078,0.0
Bm,2028,A,0.5,random,5026,0.7138927097661623,0.6624402567981195,0.704515606816348,0.5526315789473685,0.3987341772151899,0.4632352941176471,0.5939575223805171,0.7099278536281156,0.0
Bm,2028,A,0.5,random,5027,0.7166437414030261,0.6659840379455981,0.7075034996419874,0.5565217391304348,0.4050632911392405,0.4688644688644688,0.5932296567802744,0.710817322658556,0.0
Bm,2028,A,0.5,random,5028,0.7180192572214581,0.6670891307342609,0.7086706006280113,0.5614035087719298,0.4050632911392405,0.4705882352941176,0.5927149226396987,0.7108576530633006,0.0
Bm,2028,V,0.1,random,5026,0.7207702888583218,0.6713050922653476,0.7121998675815492,0.5689655172413793,0.4177215189873418,0.4817518248175182,0.5900078331029999,0.710891206843463,0.0
Bm,2028,V,0.1,random,5027,0.7152682255845942,0.6646658625712957,0.7063785453560205,0.5517241379310345,0.4050632911392405,0.4671532846715328,0.5910418509589284,0.7101090179693155,0.0
Bm,2028,V,0.1,random,5028,0.7166437414030261,0.6657684076606517,0.7075453712042761,0.5565217391304348,0.4050632911392405,0.4688644688644688,0.5904200200918198,0.7105241322476452,0.0
Bm,2028,V,0.2,random,5026,0.7180192572214581,0.6690776107273466,0.7098520132778358,0.559322033898305,0.4177215189873418,0.4782608695652174,0.5909141169238369,0.7103438167517674,0.0
Bm,2028,V,0.2,random,5027,0.7166437414030261,0.6692592649854329,0.7090701132280248,0.5583333333333333,0.4240506329113924,0.4820143884892086,0.5912187914234124,0.7093178850731402,0.0
Bm,2028,V,0.2,random,5028,0.7207702888583218,0.6736519602633023,0.7132492412297444,0.5666666666666667,0.430379746835443,0.4892086330935252,0.5896672848983574,0.7103300021048897,0.0
Bm,2028,V,0.3,start,5026,0.7166437414030261,0.6698477982346351,0.7096673804227752,0.5528455284552846,0.430379746835443,0.4839857651245551,0.590827956103926,0.7102758504937998,0.0
Bm,2028,V,0.3,middle,5026,0.7166437414030261,0.6708824918639883,0.7101897209520277,0.552,0.4367088607594936,0.4876325088339223,0.5920724057354713,0.7089788532974843,0.0
Bm,2028,V,0.3,end,5026,0.7152682255845942,0.668146474619881,0.7078926033121422,0.5537190082644629,0.4240506329113924,0.4802867383512544,0.5916084683339354,0.709492732752823,0.0
Bm,2028,V,0.3,random,5026,0.7138927097661623,0.6665828602700445,0.7067873730855374,0.5447154471544715,0.4240506329113924,0.4768683274021352,0.5925085717796807,0.7094733961229015,0.0
Bm,2028,V,0.3,random,5027,0.7166437414030261,0.6711247744674308,0.7102803563464956,0.552,0.4367088607594936,0.4876325088339223,0.590257918928459,0.709304359230715,0.0
Bm,2028,V,0.3,random,5028,0.7166437414030261,0.6700880322321251,0.7098725652817613,0.5483870967741935,0.430379746835443,0.4822695035460992,0.5906151513603646,0.7097304546348847,0.0
Bm,2028,V,0.4,random,5026,0.71939477303989,0.6753481585050545,0.7135174296340021,0.5590551181102362,0.4493670886075949,0.4982456140350877,0.5916979784809535,0.7091802009811627,0.0
Bm,2028,V,0.4,random,5027,0.7207702888583218,0.6782146583202922,0.7157235557622059,0.5615384615384615,0.4620253164556962,0.5069444444444444,0.5897682497631426,0.7087656542956796,0.0
Bm,2028,V,0.4,random,5028,0.7207702888583218,0.6772310028475265,0.7153488925256367,0.5581395348837209,0.4556962025316455,0.5017421602787456,0.5902005238215114,0.7089659539373282,0.0
Bm,2028,V,0.5,random,5026,0.7180192572214581,0.6747529200359389,0.7127748714393234,0.5538461538461539,0.4556962025316455,0.5,0.5931765668406734,0.7082542204580207,0.0
Bm,2028,V,0.5,random,5027,0.71939477303989,0.6766211234005638,0.7145980084106035,0.553030303030303,0.4620253164556962,0.503448275862069,0.5913525925429856,0.7080737960828344,0.0
Bm,2028,V,0.5,random,5028,0.71939477303989,0.6756513926325246,0.7141170189494914,0.5538461538461539,0.4556962025316455,0.5,0.591102441861211,0.7083101906796847,0.0
Bm,2028,TA,0.3,start,5026,0.6781292984869326,0.6268513964037821,0.671034484358449,0.4724409448818897,0.379746835443038,0.4210526315789473,0.6407742487187235,0.6663746580105918,0.0
Bm,2028,TA,0.3,middle,5026,0.6492434662998624,0.6039456939018891,0.64589661865099,0.4324324324324324,0.4050632911392405,0.4183006535947712,0.6647980003585677,0.6185501476634401,0.0
Bm,2028,TA,0.3,end,5026,0.657496561210454,0.6126388149095084,0.6528563850315002,0.4571428571428571,0.4050632911392405,0.4295302013422818,0.6700116086115823,0.6195901043474232,0.0
Bm,2028,TA,0.3,random,5026,0.6740027510316369,0.6249950411455557,0.6682168969161156,0.4748201438848921,0.4177215189873418,0.4444444444444444,0.6581724215928538,0.6219077591544395,0.0
Bm,2028,TA,0.3,random,5027,0.6616231086657497,0.6179400436618496,0.6589193427715533,0.436241610738255,0.4113924050632911,0.4234527687296417,0.6613123917650271,0.6360665669322604,0.0
Bm,2028,TA,0.3,random,5028,0.6368638239339752,0.5806196991510979,0.6274341940521168,0.4333333333333333,0.3291139240506329,0.3741007194244604,0.6731088059435847,0.6278615775931897,0.0
Bm,2028,TV,0.3,start,5026,0.6781292984869326,0.6291890475435667,0.6723139723986264,0.4732824427480916,0.3924050632911392,0.4290657439446367,0.6396344829321037,0.665161393638793,0.0
Bm,2028,TV,0.3,middle,5026,0.6519944979367263,0.6093410597839789,0.6500930829400579,0.435064935064935,0.4240506329113924,0.4294871794871794,0.6645131999354101,0.6176244417486169,0.0
Bm,2028,TV,0.3,end,5026,0.6602475928473177,0.6208606525376746,0.658229259386148,0.4605263157894737,0.4430379746835443,0.4516129032258064,0.671103558095387,0.6173612747507148,0.0
Bm,2028,TV,0.3,random,5026,0.671251719394773,0.621355677933704,0.6658395393623242,0.4647887323943662,0.4177215189873418,0.44,0.6570884125339346,0.6219549268510044,0.0
Bm,2028,TV,0.3,random,5027,0.6616231086657497,0.6202635551796473,0.6599709633794627,0.4379084967320261,0.4240506329113924,0.4308681672025723,0.6625943540056569,0.6338182308338502,0.0
Bm,2028,TV,0.3,random,5028,0.6327372764786795,0.579530499771752,0.6254536267777393,0.4108527131782946,0.3354430379746835,0.3693379790940767,0.6733833249155756,0.6252153674440208,0.0
Bm,2028,AV,0.3,start,5026,0.7138927097661623,0.6665824892074151,0.7066722666382359,0.5491803278688525,0.4240506329113924,0.4785714285714286,0.5919190367435245,0.7101344736801442,0.0
Bm,2028,AV,0.3,middle,5026,0.7152682255845942,0.6697713160684536,0.7090116388678314,0.5476190476190477,0.4367088607594936,0.4859154929577465,0.5938513651791258,0.7082892787557484,0.0
Bm,2028,AV,0.3,end,5026,0.7125171939477304,0.6654808397090278,0.7056156732891214,0.5403225806451613,0.4240506329113924,0.475177304964539,0.5936308001966166,0.7089254860915749,0.0
Bm,2028,AV,0.3,random,5026,0.7125171939477304,0.6665238132907192,0.7060251052819687,0.544,0.430379746835443,0.4805653710247349,0.5948235192079723,0.7084386640010886,0.0
Bm,2028,AV,0.3,random,5027,0.7152682255845942,0.6697713160684536,0.7090116388678314,0.5476190476190477,0.4367088607594936,0.4859154929577465,0.593104553453117,0.7082239831795983,0.0
Bm,2028,AV,0.3,random,5028,0.7152682255845942,0.6687385609520322,0.7084919824490452,0.5483870967741935,0.430379746835443,0.4822695035460992,0.5919032146746839,0.7093357078443746,0.0
Bm,2028,TAV,0.3,start,5026,0.6753782668500687,0.6271551756911752,0.6701639600827946,0.4626865671641791,0.3924050632911392,0.4246575342465753,0.6410298749418365,0.6650103717702937,0.0
Bm,2028,TAV,0.3,middle,5026,0.6478679504814305,0.6070315916202418,0.6467652459642893,0.430379746835443,0.430379746835443,0.430379746835443,0.6665245478753943,0.6162410679108632,0.0
Bm,2028,TAV,0.3,end,5026,0.657496561210454,0.617816459854115,0.6554921696721348,0.4539473684210526,0.4367088607594936,0.4451612903225806,0.6721775158980252,0.6173519165740402,0.0
Bm,2028,TAV,0.3,random,5026,0.6698762035763411,0.6231699725273504,0.6662332937184683,0.4630872483221476,0.4367088607594936,0.4495114006514658,0.657155803049856,0.6214094742441076,0.0
Bm,2028,TAV,0.3,random,5027,0.6533700137551581,0.6106563282361629,0.6517206508500557,0.422077922077922,0.4113924050632911,0.4166666666666667,0.6646232297733693,0.6320061836825375,0.0
Bm,2028,TAV,0.3,random,5028,0.6354883081155434,0.5846960565044684,0.6291415743868269,0.4242424242424242,0.3544303797468354,0.3862068965517241,0.6723188982794067,0.6255055846158131,0.0
Bm,2029,none,0.0,none,0,0.6960110041265475,0.6256931491076569,0.678139055384111,0.5108695652173914,0.2974683544303797,0.376,0.5916899844165857,0.7121171800279842,0.0
Bm,2029,T,0.1,random,5026,0.6987620357634112,0.635562152927378,0.6851744617748639,0.5,0.3354430379746835,0.4015151515151515,0.5963833535017931,0.7013923558457735,0.0
Bm,2029,T,0.1,random,5027,0.6932599724896836,0.6322633858991863,0.679808881476612,0.5096153846153846,0.3354430379746835,0.4045801526717557,0.6082534795166147,0.6819160078723703,0.0
Bm,2029,T,0.1,random,5028,0.6946354883081155,0.6385865424426025,0.6831806874471247,0.5471698113207547,0.3670886075949367,0.4393939393939394,0.6036099630930774,0.6991618544473005,0.0
Bm,2029,T,0.2,random,5026,0.6850068775790922,0.6258027576815037,0.6737090010351097,0.4912280701754385,0.3544303797468354,0.4117647058823529,0.6265130428986677,0.667492400539608,0.0
Bm,2029,T,0.2,random,5027,0.6753782668500687,0.6147318654634151,0.6627664061891534,0.4770642201834862,0.3291139240506329,0.3895131086142322,0.6318849129156834,0.6625799948722164,0.0
Bm,2029,T,0.2,random,5028,0.6850068775790922,0.6315097883662792,0.6741525974441265,0.5607476635514018,0.379746835443038,0.4528301886792453,0.6375139243858617,0.6626182420112173,0.0
Bm,2029,T,0.3,start,5026,0.6781292984869326,0.6193023401719054,0.6677058710681101,0.4615384615384615,0.3417721518987341,0.3927272727272727,0.6417399372855649,0.6729935901089242,0.0
Bm,2029,T,0.3,middle,5026,0.6588720770288858,0.6090028175443005,0.654065900032219,0.4388489208633093,0.3860759493670886,0.4107744107744108,0.6543086639184743,0.6477079062542243,0.0
Bm,2029,T,0.3,end,5026,0.6533700137551581,0.5920479418684744,0.6421986358766346,0.4347826086956521,0.3164556962025316,0.3663003663003663,0.6781231555402162,0.6180518118419327,0.0
Bm,2029,T,0.3,random,5026,0.6781292984869326,0.6192377054393327,0.6680915263062887,0.4789915966386555,0.360759493670886,0.4115523465703971,0.6458680073569026,0.6537461477669256,0.0
Bm,2029,T,0.3,random,5027,0.6588720770288858,0.6102922372448284,0.6532793455096982,0.4558823529411764,0.3924050632911392,0.4217687074829932,0.6562119899151085,0.640189621148136,0.0
Bm,2029,T,0.3,random,5028,0.6602475928473177,0.6033630944853344,0.6504543878057011,0.4745762711864407,0.3544303797468354,0.4057971014492754,0.6652564924844965,0.641017155616668,0.0
Bm,2029,T,0.4,random,5026,0.6464924346629987,0.5890517332766735,0.6382990186384868,0.4104477611940298,0.3481012658227848,0.3767123287671233,0.6855919847739945,0.6074255254220228,0.0
Bm,2029,T,0.4,random,5027,0.6327372764786795,0.5793126250402977,0.6256900908819741,0.3955223880597014,0.3354430379746835,0.363013698630137,0.6947678113358912,0.5908399890365907,0.0
Bm,2029,T,0.4,random,5028,0.6368638239339752,0.5855407101443361,0.6300024760332398,0.4318181818181818,0.360759493670886,0.3931034482758621,0.6929541817880032,0.6052552811182426,0.0
Bm,2029,T,0.5,random,5026,0.624484181568088,0.5699749759846852,0.6181194669796966,0.3986013986013986,0.360759493670886,0.3787375415282392,0.7214700671385569,0.5596151746646411,0.0
Bm,2029,T,0.5,random,5027,0.6272352132049519,0.5856875946273852,0.6266855838878227,0.3975155279503105,0.4050632911392405,0.4012539184952978,0.7165547731506063,0.5612808036137239,0.0
Bm,2029,T,0.5,random,5028,0.6258596973865199,0.5736940384031719,0.6203618150920951,0.3888888888888889,0.3544303797468354,0.3708609271523179,0.7151140122125907,0.5878695292230007,0.0
Bm,2029,A,0.1,random,5026,0.6960110041265475,0.6271645021645021,0.6789473135759243,0.5106382978723404,0.3037974683544304,0.3809523809523809,0.5915307575872228,0.7119481877901574,0.0
Bm,2029,A,0.1,random,5027,0.6946354883081155,0.6246718702363051,0.6770338074765594,0.5053763440860215,0.2974683544303797,0.3745019920318725,0.5925434960303038,0.7113276504625629,0.0
Bm,2029,A,0.1,random,5028,0.6960110041265475,0.6273698214799807,0.6789036268234887,0.5106382978723404,0.3037974683544304,0.3809523809523809,0.5926091661471378,0.7111019080454433,0.0
Bm,2029,A,0.2,random,5026,0.6932599724896836,0.6251161964129484,0.6767292440619957,0.5,0.3037974683544304,0.3779527559055118,0.5926514908381443,0.7111125517587231,0.0
Bm,2029,A,0.2,random,5027,0.6932599724896836,0.6236531986531987,0.6759291182606176,0.5,0.2974683544303797,0.373015873015873,0.5932179495392068,0.7109363296258395,0.0
Bm,2029,A,0.2,random,5028,0.6932599724896836,0.6248466299006493,0.676615794385892,0.5,0.3037974683544304,0.3779527559055118,0.5937681163979744,0.7099582480056457,0.0
Bm,2029,A,0.3,start,5026,0.6973865199449794,0.6285022498574785,0.6803096507021971,0.5106382978723404,0.3037974683544304,0.3809523809523809,0.5917796603787345,0.7114121931670893,0.0
Bm,2029,A,0.3,middle,5026,0.6946354883081155,0.6273092202778633,0.6785095156436345,0.5051546391752577,0.310126582278481,0.3843137254901961,0.5944049119314266,0.7091375697513499,0.0
Bm,2029,A,0.3,end,5026,0.6946354883081155,0.6273092202778633,0.6785095156436345,0.5051546391752577,0.310126582278481,0.3843137254901961,0.5945925069565825,0.709493845843352,0.0
Bm,2029,A,0.3,random,5026,0.6960110041265475,0.6286089238845144,0.6797372259347911,0.5104166666666666,0.310126582278481,0.3858267716535433,0.5922816356443772,0.7110585115680904,0.0
Bm,2029,A,0.3,random,5027,0.6905089408528198,0.6211505259983036,0.6736537304956505,0.4895833333333333,0.2974683544303797,0.3700787401574803,0.5946008750577328,0.7098638448733217,0.0
Bm,2029,A,0.3,random,5028,0.6932599724896836,0.6248466299006493,0.676615794385892,0.5,0.3037974683544304,0.3779527559055118,0.5946418338556043,0.7091398554732496,0.0
Bm,2029,A,0.4,random,5026,0.6946354883081155,0.6271056063570053,0.6785550788610921,0.5051546391752577,0.310126582278481,0.3843137254901961,0.5931852469838549,0.7097313737421692,0.0
Bm,2029,A,0.4,random,5027,0.6918844566712518,0.6226973164082029,0.6749749916298287,0.4895833333333333,0.2974683544303797,0.3700787401574803,0.5946543980075767,0.709676967936249,0.0
Bm,2029,A,0.4,random,5028,0.6946354883081155,0.6273092202778633,0.6785095156436345,0.5051546391752577,0.310126582278481,0.3843137254901961,0.5946959298509826,0.7086557803576045,0.0
Bm,2029,A,0.5,random,5026,0.6946354883081155,0.6271519702842377,0.6786958657219325,0.5,0.310126582278481,0.3828125,0.5940051587625715,0.708891175010667,0.0
Bm,2029,A,0.5,random,5027,0.6946354883081155,0.6276807096142413,0.6789120244720607,0.494949494949495,0.310126582278481,0.3813229571984435,0.5943531429867577,0.7094858372187245,0.0
Bm,2029,A,0.5,random,5028,0.6960110041265475,0.628813586984914,0.6796925589215912,0.5104166666666666,0.310126582278481,0.3858267716535433,0.594686124250577,0.7083025092880614,0.0
Bm,2029,V,0.1,random,5026,0.6932599724896836,0.6236531986531987,0.6759291182606176,0.5,0.2974683544303797,0.373015873015873,0.5929874033491225,0.7111974957125474,0.0
Bm,2029,V,0.1,random,5027,0.6932599724896836,0.6236531986531987,0.6759291182606176,0.5,0.2974683544303797,0.373015873015873,0.5931432359624732,0.7108636816875451,0.0
Bm,2029,V,0.1,random,5028,0.6932599724896836,0.6235040088223217,0.6761199731928648,0.4947368421052631,0.2974683544303797,0.3715415019762846,0.5926946121084365,0.7111455703118265,0.0
Bm,2029,V,0.2,random,5026,0.6932599724896836,0.6239734664016406,0.6761852497091897,0.4947368421052631,0.2974683544303797,0.3715415019762846,0.5931323123330057,0.7110102205364229,0.0
Bm,2029,V,0.2,random,5027,0.6946354883081155,0.6264534726005616,0.6780908768487577,0.5,0.3037974683544304,0.3779527559055118,0.5926375455883091,0.7106371101287611,0.0
Bm,2029,V,0.2,random,5028,0.6932599724896836,0.6238288006845512,0.6763796052006298,0.4895833333333333,0.2974683544303797,0.3700787401574803,0.5927667134960586,0.7110312383454074,0.0
Bm,2029,V,0.3,start,5026,0.6932599724896836,0.6235040088223217,0.6761199731928648,0.4947368421052631,0.2974683544303797,0.3715415019762846,0.5924588103433639,0.7112870701812704,0.0
Bm,2029,V,0.3,middle,5026,0.6932599724896836,0.6252862936295894,0.6771758917624419,0.4897959183673469,0.3037974683544304,0.375,0.5937320493418214,0.710006832370598,0.0
Bm,2029,V,0.3,end,5026,0.6918844566712518,0.6229596133746859,0.6750812043498543,0.4895833333333333,0.2974683544303797,0.3700787401574803,0.5935743463637205,0.7103266139195972,0.0
Bm,2029,V,0.3,random,5026,0.6905089408528198,0.6219482104996156,0.6739775997691111,0.4845360824742268,0.2974683544303797,0.3686274509803922,0.5938961325533901,0.7103883577621862,0.0
Bm,2029,V,0.3,random,5027,0.6946354883081155,0.6264534726005616,0.6780908768487577,0.5,0.3037974683544304,0.3779527559055118,0.592829998678969,0.7101824765002531,0.0
Bm,2029,V,0.3,random,5028,0.6905089408528198,0.6218106672679337,0.6741761940612614,0.4795918367346938,0.2974683544303797,0.3671875,0.5937673275869695,0.7100888318187231,0.0
Bm,2029,V,0.4,random,5026,0.6905089408528198,0.6233991891319638,0.6747663592799502,0.4848484848484848,0.3037974683544304,0.3735408560311284,0.5947003254981853,0.7096917073251309,0.0
Bm,2029,V,0.4,random,5027,0.6946354883081155,0.6264534726005616,0.6780908768487577,0.5,0.3037974683544304,0.3779527559055118,0.5935896411912517,0.7096868720173978,0.0
Bm,2029,V,0.4,random,5028,0.6932599724896836,0.626717394719007,0.67795416368828,0.49,0.310126582278481,0.3798449612403101,0.5938964451629679,0.709542716353754,0.0
Bm,2029,V,0.5,random,5026,0.6905089408528198,0.6256182759698228,0.6764335428015317,0.4807692307692308,0.3164556962025316,0.3816793893129771,0.595397363179195,0.708514209951379,0.0
Bm,2029,V,0.5,random,5027,0.6946354883081155,0.6300674399987917,0.6805191681444107,0.4951456310679611,0.3227848101265823,0.3908045977011494,0.5940461639110458,0.7084534839190525,0.0
Bm,2029,V,0.5,random,5028,0.6918844566712518,0.6280149402772978,0.678287053304051,0.4857142857142857,0.3227848101265823,0.3878326996197718,0.5953419914816823,0.7081023944798903,0.0
Bm,2029,TA,0.3,start,5026,0.6836313617606602,0.6268493103954097,0.6739013795714314,0.4871794871794871,0.360759493670886,0.4145454545454545,0.6422751027247366,0.6727618741884223,0.0
Bm,2029,TA,0.3,middle,5026,0.6533700137551581,0.6076636944990829,0.6499139629411816,0.4375,0.3987341772151899,0.4172185430463576,0.6695057323370308,0.6220401880717945,0.0
Bm,2029,TA,0.3,end,5026,0.6740027510316369,0.6163837867162676,0.6630372578975428,0.4821428571428571,0.3417721518987341,0.4,0.6713169813498914,0.6221443479791735,0.0
Bm,2029,TA,0.3,random,5026,0.6767537826685007,0.6202688221426166,0.6682468357892867,0.4645669291338583,0.3734177215189873,0.4140350877192982,0.6573184262724364,0.641053008540457,0.0
Bm,2029,TA,0.3,random,5027,0.6616231086657497,0.6159574656550881,0.6567525215068283,0.4452554744525547,0.3860759493670886,0.4135593220338983,0.6644626310965559,0.639442716320104,0.0
Bm,2029,TA,0.3,random,5028,0.6533700137551581,0.5992408311589897,0.6439016265086336,0.4871794871794871,0.360759493670886,0.4145454545454545,0.6788318005404557,0.6210348913845752,0.0
Bm,2029,TV,0.3,start,5026,0.6836313617606602,0.625417673503464,0.6733110519794471,0.4869565217391304,0.3544303797468354,0.4102564102564102,0.6396718967694226,0.6748533999346178,0.0
Bm,2029,TV,0.3,middle,5026,0.657496561210454,0.6124421070856599,0.6540355340693351,0.4513888888888889,0.4113924050632911,0.4304635761589404,0.6674430764275671,0.6234676610219757,0.0
Bm,2029,TV,0.3,end,5026,0.6767537826685007,0.6198620260987934,0.6662591693806859,0.4867256637168141,0.3481012658227848,0.4059040590405904,0.6703337848712357,0.6240413397377496,0.0
Bm,2029,TV,0.3,random,5026,0.672627235213205,0.6171018243482322,0.6644915670133068,0.4651162790697674,0.379746835443038,0.4181184668989547,0.6582648456625186,0.6385466579843775,0.0
Bm,2029,TV,0.3,random,5027,0.6657496561210454,0.6212937072445924,0.6608689607219824,0.4632352941176471,0.3987341772151899,0.4285714285714285,0.6630902428793393,0.640076499168102,0.0
Bm,2029,TV,0.3,random,5028,0.6519944979367263,0.5980093674245056,0.6426082111240106,0.4913793103448275,0.360759493670886,0.4160583941605839,0.67607420708652,0.6222557390010004,0.0
Bm,2029,AV,0.3,start,5026,0.6946354883081155,0.6258342493885864,0.678217782901428,0.4948453608247423,0.3037974683544304,0.3764705882352941,0.5921094924825661,0.7106067678000664,0.0
Bm,2029,AV,0.3,middle,5026,0.6932599724896836,0.6264547476814307,0.6778474280284918,0.49,0.310126582278481,0.3798449612403101,0.5959305313285694,0.7074734822303145,0.0
Bm,2029,AV,0.3,end,5026,0.6905089408528198,0.6232072378407918,0.6748194745110295,0.48,0.3037974683544304,0.3720930232558139,0.5962076914228235,0.7074727033275249,0.0
Bm,2029,AV,0.3,random,5026,0.6891334250343879,0.6204738722077169,0.6728152799875019,0.4795918367346938,0.2974683544303797,0.3671875,0.5948966124653351,0.7090905700599207,0.0
Bm,2029,AV,0.3,random,5027,0.6918844566712518,0.6238707683532653,0.6761626877237458,0.48,0.3037974683544304,0.3720930232558139,0.5943221777576333,0.7087530523657789,0.0
Bm,2029,AV,0.3,random,5028,0.6918844566712518,0.6254377639018253,0.6767397781236536,0.4851485148514851,0.310126582278481,0.3783783783783784,0.5961270369041366,0.7071357622369707,0.0
Bm,2029,TAV,0.3,start,5026,0.6822558459422283,0.6253104045534844,0.6726880870131221,0.4830508474576271,0.360759493670886,0.4130434782608695,0.6417876900650065,0.6737008801487094,0.0
Bm,2029,TAV,0.3,middle,5026,0.6533700137551581,0.6103597189743858,0.6510640636411649,0.4429530201342282,0.4177215189873418,0.4299674267100977,0.6713298569613274,0.6193702699606531,0.0
Bm,2029,TAV,0.3,end,5026,0.6767537826685007,0.6225654059150352,0.6680070616478605,0.4873949579831932,0.3670886075949367,0.4187725631768953,0.67241736971154,0.6223984578480425,0.0
Bm,2029,TAV,0.3,random,5026,0.6795048143053645,0.6261714489662,0.6728652188979386,0.4701492537313433,0.3987341772151899,0.4315068493150685,0.6574639502225791,0.6393756511884291,0.0
Bm,2029,TAV,0.3,random,5027,0.6616231086657497,0.6180248880555971,0.6576001852505593,0.45,0.3987341772151899,0.4228187919463087,0.6660079970223088,0.6363331166135368,0.0
Bm,2029,TAV,0.3,random,5028,0.6547455295735901,0.6030287683210832,0.6462960370261436,0.4957983193277311,0.3734177215189873,0.4259927797833935,0.6794571685053585,0.6186409167758544,0.0
Bm,2030,none,0.0,none,0,0.6973865199449794,0.6427069810582356,0.6878736208105689,0.5041322314049587,0.3860759493670886,0.4372759856630824,0.6045192263993331,0.7049607945633933,0.0
Bm,2030,T,0.1,random,5026,0.6973865199449794,0.6478609188112557,0.6899916154936776,0.5038759689922481,0.4113924050632911,0.4529616724738676,0.6130345927495768,0.6960305404114033,0.0
Bm,2030,T,0.1,random,5027,0.671251719394773,0.6229733105724339,0.6667362723513616,0.4335664335664335,0.3924050632911392,0.4119601328903654,0.6301763568369969,0.6689658631790413,0.0
Bm,2030,T,0.1,random,5028,0.686382393397524,0.6427015351770707,0.6814007178930689,0.5,0.4367088607594936,0.4662162162162162,0.6293954518696996,0.6817610361778079,0.0
Bm,2030,T,0.2,random,5026,0.6822558459422283,0.634235092123678,0.6770666212745851,0.4791666666666667,0.4367088607594936,0.4569536423841059,0.6468928768321729,0.6492246935229229,0.0
Bm,2030,T,0.2,random,5027,0.6629986244841816,0.613893838809291,0.6582296343998264,0.4315068493150685,0.3987341772151899,0.4144736842105263,0.6533841889487828,0.6507963784399385,0.0
Bm,2030,T,0.2,random,5028,0.6629986244841816,0.6202028880787379,0.6600208305690421,0.4527027027027027,0.4240506329113924,0.4379084967320261,0.6576779440949359,0.6530594987325741,0.0
Bm,2030,T,0.3,start,5026,0.672627235213205,0.6237629617435605,0.6673291855513707,0.4452554744525547,0.3860759493670886,0.4135593220338983,0.658417047434865,0.662777282979628,0.0
Bm,2030,T,0.3,middle,5026,0.657496561210454,0.6180767706115395,0.658695439510789,0.4228571428571429,0.4683544303797468,0.4444444444444444,0.6709425705843949,0.6365709359744612,0.0
Bm,2030,T,0.3,end,5026,0.6423658872077029,0.5946313375462833,0.6383049493888046,0.4121621621621621,0.3860759493670886,0.3986928104575163,0.6908852011865808,0.6081361364187092,0.0
Bm,2030,T,0.3,random,5026,0.6698762035763411,0.6230243911278366,0.6658293013375646,0.4569536423841059,0.4367088607594936,0.4466019417475728,0.6621689743351163,0.6331653364897624,0.0
Bm,2030,T,0.3,random,5027,0.6643741403026134,0.6248768968401386,0.6634315219528729,0.44375,0.4493670886075949,0.4465408805031446,0.670590025937457,0.6306154242789868,0.0
Bm,2030,T,0.3,random,5028,0.6616231086657497,0.6185636422530413,0.6582516087455977,0.4594594594594595,0.430379746835443,0.4444444444444444,0.6773974623522998,0.634712715951379,0.0
Bm,2030,T,0.4,random,5026,0.6506189821182944,0.6005530246367943,0.645840451201362,0.4333333333333333,0.4113924050632911,0.422077922077922,0.6906254291767586,0.5982728095570097,0.0
Bm,2030,T,0.4,random,5027,0.6107290233837689,0.5668098315690928,0.6101225678790924,0.3636363636363636,0.379746835443038,0.3715170278637771,0.7157338000743896,0.573167520097848,0.0
Bm,2030,T,0.4,random,5028,0.6299862448418156,0.5858741073910527,0.6270658833658792,0.4078947368421052,0.3924050632911392,0.4,0.7105570785385066,0.5819813347163663,0.0
Bm,2030,T,0.5,random,5026,0.6231086657496562,0.5733580479767596,0.6198011162741848,0.3902439024390244,0.4050632911392405,0.3975155279503105,0.7278536291570739,0.5522762387072654,0.0
Bm,2030,T,0.5,random,5027,0.6052269601100413,0.5647864286731105,0.6077572685788253,0.3535911602209944,0.4050632911392405,0.3775811209439528,0.7342390892895774,0.5449039268148973,0.0
Bm,2030,T,0.5,random,5028,0.6148555708390646,0.5714604218532421,0.6139158139143602,0.3801169590643274,0.4113924050632911,0.3951367781155015,0.7284376886634316,0.5597008994753474,0.0
Bm,2030,A,0.1,random,5026,0.6960110041265475,0.6418411801924347,0.6865802786644071,0.5041322314049587,0.3860759493670886,0.4372759856630824,0.6084154734132855,0.7032322661645989,0.0
Bm,2030,A,0.1,random,5027,0.6973865199449794,0.6427069810582356,0.6878736208105689,0.5041322314049587,0.3860759493670886,0.4372759856630824,0.6060021749141441,0.7049062922919107,0.0
Bm,2030,A,0.1,random,5028,0.6973865199449794,0.6428899134619384,0.6877055132584025,0.5083333333333333,0.3860759493670886,0.4388489208633093,0.6070698243053229,0.703824623516523,0.0
Bm,2030,A,0.2,random,5026,0.6960110041265475,0.6418411801924347,0.6865802786644071,0.5041322314049587,0.3860759493670886,0.4372759856630824,0.6098800582290176,0.7035564954081314,0.0
Bm,2030,A,0.2,random,5027,0.6973865199449794,0.6427069810582356,0.6878736208105689,0.5041322314049587,0.3860759493670886,0.4372759856630824,0.6075650135854349,0.7043215135788615,0.0
Bm,2030,A,0.2,random,5028,0.6960110041265475,0.6416617548462659,0.6867504724245378,0.5,0.3860759493670886,0.4357142857142857,0.6095400940097577,0.702878496640119,0.0
Bm,2030,A,0.3,start,5026,0.6946354883081155,0.6407948281015757,0.6854554484290311,0.5,0.3860759493670886,0.4357142857142857,0.6099915475958423,0.702407764187892,0.0
Bm,2030,A,0.3,middle,5026,0.6960110041265475,0.6418411801924347,0.6865802786644071,0.5041322314049587,0.3860759493670886,0.4372759856630824,0.6112329066808434,0.7025780699590084,0.0
Bm,2030,A,0.3,end,5026,0.6960110041265475,0.6424457838978369,0.6870449789449146,0.5040650406504065,0.3924050632911392,0.4412811387900356,0.6103394497429135,0.7028930728956941,0.0
Bm,2030,A,0.3,random,5026,0.6918844566712518,0.6381660273740141,0.6830810416400445,0.4919354838709677,0.3860759493670886,0.4326241134751773,0.6116648984158628,0.7020485168161762,0.0
Bm,2030,A,0.3,random,5027,0.6960110041265475,0.6416617548462659,0.6867504724245378,0.5,0.3860759493670886,0.4357142857142857,0.6100182531493005,0.7029688165689759,0.0
Bm,2030,A,0.3,random,5028,0.6946354883081155,0.6406188674340613,0.6856276987495262,0.4959349593495935,0.3860759493670886,0.4341637010676156,0.6121036501337442,0.7015547976397621,0.0
Bm,2030,A,0.4,random,5026,0.6918844566712518,0.63833945116765,0.6829080875424259,0.4959349593495935,0.3860759493670886,0.4341637010676156,0.6141959761235128,0.7010833167042156,0.0
Bm,2030,A,0.4,random,5027,0.6946354883081155,0.6406188674340613,0.6856276987495262,0.4959349593495935,0.3860759493670886,0.4341637010676156,0.6111681835000085,0.7026110091968635,0.0
Bm,2030,A,0.4,random,5028,0.6946354883081155,0.6406188674340613,0.6856276987495262,0.4959349593495935,0.3860759493670886,0.4341637010676156,0.6133040249439923,0.7011852505894411,0.0
Bm,2030,A,0.5,random,5026,0.6932599724896836,0.6393832240366893,0.6840321839218703,0.5,0.3860759493670886,0.4357142857142857,0.615804346423688,0.7005087812149555,0.0
Bm,2030,A,0.5,random,5027,0.6946354883081155,0.6407948281015757,0.6854554484290311,0.5,0.3860759493670886,0.4357142857142857,0.6141789227088675,0.7013680209624112,0.0
Bm,2030,A,0.5,random,5028,0.6946354883081155,0.6406188674340613,0.6856276987495262,0.4959349593495935,0.3860759493670886,0.4341637010676156,0.6151547661727548,0.7004910098522475,0.0
Bm,2030,V,0.1,random,5026,0.6932599724896836,0.6394102525171587,0.684683237017079,0.488,0.3860759493670886,0.431095406360424,0.6060005838283099,0.7033163898649967,0.0
Bm,2030,V,0.1,random,5027,0.6918844566712518,0.6383752527267209,0.6835630861342865,0.4841269841269841,0.3860759493670886,0.4295774647887324,0.6066988131339918,0.7028017443664476,0.0
Bm,2030,V,0.1,random,5028,0.6946354883081155,0.6404474613714507,0.6858036669542887,0.4919354838709677,0.3860759493670886,0.4326241134751773,0.6057033477885058,0.7037080942174728,0.0
Bm,2030,V,0.2,random,5026,0.686382393397524,0.6342564878354775,0.6790846232434257,0.4692307692307692,0.3860759493670886,0.4236111111111111,0.6079382307390425,0.7017567578543228,0.0
Bm,2030,V,0.2,random,5027,0.687757909215956,0.63528307832343,0.6802039821178959,0.4728682170542636,0.3860759493670886,0.4250871080139373,0.60774785292972,0.7018014605380773,0.0
Bm,2030,V,0.2,random,5028,0.6891334250343879,0.6363117080752146,0.6813234909546256,0.4765625,0.3860759493670886,0.4265734265734265,0.6070430774691125,0.7025202283237377,0.0
Bm,2030,V,0.3,start,5026,0.6891334250343879,0.6374473429481461,0.6819025076804153,0.4769230769230769,0.3924050632911392,0.4305555555555556,0.6066042789683161,0.7021046763386797,0.0
Bm,2030,V,0.3,middle,5026,0.686382393397524,0.635386459407782,0.6796571536248466,0.4696969696969697,0.3924050632911392,0.4275862068965517,0.6071799629873157,0.7013454160376628,0.0
Bm,2030,V,0.3,end,5026,0.687757909215956,0.63528307832343,0.6802039821178959,0.4728682170542636,0.3860759493670886,0.4250871080139373,0.6077932044347973,0.701739627274168,0.0
Bm,2030,V,0.3,random,5026,0.6836313617606602,0.6322092601286338,0.6768462294633184,0.4621212121212121,0.3860759493670886,0.4206896551724138,0.6078437061969373,0.7012472128806105,0.0
Bm,2030,V,0.3,random,5027,0.6850068775790922,0.6332318953648807,0.6779653827823184,0.465648854961832,0.3860759493670886,0.4221453287197231,0.6083781342214069,0.7009977091954487,0.0
Bm,2030,V,0.3,random,5028,0.6836313617606602,0.6322092601286338,0.6768462294633184,0.4621212121212121,0.3860759493670886,0.4206896551724138,0.6086124985062589,0.700823177254655,0.0
Bm,2030,V,0.4,random,5026,0.6836313617606602,0.6322092601286338,0.6768462294633184,0.4621212121212121,0.3860759493670886,0.4206896551724138,0.6079733692874162,0.7008037781424281,0.0
Bm,2030,V,0.4,random,5027,0.6836313617606602,0.6322092601286338,0.6768462294633184,0.4621212121212121,0.3860759493670886,0.4206896551724138,0.6090471277280951,0.699900721286939,0.0
Bm,2030,V,0.4,random,5028,0.6822558459422283,0.6296753620927945,0.6753645183069182,0.4545454545454545,0.379746835443038,0.4137931034482758,0.6086672995094529,0.7018937890227419,0.0
Bm,2030,V,0.5,random,5026,0.6808803301237965,0.6311522800255834,0.6753657022568356,0.4525547445255474,0.3924050632911392,0.4203389830508474,0.6072932524546166,0.7012928369487997,0.0
Bm,2030,V,0.5,random,5027,0.6822558459422283,0.6321710697196874,0.6764863925231893,0.4558823529411764,0.3924050632911392,0.4217687074829932,0.6075532284585557,0.7012033926982998,0.0
Bm,2030,V,0.5,random,5028,0.6808803301237965,0.6311522800255834,0.6753657022568356,0.4525547445255474,0.3924050632911392,0.4203389830508474,0.6080381585255394,0.7007422623651749,0.0
Bm,2030,TA,0.3,start,5026,0.6781292984869326,0.6327348435632977,0.673064094386379,0.4779411764705882,0.4113924050632911,0.4421768707482993,0.6570809518603362,0.6615717135935922,0.0
Bm,2030,TA,0.3,middle,5026,0.6423658872077029,0.6029182130202039,0.6427172732776735,0.4127906976744186,0.4493670886075949,0.4303030303030303,0.6907238954795615,0.6061741470405567,0.0
Bm,2030,TA,0.3,end,5026,0.6519944979367263,0.6031326140612351,0.6454337405402812,0.4402985074626865,0.3734177215189873,0.4041095890410959,0.6906857174851291,0.6076687984249991,0.0
Bm,2030,TA,0.3,random,5026,0.6698762035763411,0.6258863011723425,0.6668748787587688,0.464968152866242,0.4620253164556962,0.4634920634920635,0.6759582049055467,0.618033991060013,0.0
Bm,2030,TA,0.3,random,5027,0.6519944979367263,0.6112087886429438,0.6518381160353645,0.4074074074074074,0.4177215189873418,0.4125,0.6859256584986083,0.6180282032872337,0.0
Bm,2030,TA,0.3,random,5028,0.6437414030261348,0.5954321091354156,0.6389245358853397,0.4335664335664335,0.3924050632911392,0.4119601328903654,0.693521972029178,0.6099235339642974,0.0
Bm,2030,TV,0.3,start,5026,0.6850068775790922,0.6447472188528777,0.6822261081046136,0.4896551724137931,0.4493670886075949,0.4686468646864686,0.6505101648258385,0.6653230609335888,0.0
Bm,2030,TV,0.3,middle,5026,0.6464924346629987,0.6106518282988872,0.648794728865932,0.4175824175824176,0.4810126582278481,0.4470588235294118,0.6835994155528796,0.6120369800452696,0.0
Bm,2030,TV,0.3,end,5026,0.6533700137551581,0.6143389797939083,0.6514170092775698,0.4509803921568627,0.4367088607594936,0.4437299035369775,0.687917589605571,0.605194101997875,0.0
Bm,2030,TV,0.3,random,5026,0.6616231086657497,0.621637187644831,0.661310154347494,0.4470588235294118,0.4810126582278481,0.4634146341463415,0.671834303144268,0.6203250021377312,0.0
Bm,2030,TV,0.3,random,5027,0.6464924346629987,0.6081792119973307,0.6485206278398598,0.3953488372093023,0.430379746835443,0.4121212121212121,0.6829044326347095,0.6193664581549361,0.0
Bm,2030,TV,0.3,random,5028,0.640990371389271,0.5977172242617669,0.6389112073736414,0.4258064516129032,0.4177215189873418,0.4217252396166134,0.6886782336267213,0.6114332974096574,0.0
Bm,2030,AV,0.3,start,5026,0.6905089408528198,0.6373424188096121,0.6824431815860711,0.4803149606299212,0.3860759493670886,0.4280701754385965,0.6099234658672407,0.7012813953540179,0.0
Bm,2030,AV,0.3,middle,5026,0.6850068775790922,0.6328446000768055,0.6776609349516004,0.4692307692307692,0.3860759493670886,0.4236111111111111,0.6123690705876333,0.7002115749404494,0.0
Bm,2030,AV,0.3,end,5026,0.6850068775790922,0.633973932783478,0.6782325109890369,0.4696969696969697,0.3924050632911392,0.4275862068965517,0.6143449792097818,0.6986314674726984,0.0
Bm,2030,AV,0.3,random,5026,0.6836313617606602,0.6318202647668155,0.6765420786396252,0.465648854961832,0.3860759493670886,0.4221453287197231,0.6130431631276922,0.699601619444957,0.0
Bm,2030,AV,0.3,random,5027,0.686382393397524,0.6342564878354775,0.6790846232434257,0.4692307692307692,0.3860759493670886,0.4236111111111111,0.612227606372846,0.7000824246814933,0.0
Bm,2030,AV,0.3,random,5028,0.6822558459422283,0.6307978892263092,0.6754233132567657,0.4621212121212121,0.3860759493670886,0.4206896551724138,0.6142270502152463,0.6979536204887247,0.0
Bm,2030,TAV,0.3,start,5026,0.6822558459422283,0.6416460979299745,0.6794458018201468,0.4827586206896552,0.4430379746835443,0.462046204620462,0.6545300425403705,0.6623025820911591,0.0
Bm,2030,TAV,0.3,middle,5026,0.6437414030261348,0.6081048570367952,0.6461312516328154,0.4153005464480874,0.4810126582278481,0.4457478005865102,0.6887653783851101,0.6056179861963582,0.0
Bm,2030,TAV,0.3,end,5026,0.6588720770288858,0.6185072921715037,0.6560213584257307,0.4630872483221476,0.4367088607594936,0.4495114006514658,0.6895121809815501,0.6037912221540213,0.0
Bm,2030,TAV,0.3,random,5026,0.6602475928473177,0.6201035887788637,0.6597841923180029,0.4470588235294118,0.4810126582278481,0.4634146341463415,0.6767160820779858,0.6156980130475453,0.0
Bm,2030,TAV,0.3,random,5027,0.6492434662998624,0.6111039820862799,0.6511890414302796,0.4011627906976744,0.4367088607594936,0.4181818181818181,0.6850332190161793,0.6169798713311757,0.0
Bm,2030,TAV,0.3,random,5028,0.6451169188445667,0.6017574551676,0.6427685045265152,0.435064935064935,0.4240506329113924,0.4294871794871794,0.6914047298054398,0.6080366733767436,0.0
C,2026,none,0.0,none,0,0.6960110041265475,0.6152721958348557,0.6724895328623645,0.5,0.2531645569620253,0.3361344537815126,0.5974848137545864,0.7121910021946274,0.0
C,2026,T,0.1,random,5026,0.686382393397524,0.6126736811499391,0.6668013891787407,0.4725274725274725,0.2721518987341772,0.3453815261044177,0.6049818438464795,0.7039925436408502,0.0
C,2026,T,0.1,random,5027,0.6808803301237965,0.6097489835695556,0.6636453858031109,0.4545454545454545,0.2848101265822785,0.3501945525291828,0.6127516479500554,0.6809186659367371,0.0
C,2026,T,0.1,random,5028,0.6918844566712518,0.6310141049141343,0.6772796289340715,0.5353535353535354,0.3354430379746835,0.4124513618677042,0.6087125880964628,0.6967227439011524,0.0
C,2026,T,0.2,random,5026,0.6753782668500687,0.6053696668374374,0.6589528304140463,0.4653465346534653,0.2974683544303797,0.3629343629343629,0.6359765899771813,0.6636315020671035,0.0
C,2026,T,0.2,random,5027,0.672627235213205,0.6026254982948283,0.656492891883459,0.4326923076923077,0.2848101265822785,0.3435114503816794,0.6347883855966169,0.661546350886427,0.0
C,2026,T,0.2,random,5028,0.6822558459422283,0.6277083821769717,0.6711158317776298,0.5135135135135135,0.360759493670886,0.4237918215613382,0.639773753230153,0.6660185649319771,0.0
C,2026,T,0.3,start,5026,0.672627235213205,0.6050499445061043,0.6584701851984727,0.4392523364485981,0.2974683544303797,0.3547169811320754,0.6595586979504974,0.6656106550520096,0.0
C,2026,T,0.3,middle,5026,0.6616231086657497,0.6090386273105334,0.6551407900470759,0.4296296296296296,0.3670886075949367,0.3959044368600682,0.6598699216105205,0.6560038888107237,0.0
C,2026,T,0.3,end,5026,0.6478679504814305,0.5799393100180434,0.631524865347728,0.4444444444444444,0.2784810126582278,0.3424124513618677,0.6941790830863974,0.6155800821714881,0.0
C,2026,T,0.3,random,5026,0.6795048143053645,0.6167239404352807,0.6668897743870446,0.4821428571428571,0.3417721518987341,0.4,0.6557660155972436,0.648734558099055,0.0
C,2026,T,0.3,random,5027,0.6616231086657497,0.6051561321218579,0.6519173303052314,0.4545454545454545,0.3481012658227848,0.3942652329749104,0.6656257185337692,0.6398600986997541,0.0
C,2026,T,0.3,random,5028,0.6588720770288858,0.6031908131452764,0.6497156678227266,0.4508196721311475,0.3481012658227848,0.3928571428571428,0.6745016486942518,0.6389194352823502,0.0
C,2026,T,0.4,random,5026,0.640990371389271,0.5776504302113881,0.6297554414431241,0.3983739837398374,0.310126582278481,0.3487544483985765,0.6977216731323839,0.612689281560468,0.0
C,2026,T,0.4,random,5027,0.6231086657496562,0.5637849743901042,0.6130778501149815,0.3770491803278688,0.2911392405063291,0.3285714285714285,0.7098330649828574,0.5924969663505989,0.0
C,2026,T,0.4,random,5028,0.6368638239339752,0.5807751500269793,0.6281548522648951,0.4173228346456692,0.3354430379746835,0.3719298245614035,0.7132926714578609,0.5977679442577362,0.0
C,2026,T,0.5,random,5026,0.6258596973865199,0.5674606827266989,0.617210196004975,0.4044117647058823,0.3481012658227848,0.3741496598639456,0.7400163236856754,0.564707386195487,0.0
C,2026,T,0.5,random,5027,0.6176066024759285,0.571917947242877,0.6140925699988388,0.3945578231292517,0.3670886075949367,0.380327868852459,0.7394306840656361,0.5567144661993793,0.0
C,2026,T,0.5,random,5028,0.6217331499312242,0.5655983339024204,0.6154555748626322,0.3636363636363636,0.3291139240506329,0.3455149501661129,0.7394558611182652,0.5746504185236492,0.0
C,2026,A,0.1,random,5026,0.6960110041265475,0.616941391941392,0.6734306271445198,0.5,0.2594936708860759,0.3416666666666667,0.5976643159516678,0.7120972458244974,0.0
C,2026,A,0.1,random,5027,0.6973865199449794,0.6197849491956992,0.6753957957102937,0.5060240963855421,0.2658227848101265,0.3485477178423236,0.5974570467976633,0.7123652448567609,0.0
C,2026,A,0.1,random,5028,0.6987620357634112,0.6207833958752867,0.6764797675588028,0.5121951219512195,0.2658227848101265,0.35,0.5977810176843408,0.7123051340204205,0.0
C,2026,A,0.2,random,5026,0.6960110041265475,0.6183140652837622,0.6742364488081631,0.5,0.2658227848101265,0.3471074380165289,0.5984780705521856,0.7121131479974411,0.0
C,2026,A,0.2,random,5027,0.6960110041265475,0.6183140652837622,0.6742364488081631,0.5,0.2658227848101265,0.3471074380165289,0.5980650733248851,0.712351094505532,0.0
C,2026,A,0.2,random,5028,0.6960110041265475,0.6183140652837622,0.6742364488081631,0.5,0.2658227848101265,0.3471074380165289,0.5983761303883376,0.7122404557439206,0.0
C,2026,A,0.3,start,5026,0.6973865199449794,0.6197849491956992,0.6753957957102937,0.5060240963855421,0.2658227848101265,0.3485477178423236,0.5971914244638923,0.712816796534117,0.0
C,2026,A,0.3,middle,5026,0.6960110041265475,0.6183140652837622,0.6742364488081631,0.5,0.2658227848101265,0.3471074380165289,0.5992822237194192,0.7115934973420348,0.0
C,2026,A,0.3,end,5026,0.6918844566712518,0.6113791913642886,0.6691173216386511,0.4819277108433735,0.2531645569620253,0.3319502074688796,0.600696755664759,0.7113396975677154,0.0
C,2026,A,0.3,random,5026,0.6960110041265475,0.6183140652837622,0.6742364488081631,0.5,0.2658227848101265,0.3471074380165289,0.5993415789289254,0.7119595448458128,0.0
C,2026,A,0.3,random,5027,0.6960110041265475,0.6183140652837622,0.6742364488081631,0.5,0.2658227848101265,0.3471074380165289,0.5985086873142432,0.7122447100889371,0.0
C,2026,A,0.3,random,5028,0.6960110041265475,0.6183140652837622,0.6742364488081631,0.5,0.2658227848101265,0.3471074380165289,0.5989172786703,0.7120829689675984,0.0
C,2026,A,0.4,random,5026,0.6946354883081155,0.6156886529697392,0.6722391052051372,0.4939759036144578,0.2594936708860759,0.3402489626556016,0.6003303119821254,0.7117643405618139,0.0
C,2026,A,0.4,random,5027,0.6960110041265475,0.6183140652837622,0.6742364488081631,0.5,0.2658227848101265,0.3471074380165289,0.59924181179237,0.7122338035149668,0.0
C,2026,A,0.4,random,5028,0.6960110041265475,0.6183140652837622,0.6742364488081631,0.5,0.2658227848101265,0.3471074380165289,0.5992422773694389,0.7120459423859116,0.0
C,2026,A,0.5,random,5026,0.6946354883081155,0.6156886529697392,0.6722391052051372,0.4939759036144578,0.2594936708860759,0.3402489626556016,0.601051999242254,0.7114565113910231,0.0
C,2026,A,0.5,random,5027,0.6960110041265475,0.6183140652837622,0.6742364488081631,0.5,0.2658227848101265,0.3471074380165289,0.599566385053877,0.7121711834799815,0.0
C,2026,A,0.5,random,5028,0.6946354883081155,0.6168425351204417,0.6730757509078188,0.4941176470588235,0.2658227848101265,0.345679012345679,0.6001992529668813,0.7116522059027954,0.0
C,2026,V,0.1,random,5026,0.6987620357634112,0.6205738705738706,0.6765184838087176,0.5121951219512195,0.2658227848101265,0.35,0.5969964749701168,0.7123602109132409,0.0
C,2026,V,0.1,random,5027,0.6987620357634112,0.6207833958752867,0.6764797675588028,0.5121951219512195,0.2658227848101265,0.35,0.5977412006759255,0.7117942693033569,0.0
C,2026,V,0.1,random,5028,0.7001375515818432,0.6234059017793074,0.6784761374540451,0.5180722891566265,0.2721518987341772,0.3568464730290456,0.5972243817897933,0.7120094277445829,0.0
C,2026,V,0.2,random,5026,0.7001375515818432,0.6249968065545227,0.6793672789587666,0.5176470588235295,0.2784810126582278,0.3621399176954732,0.5971682838166297,0.7120658970001328,0.0
C,2026,V,0.2,random,5027,0.7015130674002751,0.6260640246103566,0.6806081646012638,0.5176470588235295,0.2784810126582278,0.3621399176954732,0.5971594156261725,0.7119057367645583,0.0
C,2026,V,0.2,random,5028,0.7001375515818432,0.6245208147338134,0.6792899619419333,0.5176470588235295,0.2784810126582278,0.3621399176954732,0.5977792200178367,0.7116367878608094,0.0
C,2026,V,0.3,start,5026,0.7001375515818432,0.6245208147338134,0.6792899619419333,0.5176470588235295,0.2784810126582278,0.3621399176954732,0.5979313298671174,0.7118981504970864,0.0
C,2026,V,0.3,middle,5026,0.7015130674002751,0.6274717744313755,0.6816689805215385,0.5113636363636364,0.2848101265822785,0.3658536585365853,0.5978296502333936,0.7114590541968376,0.0
C,2026,V,0.3,end,5026,0.6987620357634112,0.6235720033126845,0.6783494703671527,0.5057471264367817,0.2784810126582278,0.3591836734693877,0.5978113275413316,0.7119465210817518,0.0
C,2026,V,0.3,random,5026,0.7015130674002751,0.627417115271146,0.6815216434235882,0.5172413793103449,0.2848101265822785,0.3673469387755102,0.5968625820478862,0.7119822631216807,0.0
C,2026,V,0.3,random,5027,0.7028885832187071,0.6284847772943011,0.6827631922689891,0.5172413793103449,0.2848101265822785,0.3673469387755102,0.5967377083841496,0.7119054815443616,0.0
C,2026,V,0.3,random,5028,0.7015130674002751,0.6271499897771932,0.6814036480535453,0.5172413793103449,0.2848101265822785,0.3673469387755102,0.5979599928828505,0.7114527594743402,0.0
C,2026,V,0.4,random,5026,0.6987620357634112,0.6249799166729036,0.679408899847809,0.5,0.2848101265822785,0.3629032258064516,0.5977516621466537,0.711806639388364,0.0
C,2026,V,0.4,random,5027,0.7001375515818432,0.625986237058042,0.6804998739841339,0.5056179775280899,0.2848101265822785,0.3643724696356275,0.5980569203738215,0.7112675466796904,0.0
C,2026,V,0.4,random,5028,0.6987620357634112,0.6260258397932817,0.6801784545173433,0.5,0.2911392405063291,0.368,0.5988416074588662,0.7107256347425587,0.0
C,2026,V,0.5,random,5026,0.6973865199449794,0.626512587247205,0.6799117988526922,0.4947368421052631,0.2974683544303797,0.3715415019762846,0.5982374133363794,0.7113372585508718,0.0
C,2026,V,0.5,random,5027,0.7001375515818432,0.6285374781947652,0.6821058725771909,0.5053763440860215,0.2974683544303797,0.3745019920318725,0.598155844232513,0.7108946927021522,0.0
C,2026,V,0.5,random,5028,0.6987620357634112,0.6275237470441711,0.6810085634296238,0.5,0.2974683544303797,0.373015873015873,0.5992818106720926,0.7102943958916313,0.0
C,2026,TA,0.3,start,5026,0.6781292984869326,0.6103562306833997,0.6627880608400953,0.47,0.2974683544303797,0.3643410852713178,0.6530965594635554,0.670466021410636,0.0
C,2026,TA,0.3,middle,5026,0.6588720770288858,0.6123483100687701,0.6544746171796033,0.4366197183098591,0.3924050632911392,0.4133333333333333,0.6757454948387701,0.6318222698250021,0.0
C,2026,TA,0.3,end,5026,0.6657496561210454,0.6045322984978158,0.6519414027180949,0.4951456310679611,0.3227848101265823,0.3908045977011494,0.683067437801573,0.62216538043476,0.0
C,2026,TA,0.3,random,5026,0.6753782668500687,0.6125968600498619,0.6628149443245583,0.4821428571428571,0.3417721518987341,0.4,0.6682881210837571,0.6372177187456697,0.0
C,2026,TA,0.3,random,5027,0.656121045392022,0.6006284017291318,0.647657935437237,0.432,0.3417721518987341,0.381625441696113,0.6777536786133809,0.6297071085398275,0.0
C,2026,TA,0.3,random,5028,0.6451169188445667,0.5824056121917152,0.6332268122594786,0.4336283185840708,0.310126582278481,0.3616236162361623,0.6853009955278576,0.6273531683130149,0.0
C,2026,TV,0.3,start,5026,0.6822558459422283,0.6183570673928247,0.6685478554056002,0.4807692307692308,0.3164556962025316,0.3816793893129771,0.652777395553531,0.6699924344925703,0.0
C,2026,TV,0.3,middle,5026,0.656121045392022,0.6108599457556697,0.6522041243566631,0.4405594405594406,0.3987341772151899,0.4186046511627907,0.6765634927462018,0.6300443799915713,0.0
C,2026,TV,0.3,end,5026,0.6671251719394773,0.6099296038648001,0.6556167515273067,0.4954954954954955,0.3481012658227848,0.4089219330855018,0.6839980820614188,0.6217751397428136,0.0
C,2026,TV,0.3,random,5026,0.6698762035763411,0.6122243092225726,0.659792571415117,0.475,0.360759493670886,0.4100719424460431,0.668836630142266,0.63650385191621,0.0
C,2026,TV,0.3,random,5027,0.6547455295735901,0.6024587965775855,0.6480458101100155,0.4274809160305343,0.3544303797468354,0.3875432525951557,0.6780644929776083,0.629856596935882,0.0
C,2026,TV,0.3,random,5028,0.6451169188445667,0.5839944359974246,0.6342902876372957,0.4310344827586206,0.3164556962025316,0.364963503649635,0.6846301715652675,0.6271681576434548,0.0
C,2026,AV,0.3,start,5026,0.6960110041265475,0.6193788566689397,0.675414084718489,0.4886363636363636,0.2721518987341772,0.3495934959349593,0.5983990923251001,0.7127365980110575,0.0
C,2026,AV,0.3,middle,5026,0.6973865199449794,0.623497681649328,0.6782410136598881,0.4945054945054945,0.2848101265822785,0.3614457831325301,0.6002894705094093,0.710648894906737,0.0
C,2026,AV,0.3,end,5026,0.6918844566712518,0.6160638983219627,0.6718935739435362,0.4777777777777778,0.2721518987341772,0.3467741935483871,0.601671468083156,0.710876697457616,0.0
C,2026,AV,0.3,random,5026,0.6932599724896836,0.6184878061007093,0.6740480434505371,0.4782608695652174,0.2784810126582278,0.352,0.599776715689368,0.7117729450019274,0.0
C,2026,AV,0.3,random,5027,0.6987620357634112,0.6262353560418076,0.680137766302562,0.5,0.2911392405063291,0.368,0.5983208502345397,0.7116545899516743,0.0
C,2026,AV,0.3,random,5028,0.6973865199449794,0.6245360618565474,0.6790047111043284,0.4946236559139785,0.2911392405063291,0.3665338645418327,0.6002595243326133,0.7109023178277106,0.0
C,2026,TAV,0.3,start,5026,0.6795048143053645,0.618881562251051,0.6674361730346288,0.4770642201834862,0.3291139240506329,0.3895131086142322,0.6523199540478588,0.6709523099319707,0.0
C,2026,TAV,0.3,middle,5026,0.6506189821182944,0.6071199537445333,0.6478241815557113,0.4256756756756756,0.3987341772151899,0.4117647058823529,0.6780916607043254,0.6283903856727873,0.0
C,2026,TAV,0.3,end,5026,0.6657496561210454,0.6097899885038465,0.6554538777358047,0.4827586206896552,0.3544303797468354,0.4087591240875912,0.683519212032305,0.621116711254687,0.0
C,2026,TAV,0.3,random,5026,0.6698762035763411,0.6117707523536667,0.6603435310616949,0.4634146341463415,0.360759493670886,0.4056939501779359,0.6675849189722627,0.6368535834673096,0.0
C,2026,TAV,0.3,random,5027,0.6492434662998624,0.5962426177641843,0.6428109443716696,0.4135338345864661,0.3481012658227848,0.3780068728522336,0.6787866987269201,0.6283719834487513,0.0
C,2026,TAV,0.3,random,5028,0.640990371389271,0.5820862338469305,0.6312673239051892,0.425,0.3227848101265823,0.3669064748201439,0.6846748157077696,0.6267784822363548,0.0
C,2027,none,0.0,none,0,0.6960110041265475,0.6289422778005247,0.6795421421695503,0.4948453608247423,0.3037974683544304,0.3764705882352941,0.6375481793237506,0.7036818197026385,0.0
C,2027,T,0.1,random,5026,0.6932599724896836,0.6260340118644779,0.6761658851436105,0.5157894736842106,0.310126582278481,0.3873517786561264,0.6348922274334867,0.6933286363933038,0.0
C,2027,T,0.1,random,5027,0.6836313617606602,0.6175350722950373,0.6688104340971148,0.4615384615384615,0.3037974683544304,0.366412213740458,0.6343800281004847,0.6747370244825037,0.0
C,2027,T,0.1,random,5028,0.6891334250343879,0.630622009569378,0.6769828159243928,0.5185185185185185,0.3544303797468354,0.4210526315789473,0.6373975389413196,0.6855621035845467,0.0
C,2027,T,0.2,random,5026,0.6932599724896836,0.6268201761173703,0.6768632841883461,0.5204081632653061,0.3227848101265823,0.3984375,0.6507930568255632,0.6570639483507703,0.0
C,2027,T,0.2,random,5027,0.6781292984869326,0.6124241298154341,0.6628222763023314,0.4803921568627451,0.310126582278481,0.3769230769230769,0.6454475659927023,0.6607218751408079,0.0
C,2027,T,0.2,random,5028,0.6808803301237965,0.6238480433267676,0.6683202568088981,0.5238095238095238,0.3481012658227848,0.4182509505703422,0.6537039618157185,0.6598193271237306,0.0
C,2027,T,0.3,start,5026,0.671251719394773,0.6058110493286983,0.6561210286699485,0.4752475247524752,0.3037974683544304,0.3706563706563706,0.6413487232193384,0.6704386229589896,0.0
C,2027,T,0.3,middle,5026,0.6588720770288858,0.6033393239344872,0.650727788318791,0.4307692307692308,0.3544303797468354,0.3888888888888889,0.6514065495370324,0.6480647171235668,0.0
C,2027,T,0.3,end,5026,0.657496561210454,0.5961062804854367,0.644489361416696,0.4672897196261682,0.3164556962025316,0.3773584905660377,0.6754459293826397,0.6112483756111958,0.0
C,2027,T,0.3,random,5026,0.6891334250343879,0.6293366967753022,0.6771019778187197,0.495575221238938,0.3544303797468354,0.4132841328413284,0.6478305427979818,0.6460181537851558,0.0
C,2027,T,0.3,random,5027,0.6533700137551581,0.5940266451983858,0.6432743423843683,0.4308943089430894,0.3354430379746835,0.3772241992882562,0.6569890038118538,0.6404578068752301,0.0
C,2027,T,0.3,random,5028,0.6657496561210454,0.6057729302710312,0.6520094660899566,0.5,0.3227848101265823,0.3923076923076923,0.6676486517601177,0.6378247949971855,0.0
C,2027,T,0.4,random,5026,0.6547455295735901,0.5904735718496744,0.640248269146664,0.4587155963302752,0.3164556962025316,0.3745318352059925,0.6825045648852834,0.5978708817989922,0.0
C,2027,T,0.4,random,5027,0.6299862448418156,0.5678913751534922,0.6187869973912044,0.3884297520661157,0.2974683544303797,0.3369175627240143,0.6945742518292399,0.5911191948443486,0.0
C,2027,T,0.4,random,5028,0.6533700137551581,0.5986700767263428,0.6423049564302725,0.4912280701754385,0.3544303797468354,0.4117647058823529,0.6855484149130535,0.6023320051890626,0.0
C,2027,T,0.5,random,5026,0.6299862448418156,0.5646237477491387,0.615825030812509,0.4224137931034483,0.310126582278481,0.3576642335766423,0.7171380708386105,0.5541534556445682,0.0
C,2027,T,0.5,random,5027,0.6176066024759285,0.5657792321255539,0.6105076876890748,0.3984962406015037,0.3354430379746835,0.3642611683848797,0.7097170304992325,0.5594469167628918,0.0
C,2027,T,0.5,random,5028,0.624484181568088,0.5682475063788966,0.615735396669627,0.3939393939393939,0.3291139240506329,0.3586206896551724,0.7075233496949743,0.5828815453815349,0.0
C,2027,A,0.1,random,5026,0.6973865199449794,0.6312442061262162,0.6816191860391769,0.494949494949495,0.310126582278481,0.3813229571984435,0.6357577029270502,0.7049144641625742,0.0
C,2027,A,0.1,random,5027,0.6960110041265475,0.6289422778005247,0.6795421421695503,0.4948453608247423,0.3037974683544304,0.3764705882352941,0.6368023140597527,0.7039817032863177,0.0
C,2027,A,0.1,random,5028,0.6960110041265475,0.6289422778005247,0.6795421421695503,0.4948453608247423,0.3037974683544304,0.3764705882352941,0.6371686157262624,0.7035724994955743,0.0
C,2027,A,0.2,random,5026,0.6987620357634112,0.6336790982392945,0.6834959517357725,0.5,0.3164556962025316,0.3875968992248062,0.6348232252775133,0.7048230526431344,0.0
C,2027,A,0.2,random,5027,0.6973865199449794,0.6313980381902955,0.6814310084464295,0.5,0.310126582278481,0.3828125,0.6353226430855791,0.704367872960322,0.0
C,2027,A,0.2,random,5028,0.6973865199449794,0.6313980381902955,0.6814310084464295,0.5,0.310126582278481,0.3828125,0.6364380444443032,0.7033336237061019,0.0
C,2027,A,0.3,start,5026,0.6973865199449794,0.6312442061262162,0.6816191860391769,0.494949494949495,0.310126582278481,0.3813229571984435,0.6351514240496985,0.7049884844458981,0.0
C,2027,A,0.3,middle,5026,0.6960110041265475,0.630157761331943,0.6803535090695505,0.494949494949495,0.310126582278481,0.3813229571984435,0.6362155222989329,0.7030374241162299,0.0
C,2027,A,0.3,end,5026,0.6973865199449794,0.6326521377055263,0.6823817970421129,0.495049504950495,0.3164556962025316,0.3861003861003861,0.6342886040807824,0.7054336654512905,0.0
C,2027,A,0.3,random,5026,0.6987620357634112,0.6336790982392945,0.6834959517357725,0.5,0.3164556962025316,0.3875968992248062,0.6348682935064714,0.7045503002898152,0.0
C,2027,A,0.3,random,5027,0.6960110041265475,0.6287255043984855,0.679575589177869,0.4948453608247423,0.3037974683544304,0.3764705882352941,0.6354675412634838,0.7040858862197041,0.0
C,2027,A,0.3,random,5028,0.6987620357634112,0.6338382398486546,0.6833104817536692,0.5050505050505051,0.3164556962025316,0.3891050583657587,0.6353948470977006,0.7032483723313145,0.0
C,2027,A,0.4,random,5026,0.7001375515818432,0.636098740628569,0.6853635318414729,0.504950495049505,0.3227848101265823,0.3938223938223938,0.6339195463143553,0.7044466768392208,0.0
C,2027,A,0.4,random,5027,0.6960110041265475,0.6287255043984855,0.679575589177869,0.4948453608247423,0.3037974683544304,0.3764705882352941,0.6349794769687286,0.7041731104654638,0.0
C,2027,A,0.4,random,5028,0.6987620357634112,0.6336790982392945,0.6834959517357725,0.5,0.3164556962025316,0.3875968992248062,0.6342497349142278,0.7046100143147641,0.0
C,2027,A,0.5,random,5026,0.6987620357634112,0.6350654766095708,0.6842450646947977,0.5,0.3227848101265823,0.3923076923076923,0.6342470500342258,0.7040398830787296,0.0
C,2027,A,0.5,random,5027,0.6960110041265475,0.6300084328819261,0.6805451741022064,0.49,0.310126582278481,0.3798449612403101,0.6338110210866025,0.7053061738144977,0.0
C,2027,A,0.5,random,5028,0.6973865199449794,0.6324378113368939,0.6824188994538427,0.495049504950495,0.3164556962025316,0.3861003861003861,0.6341156912035705,0.7043078260228727,0.0
C,2027,V,0.1,random,5026,0.6960110041265475,0.6305934977852083,0.6802882242739807,0.494949494949495,0.310126582278481,0.3813229571984435,0.636267450949741,0.703772454127392,0.0
C,2027,V,0.1,random,5027,0.6960110041265475,0.6305934977852083,0.6802882242739807,0.494949494949495,0.310126582278481,0.3813229571984435,0.6370907254043836,0.703155757782241,0.0
C,2027,V,0.1,random,5028,0.6960110041265475,0.6305934977852083,0.6802882242739807,0.494949494949495,0.310126582278481,0.3813229571984435,0.6365315977415557,0.7037576400385144,0.0
C,2027,V,0.2,random,5026,0.6960110041265475,0.6305934977852083,0.6802882242739807,0.494949494949495,0.310126582278481,0.3813229571984435,0.6355164314980917,0.7035185270441277,0.0
C,2027,V,0.2,random,5027,0.6973865199449794,0.6330263592878203,0.6821619566239925,0.5,0.3164556962025316,0.3875968992248062,0.6363941737552608,0.7028258030455371,0.0
C,2027,V,0.2,random,5028,0.6973865199449794,0.6330263592878203,0.6821619566239925,0.5,0.3164556962025316,0.3875968992248062,0.635888659389203,0.7035608070860585,0.0
C,2027,V,0.3,start,5026,0.6960110041265475,0.6304423799596549,0.6804772163192465,0.49,0.310126582278481,0.3798449612403101,0.6342686070914022,0.7047231001950562,0.0
C,2027,V,0.3,middle,5026,0.6973865199449794,0.6342518622530099,0.6830925284685895,0.4951456310679611,0.3227848101265823,0.3908045977011494,0.6348304195560881,0.7040002709260333,0.0
C,2027,V,0.3,end,5026,0.6973865199449794,0.6330263592878203,0.6821619566239925,0.5,0.3164556962025316,0.3875968992248062,0.6341121571517692,0.7029371340784673,0.0
C,2027,V,0.3,random,5026,0.6973865199449794,0.6344098005975517,0.6829066821720801,0.5,0.3227848101265823,0.3923076923076923,0.634234473496122,0.7031795411430011,0.0
C,2027,V,0.3,random,5027,0.6960110041265475,0.6319985023131398,0.6810464628177735,0.495049504950495,0.3164556962025316,0.3861003861003861,0.6358617122430572,0.7025448265469862,0.0
C,2027,V,0.3,random,5028,0.6960110041265475,0.6319985023131398,0.6810464628177735,0.495049504950495,0.3164556962025316,0.3861003861003861,0.635710355349172,0.7031840588539177,0.0
C,2027,V,0.4,random,5026,0.6946354883081155,0.632198040416606,0.6808584386395199,0.4857142857142857,0.3227848101265823,0.3878326996197718,0.6342535321043479,0.7032777380778066,0.0
C,2027,V,0.4,random,5027,0.6946354883081155,0.6323488678064008,0.6806683725315505,0.4903846153846153,0.3227848101265823,0.3893129770992366,0.6357373455398431,0.7016050649100788,0.0
C,2027,V,0.4,random,5028,0.6960110041265475,0.6345771052013403,0.6826987394854873,0.490566037735849,0.3291139240506329,0.3939393939393939,0.634575476272972,0.7033001065091302,0.0
C,2027,V,0.5,random,5026,0.6960110041265475,0.6345771052013403,0.6826987394854873,0.490566037735849,0.3291139240506329,0.3939393939393939,0.6336856962090673,0.702935835970469,0.0
C,2027,V,0.5,random,5027,0.6960110041265475,0.6345771052013403,0.6826987394854873,0.490566037735849,0.3291139240506329,0.3939393939393939,0.6345004981903787,0.7025378436916455,0.0
C,2027,V,0.5,random,5028,0.6960110041265475,0.6345771052013403,0.6826987394854873,0.490566037735849,0.3291139240506329,0.3939393939393939,0.6340268907025763,0.7029664147863877,0.0
C,2027,TA,0.3,start,5026,0.6808803301237965,0.6250028977013363,0.6698834909399023,0.509090909090909,0.3544303797468354,0.417910447761194,0.640276796712624,0.6703131290032334,0.0
C,2027,TA,0.3,middle,5026,0.6616231086657497,0.6095935887018052,0.6540462370539513,0.4427480916030534,0.3670886075949367,0.4013840830449827,0.6629120898673331,0.6281839480406984,0.0
C,2027,TA,0.3,end,5026,0.6657496561210454,0.6071757175255191,0.6533191183158865,0.490566037735849,0.3291139240506329,0.3939393939393939,0.6682789105978676,0.615291640152742,0.0
C,2027,TA,0.3,random,5026,0.6795048143053645,0.6208614072156882,0.6678482414654228,0.4913793103448275,0.360759493670886,0.4160583941605839,0.6584950707388029,0.6307133916798329,0.0
C,2027,TA,0.3,random,5027,0.657496561210454,0.5978545524269783,0.6468831206659892,0.4201680672268907,0.3164556962025316,0.3610108303249097,0.6631424000824183,0.6378537872771319,0.0
C,2027,TA,0.3,random,5028,0.6547455295735901,0.5889849117017095,0.6396704187898687,0.4607843137254901,0.2974683544303797,0.3615384615384615,0.675784395052656,0.6251132301827059,0.0
C,2027,TV,0.3,start,5026,0.6781292984869326,0.621639295214428,0.6669529761653753,0.5,0.3481012658227848,0.4104477611940298,0.6396107171845342,0.6698897598185074,0.0
C,2027,TV,0.3,middle,5026,0.6588720770288858,0.6079109026679785,0.6523551282200075,0.4296296296296296,0.3670886075949367,0.3959044368600682,0.662339987772314,0.627112284689727,0.0
C,2027,TV,0.3,end,5026,0.6671251719394773,0.611248247139288,0.6558419771112276,0.4909090909090909,0.3417721518987341,0.4029850746268656,0.6689749487228431,0.6125053846145245,0.0
C,2027,TV,0.3,random,5026,0.6781292984869326,0.6198245812121549,0.6662279852829798,0.4956521739130435,0.360759493670886,0.4175824175824176,0.657931424790435,0.6283375945069289,0.0
C,2027,TV,0.3,random,5027,0.657496561210454,0.5940923101025597,0.6452634410185446,0.417391304347826,0.3037974683544304,0.3516483516483517,0.6643880647847449,0.6345461873397135,0.0
C,2027,TV,0.3,random,5028,0.6533700137551581,0.5860952132503857,0.6382261266498567,0.4466019417475728,0.2911392405063291,0.3524904214559387,0.6728119053410726,0.6273117820266217,0.0
C,2027,AV,0.3,start,5026,0.6973865199449794,0.6342518622530099,0.6830925284685895,0.4951456310679611,0.3227848101265823,0.3908045977011494,0.6327060200562227,0.7046512025892266,0.0
C,2027,AV,0.3,middle,5026,0.6987620357634112,0.6379795507090488,0.6856555500438327,0.5,0.3354430379746835,0.4015151515151515,0.632843203983886,0.7035392936486892,0.0
C,2027,AV,0.3,end,5026,0.7015130674002751,0.6413819962167576,0.6886123606021781,0.5094339622641509,0.3417721518987341,0.4090909090909091,0.6295953347505245,0.7048050405161856,0.0
C,2027,AV,0.3,random,5026,0.6987620357634112,0.6379795507090488,0.6856555500438327,0.5,0.3354430379746835,0.4015151515151515,0.6318331454564117,0.7039215398380914,0.0
C,2027,AV,0.3,random,5027,0.6987620357634112,0.6379795507090488,0.6856555500438327,0.5,0.3354430379746835,0.4015151515151515,0.631930085119739,0.7043101259242506,0.0
C,2027,AV,0.3,random,5028,0.7001375515818432,0.6403357843463152,0.6874826999718283,0.5046728971962616,0.3417721518987341,0.4075471698113208,0.6322334131156767,0.7040469137413324,0.0
C,2027,TAV,0.3,start,5026,0.6795048143053645,0.6252023062423556,0.6694971410733566,0.5,0.360759493670886,0.4191176470588235,0.6407094007365315,0.6692329025227376,0.0
C,2027,TAV,0.3,middle,5026,0.6547455295735901,0.6059555613983097,0.6497865495357987,0.4184397163120567,0.3734177215189873,0.3946488294314381,0.6643663827013665,0.626310745881305,0.0
C,2027,TAV,0.3,end,5026,0.6657496561210454,0.6085540888852123,0.6542539247508977,0.4818181818181818,0.3354430379746835,0.3955223880597014,0.6692169191577535,0.6140015233742999,0.0
C,2027,TAV,0.3,random,5026,0.6781292984869326,0.6203493722072734,0.6675203262822048,0.4793388429752066,0.3670886075949367,0.4157706093189964,0.6574146202352371,0.6295488896065727,0.0
C,2027,TAV,0.3,random,5027,0.657496561210454,0.5997115798570904,0.6481397767876106,0.4227642276422764,0.3291139240506329,0.3701067615658363,0.6638213655968288,0.6352999583078446,0.0
C,2027,TAV,0.3,random,5028,0.6519944979367263,0.5864946425978599,0.6382387658918708,0.4351851851851852,0.2974683544303797,0.3533834586466165,0.6729965452473423,0.6261081294503907,0.0
C,2028,none,0.0,none,0,0.7207702888583218,0.6693243276778077,0.7112545981647598,0.5663716814159292,0.4050632911392405,0.4723247232472324,0.5898780066272198,0.7098920435393243,0.0
C,2028,T,0.1,random,5026,0.7070151306740028,0.655509335144658,0.6975292107203193,0.5344827586206896,0.3924050632911392,0.4525547445255474,0.6009279114704608,0.6974754183976538,0.0
C,2028,T,0.1,random,5027,0.6973865199449794,0.6427428396308182,0.6872135298194738,0.5130434782608696,0.3734177215189873,0.4322344322344322,0.6065423634704561,0.6805829039526967,0.0
C,2028,T,0.1,random,5028,0.7015130674002751,0.6588154377763176,0.6969978344993778,0.5294117647058824,0.4556962025316455,0.4897959183673469,0.6038502824609537,0.6921455243419615,0.0
C,2028,T,0.2,random,5026,0.6960110041265475,0.6450438702828798,0.6879990925015257,0.532258064516129,0.4177215189873418,0.4680851063829787,0.630221663707064,0.6542783984609086,0.0
C,2028,T,0.2,random,5027,0.6795048143053645,0.6244854251535253,0.670208902334031,0.4672131147540984,0.360759493670886,0.4071428571428571,0.6260974831376968,0.6649379224830031,0.0
C,2028,T,0.2,random,5028,0.6808803301237965,0.6345477746284821,0.674503902473671,0.5038759689922481,0.4113924050632911,0.4529616724738676,0.6338538267973606,0.6608762706585783,0.0
C,2028,T,0.3,start,5026,0.6643741403026134,0.6063992235522484,0.6555070973469772,0.4227642276422764,0.3291139240506329,0.3701067615658363,0.6405079580694102,0.6685078695174845,0.0
C,2028,T,0.3,middle,5026,0.6616231086657497,0.6079749679790899,0.6543047714791769,0.4503816793893129,0.3734177215189873,0.4083044982698962,0.6457089469165804,0.6478417427845369,0.0
C,2028,T,0.3,end,5026,0.6478679504814305,0.6019451753509997,0.6432372666478259,0.4357142857142857,0.3860759493670886,0.4093959731543624,0.6765280200944807,0.6130959146483922,0.0
C,2028,T,0.3,random,5026,0.686382393397524,0.6359755801611916,0.6796419790671864,0.5075757575757576,0.4240506329113924,0.4620689655172413,0.6422129151426518,0.6370864522714873,0.0
C,2028,T,0.3,random,5027,0.657496561210454,0.6136021505376344,0.6553403292363669,0.4342105263157895,0.4177215189873418,0.4258064516129032,0.6521288551767545,0.6413568293242011,0.0
C,2028,T,0.3,random,5028,0.6533700137551581,0.6046214110055131,0.6466487906280121,0.4609375,0.3734177215189873,0.4125874125874126,0.6610785370277131,0.6379845525870254,0.0
C,2028,T,0.4,random,5026,0.6464924346629987,0.5931312728602746,0.6386906127590757,0.4511278195488721,0.379746835443038,0.4123711340206185,0.6848808824003364,0.5911787537757051,0.0
C,2028,T,0.4,random,5027,0.624484181568088,0.5727234853745061,0.6188461486833428,0.3884892086330935,0.3417721518987341,0.3636363636363636,0.6957063033579531,0.5877815683240227,0.0
C,2028,T,0.4,random,5028,0.6327372764786795,0.5857475874638346,0.6274083582715337,0.427536231884058,0.3734177215189873,0.3986486486486486,0.6908993605485777,0.5946431855981004,0.0
C,2028,T,0.5,random,5026,0.6313617606602476,0.579332679305847,0.6257347834159176,0.42,0.3987341772151899,0.4090909090909091,0.7144184557748666,0.5499898520894305,0.0
C,2028,T,0.5,random,5027,0.6107290233837689,0.5660311801734287,0.6097977619678023,0.36875,0.3734177215189873,0.3710691823899371,0.7148959593741276,0.5603778424734508,0.0
C,2028,T,0.5,random,5028,0.6313617606602476,0.5840242761108067,0.6291742455150299,0.39375,0.3987341772151899,0.3962264150943396,0.7054893930058969,0.5839457330680607,0.0
C,2028,A,0.1,random,5026,0.7207702888583218,0.6693243276778077,0.7112545981647598,0.5663716814159292,0.4050632911392405,0.4723247232472324,0.5904676281200876,0.7097226781044271,0.0
C,2028,A,0.1,random,5027,0.7207702888583218,0.6693243276778077,0.7112545981647598,0.5663716814159292,0.4050632911392405,0.4723247232472324,0.590378701584706,0.7098786717210612,0.0
C,2028,A,0.1,random,5028,0.7207702888583218,0.6693243276778077,0.7112545981647598,0.5663716814159292,0.4050632911392405,0.4723247232472324,0.5899929107186788,0.7101310717609094,0.0
C,2028,A,0.2,random,5026,0.7180192572214581,0.6671103718976058,0.7089183339512586,0.5565217391304348,0.4050632911392405,0.4688644688644688,0.592012718566185,0.7092925237130103,0.0
C,2028,A,0.2,random,5027,0.7207702888583218,0.6693243276778077,0.7112545981647598,0.5663716814159292,0.4050632911392405,0.4723247232472324,0.5910154886315189,0.7098436784436527,0.0
C,2028,A,0.2,random,5028,0.7207702888583218,0.6693243276778077,0.7112545981647598,0.5663716814159292,0.4050632911392405,0.4723247232472324,0.5904581618192423,0.7101985657418491,0.0
C,2028,A,0.3,start,5026,0.7166437414030261,0.6653412938171946,0.7077497968159667,0.5517241379310345,0.4050632911392405,0.4671532846715328,0.5917478423015521,0.7089219956924167,0.0
C,2028,A,0.3,middle,5026,0.7221458046767538,0.6721916170880426,0.7135241673854652,0.5689655172413793,0.4177215189873418,0.4817518248175182,0.5906258785771783,0.7088401448796622,0.0
C,2028,A,0.3,end,5026,0.71939477303989,0.6682159337420644,0.7100861356176047,0.5614035087719298,0.4050632911392405,0.4705882352941176,0.5916582053146974,0.7096560384527704,0.0
C,2028,A,0.3,random,5026,0.7180192572214581,0.6671103718976058,0.7089183339512586,0.5565217391304348,0.4050632911392405,0.4688644688644688,0.5927165255736552,0.7091379001330275,0.0
C,2028,A,0.3,random,5027,0.7207702888583218,0.669112719293597,0.7113014072885601,0.5663716814159292,0.4050632911392405,0.4723247232472324,0.5915239502892329,0.7096970182658089,0.0
C,2028,A,0.3,random,5028,0.7207702888583218,0.6701943869835333,0.711737245942802,0.5652173913043478,0.4113924050632911,0.4761904761904761,0.5904533655002967,0.7094729538899308,0.0
C,2028,A,0.4,random,5026,0.7166437414030261,0.6655523873939907,0.7077028451599365,0.5517241379310345,0.4050632911392405,0.4671532846715328,0.5934131908294,0.7082335571319884,0.0
C,2028,A,0.4,random,5027,0.71939477303989,0.6686620891233718,0.7106622213106272,0.5603448275862069,0.4113924050632911,0.4744525547445255,0.5917810949956821,0.7090430875786609,0.0
C,2028,A,0.4,random,5028,0.71939477303989,0.6677579085874662,0.7100336100692998,0.5614035087719298,0.4050632911392405,0.4705882352941176,0.591384595631859,0.7092142510089939,0.0
C,2028,A,0.5,random,5026,0.7166437414030261,0.6655523873939907,0.7077028451599365,0.5517241379310345,0.4050632911392405,0.4671532846715328,0.593518809711653,0.7081583876865909,0.0
C,2028,A,0.5,random,5027,0.71939477303989,0.6686620891233718,0.7106622213106272,0.5603448275862069,0.4113924050632911,0.4744525547445255,0.5920211735093118,0.7090577993673942,0.0
C,2028,A,0.5,random,5028,0.7180192572214581,0.6666537551595451,0.7088679123099132,0.5565217391304348,0.4050632911392405,0.4688644688644688,0.5925656243024481,0.7088879968647812,0.0
C,2028,V,0.1,random,5026,0.7221458046767538,0.6717665213783771,0.7129621581098893,0.5701754385964912,0.4113924050632911,0.4779411764705882,0.5897888756671735,0.7098756792949263,0.0
C,2028,V,0.1,random,5027,0.7221458046767538,0.6726352817219823,0.7136822045103779,0.5641025641025641,0.4177215189873418,0.48,0.5893754489810287,0.7097737429937095,0.0
C,2028,V,0.1,random,5028,0.7235213204951857,0.6737492494867965,0.7148546896958174,0.5689655172413793,0.4177215189873418,0.4817518248175182,0.5880311368346611,0.7102753111715082,0.0
C,2028,V,0.2,random,5026,0.71939477303989,0.6706352431261005,0.7111825355881881,0.559322033898305,0.4177215189873418,0.4782608695652174,0.5908772076471869,0.7093050296222717,0.0
C,2028,V,0.2,random,5027,0.7207702888583218,0.6725994285784825,0.7130633987804752,0.5583333333333333,0.4240506329113924,0.4820143884892086,0.5897584410805227,0.7091072711086529,0.0
C,2028,V,0.2,random,5028,0.7207702888583218,0.6725994285784825,0.7130633987804752,0.5583333333333333,0.4240506329113924,0.4820143884892086,0.5893307909208801,0.7096487374806175,0.0
C,2028,V,0.3,start,5026,0.7235213204951857,0.6779540671275063,0.7170104097452035,0.5645161290322581,0.4430379746835443,0.4964539007092198,0.588916398444258,0.7101211334466494,0.0
C,2028,V,0.3,middle,5026,0.7207702888583218,0.6752634451399467,0.7146044729290905,0.5555555555555556,0.4430379746835443,0.4929577464788732,0.5915379076610147,0.707877352928247,0.0
C,2028,V,0.3,end,5026,0.71939477303989,0.6723096392857405,0.7122246006296518,0.5573770491803278,0.430379746835443,0.4857142857142857,0.5908188028994571,0.7081369718441505,0.0
C,2028,V,0.3,random,5026,0.7235213204951857,0.6777297805713284,0.7168119143101277,0.5691056910569106,0.4430379746835443,0.498220640569395,0.59093797098535,0.7083816905198675,0.0
C,2028,V,0.3,random,5027,0.7221458046767538,0.6763807481373298,0.7157847252284771,0.56,0.4430379746835443,0.4946996466431095,0.5899996017961082,0.7079303913458335,0.0
C,2028,V,0.3,random,5028,0.71939477303989,0.6731289781865972,0.7129102739858065,0.552,0.4367088607594936,0.4876325088339223,0.5905610779854491,0.7081229133534874,0.0
C,2028,V,0.4,random,5026,0.7207702888583218,0.6764879515005681,0.7149498497188665,0.5590551181102362,0.4493670886075949,0.4982456140350877,0.5924298207892499,0.7076185256103141,0.0
C,2028,V,0.4,random,5027,0.7180192572214581,0.6735850286906624,0.7127050627162025,0.5461538461538461,0.4493670886075949,0.4930555555555556,0.5918839145865027,0.7068896390179122,0.0
C,2028,V,0.4,random,5028,0.7207702888583218,0.6762673622035141,0.7151091784669324,0.5546875,0.4493670886075949,0.4965034965034965,0.5909902510842467,0.7075320302044958,0.0
C,2028,V,0.5,random,5026,0.71939477303989,0.6778147540363526,0.7152732197433076,0.5481481481481482,0.4683544303797468,0.5051194539249146,0.5922700076340386,0.7073481416210102,0.0
C,2028,V,0.5,random,5027,0.71939477303989,0.6758938869665513,0.7143258306640076,0.549618320610687,0.4556962025316455,0.4982698961937716,0.5921194264092081,0.7065754329269445,0.0
C,2028,V,0.5,random,5028,0.7180192572214581,0.6747798909587632,0.7131438601480978,0.5454545454545454,0.4556962025316455,0.496551724137931,0.5928197882770495,0.7064512355325849,0.0
C,2028,TA,0.3,start,5026,0.6740027510316369,0.6210810481399016,0.6656711387730574,0.4710743801652892,0.360759493670886,0.4086021505376344,0.6403664052726721,0.6668324469972133,0.0
C,2028,TA,0.3,middle,5026,0.6451169188445667,0.5974520185673898,0.6405052658244992,0.4295774647887324,0.3860759493670886,0.4066666666666667,0.6655447936935074,0.6157297295912565,0.0
C,2028,TA,0.3,end,5026,0.6547455295735901,0.611441647328422,0.6508108323968534,0.4507042253521127,0.4050632911392405,0.4266666666666667,0.6701124466182339,0.6187010177685314,0.0
C,2028,TA,0.3,random,5026,0.6753782668500687,0.6266930012456159,0.6696585276562981,0.4785714285714286,0.4240506329113924,0.4496644295302013,0.6572763674557176,0.6207105896722366,0.0
C,2028,TA,0.3,random,5027,0.6616231086657497,0.6178332343038225,0.6587348360210242,0.4391891891891892,0.4113924050632911,0.4248366013071895,0.660380453232951,0.6357141810165579,0.0
C,2028,TA,0.3,random,5028,0.6354883081155434,0.5774917590055204,0.6253309432387079,0.4358974358974359,0.3227848101265823,0.3709090909090909,0.6731103620474849,0.6263835193003835,0.0
C,2028,TV,0.3,start,5026,0.6740027510316369,0.623100768764223,0.6670983281310561,0.4682539682539682,0.3734177215189873,0.4154929577464789,0.6392378924325168,0.6661096464474713,0.0
C,2028,TV,0.3,middle,5026,0.6478679504814305,0.6036091556359078,0.6454404952271113,0.423841059602649,0.4050632911392405,0.4142394822006472,0.6650329124944151,0.615179067015583,0.0
C,2028,TV,0.3,end,5026,0.6602475928473177,0.6212285640548855,0.6584363506413158,0.4569536423841059,0.4367088607594936,0.4466019417475728,0.6698596521909701,0.618158586036772,0.0
C,2028,TV,0.3,random,5026,0.6740027510316369,0.6261888004981015,0.6689415832349717,0.4788732394366197,0.430379746835443,0.4533333333333333,0.6551426428128385,0.6211889237581969,0.0
C,2028,TV,0.3,random,5027,0.6588720770288858,0.6167805196855521,0.6568834263195472,0.4370860927152318,0.4177215189873418,0.4271844660194174,0.6620457940325197,0.633354764215279,0.0
C,2028,TV,0.3,random,5028,0.6299862448418156,0.5764977203198004,0.6225345911266639,0.4173228346456692,0.3354430379746835,0.3719298245614035,0.6731215723353298,0.6238154932331491,0.0
C,2028,AV,0.3,start,5026,0.7207702888583218,0.6752634451399467,0.7146044729290905,0.5555555555555556,0.4430379746835443,0.4929577464788732,0.5901686037052272,0.7092539746420174,0.0
C,2028,AV,0.3,middle,5026,0.7152682255845942,0.6698059873210864,0.7093816595272221,0.5390625,0.4367088607594936,0.4825174825174825,0.5934432453647017,0.7071556768475998,0.0
C,2028,AV,0.3,end,5026,0.7180192572214581,0.670740256958419,0.7110005443485379,0.5528455284552846,0.430379746835443,0.4839857651245551,0.591905062010348,0.7077891440198396,0.0
C,2028,AV,0.3,random,5026,0.7166437414030261,0.6711215006059864,0.7103932871717715,0.5476190476190477,0.4367088607594936,0.4859154929577465,0.5942149463214182,0.7072329140038024,0.0
C,2028,AV,0.3,random,5027,0.7166437414030261,0.670457232941382,0.71051469102596,0.5433070866141733,0.4367088607594936,0.4842105263157895,0.5928854160295953,0.7071206991690733,0.0
C,2028,AV,0.3,random,5028,0.7152682255845942,0.6687740827656109,0.7088627836554883,0.5396825396825397,0.430379746835443,0.4788732394366197,0.5918912146028564,0.708065338889518,0.0
C,2028,TAV,0.3,start,5026,0.672627235213205,0.6227426198285174,0.6664791681837148,0.4651162790697674,0.379746835443038,0.4181184668989547,0.6395543102916731,0.6662243902177687,0.0
C,2028,TAV,0.3,middle,5026,0.6437414030261348,0.6008062784282593,0.6420194426428953,0.4155844155844156,0.4050632911392405,0.4102564102564102,0.6668789699155783,0.6149014470331045,0.0
C,2028,TAV,0.3,end,5026,0.656121045392022,0.6174753948185217,0.6542301634253861,0.4569536423841059,0.4367088607594936,0.4466019417475728,0.6716570268487922,0.6171596147603575,0.0
C,2028,TAV,0.3,random,5026,0.672627235213205,0.6262036577625677,0.6684380292205224,0.4726027397260274,0.4367088607594936,0.4539473684210526,0.6552839301432402,0.6213237682572236,0.0
C,2028,TAV,0.3,random,5027,0.6533700137551581,0.6112779881880052,0.6515600047593051,0.4276315789473684,0.4113924050632911,0.4193548387096774,0.6638883157207937,0.6323466200334568,0.0
C,2028,TAV,0.3,random,5028,0.6313617606602476,0.5783615573720521,0.6241027387922992,0.421875,0.3417721518987341,0.3776223776223776,0.6729309993976259,0.6240531343912536,0.0
C,2029,none,0.0,none,0,0.6987620357634112,0.6349646451382323,0.6839539609205472,0.51,0.3227848101265823,0.3953488372093023,0.5891789881921713,0.7141940749425859,0.0
C,2029,T,0.1,random,5026,0.6918844566712518,0.6280636296162565,0.6769673489446971,0.5257731958762887,0.3227848101265823,0.4,0.5960382065934646,0.7038654107221006,0.0
C,2029,T,0.1,random,5027,0.6836313617606602,0.6168542254774803,0.6678091282113603,0.4747474747474747,0.2974683544303797,0.3657587548638132,0.6044949258922668,0.6860845837385646,0.0
C,2029,T,0.1,random,5028,0.6795048143053645,0.6227183177536918,0.6687129908011862,0.4954954954954955,0.3481012658227848,0.4089219330855018,0.6046958383011455,0.6956898954894796,0.0
C,2029,T,0.2,random,5026,0.6905089408528198,0.6272716416795413,0.6763583279645641,0.5247524752475248,0.3354430379746835,0.4092664092664093,0.6270440523222405,0.6699216466168583,0.0
C,2029,T,0.2,random,5027,0.671251719394773,0.6133326592058257,0.6592723262442253,0.4862385321100917,0.3354430379746835,0.3970037453183521,0.6273403303200024,0.6622300600879144,0.0
C,2029,T,0.2,random,5028,0.6657496561210454,0.604704663528193,0.6522582972133906,0.4901960784313725,0.3164556962025316,0.3846153846153846,0.6365549146470181,0.6630381002818505,0.0
C,2029,T,0.3,start,5026,0.6767537826685007,0.613154968732054,0.6628298260594374,0.4803921568627451,0.310126582278481,0.3769230769230769,0.6380450678563238,0.6816440449300469,0.0
C,2029,T,0.3,middle,5026,0.656121045392022,0.6027644502950283,0.6482493571261227,0.448,0.3544303797468354,0.3957597173144876,0.6529361299742132,0.6515634890015752,0.0
C,2029,T,0.3,end,5026,0.657496561210454,0.6008532809040394,0.6470584930798299,0.4818181818181818,0.3354430379746835,0.3955223880597014,0.670789294842809,0.6203872286547792,0.0
C,2029,T,0.3,random,5026,0.6753782668500687,0.6118405234139955,0.6613283449167777,0.504950495049505,0.3227848101265823,0.3938223938223938,0.6442322654810515,0.6546999441287132,0.0
C,2029,T,0.3,random,5027,0.6588720770288858,0.6081172264060256,0.6501767620551394,0.475,0.360759493670886,0.4100719424460431,0.6545306043586768,0.6437875840516836,0.0
C,2029,T,0.3,random,5028,0.6616231086657497,0.6018936229462545,0.6493776853872416,0.4722222222222222,0.3227848101265823,0.3834586466165413,0.6630157415730753,0.6443289772067865,0.0
C,2029,T,0.4,random,5026,0.6464924346629987,0.5861041635313171,0.6344281937088299,0.4513274336283185,0.3227848101265823,0.3763837638376384,0.6826435531731576,0.609039541327508,0.0
C,2029,T,0.4,random,5027,0.6217331499312242,0.5685892290639453,0.6145077882017934,0.3893129770992366,0.3227848101265823,0.3529411764705882,0.6981167778666242,0.5863474713636496,0.0
C,2029,T,0.4,random,5028,0.6396148555708391,0.5857717065214225,0.6307164925800951,0.45,0.3417721518987341,0.3884892086330935,0.6931735426337934,0.6026232956624659,0.0
C,2029,T,0.5,random,5026,0.6217331499312242,0.558691041713113,0.6101718558532265,0.4132231404958678,0.3164556962025316,0.3584229390681003,0.7215809184160632,0.5604945473985332,0.0
C,2029,T,0.5,random,5027,0.6231086657496562,0.5759511492699027,0.6177608704274082,0.4233576642335766,0.3670886075949367,0.3932203389830508,0.714848399720725,0.5622430791410228,0.0
C,2029,T,0.5,random,5028,0.624484181568088,0.5734196167038647,0.617951818724967,0.4104477611940298,0.3481012658227848,0.3767123287671233,0.7148206737756542,0.5836062390569385,0.0
C,2029,A,0.1,random,5026,0.7001375515818432,0.6373749735936276,0.6858160263651126,0.5148514851485149,0.3291139240506329,0.4015444015444015,0.5887776138853341,0.7142429583809704,0.0
C,2029,A,0.1,random,5027,0.7015130674002751,0.6384223684594077,0.6869439088957319,0.52,0.3291139240506329,0.4031007751937984,0.5884253721613014,0.7141531420426085,0.0
C,2029,A,0.1,random,5028,0.7001375515818432,0.6373749735936276,0.6858160263651126,0.5148514851485149,0.3291139240506329,0.4015444015444015,0.5890971862844137,0.7137658157759629,0.0
C,2029,A,0.2,random,5026,0.6987620357634112,0.6363301801952174,0.684688670497691,0.5098039215686274,0.3291139240506329,0.4,0.5893848799495521,0.7135746795642222,0.0
C,2029,A,0.2,random,5027,0.6987620357634112,0.6335739187258173,0.6832020130619707,0.5102040816326531,0.3164556962025316,0.390625,0.5889899493659392,0.7139933212102187,0.0
C,2029,A,0.2,random,5028,0.6960110041265475,0.6315069218170568,0.6809640129453625,0.5,0.3164556962025316,0.3875968992248062,0.5904614234614008,0.7129339582541293,0.0
C,2029,A,0.3,start,5026,0.6987620357634112,0.6335739187258173,0.6832020130619707,0.5102040816326531,0.3164556962025316,0.390625,0.5891598305124144,0.7139883073619103,0.0
C,2029,A,0.3,middle,5026,0.6987620357634112,0.6349646451382323,0.6839539609205472,0.51,0.3227848101265823,0.3953488372093023,0.590325721588195,0.712608781272866,0.0
C,2029,A,0.3,end,5026,0.6973865199449794,0.6352879369102236,0.6835618031946065,0.5048543689320388,0.3291139240506329,0.3984674329501915,0.5920219872991592,0.7117717095453199,0.0
C,2029,A,0.3,random,5026,0.6973865199449794,0.6339260803809549,0.6828308703077907,0.504950495049505,0.3227848101265823,0.3938223938223938,0.5895568586983615,0.7134525491798018,0.0
C,2029,A,0.3,random,5027,0.6987620357634112,0.6349646451382323,0.6839539609205472,0.51,0.3227848101265823,0.3953488372093023,0.5893340799797173,0.7137101539431815,0.0
C,2029,A,0.3,random,5028,0.6960110041265475,0.6328900373332611,0.6817082518197629,0.5,0.3227848101265823,0.3923076923076923,0.5911252013499674,0.7121713270751743,0.0
C,2029,A,0.4,random,5026,0.6960110041265475,0.6315640673438838,0.6811136917834039,0.495049504950495,0.3164556962025316,0.3861003861003861,0.5904728605733817,0.7127570498923722,0.0
C,2029,A,0.4,random,5027,0.6973865199449794,0.6325924122100915,0.6822299144069525,0.5,0.3164556962025316,0.3875968992248062,0.5900545137485275,0.7133488823223934,0.0
C,2029,A,0.4,random,5028,0.6946354883081155,0.6305381699082487,0.6799978949303647,0.4901960784313725,0.3164556962025316,0.3846153846153846,0.5917397475774833,0.7116016497882264,0.0
C,2029,A,0.5,random,5026,0.6932599724896836,0.6294498944713048,0.6787278331418348,0.4901960784313725,0.3164556962025316,0.3846153846153846,0.5918123345383662,0.7117406527567589,0.0
C,2029,A,0.5,random,5027,0.6973865199449794,0.6339771631110214,0.6829765962357023,0.5,0.3227848101265823,0.3923076923076923,0.5910164618309006,0.7126212190687854,0.0
C,2029,A,0.5,random,5028,0.6932599724896836,0.6307423398452422,0.6798123174818526,0.4811320754716981,0.3227848101265823,0.3863636363636363,0.592844887847324,0.7104487963896836,0.0
C,2029,V,0.1,random,5026,0.7001375515818432,0.6373749735936276,0.6858160263651126,0.5148514851485149,0.3291139240506329,0.4015444015444015,0.5887624973205765,0.7142416496882434,0.0
C,2029,V,0.1,random,5027,0.6987620357634112,0.6349646451382323,0.6839539609205472,0.51,0.3227848101265823,0.3953488372093023,0.5892201114210212,0.7138199748094786,0.0
C,2029,V,0.1,random,5028,0.6987620357634112,0.6349646451382323,0.6839539609205472,0.51,0.3227848101265823,0.3953488372093023,0.5889519811085765,0.714095065935755,0.0
C,2029,V,0.2,random,5026,0.7001375515818432,0.6373749735936276,0.6858160263651126,0.5148514851485149,0.3291139240506329,0.4015444015444015,0.5886671121195061,0.7140159924985557,0.0
C,2029,V,0.2,random,5027,0.7001375515818432,0.6360057827602538,0.6850775616130726,0.5151515151515151,0.3227848101265823,0.3968871595330739,0.5885041183580682,0.7138891559776609,0.0
C,2029,V,0.2,random,5028,0.7001375515818432,0.6362924626919759,0.6853089333561637,0.51,0.3227848101265823,0.3953488372093023,0.5885203609081623,0.7140880292260351,0.0
C,2029,V,0.3,start,5026,0.7042640990371389,0.6421537410897761,0.6901592272218599,0.5247524752475248,0.3354430379746835,0.4092664092664093,0.5866189091181438,0.7149470489391977,0.0
C,2029,V,0.3,middle,5026,0.7028885832187071,0.6397513326588115,0.6883005942023072,0.52,0.3291139240506329,0.4031007751937984,0.5883220791732907,0.7136203818553605,0.0
C,2029,V,0.3,end,5026,0.7015130674002751,0.6397703230571736,0.6876690891756191,0.5196078431372549,0.3354430379746835,0.4076923076923077,0.5886020244290076,0.7136009822074756,0.0
C,2029,V,0.3,random,5026,0.7015130674002751,0.6397703230571736,0.6876690891756191,0.5196078431372549,0.3354430379746835,0.4076923076923077,0.5884051893721175,0.7138406371972127,0.0
C,2029,V,0.3,random,5027,0.7015130674002751,0.6384223684594077,0.6869439088957319,0.52,0.3291139240506329,0.4031007751937984,0.588158947890919,0.7135484020958599,0.0
C,2029,V,0.3,random,5028,0.7015130674002751,0.6387036982179197,0.6871723537919474,0.5148514851485149,0.3291139240506329,0.4015444015444015,0.588362576376255,0.7136553123454413,0.0
C,2029,V,0.4,random,5026,0.7015130674002751,0.6406371987361675,0.6883267440470302,0.5192307692307693,0.3417721518987341,0.4122137404580153,0.5886386926045621,0.7133565582436563,0.0
C,2029,V,0.4,random,5027,0.7015130674002751,0.6393119396400236,0.6876157961870468,0.5196078431372549,0.3354430379746835,0.4076923076923077,0.5880274274693708,0.7132282336285672,0.0
C,2029,V,0.4,random,5028,0.7028885832187071,0.641099958332556,0.6890267769423217,0.5196078431372549,0.3354430379746835,0.4076923076923077,0.5885275804823292,0.7130889052311052,0.0
C,2029,V,0.5,random,5026,0.7056396148555708,0.6453951756601016,0.6926607889475289,0.5288461538461539,0.3481012658227848,0.4198473282442748,0.5879247418292005,0.7133827561180858,0.0
C,2029,V,0.5,random,5027,0.7015130674002751,0.6406371987361675,0.6883267440470302,0.5192307692307693,0.3417721518987341,0.4122137404580153,0.5880761726059712,0.7128589850228692,0.0
C,2029,V,0.5,random,5028,0.7028885832187071,0.6419722976935794,0.6896896836335727,0.5192307692307693,0.3417721518987341,0.4122137404580153,0.5881204325007385,0.7129712199860748,0.0
C,2029,TA,0.3,start,5026,0.6808803301237965,0.624112095209366,0.6699002895285696,0.5092592592592593,0.3481012658227848,0.4135338345864661,0.6385684248343204,0.6782905276337517,0.0
C,2029,TA,0.3,middle,5026,0.6464924346629987,0.5956043139862305,0.6398288889382704,0.4307692307692308,0.3544303797468354,0.3888888888888889,0.6681884923572045,0.6253789646593163,0.0
C,2029,TA,0.3,end,5026,0.6671251719394773,0.6125065447449757,0.6571059920661718,0.4954954954954955,0.3481012658227848,0.4089219330855018,0.6674836481405216,0.621492825124887,0.0
C,2029,TA,0.3,random,5026,0.6657496561210454,0.6061721392407723,0.6539007841055666,0.4821428571428571,0.3417721518987341,0.4,0.6574124131995029,0.6402320811564313,0.0
C,2029,TA,0.3,random,5027,0.6588720770288858,0.6054372512650245,0.6498914247473706,0.45,0.3417721518987341,0.3884892086330935,0.6618449649826923,0.6399393405111137,0.0
C,2029,TA,0.3,random,5028,0.6492434662998624,0.5912440140279287,0.6388197641010592,0.4561403508771929,0.3291139240506329,0.3823529411764705,0.6717953466098663,0.629522075677589,0.0
C,2029,TV,0.3,start,5026,0.686382393397524,0.6323030717969784,0.6763841160413246,0.5272727272727272,0.3670886075949367,0.4328358208955223,0.6343097042227233,0.6814359172726738,0.0
C,2029,TV,0.3,middle,5026,0.6519944979367263,0.6032929318195505,0.6458661030417917,0.4503816793893129,0.3734177215189873,0.4083044982698962,0.6658946861623991,0.6263670365980966,0.0
C,2029,TV,0.3,end,5026,0.671251719394773,0.6196348831100603,0.6619368812753167,0.5178571428571429,0.3670886075949367,0.4296296296296296,0.6665949041486519,0.6213580678953022,0.0
C,2029,TV,0.3,random,5026,0.6671251719394773,0.6090290234243819,0.6558133065699453,0.4867256637168141,0.3481012658227848,0.4059040590405904,0.6558791321472575,0.6427484730020722,0.0
C,2029,TV,0.3,random,5027,0.6629986244841816,0.6113276920267439,0.6543075227297964,0.4666666666666667,0.3544303797468354,0.4028776978417266,0.6603442034171493,0.6402408598723124,0.0
C,2029,TV,0.3,random,5028,0.6533700137551581,0.5944868137955246,0.6421424732269068,0.4684684684684684,0.3291139240506329,0.3866171003717472,0.668163331729896,0.632486027960327,0.0
C,2029,AV,0.3,start,5026,0.7001375515818432,0.6362508289040013,0.6851696866213672,0.5151515151515151,0.3227848101265823,0.3968871595330739,0.5875979670960113,0.7143603953459531,0.0
C,2029,AV,0.3,middle,5026,0.7015130674002751,0.6396358793506242,0.6879859276276414,0.5096153846153846,0.3354430379746835,0.4045801526717557,0.5898919071818878,0.7119300487587686,0.0
C,2029,AV,0.3,end,5026,0.6960110041265475,0.6351291424950175,0.6831008335469689,0.5,0.3354430379746835,0.4015151515151515,0.5919800914684165,0.7110951509911789,0.0
C,2029,AV,0.3,random,5026,0.6973865199449794,0.6362171599990626,0.6843711500087861,0.5,0.3354430379746835,0.4015151515151515,0.589622676600224,0.713131398211418,0.0
C,2029,AV,0.3,random,5027,0.6960110041265475,0.6329449890327139,0.6818565002944269,0.4951456310679611,0.3227848101265823,0.3908045977011494,0.5894528306720154,0.7128460310184142,0.0
C,2029,AV,0.3,random,5028,0.6973865199449794,0.6351265417605351,0.6837474730056603,0.5,0.3291139240506329,0.3969465648854962,0.5906887225636124,0.7115267666024938,0.0
C,2029,TAV,0.3,start,5026,0.686382393397524,0.6323878574621119,0.6766586064127699,0.5225225225225225,0.3670886075949367,0.4312267657992565,0.63679583550674,0.6801007469941872,0.0
C,2029,TAV,0.3,middle,5026,0.6519944979367263,0.6057246082150568,0.6468918898714792,0.4518518518518518,0.3860759493670886,0.4163822525597269,0.6688542920830595,0.623430407425658,0.0
C,2029,TAV,0.3,end,5026,0.671251719394773,0.6202540126837316,0.663012911133509,0.5042735042735043,0.3734177215189873,0.4290909090909091,0.6683966010627455,0.6214574937539175,0.0
C,2029,TAV,0.3,random,5026,0.6698762035763411,0.6123802231621829,0.658833220938684,0.4912280701754385,0.3544303797468354,0.4117647058823529,0.655931982625495,0.6417101551383319,0.0
C,2029,TAV,0.3,random,5027,0.6588720770288858,0.6061800004296053,0.6504425188578816,0.4508196721311475,0.3481012658227848,0.3928571428571428,0.6626211908796777,0.6396393843099231,0.0
C,2029,TAV,0.3,random,5028,0.6492434662998624,0.5920040366006791,0.6393755978065975,0.4568965517241379,0.3354430379746835,0.3868613138686131,0.6710619063355421,0.6293687177606819,0.0
C,2030,none,0.0,none,0,0.6973865199449794,0.6405608999697906,0.6865384453285215,0.5043478260869565,0.3670886075949367,0.4249084249084249,0.6061970544703341,0.7045702403503946,0.0
C,2030,T,0.1,random,5026,0.6946354883081155,0.64314533369677,0.6859790334377547,0.5040650406504065,0.3924050632911392,0.4412811387900356,0.6146550388360759,0.6937027999047979,0.0
C,2030,T,0.1,random,5027,0.6753782668500687,0.6221036325064614,0.6677822272769948,0.4461538461538462,0.3670886075949367,0.4027777777777778,0.6286638483157353,0.6718200259158098,0.0
C,2030,T,0.1,random,5028,0.6836313617606602,0.6363376365922058,0.6767941403105944,0.5,0.4113924050632911,0.4513888888888889,0.631556046214502,0.6812037095272322,0.0
C,2030,T,0.2,random,5026,0.6836313617606602,0.6320287854162405,0.6763403721742749,0.4850746268656716,0.4113924050632911,0.4452054794520548,0.645098029461603,0.6526080586560176,0.0
C,2030,T,0.2,random,5027,0.6657496561210454,0.613235111008049,0.6587252504052731,0.437037037037037,0.3734177215189873,0.4027303754266211,0.6530971164616891,0.6509399652421736,0.0
C,2030,T,0.2,random,5028,0.6740027510316369,0.6286134683496161,0.6689150669253234,0.4782608695652174,0.4177215189873418,0.4459459459459459,0.6559344871264621,0.6552751284449083,0.0
C,2030,T,0.3,start,5026,0.671251719394773,0.6185087844462139,0.663875958925108,0.4496124031007752,0.3670886075949367,0.4041811846689895,0.6577656713407988,0.6629829858755564,0.0
C,2030,T,0.3,middle,5026,0.6547455295735901,0.610130637145824,0.6537283453438453,0.4171779141104294,0.430379746835443,0.4236760124610592,0.6679955050643458,0.6402856560577863,0.0
C,2030,T,0.3,end,5026,0.6423658872077029,0.5919288254022148,0.6364845436597658,0.4172661870503597,0.3670886075949367,0.3905723905723905,0.6914483573053294,0.6052898926053824,0.0
C,2030,T,0.3,random,5026,0.6740027510316369,0.6233653647725947,0.6681509133123651,0.4647887323943662,0.4177215189873418,0.44,0.6570656070968457,0.6400372893947985,0.0
C,2030,T,0.3,random,5027,0.656121045392022,0.6108936698255985,0.6530803467238775,0.4266666666666667,0.4050632911392405,0.4155844155844156,0.6712089359213812,0.6300152040845255,0.0
C,2030,T,0.3,random,5028,0.6588720770288858,0.6113884376563324,0.6534313550602849,0.4598540145985401,0.3987341772151899,0.4271186440677966,0.6770944213968437,0.6348576035250846,0.0
C,2030,T,0.4,random,5026,0.6492434662998624,0.595749178357874,0.642534763245247,0.4326241134751773,0.3860759493670886,0.4080267558528428,0.689208258834939,0.5997639831059365,0.0
C,2030,T,0.4,random,5027,0.609353507565337,0.5587553932737949,0.605852431329093,0.3509933774834437,0.3354430379746835,0.343042071197411,0.7137428812532653,0.5761684767892494,0.0
C,2030,T,0.4,random,5028,0.6354883081155434,0.5903009704021333,0.6310057247436598,0.4305555555555556,0.3924050632911392,0.4105960264900662,0.7074315231104171,0.5843324878979357,0.0
C,2030,T,0.5,random,5026,0.6299862448418156,0.577195495799233,0.6238155348078565,0.4093959731543624,0.3860759493670886,0.3973941368078176,0.7253675421803764,0.5548291904861933,0.0
C,2030,T,0.5,random,5027,0.6011004126547456,0.5566553467776252,0.6018497164711653,0.3450292397660818,0.3734177215189873,0.3586626139817629,0.7325213895648638,0.547339820734914,0.0
C,2030,T,0.5,random,5028,0.6176066024759285,0.5705511567834681,0.6143716724381482,0.3821656050955414,0.379746835443038,0.3809523809523809,0.7265027865947687,0.5635632109680827,0.0
C,2030,A,0.1,random,5026,0.6987620357634112,0.6416062806411179,0.6876616944212038,0.5087719298245614,0.3670886075949367,0.4264705882352941,0.6074649301851097,0.7042711324537774,0.0
C,2030,A,0.1,random,5027,0.7001375515818432,0.6429907287241008,0.6890632026733507,0.5087719298245614,0.3670886075949367,0.4264705882352941,0.6065256381109432,0.7048312946631575,0.0
C,2030,A,0.1,random,5028,0.6973865199449794,0.6405608999697906,0.6865384453285215,0.5043478260869565,0.3670886075949367,0.4249084249084249,0.607636717363961,0.7039947798980234,0.0
C,2030,A,0.2,random,5026,0.6987620357634112,0.6416062806411179,0.6876616944212038,0.5087719298245614,0.3670886075949367,0.4264705882352941,0.6091694433886776,0.7037529286350417,0.0
C,2030,A,0.2,random,5027,0.7001375515818432,0.6429907287241008,0.6890632026733507,0.5087719298245614,0.3670886075949367,0.4264705882352941,0.6080118087674303,0.7043541023074432,0.0
C,2030,A,0.2,random,5028,0.6973865199449794,0.6396728215872538,0.686170152947607,0.5,0.360759493670886,0.4191176470588235,0.6098089143451189,0.7033347622523742,0.0
C,2030,A,0.3,start,5026,0.6987620357634112,0.6419451105626953,0.6879395988155722,0.5043478260869565,0.3670886075949367,0.4249084249084249,0.6085174773487207,0.7036856549245106,0.0
C,2030,A,0.3,middle,5026,0.6987620357634112,0.6416062806411179,0.6876616944212038,0.5087719298245614,0.3670886075949367,0.4264705882352941,0.6099352307634853,0.7038098734220608,0.0
C,2030,A,0.3,end,5026,0.6987620357634112,0.642819099461413,0.688298704930558,0.5086206896551724,0.3734177215189873,0.4306569343065693,0.6112334655845584,0.702522513945058,0.0
C,2030,A,0.3,random,5026,0.6987620357634112,0.6419451105626953,0.6879395988155722,0.5043478260869565,0.3670886075949367,0.4249084249084249,0.610709928677826,0.7031817220294085,0.0
C,2030,A,0.3,random,5027,0.7001375515818432,0.6429907287241008,0.6890632026733507,0.5087719298245614,0.3670886075949367,0.4264705882352941,0.6095661049583181,0.7037285480596072,0.0
C,2030,A,0.3,random,5028,0.6946354883081155,0.637251970783098,0.683651249176881,0.4956521739130435,0.360759493670886,0.4175824175824176,0.6124854464480289,0.7020058928415455,0.0
C,2030,A,0.4,random,5026,0.6987620357634112,0.6419451105626953,0.6879395988155722,0.5043478260869565,0.3670886075949367,0.4249084249084249,0.6120228267961975,0.7028315671709997,0.0
C,2030,A,0.4,random,5027,0.6973865199449794,0.6403860094370822,0.6867123436217094,0.5,0.3670886075949367,0.4233576642335766,0.6107774842837941,0.7034744741106848,0.0
C,2030,A,0.4,random,5028,0.7001375515818432,0.6429907287241008,0.6890632026733507,0.5087719298245614,0.3670886075949367,0.4264705882352941,0.6111115532366116,0.7029550699277639,0.0
C,2030,A,0.5,random,5026,0.7001375515818432,0.6429907287241008,0.6890632026733507,0.5087719298245614,0.3670886075949367,0.4264705882352941,0.6131705839665273,0.7026893815373715,0.0
C,2030,A,0.5,random,5027,0.6973865199449794,0.6403860094370822,0.6867123436217094,0.5,0.3670886075949367,0.4233576642335766,0.6125922696706668,0.7027982518052192,0.0
C,2030,A,0.5,random,5028,0.6987620357634112,0.6414278267144806,0.6878334693240282,0.5043478260869565,0.3670886075949367,0.4249084249084249,0.6130981486539963,0.7022943266634946,0.0
C,2030,V,0.1,random,5026,0.6960110041265475,0.6398611239625533,0.6856936567834614,0.4957264957264957,0.3670886075949367,0.4218181818181818,0.6066392215149219,0.7037427186327325,0.0
C,2030,V,0.1,random,5027,0.6960110041265475,0.6398611239625533,0.6856936567834614,0.4957264957264957,0.3670886075949367,0.4218181818181818,0.6068294139743984,0.703677946676868,0.0
C,2030,V,0.1,random,5028,0.6960110041265475,0.6396941221424294,0.6858730442380305,0.4915254237288136,0.3670886075949367,0.4202898550724637,0.6060130544502381,0.7040885414696489,0.0
C,2030,V,0.2,random,5026,0.6905089408528198,0.6350586031115043,0.6812998463999574,0.4754098360655737,0.3670886075949367,0.4142857142857143,0.6071707826755206,0.7030059714983131,0.0
C,2030,V,0.2,random,5027,0.6918844566712518,0.6360856117088932,0.6824173329886435,0.4793388429752066,0.3670886075949367,0.4157706093189964,0.6075495539517697,0.7027797117804012,0.0
C,2030,V,0.2,random,5028,0.6905089408528198,0.6349097594197449,0.6814912058681315,0.4715447154471545,0.3670886075949367,0.4128113879003559,0.606791475391584,0.703317546847447,0.0
C,2030,V,0.3,start,5026,0.6932599724896836,0.6369593557019032,0.6837225406590821,0.4793388429752066,0.3670886075949367,0.4157706093189964,0.6053760954504792,0.703943347391443,0.0
C,2030,V,0.3,middle,5026,0.6891334250343879,0.6338881097255292,0.6803758247769801,0.4677419354838709,0.3670886075949367,0.4113475177304964,0.6069788665310661,0.7027087903406793,0.0
C,2030,V,0.3,end,5026,0.6891334250343879,0.6340337191218913,0.6801825679541437,0.4715447154471545,0.3670886075949367,0.4128113879003559,0.6086264043054125,0.7021990366151728,0.0
C,2030,V,0.3,random,5026,0.6891334250343879,0.6340337191218913,0.6801825679541437,0.4715447154471545,0.3670886075949367,0.4128113879003559,0.607811573461898,0.7023736876313276,0.0
C,2030,V,0.3,random,5027,0.6905089408528198,0.6350586031115043,0.6812998463999574,0.4754098360655737,0.3670886075949367,0.4142857142857143,0.6073885917838868,0.7023588154147958,0.0
C,2030,V,0.3,random,5028,0.6891334250343879,0.6338881097255292,0.6803758247769801,0.4677419354838709,0.3670886075949367,0.4113475177304964,0.6067377790175095,0.702757928851519,0.0
C,2030,V,0.4,random,5026,0.687757909215956,0.6327304022751498,0.6794592906145833,0.4603174603174603,0.3670886075949367,0.4084507042253521,0.6061513857958063,0.7041089376423986,0.0
C,2030,V,0.4,random,5027,0.687757909215956,0.6323563491190815,0.6791653700018495,0.464,0.3670886075949367,0.4098939929328622,0.6076997163121906,0.7033173589058019,0.0
C,2030,V,0.4,random,5028,0.687757909215956,0.6327304022751498,0.6794592906145833,0.4603174603174603,0.3670886075949367,0.4084507042253521,0.6070082307734808,0.7036002395311719,0.0
C,2030,V,0.5,random,5026,0.6850068775790922,0.6307033491499511,0.6772327503487611,0.453125,0.3670886075949367,0.4055944055944055,0.606929405875163,0.7028949534693596,0.0
C,2030,V,0.5,random,5027,0.6836313617606602,0.6291850231675761,0.6760310548746078,0.4496124031007752,0.3670886075949367,0.4041811846689895,0.6080679984675408,0.7022809986755775,0.0
C,2030,V,0.5,random,5028,0.6836313617606602,0.6291850231675761,0.6760310548746078,0.4496124031007752,0.3670886075949367,0.4041811846689895,0.6079806164826099,0.7022410305347457,0.0
C,2030,TA,0.3,start,5026,0.6836313617606602,0.6358817596782411,0.6771286966791092,0.4923076923076923,0.4050632911392405,0.4444444444444444,0.6548182681097843,0.6632587060753482,0.0
C,2030,TA,0.3,middle,5026,0.6437414030261348,0.601430870670942,0.6424138785277962,0.4125,0.4177215189873418,0.4150943396226415,0.6891126491835373,0.6094535496528644,0.0
C,2030,TA,0.3,end,5026,0.6588720770288858,0.6082902779308909,0.6503966275322232,0.4677419354838709,0.3670886075949367,0.4113475177304964,0.6892791898579721,0.6057700150168648,0.0
C,2030,TA,0.3,random,5026,0.6685006877579092,0.6195891913384174,0.6634160364684892,0.4589041095890411,0.4240506329113924,0.4407894736842105,0.6745487498668304,0.6216462657087686,0.0
C,2030,TA,0.3,random,5027,0.6464924346629987,0.6002228013757837,0.6440433134811784,0.3947368421052631,0.379746835443038,0.3870967741935484,0.6855684167646443,0.6178573830159636,0.0
C,2030,TA,0.3,random,5028,0.640990371389271,0.5878537424617062,0.6338949636041499,0.4285714285714285,0.360759493670886,0.3917525773195876,0.69369333897689,0.6122396692051345,0.0
C,2030,TV,0.3,start,5026,0.6836313617606602,0.6396653331186263,0.6790407571170018,0.4890510948905109,0.4240506329113924,0.4542372881355932,0.6509778197698889,0.6657916408792488,0.0
C,2030,TV,0.3,middle,5026,0.6506189821182944,0.6133096164977435,0.6517405280032306,0.4244186046511627,0.4620253164556962,0.4424242424242424,0.6800226548201223,0.6165558418950721,0.0
C,2030,TV,0.3,end,5026,0.6588720770288858,0.6160644754036634,0.654622860549494,0.4680851063829787,0.4177215189873418,0.4414715719063545,0.68603463833763,0.6059290411178935,0.0
C,2030,TV,0.3,random,5026,0.6616231086657497,0.6187440025397462,0.6599230341084275,0.4472049689440994,0.4556962025316455,0.45141065830721,0.6697801533286346,0.6225426037321954,0.0
C,2030,TV,0.3,random,5027,0.6423658872077029,0.5982812095800725,0.6417849828662086,0.3836477987421384,0.3860759493670886,0.3848580441640378,0.6817157334543131,0.619048103167061,0.0
C,2030,TV,0.3,random,5028,0.6478679504814305,0.6006520049790721,0.6437264870260001,0.4413793103448276,0.4050632911392405,0.4224422442244224,0.6842825666707854,0.6161309080624969,0.0
C,2030,AV,0.3,start,5026,0.6946354883081155,0.6379873887704252,0.6848385599922553,0.4833333333333333,0.3670886075949367,0.4172661870503597,0.6077261538721125,0.7031129455895073,0.0
C,2030,AV,0.3,middle,5026,0.687757909215956,0.6323563491190815,0.6791653700018495,0.464,0.3670886075949367,0.4098939929328622,0.6108672156070921,0.7016096598729953,0.0
C,2030,AV,0.3,end,5026,0.6891334250343879,0.6352242147861954,0.6807965029633993,0.472,0.3734177215189873,0.4169611307420495,0.6137308235295797,0.6999473651077651,0.0
C,2030,AV,0.3,random,5026,0.6905089408528198,0.6354182473494793,0.6815841959271175,0.4715447154471545,0.3670886075949367,0.4128113879003559,0.6121198145603503,0.7023152276864508,0.0
C,2030,AV,0.3,random,5027,0.6891334250343879,0.6335199086424819,0.6800848707845788,0.4715447154471545,0.3670886075949367,0.4128113879003559,0.611798483075776,0.7009076711854632,0.0
C,2030,AV,0.3,random,5028,0.686382393397524,0.6318508947993363,0.6781454733948674,0.4603174603174603,0.3670886075949367,0.4084507042253521,0.6133585128403909,0.6995797092379286,0.0
C,2030,TAV,0.3,start,5026,0.6795048143053645,0.6361454333379214,0.6753158951664234,0.4820143884892086,0.4240506329113924,0.4511784511784512,0.6544529260578568,0.6626195932316141,0.0
C,2030,TAV,0.3,middle,5026,0.6506189821182944,0.6134256392764044,0.6515364988591205,0.4269005847953216,0.4620253164556962,0.4437689969604863,0.6845790005072102,0.6107249818356092,0.0
C,2030,TAV,0.3,end,5026,0.656121045392022,0.6099383381871787,0.6501896812723172,0.4626865671641791,0.3924050632911392,0.4246575342465753,0.6902534621863016,0.6029781956587045,0.0
C,2030,TAV,0.3,random,5026,0.6643741403026134,0.6198469638039175,0.661743784405066,0.4522292993630573,0.4493670886075949,0.4507936507936508,0.6733429616562369,0.6203468138037084,0.0
C,2030,TAV,0.3,random,5027,0.6451169188445667,0.6012815223485263,0.6444965006385386,0.389937106918239,0.3924050632911392,0.3911671924290221,0.6848662101975689,0.6173314301686259,0.0
C,2030,TAV,0.3,random,5028,0.6451169188445667,0.5975664374581765,0.6409694145717675,0.4344827586206896,0.3987341772151899,0.4158415841584158,0.6887056099682854,0.6120868651799084,0.0
F,2026,none,0.0,none,0,0.7152682255845942,0.6562932379277626,0.7023572594749375,0.5436893203883495,0.3544303797468354,0.4291187739463601,0.5941231067294419,0.7089453064502547,0.0
F,2026,T,0.1,random,5026,0.7042640990371389,0.6427846279164607,0.6900308820900674,0.53,0.3354430379746835,0.4108527131782946,0.6011547261376863,0.7027082583500981,0.0
F,2026,T,0.1,random,5027,0.6836313617606602,0.6216880992468535,0.6699266008140259,0.4807692307692308,0.3164556962025316,0.3816793893129771,0.6124674811449095,0.6755217061393352,0.0
F,2026,T,0.1,random,5028,0.6822558459422283,0.6258933886850738,0.6709143267456698,0.5045871559633027,0.3481012658227848,0.4119850187265917,0.6122753602965427,0.6910071859476767,0.0
F,2026,T,0.2,random,5026,0.686382393397524,0.6225449812880103,0.6723810676154383,0.5,0.3291139240506329,0.3969465648854962,0.6338991644949619,0.6622854144150789,0.0
F,2026,T,0.2,random,5027,0.671251719394773,0.6052120605561754,0.655521406796318,0.4646464646464646,0.2911392405063291,0.357976653696498,0.6327131099145982,0.6560340844689196,0.0
F,2026,T,0.2,random,5028,0.6671251719394773,0.610701128936423,0.6551266038489924,0.5,0.3354430379746835,0.4015151515151515,0.6341062242374462,0.6662238390121684,0.0
F,2026,T,0.3,start,5026,0.6781292984869326,0.6056167145585696,0.6594013450181052,0.4725274725274725,0.2721518987341772,0.3453815261044177,0.6336712312018103,0.6705894956818095,0.0
F,2026,T,0.3,middle,5026,0.6643741403026134,0.6043279439907421,0.6537554339494696,0.4568965517241379,0.3354430379746835,0.3868613138686131,0.6514161089172396,0.6490131773238168,0.0
F,2026,T,0.3,end,5026,0.6506189821182944,0.5586330481616351,0.6209963757159668,0.4264705882352941,0.1835443037974683,0.2566371681415929,0.6749769521248175,0.6174844597273269,0.0
F,2026,T,0.3,random,5026,0.6740027510316369,0.6095512583884677,0.6594768907522818,0.4901960784313725,0.3164556962025316,0.3846153846153846,0.6485462172361289,0.6429773351382609,0.0
F,2026,T,0.3,random,5027,0.6533700137551581,0.5906087186119396,0.6393352888156818,0.4607843137254901,0.2974683544303797,0.3615384615384615,0.6552884094298912,0.6360924034170999,0.0
F,2026,T,0.3,random,5028,0.6519944979367263,0.5910800294291281,0.6391710259841034,0.4711538461538461,0.310126582278481,0.3740458015267175,0.6605935144882542,0.6408752933355544,0.0
F,2026,T,0.4,random,5026,0.6327372764786795,0.5579600906556547,0.6132688257612502,0.4086021505376344,0.240506329113924,0.3027888446215139,0.6788460844608144,0.6084062265427147,0.0
F,2026,T,0.4,random,5027,0.624484181568088,0.5562097823441028,0.6072071639188737,0.4148936170212766,0.2468354430379747,0.3095238095238095,0.6924904617833222,0.5869448182857433,0.0
F,2026,T,0.4,random,5028,0.6327372764786795,0.5612287796697206,0.6150109901162336,0.4166666666666667,0.2531645569620253,0.3149606299212598,0.6933687210782461,0.6038531037857046,0.0
F,2026,T,0.5,random,5026,0.624484181568088,0.551324575721813,0.6044246332982309,0.4505494505494505,0.2594936708860759,0.3293172690763052,0.7136875411253238,0.5572012339550241,0.0
F,2026,T,0.5,random,5027,0.6272352132049519,0.5601638745083491,0.610301495499673,0.422680412371134,0.2594936708860759,0.3215686274509804,0.7076700751479783,0.5576286364484133,0.0
F,2026,T,0.5,random,5028,0.6258596973865199,0.5482209211129017,0.6051264306996996,0.3870967741935484,0.2278481012658227,0.2868525896414343,0.7069770259791639,0.5866915998205046,0.0
F,2026,A,0.1,random,5026,0.7125171939477304,0.6541236034832801,0.6999324065258424,0.5384615384615384,0.3544303797468354,0.4274809160305343,0.5944568334650786,0.7086031051341803,0.0
F,2026,A,0.1,random,5027,0.7166437414030261,0.6586471327558093,0.7041910983878541,0.5480769230769231,0.360759493670886,0.4351145038167939,0.5938462068905269,0.7090291834351455,0.0
F,2026,A,0.1,random,5028,0.7152682255845942,0.6577679735388342,0.7029838440976023,0.5428571428571428,0.360759493670886,0.4334600760456273,0.5942020514727802,0.7086923143641949,0.0
F,2026,A,0.2,random,5026,0.7138927097661623,0.6562799945152887,0.7019365859482374,0.5377358490566038,0.360759493670886,0.4318181818181818,0.5938397808803872,0.7090203096006428,0.0
F,2026,A,0.2,random,5027,0.7138927097661623,0.6564715003166749,0.7017619351613139,0.5428571428571428,0.360759493670886,0.4334600760456273,0.5941337929501276,0.7086958959043907,0.0
F,2026,A,0.2,random,5028,0.7152682255845942,0.6577679735388342,0.7029838440976023,0.5428571428571428,0.360759493670886,0.4334600760456273,0.5941796014441217,0.7084787688684502,0.0
F,2026,A,0.3,start,5026,0.7138927097661623,0.6550281794170985,0.7013831901869696,0.5333333333333333,0.3544303797468354,0.4258555133079847,0.5934102389839245,0.709372587278549,0.0
F,2026,A,0.3,middle,5026,0.7138927097661623,0.6560606060606061,0.7018631986995123,0.5377358490566038,0.360759493670886,0.4318181818181818,0.5950883839653154,0.7080544993798589,0.0
F,2026,A,0.3,end,5026,0.7138927097661623,0.6573063675230858,0.7025253720476891,0.5370370370370371,0.3670886075949367,0.4360902255639097,0.5948017231817383,0.7081057836924298,0.0
F,2026,A,0.3,random,5026,0.7180192572214581,0.6620169663017746,0.7068413836808946,0.5462962962962963,0.3734177215189873,0.4436090225563909,0.5934719025200086,0.7092875459850423,0.0
F,2026,A,0.3,random,5027,0.7125171939477304,0.6556035286304679,0.7014090789927426,0.5321100917431193,0.3670886075949367,0.4344569288389513,0.5950009385751562,0.7083532872295616,0.0
F,2026,A,0.3,random,5028,0.7138927097661623,0.6574991164128882,0.7023515317475734,0.5420560747663551,0.3670886075949367,0.4377358490566038,0.594596225064743,0.7080476266138993,0.0
F,2026,A,0.4,random,5026,0.7152682255845942,0.659834708876348,0.7044042964244864,0.5412844036697247,0.3734177215189873,0.4419475655430712,0.5937522187175147,0.7085448212492472,0.0
F,2026,A,0.4,random,5027,0.7111416781292985,0.6545272055515743,0.7002561479841883,0.5272727272727272,0.3670886075949367,0.4328358208955223,0.594830934827153,0.7082979322105647,0.0
F,2026,A,0.4,random,5028,0.7152682255845942,0.6596155590469926,0.7043312656367041,0.5412844036697247,0.3734177215189873,0.4419475655430712,0.5937837709582213,0.7084612664089771,0.0
F,2026,A,0.5,random,5026,0.7125171939477304,0.6560261401103302,0.7014272677527706,0.5321100917431193,0.3670886075949367,0.4344569288389513,0.5950247346003592,0.7076472736012823,0.0
F,2026,A,0.5,random,5027,0.7111416781292985,0.6545272055515743,0.7002561479841883,0.5272727272727272,0.3670886075949367,0.4328358208955223,0.5946894699446293,0.7080606663243866,0.0
F,2026,A,0.5,random,5028,0.7125171939477304,0.6558024543675102,0.7013508211122151,0.5321100917431193,0.3670886075949367,0.4344569288389513,0.5949406716508524,0.7077079603348763,0.0
F,2026,V,0.1,random,5026,0.7152682255845942,0.6575570216342556,0.7029192568746215,0.5480769230769231,0.360759493670886,0.4351145038167939,0.5936283609058651,0.7090287306101053,0.0
F,2026,V,0.1,random,5027,0.7152682255845942,0.6573366850246823,0.7028444532624697,0.5480769230769231,0.360759493670886,0.4351145038167939,0.5945066540515568,0.7078139212186326,0.0
F,2026,V,0.1,random,5028,0.7152682255845942,0.6577594274739629,0.7028650352020421,0.5480769230769231,0.360759493670886,0.4351145038167939,0.5943801777461133,0.7084390605880587,0.0
F,2026,V,0.2,random,5026,0.7138927097661623,0.6562528220236826,0.7016896087593504,0.5428571428571428,0.360759493670886,0.4334600760456273,0.5934033966796188,0.7087162637679421,0.0
F,2026,V,0.2,random,5027,0.7125171939477304,0.6547376705085312,0.7003953734210986,0.5428571428571428,0.360759493670886,0.4334600760456273,0.5943949120186365,0.7073955872148493,0.0
F,2026,V,0.2,random,5028,0.7138927097661623,0.6562528220236826,0.7016896087593504,0.5428571428571428,0.360759493670886,0.4334600760456273,0.594743302455774,0.7079632166080077,0.0
F,2026,V,0.3,start,5026,0.7138927097661623,0.6560513178655493,0.7017446006441133,0.5428571428571428,0.360759493670886,0.4334600760456273,0.5941500629980763,0.7081798408911677,0.0
F,2026,V,0.3,middle,5026,0.7125171939477304,0.6549350086868359,0.7002259181203022,0.5480769230769231,0.360759493670886,0.4351145038167939,0.5951304625744661,0.7071284780313862,0.0
F,2026,V,0.3,end,5026,0.7125171939477304,0.6549392033643424,0.7003410100811256,0.5428571428571428,0.360759493670886,0.4334600760456273,0.5950806948181572,0.7072077840097409,0.0
F,2026,V,0.3,random,5026,0.7138927097661623,0.6564501602019873,0.7015201534585539,0.5480769230769231,0.360759493670886,0.4351145038167939,0.5936973484728252,0.7082084516209928,0.0
F,2026,V,0.3,random,5027,0.7125171939477304,0.6547376705085312,0.7003953734210986,0.5428571428571428,0.360759493670886,0.4334600760456273,0.5938197082773827,0.7071781352622971,0.0
F,2026,V,0.3,random,5028,0.7138927097661623,0.6562528220236826,0.7016896087593504,0.5428571428571428,0.360759493670886,0.4334600760456273,0.59510982728357,0.7074274803452917,0.0
F,2026,V,0.4,random,5026,0.7138927097661623,0.6564501602019873,0.7015201534585539,0.5480769230769231,0.360759493670886,0.4351145038167939,0.5939950392084685,0.707718296721455,0.0
F,2026,V,0.4,random,5027,0.7111416781292985,0.652583234922842,0.6983952476744577,0.5436893203883495,0.3544303797468354,0.4291187739463601,0.5946138651664926,0.7064871957487759,0.0
F,2026,V,0.4,random,5028,0.7138927097661623,0.6564501602019873,0.7015201534585539,0.5480769230769231,0.360759493670886,0.4351145038167939,0.5958039935055653,0.7064488817926154,0.0
F,2026,V,0.5,random,5026,0.7111416781292985,0.6538583377520982,0.6991871261299588,0.5377358490566038,0.360759493670886,0.4318181818181818,0.5945810971828475,0.7071143296063248,0.0
F,2026,V,0.5,random,5027,0.7070151306740028,0.6501860744723665,0.695583838760268,0.5277777777777778,0.360759493670886,0.4285714285714285,0.5958360228658597,0.7052459272508835,0.0
F,2026,V,0.5,random,5028,0.7111416781292985,0.6542828282828282,0.699207536159393,0.5377358490566038,0.360759493670886,0.4318181818181818,0.5963467089010933,0.7059088166900398,0.0
F,2026,TA,0.3,start,5026,0.6891334250343879,0.6252134539429269,0.6738410545837312,0.5208333333333334,0.3164556962025316,0.3937007874015748,0.6301832170039182,0.6752947348784801,0.0
F,2026,TA,0.3,middle,5026,0.6533700137551581,0.5996693987301425,0.644718873219489,0.4545454545454545,0.3481012658227848,0.3942652329749104,0.6650127912608924,0.6270519713205045,0.0
F,2026,TA,0.3,end,5026,0.6588720770288858,0.573685020023791,0.6323744394224522,0.4520547945205479,0.2088607594936709,0.2857142857142857,0.664828342792344,0.6229114305633452,0.0
F,2026,TA,0.3,random,5026,0.6685006877579092,0.6052122860945247,0.6548899745294108,0.4811320754716981,0.3227848101265823,0.3863636363636363,0.6607006854726994,0.6282195957074923,0.0
F,2026,TA,0.3,random,5027,0.6533700137551581,0.5875004271384411,0.6381258729464304,0.44,0.2784810126582278,0.3410852713178294,0.660281435749578,0.6306128874535385,0.0
F,2026,TA,0.3,random,5028,0.6354883081155434,0.5673967868216306,0.6202332023699467,0.43,0.2721518987341772,0.3333333333333333,0.6701842884960768,0.63081135448669,0.0
F,2026,TV,0.3,start,5026,0.6932599724896836,0.6286388156747171,0.6773472071999754,0.5376344086021505,0.3164556962025316,0.398406374501992,0.6304424338787352,0.6742865046074742,0.0
F,2026,TV,0.3,middle,5026,0.6533700137551581,0.600100550597427,0.6451326702033842,0.4471544715447154,0.3481012658227848,0.3914590747330961,0.6653398677137933,0.6262642901901112,0.0
F,2026,TV,0.3,end,5026,0.6602475928473177,0.5742299227138631,0.6335023617725164,0.4583333333333333,0.2088607594936709,0.2869565217391304,0.6653557272350498,0.6227694969773921,0.0
F,2026,TV,0.3,random,5026,0.6767537826685007,0.6153846153846154,0.6627305752477692,0.5196078431372549,0.3354430379746835,0.4076923076923077,0.6590224824473332,0.6277510920099784,0.0
F,2026,TV,0.3,random,5027,0.6602475928473177,0.5937298126614987,0.6444799763816471,0.4591836734693877,0.2848101265822785,0.3515625,0.6601646609695733,0.6303898199578432,0.0
F,2026,TV,0.3,random,5028,0.6437414030261348,0.5771597688462381,0.6283869633387843,0.4591836734693877,0.2848101265822785,0.3515625,0.6677200164222419,0.6310666212274407,0.0
F,2026,AV,0.3,start,5026,0.7138927097661623,0.6571065261164002,0.7025828477674895,0.5370370370370371,0.3670886075949367,0.4360902255639097,0.593630574659625,0.7086761803813365,0.0
F,2026,AV,0.3,middle,5026,0.7083906464924347,0.6504865951107125,0.697194719220796,0.5181818181818182,0.360759493670886,0.4253731343283582,0.5959321071523174,0.7068601263748204,0.0
F,2026,AV,0.3,end,5026,0.7138927097661623,0.6570833476385026,0.7024488828485262,0.5370370370370371,0.3670886075949367,0.4360902255639097,0.5957153069343694,0.7068436393270632,0.0
F,2026,AV,0.3,random,5026,0.7152682255845942,0.6583997728765104,0.7038010893752097,0.5370370370370371,0.3670886075949367,0.4360902255639097,0.5930866725785301,0.7089010020570146,0.0
F,2026,AV,0.3,random,5027,0.7097661623108665,0.6519662257852282,0.6982430469112553,0.5277777777777778,0.360759493670886,0.4285714285714285,0.5951171672708817,0.7064940612916998,0.0
F,2026,AV,0.3,random,5028,0.7125171939477304,0.6558024543675102,0.7013508211122151,0.5321100917431193,0.3670886075949367,0.4344569288389513,0.5956892206873644,0.7069224016387267,0.0
F,2026,TAV,0.3,start,5026,0.687757909215956,0.6251837732333715,0.6736766792753676,0.51,0.3227848101265823,0.3953488372093023,0.6305653859045702,0.6742726697269517,0.0
F,2026,TAV,0.3,middle,5026,0.6519944979367263,0.6002866683206888,0.6445949409979671,0.4444444444444444,0.3544303797468354,0.3943661971830985,0.6664325598338557,0.6246804245369997,0.0
F,2026,TAV,0.3,end,5026,0.6588720770288858,0.5764469299580923,0.6344008686054822,0.4545454545454545,0.2215189873417721,0.2978723404255319,0.6655224997763649,0.6222790247429245,0.0
F,2026,TAV,0.3,random,5026,0.6767537826685007,0.6195608427224862,0.6655802091901022,0.5089285714285714,0.360759493670886,0.4222222222222222,0.6569293192933466,0.6289269874691502,0.0
F,2026,TAV,0.3,random,5027,0.6492434662998624,0.5871494805792791,0.6362164388063165,0.4299065420560747,0.2911392405063291,0.3471698113207547,0.6615791200472274,0.6292751034796168,0.0
F,2026,TAV,0.3,random,5028,0.6382393397524071,0.574260426095898,0.6252885070302516,0.4299065420560747,0.2911392405063291,0.3471698113207547,0.6688846537729543,0.6302765153159168,0.0
F,2027,none,0.0,none,0,0.6808803301237965,0.6017572413838769,0.6564612640960419,0.4805194805194805,0.2341772151898734,0.3148936170212766,0.6703366527706012,0.6977665599665509,0.0
F,2027,T,0.1,random,5026,0.6891334250343879,0.6112335792642921,0.6649891610517726,0.547945205479452,0.2531645569620253,0.3463203463203463,0.6632003873199359,0.689177410438327,0.0
F,2027,T,0.1,random,5027,0.6781292984869326,0.5913554150999875,0.6496202857885354,0.4852941176470588,0.2088607594936709,0.2920353982300885,0.6705552754283922,0.669636600175677,0.0
F,2027,T,0.1,random,5028,0.6808803301237965,0.6013860904665386,0.6555434203265601,0.5352112676056338,0.240506329113924,0.3318777292576419,0.6663857831714268,0.6780590677268538,0.0
F,2027,T,0.2,random,5026,0.6767537826685007,0.596966513247006,0.6521477630846245,0.5416666666666666,0.2468354430379747,0.3391304347826087,0.6843609552422665,0.6486166401689457,0.0
F,2027,T,0.2,random,5027,0.6643741403026134,0.578339847309694,0.6365941023878365,0.4852941176470588,0.2088607594936709,0.2920353982300885,0.6796942475408794,0.6507220556218211,0.0
F,2027,T,0.2,random,5028,0.6740027510316369,0.6024512215210894,0.6517183620146013,0.5833333333333334,0.2658227848101265,0.3652173913043478,0.6907114740649961,0.6452957299622863,0.0
F,2027,T,0.3,start,5026,0.6698762035763411,0.5806558655265914,0.6406673347856748,0.4696969696969697,0.1962025316455696,0.2767857142857143,0.6598013203969012,0.6674951726829191,0.0
F,2027,T,0.3,middle,5026,0.6423658872077029,0.5662778717138416,0.6201357299954554,0.4683544303797468,0.2341772151898734,0.3122362869198312,0.6846239631479831,0.6370644268947065,0.0
F,2027,T,0.3,end,5026,0.6464924346629987,0.5557511299905787,0.615480365620917,0.5178571428571429,0.1835443037974683,0.2710280373831775,0.6954667553278422,0.6027764153470576,0.0
F,2027,T,0.3,random,5026,0.6671251719394773,0.5848731040214986,0.6408463909754543,0.5294117647058824,0.2278481012658227,0.3185840707964602,0.6833133889791904,0.6363231378069386,0.0
F,2027,T,0.3,random,5027,0.6492434662998624,0.5714038506120881,0.6257901387198613,0.4675324675324675,0.2278481012658227,0.3063829787234042,0.6877406403051597,0.6285505756174912,0.0
F,2027,T,0.3,random,5028,0.6478679504814305,0.560801821800407,0.6191746867717896,0.484375,0.1962025316455696,0.2792792792792792,0.7061795935497747,0.6246678984240368,0.0
F,2027,T,0.4,random,5026,0.6451169188445667,0.5551897014625283,0.6143654932275744,0.4918032786885246,0.189873417721519,0.273972602739726,0.7101434951217683,0.5882665694394842,0.0
F,2027,T,0.4,random,5027,0.6203576341127923,0.5398555466369226,0.5959186727501189,0.4025974025974026,0.1962025316455696,0.2638297872340425,0.7212099761021464,0.5766999339032604,0.0
F,2027,T,0.4,random,5028,0.6299862448418156,0.542493790638502,0.6023410871970416,0.4347826086956521,0.189873417721519,0.2643171806167401,0.7135677807602174,0.5966520164026866,0.0
F,2027,T,0.5,random,5026,0.6162310866574966,0.5236804495116516,0.5849680612201852,0.4285714285714285,0.170886075949367,0.2443438914027149,0.7272800862077217,0.5486718337983731,0.0
F,2027,T,0.5,random,5027,0.6162310866574966,0.5301088109631901,0.588581990489347,0.3888888888888889,0.1772151898734177,0.2434782608695652,0.7247147613122819,0.5529107722494646,0.0
F,2027,T,0.5,random,5028,0.6354883081155434,0.5480932039692263,0.6078026554984444,0.4305555555555556,0.1962025316455696,0.2695652173913043,0.7171226969207195,0.5750058652119471,0.0
F,2027,A,0.1,random,5026,0.6808803301237965,0.6014446206492177,0.6563138932711932,0.4868421052631579,0.2341772151898734,0.3162393162393162,0.6691389643478189,0.6977973632860731,0.0
F,2027,A,0.1,random,5027,0.6808803301237965,0.6015398615097008,0.6564859480663019,0.4805194805194805,0.2341772151898734,0.3148936170212766,0.6689271331578913,0.6978832537350155,0.0
F,2027,A,0.1,random,5028,0.6808803301237965,0.6017572413838769,0.6564612640960419,0.4805194805194805,0.2341772151898734,0.3148936170212766,0.6693382316019828,0.6976832855049526,0.0
F,2027,A,0.2,random,5026,0.6822558459422283,0.6027379052209753,0.6576295212361051,0.4868421052631579,0.2341772151898734,0.3162393162393162,0.6679630165712784,0.6979184658216365,0.0
F,2027,A,0.2,random,5027,0.6808803301237965,0.6014446206492177,0.6563138932711932,0.4868421052631579,0.2341772151898734,0.3162393162393162,0.6680487668941004,0.697957767024006,0.0
F,2027,A,0.2,random,5028,0.6808803301237965,0.6016595286721823,0.6562870978571888,0.4868421052631579,0.2341772151898734,0.3162393162393162,0.6685638190054333,0.6975779074449636,0.0
F,2027,A,0.3,start,5026,0.6808803301237965,0.6014446206492177,0.6563138932711932,0.4868421052631579,0.2341772151898734,0.3162393162393162,0.6671503959527249,0.6980815895107892,0.0
F,2027,A,0.3,middle,5026,0.6822558459422283,0.6027379052209753,0.6576295212361051,0.4868421052631579,0.2341772151898734,0.3162393162393162,0.6677543793694145,0.6975616243818012,0.0
F,2027,A,0.3,end,5026,0.6808803301237965,0.6016595286721823,0.6562870978571888,0.4868421052631579,0.2341772151898734,0.3162393162393162,0.6677803556546914,0.6976523356833851,0.0
F,2027,A,0.3,random,5026,0.6822558459422283,0.6027379052209753,0.6576295212361051,0.4868421052631579,0.2341772151898734,0.3162393162393162,0.6674878589886456,0.697823065463728,0.0
F,2027,A,0.3,random,5027,0.6822558459422283,0.604376740942325,0.6583355778476826,0.4935064935064935,0.240506329113924,0.3234042553191489,0.6666816005964851,0.6979462127672694,0.0
F,2027,A,0.3,random,5028,0.6808803301237965,0.6016595286721823,0.6562870978571888,0.4868421052631579,0.2341772151898734,0.3162393162393162,0.6677354467830965,0.6975195119332444,0.0
F,2027,A,0.4,random,5026,0.6836313617606602,0.6054233030545091,0.660047855609455,0.4810126582278481,0.240506329113924,0.3206751054852321,0.6654461852140977,0.6980526015627351,0.0
F,2027,A,0.4,random,5027,0.6836313617606602,0.6055447851528681,0.6598480424369212,0.4871794871794871,0.240506329113924,0.3220338983050847,0.6649282908154871,0.6983558717942455,0.0
F,2027,A,0.4,random,5028,0.6822558459422283,0.6029529162751603,0.6576022723409463,0.4868421052631579,0.2341772151898734,0.3162393162393162,0.6666641056462163,0.6975552312437615,0.0
F,2027,A,0.5,random,5026,0.6850068775790922,0.6067157423632497,0.6613643986280963,0.4810126582278481,0.240506329113924,0.3206751054852321,0.6646954431544001,0.6978627828185721,0.0
F,2027,A,0.5,random,5027,0.6836313617606602,0.6055447851528681,0.6598480424369212,0.4871794871794871,0.240506329113924,0.3220338983050847,0.6643095078997149,0.6982309637110955,0.0
F,2027,A,0.5,random,5028,0.6822558459422283,0.6025066183521814,0.6580360429395374,0.4743589743589743,0.2341772151898734,0.3135593220338983,0.6653911856994009,0.6976936148665162,0.0
F,2027,V,0.1,random,5026,0.6808803301237965,0.6016595286721823,0.6562870978571888,0.4868421052631579,0.2341772151898734,0.3162393162393162,0.6681789910680199,0.6978514258167352,0.0
F,2027,V,0.1,random,5027,0.6808803301237965,0.6014446206492177,0.6563138932711932,0.4868421052631579,0.2341772151898734,0.3162393162393162,0.6685050548565323,0.6974042029484432,0.0
F,2027,V,0.1,random,5028,0.6808803301237965,0.6016595286721823,0.6562870978571888,0.4868421052631579,0.2341772151898734,0.3162393162393162,0.6684923431287151,0.6977485646873919,0.0
F,2027,V,0.2,random,5026,0.6808803301237965,0.6016595286721823,0.6562870978571888,0.4868421052631579,0.2341772151898734,0.3162393162393162,0.6661786858633587,0.6977666873716283,0.0
F,2027,V,0.2,random,5027,0.6808803301237965,0.6014446206492177,0.6563138932711932,0.4868421052631579,0.2341772151898734,0.3162393162393162,0.6667198398174751,0.6971451161430646,0.0
F,2027,V,0.2,random,5028,0.6808803301237965,0.6016595286721823,0.6562870978571888,0.4868421052631579,0.2341772151898734,0.3162393162393162,0.6668891644667067,0.6975881315354522,0.0
F,2027,V,0.3,start,5026,0.6808803301237965,0.6014446206492177,0.6563138932711932,0.4868421052631579,0.2341772151898734,0.3162393162393162,0.6645603877888,0.6975829651131632,0.0
F,2027,V,0.3,middle,5026,0.6808803301237965,0.6014446206492177,0.6563138932711932,0.4868421052631579,0.2341772151898734,0.3162393162393162,0.6647465919535078,0.6973657674211245,0.0
F,2027,V,0.3,end,5026,0.6808803301237965,0.6017572413838769,0.6564612640960419,0.4805194805194805,0.2341772151898734,0.3148936170212766,0.6635836650872257,0.6971874380723218,0.0
F,2027,V,0.3,random,5026,0.6808803301237965,0.6016595286721823,0.6562870978571888,0.4868421052631579,0.2341772151898734,0.3162393162393162,0.6642793388543419,0.6976220435633628,0.0
F,2027,V,0.3,random,5027,0.6808803301237965,0.6014446206492177,0.6563138932711932,0.4868421052631579,0.2341772151898734,0.3162393162393162,0.6647614253420889,0.6970669900959584,0.0
F,2027,V,0.3,random,5028,0.6808803301237965,0.6016595286721823,0.6562870978571888,0.4868421052631579,0.2341772151898734,0.3162393162393162,0.6651742036423006,0.6974193134796474,0.0
F,2027,V,0.4,random,5026,0.6808803301237965,0.6016595286721823,0.6562870978571888,0.4868421052631579,0.2341772151898734,0.3162393162393162,0.6628706230130571,0.6972418371234349,0.0
F,2027,V,0.4,random,5027,0.6808803301237965,0.6014446206492177,0.6563138932711932,0.4868421052631579,0.2341772151898734,0.3162393162393162,0.6631658090975304,0.696842818628352,0.0
F,2027,V,0.4,random,5028,0.6808803301237965,0.6016595286721823,0.6562870978571888,0.4868421052631579,0.2341772151898734,0.3162393162393162,0.663419913498563,0.6970655301022511,0.0
F,2027,V,0.5,random,5026,0.6808803301237965,0.6016595286721823,0.6562870978571888,0.4868421052631579,0.2341772151898734,0.3162393162393162,0.6611637152286266,0.6969899450420781,0.0
F,2027,V,0.5,random,5027,0.6808803301237965,0.6014446206492177,0.6563138932711932,0.4868421052631579,0.2341772151898734,0.3162393162393162,0.6615055529108534,0.6966280970514015,0.0
F,2027,V,0.5,random,5028,0.6808803301237965,0.6016595286721823,0.6562870978571888,0.4868421052631579,0.2341772151898734,0.3162393162393162,0.6616807777076547,0.6968635627174535,0.0
F,2027,TA,0.3,start,5026,0.671251719394773,0.5809349922964521,0.6408520601056623,0.5254237288135594,0.1962025316455696,0.2857142857142857,0.6664890648254409,0.6660823287174986,0.0
F,2027,TA,0.3,middle,5026,0.6451169188445667,0.5743903086272324,0.624704974798636,0.4878048780487805,0.2531645569620253,0.3333333333333333,0.6918146484652847,0.6192193765790529,0.0
F,2027,TA,0.3,end,5026,0.6478679504814305,0.5539009420249803,0.6150636195312221,0.5,0.170886075949367,0.2547169811320754,0.691613252334177,0.6069856599392712,0.0
F,2027,TA,0.3,random,5026,0.6602475928473177,0.5790073593933222,0.6345652283033676,0.5070422535211268,0.2278481012658227,0.314410480349345,0.6868898751994946,0.6270422657908712,0.0
F,2027,TA,0.3,random,5027,0.6478679504814305,0.5599792392568846,0.6198764203095457,0.4347826086956521,0.189873417721519,0.2643171806167401,0.6873543928140337,0.6259191997517725,0.0
F,2027,TA,0.3,random,5028,0.6341127922971114,0.5347314066184327,0.5991898059910138,0.4615384615384615,0.1518987341772152,0.2285714285714285,0.715730587674429,0.6136747522393962,0.0
F,2027,TV,0.3,start,5026,0.672627235213205,0.5841793472856157,0.6427918034300125,0.5423728813559322,0.2025316455696202,0.2949308755760368,0.6662625774297604,0.6642793862570594,0.0
F,2027,TV,0.3,middle,5026,0.6464924346629987,0.5743822839211427,0.6253112540129044,0.4814814814814814,0.2468354430379747,0.3263598326359833,0.6894025051520085,0.6192233179280029,0.0
F,2027,TV,0.3,end,5026,0.6478679504814305,0.5553551772085575,0.6158905496690771,0.509090909090909,0.1772151898734177,0.2629107981220657,0.6914927515039334,0.6045850753743187,0.0
F,2027,TV,0.3,random,5026,0.6616231086657497,0.5806027899539603,0.635445272479206,0.5294117647058824,0.2278481012658227,0.3185840707964602,0.6855522938938455,0.6250065085777784,0.0
F,2027,TV,0.3,random,5027,0.6519944979367263,0.5649737171554946,0.6238613734802726,0.4626865671641791,0.1962025316455696,0.2755555555555555,0.6878663738789073,0.6230357218204915,0.0
F,2027,TV,0.3,random,5028,0.6382393397524071,0.539314104976435,0.6033928076369857,0.4901960784313725,0.1582278481012658,0.2392344497607655,0.7115968304536692,0.614163019009338,0.0
F,2027,AV,0.3,start,5026,0.6836313617606602,0.6056709751328024,0.659652016972464,0.4935064935064935,0.240506329113924,0.3234042553191489,0.6602775428748944,0.6981555759185046,0.0
F,2027,AV,0.3,middle,5026,0.6836313617606602,0.6040276993885242,0.6589427112973958,0.4868421052631579,0.2341772151898734,0.3162393162393162,0.6622372059569804,0.697174990836154,0.0
F,2027,AV,0.3,end,5026,0.6808803301237965,0.6017572413838769,0.6564612640960419,0.4805194805194805,0.2341772151898734,0.3148936170212766,0.6608685837981635,0.6971063420448265,0.0
F,2027,AV,0.3,random,5026,0.6836313617606602,0.6040276993885242,0.6589427112973958,0.4868421052631579,0.2341772151898734,0.3162393162393162,0.6610439267691667,0.6977564787785954,0.0
F,2027,AV,0.3,random,5027,0.6850068775790922,0.6083696439099303,0.6616898348039741,0.5,0.2468354430379747,0.3305084745762712,0.6602677782177525,0.6973783393128058,0.0
F,2027,AV,0.3,random,5028,0.6808803301237965,0.6016595286721823,0.6562870978571888,0.4868421052631579,0.2341772151898734,0.3162393162393162,0.6624658683873363,0.6971241778859207,0.0
F,2027,TAV,0.3,start,5026,0.671251719394773,0.5829106130257237,0.641972830451658,0.5245901639344263,0.2025316455696202,0.2922374429223744,0.666157096048254,0.664548695547885,0.0
F,2027,TAV,0.3,middle,5026,0.6437414030261348,0.5732471426087503,0.6237703189183096,0.4761904761904761,0.2531645569620253,0.3305785123966942,0.6915245558323107,0.6172926032346612,0.0
F,2027,TAV,0.3,end,5026,0.6451169188445667,0.5515028459430651,0.6127561110444111,0.4909090909090909,0.170886075949367,0.2535211267605634,0.6910160210526333,0.6054887841985451,0.0
F,2027,TAV,0.3,random,5026,0.6616231086657497,0.5805078773381472,0.6357540191841488,0.5142857142857142,0.2278481012658227,0.3157894736842105,0.6840926590967877,0.6261874526712506,0.0
F,2027,TAV,0.3,random,5027,0.6464924346629987,0.5590595832907849,0.6188279305438166,0.4285714285714285,0.189873417721519,0.2631578947368421,0.6883139566853046,0.6230455049169127,0.0
F,2027,TAV,0.3,random,5028,0.6354883081155434,0.537743279891521,0.6013189062164166,0.4807692307692308,0.1582278481012658,0.238095238095238,0.7128115019307651,0.6123936114359972,0.0
F,2028,none,0.0,none,0,0.6960110041265475,0.6100787455089461,0.6667787830720019,0.5384615384615384,0.2215189873417721,0.3139013452914798,0.6311896423145438,0.6986971257539949,0.0
F,2028,T,0.1,random,5026,0.6973865199449794,0.6092472025683117,0.668189749308751,0.5223880597014925,0.2215189873417721,0.3111111111111111,0.6332453432719238,0.6895306314274315,0.0
F,2028,T,0.1,random,5027,0.6795048143053645,0.5858177933177933,0.648196262701077,0.4477611940298507,0.189873417721519,0.2666666666666666,0.638827201902258,0.6709790657685277,0.0
F,2028,T,0.1,random,5028,0.6767537826685007,0.5934925903756507,0.6502326580553902,0.5,0.2278481012658227,0.3130434782608696,0.6421168004787016,0.6796479417120997,0.0
F,2028,T,0.2,random,5026,0.687757909215956,0.5976983571458344,0.6574531548380557,0.5555555555555556,0.2215189873417721,0.3167420814479638,0.6578658637269815,0.6492512196667406,0.0
F,2028,T,0.2,random,5027,0.672627235213205,0.5780678201834614,0.6409200043541943,0.46875,0.189873417721519,0.2702702702702703,0.6561026820675661,0.6528828008531405,0.0
F,2028,T,0.2,random,5028,0.671251719394773,0.5888381439532334,0.6439368499029299,0.5454545454545454,0.2278481012658227,0.3214285714285714,0.6633981583992908,0.6544332493589949,0.0
F,2028,T,0.3,start,5026,0.6602475928473177,0.5630093615560816,0.6276222833005355,0.4153846153846154,0.170886075949367,0.242152466367713,0.6568427084235884,0.6613442363601658,0.0
F,2028,T,0.3,middle,5026,0.6533700137551581,0.5612059069622058,0.6246434060193429,0.4054054054054054,0.189873417721519,0.2586206896551724,0.6632405766679879,0.6429069167280959,0.0
F,2028,T,0.3,end,5026,0.6451169188445667,0.5503849723428741,0.6120945265377736,0.4590163934426229,0.1772151898734177,0.2557077625570776,0.6897067129788008,0.6062584954363013,0.0
F,2028,T,0.3,random,5026,0.6781292984869326,0.5874110359497017,0.6480901471020789,0.5230769230769231,0.2151898734177215,0.3049327354260089,0.6593506531240125,0.6382679973492492,0.0
F,2028,T,0.3,random,5027,0.6588720770288858,0.5686347197467745,0.6278768146998416,0.5,0.1962025316455696,0.2818181818181818,0.6715833436798069,0.6351896392919462,0.0
F,2028,T,0.3,random,5028,0.6533700137551581,0.5586678085590067,0.6206578204617565,0.4666666666666667,0.1772151898734177,0.2568807339449541,0.6822794576487877,0.6339256071349534,0.0
F,2028,T,0.4,random,5026,0.6478679504814305,0.5543685334863775,0.6164240529291698,0.4545454545454545,0.189873417721519,0.2678571428571428,0.6972477045316402,0.5905476714277411,0.0
F,2028,T,0.4,random,5027,0.6313617606602476,0.5348674541204702,0.5981722276112565,0.390625,0.1582278481012658,0.2252252252252252,0.7070675541873302,0.5853764539607328,0.0
F,2028,T,0.4,random,5028,0.6451169188445667,0.5603684069825143,0.6167539636752231,0.5,0.2088607594936709,0.2946428571428571,0.700199565422286,0.5982417026016401,0.0
F,2028,T,0.5,random,5026,0.624484181568088,0.5362592065601568,0.5952330253784864,0.4647887323943662,0.2088607594936709,0.2882096069868995,0.724169143281823,0.5454600908512346,0.0
F,2028,T,0.5,random,5027,0.6286107290233838,0.5452473186559191,0.6037270414003982,0.3975903614457831,0.2088607594936709,0.2738589211618257,0.7156162625053059,0.5588469551317623,0.0
F,2028,T,0.5,random,5028,0.6258596973865199,0.5319648297393389,0.5947483488225046,0.3943661971830985,0.1772151898734177,0.2445414847161572,0.7122207989145457,0.5801985579804255,0.0
F,2028,A,0.1,random,5026,0.6946354883081155,0.6069872298791602,0.6646499325963162,0.53125,0.2151898734177215,0.3063063063063063,0.6307914924853755,0.6987118572448477,0.0
F,2028,A,0.1,random,5027,0.6946354883081155,0.6069872298791602,0.6646499325963162,0.53125,0.2151898734177215,0.3063063063063063,0.6309876128630003,0.6986584680397686,0.0
F,2028,A,0.1,random,5028,0.6946354883081155,0.6069872298791602,0.6646499325963162,0.53125,0.2151898734177215,0.3063063063063063,0.6310876741271098,0.698645684086137,0.0
F,2028,A,0.2,random,5026,0.6946354883081155,0.6069872298791602,0.6646499325963162,0.53125,0.2151898734177215,0.3063063063063063,0.6306858851915016,0.6985070574087443,0.0
F,2028,A,0.2,random,5027,0.6932599724896836,0.6038753594498353,0.6625083277950814,0.5238095238095238,0.2088607594936709,0.2986425339366516,0.6309402250396888,0.698503771680817,0.0
F,2028,A,0.2,random,5028,0.6946354883081155,0.6069872298791602,0.6646499325963162,0.53125,0.2151898734177215,0.3063063063063063,0.6310093618302743,0.6983449084777505,0.0
F,2028,A,0.3,start,5026,0.6932599724896836,0.6038753594498353,0.6625083277950814,0.5238095238095238,0.2088607594936709,0.2986425339366516,0.6303044826213569,0.6985914545807576,0.0
F,2028,A,0.3,middle,5026,0.6918844566712518,0.6009699111303021,0.6603381840572675,0.5161290322580645,0.2025316455696202,0.2909090909090909,0.6313185862973313,0.698069388028609,0.0
F,2028,A,0.3,end,5026,0.6946354883081155,0.6069872298791602,0.6646499325963162,0.53125,0.2151898734177215,0.3063063063063063,0.6309960638018989,0.698120080377272,0.0
F,2028,A,0.3,random,5026,0.6932599724896836,0.6041050051122624,0.6624949304870431,0.5238095238095238,0.2088607594936709,0.2986425339366516,0.630966879747354,0.6983311233149743,0.0
F,2028,A,0.3,random,5027,0.6918844566712518,0.6009699111303021,0.6603381840572675,0.5161290322580645,0.2025316455696202,0.2909090909090909,0.6313414206334848,0.6982756586128194,0.0
F,2028,A,0.3,random,5028,0.6946354883081155,0.6069872298791602,0.6646499325963162,0.53125,0.2151898734177215,0.3063063063063063,0.6308574899175675,0.6980921960179783,0.0
F,2028,A,0.4,random,5026,0.6918844566712518,0.6009699111303021,0.6603381840572675,0.5161290322580645,0.2025316455696202,0.2909090909090909,0.6309274355028809,0.6980938487343595,0.0
F,2028,A,0.4,random,5027,0.6918844566712518,0.6009699111303021,0.6603381840572675,0.5161290322580645,0.2025316455696202,0.2909090909090909,0.6312845470927895,0.6981599968045573,0.0
F,2028,A,0.4,random,5028,0.6918844566712518,0.6009699111303021,0.6603381840572675,0.5161290322580645,0.2025316455696202,0.2909090909090909,0.6313717564800865,0.6979002266407457,0.0
F,2028,A,0.5,random,5026,0.6918844566712518,0.6009699111303021,0.6603381840572675,0.5161290322580645,0.2025316455696202,0.2909090909090909,0.6309306404442439,0.697838889972921,0.0
F,2028,A,0.5,random,5027,0.6918844566712518,0.6009699111303021,0.6603381840572675,0.5161290322580645,0.2025316455696202,0.2909090909090909,0.6310853727367923,0.6980592284074646,0.0
F,2028,A,0.5,random,5028,0.6918844566712518,0.6010858833257898,0.6601386819851764,0.5245901639344263,0.2025316455696202,0.2922374429223744,0.631928723775278,0.6975143113125238,0.0
F,2028,V,0.1,random,5026,0.6960110041265475,0.6100787455089461,0.6667787830720019,0.5384615384615384,0.2215189873417721,0.3139013452914798,0.6299828075434665,0.6985327881855848,0.0
F,2028,V,0.1,random,5027,0.6960110041265475,0.6100787455089461,0.6667787830720019,0.5384615384615384,0.2215189873417721,0.3139013452914798,0.6300499690411459,0.6982413577598777,0.0
F,2028,V,0.1,random,5028,0.6960110041265475,0.6100787455089461,0.6667787830720019,0.5384615384615384,0.2215189873417721,0.3139013452914798,0.6299210501757142,0.698405289227445,0.0
F,2028,V,0.2,random,5026,0.6960110041265475,0.6101740403383215,0.6669546345277441,0.5303030303030303,0.2215189873417721,0.3125,0.6286991685036301,0.6983648275080167,0.0
F,2028,V,0.2,random,5027,0.6960110041265475,0.6101740403383215,0.6669546345277441,0.5303030303030303,0.2215189873417721,0.3125,0.6287971511915442,0.6979956927244477,0.0
F,2028,V,0.2,random,5028,0.6973865199449794,0.6130024995898357,0.6690752765458245,0.5373134328358209,0.2278481012658227,0.32,0.6282349961820598,0.6982585956892462,0.0
F,2028,V,0.3,start,5026,0.6960110041265475,0.6115594265557126,0.667938044326819,0.5294117647058824,0.2278481012658227,0.3185840707964602,0.6269790592848066,0.6986385808793271,0.0
F,2028,V,0.3,middle,5026,0.7001375515818432,0.618595827125373,0.6732771943343083,0.5507246376811594,0.240506329113924,0.3348017621145374,0.6264074593647705,0.698001270808079,0.0
F,2028,V,0.3,end,5026,0.6987620357634112,0.6158096633441437,0.6711827313741426,0.5441176470588235,0.2341772151898734,0.3274336283185841,0.626929396547897,0.6979512045482377,0.0
F,2028,V,0.3,random,5026,0.6973865199449794,0.6143577537474433,0.6700397377649562,0.5362318840579711,0.2341772151898734,0.3259911894273127,0.6266091383776918,0.6981053386940858,0.0
F,2028,V,0.3,random,5027,0.6973865199449794,0.6148172187212139,0.6701049633869592,0.5362318840579711,0.2341772151898734,0.3259911894273127,0.627181931909286,0.6976089326308755,0.0
F,2028,V,0.3,random,5028,0.7001375515818432,0.618595827125373,0.6732771943343083,0.5507246376811594,0.240506329113924,0.3348017621145374,0.6264254503394596,0.6979220196670308,0.0
F,2028,V,0.4,random,5026,0.7001375515818432,0.6198922148956244,0.6742046776451364,0.5492957746478874,0.2468354430379747,0.3406113537117904,0.6252440409552191,0.6976789859874439,0.0
F,2028,V,0.4,random,5027,0.6960110041265475,0.6168838929619379,0.6709467294204736,0.527027027027027,0.2468354430379747,0.3362068965517241,0.625944927328669,0.696961660765636,0.0
F,2028,V,0.4,random,5028,0.6987620357634112,0.6188864851247012,0.6731178618684248,0.5416666666666666,0.2468354430379747,0.3391304347826087,0.6257548119022192,0.6971040835375149,0.0
F,2028,V,0.5,random,5026,0.6987620357634112,0.6206742281087293,0.6742442572576901,0.5333333333333333,0.2531645569620253,0.3433476394849785,0.6248934361315044,0.6977027810951423,0.0
F,2028,V,0.5,random,5027,0.6973865199449794,0.6196702047053163,0.6731561682552684,0.5263157894736842,0.2531645569620253,0.3418803418803419,0.6252894236144562,0.6970817610524427,0.0
F,2028,V,0.5,random,5028,0.6973865199449794,0.6179626479930856,0.6721974010717133,0.527027027027027,0.2468354430379747,0.3362068965517241,0.6249579988302153,0.6972614248173432,0.0
F,2028,TA,0.3,start,5026,0.6685006877579092,0.5763281816551177,0.6385127397042736,0.4696969696969697,0.1962025316455696,0.2767857142857143,0.6573391310319913,0.6609046418032921,0.0
F,2028,TA,0.3,middle,5026,0.6519944979367263,0.5703854733026628,0.6280678001009057,0.4268292682926829,0.2215189873417721,0.2916666666666667,0.6768355821678759,0.6199822539612669,0.0
F,2028,TA,0.3,end,5026,0.6492434662998624,0.5509665677343097,0.6137584292302566,0.4727272727272727,0.1645569620253164,0.244131455399061,0.6874690659435686,0.6120888911764482,0.0
F,2028,TA,0.3,random,5026,0.6616231086657497,0.5713602962450789,0.6318531888681961,0.4852941176470588,0.2088607594936709,0.2920353982300885,0.6771429542168775,0.620258553288672,0.0
F,2028,TA,0.3,random,5027,0.6533700137551581,0.5615682991210026,0.6233671774901441,0.4202898550724637,0.1835443037974683,0.2555066079295154,0.6767224343413201,0.6307233937355554,0.0
F,2028,TA,0.3,random,5028,0.6423658872077029,0.5419175332968437,0.6064968841969268,0.4807692307692308,0.1582278481012658,0.238095238095238,0.6933376085354982,0.6196260727519667,0.0
F,2028,TV,0.3,start,5026,0.671251719394773,0.5881332112204137,0.6465290669598596,0.4675324675324675,0.2278481012658227,0.3063829787234042,0.6528160788315166,0.6606779859469537,0.0
F,2028,TV,0.3,middle,5026,0.6547455295735901,0.5832664268000906,0.6365036505006422,0.4270833333333333,0.2594936708860759,0.3228346456692913,0.6749402004921276,0.6173177907148751,0.0
F,2028,TV,0.3,end,5026,0.6451169188445667,0.5522652038158119,0.6137370208868592,0.4307692307692308,0.1772151898734177,0.2511210762331838,0.6873370235064611,0.610851552357228,0.0
F,2028,TV,0.3,random,5026,0.6629986244841816,0.575558846497556,0.6353805396250787,0.4794520547945205,0.2215189873417721,0.303030303030303,0.673570944834447,0.6199705867266555,0.0
F,2028,TV,0.3,random,5027,0.6519944979367263,0.5639583948558374,0.6246346095700641,0.4133333333333333,0.1962025316455696,0.2660944206008583,0.6764448537850701,0.6263839948596002,0.0
F,2028,TV,0.3,random,5028,0.6368638239339752,0.5482888693445847,0.6077282761126263,0.4615384615384615,0.189873417721519,0.2690582959641255,0.6922627779116163,0.615489243138892,0.0
F,2028,AV,0.3,start,5026,0.6932599724896836,0.6077699434857855,0.6647605080414991,0.5147058823529411,0.2215189873417721,0.3097345132743362,0.6267983582911006,0.6984452030248286,0.0
F,2028,AV,0.3,middle,5026,0.6987620357634112,0.6158096633441437,0.6711827313741426,0.5441176470588235,0.2341772151898734,0.3274336283185841,0.6269599331931648,0.697231575390286,0.0
F,2028,AV,0.3,end,5026,0.6973865199449794,0.6130024995898357,0.6690752765458245,0.5373134328358209,0.2278481012658227,0.32,0.6274282568087289,0.6972902269523613,0.0
F,2028,AV,0.3,random,5026,0.6960110041265475,0.6120191214714894,0.6680036134385317,0.5294117647058824,0.2278481012658227,0.3185840707964602,0.6266669247813669,0.6977350311062795,0.0
F,2028,AV,0.3,random,5027,0.6946354883081155,0.6130774518968294,0.6679436053567123,0.5211267605633803,0.2341772151898734,0.3231441048034934,0.6279265442331367,0.6968869966853026,0.0
F,2028,AV,0.3,random,5028,0.6987620357634112,0.6158096633441437,0.6711827313741426,0.5441176470588235,0.2341772151898734,0.3274336283185841,0.6270078782075785,0.6971484955936323,0.0
F,2028,TAV,0.3,start,5026,0.6740027510316369,0.5900505905790784,0.6486553049703715,0.48,0.2278481012658227,0.3090128755364807,0.6530518221658761,0.6607203814309951,0.0
F,2028,TAV,0.3,middle,5026,0.6547455295735901,0.5830419325126375,0.6365157603014812,0.4270833333333333,0.2594936708860759,0.3228346456692913,0.6762757344713498,0.6158674985707503,0.0
F,2028,TAV,0.3,end,5026,0.6478679504814305,0.5597651826862996,0.6187744710778043,0.4558823529411764,0.1962025316455696,0.2743362831858407,0.6884278808426083,0.6095698982252847,0.0
F,2028,TAV,0.3,random,5026,0.6643741403026134,0.5800894077316842,0.6384418199629391,0.4868421052631579,0.2341772151898734,0.3162393162393162,0.6737099602080925,0.6192640676143161,0.0
F,2028,TAV,0.3,random,5027,0.6506189821182944,0.5667606719946735,0.6256732700981553,0.4125,0.2088607594936709,0.2773109243697479,0.6780925577639652,0.6248544817187865,0.0
F,2028,TAV,0.3,random,5028,0.6382393397524071,0.553088112478277,0.6109331714571197,0.4705882352941176,0.2025316455696202,0.2831858407079646,0.6914177338946068,0.6148431902317504,0.0
F,2029,none,0.0,none,0,0.6960110041265475,0.6259440318507461,0.6770764672460821,0.5111111111111111,0.2911392405063291,0.3709677419354839,0.6290112587464565,0.7090570500056408,0.0
F,2029,T,0.1,random,5026,0.7001375515818432,0.6270365928415523,0.679583315562682,0.5232558139534884,0.2848101265822785,0.3688524590163934,0.6277144088049447,0.6959562318011837,0.0
F,2029,T,0.1,random,5027,0.686382393397524,0.6144439905122963,0.6666310214848714,0.5,0.2784810126582278,0.3577235772357723,0.6399749718926432,0.6744981733180001,0.0
F,2029,T,0.1,random,5028,0.6808803301237965,0.6181073519656196,0.6654686455908174,0.53125,0.3227848101265823,0.4015748031496063,0.6361351799247401,0.6880179315302732,0.0
F,2029,T,0.2,random,5026,0.6795048143053645,0.6052929041607288,0.6587942304709105,0.5116279069767442,0.2784810126582278,0.360655737704918,0.6580844224824974,0.651324410689985,0.0
F,2029,T,0.2,random,5027,0.6767537826685007,0.603127680622117,0.6546060595791731,0.5316455696202531,0.2658227848101265,0.3544303797468354,0.6586619471161169,0.6564107442255506,0.0
F,2029,T,0.2,random,5028,0.6753782668500687,0.6109952337225065,0.6572292712220185,0.5714285714285714,0.3037974683544304,0.396694214876033,0.6639729232611237,0.655950677140108,0.0
F,2029,T,0.3,start,5026,0.6685006877579092,0.5766114996446359,0.6370767902124829,0.484375,0.1962025316455696,0.2792792792792792,0.653335669956071,0.6664326986515327,0.0
F,2029,T,0.3,middle,5026,0.6588720770288858,0.5783858362321208,0.6360626607463122,0.425287356321839,0.2341772151898734,0.3020408163265306,0.668080592946248,0.6453110196338979,0.0
F,2029,T,0.3,end,5026,0.6437414030261348,0.5472150855644816,0.6089367425277127,0.5,0.170886075949367,0.2547169811320754,0.6844483998732993,0.6178373540291865,0.0
F,2029,T,0.3,random,5026,0.6767537826685007,0.5906928514197474,0.6479348728154273,0.5538461538461539,0.2278481012658227,0.3228699551569506,0.6586963950481177,0.6468944111149029,0.0
F,2029,T,0.3,random,5027,0.6478679504814305,0.5582192862380185,0.6188894486993822,0.4305555555555556,0.1962025316455696,0.2695652173913043,0.6806852553136195,0.6299581491791462,0.0
F,2029,T,0.3,random,5028,0.6451169188445667,0.5586130569093517,0.6172903670552314,0.4571428571428571,0.2025316455696202,0.2807017543859649,0.6892106053203892,0.6326701927766367,0.0
F,2029,T,0.4,random,5026,0.6519944979367263,0.5667515285080611,0.6235951867921931,0.5147058823529411,0.2215189873417721,0.3097345132743362,0.694492525395441,0.6006502839205587,0.0
F,2029,T,0.4,random,5027,0.6382393397524071,0.5559789458867526,0.6120382482924654,0.4459459459459459,0.2088607594936709,0.2844827586206896,0.7085315798287047,0.5834378704803427,0.0
F,2029,T,0.4,random,5028,0.6368638239339752,0.5456056595738611,0.6048962975188426,0.4754098360655737,0.1835443037974683,0.2648401826484018,0.7080080658350709,0.5971296363978195,0.0
F,2029,T,0.5,random,5026,0.6148555708390646,0.5172808817565736,0.579630791553428,0.45,0.170886075949367,0.2477064220183486,0.7279294866935208,0.5552872496732059,0.0
F,2029,T,0.5,random,5027,0.6368638239339752,0.5500436950598879,0.6072279032360365,0.4848484848484848,0.2025316455696202,0.2857142857142857,0.7215060993696625,0.555387699602869,0.0
F,2029,T,0.5,random,5028,0.6313617606602476,0.5328290537953021,0.5950693794060217,0.4727272727272727,0.1645569620253164,0.244131455399061,0.7195734114243106,0.5792787334989385,0.0
F,2029,A,0.1,random,5026,0.6946354883081155,0.6249289267652917,0.6759781471032095,0.5054945054945055,0.2911392405063291,0.3694779116465863,0.6282223924245172,0.7090574653644405,0.0
F,2029,A,0.1,random,5027,0.6946354883081155,0.6246977654206569,0.6759948820783079,0.5054945054945055,0.2911392405063291,0.3694779116465863,0.6288845109062086,0.7087032997142723,0.0
F,2029,A,0.1,random,5028,0.6960110041265475,0.625782533252701,0.6772532731628058,0.5054945054945055,0.2911392405063291,0.3694779116465863,0.6281941105845426,0.7088464379421647,0.0
F,2029,A,0.2,random,5026,0.6960110041265475,0.6275072106554687,0.6780560726586918,0.5053763440860215,0.2974683544303797,0.3745019920318725,0.6267009044159915,0.7091572472048031,0.0
F,2029,A,0.2,random,5027,0.6960110041265475,0.6271154589896405,0.6782516407432485,0.5,0.2974683544303797,0.373015873015873,0.6269185995897871,0.7091018308937387,0.0
F,2029,A,0.2,random,5028,0.6960110041265475,0.626785867380934,0.6779865839708648,0.5053763440860215,0.2974683544303797,0.3745019920318725,0.6274178509687689,0.7086178497939349,0.0
F,2029,A,0.3,start,5026,0.6946354883081155,0.6260034681835629,0.6768717477023376,0.5,0.2974683544303797,0.373015873015873,0.6269505394547218,0.7089689882850012,0.0
F,2029,A,0.3,middle,5026,0.6960110041265475,0.6285777811132877,0.6790507572725395,0.5,0.3037974683544304,0.3779527559055118,0.6271698069879994,0.7083626266179686,0.0
F,2029,A,0.3,end,5026,0.6960110041265475,0.6284482381113715,0.6787379266927781,0.5106382978723404,0.3037974683544304,0.3809523809523809,0.627112860875231,0.7081800153582988,0.0
F,2029,A,0.3,random,5026,0.6973865199449794,0.6299930764465219,0.67995947143352,0.5106382978723404,0.3037974683544304,0.3809523809523809,0.6252034756651236,0.7093048172587537,0.0
F,2029,A,0.3,random,5027,0.6960110041265475,0.6271154589896405,0.6782516407432485,0.5,0.2974683544303797,0.373015873015873,0.6265941597597748,0.7090115507455133,0.0
F,2029,A,0.3,random,5028,0.6987620357634112,0.6317436621401579,0.6817868709545916,0.5157894736842106,0.310126582278481,0.3873517786561264,0.6263612963830895,0.7084548623149884,0.0
F,2029,A,0.4,random,5026,0.6973865199449794,0.6299302752658318,0.679803530961559,0.5161290322580645,0.3037974683544304,0.3824701195219123,0.6248427464740324,0.7089379040739885,0.0
F,2029,A,0.4,random,5027,0.6973865199449794,0.6295965137228468,0.6801533586400769,0.5052631578947369,0.3037974683544304,0.3794466403162055,0.625332310949468,0.7090068353912407,0.0
F,2029,A,0.4,random,5028,0.6987620357634112,0.6317436621401579,0.6817868709545916,0.5157894736842106,0.310126582278481,0.3873517786561264,0.6257949401749089,0.708328003692904,0.0
F,2029,A,0.5,random,5026,0.6960110041265475,0.6283498433663534,0.6790723076906952,0.5,0.3037974683544304,0.3779527559055118,0.6237922792256436,0.708799196387935,0.0
F,2029,A,0.5,random,5027,0.6946354883081155,0.6268494981681046,0.6778906183478179,0.4948453608247423,0.3037974683544304,0.3764705882352941,0.6246480604148288,0.708634841945167,0.0
F,2029,A,0.5,random,5028,0.6960110041265475,0.6294638772530721,0.6795951791267375,0.5051546391752577,0.310126582278481,0.3843137254901961,0.6254080049513818,0.707382041761991,0.0
F,2029,V,0.1,random,5026,0.6973865199449794,0.6299302752658318,0.679803530961559,0.5161290322580645,0.3037974683544304,0.3824701195219123,0.6283418769932393,0.7087014921916904,0.0
F,2029,V,0.1,random,5027,0.6987620357634112,0.6324064642806458,0.6817013470815381,0.5212765957446809,0.310126582278481,0.3888888888888889,0.6284941428672344,0.7084416536535022,0.0
F,2029,V,0.1,random,5028,0.6987620357634112,0.6324064642806458,0.6817013470815381,0.5212765957446809,0.310126582278481,0.3888888888888889,0.6285947805777429,0.7084990896275783,0.0
F,2029,V,0.2,random,5026,0.6987620357634112,0.6309592001290114,0.680911256936639,0.5217391304347826,0.3037974683544304,0.384,0.6274523768159481,0.7084605215495136,0.0
F,2029,V,0.2,random,5027,0.6987620357634112,0.6324064642806458,0.6817013470815381,0.5212765957446809,0.310126582278481,0.3888888888888889,0.6278023167748069,0.7081872939266725,0.0
F,2029,V,0.2,random,5028,0.7001375515818432,0.6332633623097803,0.6829813900796675,0.5212765957446809,0.310126582278481,0.3888888888888889,0.6271312892131673,0.7085162683477557,0.0
F,2029,V,0.3,start,5026,0.7001375515818432,0.6332633623097803,0.6829813900796675,0.5212765957446809,0.310126582278481,0.3888888888888889,0.6258005329677844,0.7087718716334966,0.0
F,2029,V,0.3,middle,5026,0.7001375515818432,0.6334421157941763,0.6828136558663926,0.5268817204301075,0.310126582278481,0.3904382470119522,0.6276233781889645,0.7079114219175283,0.0
F,2029,V,0.3,end,5026,0.7015130674002751,0.635908864955283,0.6847062432488124,0.5319148936170213,0.3164556962025316,0.3968253968253968,0.6261937244688517,0.7081298617101985,0.0
F,2029,V,0.3,random,5026,0.7001375515818432,0.6334421157941763,0.6828136558663926,0.5268817204301075,0.310126582278481,0.3904382470119522,0.62717133982677,0.708176524450867,0.0
F,2029,V,0.3,random,5027,0.6987620357634112,0.6324064642806458,0.6817013470815381,0.5212765957446809,0.310126582278481,0.3888888888888889,0.6274435826457689,0.7077559457289868,0.0
F,2029,V,0.3,random,5028,0.7001375515818432,0.6332633623097803,0.6829813900796675,0.5212765957446809,0.310126582278481,0.3888888888888889,0.626961677396491,0.7079996061152848,0.0
F,2029,V,0.4,random,5026,0.6987620357634112,0.6324064642806458,0.6817013470815381,0.5212765957446809,0.310126582278481,0.3888888888888889,0.6275373504978902,0.7076963501965183,0.0
F,2029,V,0.4,random,5027,0.7015130674002751,0.635908864955283,0.6847062432488124,0.5319148936170213,0.3164556962025316,0.3968253968253968,0.626254526036077,0.7076474295001948,0.0
F,2029,V,0.4,random,5028,0.7001375515818432,0.6346862314745184,0.6837566426468168,0.5208333333333334,0.3164556962025316,0.3937007874015748,0.6266547754221293,0.7075024381779838,0.0
F,2029,V,0.5,random,5026,0.6987620357634112,0.6336505833820646,0.6826428143132768,0.5154639175257731,0.3164556962025316,0.392156862745098,0.6266178975420671,0.7075393190197219,0.0
F,2029,V,0.5,random,5027,0.7001375515818432,0.6348666059494608,0.6835894297754482,0.5263157894736842,0.3164556962025316,0.3952569169960474,0.6263906129070509,0.7071091675507928,0.0
F,2029,V,0.5,random,5028,0.6987620357634112,0.6336505833820646,0.6826428143132768,0.5154639175257731,0.3164556962025316,0.392156862745098,0.626690991123845,0.7070912971585389,0.0
F,2029,TA,0.3,start,5026,0.686382393397524,0.6123372676205013,0.6636189139789345,0.5733333333333334,0.2721518987341772,0.3690987124463519,0.6475787490812767,0.6683819404413893,0.0
F,2029,TA,0.3,middle,5026,0.6492434662998624,0.5743571519557416,0.6300213385639887,0.40625,0.2468354430379747,0.3070866141732283,0.6803210803078494,0.6225576582761813,0.0
F,2029,TA,0.3,end,5026,0.6506189821182944,0.557019683301487,0.6181958341761082,0.4666666666666667,0.1772151898734177,0.2568807339449541,0.6810186527354618,0.6215708216299193,0.0
F,2029,TA,0.3,random,5026,0.672627235213205,0.59042349670369,0.6460694034882182,0.5277777777777778,0.240506329113924,0.3304347826086956,0.6698993848235568,0.6344266131075856,0.0
F,2029,TA,0.3,random,5027,0.6588720770288858,0.5804363283775048,0.6352863353573363,0.4625,0.2341772151898734,0.3109243697478991,0.6787250120851761,0.6284237316446847,0.0
F,2029,TA,0.3,random,5028,0.6478679504814305,0.5708637407064789,0.6246982072486248,0.5064935064935064,0.2468354430379747,0.3319148936170212,0.6967398778616785,0.6173962069281566,0.0
F,2029,TV,0.3,start,5026,0.6850068775790922,0.6107758114958327,0.6623914389416649,0.5657894736842105,0.2721518987341772,0.3675213675213675,0.6467900198434124,0.6692117966615756,0.0
F,2029,TV,0.3,middle,5026,0.6533700137551581,0.5792011986702251,0.6339989871535441,0.425531914893617,0.2531645569620253,0.3174603174603174,0.6800354179110607,0.6215820121034744,0.0
F,2029,TV,0.3,end,5026,0.6519944979367263,0.5561809323975593,0.6182063576279423,0.4655172413793103,0.170886075949367,0.25,0.6807732100705912,0.6217201648226877,0.0
F,2029,TV,0.3,random,5026,0.6753782668500687,0.5923890868808991,0.6481922736183735,0.5428571428571428,0.240506329113924,0.3333333333333333,0.670763601482665,0.6339317090901325,0.0
F,2029,TV,0.3,random,5027,0.6602475928473177,0.5788735164573113,0.6352511528695219,0.4675324675324675,0.2278481012658227,0.3063829787234042,0.6796580047558887,0.6286674308958144,0.0
F,2029,TV,0.3,random,5028,0.6492434662998624,0.5737439325478011,0.6270423199970517,0.5063291139240507,0.2531645569620253,0.3375527426160337,0.6942783323768771,0.6181174170312345,0.0
F,2029,AV,0.3,start,5026,0.6973865199449794,0.6335236283694676,0.682201786195558,0.51,0.3227848101265823,0.3953488372093023,0.6238271705921236,0.7083527363372001,0.0
F,2029,AV,0.3,middle,5026,0.6960110041265475,0.6313597172100024,0.680439093512308,0.5050505050505051,0.3164556962025316,0.3891050583657587,0.6262283023828131,0.7063488750269228,0.0
F,2029,AV,0.3,end,5026,0.6973865199449794,0.6325621928357906,0.6813790115813875,0.5154639175257731,0.3164556962025316,0.392156862745098,0.6252714600529018,0.7066522370539651,0.0
F,2029,AV,0.3,random,5026,0.6946354883081155,0.6305594773738242,0.6793048382929062,0.5,0.3164556962025316,0.3875968992248062,0.6250309020692381,0.7074227431396267,0.0
F,2029,AV,0.3,random,5027,0.6973865199449794,0.6326176096566071,0.6815295963409979,0.5102040816326531,0.3164556962025316,0.390625,0.6252678591457292,0.7070094506738157,0.0
F,2029,AV,0.3,random,5028,0.6946354883081155,0.6299168674320256,0.6794091337170943,0.495049504950495,0.3164556962025316,0.3861003861003861,0.6263616993847609,0.7061818475353796,0.0
F,2029,TAV,0.3,start,5026,0.686382393397524,0.612819405836402,0.6648194045532823,0.55,0.2784810126582278,0.3697478991596639,0.6451543923067384,0.668764155878948,0.0
F,2029,TAV,0.3,middle,5026,0.6478679504814305,0.5735282015833045,0.6297714924091943,0.39,0.2468354430379747,0.3023255813953488,0.6810458931835885,0.6203910819071965,0.0
F,2029,TAV,0.3,end,5026,0.6533700137551581,0.5611542563451161,0.6221462097623032,0.4603174603174603,0.1835443037974683,0.2624434389140271,0.6811458699016291,0.6208279261367391,0.0
F,2029,TAV,0.3,random,5026,0.6753782668500687,0.5975281453127397,0.6510723808670662,0.5394736842105263,0.2594936708860759,0.3504273504273504,0.6695020539231847,0.6320911409628898,0.0
F,2029,TAV,0.3,random,5027,0.6588720770288858,0.5816751869048968,0.636606593385621,0.4523809523809524,0.240506329113924,0.3140495867768595,0.6789018155227309,0.6268768856468859,0.0
F,2029,TAV,0.3,random,5028,0.6506189821182944,0.5797735817123967,0.6307232906912152,0.5119047619047619,0.2721518987341772,0.3553719008264462,0.6958582978166674,0.6152008671283598,0.0
F,2030,none,0.0,none,0,0.6781292984869326,0.577760223417982,0.6421158240016032,0.5098039215686274,0.1645569620253164,0.2488038277511961,0.6123747956567549,0.6941890211400719,0.0
F,2030,T,0.1,random,5026,0.6891334250343879,0.5899482797533128,0.6522225688125788,0.6511627906976745,0.1772151898734177,0.2786069651741293,0.623086621684402,0.6798110322346744,0.0
F,2030,T,0.1,random,5027,0.672627235213205,0.5725262759968336,0.6357869398900198,0.5909090909090909,0.1645569620253164,0.2574257425742574,0.6339756809689904,0.6558974991916293,0.0
F,2030,T,0.1,random,5028,0.6698762035763411,0.5751700967981295,0.6371177054230708,0.5576923076923077,0.1835443037974683,0.2761904761904762,0.6307693370031113,0.6709250934301132,0.0
F,2030,T,0.2,random,5026,0.6808803301237965,0.5702293908218662,0.6382413104371254,0.6388888888888888,0.1455696202531645,0.2371134020618556,0.6482001274306599,0.6493506372006128,0.0
F,2030,T,0.2,random,5027,0.657496561210454,0.5532405970955635,0.618530952022437,0.5609756097560976,0.1455696202531645,0.2311557788944723,0.6544238365205359,0.6391231775128967,0.0
F,2030,T,0.2,random,5028,0.6478679504814305,0.5458028396081206,0.6102277559914283,0.631578947368421,0.1518987341772152,0.2448979591836734,0.6574707816647033,0.6405611270537747,0.0
F,2030,T,0.3,start,5026,0.671251719394773,0.5593624390470274,0.6275642823626488,0.6176470588235294,0.1329113924050632,0.21875,0.6459624523823265,0.6686578215067756,0.0
F,2030,T,0.3,middle,5026,0.6327372764786795,0.5290355257400513,0.5944305528375359,0.4666666666666667,0.1329113924050632,0.2068965517241379,0.6702349352994644,0.637072451272817,0.0
F,2030,T,0.3,end,5026,0.6299862448418156,0.4952490294038599,0.5732103773230435,0.45,0.0569620253164556,0.1011235955056179,0.6904229445467648,0.6025832550137973,0.0
F,2030,T,0.3,random,5026,0.6753782668500687,0.570379210005915,0.6355497735812554,0.6578947368421053,0.1582278481012658,0.2551020408163265,0.6582185358794077,0.6404438292758582,0.0
F,2030,T,0.3,random,5027,0.6327372764786795,0.5208828646938778,0.5899796396729752,0.5,0.1139240506329113,0.1855670103092783,0.6773965071282584,0.619394601253631,0.0
F,2030,T,0.3,random,5028,0.6423658872077029,0.5354180583353451,0.6005596361810178,0.65625,0.1329113924050632,0.2210526315789473,0.6799662176296218,0.622400569146843,0.0
F,2030,T,0.4,random,5026,0.6451169188445667,0.5325873491100516,0.6016597759956068,0.5555555555555556,0.1265822784810126,0.2061855670103092,0.68655871045287,0.6059227391385503,0.0
F,2030,T,0.4,random,5027,0.6189821182943603,0.5055163350463814,0.5736279153917979,0.4848484848484848,0.1012658227848101,0.1675392670157068,0.7071418215889227,0.5764756710942994,0.0
F,2030,T,0.4,random,5028,0.6162310866574966,0.4910912161550436,0.5651875877309538,0.4444444444444444,0.0759493670886076,0.1297297297297297,0.7037074448160058,0.5898383434436891,0.0
F,2030,T,0.5,random,5026,0.6162310866574966,0.4966194525500215,0.5680113132381936,0.5517241379310345,0.1012658227848101,0.1711229946524064,0.7218040595249174,0.5612853982558977,0.0
F,2030,T,0.5,random,5027,0.6162310866574966,0.5035497699679602,0.5707073245198651,0.5666666666666667,0.1075949367088607,0.1808510638297872,0.7254412070873926,0.5453557196998059,0.0
F,2030,T,0.5,random,5028,0.6299862448418156,0.5106540720473672,0.5817432981543832,0.5333333333333333,0.1012658227848101,0.1702127659574468,0.7133549169115574,0.5800356560796859,0.0
F,2030,A,0.1,random,5026,0.6795048143053645,0.578788436107961,0.6433322592940282,0.5098039215686274,0.1645569620253164,0.2488038277511961,0.6122515206890733,0.6939806919667361,0.0
F,2030,A,0.1,random,5027,0.6781292984869326,0.577760223417982,0.6421158240016032,0.5098039215686274,0.1645569620253164,0.2488038277511961,0.6119958916438094,0.6940898699520347,0.0
F,2030,A,0.1,random,5028,0.6795048143053645,0.578788436107961,0.6433322592940282,0.5098039215686274,0.1645569620253164,0.2488038277511961,0.6121784358315484,0.6940461525201096,0.0
F,2030,A,0.2,random,5026,0.6795048143053645,0.578788436107961,0.6433322592940282,0.5098039215686274,0.1645569620253164,0.2488038277511961,0.6120419747126973,0.6936262333290836,0.0
F,2030,A,0.2,random,5027,0.6795048143053645,0.578788436107961,0.6433322592940282,0.5098039215686274,0.1645569620253164,0.2488038277511961,0.611739178984585,0.6941097742492169,0.0
F,2030,A,0.2,random,5028,0.6795048143053645,0.578788436107961,0.6433322592940282,0.5098039215686274,0.1645569620253164,0.2488038277511961,0.6123246057419477,0.6934807985811613,0.0
F,2030,A,0.3,start,5026,0.6795048143053645,0.578788436107961,0.6433322592940282,0.5098039215686274,0.1645569620253164,0.2488038277511961,0.6114678081349216,0.693634293259245,0.0
F,2030,A,0.3,middle,5026,0.6808803301237965,0.5819041273027338,0.6456465352797565,0.5192307692307693,0.170886075949367,0.2571428571428571,0.6114695362094033,0.6938873898537027,0.0
F,2030,A,0.3,end,5026,0.6795048143053645,0.578788436107961,0.6433322592940282,0.5098039215686274,0.1645569620253164,0.2488038277511961,0.612220776334542,0.6932074921655462,0.0
F,2030,A,0.3,random,5026,0.6808803301237965,0.5819041273027338,0.6456465352797565,0.5192307692307693,0.170886075949367,0.2571428571428571,0.611801216229503,0.6933274755565846,0.0
F,2030,A,0.3,random,5027,0.6808803301237965,0.5819041273027338,0.6456465352797565,0.5192307692307693,0.170886075949367,0.2571428571428571,0.6115152660415379,0.6936857138976363,0.0
F,2030,A,0.3,random,5028,0.6808803301237965,0.5819041273027338,0.6456465352797565,0.5192307692307693,0.170886075949367,0.2571428571428571,0.6123662827717744,0.6928206938509174,0.0
F,2030,A,0.4,random,5026,0.6808803301237965,0.5839008893245445,0.6473555433165319,0.5,0.1772151898734177,0.2616822429906542,0.6115428424610285,0.6932953378176765,0.0
F,2030,A,0.4,random,5027,0.6822558459422283,0.5849148072170398,0.6481774139472241,0.5185185185185185,0.1772151898734177,0.2641509433962264,0.6112631863226833,0.693580159374345,0.0
F,2030,A,0.4,random,5028,0.6822558459422283,0.584994343618834,0.6479449364924673,0.5283018867924528,0.1772151898734177,0.2654028436018957,0.6121772637739694,0.6926098351060712,0.0
F,2030,A,0.5,random,5026,0.6808803301237965,0.5839008893245445,0.6473555433165319,0.5,0.1772151898734177,0.2616822429906542,0.6116265244819984,0.6929728704116821,0.0
F,2030,A,0.5,random,5027,0.6822558459422283,0.5849148072170398,0.6481774139472241,0.5185185185185185,0.1772151898734177,0.2641509433962264,0.6117059150553459,0.6930847986197453,0.0
F,2030,A,0.5,random,5028,0.6822558459422283,0.5849148072170398,0.6481774139472241,0.5185185185185185,0.1772151898734177,0.2641509433962264,0.6122822265481053,0.6924223418626237,0.0
F,2030,V,0.1,random,5026,0.6781292984869326,0.577760223417982,0.6421158240016032,0.5098039215686274,0.1645569620253164,0.2488038277511961,0.6123607801871936,0.6942013161403202,0.0
F,2030,V,0.1,random,5027,0.6781292984869326,0.577760223417982,0.6421158240016032,0.5098039215686274,0.1645569620253164,0.2488038277511961,0.6125466834360587,0.6940220885061889,0.0
F,2030,V,0.1,random,5028,0.6781292984869326,0.577760223417982,0.6421158240016032,0.5098039215686274,0.1645569620253164,0.2488038277511961,0.6123520100102394,0.6942123353783967,0.0
F,2030,V,0.2,random,5026,0.6795048143053645,0.5790650101258334,0.6431497443666435,0.52,0.1645569620253164,0.25,0.6123531665982441,0.694092714878136,0.0
F,2030,V,0.2,random,5027,0.6781292984869326,0.5779734570391891,0.642173546455614,0.5098039215686274,0.1645569620253164,0.2488038277511961,0.6128566579603085,0.6935570988955496,0.0
F,2030,V,0.2,random,5028,0.6781292984869326,0.5779149159663866,0.642418552703062,0.5,0.1645569620253164,0.2476190476190476,0.6126541701718752,0.6941845618742598,0.0
F,2030,V,0.3,start,5026,0.6795048143053645,0.5811815948837338,0.6446491669820391,0.5094339622641509,0.170886075949367,0.2559241706161137,0.6115905201888744,0.6942965426234047,0.0
F,2030,V,0.3,middle,5026,0.6795048143053645,0.5832306320232413,0.6457202870898567,0.5185185185185185,0.1772151898734177,0.2641509433962264,0.6121521155801491,0.6939813051802047,0.0
F,2030,V,0.3,end,5026,0.6795048143053645,0.5810205530830386,0.6447273241161056,0.5094339622641509,0.170886075949367,0.2559241706161137,0.6128047984000238,0.6939944866198646,0.0
F,2030,V,0.3,random,5026,0.6781292984869326,0.5801513657731734,0.6434289232653302,0.5094339622641509,0.170886075949367,0.2559241706161137,0.6122672227082668,0.6939092696666779,0.0
F,2030,V,0.3,random,5027,0.6781292984869326,0.5822836802952793,0.6446537122058982,0.509090909090909,0.1772151898734177,0.2629107981220657,0.6124831791876851,0.6936434370168673,0.0
F,2030,V,0.3,random,5028,0.6781292984869326,0.5799921591722789,0.6435084854746956,0.5094339622641509,0.170886075949367,0.2559241706161137,0.6130056782670569,0.6938300347577151,0.0
F,2030,V,0.4,random,5026,0.6808803301237965,0.5903646609760855,0.6503263855904136,0.5254237288135594,0.1962025316455696,0.2857142857142857,0.6124574652010415,0.6935451498594575,0.0
F,2030,V,0.4,random,5027,0.6808803301237965,0.5902678309373001,0.650549505590056,0.5166666666666667,0.1962025316455696,0.2844036697247706,0.6123558522388584,0.6935552172345222,0.0
F,2030,V,0.4,random,5028,0.6795048143053645,0.5851693636722571,0.6470040222924331,0.5178571428571429,0.1835443037974683,0.2710280373831775,0.6132840574675252,0.6936101657010805,0.0
F,2030,V,0.5,random,5026,0.6822558459422283,0.5952698757603305,0.6536451992649723,0.532258064516129,0.2088607594936709,0.3,0.6126266554371641,0.6933536081002805,0.0
F,2030,V,0.5,random,5027,0.6795048143053645,0.5892975379189161,0.6494644791091124,0.5081967213114754,0.1962025316455696,0.2831050228310502,0.6128107045998881,0.6933000260377279,0.0
F,2030,V,0.5,random,5028,0.6781292984869326,0.5861761009836963,0.6473289842670764,0.5,0.189873417721519,0.2752293577981651,0.6137519106572817,0.6932265427207908,0.0
F,2030,TA,0.3,start,5026,0.6822558459422283,0.5809008804618564,0.6457907648312549,0.627906976744186,0.170886075949367,0.2686567164179104,0.6425074819731948,0.6691103935798232,0.0
F,2030,TA,0.3,middle,5026,0.6258596973865199,0.5257701606579531,0.5895768502742059,0.4583333333333333,0.1392405063291139,0.2135922330097087,0.6821152607011167,0.6118854596529535,0.0
F,2030,TA,0.3,end,5026,0.6382393397524071,0.5104212713026235,0.5859240214835367,0.48,0.0759493670886076,0.1311475409836065,0.6858796726233025,0.6022658085581033,0.0
F,2030,TA,0.3,random,5026,0.6657496561210454,0.5645279866332498,0.6282036590789214,0.6190476190476191,0.1645569620253164,0.26,0.6670796817431651,0.626692369071655,0.0
F,2030,TA,0.3,random,5027,0.6354883081155434,0.5174449078851119,0.5897792431946312,0.4054054054054054,0.0949367088607595,0.1538461538461538,0.6806031327566364,0.6158250591540446,0.0
F,2030,TA,0.3,random,5028,0.6396148555708391,0.5299137067976157,0.5964769120347941,0.6896551724137931,0.1265822784810126,0.213903743315508,0.6881955553190167,0.6144392612599828,0.0
F,2030,TV,0.3,start,5026,0.6795048143053645,0.578900734499623,0.6434111355806457,0.627906976744186,0.170886075949367,0.2686567164179104,0.641845521179148,0.6704737595700211,0.0
F,2030,TV,0.3,middle,5026,0.6272352132049519,0.5289525289525289,0.5919090843437473,0.4693877551020408,0.1455696202531645,0.2222222222222222,0.6820061643606541,0.6121712475514449,0.0
F,2030,TV,0.3,end,5026,0.6423658872077029,0.5187086646653157,0.592388742652054,0.5384615384615384,0.0886075949367088,0.1521739130434782,0.6839520277231197,0.6049146742987088,0.0
F,2030,TV,0.3,random,5026,0.656121045392022,0.5534723037521143,0.6182764493780878,0.5454545454545454,0.1518987341772152,0.2376237623762376,0.668145064853115,0.627040467118982,0.0
F,2030,TV,0.3,random,5027,0.640990371389271,0.526056298808183,0.5969022345675887,0.4722222222222222,0.1075949367088607,0.1752577319587628,0.6818187627844243,0.6158722680270108,0.0
F,2030,TV,0.3,random,5028,0.6396148555708391,0.5253281643422864,0.5937901239136955,0.6923076923076923,0.1139240506329113,0.1956521739130435,0.6874763280305731,0.6153824452726117,0.0
F,2030,AV,0.3,start,5026,0.6822558459422283,0.5870161541220522,0.649386678824123,0.5178571428571429,0.1835443037974683,0.2710280373831775,0.6105114102738841,0.6937581412954437,0.0
F,2030,AV,0.3,middle,5026,0.6808803301237965,0.589995197968675,0.6503534600345376,0.5254237288135594,0.1962025316455696,0.2857142857142857,0.6111667108345845,0.6933216543469226,0.0
F,2030,AV,0.3,end,5026,0.6795048143053645,0.5827823680973969,0.6459776391660437,0.509090909090909,0.1772151898734177,0.2629107981220657,0.6126694738239118,0.69255218043613,0.0
F,2030,AV,0.3,random,5026,0.6822558459422283,0.5870161541220522,0.649386678824123,0.5178571428571429,0.1835443037974683,0.2710280373831775,0.6112691259617679,0.6933730784602912,0.0
F,2030,AV,0.3,random,5027,0.6808803301237965,0.589995197968675,0.6503534600345376,0.5254237288135594,0.1962025316455696,0.2857142857142857,0.6115808786546161,0.692755874047071,0.0
F,2030,AV,0.3,random,5028,0.6808803301237965,0.5858271419186902,0.6482482135273334,0.5178571428571429,0.1835443037974683,0.2710280373831775,0.6128863612085822,0.6924312675037357,0.0
F,2030,TAV,0.3,start,5026,0.6808803301237965,0.582116113150596,0.6458889690118642,0.6222222222222222,0.1772151898734177,0.2758620689655172,0.6423975307864742,0.6687252318839348,0.0
F,2030,TAV,0.3,middle,5026,0.6272352132049519,0.5333407891366223,0.5946405511196606,0.4629629629629629,0.1582278481012658,0.2358490566037736,0.6824558493674009,0.6101562240089106,0.0
F,2030,TAV,0.3,end,5026,0.640990371389271,0.520823893970262,0.5939432006579024,0.46875,0.0949367088607595,0.1578947368421052,0.6861595196290133,0.6021726868666615,0.0
F,2030,TAV,0.3,random,5026,0.6588720770288858,0.5600952151437538,0.623427054811075,0.5306122448979592,0.1645569620253164,0.251207729468599,0.6678335534099327,0.6260969395555042,0.0
F,2030,TAV,0.3,random,5027,0.6396148555708391,0.5278811405331467,0.5982678923363609,0.4186046511627907,0.1139240506329113,0.1791044776119403,0.6810201500987324,0.6154850496411907,0.0
F,2030,TAV,0.3,random,5028,0.6368638239339752,0.5282441655104325,0.5952107677056562,0.5882352941176471,0.1265822784810126,0.2083333333333333,0.689100877774151,0.6124476907840987,0.0
G,2026,none,0.0,none,0,0.7056396148555708,0.6343701921039937,0.687630476829421,0.5,0.2974683544303797,0.373015873015873,0.5982311549276855,0.7103894692547436,0.0
G,2026,T,0.1,random,5026,0.6960110041265475,0.6337793485490772,0.6822767138973663,0.4952380952380952,0.3291139240506329,0.3954372623574144,0.6014202628204732,0.6995971348999208,0.0
G,2026,T,0.1,random,5027,0.6808803301237965,0.6243175461710931,0.6708189388717183,0.4661016949152542,0.3481012658227848,0.3985507246376811,0.6138839145194438,0.6731549938347942,0.0
G,2026,T,0.1,random,5028,0.6891334250343879,0.6414776975624656,0.6812330148952774,0.5163934426229508,0.3987341772151899,0.45,0.608084209580983,0.6902748794959693,0.0
G,2026,T,0.2,random,5026,0.6781292984869326,0.6175246594364241,0.6669276039340365,0.4695652173913043,0.3417721518987341,0.3956043956043956,0.6342801337681662,0.6552590758212985,0.0
G,2026,T,0.2,random,5027,0.6698762035763411,0.6127303828492309,0.6595751095282905,0.4491525423728814,0.3354430379746835,0.3840579710144927,0.6343800974286007,0.6521967705367301,0.0
G,2026,T,0.2,random,5028,0.6795048143053645,0.6313373278952867,0.671505994608498,0.5081967213114754,0.3924050632911392,0.4428571428571428,0.636167366988936,0.6604754931950935,0.0
G,2026,T,0.3,start,5026,0.6643741403026134,0.6001815347753269,0.6520841377972675,0.415929203539823,0.2974683544303797,0.3468634686346863,0.649524890717129,0.6604662826569473,0.0
G,2026,T,0.3,middle,5026,0.656121045392022,0.6109689604107921,0.6535654027276605,0.4266666666666667,0.4050632911392405,0.4155844155844156,0.6598353440520291,0.6485757461226938,0.0
G,2026,T,0.3,end,5026,0.6547455295735901,0.5993080492120751,0.645134069327314,0.4621848739495798,0.3481012658227848,0.3971119133574007,0.6891539220314737,0.608119704484602,0.0
G,2026,T,0.3,random,5026,0.6671251719394773,0.6131806517004162,0.6603549145835556,0.4469696969696969,0.3734177215189873,0.4068965517241379,0.6531997940546721,0.6384852329534623,0.0
G,2026,T,0.3,random,5027,0.6685006877579092,0.625710763847469,0.6652009593660846,0.4689655172413793,0.430379746835443,0.4488448844884488,0.658562907542131,0.634294409872372,0.0
G,2026,T,0.3,random,5028,0.6533700137551581,0.599588674540826,0.6450497272326409,0.4471544715447154,0.3481012658227848,0.3914590747330961,0.6700013332200344,0.6336656416283016,0.0
G,2026,T,0.4,random,5026,0.6313617606602476,0.583098091310451,0.6279007564006526,0.3959731543624161,0.3734177215189873,0.3843648208469055,0.6921260842400568,0.6054544760528866,0.0
G,2026,T,0.4,random,5027,0.6217331499312242,0.5776092529359461,0.6181748337468803,0.4068965517241379,0.3734177215189873,0.3894389438943894,0.7047893600000332,0.5805645594647953,0.0
G,2026,T,0.4,random,5028,0.6354883081155434,0.5887282130636068,0.6318239215246038,0.4137931034482758,0.379746835443038,0.396039603960396,0.7084124135157417,0.5934102569224537,0.0
G,2026,T,0.5,random,5026,0.6272352132049519,0.5780934056212719,0.623694971805472,0.4102564102564102,0.4050632911392405,0.4076433121019108,0.7328096178544219,0.5575086204104998,0.0
G,2026,T,0.5,random,5027,0.5969738651994498,0.5611011194957891,0.5995719243123262,0.3620689655172414,0.3987341772151899,0.3795180722891566,0.7353231626440748,0.5486913398258161,0.0
G,2026,T,0.5,random,5028,0.6313617606602476,0.58818415219738,0.6306332930186084,0.3963414634146341,0.4113924050632911,0.4037267080745341,0.7339163485333617,0.5701826509607025,0.0
G,2026,A,0.1,random,5026,0.7056396148555708,0.6371954842543078,0.6889505133052346,0.5051546391752577,0.310126582278481,0.3843137254901961,0.5986398523779626,0.7100259223065282,0.0
G,2026,A,0.1,random,5027,0.7056396148555708,0.6360617713483488,0.6884108321429913,0.5,0.3037974683544304,0.3779527559055118,0.5983138441318888,0.7104214508859831,0.0
G,2026,A,0.1,random,5028,0.7056396148555708,0.6357458341013196,0.6881507406908589,0.5052631578947369,0.3037974683544304,0.3794466403162055,0.5986509835018187,0.7101843273381182,0.0
G,2026,A,0.2,random,5026,0.7070151306740028,0.6396460131221184,0.6908401616552241,0.5102040816326531,0.3164556962025316,0.390625,0.5983001432462696,0.7100499415716102,0.0
G,2026,A,0.2,random,5027,0.7056396148555708,0.6375080749354005,0.6892076655683865,0.5,0.310126582278481,0.3828125,0.5980834349823447,0.7103523458289535,0.0
G,2026,A,0.2,random,5028,0.7042640990371389,0.6347292898964213,0.6870514083844792,0.5,0.3037974683544304,0.3779527559055118,0.5989163019964037,0.7098995024187408,0.0
G,2026,A,0.3,start,5026,0.7042640990371389,0.6350475594114623,0.6873116960236866,0.4948453608247423,0.3037974683544304,0.3764705882352941,0.5980496222834172,0.7104339923928829,0.0
G,2026,A,0.3,middle,5026,0.7070151306740028,0.6399530429637377,0.6910942589276153,0.5050505050505051,0.3164556962025316,0.3891050583657587,0.5987206434088964,0.7097533978310242,0.0
G,2026,A,0.3,end,5026,0.7056396148555708,0.6386189841017176,0.689732478817851,0.5050505050505051,0.3164556962025316,0.3891050583657587,0.5990479519627024,0.7094883685437144,0.0
G,2026,A,0.3,random,5026,0.7070151306740028,0.6396460131221184,0.6908401616552241,0.5102040816326531,0.3164556962025316,0.390625,0.5987074505877855,0.7098626709598497,0.0
G,2026,A,0.3,random,5027,0.7083906464924347,0.6423826583277673,0.6929716061095319,0.51,0.3227848101265823,0.3953488372093023,0.5978888957182077,0.7101970039563963,0.0
G,2026,A,0.3,random,5028,0.7070151306740028,0.6396460131221184,0.6908401616552241,0.5102040816326531,0.3164556962025316,0.390625,0.5988933027128909,0.7096440082017356,0.0
G,2026,A,0.4,random,5026,0.7070151306740028,0.6410476922893164,0.6916084708503811,0.51,0.3227848101265823,0.3953488372093023,0.5987920836991961,0.709638591880156,0.0
G,2026,A,0.4,random,5027,0.7097661623108665,0.6450152377045327,0.6948027603606344,0.5148514851485149,0.3291139240506329,0.4015444015444015,0.5972910985483185,0.7103152632889104,0.0
G,2026,A,0.4,random,5028,0.7070151306740028,0.6412666554975971,0.691573274929966,0.51,0.3227848101265823,0.3953488372093023,0.5984932229594743,0.7096091389351582,0.0
G,2026,A,0.5,random,5026,0.7070151306740028,0.6410476922893164,0.6916084708503811,0.51,0.3227848101265823,0.3953488372093023,0.5989675978756532,0.7093594331764566,0.0
G,2026,A,0.5,random,5027,0.7111416781292985,0.6474138062373357,0.696660631849563,0.5196078431372549,0.3354430379746835,0.4076923076923077,0.5969842471191942,0.7101971026478008,0.0
G,2026,A,0.5,random,5028,0.7070151306740028,0.6412666554975971,0.691573274929966,0.51,0.3227848101265823,0.3953488372093023,0.5986590953819836,0.7093930172406279,0.0
G,2026,V,0.1,random,5026,0.7056396148555708,0.6371954842543078,0.6889505133052346,0.5051546391752577,0.310126582278481,0.3843137254901961,0.5983175675159654,0.7102268027527404,0.0
G,2026,V,0.1,random,5027,0.7083906464924347,0.6395522441301602,0.6914154459372811,0.5104166666666666,0.310126582278481,0.3858267716535433,0.5978384680804519,0.7098535004963089,0.0
G,2026,V,0.1,random,5028,0.7070151306740028,0.6370785395630678,0.6895104990775212,0.5052631578947369,0.3037974683544304,0.3794466403162055,0.5982346253981353,0.7098466568077607,0.0
G,2026,V,0.2,random,5026,0.7083906464924347,0.6423826583277673,0.6929716061095319,0.51,0.3227848101265823,0.3953488372093023,0.5968625929676102,0.7101340597671538,0.0
G,2026,V,0.2,random,5027,0.7083906464924347,0.6409802971576228,0.6922022781314311,0.5102040816326531,0.3164556962025316,0.390625,0.5976082710565772,0.7093926015820802,0.0
G,2026,V,0.2,random,5028,0.7070151306740028,0.6396460131221184,0.6908401616552241,0.5102040816326531,0.3164556962025316,0.390625,0.5983352436123601,0.7094191665776173,0.0
G,2026,V,0.3,start,5026,0.7125171939477304,0.6468794850283449,0.6970736520581504,0.5252525252525253,0.3291139240506329,0.4046692607003891,0.5965096939024508,0.7097518249816822,0.0
G,2026,V,0.3,middle,5026,0.7083906464924347,0.6437598928527944,0.6937237924711235,0.5098039215686274,0.3291139240506329,0.4,0.5977130970880584,0.7091969220972141,0.0
G,2026,V,0.3,end,5026,0.7097661623108665,0.6434162639960412,0.6940839554928828,0.5151515151515151,0.3227848101265823,0.3968871595330739,0.5973437796667734,0.7095391332833056,0.0
G,2026,V,0.3,random,5026,0.7097661623108665,0.6447971129229679,0.6948398352237378,0.5148514851485149,0.3291139240506329,0.4015444015444015,0.5966213645482787,0.7098261759346439,0.0
G,2026,V,0.3,random,5027,0.7083906464924347,0.6423826583277673,0.6929716061095319,0.51,0.3227848101265823,0.3953488372093023,0.5970528518446595,0.7091517052325261,0.0
G,2026,V,0.3,random,5028,0.7056396148555708,0.6388663183351424,0.6898321264520494,0.5050505050505051,0.3164556962025316,0.3891050583657587,0.5987216566326123,0.7088107756657746,0.0
G,2026,V,0.4,random,5026,0.7070151306740028,0.642671345555613,0.6924589372746709,0.5098039215686274,0.3291139240506329,0.4,0.5972646266335152,0.7091572540800103,0.0
G,2026,V,0.4,random,5027,0.7056396148555708,0.6402633320855888,0.6905952908259576,0.504950495049505,0.3227848101265823,0.3938223938223938,0.5980503598152934,0.7083878258224142,0.0
G,2026,V,0.4,random,5028,0.7070151306740028,0.6412957067573158,0.691709134625911,0.51,0.3227848101265823,0.3953488372093023,0.5987073822319647,0.7081541622174846,0.0
G,2026,V,0.5,random,5026,0.7042640990371389,0.6406018262323853,0.6902242780976879,0.5,0.3291139240506329,0.3969465648854962,0.5984478532075953,0.7082217471392894,0.0
G,2026,V,0.5,random,5027,0.7028885832187071,0.6395707958417742,0.6891076325839673,0.4952380952380952,0.3291139240506329,0.3954372623574144,0.5993152209265077,0.7074426027138324,0.0
G,2026,V,0.5,random,5028,0.7042640990371389,0.6406018262323853,0.6902242780976879,0.5,0.3291139240506329,0.3969465648854962,0.5999605928594753,0.7068458424739623,0.0
G,2026,TA,0.3,start,5026,0.6781292984869326,0.6169243201461598,0.6655208899880214,0.4722222222222222,0.3227848101265823,0.3834586466165413,0.6421806829506878,0.6647344508406717,0.0
G,2026,TA,0.3,middle,5026,0.656121045392022,0.6178804631301277,0.6550207277248857,0.4451612903225806,0.4367088607594936,0.4408945686900958,0.6741736506751582,0.6252580787646025,0.0
G,2026,TA,0.3,end,5026,0.6643741403026134,0.610110356318687,0.6539660872089748,0.495575221238938,0.3544303797468354,0.4132841328413284,0.6788832465044425,0.613714420581301,0.0
G,2026,TA,0.3,random,5026,0.672627235213205,0.6213177072283602,0.666241060631225,0.4736842105263157,0.3987341772151899,0.4329896907216495,0.6663599263007275,0.6264070116857043,0.0
G,2026,TA,0.3,random,5027,0.6602475928473177,0.6169553082077764,0.6566401068193731,0.4507042253521127,0.4050632911392405,0.4266666666666667,0.6707259249423787,0.6237010380238933,0.0
G,2026,TA,0.3,random,5028,0.6354883081155434,0.5791499758410615,0.6273644278424056,0.416,0.3291139240506329,0.3674911660777385,0.6788627556179078,0.6242370298085612,0.0
G,2026,TV,0.3,start,5026,0.6781292984869326,0.6188893833753647,0.666889573279937,0.4732142857142857,0.3354430379746835,0.3925925925925926,0.6421379294602986,0.6640512402113986,0.0
G,2026,TV,0.3,middle,5026,0.6478679504814305,0.6109422841184775,0.6476335567105843,0.4339622641509434,0.4367088607594936,0.4353312302839117,0.6766330291319477,0.623368948335597,0.0
G,2026,TV,0.3,end,5026,0.6629986244841816,0.6134387348926356,0.6555012613391553,0.4838709677419355,0.379746835443038,0.425531914893617,0.6802722897252823,0.6136558274635685,0.0
G,2026,TV,0.3,random,5026,0.671251719394773,0.6229512140842189,0.6657574496930512,0.4779411764705882,0.4113924050632911,0.4421768707482993,0.6662377734057597,0.6268275466945816,0.0
G,2026,TV,0.3,random,5027,0.6629986244841816,0.6199287786086222,0.6599378121363632,0.4551724137931034,0.4177215189873418,0.4356435643564356,0.6722643476071894,0.6225191141971698,0.0
G,2026,TV,0.3,random,5028,0.6382393397524071,0.5867916773076484,0.6321824662735864,0.4242424242424242,0.3544303797468354,0.3862068965517241,0.6775988777868829,0.6243101222652818,0.0
G,2026,AV,0.3,start,5026,0.7083906464924347,0.6423826583277673,0.6929716061095319,0.51,0.3227848101265823,0.3953488372093023,0.5972723098333826,0.709522294170034,0.0
G,2026,AV,0.3,middle,5026,0.7070151306740028,0.6455639627610252,0.693867773854608,0.5094339622641509,0.3417721518987341,0.4090909090909091,0.5982628435555347,0.7082687544826072,0.0
G,2026,AV,0.3,end,5026,0.7056396148555708,0.6416353261600094,0.6913413672809094,0.5048543689320388,0.3291139240506329,0.3984674329501915,0.5989648866534212,0.7082460326373935,0.0
G,2026,AV,0.3,random,5026,0.7070151306740028,0.642671345555613,0.6924589372746709,0.5098039215686274,0.3291139240506329,0.4,0.5974540002884677,0.7092673153155821,0.0
G,2026,AV,0.3,random,5027,0.7042640990371389,0.6406018262323853,0.6902242780976879,0.5,0.3291139240506329,0.3969465648854962,0.5980787329735602,0.7086077248052595,0.0
G,2026,AV,0.3,random,5028,0.7056396148555708,0.6416353261600094,0.6913413672809094,0.5048543689320388,0.3291139240506329,0.3984674329501915,0.5994171165606353,0.7077942187887729,0.0
G,2026,TAV,0.3,start,5026,0.6753782668500687,0.6168418122101466,0.664640916613447,0.4649122807017544,0.3354430379746835,0.3897058823529412,0.6426990827458517,0.6642515399895469,0.0
G,2026,TAV,0.3,middle,5026,0.6506189821182944,0.6149666625886959,0.6509275350197846,0.4382716049382716,0.4493670886075949,0.44375,0.67616752591599,0.6222667782396765,0.0
G,2026,TAV,0.3,end,5026,0.6588720770288858,0.6079870564755411,0.6509269349920587,0.4715447154471545,0.3670886075949367,0.4128113879003559,0.6803752583290064,0.6118857172777993,0.0
G,2026,TAV,0.3,random,5026,0.6753782668500687,0.6305534269768115,0.6719751870262344,0.4794520547945205,0.4430379746835443,0.4605263157894737,0.6646505575239466,0.6263289007420554,0.0
G,2026,TAV,0.3,random,5027,0.6629986244841816,0.6199287786086222,0.6599378121363632,0.4551724137931034,0.4177215189873418,0.4356435643564356,0.671100094463591,0.6223844564572562,0.0
G,2026,TAV,0.3,random,5028,0.6368638239339752,0.5864214509025193,0.6315217295912987,0.4222222222222222,0.360759493670886,0.3890784982935154,0.6769246695347981,0.6238561285270326,0.0
G,2027,none,0.0,none,0,0.6918844566712518,0.6167140067808329,0.6693377637154435,0.5125,0.2594936708860759,0.3445378151260504,0.6638032383114874,0.702116969657499,0.0
G,2027,T,0.1,random,5026,0.6850068775790922,0.6048862802699756,0.6601021674452706,0.52,0.2468354430379747,0.334763948497854,0.6514855988039622,0.6920451530618229,0.0
G,2027,T,0.1,random,5027,0.6850068775790922,0.6114197857216692,0.6637986812927966,0.5,0.2658227848101265,0.3471074380165289,0.6504798876301197,0.6744677506315089,0.0
G,2027,T,0.1,random,5028,0.687757909215956,0.6245125403020423,0.6708669518113524,0.5555555555555556,0.3164556962025316,0.4032258064516129,0.6489355148759209,0.6811102193325222,0.0
G,2027,T,0.2,random,5026,0.687757909215956,0.6168725954902322,0.6684149191313952,0.5280898876404494,0.2974683544303797,0.3805668016194332,0.6605941942022391,0.6507358778527466,0.0
G,2027,T,0.2,random,5027,0.672627235213205,0.6049337146165517,0.6549263530039627,0.4893617021276595,0.2911392405063291,0.365079365079365,0.6534121419659041,0.6589468127579318,0.0
G,2027,T,0.2,random,5028,0.6767537826685007,0.6144110212084846,0.6600658454017646,0.5444444444444444,0.310126582278481,0.3951612903225806,0.665029694301882,0.6532083322780732,0.0
G,2027,T,0.3,start,5026,0.6685006877579092,0.595336563564321,0.648261521354235,0.4712643678160919,0.2594936708860759,0.3346938775510204,0.6375738902938758,0.6714167972260057,0.0
G,2027,T,0.3,middle,5026,0.656121045392022,0.5913692965609414,0.6409343786707055,0.4519230769230769,0.2974683544303797,0.3587786259541984,0.6549000618259059,0.6455512990973712,0.0
G,2027,T,0.3,end,5026,0.6492434662998624,0.5788197997901691,0.6304579429106163,0.4719101123595505,0.2658227848101265,0.340080971659919,0.6761106269285073,0.6069323871536108,0.0
G,2027,T,0.3,random,5026,0.6836313617606602,0.6145194600453247,0.6651056130234472,0.5108695652173914,0.2974683544303797,0.376,0.6502477812008881,0.6434278038104713,0.0
G,2027,T,0.3,random,5027,0.6547455295735901,0.5927523327955954,0.6421994470011682,0.4336283185840708,0.310126582278481,0.3616236162361623,0.6569002905400856,0.6393388789043826,0.0
G,2027,T,0.3,random,5028,0.6698762035763411,0.603491314626262,0.6509882677928827,0.5476190476190477,0.2911392405063291,0.3801652892561983,0.6722159345594243,0.6325250221285509,0.0
G,2027,T,0.4,random,5026,0.6506189821182944,0.5808959086092007,0.6327338076481036,0.4489795918367347,0.2784810126582278,0.34375,0.6795836653345184,0.5961898385074832,0.0
G,2027,T,0.4,random,5027,0.624484181568088,0.5600065192842757,0.6117662928823049,0.3793103448275862,0.2784810126582278,0.3211678832116788,0.6948084274599717,0.5871880913794154,0.0
G,2027,T,0.4,random,5028,0.6533700137551581,0.5924017397486717,0.6380221685385852,0.5154639175257731,0.3164556962025316,0.392156862745098,0.6833377500244554,0.6000020374615188,0.0
G,2027,T,0.5,random,5026,0.6354883081155434,0.571217188624742,0.6203746043357468,0.4495412844036697,0.310126582278481,0.3670411985018726,0.7086769033891352,0.5525621864238002,0.0
G,2027,T,0.5,random,5027,0.6121045392022009,0.5593287618648799,0.6043700347795834,0.3923076923076923,0.3227848101265823,0.3541666666666667,0.7037600611923785,0.5615997010856941,0.0
G,2027,T,0.5,random,5028,0.6327372764786795,0.5700610585294833,0.6202285246743938,0.4067796610169492,0.3037974683544304,0.3478260869565217,0.6983711105922317,0.5835832267353703,0.0
G,2027,A,0.1,random,5026,0.6918844566712518,0.6165653166350834,0.6695201639744078,0.5061728395061729,0.2594936708860759,0.3430962343096234,0.6623956348568845,0.702089658338717,0.0
G,2027,A,0.1,random,5027,0.6918844566712518,0.6165653166350834,0.6695201639744078,0.5061728395061729,0.2594936708860759,0.3430962343096234,0.6623347956220165,0.7022302973329845,0.0
G,2027,A,0.1,random,5028,0.6918844566712518,0.6165653166350834,0.6695201639744078,0.5061728395061729,0.2594936708860759,0.3430962343096234,0.6624789256541571,0.7019937849186929,0.0
G,2027,A,0.2,random,5026,0.6918844566712518,0.6165653166350834,0.6695201639744078,0.5061728395061729,0.2594936708860759,0.3430962343096234,0.6610390685029105,0.7020532163274884,0.0
G,2027,A,0.2,random,5027,0.6918844566712518,0.6165653166350834,0.6695201639744078,0.5061728395061729,0.2594936708860759,0.3430962343096234,0.660940282138369,0.7022825524377824,0.0
G,2027,A,0.2,random,5028,0.6905089408528198,0.6155667808893615,0.6684296852664426,0.5,0.2594936708860759,0.3416666666666667,0.6617325128304423,0.7014797315030695,0.0
G,2027,A,0.3,start,5026,0.6918844566712518,0.6165653166350834,0.6695201639744078,0.5061728395061729,0.2594936708860759,0.3430962343096234,0.6598618355985767,0.7021640190014161,0.0
G,2027,A,0.3,middle,5026,0.6932599724896836,0.6191992595218401,0.6715175419306404,0.5121951219512195,0.2658227848101265,0.35,0.6602929576643941,0.701711401256432,0.0
G,2027,A,0.3,end,5026,0.6905089408528198,0.6155667808893615,0.6684296852664426,0.5,0.2594936708860759,0.3416666666666667,0.6605339297673021,0.7016329876655415,0.0
G,2027,A,0.3,random,5026,0.6918844566712518,0.6165653166350834,0.6695201639744078,0.5061728395061729,0.2594936708860759,0.3430962343096234,0.6601820534688829,0.7018690616375558,0.0
G,2027,A,0.3,random,5027,0.6918844566712518,0.6165653166350834,0.6695201639744078,0.5061728395061729,0.2594936708860759,0.3430962343096234,0.6600162236229852,0.7020332847585936,0.0
G,2027,A,0.3,random,5028,0.6905089408528198,0.6155667808893615,0.6684296852664426,0.5,0.2594936708860759,0.3416666666666667,0.6605416260140125,0.7013358010996598,0.0
G,2027,A,0.4,random,5026,0.6918844566712518,0.6180461151927201,0.6706066312060238,0.5,0.2658227848101265,0.3471074380165289,0.6591667864786067,0.7013850730206856,0.0
G,2027,A,0.4,random,5027,0.6932599724896836,0.6191992595218401,0.6715175419306404,0.5121951219512195,0.2658227848101265,0.35,0.6586669597437083,0.7021103521266309,0.0
G,2027,A,0.4,random,5028,0.6918844566712518,0.6181929092345732,0.6704217635925305,0.5060240963855421,0.2658227848101265,0.3485477178423236,0.6593570114780072,0.7013048991886742,0.0
G,2027,A,0.5,random,5026,0.6918844566712518,0.6180461151927201,0.6706066312060238,0.5,0.2658227848101265,0.3471074380165289,0.6582992737485094,0.7010555416877454,0.0
G,2027,A,0.5,random,5027,0.6932599724896836,0.6190487072662377,0.6717001634032427,0.5060240963855421,0.2658227848101265,0.3485477178423236,0.6572222466932113,0.7020644433603275,0.0
G,2027,A,0.5,random,5028,0.6918844566712518,0.6179041304489333,0.6707953566600827,0.4941176470588235,0.2658227848101265,0.345679012345679,0.6575845028549082,0.7013263845450519,0.0
G,2027,V,0.1,random,5026,0.6905089408528198,0.6140546600879929,0.6673252524136817,0.5063291139240507,0.2531645569620253,0.3375527426160337,0.6621136365235792,0.7022088389394333,0.0
G,2027,V,0.1,random,5027,0.6918844566712518,0.6167140067808329,0.6693377637154435,0.5125,0.2594936708860759,0.3445378151260504,0.662169288138301,0.7017590890378871,0.0
G,2027,V,0.1,random,5028,0.6905089408528198,0.6140546600879929,0.6673252524136817,0.5063291139240507,0.2531645569620253,0.3375527426160337,0.6622357472608594,0.702147680115251,0.0
G,2027,V,0.2,random,5026,0.6918844566712518,0.6167140067808329,0.6693377637154435,0.5125,0.2594936708860759,0.3445378151260504,0.6596628245356033,0.7021380645321256,0.0
G,2027,V,0.2,random,5027,0.6905089408528198,0.6140546600879929,0.6673252524136817,0.5063291139240507,0.2531645569620253,0.3375527426160337,0.6609173642725407,0.7014699934746392,0.0
G,2027,V,0.2,random,5028,0.6905089408528198,0.6140546600879929,0.6673252524136817,0.5063291139240507,0.2531645569620253,0.3375527426160337,0.6606774009021512,0.701969559242204,0.0
G,2027,V,0.3,start,5026,0.6891334250343879,0.6130603714136426,0.6662379531315604,0.5,0.2531645569620253,0.3361344537815126,0.6597573129268385,0.7011886228773886,0.0
G,2027,V,0.3,middle,5026,0.6918844566712518,0.6167140067808329,0.6693377637154435,0.5125,0.2594936708860759,0.3445378151260504,0.6586548718274416,0.7016675514072652,0.0
G,2027,V,0.3,end,5026,0.6905089408528198,0.6140546600879929,0.6673252524136817,0.5063291139240507,0.2531645569620253,0.3375527426160337,0.6576269803407635,0.7014284445199819,0.0
G,2027,V,0.3,random,5026,0.6918844566712518,0.6167140067808329,0.6693377637154435,0.5125,0.2594936708860759,0.3445378151260504,0.6578980888700262,0.7019364850360466,0.0
G,2027,V,0.3,random,5027,0.6905089408528198,0.6140546600879929,0.6673252524136817,0.5063291139240507,0.2531645569620253,0.3375527426160337,0.6590253699130539,0.7013718735001978,0.0
G,2027,V,0.3,random,5028,0.6891334250343879,0.6130603714136426,0.6662379531315604,0.5,0.2531645569620253,0.3361344537815126,0.6600256451463559,0.7009702210622911,0.0
G,2027,V,0.4,random,5026,0.6891334250343879,0.6130603714136426,0.6662379531315604,0.5,0.2531645569620253,0.3361344537815126,0.6580158287862019,0.7007334758688621,0.0
G,2027,V,0.4,random,5027,0.6918844566712518,0.6185734816203541,0.670224234016195,0.5121951219512195,0.2658227848101265,0.35,0.6575484840161246,0.7004381667011,0.0
G,2027,V,0.4,random,5028,0.6905089408528198,0.6159414811655674,0.6682297576846111,0.5061728395061729,0.2594936708860759,0.3430962343096234,0.6580340078134196,0.7006469055745591,0.0
G,2027,V,0.5,random,5026,0.6891334250343879,0.6144848599665309,0.6670818719210667,0.5,0.2594936708860759,0.3416666666666667,0.656154683395215,0.7005295578221824,0.0
G,2027,V,0.5,random,5027,0.6905089408528198,0.6159414811655674,0.6682297576846111,0.5061728395061729,0.2594936708860759,0.3430962343096234,0.6565593051313245,0.7002054790586573,0.0
G,2027,V,0.5,random,5028,0.6905089408528198,0.6159414811655674,0.6682297576846111,0.5061728395061729,0.2594936708860759,0.3430962343096234,0.6564665685139659,0.7004685545658927,0.0
G,2027,TA,0.3,start,5026,0.6753782668500687,0.6099492192395418,0.6585343399556473,0.5108695652173914,0.2974683544303797,0.376,0.6399074836638897,0.6706873967416811,0.0
G,2027,TA,0.3,middle,5026,0.6533700137551581,0.5956506931857878,0.6417200810916255,0.4473684210526316,0.3227848101265823,0.375,0.6653837379248444,0.6260286792201246,0.0
G,2027,TA,0.3,end,5026,0.657496561210454,0.5921570743177988,0.6401037319282699,0.5113636363636364,0.2848101265822785,0.3658536585365853,0.6717340282347611,0.6077644304355903,0.0
G,2027,TA,0.3,random,5026,0.6740027510316369,0.6074337947940895,0.6572283111663205,0.49,0.310126582278481,0.3798449612403101,0.6565661589019686,0.628454762143628,0.0
G,2027,TA,0.3,random,5027,0.657496561210454,0.5919932424121498,0.6434829627239552,0.4128440366972477,0.2848101265822785,0.3370786516853932,0.6630955710398829,0.6354152293833127,0.0
G,2027,TA,0.3,random,5028,0.6519944979367263,0.5796727240387751,0.6322588899126979,0.4883720930232558,0.2658227848101265,0.3442622950819672,0.6786586841862666,0.6210798702440087,0.0
G,2027,TV,0.3,start,5026,0.6795048143053645,0.6156903236909045,0.663458771951958,0.5212765957446809,0.310126582278481,0.3888888888888889,0.6390659270646153,0.669986214644412,0.0
G,2027,TV,0.3,middle,5026,0.6547455295735901,0.5974491233746084,0.6429602139567564,0.4513274336283185,0.3227848101265823,0.3763837638376384,0.6654931084718334,0.6237039972000631,0.0
G,2027,TV,0.3,end,5026,0.6547455295735901,0.5893063177459209,0.6370975946211355,0.5172413793103449,0.2848101265822785,0.3673469387755102,0.6746914093955193,0.6050413069670343,0.0
G,2027,TV,0.3,random,5026,0.6698762035763411,0.6022605102173629,0.6531966563310518,0.4705882352941176,0.3037974683544304,0.3692307692307692,0.6560572872201825,0.6272746538665797,0.0
G,2027,TV,0.3,random,5027,0.6533700137551581,0.5859896784464942,0.6387312440415696,0.3981481481481481,0.2721518987341772,0.3233082706766917,0.6650130376886104,0.6319822710206641,0.0
G,2027,TV,0.3,random,5028,0.6492434662998624,0.5792331440029138,0.6305399550918243,0.4831460674157303,0.2721518987341772,0.3481781376518219,0.6780543638866945,0.6178194148564894,0.0
G,2027,AV,0.3,start,5026,0.6891334250343879,0.6127890031115837,0.6666185894388406,0.4878048780487805,0.2531645569620253,0.3333333333333333,0.6553965203862228,0.701311269834176,0.0
G,2027,AV,0.3,middle,5026,0.6918844566712518,0.6180461151927201,0.6706066312060238,0.5,0.2658227848101265,0.3471074380165289,0.6558059741095233,0.7005095987206128,0.0
G,2027,AV,0.3,end,5026,0.6905089408528198,0.6155667808893615,0.6684296852664426,0.5,0.2594936708860759,0.3416666666666667,0.6545140932770687,0.7009073435849159,0.0
G,2027,AV,0.3,random,5026,0.6905089408528198,0.6171892171635855,0.6693265882078944,0.5,0.2658227848101265,0.3471074380165289,0.6558614747603146,0.7004677713457536,0.0
G,2027,AV,0.3,random,5027,0.6918844566712518,0.6180461151927201,0.6706066312060238,0.5,0.2658227848101265,0.3471074380165289,0.6553195179648147,0.7006023191833148,0.0
G,2027,AV,0.3,random,5028,0.6891334250343879,0.6144343962269465,0.6675304601144046,0.4880952380952381,0.2594936708860759,0.3388429752066115,0.6565884746828151,0.700214615041584,0.0
G,2027,TAV,0.3,start,5026,0.6781292984869326,0.6160242418534448,0.6629519319773177,0.5208333333333334,0.3164556962025316,0.3937007874015748,0.6387216344785015,0.6697524816869985,0.0
G,2027,TAV,0.3,middle,5026,0.6547455295735901,0.5985655169542992,0.6441498821243884,0.4406779661016949,0.3291139240506329,0.3768115942028985,0.6657576423328825,0.6239438739891144,0.0
G,2027,TAV,0.3,end,5026,0.6588720770288858,0.5958407294968493,0.6426692114870531,0.5164835164835165,0.2974683544303797,0.3775100401606425,0.6722989900487412,0.6062770857754366,0.0
G,2027,TAV,0.3,random,5026,0.6740027510316369,0.6094241398786072,0.6586779603375921,0.4857142857142857,0.3227848101265823,0.3878326996197718,0.6557441497877067,0.6266341951530826,0.0
G,2027,TAV,0.3,random,5027,0.6519944979367263,0.5874291495784297,0.6390911537915711,0.3982300884955752,0.2848101265822785,0.3321033210332103,0.6652402644381495,0.6313097455613845,0.0
G,2027,TAV,0.3,random,5028,0.6492434662998624,0.5808078875439282,0.6314905043217837,0.4782608695652174,0.2784810126582278,0.352,0.6785377459517509,0.617006741415505,0.0
G,2028,none,0.0,none,0,0.6973865199449794,0.6069701540289775,0.6662306434294459,0.532258064516129,0.2088607594936709,0.3,0.6217690259150856,0.7025482830124277,0.0
G,2028,T,0.1,random,5026,0.6918844566712518,0.6030924465680656,0.6629480156025647,0.4927536231884058,0.2151898734177215,0.2995594713656387,0.6250959644064972,0.6913853649449467,0.0
G,2028,T,0.1,random,5027,0.687757909215956,0.6014486209231855,0.6599613038597055,0.4929577464788732,0.2215189873417721,0.3056768558951965,0.6262317282762935,0.6722915166570973,0.0
G,2028,T,0.1,random,5028,0.6822558459422283,0.604497787580144,0.6587935933209429,0.5466666666666666,0.2594936708860759,0.351931330472103,0.6281763695278102,0.6853797023754892,0.0
G,2028,T,0.2,random,5026,0.6850068775790922,0.6036449412300805,0.6600739496683216,0.547945205479452,0.2531645569620253,0.3463203463203463,0.6500889998860447,0.6468085806404884,0.0
G,2028,T,0.2,random,5027,0.6657496561210454,0.5750527708315191,0.6369630871682133,0.4366197183098591,0.1962025316455696,0.2707423580786026,0.6415938928759648,0.6576440761037244,0.0
G,2028,T,0.2,random,5028,0.671251719394773,0.5928223546231619,0.6470132526969806,0.5342465753424658,0.2468354430379747,0.3376623376623376,0.6547032944410033,0.6529004577032489,0.0
G,2028,T,0.3,start,5026,0.656121045392022,0.5649688534108531,0.6288959925805823,0.3947368421052631,0.189873417721519,0.2564102564102564,0.6486694284235134,0.6650130283379645,0.0
G,2028,T,0.3,middle,5026,0.6547455295735901,0.5764815306111367,0.6336925355972842,0.4269662921348314,0.240506329113924,0.3076923076923077,0.6557232182740591,0.6441122255621969,0.0
G,2028,T,0.3,end,5026,0.6506189821182944,0.5746387043044862,0.6283848638853506,0.4691358024691358,0.240506329113924,0.3179916317991632,0.6863779059490842,0.6047967599873547,0.0
G,2028,T,0.3,random,5026,0.6850068775790922,0.6094496936740789,0.6646728873906255,0.5294117647058824,0.2848101265822785,0.3703703703703703,0.6503453548478723,0.6388593107461535,0.0
G,2028,T,0.3,random,5027,0.6533700137551581,0.5730604986825539,0.6300630200598422,0.4390243902439024,0.2278481012658227,0.3,0.6582367048704524,0.6396964998202722,0.0
G,2028,T,0.3,random,5028,0.657496561210454,0.5762745647787875,0.6326664262954494,0.48,0.2278481012658227,0.3090128755364807,0.6679203057074513,0.6362797191272167,0.0
G,2028,T,0.4,random,5026,0.6533700137551581,0.5779387852702057,0.6326936428276817,0.4772727272727273,0.2658227848101265,0.3414634146341463,0.6891946139968957,0.5893493720124521,0.0
G,2028,T,0.4,random,5027,0.6203576341127923,0.546097301904824,0.6016934547635635,0.3673469387755102,0.2278481012658227,0.28125,0.6981710905882806,0.5860748007240505,0.0
G,2028,T,0.4,random,5028,0.6423658872077029,0.5720813417904328,0.6232407607671371,0.4719101123595505,0.2658227848101265,0.340080971659919,0.6919888663697837,0.5992694605573339,0.0
G,2028,T,0.5,random,5026,0.6354883081155434,0.5613696746904986,0.6161380009298576,0.4583333333333333,0.2784810126582278,0.3464566929133858,0.7195156011701295,0.5502843418714101,0.0
G,2028,T,0.5,random,5027,0.624484181568088,0.5616445865692097,0.6122638703081494,0.3931623931623931,0.2911392405063291,0.3345454545454545,0.7130242537875443,0.5590204870180888,0.0
G,2028,T,0.5,random,5028,0.6313617606602476,0.5655957157513952,0.617345546200146,0.4035087719298245,0.2911392405063291,0.3382352941176471,0.7065133558555728,0.5811735553478994,0.0
G,2028,A,0.1,random,5026,0.6960110041265475,0.6056813253534564,0.6649179039329444,0.532258064516129,0.2088607594936709,0.3,0.621570370774595,0.7025574955608731,0.0
G,2028,A,0.1,random,5027,0.6960110041265475,0.6056813253534564,0.6649179039329444,0.532258064516129,0.2088607594936709,0.3,0.6217318403814722,0.7025780387122035,0.0
G,2028,A,0.1,random,5028,0.6973865199449794,0.6069701540289775,0.6662306434294459,0.532258064516129,0.2088607594936709,0.3,0.6216438783302392,0.7025448169691103,0.0
G,2028,A,0.2,random,5026,0.6973865199449794,0.6085766085766086,0.6670844057364002,0.5396825396825397,0.2151898734177215,0.3076923076923077,0.6207611313213676,0.7025001542546487,0.0
G,2028,A,0.2,random,5027,0.6960110041265475,0.6056813253534564,0.6649179039329444,0.532258064516129,0.2088607594936709,0.3,0.6217436427291825,0.7024793207713753,0.0
G,2028,A,0.2,random,5028,0.6946354883081155,0.6025431587181102,0.6627604951520002,0.5245901639344263,0.2025316455696202,0.2922374429223744,0.6219151835302765,0.7022680892004359,0.0
G,2028,A,0.3,start,5026,0.6960110041265475,0.6056813253534564,0.6649179039329444,0.532258064516129,0.2088607594936709,0.3,0.6214113154499922,0.7024285364776459,0.0
G,2028,A,0.3,middle,5026,0.6960110041265475,0.6056813253534564,0.6649179039329444,0.532258064516129,0.2088607594936709,0.3,0.6218561093941365,0.7021079758079459,0.0
G,2028,A,0.3,end,5026,0.6960110041265475,0.6056813253534564,0.6649179039329444,0.532258064516129,0.2088607594936709,0.3,0.6223126360630842,0.701884670130651,0.0
G,2028,A,0.3,random,5026,0.6960110041265475,0.6056813253534564,0.6649179039329444,0.532258064516129,0.2088607594936709,0.3,0.6216076768622582,0.7022379222889727,0.0
G,2028,A,0.3,random,5027,0.6960110041265475,0.6056813253534564,0.6649179039329444,0.532258064516129,0.2088607594936709,0.3,0.6218969848258376,0.702303077780117,0.0
G,2028,A,0.3,random,5028,0.6946354883081155,0.6025431587181102,0.6627604951520002,0.5245901639344263,0.2025316455696202,0.2922374429223744,0.62198999614043,0.7020273123018284,0.0
G,2028,A,0.4,random,5026,0.6960110041265475,0.6056813253534564,0.6649179039329444,0.532258064516129,0.2088607594936709,0.3,0.6216854806249311,0.7020133722228814,0.0
G,2028,A,0.4,random,5027,0.6960110041265475,0.6056813253534564,0.6649179039329444,0.532258064516129,0.2088607594936709,0.3,0.6218911706542763,0.7022288064578724,0.0
G,2028,A,0.4,random,5028,0.6946354883081155,0.6025431587181102,0.6627604951520002,0.5245901639344263,0.2025316455696202,0.2922374429223744,0.6220591241657586,0.7019141361626842,0.0
G,2028,A,0.5,random,5026,0.6960110041265475,0.6056813253534564,0.6649179039329444,0.532258064516129,0.2088607594936709,0.3,0.6218771027620901,0.701778532131039,0.0
G,2028,A,0.5,random,5027,0.6960110041265475,0.6056813253534564,0.6649179039329444,0.532258064516129,0.2088607594936709,0.3,0.6219497480701082,0.702075422320135,0.0
G,2028,A,0.5,random,5028,0.6946354883081155,0.6025431587181102,0.6627604951520002,0.5245901639344263,0.2025316455696202,0.2922374429223744,0.6221531297443827,0.7017547485625876,0.0
G,2028,V,0.1,random,5026,0.6987620357634112,0.6114496291487442,0.6692370973268346,0.546875,0.2215189873417721,0.3153153153153153,0.6199263205890456,0.7024634149842489,0.0
G,2028,V,0.1,random,5027,0.6987620357634112,0.6114496291487442,0.6692370973268346,0.546875,0.2215189873417721,0.3153153153153153,0.6203569116283847,0.7021941668737901,0.0
G,2028,V,0.1,random,5028,0.7001375515818432,0.6127401357483263,0.6705523433233779,0.546875,0.2215189873417721,0.3153153153153153,0.6202852728461287,0.7023147463558364,0.0
G,2028,V,0.2,random,5026,0.7001375515818432,0.6143007010123999,0.6713761860699384,0.5538461538461539,0.2278481012658227,0.3228699551569506,0.6192171577049395,0.7020565429772526,0.0
G,2028,V,0.2,random,5027,0.6987620357634112,0.6133089906854166,0.6702992188972912,0.5454545454545454,0.2278481012658227,0.3214285714285714,0.619301918859753,0.7017376329105379,0.0
G,2028,V,0.2,random,5028,0.7001375515818432,0.6143007010123999,0.6713761860699384,0.5538461538461539,0.2278481012658227,0.3228699551569506,0.6194639662411672,0.7019050552829484,0.0
G,2028,V,0.3,start,5026,0.6987620357634112,0.6133089906854166,0.6702992188972912,0.5454545454545454,0.2278481012658227,0.3214285714285714,0.6183664017258081,0.7023629603042012,0.0
G,2028,V,0.3,middle,5026,0.6987620357634112,0.6133089906854166,0.6702992188972912,0.5454545454545454,0.2278481012658227,0.3214285714285714,0.619008618721428,0.7014562289524625,0.0
G,2028,V,0.3,end,5026,0.6987620357634112,0.6114496291487442,0.6692370973268346,0.546875,0.2215189873417721,0.3153153153153153,0.6191838035821482,0.7015086097856228,0.0
G,2028,V,0.3,random,5026,0.7001375515818432,0.6143007010123999,0.6713761860699384,0.5538461538461539,0.2278481012658227,0.3228699551569506,0.6186191059633944,0.7017346425393007,0.0
G,2028,V,0.3,random,5027,0.6987620357634112,0.6133089906854166,0.6702992188972912,0.5454545454545454,0.2278481012658227,0.3214285714285714,0.6185476382777032,0.7012997623471384,0.0
G,2028,V,0.3,random,5028,0.7001375515818432,0.6143007010123999,0.6713761860699384,0.5538461538461539,0.2278481012658227,0.3228699551569506,0.6190610466456854,0.7013739129840115,0.0
G,2028,V,0.4,random,5026,0.7001375515818432,0.6143007010123999,0.6713761860699384,0.5538461538461539,0.2278481012658227,0.3228699551569506,0.6185071599072687,0.7011956755584817,0.0
G,2028,V,0.4,random,5027,0.6987620357634112,0.6153512801978729,0.6713111580963971,0.5441176470588235,0.2341772151898734,0.3274336283185841,0.6186938388634702,0.7005969449946889,0.0
G,2028,V,0.4,random,5028,0.6987620357634112,0.613166277227191,0.6704868966906825,0.5373134328358209,0.2278481012658227,0.32,0.6189470106147614,0.700600070491061,0.0
G,2028,V,0.5,random,5026,0.6987620357634112,0.6170603742424596,0.6726666654246874,0.5277777777777778,0.240506329113924,0.3304347826086956,0.617927236295426,0.7012305580958952,0.0
G,2028,V,0.5,random,5027,0.6987620357634112,0.6172847139816756,0.6726447483389656,0.5277777777777778,0.240506329113924,0.3304347826086956,0.6183248439299313,0.7007606542772847,0.0
G,2028,V,0.5,random,5028,0.6987620357634112,0.6172847139816756,0.6726447483389656,0.5277777777777778,0.240506329113924,0.3304347826086956,0.618417827780436,0.7007669872383316,0.0
G,2028,TA,0.3,start,5026,0.6671251719394773,0.5819842099469554,0.6423606152446463,0.4545454545454545,0.2215189873417721,0.2978723404255319,0.6479316064501102,0.6631153001415242,0.0
G,2028,TA,0.3,middle,5026,0.6616231086657497,0.5938908903862549,0.6450066490819115,0.4591836734693877,0.2848101265822785,0.3515625,0.6677584392325544,0.6231119186486789,0.0
G,2028,TA,0.3,end,5026,0.6588720770288858,0.5836230551807543,0.6371131884630186,0.4814814814814814,0.2468354430379747,0.3263598326359833,0.6795578035261657,0.6134764854380422,0.0
G,2028,TA,0.3,random,5026,0.6767537826685007,0.6014949415157864,0.6560765581914831,0.5172413793103449,0.2848101265822785,0.3673469387755102,0.6648071274026945,0.6205418661537142,0.0
G,2028,TA,0.3,random,5027,0.6492434662998624,0.5692107758246819,0.6269889713492398,0.4069767441860465,0.2215189873417721,0.2868852459016393,0.6663996052567129,0.63534616244855,0.0
G,2028,TA,0.3,random,5028,0.6464924346629987,0.5636552571116219,0.6210405396775007,0.4929577464788732,0.2215189873417721,0.3056768558951965,0.6786517649622441,0.6236710506964779,0.0
G,2028,TV,0.3,start,5026,0.6643741403026134,0.581865135359534,0.6412334838818707,0.4444444444444444,0.2278481012658227,0.301255230125523,0.6469213520723623,0.6621441374087247,0.0
G,2028,TV,0.3,middle,5026,0.6602475928473177,0.5942001967018061,0.6452400448127784,0.4423076923076923,0.2911392405063291,0.3511450381679389,0.6675791839278811,0.6216790322082186,0.0
G,2028,TV,0.3,end,5026,0.6616231086657497,0.593630353067813,0.6431798677209312,0.5057471264367817,0.2784810126582278,0.3591836734693877,0.6811291090593653,0.6115862439399168,0.0
G,2028,TV,0.3,random,5026,0.6753782668500687,0.6035049865863898,0.6566510897690339,0.5108695652173914,0.2974683544303797,0.376,0.6647798252273088,0.6187094021888822,0.0
G,2028,TV,0.3,random,5027,0.6492434662998624,0.572743111035208,0.6290391742727507,0.4065934065934066,0.2341772151898734,0.2971887550200803,0.6682165665602843,0.6322662627944589,0.0
G,2028,TV,0.3,random,5028,0.6437414030261348,0.5655638229665302,0.6208793755758545,0.4868421052631579,0.2341772151898734,0.3162393162393162,0.6790369174793355,0.6195388883467042,0.0
G,2028,AV,0.3,start,5026,0.6973865199449794,0.6122668591551709,0.6695806671880598,0.5217391304347826,0.2278481012658227,0.3171806167400881,0.617815421416981,0.7027626056961084,0.0
G,2028,AV,0.3,middle,5026,0.6973865199449794,0.6122668591551709,0.6695806671880598,0.5217391304347826,0.2278481012658227,0.3171806167400881,0.6188758538883262,0.7012906090501264,0.0
G,2028,AV,0.3,end,5026,0.6973865199449794,0.6104672825340363,0.6681664253341104,0.5384615384615384,0.2215189873417721,0.3139013452914798,0.6199646972249835,0.7007647967208925,0.0
G,2028,AV,0.3,random,5026,0.7001375515818432,0.6143733903227574,0.6715354265987178,0.5454545454545454,0.2278481012658227,0.3214285714285714,0.6176940154596605,0.7019944934300911,0.0
G,2028,AV,0.3,random,5027,0.6973865199449794,0.6124014276904982,0.669387870491864,0.5294117647058824,0.2278481012658227,0.3185840707964602,0.6183562944825645,0.7014111817396097,0.0
G,2028,AV,0.3,random,5028,0.6987620357634112,0.6152037167175791,0.6714954821599738,0.5362318840579711,0.2341772151898734,0.3259911894273127,0.6183062528216287,0.7012972609820933,0.0
G,2028,TAV,0.3,start,5026,0.6685006877579092,0.5882687255461474,0.6465166921130276,0.4578313253012048,0.240506329113924,0.3153526970954357,0.6469672930021665,0.6625251250805695,0.0
G,2028,TAV,0.3,middle,5026,0.6588720770288858,0.5963003102067477,0.645257134579179,0.4485981308411215,0.3037974683544304,0.3622641509433962,0.670678729757263,0.6193958877198994,0.0
G,2028,TAV,0.3,end,5026,0.6616231086657497,0.5951822598119736,0.6441191791299001,0.5,0.2848101265822785,0.3629032258064516,0.6824881956276105,0.6104823079070332,0.0
G,2028,TAV,0.3,random,5026,0.6753782668500687,0.6020472235129491,0.6559628591239615,0.5054945054945055,0.2911392405063291,0.3694779116465863,0.6651671038417462,0.6187781727442935,0.0
G,2028,TAV,0.3,random,5027,0.6478679504814305,0.5729524482465659,0.6287841522472156,0.4042553191489361,0.240506329113924,0.3015873015873015,0.6700659465608725,0.6309521343708034,0.0
G,2028,TAV,0.3,random,5028,0.6437414030261348,0.5680809212463297,0.6224570702392348,0.4875,0.2468354430379747,0.3277310924369748,0.6798215422194325,0.6188685959982353,0.0
G,2029,none,0.0,none,0,0.6973865199449794,0.6316824788042209,0.6821247112075532,0.495049504950495,0.3164556962025316,0.3861003861003861,0.61252801028587,0.7070058810466107,0.0
G,2029,T,0.1,random,5026,0.6946354883081155,0.634306186011928,0.6826382362070943,0.4821428571428571,0.3417721518987341,0.4,0.61271687374326,0.6928649336168329,0.0
G,2029,T,0.1,random,5027,0.687757909215956,0.6305248590283362,0.6768403572936882,0.4867256637168141,0.3481012658227848,0.4059040590405904,0.6252635820644092,0.6700369966702231,0.0
G,2029,T,0.1,random,5028,0.686382393397524,0.6330925901181815,0.6765156031981525,0.5130434782608696,0.3734177215189873,0.4322344322344322,0.6191113171371895,0.6903159503674675,0.0
G,2029,T,0.2,random,5026,0.6850068775790922,0.627458710089258,0.6753876861071498,0.4793388429752066,0.3670886075949367,0.4157706093189964,0.6390612042102927,0.65122773429685,0.0
G,2029,T,0.2,random,5027,0.6671251719394773,0.6088132724523251,0.656397768189791,0.4482758620689655,0.3291139240506329,0.3795620437956204,0.6433649682171053,0.653253709780638,0.0
G,2029,T,0.2,random,5028,0.671251719394773,0.6255888877486084,0.6644275863196354,0.512,0.4050632911392405,0.4522968197879858,0.6501629222757165,0.652793753005937,0.0
G,2029,T,0.3,start,5026,0.6643741403026134,0.6095304611120864,0.6567863213570866,0.4375,0.3544303797468354,0.3916083916083916,0.6413950571099002,0.6645025885532487,0.0
G,2029,T,0.3,middle,5026,0.6685006877579092,0.6206984542919423,0.6642486752067036,0.4539007092198581,0.4050632911392405,0.4280936454849498,0.6519900567431413,0.6430980493814296,0.0
G,2029,T,0.3,end,5026,0.656121045392022,0.6023530326006851,0.6470950519502287,0.4628099173553719,0.3544303797468354,0.4014336917562724,0.6729913407426509,0.6139253055544097,0.0
G,2029,T,0.3,random,5026,0.6781292984869326,0.6222792309674252,0.6697389583259078,0.472,0.3734177215189873,0.4169611307420495,0.6455788256554171,0.6450573334887058,0.0
G,2029,T,0.3,random,5027,0.657496561210454,0.6099282104091949,0.6525737695517428,0.4428571428571428,0.3924050632911392,0.4161073825503356,0.6608361805506806,0.6284067328003293,0.0
G,2029,T,0.3,random,5028,0.6519944979367263,0.6019418229093838,0.645164389184987,0.46875,0.379746835443038,0.4195804195804196,0.6700341532242153,0.629316053215744,0.0
G,2029,T,0.4,random,5026,0.6464924346629987,0.5958985433416761,0.641345749484292,0.4326241134751773,0.3860759493670886,0.4080267558528428,0.681445373740054,0.5998136735221017,0.0
G,2029,T,0.4,random,5027,0.6217331499312242,0.5725682479801065,0.6173861415896651,0.3862068965517241,0.3544303797468354,0.3696369636963696,0.6985496247710041,0.5771080725565417,0.0
G,2029,T,0.4,random,5028,0.6313617606602476,0.5860047835708951,0.6279622984165375,0.4206896551724138,0.3860759493670886,0.4026402640264026,0.6943131254196383,0.5956298262331501,0.0
G,2029,T,0.5,random,5026,0.6148555708390646,0.5651227040736361,0.6117820444098316,0.3885350318471338,0.3860759493670886,0.3873015873015873,0.7154829614843795,0.5494725969150324,0.0
G,2029,T,0.5,random,5027,0.6066024759284732,0.5723734470195598,0.6104036681858734,0.3736263736263736,0.430379746835443,0.4,0.7167791888594993,0.545935237625616,0.0
G,2029,T,0.5,random,5028,0.6162310866574966,0.5742045031381685,0.6160703054083603,0.3818181818181818,0.3987341772151899,0.3900928792569659,0.7152548695233791,0.5638627890616361,0.0
G,2029,A,0.1,random,5026,0.6973865199449794,0.6316824788042209,0.6821247112075532,0.495049504950495,0.3164556962025316,0.3861003861003861,0.611733484717613,0.7069783703255146,0.0
G,2029,A,0.1,random,5027,0.6973865199449794,0.6316824788042209,0.6821247112075532,0.495049504950495,0.3164556962025316,0.3861003861003861,0.6122366342468429,0.7068334806327204,0.0
G,2029,A,0.1,random,5028,0.6973865199449794,0.6316824788042209,0.6821247112075532,0.495049504950495,0.3164556962025316,0.3861003861003861,0.6122102341649578,0.7066265654636437,0.0
G,2029,A,0.2,random,5026,0.6960110041265475,0.6306625812567714,0.6810178770485573,0.4901960784313725,0.3164556962025316,0.3846153846153846,0.6115226586463648,0.7067549321815609,0.0
G,2029,A,0.2,random,5027,0.6960110041265475,0.6306625812567714,0.6810178770485573,0.4901960784313725,0.3164556962025316,0.3846153846153846,0.612223417169871,0.7066558676617318,0.0
G,2029,A,0.2,random,5028,0.6960110041265475,0.6306625812567714,0.6810178770485573,0.4901960784313725,0.3164556962025316,0.3846153846153846,0.6123262925558067,0.7062502714770422,0.0
G,2029,A,0.3,start,5026,0.6960110041265475,0.6306625812567714,0.6810178770485573,0.4901960784313725,0.3164556962025316,0.3846153846153846,0.6114867114425879,0.7066230867752953,0.0
G,2029,A,0.3,middle,5026,0.6960110041265475,0.6306625812567714,0.6810178770485573,0.4901960784313725,0.3164556962025316,0.3846153846153846,0.6121069429017194,0.7060070281302822,0.0
G,2029,A,0.3,end,5026,0.6960110041265475,0.6306625812567714,0.6810178770485573,0.4901960784313725,0.3164556962025316,0.3846153846153846,0.6124788065913986,0.7058524161265178,0.0
G,2029,A,0.3,random,5026,0.6960110041265475,0.6306625812567714,0.6810178770485573,0.4901960784313725,0.3164556962025316,0.3846153846153846,0.6109801169444187,0.7066744343131492,0.0
G,2029,A,0.3,random,5027,0.6960110041265475,0.6306625812567714,0.6810178770485573,0.4901960784313725,0.3164556962025316,0.3846153846153846,0.6119493440807222,0.706509643227048,0.0
G,2029,A,0.3,random,5028,0.6960110041265475,0.6306625812567714,0.6810178770485573,0.4901960784313725,0.3164556962025316,0.3846153846153846,0.6122694913943867,0.7058881187813482,0.0
G,2029,A,0.4,random,5026,0.6960110041265475,0.6306625812567714,0.6810178770485573,0.4901960784313725,0.3164556962025316,0.3846153846153846,0.6108353252719719,0.7062961508939709,0.0
G,2029,A,0.4,random,5027,0.6973865199449794,0.6332890325670498,0.6828442248098784,0.4951456310679611,0.3227848101265823,0.3908045977011494,0.6112498617849322,0.7063833272755081,0.0
G,2029,A,0.4,random,5028,0.6973865199449794,0.6329851383414905,0.6832241946580816,0.4857142857142857,0.3227848101265823,0.3878326996197718,0.6114131586121438,0.7057466531343999,0.0
G,2029,A,0.5,random,5026,0.6960110041265475,0.6305142954248576,0.68120987224505,0.4854368932038835,0.3164556962025316,0.3831417624521073,0.6107822531043837,0.7057610903888613,0.0
G,2029,A,0.5,random,5027,0.6973865199449794,0.6332890325670498,0.6828442248098784,0.4951456310679611,0.3227848101265823,0.3908045977011494,0.6109669000836343,0.7060393786133456,0.0
G,2029,A,0.5,random,5028,0.6987620357634112,0.6353654188948306,0.6850663116315676,0.490566037735849,0.3291139240506329,0.3939393939393939,0.6109097787861852,0.7054205596287012,0.0
G,2029,V,0.1,random,5026,0.6987620357634112,0.6340947393764296,0.6839863680371652,0.5,0.3227848101265823,0.3923076923076923,0.6114654833084859,0.7069084533371922,0.0
G,2029,V,0.1,random,5027,0.6987620357634112,0.6340947393764296,0.6839863680371652,0.5,0.3227848101265823,0.3923076923076923,0.6116719079316426,0.7066268462578905,0.0
G,2029,V,0.1,random,5028,0.6987620357634112,0.6340947393764296,0.6839863680371652,0.5,0.3227848101265823,0.3923076923076923,0.6116020514080538,0.7066739587816242,0.0
G,2029,V,0.2,random,5026,0.6987620357634112,0.6356792765176773,0.6846913274574365,0.5,0.3291139240506329,0.3969465648854962,0.6112217666056369,0.7065065989249005,0.0
G,2029,V,0.2,random,5027,0.6987620357634112,0.6340947393764296,0.6839863680371652,0.5,0.3227848101265823,0.3923076923076923,0.6113021384134674,0.706289016986366,0.0
G,2029,V,0.2,random,5028,0.6973865199449794,0.633068573841205,0.682875247718707,0.4951456310679611,0.3227848101265823,0.3908045977011494,0.6119420445953634,0.706153056321088,0.0
G,2029,V,0.3,start,5026,0.6987620357634112,0.6340947393764296,0.6839863680371652,0.5,0.3227848101265823,0.3923076923076923,0.6104783890928808,0.7064823512260239,0.0
G,2029,V,0.3,middle,5026,0.6987620357634112,0.6356792765176773,0.6846913274574365,0.5,0.3291139240506329,0.3969465648854962,0.6114078617569236,0.7057855445543852,0.0
G,2029,V,0.3,end,5026,0.6973865199449794,0.633068573841205,0.682875247718707,0.4951456310679611,0.3227848101265823,0.3908045977011494,0.6113141834094391,0.7058179634648262,0.0
G,2029,V,0.3,random,5026,0.6973865199449794,0.6346496705682244,0.6835768097884168,0.4952380952380952,0.3291139240506329,0.3954372623574144,0.6112101830264962,0.7060351233721763,0.0
G,2029,V,0.3,random,5027,0.7001375515818432,0.6364920395674175,0.6858390240431395,0.5048543689320388,0.3291139240506329,0.3984674329501915,0.6110155579356349,0.7058113421635689,0.0
G,2029,V,0.3,random,5028,0.6987620357634112,0.6354597131483751,0.6847236878589823,0.5,0.3291139240506329,0.3969465648854962,0.6118245081055844,0.7055659346277365,0.0
G,2029,V,0.4,random,5026,0.7015130674002751,0.6419359546747933,0.6890210962503667,0.5092592592592593,0.3481012658227848,0.4135338345864661,0.6109673701766895,0.7055583561526982,0.0
G,2029,V,0.4,random,5027,0.7015130674002751,0.6388745644296088,0.6876828028287522,0.5096153846153846,0.3354430379746835,0.4045801526717557,0.6107422002914878,0.7055220102196622,0.0
G,2029,V,0.4,random,5028,0.7001375515818432,0.6393743620138957,0.6872364986321614,0.5046728971962616,0.3417721518987341,0.4075471698113208,0.6114576826754823,0.7050277130670511,0.0
G,2029,V,0.5,random,5026,0.7015130674002751,0.6419359546747933,0.6890210962503667,0.5092592592592593,0.3481012658227848,0.4135338345864661,0.6110911404808367,0.7050723415512379,0.0
G,2029,V,0.5,random,5027,0.7001375515818432,0.6393743620138957,0.6872364986321614,0.5046728971962616,0.3417721518987341,0.4075471698113208,0.6104780734491176,0.7049634037266846,0.0
G,2029,V,0.5,random,5028,0.6987620357634112,0.6383352877606862,0.6861142432447486,0.5,0.3417721518987341,0.4060150375939849,0.6114200482645958,0.7046252603616249,0.0
G,2029,TA,0.3,start,5026,0.6740027510316369,0.6206959706959707,0.6657950027963783,0.4836065573770491,0.3734177215189873,0.4214285714285714,0.6386067180372608,0.6656280483686703,0.0
G,2029,TA,0.3,middle,5026,0.6533700137551581,0.6110206244850863,0.6509568910653312,0.4459459459459459,0.4177215189873418,0.4313725490196078,0.6695613114600234,0.6131648467998007,0.0
G,2029,TA,0.3,end,5026,0.6698762035763411,0.6181348913244693,0.6616350477167463,0.4715447154471545,0.3670886075949367,0.4128113879003559,0.667998135746144,0.616003031376726,0.0
G,2029,TA,0.3,random,5026,0.6629986244841816,0.6070093743383225,0.6549193482817831,0.4418604651162791,0.360759493670886,0.397212543554007,0.6593307502550905,0.6342173892319803,0.0
G,2029,TA,0.3,random,5027,0.6547455295735901,0.6088963779366471,0.6498277263482198,0.437956204379562,0.379746835443038,0.4067796610169492,0.6667957357361114,0.6264645370332421,0.0
G,2029,TA,0.3,random,5028,0.6396148555708391,0.5874711231579435,0.632912008709817,0.4274809160305343,0.3544303797468354,0.3875432525951557,0.6793450675110501,0.617559618849183,0.0
G,2029,TV,0.3,start,5026,0.6740027510316369,0.6201842178043475,0.665103009045634,0.4873949579831932,0.3670886075949367,0.4187725631768953,0.6368092799580268,0.6669735406490319,0.0
G,2029,TV,0.3,middle,5026,0.6547455295735901,0.6131992737225591,0.6523773583810974,0.4527027027027027,0.4240506329113924,0.4379084967320261,0.6682356999450768,0.6142315591323774,0.0
G,2029,TV,0.3,end,5026,0.671251719394773,0.6199727796988697,0.663566795583613,0.472,0.3734177215189873,0.4169611307420495,0.667127298153131,0.616798926279851,0.0
G,2029,TV,0.3,random,5026,0.6657496561210454,0.6100741635843375,0.6579359278409619,0.4461538461538462,0.3670886075949367,0.4027777777777778,0.6577651742272399,0.6361291162776166,0.0
G,2029,TV,0.3,random,5027,0.6547455295735901,0.6094829755599687,0.6502696126998107,0.4388489208633093,0.3860759493670886,0.4107744107744108,0.6674261944263861,0.6264930588490005,0.0
G,2029,TV,0.3,random,5028,0.640990371389271,0.5923616220361482,0.635523776694262,0.4402985074626865,0.3734177215189873,0.4041095890410959,0.6766756646471987,0.6179790525864501,0.0
G,2029,AV,0.3,start,5026,0.6987620357634112,0.6356792765176773,0.6846913274574365,0.5,0.3291139240506329,0.3969465648854962,0.608979390698045,0.7060851901135897,0.0
G,2029,AV,0.3,middle,5026,0.7001375515818432,0.6378906714200832,0.6867127623839332,0.5,0.3354430379746835,0.4015151515151515,0.61048772283944,0.7046593164055854,0.0
G,2029,AV,0.3,end,5026,0.6973865199449794,0.633068573841205,0.682875247718707,0.4951456310679611,0.3227848101265823,0.3908045977011494,0.6107991643808852,0.704554570842845,0.0
G,2029,AV,0.3,random,5026,0.6987620357634112,0.6355199925873714,0.6848769056794674,0.4952380952380952,0.3291139240506329,0.3954372623574144,0.6090168130783695,0.7057841791994858,0.0
G,2029,AV,0.3,random,5027,0.7001375515818432,0.6378906714200832,0.6867127623839332,0.5,0.3354430379746835,0.4015151515151515,0.6099659832677193,0.7051901064337479,0.0
G,2029,AV,0.3,random,5028,0.7001375515818432,0.6380548468332522,0.6865296167008532,0.5047619047619047,0.3354430379746835,0.403041825095057,0.6107522188131467,0.7043622261505119,0.0
G,2029,TAV,0.3,start,5026,0.672627235213205,0.6184372789321043,0.6639289611189662,0.4833333333333333,0.3670886075949367,0.4172661870503597,0.6382360807286707,0.6652704789542322,0.0
G,2029,TAV,0.3,middle,5026,0.6547455295735901,0.6141821297096267,0.652821365062482,0.4533333333333333,0.430379746835443,0.4415584415584415,0.6710405579517786,0.6105296065600847,0.0
G,2029,TAV,0.3,end,5026,0.6671251719394773,0.615634622181927,0.6599252431797625,0.453125,0.3670886075949367,0.4055944055944055,0.6698328111993168,0.6151267753737112,0.0
G,2029,TAV,0.3,random,5026,0.6616231086657497,0.6057227124577972,0.6536888345340017,0.4418604651162791,0.360759493670886,0.397212543554007,0.6600637927361469,0.631819489080256,0.0
G,2029,TAV,0.3,random,5027,0.6519944979367263,0.6064504101416853,0.6476544007003021,0.4285714285714285,0.379746835443038,0.4026845637583892,0.6679204696097186,0.6269922397978671,0.0
G,2029,TAV,0.3,random,5028,0.6368638239339752,0.5893314237485737,0.6324266159368997,0.4316546762589928,0.379746835443038,0.404040404040404,0.6798144753130749,0.6139117100750636,0.0
G,2030,none,0.0,none,0,0.6822558459422283,0.5810050872438549,0.6450212468243556,0.5531914893617021,0.1645569620253164,0.2536585365853658,0.6128807879011224,0.6941723815983516,0.0
G,2030,T,0.1,random,5026,0.6808803301237965,0.5828221356097963,0.6463767649561245,0.5490196078431373,0.1772151898734177,0.2679425837320574,0.6205648513095892,0.6786694379635496,0.0
G,2030,T,0.1,random,5027,0.6657496561210454,0.563254286206799,0.6285005955449935,0.5106382978723404,0.1518987341772152,0.2341463414634146,0.6351145698958387,0.6561061962947282,0.0
G,2030,T,0.1,random,5028,0.6740027510316369,0.5862382647443662,0.6449202024758535,0.6226415094339622,0.2088607594936709,0.3127962085308057,0.6319048647451748,0.6664674973837366,0.0
G,2030,T,0.2,random,5026,0.6740027510316369,0.5859583788099,0.6453884735913391,0.559322033898305,0.2088607594936709,0.304147465437788,0.6487786993607916,0.6424766675410496,0.0
G,2030,T,0.2,random,5027,0.657496561210454,0.5634910568664834,0.6236193653253985,0.574468085106383,0.170886075949367,0.2634146341463415,0.6553846026405485,0.6370152126633414,0.0
G,2030,T,0.2,random,5028,0.6464924346629987,0.5619844775163741,0.6199999467191868,0.5423728813559322,0.2025316455696202,0.2949308755760368,0.6583564538763932,0.6381498493430006,0.0
G,2030,T,0.3,start,5026,0.6657496561210454,0.5743213367504926,0.6364270175476175,0.5084745762711864,0.189873417721519,0.2764976958525346,0.6562495419477707,0.6623972393675559,0.0
G,2030,T,0.3,middle,5026,0.6313617606602476,0.5506081363786546,0.6084654289792237,0.4266666666666667,0.2025316455696202,0.2746781115879828,0.6714196311212062,0.6355192411439848,0.0
G,2030,T,0.3,end,5026,0.640990371389271,0.5355872631829081,0.6022866432811248,0.5,0.1329113924050632,0.21,0.6914987263182333,0.6023159126594366,0.0
G,2030,T,0.3,random,5026,0.6740027510316369,0.5892727485947825,0.6480566959572858,0.5223880597014925,0.2215189873417721,0.3111111111111111,0.6610847080951493,0.6338303239852303,0.0
G,2030,T,0.3,random,5027,0.6368638239339752,0.5491244866356518,0.6085826108897551,0.4915254237288136,0.1835443037974683,0.2672811059907834,0.6779340902793717,0.6144688379317899,0.0
G,2030,T,0.3,random,5028,0.6464924346629987,0.561611674104357,0.6187181013930464,0.5714285714285714,0.2025316455696202,0.2990654205607476,0.6801562294102456,0.6220618888866362,0.0
G,2030,T,0.4,random,5026,0.6478679504814305,0.5687631631303041,0.6245232042083887,0.5142857142857142,0.2278481012658227,0.3157894736842105,0.6915386967719783,0.6007210729679107,0.0
G,2030,T,0.4,random,5027,0.6189821182943603,0.5393246887492519,0.5950857964773224,0.4246575342465753,0.1962025316455696,0.2683982683982684,0.7146220677556514,0.5681775290720467,0.0
G,2030,T,0.4,random,5028,0.6272352132049519,0.5507679476991139,0.6050301210875852,0.5,0.2215189873417721,0.3070175438596491,0.706301159603167,0.5875814642443515,0.0
G,2030,T,0.5,random,5026,0.6121045392022009,0.531789875724833,0.5897973094527257,0.4177215189873418,0.2088607594936709,0.2784810126582278,0.7318054587007006,0.5533195081697563,0.0
G,2030,T,0.5,random,5027,0.6024759284731774,0.5269995104280986,0.5829092812442819,0.388235294117647,0.2088607594936709,0.2716049382716049,0.737423468621836,0.5330982262670774,0.0
G,2030,T,0.5,random,5028,0.6134800550206327,0.5350640103462807,0.590745247262745,0.4324324324324324,0.2025316455696202,0.2758620689655172,0.7291976073736341,0.5720682834418978,0.0
G,2030,A,0.1,random,5026,0.6808803301237965,0.5777530547235297,0.6429009395139922,0.5319148936170213,0.1582278481012658,0.2439024390243902,0.6124675300066256,0.6946680514687114,0.0
G,2030,A,0.1,random,5027,0.6808803301237965,0.5778170600441648,0.6426610596504233,0.5434782608695652,0.1582278481012658,0.2450980392156862,0.6128119256130933,0.6940897226465955,0.0
G,2030,A,0.1,random,5028,0.6808803301237965,0.5777530547235297,0.6429009395139922,0.5319148936170213,0.1582278481012658,0.2439024390243902,0.6124942013770439,0.6946892708515642,0.0
G,2030,A,0.2,random,5026,0.6822558459422283,0.5809300301457622,0.6452546496081492,0.5416666666666666,0.1645569620253164,0.2524271844660194,0.6115117283224244,0.6946151820089199,0.0
G,2030,A,0.2,random,5027,0.6808803301237965,0.5777530547235297,0.6429009395139922,0.5319148936170213,0.1582278481012658,0.2439024390243902,0.6117881862526208,0.6949843267803387,0.0
G,2030,A,0.2,random,5028,0.6808803301237965,0.5777530547235297,0.6429009395139922,0.5319148936170213,0.1582278481012658,0.2439024390243902,0.6125988464797286,0.6942677228883855,0.0
G,2030,A,0.3,start,5026,0.6808803301237965,0.5777530547235297,0.6429009395139922,0.5319148936170213,0.1582278481012658,0.2439024390243902,0.6117420658446794,0.6943334061791248,0.0
G,2030,A,0.3,middle,5026,0.6808803301237965,0.5777530547235297,0.6429009395139922,0.5319148936170213,0.1582278481012658,0.2439024390243902,0.6118151971988466,0.6947498800346409,0.0
G,2030,A,0.3,end,5026,0.6808803301237965,0.5778170600441648,0.6426610596504233,0.5434782608695652,0.1582278481012658,0.2450980392156862,0.6126799454794594,0.6938243190436968,0.0
G,2030,A,0.3,random,5026,0.6795048143053645,0.5762927783390784,0.6415621132399355,0.5319148936170213,0.1582278481012658,0.2439024390243902,0.6120614698713343,0.6941690596663413,0.0
G,2030,A,0.3,random,5027,0.6808803301237965,0.5778170600441648,0.6426610596504233,0.5434782608695652,0.1582278481012658,0.2450980392156862,0.6117715019427196,0.694661724452756,0.0
G,2030,A,0.3,random,5028,0.6808803301237965,0.5777530547235297,0.6429009395139922,0.5319148936170213,0.1582278481012658,0.2439024390243902,0.6128621310029402,0.6937029439170793,0.0
G,2030,A,0.4,random,5026,0.6781292984869326,0.57498348370898,0.640523521305147,0.5208333333333334,0.1582278481012658,0.2427184466019417,0.6125724894551583,0.6938017819794088,0.0
G,2030,A,0.4,random,5027,0.6781292984869326,0.5752689043749268,0.6403516031161749,0.5319148936170213,0.1582278481012658,0.2439024390243902,0.6121959478770845,0.6937075846163007,0.0
G,2030,A,0.4,random,5028,0.6795048143053645,0.576232026903309,0.6418035965892255,0.5208333333333334,0.1582278481012658,0.2427184466019417,0.6130768367926834,0.6932739533139968,0.0
G,2030,A,0.5,random,5026,0.6767537826685007,0.5738987322551611,0.6391714256308244,0.5208333333333334,0.1582278481012658,0.2427184466019417,0.613194993545518,0.6929381134309448,0.0
G,2030,A,0.5,random,5027,0.6753782668500687,0.5728161093563499,0.6382024005613657,0.5102040816326531,0.1582278481012658,0.2415458937198067,0.6133592674047001,0.6924969524828456,0.0
G,2030,A,0.5,random,5028,0.6753782668500687,0.5728161093563499,0.6382024005613657,0.5102040816326531,0.1582278481012658,0.2415458937198067,0.6143687475411431,0.6917284141819535,0.0
G,2030,V,0.1,random,5026,0.6836313617606602,0.5841662761004548,0.6473646641645787,0.5625,0.170886075949367,0.2621359223300971,0.6128386768577028,0.6940973463437815,0.0
G,2030,V,0.1,random,5027,0.6822558459422283,0.5810050872438549,0.6450212468243556,0.5531914893617021,0.1645569620253164,0.2536585365853658,0.6130742006444445,0.6939566178850441,0.0
G,2030,V,0.1,random,5028,0.6836313617606602,0.5841662761004548,0.6473646641645787,0.5625,0.170886075949367,0.2621359223300971,0.6126965080022698,0.6941423295588457,0.0
G,2030,V,0.2,random,5026,0.6836313617606602,0.5840804195666007,0.647591757225413,0.5510204081632653,0.170886075949367,0.2608695652173913,0.6127537279776687,0.6939244294901515,0.0
G,2030,V,0.2,random,5027,0.6836313617606602,0.5839994941459206,0.6478227996407511,0.54,0.170886075949367,0.2596153846153846,0.6130470855548862,0.6937419933125939,0.0
G,2030,V,0.2,random,5028,0.6836313617606602,0.5861598947520513,0.6490714014561519,0.5384615384615384,0.1772151898734177,0.2666666666666666,0.6126735545639754,0.6939745746312451,0.0
G,2030,V,0.3,start,5026,0.6822558459422283,0.583054571854118,0.6463780584857501,0.5510204081632653,0.170886075949367,0.2608695652173913,0.6124186994509633,0.6938553522559786,0.0
G,2030,V,0.3,middle,5026,0.6850068775790922,0.59093982640583,0.6525755777480301,0.5454545454545454,0.189873417721519,0.2816901408450704,0.6120083547863544,0.6940124731183459,0.0
G,2030,V,0.3,end,5026,0.6850068775790922,0.5892368213186996,0.6513626158543552,0.5471698113207547,0.1835443037974683,0.2748815165876777,0.612740086840513,0.6937349279802597,0.0
G,2030,V,0.3,random,5026,0.6836313617606602,0.588274956659317,0.6502896084390591,0.5370370370370371,0.1835443037974683,0.2735849056603773,0.6125150792014399,0.693828786013323,0.0
G,2030,V,0.3,random,5027,0.6850068775790922,0.5913159797961421,0.6525579483963008,0.5454545454545454,0.189873417721519,0.2816901408450704,0.61263032726865,0.6936292548543482,0.0
G,2030,V,0.3,random,5028,0.6836313617606602,0.5899711474814355,0.6514979185159244,0.5357142857142857,0.189873417721519,0.2803738317757009,0.6126893512411556,0.6938807635901454,0.0
G,2030,V,0.4,random,5026,0.686382393397524,0.5963341244719002,0.6559555404263189,0.5517241379310345,0.2025316455696202,0.2962962962962963,0.6121353385465165,0.6937130128293684,0.0
G,2030,V,0.4,random,5027,0.686382393397524,0.5957683777586137,0.6559382560448737,0.5614035087719298,0.2025316455696202,0.2976744186046511,0.6121820394382113,0.6936392575095865,0.0
G,2030,V,0.4,random,5028,0.6836313617606602,0.5920008361908642,0.6526601579452601,0.5344827586206896,0.1962025316455696,0.287037037037037,0.6126500625381212,0.6936831564674888,0.0
G,2030,V,0.5,random,5026,0.6822558459422283,0.5923764628294942,0.6530343532388936,0.5161290322580645,0.2025316455696202,0.2909090909090909,0.6127505190311273,0.6933240779229038,0.0
G,2030,V,0.5,random,5027,0.6822558459422283,0.5923247616758792,0.6529006590641401,0.5245901639344263,0.2025316455696202,0.2922374429223744,0.6129343092461427,0.6935155987201245,0.0
G,2030,V,0.5,random,5028,0.6808803301237965,0.5913468783949333,0.6518126295835385,0.5161290322580645,0.2025316455696202,0.2909090909090909,0.613341752173526,0.6935059116501955,0.0
G,2030,TA,0.3,start,5026,0.6740027510316369,0.5848453070465558,0.645146473915586,0.5818181818181818,0.2025316455696202,0.3004694835680751,0.6519481193778155,0.6598098200979875,0.0
G,2030,TA,0.3,middle,5026,0.6258596973865199,0.5515927939598956,0.6051109149603273,0.4487179487179487,0.2215189873417721,0.2966101694915254,0.6851665309783456,0.6072294281858438,0.0
G,2030,TA,0.3,end,5026,0.6478679504814305,0.5480293765234227,0.6119531041616607,0.5333333333333333,0.1518987341772152,0.2364532019704433,0.6844497809131425,0.6009068827351011,0.0
G,2030,TA,0.3,random,5026,0.6629986244841816,0.5788233749562376,0.6370325930953248,0.5303030303030303,0.2215189873417721,0.3125,0.6683996243944269,0.6225837177496681,0.0
G,2030,TA,0.3,random,5027,0.6423658872077029,0.552636671529316,0.6127427924018691,0.4827586206896552,0.1772151898734177,0.2592592592592592,0.6845920696866051,0.6089107040061246,0.0
G,2030,TA,0.3,random,5028,0.6437414030261348,0.5590306495910434,0.6165605431602744,0.5517241379310345,0.2025316455696202,0.2962962962962963,0.6869913856299287,0.6135747027828504,0.0
G,2030,TV,0.3,start,5026,0.6698762035763411,0.5836730945821854,0.643229241268506,0.532258064516129,0.2088607594936709,0.3,0.6523904724310391,0.6621381732686673,0.0
G,2030,TV,0.3,middle,5026,0.6231086657496562,0.5557949520646042,0.6069520679959125,0.4333333333333333,0.2468354430379747,0.314516129032258,0.6854418774340193,0.6078856861438374,0.0
G,2030,TV,0.3,end,5026,0.6506189821182944,0.5565492385151828,0.618518118830165,0.5294117647058824,0.170886075949367,0.2583732057416268,0.6840670065260559,0.6028709196263022,0.0
G,2030,TV,0.3,random,5026,0.6602475928473177,0.5861647634580193,0.6404052551825614,0.5,0.2531645569620253,0.3361344537815126,0.6680743340443742,0.6251735569581487,0.0
G,2030,TV,0.3,random,5027,0.640990371389271,0.5611673107273726,0.6175101690983481,0.4782608695652174,0.2088607594936709,0.2907488986784141,0.6861861758003084,0.6096043254856831,0.0
G,2030,TV,0.3,random,5028,0.6382393397524071,0.560321920414995,0.6161866759651,0.4861111111111111,0.2215189873417721,0.3043478260869565,0.6892739231073179,0.6113746899826555,0.0
G,2030,AV,0.3,start,5026,0.6808803301237965,0.5812007963906698,0.6458150106470759,0.5192307692307693,0.170886075949367,0.2571428571428571,0.6107123321266974,0.694101882782216,0.0
G,2030,AV,0.3,middle,5026,0.6795048143053645,0.5825625698931668,0.6459131099894664,0.509090909090909,0.1772151898734177,0.2629107981220657,0.61195116984111,0.6934536834416081,0.0
G,2030,AV,0.3,end,5026,0.6822558459422283,0.584753900963299,0.6482565698374053,0.5185185185185185,0.1772151898734177,0.2641509433962264,0.6130200366334163,0.6932285122620573,0.0
G,2030,AV,0.3,random,5026,0.6808803301237965,0.5834306254487224,0.647209820214134,0.509090909090909,0.1772151898734177,0.2629107981220657,0.6112489306250194,0.6939349101870268,0.0
G,2030,AV,0.3,random,5027,0.6822558459422283,0.5864758981620092,0.6494811398253617,0.5178571428571429,0.1835443037974683,0.2710280373831775,0.6108675422137099,0.6942287283904713,0.0
G,2030,AV,0.3,random,5028,0.6795048143053645,0.5825625698931668,0.6459131099894664,0.509090909090909,0.1772151898734177,0.2629107981220657,0.6141650490936349,0.6915459303910219,0.0
G,2030,TAV,0.3,start,5026,0.671251719394773,0.5846741748262841,0.6443402744050901,0.5409836065573771,0.2088607594936709,0.3013698630136986,0.6519518748997478,0.6601389938255741,0.0
G,2030,TAV,0.3,middle,5026,0.6272352132049519,0.5625060925823766,0.611641945705871,0.4505494505494505,0.2594936708860759,0.3293172690763052,0.6864521880357237,0.604513114608407,0.0
G,2030,TAV,0.3,end,5026,0.6492434662998624,0.5550218075742529,0.6171415423048208,0.5294117647058824,0.170886075949367,0.2583732057416268,0.6845988313595016,0.5994040003070119,0.0
G,2030,TAV,0.3,random,5026,0.656121045392022,0.5810125437295275,0.6356262639315143,0.4936708860759494,0.2468354430379747,0.3291139240506329,0.669755068143944,0.6206621103954645,0.0
G,2030,TAV,0.3,random,5027,0.6368638239339752,0.5523572991992908,0.6114933621538825,0.4347826086956521,0.189873417721519,0.2643171806167401,0.6856098977121392,0.6084212308650915,0.0
G,2030,TAV,0.3,random,5028,0.6396148555708391,0.561271798263037,0.6168999557529304,0.5,0.2215189873417721,0.3070175438596491,0.6888335205629957,0.6086841192384546,0.0
R,2026,none,0.0,none,0,0.7180192572214581,0.6573665065389364,0.7036846755611542,0.5670103092783505,0.3481012658227848,0.4313725490196078,0.5952711196926189,0.7086644325974323,0.0
R,2026,T,0.1,random,5026,0.7028885832187071,0.6400860446483462,0.6878244663230255,0.5360824742268041,0.3291139240506329,0.4078431372549019,0.6035858731354544,0.6998663650188487,0.0
R,2026,T,0.1,random,5027,0.6891334250343879,0.6262981042396721,0.674589213482507,0.5,0.3164556962025316,0.3875968992248062,0.6130364474810672,0.67655948708986,0.0
R,2026,T,0.1,random,5028,0.6850068775790922,0.6270320724207452,0.673778852521396,0.4954954954954955,0.3481012658227848,0.4089219330855018,0.6120355166670886,0.6925854829267188,0.0
R,2026,T,0.2,random,5026,0.6850068775790922,0.6185718708504987,0.6698367521628518,0.495049504950495,0.3164556962025316,0.3861003861003861,0.6335795303476804,0.6626768953153532,0.0
R,2026,T,0.2,random,5027,0.6740027510316369,0.601877302335094,0.6563263817648102,0.4479166666666667,0.2721518987341772,0.3385826771653543,0.6323685490310716,0.6615694787078907,0.0
R,2026,T,0.2,random,5028,0.6698762035763411,0.6110377472701557,0.6568947743243726,0.5,0.3291139240506329,0.3969465648854962,0.6364815732734939,0.6643991446807928,0.0
R,2026,T,0.3,start,5026,0.6808803301237965,0.6092978465851173,0.66274562159013,0.4782608695652174,0.2784810126582278,0.352,0.6450390796609012,0.6668604227911448,0.0
R,2026,T,0.3,middle,5026,0.6629986244841816,0.6042271249740646,0.6526434746178721,0.452991452991453,0.3354430379746835,0.3854545454545454,0.6566576695894666,0.6504453687195235,0.0
R,2026,T,0.3,end,5026,0.6492434662998624,0.5609872484443587,0.6218800715736875,0.4246575342465753,0.1962025316455696,0.2683982683982684,0.6804533098837668,0.6155771551734339,0.0
R,2026,T,0.3,random,5026,0.6698762035763411,0.6025469572981371,0.654550957453029,0.48,0.3037974683544304,0.3720930232558139,0.6529207513709068,0.6421742877116927,0.0
R,2026,T,0.3,random,5027,0.6643741403026134,0.6025760749380081,0.6506343656655919,0.4757281553398058,0.310126582278481,0.3754789272030651,0.6569041017900485,0.6391880165357501,0.0
R,2026,T,0.3,random,5028,0.6506189821182944,0.5864154860553477,0.6376984285425223,0.4351851851851852,0.2974683544303797,0.3533834586466165,0.6657281498817991,0.6413505575016836,0.0
R,2026,T,0.4,random,5026,0.6341127922971114,0.5635728682827015,0.6184112398155426,0.4,0.2658227848101265,0.3193916349809886,0.6854869093923261,0.6050267571714286,0.0
R,2026,T,0.4,random,5027,0.6313617606602476,0.5637995852968176,0.614879393259262,0.422680412371134,0.2594936708860759,0.3215686274509804,0.6960920200444901,0.5880089167858633,0.0
R,2026,T,0.4,random,5028,0.6396148555708391,0.5707883785042389,0.623518772500697,0.4257425742574257,0.2721518987341772,0.332046332046332,0.695312790822159,0.604697880349248,0.0
R,2026,T,0.5,random,5026,0.6217331499312242,0.5499086330035999,0.6023272137877632,0.4516129032258064,0.2658227848101265,0.3346613545816733,0.7195366015573571,0.5555067452786624,0.0
R,2026,T,0.5,random,5027,0.6231086657496562,0.5567556497779095,0.6062239889432448,0.4270833333333333,0.2594936708860759,0.3228346456692913,0.7170092557906445,0.5562378842707079,0.0
R,2026,T,0.5,random,5028,0.6272352132049519,0.5549868766404199,0.6084783762414842,0.4166666666666667,0.2531645569620253,0.3149606299212598,0.712823472153244,0.5828444327807929,0.0
R,2026,A,0.1,random,5026,0.7180192572214581,0.657158955106259,0.7038474666809786,0.5612244897959183,0.3481012658227848,0.4296875,0.5950824463627677,0.7088574065798692,0.0
R,2026,A,0.1,random,5027,0.7180192572214581,0.6571656670359808,0.7037396272124732,0.5670103092783505,0.3481012658227848,0.4313725490196078,0.5949687155039823,0.7089204274369602,0.0
R,2026,A,0.1,random,5028,0.7180192572214581,0.6573665065389364,0.7036846755611542,0.5670103092783505,0.3481012658227848,0.4313725490196078,0.5951186708729759,0.7087866258525702,0.0
R,2026,A,0.2,random,5026,0.71939477303989,0.6602076777844296,0.7064293298213511,0.5643564356435643,0.360759493670886,0.4401544401544401,0.5944770147843218,0.7082882782566369,0.0
R,2026,A,0.2,random,5027,0.7138927097661623,0.6532889776386378,0.7004277765782277,0.5445544554455446,0.3481012658227848,0.4247104247104247,0.5945940502001164,0.7086434877368484,0.0
R,2026,A,0.2,random,5028,0.7152682255845942,0.6558626474391984,0.7022178280902863,0.5490196078431373,0.3544303797468354,0.4307692307692308,0.5948412158338585,0.708341102178485,0.0
R,2026,A,0.3,start,5026,0.7180192572214581,0.6591147588331568,0.7052717534310756,0.5588235294117647,0.360759493670886,0.4384615384615384,0.5939184589474802,0.7088720005563872,0.0
R,2026,A,0.3,middle,5026,0.7152682255845942,0.6556669656544782,0.702165993580888,0.5544554455445545,0.3544303797468354,0.4324324324324324,0.5955083769473576,0.7075765918764079,0.0
R,2026,A,0.3,end,5026,0.7166437414030261,0.658645346596233,0.7040772092975531,0.5533980582524272,0.360759493670886,0.4367816091954023,0.595287557406654,0.7083921640616472,0.0
R,2026,A,0.3,random,5026,0.7180192572214581,0.6603710330481771,0.7059455594237071,0.5576923076923077,0.3670886075949367,0.4427480916030534,0.5945326147365715,0.708114491190066,0.0
R,2026,A,0.3,random,5027,0.7138927097661623,0.6558531899246036,0.7016915740416122,0.5480769230769231,0.360759493670886,0.4351145038167939,0.5947209590430746,0.7083976860761922,0.0
R,2026,A,0.3,random,5028,0.7166437414030261,0.659475061000319,0.7047251429355588,0.5523809523809524,0.3670886075949367,0.4410646387832699,0.5946999029375215,0.7081877669785974,0.0
R,2026,A,0.4,random,5026,0.7180192572214581,0.6630249047643375,0.7070808508682834,0.5607476635514018,0.379746835443038,0.4528301886792453,0.5945146155058317,0.707777936672854,0.0
R,2026,A,0.4,random,5027,0.7152682255845942,0.6581935504619084,0.7035179894616285,0.5523809523809524,0.3670886075949367,0.4410646387832699,0.5943456973830779,0.7085061090050864,0.0
R,2026,A,0.4,random,5028,0.7138927097661623,0.6572969514145984,0.7022946576308499,0.5471698113207547,0.3670886075949367,0.4393939393939394,0.5948500017164308,0.707776048008461,0.0
R,2026,A,0.5,random,5026,0.7180192572214581,0.6630249047643375,0.7070808508682834,0.5607476635514018,0.379746835443038,0.4528301886792453,0.5946063784218842,0.7074860251520635,0.0
R,2026,A,0.5,random,5027,0.7166437414030261,0.6615262060922354,0.7061466786884445,0.5504587155963303,0.379746835443038,0.449438202247191,0.5932369494307673,0.7085942023468735,0.0
R,2026,A,0.5,random,5028,0.7166437414030261,0.6619226909484962,0.7059120463271453,0.5555555555555556,0.379746835443038,0.4511278195488721,0.5946012716154395,0.7075783805712743,0.0
R,2026,V,0.1,random,5026,0.7180192572214581,0.6573665065389364,0.7036846755611542,0.5670103092783505,0.3481012658227848,0.4313725490196078,0.5949128505949229,0.7088545334976617,0.0
R,2026,V,0.1,random,5027,0.7180192572214581,0.6573665065389364,0.7036846755611542,0.5670103092783505,0.3481012658227848,0.4313725490196078,0.59545290528159,0.708198244628333,0.0
R,2026,V,0.1,random,5028,0.7180192572214581,0.6573665065389364,0.7036846755611542,0.5670103092783505,0.3481012658227848,0.4313725490196078,0.5951835563057041,0.7085488277315798,0.0
R,2026,V,0.2,random,5026,0.7166437414030261,0.6562771208910915,0.7025301737543324,0.5612244897959183,0.3481012658227848,0.4296875,0.5952119696370144,0.7086133508003669,0.0
R,2026,V,0.2,random,5027,0.7180192572214581,0.657158955106259,0.7038474666809786,0.5612244897959183,0.3481012658227848,0.4296875,0.5953812491718661,0.7082765284737124,0.0
R,2026,V,0.2,random,5028,0.7152682255845942,0.6536729542244248,0.7008322714159554,0.5510204081632653,0.3417721518987341,0.421875,0.5956801974296484,0.7085413254919344,0.0
R,2026,V,0.3,start,5026,0.7207702888583218,0.664242963961362,0.7086153149589565,0.5784313725490197,0.3734177215189873,0.4538461538461538,0.5952386627588325,0.7076041968040147,0.0
R,2026,V,0.3,middle,5026,0.7180192572214581,0.6567312649960909,0.7038189171462814,0.5612244897959183,0.3481012658227848,0.4296875,0.5956019505956736,0.7073698133477945,0.0
R,2026,V,0.3,end,5026,0.7180192572214581,0.6586802181593491,0.7042826843238595,0.5714285714285714,0.3544303797468354,0.4375,0.5959033877762169,0.708204420540937,0.0
R,2026,V,0.3,random,5026,0.7180192572214581,0.6595206151856398,0.7050485987341003,0.5643564356435643,0.360759493670886,0.4401544401544401,0.5948618217458189,0.7076768823591507,0.0
R,2026,V,0.3,random,5027,0.7221458046767538,0.6630277824968291,0.7087161381701372,0.5757575757575758,0.360759493670886,0.4435797665369649,0.5945581044519418,0.7082833554926138,0.0
R,2026,V,0.3,random,5028,0.7138927097661623,0.6534830904376637,0.7002558219078321,0.55,0.3481012658227848,0.4263565891472868,0.5959093955462773,0.7071758789343773,0.0
R,2026,V,0.4,random,5026,0.7180192572214581,0.6603644842688667,0.7055926301595619,0.5686274509803921,0.3670886075949367,0.4461538461538462,0.5955272103628737,0.7070668333372906,0.0
R,2026,V,0.4,random,5027,0.71939477303989,0.6599732139467239,0.7063378079406027,0.5643564356435643,0.360759493670886,0.4401544401544401,0.5953101545887838,0.7069822471364003,0.0
R,2026,V,0.4,random,5028,0.7125171939477304,0.6519767209422381,0.6990800400656683,0.5445544554455446,0.3481012658227848,0.4247104247104247,0.5962560618042618,0.7065500113125559,0.0
R,2026,V,0.5,random,5026,0.7166437414030261,0.6604981994487698,0.7050865533927024,0.5619047619047619,0.3734177215189873,0.4486692015209125,0.5962271201586242,0.7062413273060344,0.0
R,2026,V,0.5,random,5027,0.7152682255845942,0.6591935954866033,0.7040879032665631,0.5514018691588785,0.3734177215189873,0.4452830188679245,0.5963631151071312,0.7061508761229413,0.0
R,2026,V,0.5,random,5028,0.7111416781292985,0.6521914666170162,0.6986234149948384,0.5384615384615384,0.3544303797468354,0.4274809160305343,0.597236567793063,0.7057069255185636,0.0
R,2026,TA,0.3,start,5026,0.686382393397524,0.6166586015018373,0.6694602642967548,0.4946236559139785,0.2911392405063291,0.3665338645418327,0.6401903653982596,0.6735597976865845,0.0
R,2026,TA,0.3,middle,5026,0.6478679504814305,0.5950968357883252,0.640608361830449,0.4296875,0.3481012658227848,0.3846153846153846,0.668792391640727,0.6259878996042074,0.0
R,2026,TA,0.3,end,5026,0.6547455295735901,0.5690789285584945,0.627576334646752,0.4507042253521127,0.2025316455696202,0.2794759825327511,0.6707140211668738,0.6217953306124735,0.0
R,2026,TA,0.3,random,5026,0.6685006877579092,0.6026092770278817,0.6544907754242069,0.4716981132075472,0.3164556962025316,0.3787878787878788,0.6625209398083545,0.6278301457030561,0.0
R,2026,TA,0.3,random,5027,0.6602475928473177,0.5958256762752043,0.6456133008875152,0.4554455445544554,0.2911392405063291,0.3552123552123552,0.6632916988093517,0.6336575139682723,0.0
R,2026,TA,0.3,random,5028,0.6299862448418156,0.5612310981292586,0.6152467993196719,0.4077669902912621,0.2658227848101265,0.3218390804597701,0.6771300172140223,0.6268349118803114,0.0
R,2026,TV,0.3,start,5026,0.6932599724896836,0.6252968201420402,0.6763567221799149,0.5274725274725275,0.3037974683544304,0.3855421686746988,0.6402403833683847,0.6728595562896784,0.0
R,2026,TV,0.3,middle,5026,0.6492434662998624,0.5963038154759669,0.6416942945035028,0.4330708661417323,0.3481012658227848,0.3859649122807017,0.6690685069460803,0.6261135757793987,0.0
R,2026,TV,0.3,end,5026,0.6629986244841816,0.5803966967172026,0.6375571835822523,0.4794520547945205,0.2215189873417721,0.303030303030303,0.6713352196092468,0.6226088808737351,0.0
R,2026,TV,0.3,random,5026,0.6685006877579092,0.6046243143559303,0.6546269232769238,0.4857142857142857,0.3227848101265823,0.3878326996197718,0.6620876632270315,0.6271751034326489,0.0
R,2026,TV,0.3,random,5027,0.6629986244841816,0.6010223882271126,0.6491074629717418,0.4705882352941176,0.3037974683544304,0.3692307692307692,0.6649595595980787,0.6322603664426579,0.0
R,2026,TV,0.3,random,5028,0.6341127922971114,0.5644817233307576,0.618677730476208,0.42,0.2658227848101265,0.3255813953488372,0.6760744845130391,0.6275025503732599,0.0
R,2026,AV,0.3,start,5026,0.7207702888583218,0.6664330867585618,0.7100542525247046,0.5700934579439252,0.3860759493670886,0.460377358490566,0.5940877297420133,0.7083665013554101,0.0
R,2026,AV,0.3,middle,5026,0.7166437414030261,0.6602889149618121,0.7052508119561302,0.5566037735849056,0.3734177215189873,0.4469696969696969,0.5951165338645739,0.7068633374351836,0.0
R,2026,AV,0.3,end,5026,0.7152682255845942,0.6591935954866033,0.7040879032665631,0.5514018691588785,0.3734177215189873,0.4452830188679245,0.595910663519875,0.7071455890877345,0.0
R,2026,AV,0.3,random,5026,0.7166437414030261,0.6626890581713781,0.7065200032430845,0.5545454545454546,0.3860759493670886,0.4552238805970149,0.5941280183786608,0.7077633627761715,0.0
R,2026,AV,0.3,random,5027,0.7125171939477304,0.655786606619015,0.7011162839148556,0.5420560747663551,0.3670886075949367,0.4377358490566038,0.5945020649851913,0.7076259739549364,0.0
R,2026,AV,0.3,random,5028,0.7166437414030261,0.6614998003710749,0.7058928539758106,0.5555555555555556,0.379746835443038,0.4511278195488721,0.5946293368931206,0.7072799447423599,0.0
R,2026,TAV,0.3,start,5026,0.6918844566712518,0.6278766225151029,0.6775566881398158,0.5204081632653061,0.3227848101265823,0.3984375,0.6387876622923808,0.6738388319233733,0.0
R,2026,TAV,0.3,middle,5026,0.6506189821182944,0.6008038435954212,0.6449069287364712,0.4328358208955223,0.3670886075949367,0.3972602739726027,0.6674927270659408,0.6262379738696717,0.0
R,2026,TAV,0.3,end,5026,0.6602475928473177,0.5815963331776263,0.6374503792471465,0.4625,0.2341772151898734,0.3109243697478991,0.6700561168630385,0.6220094728337923,0.0
R,2026,TAV,0.3,random,5026,0.6685006877579092,0.6079573451179981,0.657425060039981,0.4695652173913043,0.3417721518987341,0.3956043956043956,0.6598621368967812,0.6285643057146925,0.0
R,2026,TAV,0.3,random,5027,0.6629986244841816,0.603405239560846,0.6507636799705708,0.4629629629629629,0.3164556962025316,0.3759398496240601,0.6622774216706837,0.6334675122344718,0.0
R,2026,TAV,0.3,random,5028,0.6341127922971114,0.5688121764586511,0.6212065583718483,0.4205607476635514,0.2848101265822785,0.3396226415094339,0.6750539641102061,0.6269050334126638,0.0
R,2027,none,0.0,none,0,0.6932599724896836,0.6257614448904105,0.6763589870326748,0.5,0.2974683544303797,0.373015873015873,0.6373719093239181,0.699047392139351,0.0
R,2027,T,0.1,random,5026,0.6891334250343879,0.620122717248038,0.6708490853414916,0.5227272727272727,0.2911392405063291,0.3739837398373983,0.643290247336739,0.6887453265649205,0.0
R,2027,T,0.1,random,5027,0.6836313617606602,0.6151936986536636,0.6665607751073831,0.4893617021276595,0.2911392405063291,0.365079365079365,0.6456100575358273,0.6697506106778017,0.0
R,2027,T,0.1,random,5028,0.6905089408528198,0.6326974250119483,0.6772704591671758,0.5555555555555556,0.3481012658227848,0.4280155642023346,0.6449120522420483,0.6795967650951453,0.0
R,2027,T,0.2,random,5026,0.6891334250343879,0.6190604270938483,0.6708791685877334,0.5393258426966292,0.3037974683544304,0.388663967611336,0.6642683190681022,0.653859782127696,0.0
R,2027,T,0.2,random,5027,0.6671251719394773,0.5908769359441135,0.6477528153094997,0.425531914893617,0.2531645569620253,0.3174603174603174,0.6650528354048673,0.6503245806904373,0.0
R,2027,T,0.2,random,5028,0.6685006877579092,0.6097822547216586,0.6548224675545268,0.51,0.3227848101265823,0.3953488372093023,0.6760470851015766,0.6466660915661949,0.0
R,2027,T,0.3,start,5026,0.672627235213205,0.6015947809355439,0.6548699715846633,0.4673913043478261,0.2721518987341772,0.344,0.651723298845321,0.6679969834390799,0.0
R,2027,T,0.3,middle,5026,0.6588720770288858,0.6007962429493746,0.647652769781924,0.4601769911504424,0.3291139240506329,0.3837638376383764,0.6696828940647985,0.6381565992778844,0.0
R,2027,T,0.3,end,5026,0.6506189821182944,0.5702787709929955,0.6278033800347411,0.45,0.2278481012658227,0.3025210084033613,0.6880451538930002,0.6064114307655646,0.0
R,2027,T,0.3,random,5026,0.671251719394773,0.6038220274327265,0.6550118651113691,0.4895833333333333,0.2974683544303797,0.3700787401574803,0.6715722013382751,0.6376393151184587,0.0
R,2027,T,0.3,random,5027,0.6547455295735901,0.5869681582912825,0.639651425610474,0.4326923076923077,0.2848101265822785,0.3435114503816794,0.6752988213354463,0.6314993785063728,0.0
R,2027,T,0.3,random,5028,0.6547455295735901,0.5833484275543964,0.6347866068797677,0.4939759036144578,0.2594936708860759,0.3402489626556016,0.6907919185874059,0.6278632049104063,0.0
R,2027,T,0.4,random,5026,0.6478679504814305,0.5738510880395243,0.6278952762246724,0.4545454545454545,0.2531645569620253,0.3252032520325203,0.7016146698377014,0.5882381575856866,0.0
R,2027,T,0.4,random,5027,0.6203576341127923,0.5491836616743413,0.6028939410213031,0.3775510204081632,0.2341772151898734,0.2890625,0.7164945388595408,0.5760807341489771,0.0
R,2027,T,0.4,random,5028,0.6299862448418156,0.5574535039397861,0.6121468713529845,0.4105263157894737,0.2468354430379747,0.308300395256917,0.7055055717117986,0.5940883961819113,0.0
R,2027,T,0.5,random,5026,0.6176066024759285,0.5418796833957126,0.597186363236406,0.4111111111111111,0.2341772151898734,0.2983870967741935,0.7265983807013241,0.5450411222680549,0.0
R,2027,T,0.5,random,5027,0.6176066024759285,0.5549352300248064,0.6040067277207042,0.4018691588785046,0.2721518987341772,0.3245283018867924,0.7242394280677567,0.548412504644734,0.0
R,2027,T,0.5,random,5028,0.6162310866574966,0.5453764120819983,0.6001068313763994,0.375,0.2468354430379747,0.2977099236641221,0.717118529065816,0.5712334613084129,0.0
R,2027,A,0.1,random,5026,0.6918844566712518,0.6246839446529849,0.6750972334165489,0.5,0.2974683544303797,0.373015873015873,0.6373925154722321,0.698170183788953,0.0
R,2027,A,0.1,random,5027,0.6918844566712518,0.6246839446529849,0.6750972334165489,0.5,0.2974683544303797,0.373015873015873,0.637177747957057,0.6984184734982699,0.0
R,2027,A,0.1,random,5028,0.6918844566712518,0.6246839446529849,0.6750972334165489,0.5,0.2974683544303797,0.373015873015873,0.6375005422153415,0.6980186016431437,0.0
R,2027,A,0.2,random,5026,0.6918844566712518,0.6246839446529849,0.6750972334165489,0.5,0.2974683544303797,0.373015873015873,0.6372243418329874,0.6980485826582196,0.0
R,2027,A,0.2,random,5027,0.6918844566712518,0.6246839446529849,0.6750972334165489,0.5,0.2974683544303797,0.373015873015873,0.6364404703234017,0.6987626874412113,0.0
R,2027,A,0.2,random,5028,0.6918844566712518,0.6246839446529849,0.6750972334165489,0.5,0.2974683544303797,0.373015873015873,0.6373931170835564,0.6977416327733713,0.0
R,2027,A,0.3,start,5026,0.6918844566712518,0.6246839446529849,0.6750972334165489,0.5,0.2974683544303797,0.373015873015873,0.6370211574956645,0.6982645619008364,0.0
R,2027,A,0.3,middle,5026,0.6918844566712518,0.6246839446529849,0.6750972334165489,0.5,0.2974683544303797,0.373015873015873,0.637614111041314,0.697492226816014,0.0
R,2027,A,0.3,end,5026,0.6918844566712518,0.6246839446529849,0.6750972334165489,0.5,0.2974683544303797,0.373015873015873,0.6362180467845416,0.698737523275786,0.0
R,2027,A,0.3,random,5026,0.6918844566712518,0.6246839446529849,0.6750972334165489,0.5,0.2974683544303797,0.373015873015873,0.6375306761000952,0.6977964670295684,0.0
R,2027,A,0.3,random,5027,0.6918844566712518,0.6246839446529849,0.6750972334165489,0.5,0.2974683544303797,0.373015873015873,0.6364286584565475,0.6985007744790643,0.0
R,2027,A,0.3,random,5028,0.6918844566712518,0.6246839446529849,0.6750972334165489,0.5,0.2974683544303797,0.373015873015873,0.6373445467720347,0.6975692183525065,0.0
R,2027,A,0.4,random,5026,0.6918844566712518,0.6246839446529849,0.6750972334165489,0.5,0.2974683544303797,0.373015873015873,0.6374343768590813,0.6974876100968564,0.0
R,2027,A,0.4,random,5027,0.6918844566712518,0.6246839446529849,0.6750972334165489,0.5,0.2974683544303797,0.373015873015873,0.6361835294203083,0.698484932629075,0.0
R,2027,A,0.4,random,5028,0.6918844566712518,0.6246839446529849,0.6750972334165489,0.5,0.2974683544303797,0.373015873015873,0.6373717293852228,0.6974078170272953,0.0
R,2027,A,0.5,random,5026,0.6918844566712518,0.6246839446529849,0.6750972334165489,0.5,0.2974683544303797,0.373015873015873,0.6376811707625276,0.6972218703335307,0.0
R,2027,A,0.5,random,5027,0.6918844566712518,0.6246839446529849,0.6750972334165489,0.5,0.2974683544303797,0.373015873015873,0.6364485154887904,0.6982561752029215,0.0
R,2027,A,0.5,random,5028,0.6918844566712518,0.6246839446529849,0.6750972334165489,0.5,0.2974683544303797,0.373015873015873,0.6374360927821943,0.697199854608549,0.0
R,2027,V,0.1,random,5026,0.6932599724896836,0.6257614448904105,0.6763589870326748,0.5,0.2974683544303797,0.373015873015873,0.6359908703654935,0.6991260944904103,0.0
R,2027,V,0.1,random,5027,0.6932599724896836,0.6257614448904105,0.6763589870326748,0.5,0.2974683544303797,0.373015873015873,0.6368721769171364,0.6985514670319896,0.0
R,2027,V,0.1,random,5028,0.6932599724896836,0.6257614448904105,0.6763589870326748,0.5,0.2974683544303797,0.373015873015873,0.6363820738016178,0.6990953998512419,0.0
R,2027,V,0.2,random,5026,0.6918844566712518,0.6247362949062851,0.675241323771761,0.4947368421052631,0.2974683544303797,0.3715415019762846,0.6357304490843179,0.6981087124529919,0.0
R,2027,V,0.2,random,5027,0.6918844566712518,0.6247362949062851,0.675241323771761,0.4947368421052631,0.2974683544303797,0.3715415019762846,0.6368770625610619,0.6974761723898006,0.0
R,2027,V,0.2,random,5028,0.6932599724896836,0.6272166289772785,0.6771474406899681,0.5,0.3037974683544304,0.3779527559055118,0.636240677588751,0.6981278668255915,0.0
R,2027,V,0.3,start,5026,0.6918844566712518,0.6247362949062851,0.675241323771761,0.4947368421052631,0.2974683544303797,0.3715415019762846,0.6355874299348971,0.6979043275477972,0.0
R,2027,V,0.3,middle,5026,0.6918844566712518,0.6261872207106237,0.6760256041385753,0.4948453608247423,0.3037974683544304,0.3764705882352941,0.6360824814618958,0.6974039276614737,0.0
R,2027,V,0.3,end,5026,0.6932599724896836,0.6257614448904105,0.6763589870326748,0.5,0.2974683544303797,0.373015873015873,0.6338186723675135,0.6982195873915935,0.0
R,2027,V,0.3,random,5026,0.6932599724896836,0.6272166289772785,0.6771474406899681,0.5,0.3037974683544304,0.3779527559055118,0.6347710409440492,0.6977190574994812,0.0
R,2027,V,0.3,random,5027,0.6918844566712518,0.6261872207106237,0.6760256041385753,0.4948453608247423,0.3037974683544304,0.3764705882352941,0.6357498724686653,0.6972707870494071,0.0
R,2027,V,0.3,random,5028,0.6918844566712518,0.6261872207106237,0.6760256041385753,0.4948453608247423,0.3037974683544304,0.3764705882352941,0.6355943452163867,0.6978193026706409,0.0
R,2027,V,0.4,random,5026,0.6932599724896836,0.6288474704165666,0.6778705303984377,0.5,0.310126582278481,0.3828125,0.6345396481167418,0.697208187204665,0.0
R,2027,V,0.4,random,5027,0.6946354883081155,0.63128889239869,0.6797518266377377,0.5050505050505051,0.3164556962025316,0.3891050583657587,0.6347053172335828,0.6969711572129621,0.0
R,2027,V,0.4,random,5028,0.6918844566712518,0.6261872207106237,0.6760256041385753,0.4948453608247423,0.3037974683544304,0.3764705882352941,0.6350115681091985,0.6973274985332095,0.0
R,2027,V,0.5,random,5026,0.6932599724896836,0.6302491507917866,0.6786218473800446,0.5,0.3164556962025316,0.3875968992248062,0.633640664730841,0.6966563650140176,0.0
R,2027,V,0.5,random,5027,0.6932599724896836,0.6288474704165666,0.6778705303984377,0.5,0.310126582278481,0.3828125,0.6348423579454094,0.696553152295121,0.0
R,2027,V,0.5,random,5028,0.6932599724896836,0.6302491507917866,0.6786218473800446,0.5,0.3164556962025316,0.3875968992248062,0.6342579155207254,0.6967338609511964,0.0
R,2027,TA,0.3,start,5026,0.6822558459422283,0.6166195807689238,0.6661245205411963,0.5393258426966292,0.3037974683544304,0.388663967611336,0.6544759243997568,0.6667916569346319,0.0
R,2027,TA,0.3,middle,5026,0.6451169188445667,0.5863696777019988,0.6337179214877148,0.4298245614035088,0.310126582278481,0.3602941176470588,0.683412718676297,0.6167581063030754,0.0
R,2027,TA,0.3,end,5026,0.657496561210454,0.5847507270413451,0.6384266406743286,0.4712643678160919,0.2594936708860759,0.3346938775510204,0.6837125664715986,0.6119345214236348,0.0
R,2027,TA,0.3,random,5026,0.6671251719394773,0.6006926754316391,0.651389247360187,0.4848484848484848,0.3037974683544304,0.3735408560311284,0.6773402993743118,0.6270160706496418,0.0
R,2027,TA,0.3,random,5027,0.6437414030261348,0.5740930107656155,0.6282638174225046,0.4019607843137255,0.2594936708860759,0.3153846153846154,0.6816388681099134,0.6270425180003205,0.0
R,2027,TA,0.3,random,5028,0.6382393397524071,0.5610130777102977,0.617718245872327,0.4302325581395348,0.2341772151898734,0.3032786885245901,0.70389705399843,0.6131343385593072,0.0
R,2027,TV,0.3,start,5026,0.686382393397524,0.6226661752417336,0.6712002591902164,0.5494505494505495,0.3164556962025316,0.4016064257028112,0.6532371787977685,0.6663826100002265,0.0
R,2027,TV,0.3,middle,5026,0.6478679504814305,0.5900347614526112,0.6364072467509296,0.4424778761061947,0.3164556962025316,0.3690036900369003,0.6827442380430043,0.6164934880893039,0.0
R,2027,TV,0.3,end,5026,0.657496561210454,0.5816663238952589,0.6365946624283045,0.4698795180722891,0.2468354430379747,0.3236514522821577,0.6863721892727443,0.6100060053646555,0.0
R,2027,TV,0.3,random,5026,0.6657496561210454,0.5981755194404045,0.6488759306124775,0.4947368421052631,0.2974683544303797,0.3715415019762846,0.6776261013305348,0.6244068975040006,0.0
R,2027,TV,0.3,random,5027,0.6451169188445667,0.5737577764884119,0.6282464986597999,0.4081632653061224,0.2531645569620253,0.3125,0.6840269104340188,0.6234702365739184,0.0
R,2027,TV,0.3,random,5028,0.6382393397524071,0.5576634530192185,0.6159987825076084,0.4216867469879518,0.2215189873417721,0.2904564315352697,0.7026212741207805,0.6131953485903491,0.0
R,2027,AV,0.3,start,5026,0.6905089408528198,0.6236573883632707,0.6739774694020324,0.4947368421052631,0.2974683544303797,0.3715415019762846,0.6356810749565343,0.6971361231839,0.0
R,2027,AV,0.3,middle,5026,0.6905089408528198,0.6251066466623231,0.6747592588324767,0.4948453608247423,0.3037974683544304,0.3764705882352941,0.6366453563894952,0.6958447078471888,0.0
R,2027,AV,0.3,end,5026,0.6918844566712518,0.6261374693341999,0.6758832082367874,0.5,0.3037974683544304,0.3779527559055118,0.6339336391134641,0.6971504353280249,0.0
R,2027,AV,0.3,random,5026,0.6918844566712518,0.6261374693341999,0.6758832082367874,0.5,0.3037974683544304,0.3779527559055118,0.6355097766041782,0.6964876147501288,0.0
R,2027,AV,0.3,random,5027,0.6918844566712518,0.6275642646659804,0.6766509000318877,0.5,0.310126582278481,0.3828125,0.6350702253215684,0.6967248612701191,0.0
R,2027,AV,0.3,random,5028,0.6918844566712518,0.6275642646659804,0.6766509000318877,0.5,0.310126582278481,0.3828125,0.6359012296065694,0.6963219873032156,0.0
R,2027,TAV,0.3,start,5026,0.6822558459422283,0.6192738270920025,0.6679144403258035,0.5263157894736842,0.3164556962025316,0.3952569169960474,0.6556481451860678,0.6648122216029232,0.0
R,2027,TAV,0.3,middle,5026,0.6451169188445667,0.5890010201414709,0.6350471285598478,0.4322033898305085,0.3227848101265823,0.3695652173913043,0.6851354677879076,0.6139848853479113,0.0
R,2027,TAV,0.3,end,5026,0.657496561210454,0.5862942392912885,0.639154343522083,0.4772727272727273,0.2658227848101265,0.3414634146341463,0.6854044137140826,0.610289214048261,0.0
R,2027,TAV,0.3,random,5026,0.6657496561210454,0.6012483419781232,0.6508618736471784,0.4851485148514851,0.310126582278481,0.3783783783783784,0.6771503547984653,0.6253354448177875,0.0
R,2027,TAV,0.3,random,5027,0.6464924346629987,0.577630190720574,0.6314105556643871,0.4077669902912621,0.2658227848101265,0.3218390804597701,0.6823269216618231,0.6253405359635441,0.0
R,2027,TAV,0.3,random,5028,0.6354883081155434,0.5589444239521737,0.6156322556752762,0.4204545454545454,0.2341772151898734,0.3008130081300813,0.7043917444069905,0.6111867659420305,0.0
R,2028,none,0.0,none,0,0.687757909215956,0.6031365734701094,0.6612581987218243,0.4666666666666667,0.2215189873417721,0.3004291845493562,0.6269074636024916,0.700891121984072,0.0
R,2028,T,0.1,random,5026,0.687757909215956,0.5969499151367551,0.6584947964240844,0.4714285714285714,0.2088607594936709,0.2894736842105263,0.6372147211695888,0.6922758967890089,0.0
R,2028,T,0.1,random,5027,0.6836313617606602,0.6002811262157745,0.6582283596165494,0.4868421052631579,0.2341772151898734,0.3162393162393162,0.641213979263283,0.6737760728756201,0.0
R,2028,T,0.1,random,5028,0.6808803301237965,0.6099264547390566,0.6610820639048973,0.5057471264367817,0.2784810126582278,0.3591836734693877,0.640232763440805,0.6834072268543843,0.0
R,2028,T,0.2,random,5026,0.6822558459422283,0.5890076014727363,0.6517042655331803,0.4925373134328358,0.2088607594936709,0.2933333333333333,0.6613380327148763,0.6542498484485191,0.0
R,2028,T,0.2,random,5027,0.6671251719394773,0.5792780996886989,0.6407166951154069,0.4230769230769231,0.2088607594936709,0.2796610169491525,0.6601695491262134,0.6581623570930587,0.0
R,2028,T,0.2,random,5028,0.6698762035763411,0.5917659691696189,0.6458967574293281,0.52,0.2468354430379747,0.334763948497854,0.6685388434544458,0.6552209827563987,0.0
R,2028,T,0.3,start,5026,0.6657496561210454,0.5729640311258638,0.6362137948435784,0.4166666666666667,0.189873417721519,0.2608695652173913,0.6660742640412894,0.6634175641878445,0.0
R,2028,T,0.3,middle,5026,0.656121045392022,0.5779821293558752,0.635270703535469,0.4175824175824176,0.240506329113924,0.3052208835341365,0.6683892778100753,0.6413840632863509,0.0
R,2028,T,0.3,end,5026,0.6451169188445667,0.5536413090292273,0.6145881180883626,0.4477611940298507,0.189873417721519,0.2666666666666666,0.6938988367607917,0.6090874900474057,0.0
R,2028,T,0.3,random,5026,0.6822558459422283,0.6001569994997998,0.6570088822530705,0.5333333333333333,0.2531645569620253,0.3433476394849785,0.6658002330842282,0.6395671095739573,0.0
R,2028,T,0.3,random,5027,0.6588720770288858,0.5715941167003683,0.6304708542012237,0.4782608695652174,0.2088607594936709,0.2907488986784141,0.6787736724736746,0.6371302025968957,0.0
R,2028,T,0.3,random,5028,0.6547455295735901,0.563232328970535,0.624064003988406,0.4615384615384615,0.189873417721519,0.2690582959641255,0.6896734601542925,0.6358055416531596,0.0
R,2028,T,0.4,random,5026,0.6506189821182944,0.5666680316680317,0.6256554090666883,0.4512195121951219,0.2341772151898734,0.3083333333333333,0.7032243576679782,0.5943785796854545,0.0
R,2028,T,0.4,random,5027,0.6313617606602476,0.5435309965757508,0.6040885239079609,0.3896103896103896,0.189873417721519,0.2553191489361702,0.7153072046152074,0.5865875554855086,0.0
R,2028,T,0.4,random,5028,0.6368638239339752,0.5472305579458765,0.6071341575908603,0.4347826086956521,0.189873417721519,0.2643171806167401,0.7123694214733088,0.5976747369210368,0.0
R,2028,T,0.5,random,5026,0.6162310866574966,0.5279270498032669,0.5883400784503487,0.4102564102564102,0.2025316455696202,0.2711864406779661,0.7358819967195787,0.5490024433724157,0.0
R,2028,T,0.5,random,5027,0.6327372764786795,0.5478869031310261,0.6063064040171526,0.430379746835443,0.2151898734177215,0.2869198312236287,0.7279681331488098,0.5611330809491042,0.0
R,2028,T,0.5,random,5028,0.6299862448418156,0.5396093639204836,0.6008019426553918,0.3947368421052631,0.189873417721519,0.2564102564102564,0.724524053631557,0.5808856746649748,0.0
R,2028,A,0.1,random,5026,0.687757909215956,0.6031365734701094,0.6612581987218243,0.4666666666666667,0.2215189873417721,0.3004291845493562,0.6266561686676436,0.7007529045027554,0.0
R,2028,A,0.1,random,5027,0.686382393397524,0.6021879335428054,0.6602013756975815,0.4605263157894737,0.2215189873417721,0.2991452991452991,0.6279496331532866,0.6999738252233141,0.0
R,2028,A,0.1,random,5028,0.686382393397524,0.6020636761131231,0.6600087013528338,0.4666666666666667,0.2215189873417721,0.3004291845493562,0.6273329316691678,0.7003618564312373,0.0
R,2028,A,0.2,random,5026,0.687757909215956,0.6030160053663008,0.6610679297972475,0.4729729729729729,0.2215189873417721,0.3017241379310345,0.6268649898098689,0.7003178866613523,0.0
R,2028,A,0.2,random,5027,0.686382393397524,0.6020636761131231,0.6600087013528338,0.4666666666666667,0.2215189873417721,0.3004291845493562,0.6283507979717825,0.6997810651393593,0.0
R,2028,A,0.2,random,5028,0.686382393397524,0.6020636761131231,0.6600087013528338,0.4666666666666667,0.2215189873417721,0.3004291845493562,0.627475401299838,0.7001062061637822,0.0
R,2028,A,0.3,start,5026,0.6850068775790922,0.6006693306574599,0.6589041922150511,0.4605263157894737,0.2215189873417721,0.2991452991452991,0.6279472608399264,0.6994994599771853,0.0
R,2028,A,0.3,middle,5026,0.6850068775790922,0.6006693306574599,0.6589041922150511,0.4605263157894737,0.2215189873417721,0.2991452991452991,0.6282048959165347,0.6989589998919178,0.0
R,2028,A,0.3,end,5026,0.686382393397524,0.6020636761131231,0.6600087013528338,0.4666666666666667,0.2215189873417721,0.3004291845493562,0.6281931920965608,0.6998100126253896,0.0
R,2028,A,0.3,random,5026,0.6850068775790922,0.6006693306574599,0.6589041922150511,0.4605263157894737,0.2215189873417721,0.2991452991452991,0.6278266294067125,0.6990206131840917,0.0
R,2028,A,0.3,random,5027,0.686382393397524,0.6020636761131231,0.6600087013528338,0.4666666666666667,0.2215189873417721,0.3004291845493562,0.6287233612210078,0.6994788409978654,0.0
R,2028,A,0.3,random,5028,0.6850068775790922,0.6006693306574599,0.6589041922150511,0.4605263157894737,0.2215189873417721,0.2991452991452991,0.6276948079543683,0.6994534167859293,0.0
R,2028,A,0.4,random,5026,0.6850068775790922,0.6006693306574599,0.6589041922150511,0.4605263157894737,0.2215189873417721,0.2991452991452991,0.6283671295534965,0.69863202443079,0.0
R,2028,A,0.4,random,5027,0.6850068775790922,0.6006693306574599,0.6589041922150511,0.4605263157894737,0.2215189873417721,0.2991452991452991,0.6289725911264431,0.6989389525340389,0.0
R,2028,A,0.4,random,5028,0.6850068775790922,0.6006693306574599,0.6589041922150511,0.4605263157894737,0.2215189873417721,0.2991452991452991,0.6283344104748447,0.6990043123799201,0.0
R,2028,A,0.5,random,5026,0.6836313617606602,0.5993847151008347,0.6576856287357252,0.4605263157894737,0.2215189873417721,0.2991452991452991,0.6287759124151491,0.6981526659420028,0.0
R,2028,A,0.5,random,5027,0.686382393397524,0.6034145781734596,0.660974140177145,0.4675324675324675,0.2278481012658227,0.3063829787234042,0.6284966405991703,0.6988854459438445,0.0
R,2028,A,0.5,random,5028,0.6850068775790922,0.6004532504532505,0.6589324094826159,0.4605263157894737,0.2215189873417721,0.2991452991452991,0.628136294680316,0.6987356396228893,0.0
R,2028,V,0.1,random,5026,0.686382393397524,0.6021879335428054,0.6602013756975815,0.4605263157894737,0.2215189873417721,0.2991452991452991,0.6270504428574863,0.7000264048275767,0.0
R,2028,V,0.1,random,5027,0.687757909215956,0.6051552341822086,0.6622482084317525,0.4675324675324675,0.2278481012658227,0.3063829787234042,0.6272234773959154,0.699594443150033,0.0
R,2028,V,0.1,random,5028,0.687757909215956,0.6051552341822086,0.6622482084317525,0.4675324675324675,0.2278481012658227,0.3063829787234042,0.6269992369411792,0.6998920793282065,0.0
R,2028,V,0.2,random,5026,0.686382393397524,0.6038814610122846,0.6613344214572776,0.4556962025316455,0.2278481012658227,0.3037974683544304,0.6265833453221669,0.6996921808987494,0.0
R,2028,V,0.2,random,5027,0.686382393397524,0.6037886620185594,0.6615539787101425,0.45,0.2278481012658227,0.3025210084033613,0.6263233629795977,0.699534723180007,0.0
R,2028,V,0.2,random,5028,0.687757909215956,0.6064896780018432,0.6635958069849894,0.4567901234567901,0.2341772151898734,0.309623430962343,0.6258453139132342,0.6999595863161414,0.0
R,2028,V,0.3,start,5026,0.6891334250343879,0.6091718224674995,0.6656260529354994,0.4634146341463415,0.240506329113924,0.3166666666666666,0.6239877234858913,0.7004993379121246,0.0
R,2028,V,0.3,middle,5026,0.6932599724896836,0.6171074956227258,0.6716489344674614,0.4823529411764706,0.2594936708860759,0.3374485596707819,0.6239857624561839,0.6993935217101499,0.0
R,2028,V,0.3,end,5026,0.6905089408528198,0.6118353443146926,0.6676448816294355,0.4698795180722891,0.2468354430379747,0.3236514522821577,0.6246407268296219,0.6996063343716733,0.0
R,2028,V,0.3,random,5026,0.6918844566712518,0.6144804884003356,0.669652455513401,0.4761904761904761,0.2531645569620253,0.3305785123966942,0.6242533524103283,0.6997570515819507,0.0
R,2028,V,0.3,random,5027,0.6932599724896836,0.6171074956227258,0.6716489344674614,0.4823529411764706,0.2594936708860759,0.3374485596707819,0.6237220883201838,0.6991631266485973,0.0
R,2028,V,0.3,random,5028,0.6918844566712518,0.6144804884003356,0.669652455513401,0.4761904761904761,0.2531645569620253,0.3305785123966942,0.6243496868289459,0.6993399502472418,0.0
R,2028,V,0.4,random,5026,0.6960110041265475,0.6223913012204129,0.6757765269973184,0.4886363636363636,0.2721518987341772,0.3495934959349593,0.6229596725749046,0.699912373840552,0.0
R,2028,V,0.4,random,5027,0.6932599724896836,0.6204022868278006,0.673596428037874,0.4777777777777778,0.2721518987341772,0.3467741935483871,0.6235480953521847,0.6989046706709982,0.0
R,2028,V,0.4,random,5028,0.6946354883081155,0.6213955712248972,0.6746862523269331,0.4831460674157303,0.2721518987341772,0.3481781376518219,0.6231390275141301,0.6992320210589948,0.0
R,2028,V,0.5,random,5026,0.6987620357634112,0.6290236312272993,0.6805190078201662,0.5,0.2911392405063291,0.368,0.6220200701707659,0.6993637836960123,0.0
R,2028,V,0.5,random,5027,0.6946354883081155,0.6244847954923601,0.6763861522951184,0.4838709677419355,0.2848101265822785,0.3585657370517928,0.6228504378231478,0.6983951866769664,0.0
R,2028,V,0.5,random,5028,0.6960110041265475,0.6254900378159425,0.6774853318301615,0.4891304347826087,0.2848101265822785,0.36,0.6226102311701965,0.6985869559852633,0.0
R,2028,TA,0.3,start,5026,0.6740027510316369,0.5883345342718352,0.6481861049484156,0.4605263157894737,0.2215189873417721,0.2991452991452991,0.6630265369765694,0.6634680859291533,0.0
R,2028,TA,0.3,middle,5026,0.6478679504814305,0.5737304803747816,0.6290801857582898,0.40625,0.2468354430379747,0.3070866141732283,0.6821882375295121,0.6176299215044362,0.0
R,2028,TA,0.3,end,5026,0.6437414030261348,0.5557607430236762,0.615205180557045,0.4366197183098591,0.1962025316455696,0.2707423580786026,0.688938144765409,0.6149991759625075,0.0
R,2028,TA,0.3,random,5026,0.6616231086657497,0.5744531606600572,0.6344962411461487,0.4605263157894737,0.2215189873417721,0.2991452991452991,0.6826749838103362,0.6238632628902957,0.0
R,2028,TA,0.3,random,5027,0.6506189821182944,0.5675049431269983,0.6264408284046381,0.4146341463414634,0.2151898734177215,0.2833333333333333,0.684992062708042,0.6284889217117416,0.0
R,2028,TA,0.3,random,5028,0.640990371389271,0.5467703512055717,0.6089299142157374,0.4590163934426229,0.1772151898734177,0.2557077625570776,0.7014852810588083,0.6192892120554384,0.0
R,2028,TV,0.3,start,5026,0.6753782668500687,0.5910768806429353,0.6502517191507281,0.4675324675324675,0.2278481012658227,0.3063829787234042,0.6608248434844267,0.6631535020290876,0.0
R,2028,TV,0.3,middle,5026,0.6492434662998624,0.5809943069700915,0.6336515157842053,0.4134615384615384,0.2721518987341772,0.3282442748091603,0.6801027328479147,0.6165128156444734,0.0
R,2028,TV,0.3,end,5026,0.6492434662998624,0.5655351755700929,0.6231971552528494,0.4473684210526316,0.2151898734177215,0.2905982905982906,0.688011685991244,0.6139534468270371,0.0
R,2028,TV,0.3,random,5026,0.6629986244841816,0.5783251124332364,0.6377039387528274,0.4567901234567901,0.2341772151898734,0.309623430962343,0.680698223569606,0.6237263674808323,0.0
R,2028,TV,0.3,random,5027,0.6547455295735901,0.5733637199632161,0.6311936200616433,0.4390243902439024,0.2278481012658227,0.3,0.6818853233411617,0.6274924971178819,0.0
R,2028,TV,0.3,random,5028,0.6423658872077029,0.5549451676650349,0.614469071010563,0.463768115942029,0.2025316455696202,0.2819383259911894,0.6993773394178031,0.6175616842694169,0.0
R,2028,AV,0.3,start,5026,0.6891334250343879,0.6091718224674995,0.6656260529354994,0.4634146341463415,0.240506329113924,0.3166666666666666,0.6245844316005434,0.6999939651984498,0.0
R,2028,AV,0.3,middle,5026,0.6946354883081155,0.6197166030031261,0.6736344758584285,0.4883720930232558,0.2658227848101265,0.3442622950819672,0.6243449793500928,0.6984574114381324,0.0
R,2028,AV,0.3,end,5026,0.6905089408528198,0.6134009278176722,0.6683956383319621,0.4761904761904761,0.2531645569620253,0.3305785123966942,0.625731090473488,0.6989592634539326,0.0
R,2028,AV,0.3,random,5026,0.6932599724896836,0.6169843625659678,0.6718530701263609,0.4767441860465116,0.2594936708860759,0.3360655737704918,0.6240266143117597,0.6993470190605136,0.0
R,2028,AV,0.3,random,5027,0.6932599724896836,0.6187245146227782,0.6725467771965389,0.4827586206896552,0.2658227848101265,0.3428571428571428,0.6251244068150876,0.698065471322415,0.0
R,2028,AV,0.3,random,5028,0.6960110041265475,0.6225282022280533,0.6755806320863461,0.4942528735632184,0.2721518987341772,0.3510204081632653,0.623493035719762,0.698981118991755,0.0
R,2028,TAV,0.3,start,5026,0.6740027510316369,0.5901255061546359,0.6491948372108218,0.4615384615384615,0.2278481012658227,0.3050847457627119,0.6612621027504848,0.6624089166317938,0.0
R,2028,TAV,0.3,middle,5026,0.6519944979367263,0.584826759509521,0.6369078134705022,0.419047619047619,0.2784810126582278,0.3346007604562737,0.679791986145169,0.6158401577130497,0.0
R,2028,TAV,0.3,end,5026,0.6464924346629987,0.5650140053441266,0.6221340627961307,0.4320987654320987,0.2215189873417721,0.2928870292887029,0.688255357775094,0.6139945280673377,0.0
R,2028,TAV,0.3,random,5026,0.6657496561210454,0.5854403622180401,0.642452665924339,0.4761904761904761,0.2531645569620253,0.3305785123966942,0.6784353985687085,0.6222951864766293,0.0
R,2028,TAV,0.3,random,5027,0.6519944979367263,0.5731107145012632,0.6302430141987915,0.425287356321839,0.2341772151898734,0.3020408163265306,0.6833793905658241,0.6253838801730894,0.0
R,2028,TAV,0.3,random,5028,0.6437414030261348,0.5600567222375733,0.6179277607775662,0.4657534246575342,0.2151898734177215,0.2943722943722944,0.6984358516926994,0.6170442214708547,0.0
R,2029,none,0.0,none,0,0.6973865199449794,0.6355671333462856,0.6836745254393972,0.52,0.3291139240506329,0.4031007751937984,0.5852074601147005,0.7114634390352683,0.0
R,2029,T,0.1,random,5026,0.6973865199449794,0.632102276063968,0.6808296462821523,0.5384615384615384,0.310126582278481,0.393574297188755,0.5971703380634324,0.7002458439198471,0.0
R,2029,T,0.1,random,5027,0.6973865199449794,0.6360629724585034,0.6831159281125037,0.5306122448979592,0.3291139240506329,0.40625,0.6023808621677291,0.6821412740858925,0.0
R,2029,T,0.1,random,5028,0.6781292984869326,0.6160814180843492,0.6637474119985851,0.5263157894736842,0.3164556962025316,0.3952569169960474,0.6064887664236974,0.6920657174908346,0.0
R,2029,T,0.2,random,5026,0.6946354883081155,0.6314462807192346,0.6790224069598934,0.5714285714285714,0.3291139240506329,0.4176706827309236,0.6313957949069594,0.6614475671033435,0.0
R,2029,T,0.2,random,5027,0.6698762035763411,0.6024888938866264,0.6530236667783332,0.4838709677419355,0.2848101265822785,0.3585657370517928,0.6259295466468083,0.6603349798351836,0.0
R,2029,T,0.2,random,5028,0.6643741403026134,0.6020373197451301,0.6493220737806255,0.5106382978723404,0.3037974683544304,0.3809523809523809,0.6364409150330917,0.6584085687788708,0.0
R,2029,T,0.3,start,5026,0.6781292984869326,0.603348679520061,0.6571535447053456,0.5061728395061729,0.2594936708860759,0.3430962343096234,0.6342606534505755,0.6749750554697083,0.0
R,2029,T,0.3,middle,5026,0.6478679504814305,0.5790334302325582,0.6318690820831068,0.4387755102040816,0.2721518987341772,0.3359375,0.6507942284744038,0.6469031853404081,0.0
R,2029,T,0.3,end,5026,0.6519944979367263,0.5729443271827693,0.6275827056943408,0.5,0.2215189873417721,0.3070175438596491,0.6699362396806077,0.6159884216554712,0.0
R,2029,T,0.3,random,5026,0.6781292984869326,0.6037451861009334,0.6569340161265358,0.5443037974683544,0.2721518987341772,0.3628691983122363,0.6431911852484812,0.6480431058668207,0.0
R,2029,T,0.3,random,5027,0.6616231086657497,0.595032548263627,0.6440685938645146,0.5113636363636364,0.2848101265822785,0.3658536585365853,0.6529845640839509,0.6343877723894443,0.0
R,2029,T,0.3,random,5028,0.6506189821182944,0.579781096583737,0.631605017694287,0.4767441860465116,0.2594936708860759,0.3360655737704918,0.6658740590740593,0.6368208888817024,0.0
R,2029,T,0.4,random,5026,0.6451169188445667,0.5722206355323736,0.6250396787782552,0.4651162790697674,0.2531645569620253,0.3278688524590163,0.6846822322380439,0.5964241477408783,0.0
R,2029,T,0.4,random,5027,0.6313617606602476,0.5564925970388156,0.6110922223084557,0.425287356321839,0.2341772151898734,0.3020408163265306,0.6909378701272588,0.5839686911555524,0.0
R,2029,T,0.4,random,5028,0.656121045392022,0.5885481992117062,0.6368486062736928,0.5365853658536586,0.2784810126582278,0.3666666666666666,0.6846941039705879,0.6038204224838847,0.0
R,2029,T,0.5,random,5026,0.6079779917469051,0.5179497712327127,0.5797640372515581,0.3866666666666666,0.1835443037974683,0.2489270386266094,0.7174881849346695,0.55180879853917,0.0
R,2029,T,0.5,random,5027,0.6258596973865199,0.5472599451902802,0.6015599001164553,0.4594594594594595,0.2151898734177215,0.293103448275862,0.710618294516961,0.5564399633323104,0.0
R,2029,T,0.5,random,5028,0.6341127922971114,0.5557791374036154,0.6103415007616143,0.4487179487179487,0.2215189873417721,0.2966101694915254,0.7070428847288206,0.5819325196810681,0.0
R,2029,A,0.1,random,5026,0.6973865199449794,0.6369081903245403,0.6843894019850488,0.5196078431372549,0.3354430379746835,0.4076923076923077,0.585247217259539,0.7111001818910755,0.0
R,2029,A,0.1,random,5027,0.6960110041265475,0.6345081090442323,0.682529270738499,0.5148514851485149,0.3291139240506329,0.4015444015444015,0.5860002897845923,0.7106598808997711,0.0
R,2029,A,0.1,random,5028,0.6973865199449794,0.6369081903245403,0.6843894019850488,0.5196078431372549,0.3354430379746835,0.4076923076923077,0.5853645755003367,0.7107317035799326,0.0
R,2029,A,0.2,random,5026,0.6960110041265475,0.6358455751022634,0.6832403729963203,0.5145631067961165,0.3354430379746835,0.4061302681992337,0.58575797926833,0.710837244071422,0.0
R,2029,A,0.2,random,5027,0.6960110041265475,0.6371587644318809,0.6839347818088891,0.5142857142857142,0.3417721518987341,0.4106463878326996,0.5861405655292905,0.7104941014160845,0.0
R,2029,A,0.2,random,5028,0.6973865199449794,0.6382248635232908,0.6850875241441116,0.5192307692307693,0.3417721518987341,0.4122137404580153,0.5861432217359049,0.7103189390119377,0.0
R,2029,A,0.3,start,5026,0.7001375515818432,0.6414852077250501,0.6881565267032829,0.5288461538461539,0.3481012658227848,0.4198473282442748,0.5846783255074046,0.710937309166809,0.0
R,2029,A,0.3,middle,5026,0.6973865199449794,0.6367272584430762,0.6844598159362644,0.5196078431372549,0.3354430379746835,0.4076923076923077,0.5860298065022445,0.7098061105235584,0.0
R,2029,A,0.3,end,5026,0.6960110041265475,0.6371587644318809,0.6839347818088891,0.5142857142857142,0.3417721518987341,0.4106463878326996,0.5876349054815846,0.7091032339460969,0.0
R,2029,A,0.3,random,5026,0.6973865199449794,0.6382248635232908,0.6850875241441116,0.5192307692307693,0.3417721518987341,0.4122137404580153,0.5856126658685391,0.7106742701812826,0.0
R,2029,A,0.3,random,5027,0.6946354883081155,0.6346040345055366,0.6821614093723368,0.5096153846153846,0.3354430379746835,0.4045801526717557,0.5866955176899828,0.7101222431595274,0.0
R,2029,A,0.3,random,5028,0.6946354883081155,0.6346040345055366,0.6821614093723368,0.5096153846153846,0.3354430379746835,0.4045801526717557,0.5870951332136634,0.7093917694981186,0.0
R,2029,A,0.4,random,5026,0.6973865199449794,0.6380446211152934,0.6851589680378098,0.5192307692307693,0.3417721518987341,0.4122137404580153,0.5860580096454615,0.7099862141329826,0.0
R,2029,A,0.4,random,5027,0.6960110041265475,0.6382683850409769,0.684684917685277,0.514018691588785,0.3481012658227848,0.4150943396226415,0.5868702963954198,0.7095146275747406,0.0
R,2029,A,0.4,random,5028,0.6960110041265475,0.6371587644318809,0.6839347818088891,0.5142857142857142,0.3417721518987341,0.4106463878326996,0.5871282983109695,0.708849060659565,0.0
R,2029,A,0.5,random,5026,0.7001375515818432,0.6427618503090201,0.6888303014798564,0.5283018867924528,0.3544303797468354,0.4242424242424242,0.5862382015666443,0.7091843287532671,0.0
R,2029,A,0.5,random,5027,0.6973865199449794,0.6406082774503827,0.6865083449170902,0.5185185185185185,0.3544303797468354,0.4210526315789473,0.5870027449221673,0.7090012345594621,0.0
R,2029,A,0.5,random,5028,0.6987620357634112,0.6418623909823099,0.6875952132079378,0.5233644859813084,0.3544303797468354,0.4226415094339623,0.5870253528253957,0.7083537365407776,0.0
R,2029,V,0.1,random,5026,0.6987620357634112,0.6379694936466482,0.6854286532291639,0.53,0.3354430379746835,0.4108527131782946,0.5845119527744369,0.7116746443504933,0.0
R,2029,V,0.1,random,5027,0.6987620357634112,0.6379733772153827,0.6855388878754728,0.5247524752475248,0.3354430379746835,0.4092664092664093,0.5845985007673787,0.7112702886165544,0.0
R,2029,V,0.1,random,5028,0.6987620357634112,0.6379733772153827,0.6855388878754728,0.5247524752475248,0.3354430379746835,0.4092664092664093,0.584370686417337,0.7115365859598062,0.0
R,2029,V,0.2,random,5026,0.7001375515818432,0.6416677993164918,0.6879778993798782,0.5339805825242718,0.3481012658227848,0.421455938697318,0.5841279328134709,0.7114761730427654,0.0
R,2029,V,0.2,random,5027,0.7028885832187071,0.6451169323189688,0.6909800177428569,0.5436893203883495,0.3544303797468354,0.4291187739463601,0.5834895260894234,0.711275492098941,0.0
R,2029,V,0.2,random,5028,0.7015130674002751,0.6440297369871366,0.6898155457820022,0.5384615384615384,0.3544303797468354,0.4274809160305343,0.5837079411784412,0.7114790271386937,0.0
R,2029,V,0.3,start,5026,0.7028885832187071,0.6463627075309263,0.6917428096390474,0.5377358490566038,0.360759493670886,0.4318181818181818,0.5826728936711161,0.7121773186851653,0.0
R,2029,V,0.3,middle,5026,0.7015130674002751,0.6452871028342727,0.6904767522322218,0.5377358490566038,0.360759493670886,0.4318181818181818,0.5845046968520973,0.7105174866904767,0.0
R,2029,V,0.3,end,5026,0.7028885832187071,0.6463773540673786,0.6916446565193665,0.5428571428571428,0.360759493670886,0.4334600760456273,0.5834932164573566,0.7112590871068679,0.0
R,2029,V,0.3,random,5026,0.7028885832187071,0.6463773540673786,0.6916446565193665,0.5428571428571428,0.360759493670886,0.4334600760456273,0.5835537540247367,0.7114655128725585,0.0
R,2029,V,0.3,random,5027,0.7028885832187071,0.6463773540673786,0.6916446565193665,0.5428571428571428,0.360759493670886,0.4334600760456273,0.5832279361143514,0.7109802325581965,0.0
R,2029,V,0.3,random,5028,0.7015130674002751,0.6440297369871366,0.6898155457820022,0.5384615384615384,0.3544303797468354,0.4274809160305343,0.5839803412327248,0.711087860685327,0.0
R,2029,V,0.4,random,5026,0.7015130674002751,0.6452871028342727,0.6904767522322218,0.5377358490566038,0.360759493670886,0.4318181818181818,0.5846124547936802,0.710591004671419,0.0
R,2029,V,0.4,random,5027,0.7028885832187071,0.6463773540673786,0.6916446565193665,0.5428571428571428,0.360759493670886,0.4334600760456273,0.5832495800439607,0.7110550830930709,0.0
R,2029,V,0.4,random,5028,0.7028885832187071,0.6451169323189688,0.6909800177428569,0.5436893203883495,0.3544303797468354,0.4291187739463601,0.5837083255401788,0.7113798606055841,0.0
R,2029,V,0.5,random,5026,0.7001375515818432,0.6440242486466801,0.6893867090108581,0.5327102803738317,0.360759493670886,0.430188679245283,0.5850909848119625,0.710483546569653,0.0
R,2029,V,0.5,random,5027,0.7001375515818432,0.6441995166920688,0.6893093519219577,0.5327102803738317,0.360759493670886,0.430188679245283,0.5840058594687491,0.7105743862438542,0.0
R,2029,V,0.5,random,5028,0.7015130674002751,0.6451120903998645,0.6905544911554067,0.5377358490566038,0.360759493670886,0.4318181818181818,0.5839128255192715,0.7110731585396981,0.0
R,2029,TA,0.3,start,5026,0.6808803301237965,0.6104064841026814,0.6618754247658495,0.5301204819277109,0.2784810126582278,0.3651452282157676,0.6334959199979698,0.6746037278791129,0.0
R,2029,TA,0.3,middle,5026,0.6423658872077029,0.5780139250727486,0.6281497215553369,0.4411764705882353,0.2848101265822785,0.3461538461538461,0.6683764579148544,0.6145569128413656,0.0
R,2029,TA,0.3,end,5026,0.6643741403026134,0.5903703251745333,0.6422992718550148,0.527027027027027,0.2468354430379747,0.3362068965517241,0.6662797163377684,0.6165391400065077,0.0
R,2029,TA,0.3,random,5026,0.6753782668500687,0.6099519647216316,0.6584895971945067,0.5274725274725275,0.3037974683544304,0.3855421686746988,0.6535200735686909,0.6356514883099473,0.0
R,2029,TA,0.3,random,5027,0.6643741403026134,0.5960423905562174,0.6463374586337233,0.4831460674157303,0.2721518987341772,0.3481781376518219,0.655913471406638,0.6332834053562928,0.0
R,2029,TA,0.3,random,5028,0.6396148555708391,0.5701931492458985,0.6224942780130249,0.4615384615384615,0.2658227848101265,0.3373493975903614,0.6764595026500189,0.6240914093078076,0.0
R,2029,TV,0.3,start,5026,0.6836313617606602,0.614047626470259,0.6649859262144023,0.5421686746987951,0.2848101265822785,0.3734439834024896,0.6304158084866461,0.6766706267021086,0.0
R,2029,TV,0.3,middle,5026,0.6423658872077029,0.5786360133829355,0.6280336273558424,0.4455445544554455,0.2848101265822785,0.3474903474903475,0.6679528942383887,0.6170891215343747,0.0
R,2029,TV,0.3,end,5026,0.6616231086657497,0.5878817499880039,0.6399238763003207,0.52,0.2468354430379747,0.334763948497854,0.6656907449735617,0.6180809282570928,0.0
R,2029,TV,0.3,random,5026,0.6767537826685007,0.6115966386554622,0.6591801397312708,0.5517241379310345,0.3037974683544304,0.3918367346938775,0.6529979535299626,0.6351765742635157,0.0
R,2029,TV,0.3,random,5027,0.6629986244841816,0.5931524728320895,0.6446244051725895,0.4719101123595505,0.2658227848101265,0.340080971659919,0.6555006290616661,0.6352435642235524,0.0
R,2029,TV,0.3,random,5028,0.6451169188445667,0.5779916667750807,0.6290877063793429,0.4731182795698925,0.2784810126582278,0.350597609561753,0.6714743163110846,0.6268894360955376,0.0
R,2029,AV,0.3,start,5026,0.7028885832187071,0.6463627075309263,0.6917428096390474,0.5377358490566038,0.360759493670886,0.4318181818181818,0.5828834167595385,0.7119305108273475,0.0
R,2029,AV,0.3,middle,5026,0.7001375515818432,0.6441930846734802,0.689412860862089,0.5277777777777778,0.360759493670886,0.4285714285714285,0.5862762411499187,0.7086329750843047,0.0
R,2029,AV,0.3,end,5026,0.6973865199449794,0.6407871338991086,0.6864348306633248,0.5185185185185185,0.3544303797468354,0.4210526315789473,0.587040015609004,0.7086982557283958,0.0
R,2029,AV,0.3,random,5026,0.6987620357634112,0.6418623909823099,0.6875952132079378,0.5233644859813084,0.3544303797468354,0.4226415094339623,0.5852557336043334,0.7104152296146072,0.0
R,2029,AV,0.3,random,5027,0.6973865199449794,0.6420337291784246,0.6870846517258522,0.5181818181818182,0.360759493670886,0.4253731343283582,0.5852721585520754,0.7094330984249535,0.0
R,2029,AV,0.3,random,5028,0.6973865199449794,0.6407871338991086,0.6864348306633248,0.5185185185185185,0.3544303797468354,0.4210526315789473,0.5866795875246213,0.7088569942864009,0.0
R,2029,TAV,0.3,start,5026,0.6808803301237965,0.6104064841026814,0.6618754247658495,0.5301204819277109,0.2784810126582278,0.3651452282157676,0.6318064426713421,0.6754503063265169,0.0
R,2029,TAV,0.3,middle,5026,0.6437414030261348,0.5822323603229357,0.6310010276701581,0.4433962264150943,0.2974683544303797,0.3560606060606061,0.6697027939451307,0.6126268892445159,0.0
R,2029,TAV,0.3,end,5026,0.6643741403026134,0.5935210094723886,0.6441673360897756,0.5256410256410257,0.2594936708860759,0.3474576271186441,0.6670679452744723,0.6157572903848305,0.0
R,2029,TAV,0.3,random,5026,0.6767537826685007,0.6128311227840854,0.6600913370014624,0.5444444444444444,0.310126582278481,0.3951612903225806,0.6539572136014713,0.6336450298556802,0.0
R,2029,TAV,0.3,random,5027,0.6588720770288858,0.5916339517628879,0.6419712240664391,0.4623655913978494,0.2721518987341772,0.3426294820717131,0.65705865548799,0.6324227323731694,0.0
R,2029,TAV,0.3,random,5028,0.6382393397524071,0.5714321501039605,0.6225960419559554,0.4526315789473684,0.2721518987341772,0.3399209486166007,0.6753280534279927,0.622466197656286,0.0
R,2030,none,0.0,none,0,0.7028885832187071,0.6582825848883502,0.6982814363343134,0.4964539007092198,0.4430379746835443,0.4682274247491639,0.6003948046141536,0.6986941623553351,0.0
R,2030,T,0.1,random,5026,0.6946354883081155,0.6438265543124878,0.6865432029280237,0.4921875,0.3987341772151899,0.4405594405594406,0.6171155494187394,0.6879495458975953,0.0
R,2030,T,0.1,random,5027,0.6795048143053645,0.6316393764462691,0.6751603528520136,0.4413793103448276,0.4050632911392405,0.4224422442244224,0.6274439999516748,0.668497006537462,0.0
R,2030,T,0.1,random,5028,0.686382393397524,0.642075237478411,0.6816931361404308,0.4788732394366197,0.430379746835443,0.4533333333333333,0.629118175922546,0.675468982934141,0.0
R,2030,T,0.2,random,5026,0.6753782668500687,0.6160162329063268,0.6635611323197946,0.5,0.379746835443038,0.4316546762589928,0.6514208129635115,0.6408863211322614,0.0
R,2030,T,0.2,random,5027,0.6629986244841816,0.6099574560215254,0.6556559844143468,0.4338235294117647,0.3734177215189873,0.4013605442176871,0.6555504700882092,0.6468680783900543,0.0
R,2030,T,0.2,random,5028,0.6767537826685007,0.6291238229941948,0.6700789561298262,0.4925373134328358,0.4177215189873418,0.4520547945205479,0.65284869830161,0.6526121751638848,0.0
R,2030,T,0.3,start,5026,0.6795048143053645,0.6186814406986351,0.6670459222016967,0.4778761061946903,0.3417721518987341,0.3985239852398524,0.6509270234650931,0.664782992353886,0.0
R,2030,T,0.3,middle,5026,0.6519944979367263,0.6028936643085356,0.6466808498035933,0.4315068493150685,0.3987341772151899,0.4144736842105263,0.6696227914073729,0.6366525090289741,0.0
R,2030,T,0.3,end,5026,0.6396148555708391,0.5715053180710741,0.6229925771695254,0.4245283018867924,0.2848101265822785,0.3409090909090909,0.6912239474956143,0.6088397681470217,0.0
R,2030,T,0.3,random,5026,0.6781292984869326,0.6206560220253158,0.6670868315919735,0.5040650406504065,0.3924050632911392,0.4412811387900356,0.6564607712022688,0.633001038625914,0.0
R,2030,T,0.3,random,5027,0.6671251719394773,0.6150621811338658,0.6589491189123873,0.4661654135338345,0.3924050632911392,0.4261168384879725,0.6677487537878866,0.639444189429701,0.0
R,2030,T,0.3,random,5028,0.6423658872077029,0.5834460910649168,0.6315240053193798,0.4214876033057851,0.3227848101265823,0.3655913978494624,0.6843605729266843,0.627362072648621,0.0
R,2030,T,0.4,random,5026,0.6382393397524071,0.5688731284475965,0.6218679374741888,0.4285714285714285,0.3037974683544304,0.3555555555555555,0.6948531116697995,0.5915618561515973,0.0
R,2030,T,0.4,random,5027,0.6231086657496562,0.5593253841932775,0.6106679922114195,0.375,0.2848101265822785,0.3237410071942446,0.7073739550996335,0.5862435095647526,0.0
R,2030,T,0.4,random,5028,0.6327372764786795,0.5720371132135839,0.6199012412460102,0.4210526315789473,0.3037974683544304,0.3529411764705882,0.709144012188718,0.5866566842426291,0.0
R,2030,T,0.5,random,5026,0.6272352132049519,0.5568069523444777,0.6085786942038564,0.4466019417475728,0.2911392405063291,0.3524904214559387,0.7243799585287855,0.5579939345358502,0.0
R,2030,T,0.5,random,5027,0.6189821182943603,0.5580226161022979,0.607105760247591,0.396694214876033,0.3037974683544304,0.3440860215053763,0.7248054981647728,0.5571982562560064,0.0
R,2030,T,0.5,random,5028,0.6203576341127923,0.5535224222986893,0.605683407294172,0.376068376068376,0.2784810126582278,0.32,0.7230197276408313,0.569809295691735,0.0
R,2030,A,0.1,random,5026,0.7015130674002751,0.6572297919078577,0.6971467203398353,0.4929577464788732,0.4430379746835443,0.4666666666666667,0.6022794066013448,0.697346130127934,0.0
R,2030,A,0.1,random,5027,0.7001375515818432,0.656179052487686,0.6960121619622028,0.4895104895104895,0.4430379746835443,0.4651162790697674,0.6020450922109469,0.6974261972222165,0.0
R,2030,A,0.1,random,5028,0.7015130674002751,0.6572297919078577,0.6971467203398353,0.4929577464788732,0.4430379746835443,0.4666666666666667,0.6018766976163822,0.6975963305218137,0.0
R,2030,A,0.2,random,5026,0.6987620357634112,0.6551303267346472,0.6948777305159735,0.4861111111111111,0.4430379746835443,0.4635761589403973,0.6044080177934482,0.6958203178162777,0.0
R,2030,A,0.2,random,5027,0.6973865199449794,0.6540835751795311,0.6937433955674326,0.4827586206896552,0.4430379746835443,0.462046204620462,0.6039448349077963,0.6955456790355689,0.0
R,2030,A,0.2,random,5028,0.6973865199449794,0.6530858643591086,0.6932560126086121,0.4825174825174825,0.4367088607594936,0.4584717607973422,0.6043898550587711,0.6956005462601054,0.0
R,2030,A,0.3,start,5026,0.6987620357634112,0.6551303267346472,0.6948777305159735,0.4861111111111111,0.4430379746835443,0.4635761589403973,0.6037134857152467,0.6959901713167835,0.0
R,2030,A,0.3,middle,5026,0.6960110041265475,0.6526558575412819,0.6923046237984269,0.4827586206896552,0.4430379746835443,0.462046204620462,0.6055683260431055,0.694659805297374,0.0
R,2030,A,0.3,end,5026,0.6987620357634112,0.6551303267346472,0.6948777305159735,0.4861111111111111,0.4430379746835443,0.4635761589403973,0.6056973743297293,0.6948639821397253,0.0
R,2030,A,0.3,random,5026,0.6973865199449794,0.6537023534625538,0.6934385768785293,0.4861111111111111,0.4430379746835443,0.4635761589403973,0.6058943622919587,0.694924953277941,0.0
R,2030,A,0.3,random,5027,0.6960110041265475,0.6526558575412819,0.6923046237984269,0.4827586206896552,0.4430379746835443,0.462046204620462,0.6054390049923611,0.694565887685304,0.0
R,2030,A,0.3,random,5028,0.6946354883081155,0.6506164992393543,0.6906872091908935,0.4791666666666667,0.4367088607594936,0.4569536423841059,0.6068113774126327,0.693739022555623,0.0
R,2030,A,0.4,random,5026,0.6960110041265475,0.6536362667259926,0.6927793155960091,0.4829931972789115,0.4493670886075949,0.4655737704918032,0.6066033453209685,0.6936061412497004,0.0
R,2030,A,0.4,random,5027,0.6946354883081155,0.6516112993162871,0.6911707408399361,0.4794520547945205,0.4430379746835443,0.4605263157894737,0.606275274713886,0.6941598011526662,0.0
R,2030,A,0.4,random,5028,0.6946354883081155,0.6507816007264745,0.690507847510993,0.4825174825174825,0.4367088607594936,0.4584717607973422,0.6084605719544235,0.692640367046039,0.0
R,2030,A,0.5,random,5026,0.6960110041265475,0.6536362667259926,0.6927793155960091,0.4829931972789115,0.4493670886075949,0.4655737704918032,0.6077136012521636,0.6929758624714616,0.0
R,2030,A,0.5,random,5027,0.6946354883081155,0.6518781259726532,0.6917015858364384,0.4765100671140939,0.4493670886075949,0.4625407166123778,0.606426596430787,0.6936224929484125,0.0
R,2030,A,0.5,random,5028,0.6960110041265475,0.6526558575412819,0.6923046237984269,0.4827586206896552,0.4430379746835443,0.462046204620462,0.608567170725428,0.6922020837199889,0.0
R,2030,V,0.1,random,5026,0.7015130674002751,0.6572297919078577,0.6971467203398353,0.4929577464788732,0.4430379746835443,0.4666666666666667,0.6005680888981965,0.6984151285387054,0.0
R,2030,V,0.1,random,5027,0.7028885832187071,0.6592722406162634,0.6987683113157932,0.4965034965034965,0.4493670886075949,0.4717607973421927,0.600172039671579,0.6982072917713085,0.0
R,2030,V,0.1,random,5028,0.7015130674002751,0.6572297919078577,0.6971467203398353,0.4929577464788732,0.4430379746835443,0.4666666666666667,0.6008156676330693,0.6982360435661561,0.0
R,2030,V,0.2,random,5026,0.7015130674002751,0.6580451338188825,0.6978090324709679,0.4896551724137931,0.4493670886075949,0.4686468646864686,0.5993457014676628,0.6984404176514305,0.0
R,2030,V,0.2,random,5027,0.7042640990371389,0.6622632087833797,0.7008504431958061,0.5,0.4620253164556962,0.4802631578947368,0.5989939136929485,0.6981526081336192,0.0
R,2030,V,0.2,random,5028,0.7001375515818432,0.6571644645102079,0.6964934796934981,0.4896551724137931,0.4493670886075949,0.4686468646864686,0.6001430724470563,0.6978508456815881,0.0
R,2030,V,0.3,start,5026,0.7028885832187071,0.6620617266040583,0.7005228598499054,0.4900662251655629,0.4683544303797468,0.4789644012944983,0.5989274503134645,0.6981000905732355,0.0
R,2030,V,0.3,middle,5026,0.7028885832187071,0.6618949465684559,0.7007072702464896,0.4868421052631579,0.4683544303797468,0.4774193548387097,0.597753602434567,0.6998045224415655,0.0
R,2030,V,0.3,end,5026,0.7001375515818432,0.6589176834613707,0.6976030498113849,0.4866666666666667,0.4620253164556962,0.474025974025974,0.5999198592081433,0.6974690457025993,0.0
R,2030,V,0.3,random,5026,0.7015130674002751,0.6610072412866095,0.6993812070606777,0.4868421052631579,0.4683544303797468,0.4774193548387097,0.5986847326263778,0.6980780208430319,0.0
R,2030,V,0.3,random,5027,0.7028885832187071,0.6628207567245878,0.7011502621855995,0.487012987012987,0.4746835443037974,0.4807692307692308,0.5982121742872375,0.6992082666268408,0.0
R,2030,V,0.3,random,5028,0.7001375515818432,0.6597939289314049,0.6984275074734891,0.4805194805194805,0.4683544303797468,0.4743589743589743,0.5989899495321914,0.6990234088281111,0.0
R,2030,V,0.4,random,5026,0.6987620357634112,0.6596658815106311,0.6977222999458595,0.4777070063694267,0.4746835443037974,0.4761904761904761,0.5990637407610485,0.698180060863366,0.0
R,2030,V,0.4,random,5027,0.6987620357634112,0.6596658815106311,0.6977222999458595,0.4777070063694267,0.4746835443037974,0.4761904761904761,0.5995236178949742,0.697934737675829,0.0
R,2030,V,0.4,random,5028,0.6973865199449794,0.6586177815564177,0.696579490529913,0.4746835443037974,0.4746835443037974,0.4746835443037974,0.600395856760801,0.6967420956887201,0.0
R,2030,V,0.5,random,5026,0.7001375515818432,0.6616223407838978,0.6992917492376666,0.4810126582278481,0.4810126582278481,0.4810126582278481,0.598249968123052,0.6981402056799798,0.0
R,2030,V,0.5,random,5027,0.7001375515818432,0.6625140505672017,0.6997078789116148,0.48125,0.4873417721518987,0.4842767295597484,0.5989315990737036,0.6975102158417937,0.0
R,2030,V,0.5,random,5028,0.6973865199449794,0.6595203511617092,0.6970006730155485,0.475,0.4810126582278481,0.4779874213836478,0.6001575049474077,0.6962317167394997,0.0
R,2030,TA,0.3,start,5026,0.6836313617606602,0.6241732720280576,0.6713977838019404,0.5,0.3544303797468354,0.4148148148148148,0.6485697208699298,0.66434020637501,0.0
R,2030,TA,0.3,middle,5026,0.640990371389271,0.5920352783351172,0.6356045418068547,0.4125874125874126,0.3734177215189873,0.3920265780730897,0.6837588556836678,0.6108019423860417,0.0
R,2030,TA,0.3,end,5026,0.6519944979367263,0.5924048270744026,0.6387692756379009,0.4642857142857143,0.3291139240506329,0.3851851851851852,0.6893169296696797,0.6084183843842128,0.0
R,2030,TA,0.3,random,5026,0.6685006877579092,0.6108062957405855,0.6571757302370044,0.4878048780487805,0.379746835443038,0.4270462633451957,0.6726405968719005,0.616483079673137,0.0
R,2030,TA,0.3,random,5027,0.6602475928473177,0.6057712879760376,0.6516977791040489,0.4384615384615384,0.360759493670886,0.3958333333333333,0.6752135282778748,0.6287140320442133,0.0
R,2030,TA,0.3,random,5028,0.6382393397524071,0.5755968120236336,0.6253822614561829,0.4247787610619469,0.3037974683544304,0.3542435424354243,0.6935468508581095,0.6121317341226161,0.0
R,2030,TV,0.3,start,5026,0.686382393397524,0.6279256554870669,0.6747402651307342,0.5,0.360759493670886,0.4191176470588235,0.6453533402478843,0.6656196028985782,0.0
R,2030,TV,0.3,middle,5026,0.6437414030261348,0.5971599524955206,0.6395552314883427,0.4189189189189189,0.3924050632911392,0.4052287581699346,0.6787328134298024,0.6121156378614643,0.0
R,2030,TV,0.3,end,5026,0.6506189821182944,0.5905753379652595,0.6373699006952759,0.4553571428571428,0.3227848101265823,0.3777777777777777,0.6857032866609406,0.6104226754960183,0.0
R,2030,TV,0.3,random,5026,0.6629986244841816,0.607463061794771,0.6531573420236569,0.46875,0.379746835443038,0.4195804195804196,0.670369950383515,0.6162615617494995,0.0
R,2030,TV,0.3,random,5027,0.6533700137551581,0.5984436722207372,0.6453881490420352,0.4166666666666667,0.3481012658227848,0.3793103448275862,0.6744199416284715,0.6290844265369825,0.0
R,2030,TV,0.3,random,5028,0.6396148555708391,0.5794750140370578,0.6278298631357899,0.4310344827586206,0.3164556962025316,0.364963503649635,0.6886397794239634,0.615465322391818,0.0
R,2030,AV,0.3,start,5026,0.7001375515818432,0.6597939289314049,0.6984275074734891,0.4805194805194805,0.4683544303797468,0.4743589743589743,0.5999100040740276,0.6974665880340003,0.0
R,2030,AV,0.3,middle,5026,0.6987620357634112,0.6596658815106311,0.6977222999458595,0.4777070063694267,0.4746835443037974,0.4761904761904761,0.6004372966431588,0.696760728999617,0.0
R,2030,AV,0.3,end,5026,0.7015130674002751,0.6616679578011319,0.6998192445257677,0.487012987012987,0.4746835443037974,0.4807692307692308,0.6019590651613892,0.6961289392121619,0.0
R,2030,AV,0.3,random,5026,0.6973865199449794,0.6577001186379526,0.696147571501692,0.4743589743589743,0.4683544303797468,0.4713375796178344,0.6016015679587673,0.6960327653759006,0.0
R,2030,AV,0.3,random,5027,0.7015130674002751,0.663674863331415,0.701048872600249,0.48125,0.4873417721518987,0.4842767295597484,0.6001926657043763,0.6973151974687477,0.0
R,2030,AV,0.3,random,5028,0.6987620357634112,0.6597780660436706,0.6979196950730464,0.4746835443037974,0.4746835443037974,0.4746835443037974,0.6017063898694134,0.6963082047167812,0.0
R,2030,TAV,0.3,start,5026,0.686382393397524,0.6292031801476431,0.6755294338316165,0.4957264957264957,0.3670886075949367,0.4218181818181818,0.6465116657872124,0.6650370342619695,0.0
R,2030,TAV,0.3,middle,5026,0.6437414030261348,0.5982166890457766,0.6400500555677089,0.42,0.3987341772151899,0.4090909090909091,0.6800254755673075,0.6099840796850166,0.0
R,2030,TAV,0.3,end,5026,0.6478679504814305,0.5911755678526439,0.6365042751621394,0.4491525423728814,0.3354430379746835,0.3840579710144927,0.6908542928462564,0.6047382630271512,0.0
R,2030,TAV,0.3,random,5026,0.6698762035763411,0.6165041977884252,0.6609403606192039,0.4809160305343511,0.3987341772151899,0.4359861591695502,0.6699574490633978,0.6169354050001702,0.0
R,2030,TAV,0.3,random,5027,0.6547455295735901,0.601204303210403,0.6475017924062594,0.4222222222222222,0.360759493670886,0.3890784982935154,0.6747101074215307,0.6284080027509413,0.0
R,2030,TAV,0.3,random,5028,0.6382393397524071,0.5796732922939999,0.6275808453479704,0.425,0.3227848101265823,0.3669064748201439,0.691001281286043,0.6121897507667082,0.0
