variant,seed,modalities,rate,position,mask_seed,target_modality,kind,cosine_distance,target_norm,estimate_norm,slots
F,2026,T,0.1,random,5026,T,reconstructed,0.2466451376676559,10.532270431518556,5.901671886444092,1711
F,2026,T,0.1,random,5026,T,observed_mean,0.116879716515541,10.532270431518556,9.854425430297852,1711
F,2026,T,0.1,random,5027,T,reconstructed,0.2531883120536804,10.487041473388672,5.8628010749816895,1711
F,2026,T,0.1,random,5027,T,observed_mean,0.1275029182434082,10.487041473388672,9.800824165344238,1711
F,2026,T,0.1,random,5028,T,reconstructed,0.2582322657108307,10.47349452972412,5.884919166564941,1711
F,2026,T,0.1,random,5028,T,observed_mean,0.1300609558820724,10.47349452972412,9.77388858795166,1711
F,2026,T,0.2,random,5026,T,reconstructed,0.2593301832675934,10.476275444030762,5.822267532348633,3400
F,2026,T,0.2,random,5026,T,observed_mean,0.1417513489723205,10.476275444030762,9.807085037231444,3400
F,2026,T,0.2,random,5027,T,reconstructed,0.261405885219574,10.429912567138672,5.784243106842041,3400
F,2026,T,0.2,random,5027,T,observed_mean,0.1466347575187683,10.429912567138672,9.783072471618652,3400
F,2026,T,0.2,random,5028,T,reconstructed,0.2663037776947021,10.433985710144045,5.818761825561523,3400
F,2026,T,0.2,random,5028,T,observed_mean,0.149834394454956,10.433985710144045,9.785527229309082,3400
F,2026,T,0.3,start,5026,T,reconstructed,0.2636698186397552,10.641114234924316,5.683876514434815,5039
F,2026,T,0.3,start,5026,T,observed_mean,0.1585006266832351,10.641114234924316,9.806568145751951,5039
F,2026,T,0.3,middle,5026,T,reconstructed,0.2622552514076233,10.362723350524902,5.687200546264648,5039
F,2026,T,0.3,middle,5026,T,observed_mean,0.1570127606391906,10.362723350524902,9.757413864135742,5039
F,2026,T,0.3,end,5026,T,reconstructed,0.2846453785896301,10.578803062438965,5.657360553741455,5039
F,2026,T,0.3,end,5026,T,observed_mean,0.1775872558355331,10.578803062438965,9.35521125793457,5039
F,2026,T,0.3,random,5026,T,reconstructed,0.2675837576389313,10.467633247375488,5.704629421234131,5039
F,2026,T,0.3,random,5026,T,observed_mean,0.1618767231702804,10.467633247375488,9.752002716064451,5039
F,2026,T,0.3,random,5027,T,reconstructed,0.2723329663276672,10.410934448242188,5.686901569366455,5039
F,2026,T,0.3,random,5027,T,observed_mean,0.1667535901069641,10.410934448242188,9.771990776062012,5039
F,2026,T,0.3,random,5028,T,reconstructed,0.2720452547073364,10.41354274749756,5.735932350158691,5039
F,2026,T,0.3,random,5028,T,observed_mean,0.1665505170822143,10.41354274749756,9.826221466064451,5039
F,2026,T,0.4,random,5026,T,reconstructed,0.280981570482254,10.455663681030272,5.564266681671143,6740
F,2026,T,0.4,random,5026,T,observed_mean,0.1880094408988952,10.455663681030272,9.683290481567385,6740
F,2026,T,0.4,random,5027,T,reconstructed,0.2870990037918091,10.398726463317873,5.5866241455078125,6740
F,2026,T,0.4,random,5027,T,observed_mean,0.194864735007286,10.398726463317873,9.787169456481934,6740
F,2026,T,0.4,random,5028,T,reconstructed,0.2831540703773498,10.409722328186035,5.616429328918457,6740
F,2026,T,0.4,random,5028,T,observed_mean,0.1894241124391555,10.409722328186035,9.833516120910645,6740
F,2026,T,0.5,random,5026,T,reconstructed,0.2978819608688354,10.458012580871582,5.411108016967773,8415
F,2026,T,0.5,random,5026,T,observed_mean,0.2177529633045196,10.458012580871582,9.632493019104004,8415
F,2026,T,0.5,random,5027,T,reconstructed,0.2983177602291107,10.411373138427734,5.423836708068848,8415
F,2026,T,0.5,random,5027,T,observed_mean,0.221238762140274,10.411373138427734,9.726947784423828,8415
F,2026,T,0.5,random,5028,T,reconstructed,0.2969415187835693,10.40753173828125,5.452878952026367,8415
F,2026,T,0.5,random,5028,T,observed_mean,0.2180140167474746,10.40753173828125,9.758320808410645,8415
F,2026,A,0.1,random,5026,A,reconstructed,0.9045482277870178,3.0837643146514893,0.9567082524299622,1778
F,2026,A,0.1,random,5026,A,observed_mean,0.4387929737567901,3.0837643146514893,2.0241169929504395,1778
F,2026,A,0.1,random,5027,A,reconstructed,0.9055612087249756,3.0897879600524902,0.9546907544136048,1770
F,2026,A,0.1,random,5027,A,observed_mean,0.4398047924041748,3.0897879600524902,2.0455939769744877,1770
F,2026,A,0.1,random,5028,A,reconstructed,0.9048445224761964,3.035152673721313,0.957420289516449,1766
F,2026,A,0.1,random,5028,A,observed_mean,0.4361766278743744,3.035152673721313,2.0443618297576904,1766
F,2026,A,0.2,random,5026,A,reconstructed,0.9054934978485109,3.0577282905578613,0.9575998187065125,3579
F,2026,A,0.2,random,5026,A,observed_mean,0.4727548062801361,3.0577282905578613,2.0579400062561035,3579
F,2026,A,0.2,random,5027,A,reconstructed,0.9039725661277772,3.0716474056243896,0.9571914076805116,3579
F,2026,A,0.2,random,5027,A,observed_mean,0.479527860879898,3.0716474056243896,2.0663623809814453,3579
F,2026,A,0.2,random,5028,A,reconstructed,0.9051786065101624,3.060194730758667,0.9575059413909912,3568
F,2026,A,0.2,random,5028,A,observed_mean,0.4678305685520172,3.060194730758667,2.0621092319488525,3568
F,2026,A,0.3,start,5026,A,reconstructed,0.9117046594619752,3.093711853027344,0.958044171333313,4757
F,2026,A,0.3,start,5026,A,observed_mean,0.5128023028373718,3.093711853027344,2.0822534561157227,4757
F,2026,A,0.3,middle,5026,A,reconstructed,0.905982255935669,3.060927629470825,0.9608216881752014,5484
F,2026,A,0.3,middle,5026,A,observed_mean,0.4655331075191498,3.060927629470825,2.0816445350646973,5484
F,2026,A,0.3,end,5026,A,reconstructed,0.8953471779823303,3.0639398097991943,0.9541943669319152,4757
F,2026,A,0.3,end,5026,A,observed_mean,0.5501811504364014,3.0639398097991943,2.12258243560791,4757
F,2026,A,0.3,random,5026,A,reconstructed,0.9092056155204772,3.053173542022705,0.9593783617019652,5389
F,2026,A,0.3,random,5026,A,observed_mean,0.4971532523632049,3.053173542022705,2.1024632453918457,5389
F,2026,A,0.3,random,5027,A,reconstructed,0.9046902060508728,3.062692165374756,0.9588317275047302,5399
F,2026,A,0.3,random,5027,A,observed_mean,0.4990077018737793,3.062692165374756,2.1112220287323,5399
F,2026,A,0.3,random,5028,A,reconstructed,0.9052579998970032,3.081252336502075,0.9588046073913574,5383
F,2026,A,0.3,random,5028,A,observed_mean,0.4926062226295471,3.081252336502075,2.086300134658813,5383
F,2026,A,0.4,random,5026,A,reconstructed,0.909536063671112,3.0462024211883545,0.96177738904953,7220
F,2026,A,0.4,random,5026,A,observed_mean,0.515781581401825,3.0462024211883545,2.16895055770874,7220
F,2026,A,0.4,random,5027,A,reconstructed,0.9048000574111938,3.060819149017334,0.9613325595855712,7219
F,2026,A,0.4,random,5027,A,observed_mean,0.5152634978294373,3.060819149017334,2.1699960231781006,7219
F,2026,A,0.4,random,5028,A,reconstructed,0.906042456626892,3.073147773742676,0.9610484838485718,7208
F,2026,A,0.4,random,5028,A,observed_mean,0.5117670297622681,3.073147773742676,2.145116806030273,7208
F,2026,A,0.5,random,5026,A,reconstructed,0.9099906086921692,3.0433521270751958,0.9636082053184508,9038
F,2026,A,0.5,random,5026,A,observed_mean,0.5299199223518372,3.0433521270751958,2.2412266731262207,9038
F,2026,A,0.5,random,5027,A,reconstructed,0.905863344669342,3.062818050384521,0.9631995558738708,9040
F,2026,A,0.5,random,5027,A,observed_mean,0.5294613838195801,3.062818050384521,2.230694055557251,9040
F,2026,A,0.5,random,5028,A,reconstructed,0.9074450135231018,3.06972336769104,0.9630244970321656,9031
F,2026,A,0.5,random,5028,A,observed_mean,0.5294828414916992,3.06972336769104,2.20973539352417,9031
F,2026,V,0.1,random,5026,V,reconstructed,0.7870742678642273,3.3866288661956787,0.9877198338508606,1669
F,2026,V,0.1,random,5026,V,observed_mean,0.1641552299261093,3.3866288661956787,2.955521583557129,1669
F,2026,V,0.1,random,5027,V,reconstructed,0.7918294072151184,3.3198394775390625,0.9884459376335144,1655
F,2026,V,0.1,random,5027,V,observed_mean,0.1668784320354461,3.3198394775390625,2.9637417793273926,1655
F,2026,V,0.1,random,5028,V,reconstructed,0.7894257307052612,3.379673957824707,0.9886077642440796,1643
F,2026,V,0.1,random,5028,V,observed_mean,0.159095287322998,3.379673957824707,2.981064558029175,1643
F,2026,V,0.2,random,5026,V,reconstructed,0.7929559946060181,3.419593572616577,0.9849346876144408,3361
F,2026,V,0.2,random,5026,V,observed_mean,0.1763003468513488,3.419593572616577,2.968374252319336,3361
F,2026,V,0.2,random,5027,V,reconstructed,0.7967164516448975,3.335256099700928,0.9860225915908812,3338
F,2026,V,0.2,random,5027,V,observed_mean,0.1770920306444168,3.335256099700928,2.983900547027588,3338
F,2026,V,0.2,random,5028,V,reconstructed,0.7958167791366577,3.3831162452697754,0.9852202534675598,3328
F,2026,V,0.2,random,5028,V,observed_mean,0.173451766371727,3.3831162452697754,2.983668327331543,3328
F,2026,V,0.3,start,5026,V,reconstructed,0.7986895442008972,3.3356406688690186,0.9881531596183776,4502
F,2026,V,0.3,start,5026,V,observed_mean,0.2118431329727172,3.3356406688690186,2.993747472763061,4502
F,2026,V,0.3,middle,5026,V,reconstructed,0.7965099811553955,3.3314976692199707,0.9825838804244996,5169
F,2026,V,0.3,middle,5026,V,observed_mean,0.1628342568874359,3.3314976692199707,2.9857101440429688,5169
F,2026,V,0.3,end,5026,V,reconstructed,0.799741268157959,3.459994316101074,0.9800649881362916,4395
F,2026,V,0.3,end,5026,V,observed_mean,0.2278704792261123,3.459994316101074,3.00034761428833,4395
F,2026,V,0.3,random,5026,V,reconstructed,0.79841148853302,3.4042983055114746,0.9832478761672974,5066
F,2026,V,0.3,random,5026,V,observed_mean,0.1873207539319992,3.4042983055114746,2.978818893432617,5066
F,2026,V,0.3,random,5027,V,reconstructed,0.7993828654289246,3.341309070587158,0.9835416674613952,5032
F,2026,V,0.3,random,5027,V,observed_mean,0.1903784722089767,3.341309070587158,3.0012903213500977,5032
F,2026,V,0.3,random,5028,V,reconstructed,0.8003005385398865,3.3708345890045166,0.982593297958374,5025
F,2026,V,0.3,random,5028,V,observed_mean,0.1841589659452438,3.3708345890045166,2.991004467010498,5025
F,2026,V,0.4,random,5026,V,reconstructed,0.8037036657333374,3.382974624633789,0.98220556974411,6803
F,2026,V,0.4,random,5026,V,observed_mean,0.1988781094551086,3.382974624633789,3.005680561065674,6803
F,2026,V,0.4,random,5027,V,reconstructed,0.8034560084342957,3.337824583053589,0.981724500656128,6744
F,2026,V,0.4,random,5027,V,observed_mean,0.201425015926361,3.337824583053589,3.02724838256836,6744
F,2026,V,0.4,random,5028,V,reconstructed,0.8054008483886719,3.3693864345550537,0.9812697768211364,6739
F,2026,V,0.4,random,5028,V,observed_mean,0.1966421753168106,3.3693864345550537,3.014004230499268,6739
F,2026,V,0.5,random,5026,V,reconstructed,0.8079519271850586,3.363974332809448,0.9818918704986572,8514
F,2026,V,0.5,random,5026,V,observed_mean,0.2105278670787811,3.363974332809448,3.052799940109253,8514
F,2026,V,0.5,random,5027,V,reconstructed,0.808498740196228,3.3422601222991943,0.9815890789031982,8456
F,2026,V,0.5,random,5027,V,observed_mean,0.2118944823741912,3.3422601222991943,3.067854642868042,8456
F,2026,V,0.5,random,5028,V,reconstructed,0.8100710511207581,3.355680465698242,0.981360137462616,8460
F,2026,V,0.5,random,5028,V,observed_mean,0.2108279317617416,3.355680465698242,3.060149669647217,8460
F,2026,TA,0.3,start,5026,T,reconstructed,0.260876327753067,10.662064552307127,5.753389835357666,4757
F,2026,TA,0.3,start,5026,T,observed_mean,0.1536244451999664,10.662064552307127,9.811148643493652,4757
F,2026,TA,0.3,start,5026,A,reconstructed,0.908565640449524,3.093711853027344,0.982608199119568,4757
F,2026,TA,0.3,start,5026,A,observed_mean,0.5128023028373718,3.093711853027344,2.0822534561157227,4757
F,2026,TA,0.3,middle,5026,T,reconstructed,0.2705893218517303,10.364144325256348,5.736063957214356,5484
F,2026,TA,0.3,middle,5026,T,observed_mean,0.1683844774961471,10.364144325256348,9.787971496582031,5484
F,2026,TA,0.3,middle,5026,A,reconstructed,0.9002615213394165,3.060927629470825,0.980701744556427,5484
F,2026,TA,0.3,middle,5026,A,observed_mean,0.4655331075191498,3.060927629470825,2.0816445350646973,5484
F,2026,TA,0.3,end,5026,T,reconstructed,0.2800271213054657,10.591897010803224,5.732936859130859,4757
F,2026,TA,0.3,end,5026,T,observed_mean,0.1724212914705276,10.591897010803224,9.35705852508545,4757
F,2026,TA,0.3,end,5026,A,reconstructed,0.8940655589103699,3.0639398097991943,0.969296097755432,4757
F,2026,TA,0.3,end,5026,A,observed_mean,0.5501811504364014,3.0639398097991943,2.12258243560791,4757
F,2026,TA,0.3,random,5026,T,reconstructed,0.2691069841384887,10.487433433532717,5.74009895324707,5389
F,2026,TA,0.3,random,5026,T,observed_mean,0.1663427799940109,10.487433433532717,9.740920066833496,5389
F,2026,TA,0.3,random,5026,A,reconstructed,0.9064766764640808,3.053173542022705,0.9743772149086,5389
F,2026,TA,0.3,random,5026,A,observed_mean,0.4971532523632049,3.053173542022705,2.1024632453918457,5389
F,2026,TA,0.3,random,5027,T,reconstructed,0.2723215222358703,10.430100440979004,5.703476428985596,5399
F,2026,TA,0.3,random,5027,T,observed_mean,0.1705691218376159,10.430100440979004,9.722695350646973,5399
F,2026,TA,0.3,random,5027,A,reconstructed,0.9013680219650269,3.062692165374756,0.9788044691085817,5399
F,2026,TA,0.3,random,5027,A,observed_mean,0.4990077018737793,3.062692165374756,2.1112220287323,5399
F,2026,TA,0.3,random,5028,T,reconstructed,0.2778457403182983,10.42895221710205,5.77931022644043,5383
F,2026,TA,0.3,random,5028,T,observed_mean,0.1756346076726913,10.42895221710205,9.795367240905762,5383
F,2026,TA,0.3,random,5028,A,reconstructed,0.8976121544837952,3.081252336502075,0.97552227973938,5383
F,2026,TA,0.3,random,5028,A,observed_mean,0.4926062226295471,3.081252336502075,2.086300134658813,5383
F,2026,TV,0.3,start,5026,T,reconstructed,0.2600672841072082,10.664302825927734,5.80396842956543,4753
F,2026,TV,0.3,start,5026,T,observed_mean,0.1536176353693008,10.664302825927734,9.813379287719728,4753
F,2026,TV,0.3,start,5026,V,reconstructed,0.7953932881355286,3.3356406688690186,1.0066763162612915,4502
F,2026,TV,0.3,start,5026,V,observed_mean,0.2118431329727172,3.3356406688690186,2.993747472763061,4502
F,2026,TV,0.3,middle,5026,T,reconstructed,0.2691285014152527,10.365344047546388,5.786312103271484,5481
F,2026,TV,0.3,middle,5026,T,observed_mean,0.1684311628341674,10.365344047546388,9.788610458374023,5481
F,2026,TV,0.3,middle,5026,V,reconstructed,0.7905816435813904,3.3314976692199707,0.9994233846664428,5169
F,2026,TV,0.3,middle,5026,V,observed_mean,0.1628342568874359,3.3314976692199707,2.9857101440429688,5169
F,2026,TV,0.3,end,5026,T,reconstructed,0.2789528965950012,10.5972318649292,5.775147438049316,4748
F,2026,TV,0.3,end,5026,T,observed_mean,0.1723916232585907,10.5972318649292,9.35825252532959,4748
F,2026,TV,0.3,end,5026,V,reconstructed,0.7937147617340088,3.459994316101074,0.9907963275909424,4395
F,2026,TV,0.3,end,5026,V,observed_mean,0.2278704792261123,3.459994316101074,3.00034761428833,4395
F,2026,TV,0.3,random,5026,T,reconstructed,0.2685980796813965,10.487433433532717,5.7958574295043945,5389
F,2026,TV,0.3,random,5026,T,observed_mean,0.1663427799940109,10.487433433532717,9.740920066833496,5389
F,2026,TV,0.3,random,5026,V,reconstructed,0.7918802499771118,3.4042983055114746,1.0005093812942505,5066
F,2026,TV,0.3,random,5026,V,observed_mean,0.1873207539319992,3.4042983055114746,2.978818893432617,5066
F,2026,TV,0.3,random,5027,T,reconstructed,0.2714406549930572,10.431475639343262,5.766407489776611,5395
F,2026,TV,0.3,random,5027,T,observed_mean,0.170471966266632,10.431475639343262,9.730059623718262,5395
F,2026,TV,0.3,random,5027,V,reconstructed,0.791388988494873,3.341309070587158,1.0045586824417114,5032
F,2026,TV,0.3,random,5027,V,observed_mean,0.1903784722089767,3.341309070587158,3.0012903213500977,5032
F,2026,TV,0.3,random,5028,T,reconstructed,0.2762829959392547,10.433150291442873,5.830219745635986,5373
F,2026,TV,0.3,random,5028,T,observed_mean,0.175634890794754,10.433150291442873,9.796381950378418,5373
F,2026,TV,0.3,random,5028,V,reconstructed,0.7924597859382629,3.3708345890045166,0.998479664325714,5025
F,2026,TV,0.3,random,5028,V,observed_mean,0.1841589659452438,3.3708345890045166,2.991004467010498,5025
F,2026,AV,0.3,start,5026,A,reconstructed,0.910836935043335,3.0940072536468506,0.955124855041504,4753
F,2026,AV,0.3,start,5026,A,observed_mean,0.5127343535423279,3.0940072536468506,2.0820956230163574,4753
F,2026,AV,0.3,start,5026,V,reconstructed,0.8008750677108765,3.3356406688690186,0.9872589111328124,4502
F,2026,AV,0.3,start,5026,V,observed_mean,0.2118431329727172,3.3356406688690186,2.993747472763061,4502
F,2026,AV,0.3,middle,5026,A,reconstructed,0.9046884775161744,3.0604047775268555,0.956132173538208,5481
F,2026,AV,0.3,middle,5026,A,observed_mean,0.4656901657581329,3.0604047775268555,2.0805673599243164,5481
F,2026,AV,0.3,middle,5026,V,reconstructed,0.7977668046951294,3.3314976692199707,0.9841887354850768,5169
F,2026,AV,0.3,middle,5026,V,observed_mean,0.1628342568874359,3.3314976692199707,2.9857101440429688,5169
F,2026,AV,0.3,end,5026,A,reconstructed,0.8949910402297974,3.064037561416626,0.9501546025276184,4748
F,2026,AV,0.3,end,5026,A,observed_mean,0.5502315163612366,3.064037561416626,2.1212899684906006,4748
F,2026,AV,0.3,end,5026,V,reconstructed,0.8014792799949646,3.459994316101074,0.9830206036567688,4395
F,2026,AV,0.3,end,5026,V,observed_mean,0.2278704792261123,3.459994316101074,3.00034761428833,4395
F,2026,AV,0.3,random,5026,A,reconstructed,0.9086934924125672,3.053173542022705,0.9553126096725464,5389
F,2026,AV,0.3,random,5026,A,observed_mean,0.4971532523632049,3.053173542022705,2.1024632453918457,5389
F,2026,AV,0.3,random,5026,V,reconstructed,0.7997655272483826,3.4042983055114746,0.9847225546836852,5066
F,2026,AV,0.3,random,5026,V,observed_mean,0.1873207539319992,3.4042983055114746,2.978818893432617,5066
F,2026,AV,0.3,random,5027,A,reconstructed,0.903195023536682,3.062281370162964,0.9545104503631592,5395
F,2026,AV,0.3,random,5027,A,observed_mean,0.4990928173065185,3.062281370162964,2.1101622581481934,5395
F,2026,AV,0.3,random,5027,V,reconstructed,0.8009040951728821,3.341309070587158,0.9844847321510316,5032
F,2026,AV,0.3,random,5027,V,observed_mean,0.1903784722089767,3.341309070587158,3.0012903213500977,5032
F,2026,AV,0.3,random,5028,A,reconstructed,0.9041669964790344,3.081150531768799,0.9550926685333252,5373
F,2026,AV,0.3,random,5028,A,observed_mean,0.4927378594875335,3.081150531768799,2.0842294692993164,5373
F,2026,AV,0.3,random,5028,V,reconstructed,0.8022687435150146,3.3708345890045166,0.9849372506141664,5025
F,2026,AV,0.3,random,5028,V,observed_mean,0.1841589659452438,3.3708345890045166,2.991004467010498,5025
F,2026,TAV,0.3,start,5026,T,reconstructed,0.259490817785263,10.664302825927734,5.851280689239502,4753
F,2026,TAV,0.3,start,5026,T,observed_mean,0.1536176353693008,10.664302825927734,9.813379287719728,4753
F,2026,TAV,0.3,start,5026,A,reconstructed,0.907089114189148,3.0940072536468506,0.9750460982322692,4753
F,2026,TAV,0.3,start,5026,A,observed_mean,0.5127343535423279,3.0940072536468506,2.0820956230163574,4753
F,2026,TAV,0.3,start,5026,V,reconstructed,0.7972132563591003,3.3356406688690186,1.0032551288604736,4502
F,2026,TAV,0.3,start,5026,V,observed_mean,0.2118431329727172,3.3356406688690186,2.993747472763061,4502
F,2026,TAV,0.3,middle,5026,T,reconstructed,0.2687465846538543,10.365344047546388,5.859493732452393,5481
F,2026,TAV,0.3,middle,5026,T,observed_mean,0.1684311628341674,10.365344047546388,9.788610458374023,5481
F,2026,TAV,0.3,middle,5026,A,reconstructed,0.8977695107460022,3.0604047775268555,0.9688436985015868,5481
F,2026,TAV,0.3,middle,5026,A,observed_mean,0.4656901657581329,3.0604047775268555,2.0805673599243164,5481
F,2026,TAV,0.3,middle,5026,V,reconstructed,0.7912251949310303,3.3314976692199707,0.9969803094863892,5169
F,2026,TAV,0.3,middle,5026,V,observed_mean,0.1628342568874359,3.3314976692199707,2.9857101440429688,5169
F,2026,TAV,0.3,end,5026,T,reconstructed,0.278370201587677,10.5972318649292,5.834731578826904,4748
F,2026,TAV,0.3,end,5026,T,observed_mean,0.1723916232585907,10.5972318649292,9.35825252532959,4748
F,2026,TAV,0.3,end,5026,A,reconstructed,0.8931928873062134,3.064037561416626,0.9587216973304749,4748
F,2026,TAV,0.3,end,5026,A,observed_mean,0.5502315163612366,3.064037561416626,2.1212899684906006,4748
F,2026,TAV,0.3,end,5026,V,reconstructed,0.7950913906097412,3.459994316101074,0.9915464520454408,4395
F,2026,TAV,0.3,end,5026,V,observed_mean,0.2278704792261123,3.459994316101074,3.00034761428833,4395
F,2026,TAV,0.3,random,5026,T,reconstructed,0.2672422528266907,10.487433433532717,5.861897468566895,5389
F,2026,TAV,0.3,random,5026,T,observed_mean,0.1663427799940109,10.487433433532717,9.740920066833496,5389
F,2026,TAV,0.3,random,5026,A,reconstructed,0.9053197503089904,3.053173542022705,0.9628909826278688,5389
F,2026,TAV,0.3,random,5026,A,observed_mean,0.4971532523632049,3.053173542022705,2.1024632453918457,5389
F,2026,TAV,0.3,random,5026,V,reconstructed,0.792651355266571,3.4042983055114746,0.998417854309082,5066
F,2026,TAV,0.3,random,5026,V,observed_mean,0.1873207539319992,3.4042983055114746,2.978818893432617,5066
F,2026,TAV,0.3,random,5027,T,reconstructed,0.2701531946659088,10.431475639343262,5.827600955963135,5395
F,2026,TAV,0.3,random,5027,T,observed_mean,0.170471966266632,10.431475639343262,9.730059623718262,5395
F,2026,TAV,0.3,random,5027,A,reconstructed,0.8986522555351257,3.062281370162964,0.9674630165100098,5395
F,2026,TAV,0.3,random,5027,A,observed_mean,0.4990928173065185,3.062281370162964,2.1101622581481934,5395
F,2026,TAV,0.3,random,5027,V,reconstructed,0.792207658290863,3.341309070587158,1.0017030239105225,5032
F,2026,TAV,0.3,random,5027,V,observed_mean,0.1903784722089767,3.341309070587158,3.0012903213500977,5032
F,2026,TAV,0.3,random,5028,T,reconstructed,0.2760964035987854,10.433150291442873,5.903247833251953,5373
F,2026,TAV,0.3,random,5028,T,observed_mean,0.175634890794754,10.433150291442873,9.796381950378418,5373
F,2026,TAV,0.3,random,5028,A,reconstructed,0.8954752683639526,3.081150531768799,0.9643682837486268,5373
F,2026,TAV,0.3,random,5028,A,observed_mean,0.4927378594875335,3.081150531768799,2.0842294692993164,5373
F,2026,TAV,0.3,random,5028,V,reconstructed,0.7938172221183777,3.3708345890045166,0.9971699118614196,5025
F,2026,TAV,0.3,random,5028,V,observed_mean,0.1841589659452438,3.3708345890045166,2.991004467010498,5025
F,2027,T,0.1,random,5026,T,reconstructed,0.1928246915340423,12.210400581359863,7.245902061462402,1711
F,2027,T,0.1,random,5026,T,observed_mean,0.1066217198967933,12.210400581359863,11.525647163391112,1711
F,2027,T,0.1,random,5027,T,reconstructed,0.1943658292293548,12.138766288757324,7.222836017608643,1711
F,2027,T,0.1,random,5027,T,observed_mean,0.1122049763798713,12.138766288757324,11.470179557800291,1711
F,2027,T,0.1,random,5028,T,reconstructed,0.2017130702733993,12.138072967529297,7.24039888381958,1711
F,2027,T,0.1,random,5028,T,observed_mean,0.1169186010956764,12.138072967529297,11.457809448242188,1711
F,2027,T,0.2,random,5026,T,reconstructed,0.2045575380325317,12.133113861083984,7.168006896972656,3400
F,2027,T,0.2,random,5026,T,observed_mean,0.1289992034435272,12.133113861083984,11.490734100341797,3400
F,2027,T,0.2,random,5027,T,reconstructed,0.2037037163972854,12.073976516723633,7.152466773986816,3400
F,2027,T,0.2,random,5027,T,observed_mean,0.1293810606002807,12.073976516723633,11.45423412322998,3400
F,2027,T,0.2,random,5028,T,reconstructed,0.2085209786891937,12.097871780395508,7.176451206207275,3400
F,2027,T,0.2,random,5028,T,observed_mean,0.1340360045433044,12.097871780395508,11.471848487854004,3400
F,2027,T,0.3,start,5026,T,reconstructed,0.2022013813257217,12.481972694396973,7.045217037200928,5039
F,2027,T,0.3,start,5026,T,observed_mean,0.1409066766500473,12.481972694396973,11.395391464233398,5039
F,2027,T,0.3,middle,5026,T,reconstructed,0.2074194997549057,12.014161109924316,7.044779777526856,5039
F,2027,T,0.3,middle,5026,T,observed_mean,0.1399383544921875,12.014161109924316,11.466554641723633,5039
F,2027,T,0.3,end,5026,T,reconstructed,0.2277150303125381,12.091776847839355,6.960437297821045,5039
F,2027,T,0.3,end,5026,T,observed_mean,0.1625435054302215,12.091776847839355,10.999361038208008,5039
F,2027,T,0.3,random,5026,T,reconstructed,0.2117272615432739,12.117473602294922,7.04493522644043,5039
F,2027,T,0.3,random,5026,T,observed_mean,0.1472155451774597,12.117473602294922,11.44590663909912,5039
F,2027,T,0.3,random,5027,T,reconstructed,0.2148641645908355,12.045214653015137,7.054684162139893,5039
F,2027,T,0.3,random,5027,T,observed_mean,0.1482293158769607,12.045214653015137,11.42253875732422,5039
F,2027,T,0.3,random,5028,T,reconstructed,0.2160453200340271,12.06044101715088,7.098413467407227,5039
F,2027,T,0.3,random,5028,T,observed_mean,0.1495700776576995,12.06044101715088,11.49472999572754,5039
F,2027,T,0.4,random,5026,T,reconstructed,0.2225224375724792,12.10319709777832,6.905050277709961,6740
F,2027,T,0.4,random,5026,T,observed_mean,0.1680717468261718,12.10319709777832,11.389838218688965,6740
F,2027,T,0.4,random,5027,T,reconstructed,0.2285344302654266,12.039361953735352,6.94479513168335,6740
F,2027,T,0.4,random,5027,T,observed_mean,0.1733979135751724,12.039361953735352,11.43399143218994,6740
F,2027,T,0.4,random,5028,T,reconstructed,0.2266852557659149,12.05484676361084,6.97165584564209,6740
F,2027,T,0.4,random,5028,T,observed_mean,0.1702775508165359,12.05484676361084,11.515531539916992,6740
F,2027,T,0.5,random,5026,T,reconstructed,0.2348880916833877,12.112597465515137,6.732997417449951,8415
F,2027,T,0.5,random,5026,T,observed_mean,0.1920134276151657,12.112597465515137,11.29080295562744,8415
F,2027,T,0.5,random,5027,T,reconstructed,0.2377954423427581,12.052735328674316,6.77438497543335,8415
F,2027,T,0.5,random,5027,T,observed_mean,0.1945005804300308,12.052735328674316,11.369430541992188,8415
F,2027,T,0.5,random,5028,T,reconstructed,0.2383126318454742,12.056924819946287,6.791623115539551,8415
F,2027,T,0.5,random,5028,T,observed_mean,0.1934082955121994,12.056924819946287,11.401376724243164,8415
F,2027,A,0.1,random,5026,A,reconstructed,0.8873065114021301,3.094919919967652,0.839139461517334,1778
F,2027,A,0.1,random,5026,A,observed_mean,0.4375665187835693,3.094919919967652,2.0346450805664062,1778
F,2027,A,0.1,random,5027,A,reconstructed,0.892194390296936,3.1020166873931885,0.838008463382721,1770
F,2027,A,0.1,random,5027,A,observed_mean,0.4383909702301025,3.1020166873931885,2.056528091430664,1770
F,2027,A,0.1,random,5028,A,reconstructed,0.8903495669364929,3.045313835144043,0.8388139605522156,1766
F,2027,A,0.1,random,5028,A,observed_mean,0.4353080689907074,3.045313835144043,2.0556399822235107,1766
F,2027,A,0.2,random,5026,A,reconstructed,0.8895578980445862,3.068578004837036,0.8407574892044067,3579
F,2027,A,0.2,random,5026,A,observed_mean,0.4714840352535248,3.068578004837036,2.068751573562622,3579
F,2027,A,0.2,random,5027,A,reconstructed,0.8926920294761658,3.0838563442230225,0.8391349911689758,3579
F,2027,A,0.2,random,5027,A,observed_mean,0.4781306087970733,3.0838563442230225,2.0770881175994877,3579
F,2027,A,0.2,random,5028,A,reconstructed,0.891990602016449,3.07043719291687,0.8398841619491577,3568
F,2027,A,0.2,random,5028,A,observed_mean,0.466811865568161,3.07043719291687,2.073516845703125,3568
F,2027,A,0.3,start,5026,A,reconstructed,0.9035231471061708,3.1057467460632324,0.8404977917671204,4757
F,2027,A,0.3,start,5026,A,observed_mean,0.5114448666572571,3.1057467460632324,2.0926733016967773,4757
F,2027,A,0.3,middle,5026,A,reconstructed,0.8943819999694824,3.0712740421295166,0.8420397043228149,5484
F,2027,A,0.3,middle,5026,A,observed_mean,0.4642347395420074,3.0712740421295166,2.092587947845459,5484
F,2027,A,0.3,end,5026,A,reconstructed,0.8802526593208313,3.07468843460083,0.8395573496818542,4757
F,2027,A,0.3,end,5026,A,observed_mean,0.5491189360618591,3.07468843460083,2.133756399154663,4757
F,2027,A,0.3,random,5026,A,reconstructed,0.8930665254592896,3.0639801025390625,0.8422799706459045,5389
F,2027,A,0.3,random,5026,A,observed_mean,0.4959727823734283,3.0639801025390625,2.113256931304932,5389
F,2027,A,0.3,random,5027,A,reconstructed,0.8953151106834412,3.0745174884796143,0.8407832384109497,5399
F,2027,A,0.3,random,5027,A,observed_mean,0.4976600110530853,3.0745174884796143,2.121732711791992,5399
F,2027,A,0.3,random,5028,A,reconstructed,0.895510733127594,3.091313123703003,0.8411495685577393,5383
F,2027,A,0.3,random,5028,A,observed_mean,0.4913970828056335,3.091313123703003,2.0977375507354736,5383
F,2027,A,0.4,random,5026,A,reconstructed,0.895101010799408,3.056563138961792,0.8444440364837646,7220
F,2027,A,0.4,random,5026,A,observed_mean,0.5145230293273926,3.056563138961792,2.180222988128662,7220
F,2027,A,0.4,random,5027,A,reconstructed,0.8962828516960144,3.072327136993408,0.8428987264633179,7219
F,2027,A,0.4,random,5027,A,observed_mean,0.5139003992080688,3.072327136993408,2.1805691719055176,7219
F,2027,A,0.4,random,5028,A,reconstructed,0.8970261812210083,3.083519697189331,0.8432562947273254,7208
F,2027,A,0.4,random,5028,A,observed_mean,0.5105108618736267,3.083519697189331,2.1566829681396484,7208
F,2027,A,0.5,random,5026,A,reconstructed,0.8972656726837158,3.0538523197174072,0.8466310501098633,9038
F,2027,A,0.5,random,5026,A,observed_mean,0.5285896062850952,3.0538523197174072,2.25277042388916,9038
F,2027,A,0.5,random,5027,A,reconstructed,0.8977321982383728,3.0741326808929443,0.8452379107475281,9040
F,2027,A,0.5,random,5027,A,observed_mean,0.5280592441558838,3.0741326808929443,2.2413225173950195,9040
F,2027,A,0.5,random,5028,A,reconstructed,0.8988212943077087,3.080318689346313,0.8456714153289795,9031
F,2027,A,0.5,random,5028,A,observed_mean,0.5281208753585815,3.080318689346313,2.2214040756225586,9031
F,2027,V,0.1,random,5026,V,reconstructed,0.7369246482849121,3.398499011993408,0.9651620984077454,1669
F,2027,V,0.1,random,5026,V,observed_mean,0.163969337940216,3.398499011993408,2.9660165309906006,1669
F,2027,V,0.1,random,5027,V,reconstructed,0.7452964782714844,3.3304028511047363,0.9664356708526612,1655
F,2027,V,0.1,random,5027,V,observed_mean,0.1665320396423339,3.3304028511047363,2.9744293689727783,1655
F,2027,V,0.1,random,5028,V,reconstructed,0.7422760725021362,3.390724897384644,0.965178608894348,1643
F,2027,V,0.1,random,5028,V,observed_mean,0.1588119119405746,3.390724897384644,2.991806745529175,1643
F,2027,V,0.2,random,5026,V,reconstructed,0.7449178099632263,3.431082963943481,0.9627967476844788,3361
F,2027,V,0.2,random,5026,V,observed_mean,0.1760869324207306,3.431082963943481,2.9789419174194336,3361
F,2027,V,0.2,random,5027,V,reconstructed,0.7501469850540161,3.346125841140747,0.9638866186141968,3338
F,2027,V,0.2,random,5027,V,observed_mean,0.1767401844263076,3.346125841140747,2.9944944381713867,3338
F,2027,V,0.2,random,5028,V,reconstructed,0.7478605508804321,3.3940370082855225,0.9625861644744872,3328
F,2027,V,0.2,random,5028,V,observed_mean,0.17318095266819,3.3940370082855225,2.9943060874938965,3328
F,2027,V,0.3,start,5026,V,reconstructed,0.7576314210891724,3.3463330268859863,0.9633145928382874,4502
F,2027,V,0.3,start,5026,V,observed_mean,0.2115864753723144,3.3463330268859863,3.0038037300109863,4502
F,2027,V,0.3,middle,5026,V,reconstructed,0.7500516772270203,3.34241795539856,0.9606769680976868,5169
F,2027,V,0.3,middle,5026,V,observed_mean,0.1624693274497985,3.34241795539856,2.9962637424468994,5169
F,2027,V,0.3,end,5026,V,reconstructed,0.757821261882782,3.471259593963623,0.960840940475464,4395
F,2027,V,0.3,end,5026,V,observed_mean,0.227549210190773,3.471259593963623,3.0110280513763428,4395
F,2027,V,0.3,random,5026,V,reconstructed,0.7493711113929749,3.4155406951904297,0.960557758808136,5066
F,2027,V,0.3,random,5026,V,observed_mean,0.1870720535516739,3.4155406951904297,2.989454507827759,5066
F,2027,V,0.3,random,5027,V,reconstructed,0.7536153197288513,3.352121353149414,0.9620420336723328,5032
F,2027,V,0.3,random,5027,V,observed_mean,0.189987763762474,3.352121353149414,3.011777639389038,5032
F,2027,V,0.3,random,5028,V,reconstructed,0.7517004609107971,3.381825685501098,0.9605093598365784,5025
F,2027,V,0.3,random,5028,V,observed_mean,0.1838935017585754,3.381825685501098,3.001574993133545,5025
F,2027,V,0.4,random,5026,V,reconstructed,0.7543178200721741,3.394037961959839,0.9591944813728333,6803
F,2027,V,0.4,random,5026,V,observed_mean,0.198613241314888,3.394037961959839,3.0166144371032715,6803
F,2027,V,0.4,random,5027,V,reconstructed,0.7568724155426025,3.3486437797546387,0.9603643417358398,6744
F,2027,V,0.4,random,5027,V,observed_mean,0.2010062932968139,3.3486437797546387,3.037767171859741,6744
F,2027,V,0.4,random,5028,V,reconstructed,0.7579435110092163,3.380366325378418,0.9592413902282716,6739
F,2027,V,0.4,random,5028,V,observed_mean,0.1963517367839813,3.380366325378418,3.02471137046814,6739
F,2027,V,0.5,random,5026,V,reconstructed,0.7587831020355225,3.3748764991760254,0.9578970074653624,8514
F,2027,V,0.5,random,5026,V,observed_mean,0.2102292627096176,3.3748764991760254,3.063997507095337,8514
F,2027,V,0.5,random,5027,V,reconstructed,0.7618017196655273,3.3531715869903564,0.95920330286026,8456
F,2027,V,0.5,random,5027,V,observed_mean,0.2114773541688919,3.3531715869903564,3.078369379043579,8456
F,2027,V,0.5,random,5028,V,reconstructed,0.7621226906776428,3.3665716648101807,0.9588148593902588,8460
F,2027,V,0.5,random,5028,V,observed_mean,0.210506722331047,3.3665716648101807,3.071045398712158,8460
F,2027,TA,0.3,start,5026,T,reconstructed,0.2008835673332214,12.515563011169434,7.14412784576416,4757
F,2027,TA,0.3,start,5026,T,observed_mean,0.1365429461002349,12.515563011169434,11.429993629455566,4757
F,2027,TA,0.3,start,5026,A,reconstructed,0.9025379419326782,3.1057467460632324,0.847679078578949,4757
F,2027,TA,0.3,start,5026,A,observed_mean,0.5114448666572571,3.1057467460632324,2.0926733016967773,4757
F,2027,TA,0.3,middle,5026,T,reconstructed,0.2157211005687713,12.012063026428224,7.108238220214844,5484
F,2027,TA,0.3,middle,5026,T,observed_mean,0.1497772783041,12.012063026428224,11.49425983428955,5484
F,2027,TA,0.3,middle,5026,A,reconstructed,0.8942358493804932,3.0712740421295166,0.837809145450592,5484
F,2027,TA,0.3,middle,5026,A,observed_mean,0.4642347395420074,3.0712740421295166,2.092587947845459,5484
F,2027,TA,0.3,end,5026,T,reconstructed,0.2246423214673996,12.11172103881836,7.046377182006836,4757
F,2027,TA,0.3,end,5026,T,observed_mean,0.1582567989826202,12.11172103881836,11.013270378112791,4757
F,2027,TA,0.3,end,5026,A,reconstructed,0.8818170428276062,3.07468843460083,0.8452552556991577,4757
F,2027,TA,0.3,end,5026,A,observed_mean,0.5491189360618591,3.07468843460083,2.133756399154663,4757
F,2027,TA,0.3,random,5026,T,reconstructed,0.2136916071176529,12.14249324798584,7.102695941925049,5389
F,2027,TA,0.3,random,5026,T,observed_mean,0.1509473025798797,12.14249324798584,11.428496360778809,5389
F,2027,TA,0.3,random,5026,A,reconstructed,0.8920369148254395,3.0639801025390625,0.8425161838531494,5389
F,2027,TA,0.3,random,5026,A,observed_mean,0.4959727823734283,3.0639801025390625,2.113256931304932,5389
F,2027,TA,0.3,random,5027,T,reconstructed,0.215515062212944,12.064937591552734,7.088744640350342,5399
F,2027,TA,0.3,random,5027,T,observed_mean,0.1520062536001205,12.064937591552734,11.358381271362305,5399
F,2027,TA,0.3,random,5027,A,reconstructed,0.8967269062995911,3.0745174884796143,0.8409675359725952,5399
F,2027,TA,0.3,random,5027,A,observed_mean,0.4976600110530853,3.0745174884796143,2.121732711791992,5399
F,2027,TA,0.3,random,5028,T,reconstructed,0.2230086028575897,12.077230453491213,7.15934944152832,5383
F,2027,TA,0.3,random,5028,T,observed_mean,0.158183678984642,12.077230453491213,11.475214958190918,5383
F,2027,TA,0.3,random,5028,A,reconstructed,0.8925157189369202,3.091313123703003,0.8425444960594177,5383
F,2027,TA,0.3,random,5028,A,observed_mean,0.4913970828056335,3.091313123703003,2.0977375507354736,5383
F,2027,TV,0.3,start,5026,T,reconstructed,0.1997536867856979,12.517080307006836,7.191476345062256,4753
F,2027,TV,0.3,start,5026,T,observed_mean,0.1365763843059539,12.517080307006836,11.431329727172852,4753
F,2027,TV,0.3,start,5026,V,reconstructed,0.755897581577301,3.3463330268859863,0.969762682914734,4502
F,2027,TV,0.3,start,5026,V,observed_mean,0.2115864753723144,3.3463330268859863,3.0038037300109863,4502
F,2027,TV,0.3,middle,5026,T,reconstructed,0.2146142125129699,12.014843940734863,7.157483100891113,5481
F,2027,TV,0.3,middle,5026,T,observed_mean,0.1497702896595001,12.014843940734863,11.495598793029783,5481
F,2027,TV,0.3,middle,5026,V,reconstructed,0.7411929965019226,3.34241795539856,0.9677735567092896,5169
F,2027,TV,0.3,middle,5026,V,observed_mean,0.1624693274497985,3.34241795539856,2.9962637424468994,5169
F,2027,TV,0.3,end,5026,T,reconstructed,0.2235026210546493,12.115904808044434,7.095837116241455,4748
F,2027,TV,0.3,end,5026,T,observed_mean,0.1582548767328262,12.115904808044434,11.013556480407717,4748
F,2027,TV,0.3,end,5026,V,reconstructed,0.7524537444114685,3.471259593963623,0.9671443104743958,4395
F,2027,TV,0.3,end,5026,V,observed_mean,0.227549210190773,3.471259593963623,3.0110280513763428,4395
F,2027,TV,0.3,random,5026,T,reconstructed,0.2125564664602279,12.14249324798584,7.157252311706543,5389
F,2027,TV,0.3,random,5026,T,observed_mean,0.1509473025798797,12.14249324798584,11.428496360778809,5389
F,2027,TV,0.3,random,5026,V,reconstructed,0.7449370622634888,3.4155406951904297,0.9678526520729064,5066
F,2027,TV,0.3,random,5026,V,observed_mean,0.1870720535516739,3.4155406951904297,2.989454507827759,5066
F,2027,TV,0.3,random,5027,T,reconstructed,0.2144307196140289,12.067474365234377,7.147130489349365,5395
F,2027,TV,0.3,random,5027,T,observed_mean,0.152005985379219,12.067474365234377,11.366981506347656,5395
F,2027,TV,0.3,random,5027,V,reconstructed,0.7441900968551636,3.352121353149414,0.9715545177459716,5032
F,2027,TV,0.3,random,5027,V,observed_mean,0.189987763762474,3.352121353149414,3.011777639389038,5032
F,2027,TV,0.3,random,5028,T,reconstructed,0.2217707931995391,12.082012176513672,7.210335731506348,5373
F,2027,TV,0.3,random,5028,T,observed_mean,0.1581683009862899,12.082012176513672,11.476678848266602,5373
F,2027,TV,0.3,random,5028,V,reconstructed,0.7453392744064331,3.381825685501098,0.9660274982452391,5025
F,2027,TV,0.3,random,5028,V,observed_mean,0.1838935017585754,3.381825685501098,3.001574993133545,5025
F,2027,AV,0.3,start,5026,A,reconstructed,0.902511179447174,3.106051206588745,0.8432910442352295,4753
F,2027,AV,0.3,start,5026,A,observed_mean,0.5113826990127563,3.106051206588745,2.092514991760254,4753
F,2027,AV,0.3,start,5026,V,reconstructed,0.7574198842048645,3.3463330268859863,0.9674856066703796,4502
F,2027,AV,0.3,start,5026,V,observed_mean,0.2115864753723144,3.3463330268859863,3.0038037300109863,4502
F,2027,AV,0.3,middle,5026,A,reconstructed,0.8918243050575256,3.0706710815429688,0.8443425297737122,5481
F,2027,AV,0.3,middle,5026,A,observed_mean,0.4643966257572174,3.0706710815429688,2.091432571411133,5481
F,2027,AV,0.3,middle,5026,V,reconstructed,0.7495194673538208,3.34241795539856,0.9657949805259703,5169
F,2027,AV,0.3,middle,5026,V,observed_mean,0.1624693274497985,3.34241795539856,2.9962637424468994,5169
F,2027,AV,0.3,end,5026,A,reconstructed,0.87742680311203,3.0747947692871094,0.8416054248809814,4748
F,2027,AV,0.3,end,5026,A,observed_mean,0.5491748452186584,3.0747947692871094,2.132454872131348,4748
F,2027,AV,0.3,end,5026,V,reconstructed,0.7573233246803284,3.471259593963623,0.9642149209976196,4395
F,2027,AV,0.3,end,5026,V,observed_mean,0.227549210190773,3.471259593963623,3.0110280513763428,4395
F,2027,AV,0.3,random,5026,A,reconstructed,0.8907389044761658,3.0639801025390625,0.8453875184059143,5389
F,2027,AV,0.3,random,5026,A,observed_mean,0.4959727823734283,3.0639801025390625,2.113256931304932,5389
F,2027,AV,0.3,random,5026,V,reconstructed,0.7486447691917419,3.4155406951904297,0.9651631712913512,5066
F,2027,AV,0.3,random,5026,V,observed_mean,0.1870720535516739,3.4155406951904297,2.989454507827759,5066
F,2027,AV,0.3,random,5027,A,reconstructed,0.8930298686027527,3.074058771133423,0.8437620401382446,5395
F,2027,AV,0.3,random,5027,A,observed_mean,0.4977488815784454,3.074058771133423,2.120615243911743,5395
F,2027,AV,0.3,random,5027,V,reconstructed,0.7535979747772217,3.352121353149414,0.9664830565452576,5032
F,2027,AV,0.3,random,5027,V,observed_mean,0.189987763762474,3.352121353149414,3.011777639389038,5032
F,2027,AV,0.3,random,5028,A,reconstructed,0.8932846188545227,3.0911219120025635,0.843550980091095,5373
F,2027,AV,0.3,random,5028,A,observed_mean,0.491534411907196,3.0911219120025635,2.095557928085327,5373
F,2027,AV,0.3,random,5028,V,reconstructed,0.7509692907333374,3.381825685501098,0.9655272364616394,5025
F,2027,AV,0.3,random,5028,V,observed_mean,0.1838935017585754,3.381825685501098,3.001574993133545,5025
F,2027,TAV,0.3,start,5026,T,reconstructed,0.2005509585142135,12.517080307006836,7.261083602905273,4753
F,2027,TAV,0.3,start,5026,T,observed_mean,0.1365763843059539,12.517080307006836,11.431329727172852,4753
F,2027,TAV,0.3,start,5026,A,reconstructed,0.9009105563163756,3.106051206588745,0.8445807099342346,4753
F,2027,TAV,0.3,start,5026,A,observed_mean,0.5113826990127563,3.106051206588745,2.092514991760254,4753
F,2027,TAV,0.3,start,5026,V,reconstructed,0.7552383542060852,3.3463330268859863,0.9724525809288024,4502
F,2027,TAV,0.3,start,5026,V,observed_mean,0.2115864753723144,3.3463330268859863,3.0038037300109863,4502
F,2027,TAV,0.3,middle,5026,T,reconstructed,0.2151380479335785,12.014843940734863,7.251445293426514,5481
F,2027,TAV,0.3,middle,5026,T,observed_mean,0.1497702896595001,12.014843940734863,11.495598793029783,5481
F,2027,TAV,0.3,middle,5026,A,reconstructed,0.8902199268341064,3.0706710815429688,0.8304232358932495,5481
F,2027,TAV,0.3,middle,5026,A,observed_mean,0.4643966257572174,3.0706710815429688,2.091432571411133,5481
F,2027,TAV,0.3,middle,5026,V,reconstructed,0.7396202683448792,3.34241795539856,0.9700811505317688,5169
F,2027,TAV,0.3,middle,5026,V,observed_mean,0.1624693274497985,3.34241795539856,2.9962637424468994,5169
F,2027,TAV,0.3,end,5026,T,reconstructed,0.2235355526208877,12.115904808044434,7.166305065155029,4748
F,2027,TAV,0.3,end,5026,T,observed_mean,0.1582548767328262,12.115904808044434,11.013556480407717,4748
F,2027,TAV,0.3,end,5026,A,reconstructed,0.8778244853019714,3.0747947692871094,0.8408942818641663,4748
F,2027,TAV,0.3,end,5026,A,observed_mean,0.5491748452186584,3.0747947692871094,2.132454872131348,4748
F,2027,TAV,0.3,end,5026,V,reconstructed,0.7516380548477173,3.471259593963623,0.9686670303344728,4395
F,2027,TAV,0.3,end,5026,V,observed_mean,0.227549210190773,3.471259593963623,3.0110280513763428,4395
F,2027,TAV,0.3,random,5026,T,reconstructed,0.2130004167556762,12.14249324798584,7.245563983917236,5389
F,2027,TAV,0.3,random,5026,T,observed_mean,0.1509473025798797,12.14249324798584,11.428496360778809,5389
F,2027,TAV,0.3,random,5026,A,reconstructed,0.8882749080657959,3.0639801025390625,0.8371325135231018,5389
F,2027,TAV,0.3,random,5026,A,observed_mean,0.4959727823734283,3.0639801025390625,2.113256931304932,5389
F,2027,TAV,0.3,random,5026,V,reconstructed,0.7435644268989563,3.4155406951904297,0.969836950302124,5066
F,2027,TAV,0.3,random,5026,V,observed_mean,0.1870720535516739,3.4155406951904297,2.989454507827759,5066
F,2027,TAV,0.3,random,5027,T,reconstructed,0.2144461572170257,12.067474365234377,7.233243942260742,5395
F,2027,TAV,0.3,random,5027,T,observed_mean,0.152005985379219,12.067474365234377,11.366981506347656,5395
F,2027,TAV,0.3,random,5027,A,reconstructed,0.8929848670959473,3.074058771133423,0.8354555368423462,5395
F,2027,TAV,0.3,random,5027,A,observed_mean,0.4977488815784454,3.074058771133423,2.120615243911743,5395
F,2027,TAV,0.3,random,5027,V,reconstructed,0.7437012791633606,3.352121353149414,0.9733685851097108,5032
F,2027,TAV,0.3,random,5027,V,observed_mean,0.189987763762474,3.352121353149414,3.011777639389038,5032
F,2027,TAV,0.3,random,5028,T,reconstructed,0.2225843220949173,12.082012176513672,7.303130149841309,5373
F,2027,TAV,0.3,random,5028,T,observed_mean,0.1581683009862899,12.082012176513672,11.476678848266602,5373
F,2027,TAV,0.3,random,5028,A,reconstructed,0.8888952732086182,3.0911219120025635,0.8362274765968323,5373
F,2027,TAV,0.3,random,5028,A,observed_mean,0.491534411907196,3.0911219120025635,2.095557928085327,5373
F,2027,TAV,0.3,random,5028,V,reconstructed,0.7438492178916931,3.381825685501098,0.967930257320404,5025
F,2027,TAV,0.3,random,5028,V,observed_mean,0.1838935017585754,3.381825685501098,3.001574993133545,5025
F,2028,T,0.1,random,5026,T,reconstructed,0.264405608177185,11.071910858154297,4.737346172332764,1711
F,2028,T,0.1,random,5026,T,observed_mean,0.1210659071803093,11.071910858154297,10.28189468383789,1711
F,2028,T,0.1,random,5027,T,reconstructed,0.2680873274803161,11.059961318969728,4.736347675323486,1711
F,2028,T,0.1,random,5027,T,observed_mean,0.130064308643341,11.059961318969728,10.212501525878906,1711
F,2028,T,0.1,random,5028,T,reconstructed,0.2736151218414306,11.01961898803711,4.736970901489258,1711
F,2028,T,0.1,random,5028,T,observed_mean,0.1347136199474334,11.01961898803711,10.20749855041504,1711
F,2028,T,0.2,random,5026,T,reconstructed,0.2760876715183258,11.021143913269045,4.704992771148682,3400
F,2028,T,0.2,random,5026,T,observed_mean,0.1448462456464767,11.021143913269045,10.235835075378418,3400
F,2028,T,0.2,random,5027,T,reconstructed,0.276672214269638,11.007267951965332,4.712928295135498,3400
F,2028,T,0.2,random,5027,T,observed_mean,0.147769033908844,11.007267951965332,10.207345008850098,3400
F,2028,T,0.2,random,5028,T,reconstructed,0.2802932262420654,10.993371963500977,4.706904411315918,3400
F,2028,T,0.2,random,5028,T,observed_mean,0.1536926627159118,10.993371963500977,10.209765434265137,3400
F,2028,T,0.3,start,5026,T,reconstructed,0.2762163877487182,11.22806167602539,4.608203887939453,5039
F,2028,T,0.3,start,5026,T,observed_mean,0.1622747033834457,11.22806167602539,10.197778701782228,5039
F,2028,T,0.3,middle,5026,T,reconstructed,0.2824016511440277,10.914605140686035,4.64431619644165,5039
F,2028,T,0.3,middle,5026,T,observed_mean,0.1581749320030212,10.914605140686035,10.169305801391602,5039
F,2028,T,0.3,end,5026,T,reconstructed,0.3002624809741974,11.029183387756348,4.657166481018066,5039
F,2028,T,0.3,end,5026,T,observed_mean,0.1856189519166946,11.029183387756348,9.858574867248535,5039
F,2028,T,0.3,random,5026,T,reconstructed,0.2859745025634765,11.013508796691896,4.649012088775635,5039
F,2028,T,0.3,random,5026,T,observed_mean,0.1645591109991073,11.013508796691896,10.175986289978027,5039
F,2028,T,0.3,random,5027,T,reconstructed,0.2858988642692566,10.98161792755127,4.652713775634766,5039
F,2028,T,0.3,random,5027,T,observed_mean,0.1668174415826797,10.98161792755127,10.147680282592772,5039
F,2028,T,0.3,random,5028,T,reconstructed,0.2864347398281097,10.96725082397461,4.671824932098389,5039
F,2028,T,0.3,random,5028,T,observed_mean,0.1693972051143646,10.96725082397461,10.221652030944824,5039
F,2028,T,0.4,random,5026,T,reconstructed,0.2977246940135956,10.99972915649414,4.592392444610596,6740
F,2028,T,0.4,random,5026,T,observed_mean,0.1881687194108963,10.99972915649414,10.080205917358398,6740
F,2028,T,0.4,random,5027,T,reconstructed,0.2993685603141784,10.959833145141602,4.608896732330322,6740
F,2028,T,0.4,random,5027,T,observed_mean,0.1924674212932586,10.959833145141602,10.130717277526855,6740
F,2028,T,0.4,random,5028,T,reconstructed,0.2981918454170227,10.965936660766602,4.609185218811035,6740
F,2028,T,0.4,random,5028,T,observed_mean,0.191107302904129,10.965936660766602,10.203397750854492,6740
F,2028,T,0.5,random,5026,T,reconstructed,0.3131393194198608,11.004565238952637,4.495160102844238,8415
F,2028,T,0.5,random,5026,T,observed_mean,0.2154245376586914,11.004565238952637,10.006712913513184,8415
F,2028,T,0.5,random,5027,T,reconstructed,0.3116378486156463,10.968080520629885,4.526305675506592,8415
F,2028,T,0.5,random,5027,T,observed_mean,0.2180861979722976,10.968080520629885,10.050782203674316,8415
F,2028,T,0.5,random,5028,T,reconstructed,0.3126910328865051,10.959117889404297,4.540771007537842,8415
F,2028,T,0.5,random,5028,T,observed_mean,0.2178377211093902,10.959117889404297,10.09175968170166,8415
F,2028,A,0.1,random,5026,A,reconstructed,0.9136375784873962,3.096149682998657,0.8651195764541626,1778
F,2028,A,0.1,random,5026,A,observed_mean,0.4368124902248382,3.096149682998657,2.0372281074523926,1778
F,2028,A,0.1,random,5027,A,reconstructed,0.9198103547096252,3.103034734725952,0.8642470240592957,1770
F,2028,A,0.1,random,5027,A,observed_mean,0.4374789595603943,3.103034734725952,2.0584988594055176,1770
F,2028,A,0.1,random,5028,A,reconstructed,0.9146270155906676,3.046792507171631,0.8650643825531006,1766
F,2028,A,0.1,random,5028,A,observed_mean,0.4341357946395874,3.046792507171631,2.0575146675109863,1766
F,2028,A,0.2,random,5026,A,reconstructed,0.9135429859161376,3.0703132152557373,0.8680366277694702,3579
F,2028,A,0.2,random,5026,A,observed_mean,0.4705633819103241,3.0703132152557373,2.071174144744873,3579
F,2028,A,0.2,random,5027,A,reconstructed,0.918748676776886,3.085066795349121,0.8676449060440063,3579
F,2028,A,0.2,random,5027,A,observed_mean,0.4772031009197235,3.085066795349121,2.0793135166168213,3579
F,2028,A,0.2,random,5028,A,reconstructed,0.9134405851364136,3.072265625,0.8671212196350098,3568
F,2028,A,0.2,random,5028,A,observed_mean,0.4656046032905578,3.072265625,2.075427770614624,3568
F,2028,A,0.3,start,5026,A,reconstructed,0.9171655774116516,3.107417106628418,0.8734275698661804,4757
F,2028,A,0.3,start,5026,A,observed_mean,0.510108470916748,3.107417106628418,2.094857215881348,4757
F,2028,A,0.3,middle,5026,A,reconstructed,0.914367973804474,3.073204755783081,0.870873749256134,5484
F,2028,A,0.3,middle,5026,A,observed_mean,0.4633699655532837,3.073204755783081,2.0950026512146,5484
F,2028,A,0.3,end,5026,A,reconstructed,0.9142898321151732,3.075608253479004,0.8661292195320129,4757
F,2028,A,0.3,end,5026,A,observed_mean,0.5478122234344482,3.075608253479004,2.136362314224243,4757
F,2028,A,0.3,random,5026,A,reconstructed,0.91505366563797,3.065610647201538,0.8715397119522095,5389
F,2028,A,0.3,random,5026,A,observed_mean,0.4948998689651489,3.065610647201538,2.1157443523406982,5389
F,2028,A,0.3,random,5027,A,reconstructed,0.9177163243293762,3.0757832527160645,0.8713583946228027,5399
F,2028,A,0.3,random,5027,A,observed_mean,0.4966868162155151,3.0757832527160645,2.124113082885742,5399
F,2028,A,0.3,random,5028,A,reconstructed,0.9145339727401732,3.093489408493042,0.8707917928695679,5383
F,2028,A,0.3,random,5028,A,observed_mean,0.4902007281780243,3.093489408493042,2.0995306968688965,5383
F,2028,A,0.4,random,5026,A,reconstructed,0.9142583012580872,3.058478355407715,0.875739574432373,7220
F,2028,A,0.4,random,5026,A,observed_mean,0.5134217739105225,3.058478355407715,2.182344436645508,7220
F,2028,A,0.4,random,5027,A,reconstructed,0.916965663433075,3.073772668838501,0.8754266500473022,7219
F,2028,A,0.4,random,5027,A,observed_mean,0.5128803849220276,3.073772668838501,2.1828854084014893,7219
F,2028,A,0.4,random,5028,A,reconstructed,0.9136316180229188,3.0852959156036377,0.8747133016586304,7208
F,2028,A,0.4,random,5028,A,observed_mean,0.5094272494316101,3.0852959156036377,2.158555030822754,7208
F,2028,A,0.5,random,5026,A,reconstructed,0.9139288663864136,3.0556304454803467,0.8796051740646362,9038
F,2028,A,0.5,random,5026,A,observed_mean,0.5274618268013,3.0556304454803467,2.254603385925293,9038
F,2028,A,0.5,random,5027,A,reconstructed,0.9156448841094972,3.0753793716430664,0.8793129920959473,9040
F,2028,A,0.5,random,5027,A,observed_mean,0.527006983757019,3.0753793716430664,2.243812799453736,9040
F,2028,A,0.5,random,5028,A,reconstructed,0.9137611389160156,3.0821008682250977,0.8787109851837158,9031
F,2028,A,0.5,random,5028,A,observed_mean,0.5271333456039429,3.0821008682250977,2.223172187805176,9031
F,2028,V,0.1,random,5026,V,reconstructed,0.7688097357749939,3.3927316665649414,1.0697944164276123,1669
F,2028,V,0.1,random,5026,V,observed_mean,0.1640422344207763,3.3927316665649414,2.9611246585845947,1669
F,2028,V,0.1,random,5027,V,reconstructed,0.7680963277816772,3.3248908519744877,1.0709760189056396,1655
F,2028,V,0.1,random,5027,V,observed_mean,0.1668367236852646,3.3248908519744877,2.969569206237793,1655
F,2028,V,0.1,random,5028,V,reconstructed,0.7704257965087891,3.385527372360229,1.070641279220581,1643
F,2028,V,0.1,random,5028,V,observed_mean,0.1588923186063766,3.385527372360229,2.986692428588867,1643
F,2028,V,0.2,random,5026,V,reconstructed,0.7747703790664673,3.425675392150879,1.0688629150390625,3361
F,2028,V,0.2,random,5026,V,observed_mean,0.1761996150016784,3.425675392150879,2.974127531051636,3361
F,2028,V,0.2,random,5027,V,reconstructed,0.7722700238227844,3.3406758308410645,1.0699915885925293,3338
F,2028,V,0.2,random,5027,V,observed_mean,0.1770157366991043,3.3406758308410645,2.989807605743408,3338
F,2028,V,0.2,random,5028,V,reconstructed,0.7748804688453674,3.389237403869629,1.0700643062591553,3328
F,2028,V,0.2,random,5028,V,observed_mean,0.173314020037651,3.389237403869629,2.9892208576202397,3328
F,2028,V,0.3,start,5026,V,reconstructed,0.781071126461029,3.341281652450561,1.0642496347427368,4502
F,2028,V,0.3,start,5026,V,observed_mean,0.2117135971784591,3.341281652450561,2.999255895614624,4502
F,2028,V,0.3,middle,5026,V,reconstructed,0.7751060724258423,3.337233543395996,1.06846284866333,5169
F,2028,V,0.3,middle,5026,V,observed_mean,0.1626689583063125,3.337233543395996,2.991288661956787,5169
F,2028,V,0.3,end,5026,V,reconstructed,0.783423125743866,3.4662773609161377,1.0733751058578491,4395
F,2028,V,0.3,end,5026,V,observed_mean,0.2276998907327652,3.4662773609161377,3.006190299987793,4395
F,2028,V,0.3,random,5026,V,reconstructed,0.7774236798286438,3.410217523574829,1.068813681602478,5066
F,2028,V,0.3,random,5026,V,observed_mean,0.1872083097696304,3.410217523574829,2.984511375427246,5066
F,2028,V,0.3,random,5027,V,reconstructed,0.7762467861175537,3.346699953079224,1.0697473287582395,5032
F,2028,V,0.3,random,5027,V,observed_mean,0.1902893483638763,3.346699953079224,3.0071330070495605,5032
F,2028,V,0.3,random,5028,V,reconstructed,0.7774889469146729,3.376877784729004,1.069582223892212,5025
F,2028,V,0.3,random,5028,V,observed_mean,0.1840662360191345,3.376877784729004,2.996513843536377,5025
F,2028,V,0.4,random,5026,V,reconstructed,0.7814907431602478,3.3889105319976807,1.068724513053894,6803
F,2028,V,0.4,random,5026,V,observed_mean,0.1987431049346923,3.3889105319976807,3.011441469192505,6803
F,2028,V,0.4,random,5027,V,reconstructed,0.7802757024765015,3.3432130813598637,1.069833278656006,6744
F,2028,V,0.4,random,5027,V,observed_mean,0.2012913078069687,3.3432130813598637,3.033249855041504,6744
F,2028,V,0.4,random,5028,V,reconstructed,0.7819362878799438,3.3754260540008545,1.069449782371521,6739
F,2028,V,0.4,random,5028,V,observed_mean,0.1965321898460388,3.3754260540008545,3.0195651054382324,6739
F,2028,V,0.5,random,5026,V,reconstructed,0.7850144505500793,3.369672536849976,1.0692797899246216,8514
F,2028,V,0.5,random,5026,V,observed_mean,0.210391879081726,3.369672536849976,3.058880090713501,8514
F,2028,V,0.5,random,5027,V,reconstructed,0.7850047945976257,3.3477516174316406,1.070500731468201,8456
F,2028,V,0.5,random,5027,V,observed_mean,0.2117320150136947,3.3477516174316406,3.0739564895629883,8456
F,2028,V,0.5,random,5028,V,reconstructed,0.7856432795524597,3.361577272415161,1.070155143737793,8460
F,2028,V,0.5,random,5028,V,observed_mean,0.2106985300779342,3.361577272415161,3.0656886100769043,8460
F,2028,TA,0.3,start,5026,T,reconstructed,0.2727788686752319,11.25064754486084,4.644121170043945,4757
F,2028,TA,0.3,start,5026,T,observed_mean,0.1575675159692764,11.25064754486084,10.228353500366213,4757
F,2028,TA,0.3,start,5026,A,reconstructed,0.9141854643821716,3.107417106628418,0.8867998123168945,4757
F,2028,TA,0.3,start,5026,A,observed_mean,0.510108470916748,3.107417106628418,2.094857215881348,4757
F,2028,TA,0.3,middle,5026,T,reconstructed,0.2875120937824249,10.910130500793455,4.663687229156494,5484
F,2028,TA,0.3,middle,5026,T,observed_mean,0.1692348420619964,10.910130500793455,10.208200454711914,5484
F,2028,TA,0.3,middle,5026,A,reconstructed,0.9140019416809082,3.073204755783081,0.8748518228530884,5484
F,2028,TA,0.3,middle,5026,A,observed_mean,0.4633699655532837,3.073204755783081,2.0950026512146,5484
F,2028,TA,0.3,end,5026,T,reconstructed,0.2954550981521606,11.040834426879885,4.691791534423828,4757
F,2028,TA,0.3,end,5026,T,observed_mean,0.1800476312637329,11.040834426879885,9.87222671508789,4757
F,2028,TA,0.3,end,5026,A,reconstructed,0.9144144654273988,3.075608253479004,0.8661918640136719,4757
F,2028,TA,0.3,end,5026,A,observed_mean,0.5478122234344482,3.075608253479004,2.136362314224243,4757
F,2028,TA,0.3,random,5026,T,reconstructed,0.2864720225334167,11.022900581359863,4.673203468322754,5389
F,2028,TA,0.3,random,5026,T,observed_mean,0.1689563691616058,11.022900581359863,10.16575050354004,5389
F,2028,TA,0.3,random,5026,A,reconstructed,0.914691150188446,3.065610647201538,0.8735811710357666,5389
F,2028,TA,0.3,random,5026,A,observed_mean,0.4948998689651489,3.065610647201538,2.1157443523406982,5389
F,2028,TA,0.3,random,5027,T,reconstructed,0.2861100137233734,10.997623443603516,4.664614200592041,5399
F,2028,TA,0.3,random,5027,T,observed_mean,0.1717529147863388,10.997623443603516,10.10837745666504,5399
F,2028,TA,0.3,random,5027,A,reconstructed,0.9145304560661316,3.0757832527160645,0.8756878972053528,5399
F,2028,TA,0.3,random,5027,A,observed_mean,0.4966868162155151,3.0757832527160645,2.124113082885742,5399
F,2028,TA,0.3,random,5028,T,reconstructed,0.290351927280426,10.974870681762695,4.691812038421631,5383
F,2028,TA,0.3,random,5028,T,observed_mean,0.1785718500614166,10.974870681762695,10.20688533782959,5383
F,2028,TA,0.3,random,5028,A,reconstructed,0.9157121181488036,3.093489408493042,0.871521532535553,5383
F,2028,TA,0.3,random,5028,A,observed_mean,0.4902007281780243,3.093489408493042,2.0995306968688965,5383
F,2028,TV,0.3,start,5026,T,reconstructed,0.2718298733234405,11.25258731842041,4.6784443855285645,4753
F,2028,TV,0.3,start,5026,T,observed_mean,0.1575769931077957,11.25258731842041,10.230243682861328,4753
F,2028,TV,0.3,start,5026,V,reconstructed,0.7791669368743896,3.341281652450561,1.0705056190490725,4502
F,2028,TV,0.3,start,5026,V,observed_mean,0.2117135971784591,3.341281652450561,2.999255895614624,4502
F,2028,TV,0.3,middle,5026,T,reconstructed,0.2862156927585602,10.912020683288574,4.702083587646484,5481
F,2028,TV,0.3,middle,5026,T,observed_mean,0.1692328006029129,10.912020683288574,10.20978832244873,5481
F,2028,TV,0.3,middle,5026,V,reconstructed,0.7650301456451416,3.337233543395996,1.080716252326965,5169
F,2028,TV,0.3,middle,5026,V,observed_mean,0.1626689583063125,3.337233543395996,2.991288661956787,5169
F,2028,TV,0.3,end,5026,T,reconstructed,0.2940858602523803,11.04605770111084,4.726195335388184,4748
F,2028,TV,0.3,end,5026,T,observed_mean,0.1801317632198333,11.04605770111084,9.875557899475098,4748
F,2028,TV,0.3,end,5026,V,reconstructed,0.7791938185691833,3.4662773609161377,1.084835648536682,4395
F,2028,TV,0.3,end,5026,V,observed_mean,0.2276998907327652,3.4662773609161377,3.006190299987793,4395
F,2028,TV,0.3,random,5026,T,reconstructed,0.2850445210933685,11.022900581359863,4.716656684875488,5389
F,2028,TV,0.3,random,5026,T,observed_mean,0.1689563691616058,11.022900581359863,10.16575050354004,5389
F,2028,TV,0.3,random,5026,V,reconstructed,0.7705363631248474,3.410217523574829,1.0767688751220703,5066
F,2028,TV,0.3,random,5026,V,observed_mean,0.1872083097696304,3.410217523574829,2.984511375427246,5066
F,2028,TV,0.3,random,5027,T,reconstructed,0.2844005823135376,11.000001907348633,4.708235740661621,5395
F,2028,TV,0.3,random,5027,T,observed_mean,0.1715370416641235,11.000001907348633,10.114774703979492,5395
F,2028,TV,0.3,random,5027,V,reconstructed,0.7696192264556885,3.346699953079224,1.0842761993408203,5032
F,2028,TV,0.3,random,5027,V,observed_mean,0.1902893483638763,3.346699953079224,3.0071330070495605,5032
F,2028,TV,0.3,random,5028,T,reconstructed,0.289143443107605,10.979866027832031,4.731841564178467,5373
F,2028,TV,0.3,random,5028,T,observed_mean,0.1784699559211731,10.979866027832031,10.209733963012695,5373
F,2028,TV,0.3,random,5028,V,reconstructed,0.7719059586524963,3.376877784729004,1.0775153636932373,5025
F,2028,TV,0.3,random,5028,V,observed_mean,0.1840662360191345,3.376877784729004,2.996513843536377,5025
F,2028,AV,0.3,start,5026,A,reconstructed,0.9169835448265076,3.107748746871948,0.872909426689148,4753
F,2028,AV,0.3,start,5026,A,observed_mean,0.5100392699241638,3.107748746871948,2.094714879989624,4753
F,2028,AV,0.3,start,5026,V,reconstructed,0.7801867723464966,3.341281652450561,1.0735503435134888,4502
F,2028,AV,0.3,start,5026,V,observed_mean,0.2117135971784591,3.341281652450561,2.999255895614624,4502
F,2028,AV,0.3,middle,5026,A,reconstructed,0.9151323437690736,3.07269287109375,0.8686282634735107,5481
F,2028,AV,0.3,middle,5026,A,observed_mean,0.4635230004787445,3.07269287109375,2.09395170211792,5481
F,2028,AV,0.3,middle,5026,V,reconstructed,0.774202287197113,3.337233543395996,1.0772398710250854,5169
F,2028,AV,0.3,middle,5026,V,observed_mean,0.1626689583063125,3.337233543395996,2.991288661956787,5169
F,2028,AV,0.3,end,5026,A,reconstructed,0.914652705192566,3.0757391452789307,0.8650829792022705,4748
F,2028,AV,0.3,end,5026,A,observed_mean,0.5478651523590088,3.0757391452789307,2.135095596313477,4748
F,2028,AV,0.3,end,5026,V,reconstructed,0.7823307514190674,3.4662773609161377,1.0800082683563232,4395
F,2028,AV,0.3,end,5026,V,observed_mean,0.2276998907327652,3.4662773609161377,3.006190299987793,4395
F,2028,AV,0.3,random,5026,A,reconstructed,0.915761172771454,3.065610647201538,0.869513750076294,5389
F,2028,AV,0.3,random,5026,A,observed_mean,0.4948998689651489,3.065610647201538,2.1157443523406982,5389
F,2028,AV,0.3,random,5026,V,reconstructed,0.776026725769043,3.410217523574829,1.0776996612548828,5066
F,2028,AV,0.3,random,5026,V,observed_mean,0.1872083097696304,3.410217523574829,2.984511375427246,5066
F,2028,AV,0.3,random,5027,A,reconstructed,0.9182940125465392,3.075390338897705,0.8697115182876587,5395
F,2028,AV,0.3,random,5027,A,observed_mean,0.4967700242996216,3.075390338897705,2.123065233230591,5395
F,2028,AV,0.3,random,5027,V,reconstructed,0.7748912572860718,3.346699953079224,1.079636573791504,5032
F,2028,AV,0.3,random,5027,V,observed_mean,0.1902893483638763,3.346699953079224,3.0071330070495605,5032
F,2028,AV,0.3,random,5028,A,reconstructed,0.9145493507385254,3.093449831008911,0.8689376711845398,5373
F,2028,AV,0.3,random,5028,A,observed_mean,0.4903239905834198,3.093449831008911,2.09748911857605,5373
F,2028,AV,0.3,random,5028,V,reconstructed,0.7762048840522766,3.376877784729004,1.0787333250045776,5025
F,2028,AV,0.3,random,5028,V,observed_mean,0.1840662360191345,3.376877784729004,2.996513843536377,5025
F,2028,TAV,0.3,start,5026,T,reconstructed,0.2708516716957092,11.25258731842041,4.7009711265563965,4753
F,2028,TAV,0.3,start,5026,T,observed_mean,0.1575769931077957,11.25258731842041,10.230243682861328,4753
F,2028,TAV,0.3,start,5026,A,reconstructed,0.9141417145729064,3.107748746871948,0.8798024654388428,4753
F,2028,TAV,0.3,start,5026,A,observed_mean,0.5100392699241638,3.107748746871948,2.094714879989624,4753
F,2028,TAV,0.3,start,5026,V,reconstructed,0.777610719203949,3.341281652450561,1.0786434412002563,4502
F,2028,TAV,0.3,start,5026,V,observed_mean,0.2117135971784591,3.341281652450561,2.999255895614624,4502
F,2028,TAV,0.3,middle,5026,T,reconstructed,0.2851477563381195,10.912020683288574,4.736863136291504,5481
F,2028,TAV,0.3,middle,5026,T,observed_mean,0.1692328006029129,10.912020683288574,10.20978832244873,5481
F,2028,TAV,0.3,middle,5026,A,reconstructed,0.9153054356575012,3.07269287109375,0.8614466190338135,5481
F,2028,TAV,0.3,middle,5026,A,observed_mean,0.4635230004787445,3.07269287109375,2.09395170211792,5481
F,2028,TAV,0.3,middle,5026,V,reconstructed,0.7631270885467529,3.337233543395996,1.088303804397583,5169
F,2028,TAV,0.3,middle,5026,V,observed_mean,0.1626689583063125,3.337233543395996,2.991288661956787,5169
F,2028,TAV,0.3,end,5026,T,reconstructed,0.2928509414196014,11.04605770111084,4.753230571746826,4748
F,2028,TAV,0.3,end,5026,T,observed_mean,0.1801317632198333,11.04605770111084,9.875557899475098,4748
F,2028,TAV,0.3,end,5026,A,reconstructed,0.9148463606834412,3.0757391452789307,0.8568517565727234,4748
F,2028,TAV,0.3,end,5026,A,observed_mean,0.5478651523590088,3.0757391452789307,2.135095596313477,4748
F,2028,TAV,0.3,end,5026,V,reconstructed,0.7775475382804871,3.4662773609161377,1.09118914604187,4395
F,2028,TAV,0.3,end,5026,V,observed_mean,0.2276998907327652,3.4662773609161377,3.006190299987793,4395
F,2028,TAV,0.3,random,5026,T,reconstructed,0.283593475818634,11.022900581359863,4.749675273895264,5389
F,2028,TAV,0.3,random,5026,T,observed_mean,0.1689563691616058,11.022900581359863,10.16575050354004,5389
F,2028,TAV,0.3,random,5026,A,reconstructed,0.9158318638801576,3.065610647201538,0.8607891201972961,5389
F,2028,TAV,0.3,random,5026,A,observed_mean,0.4948998689651489,3.065610647201538,2.1157443523406982,5389
F,2028,TAV,0.3,random,5026,V,reconstructed,0.7683650255203247,3.410217523574829,1.0845742225646973,5066
F,2028,TAV,0.3,random,5026,V,observed_mean,0.1872083097696304,3.410217523574829,2.984511375427246,5066
F,2028,TAV,0.3,random,5027,T,reconstructed,0.2830667197704315,11.000001907348633,4.737481117248535,5395
F,2028,TAV,0.3,random,5027,T,observed_mean,0.1715370416641235,11.000001907348633,10.114774703979492,5395
F,2028,TAV,0.3,random,5027,A,reconstructed,0.915503203868866,3.075390338897705,0.8637161254882812,5395
F,2028,TAV,0.3,random,5027,A,observed_mean,0.4967700242996216,3.075390338897705,2.123065233230591,5395
F,2028,TAV,0.3,random,5027,V,reconstructed,0.7672086358070374,3.346699953079224,1.0935851335525513,5032
F,2028,TAV,0.3,random,5027,V,observed_mean,0.1902893483638763,3.346699953079224,3.0071330070495605,5032
F,2028,TAV,0.3,random,5028,T,reconstructed,0.2880860865116119,10.979866027832031,4.766941070556641,5373
F,2028,TAV,0.3,random,5028,T,observed_mean,0.1784699559211731,10.979866027832031,10.209733963012695,5373
F,2028,TAV,0.3,random,5028,A,reconstructed,0.9161560535430908,3.093449831008911,0.8593069314956665,5373
F,2028,TAV,0.3,random,5028,A,observed_mean,0.4903239905834198,3.093449831008911,2.09748911857605,5373
F,2028,TAV,0.3,random,5028,V,reconstructed,0.7696480751037598,3.376877784729004,1.085369348526001,5025
F,2028,TAV,0.3,random,5028,V,observed_mean,0.1840662360191345,3.376877784729004,2.996513843536377,5025
F,2029,T,0.1,random,5026,T,reconstructed,0.242631047964096,10.695027351379396,5.406863689422607,1711
F,2029,T,0.1,random,5026,T,observed_mean,0.1146755814552307,10.695027351379396,10.028264999389648,1711
F,2029,T,0.1,random,5027,T,reconstructed,0.2463516891002655,10.62710952758789,5.384224891662598,1711
F,2029,T,0.1,random,5027,T,observed_mean,0.1218919530510902,10.62710952758789,9.99954319000244,1711
F,2029,T,0.1,random,5028,T,reconstructed,0.2521492540836334,10.62315559387207,5.402661323547363,1711
F,2029,T,0.1,random,5028,T,observed_mean,0.1267712116241455,10.62315559387207,9.969356536865234,1711
F,2029,T,0.2,random,5026,T,reconstructed,0.2548039555549621,10.633394241333008,5.365774154663086,3400
F,2029,T,0.2,random,5026,T,observed_mean,0.1396273374557495,10.633394241333008,9.992059707641602,3400
F,2029,T,0.2,random,5027,T,reconstructed,0.2552383244037628,10.583561897277832,5.349799156188965,3400
F,2029,T,0.2,random,5027,T,observed_mean,0.1408285051584243,10.583561897277832,9.996556282043455,3400
F,2029,T,0.2,random,5028,T,reconstructed,0.260049819946289,10.58074188232422,5.3809685707092285,3400
F,2029,T,0.2,random,5028,T,observed_mean,0.1467593312263488,10.58074188232422,10.015692710876465,3400
F,2029,T,0.3,start,5026,T,reconstructed,0.2577016353607178,10.7672758102417,5.2815656661987305,5039
F,2029,T,0.3,start,5026,T,observed_mean,0.1579567044973373,10.7672758102417,9.94002914428711,5039
F,2029,T,0.3,middle,5026,T,reconstructed,0.2584752440452575,10.520907402038574,5.282479763031006,5039
F,2029,T,0.3,middle,5026,T,observed_mean,0.1517965644598007,10.520907402038574,9.966075897216797,5039
F,2029,T,0.3,end,5026,T,reconstructed,0.2784315347671509,10.76275634765625,5.266763210296631,5039
F,2029,T,0.3,end,5026,T,observed_mean,0.1752137988805771,10.76275634765625,9.517328262329102,5039
F,2029,T,0.3,random,5026,T,reconstructed,0.2626387178897857,10.627653121948242,5.297487258911133,5039
F,2029,T,0.3,random,5026,T,observed_mean,0.1594609767198562,10.627653121948242,9.926581382751465,5039
F,2029,T,0.3,random,5027,T,reconstructed,0.2660589516162872,10.566031455993652,5.291079521179199,5039
F,2029,T,0.3,random,5027,T,observed_mean,0.1603415310382843,10.566031455993652,9.940335273742676,5039
F,2029,T,0.3,random,5028,T,reconstructed,0.2659266889095306,10.553088188171388,5.329015254974365,5039
F,2029,T,0.3,random,5028,T,observed_mean,0.1629506200551986,10.553088188171388,10.020549774169922,5039
F,2029,T,0.4,random,5026,T,reconstructed,0.2762190997600555,10.615242958068848,5.232766151428223,6740
F,2029,T,0.4,random,5026,T,observed_mean,0.182275965809822,10.615242958068848,9.882625579833984,6740
F,2029,T,0.4,random,5027,T,reconstructed,0.2804994583129883,10.555634498596191,5.239836692810059,6740
F,2029,T,0.4,random,5027,T,observed_mean,0.1870913207530975,10.555634498596191,9.941585540771484,6740
F,2029,T,0.4,random,5028,T,reconstructed,0.2771003246307373,10.558055877685549,5.260458946228027,6740
F,2029,T,0.4,random,5028,T,observed_mean,0.1844873130321502,10.558055877685549,10.01571273803711,6740
F,2029,T,0.5,random,5026,T,reconstructed,0.2900495529174804,10.614713668823242,5.133291244506836,8415
F,2029,T,0.5,random,5026,T,observed_mean,0.2087279856204986,10.614713668823242,9.80643367767334,8415
F,2029,T,0.5,random,5027,T,reconstructed,0.2916704416275024,10.568495750427246,5.151557922363281,8415
F,2029,T,0.5,random,5027,T,observed_mean,0.210989698767662,10.568495750427246,9.872430801391602,8415
F,2029,T,0.5,random,5028,T,reconstructed,0.2873300611972809,10.556076049804688,5.171629905700684,8415
F,2029,T,0.5,random,5028,T,observed_mean,0.2053588926792144,10.556076049804688,9.935141563415527,8415
F,2029,A,0.1,random,5026,A,reconstructed,0.923331081867218,3.090652704238892,0.9116305112838744,1778
F,2029,A,0.1,random,5026,A,observed_mean,0.4377222955226898,3.090652704238892,2.031654357910156,1778
F,2029,A,0.1,random,5027,A,reconstructed,0.9259697794914246,3.096351385116577,0.9104483127593994,1770
F,2029,A,0.1,random,5027,A,observed_mean,0.4386592805385589,3.096351385116577,2.0531699657440186,1770
F,2029,A,0.1,random,5028,A,reconstructed,0.9202378988265992,3.0415728092193604,0.9125370979309082,1766
F,2029,A,0.1,random,5028,A,observed_mean,0.434915691614151,3.0415728092193604,2.052170991897583,1766
F,2029,A,0.2,random,5026,A,reconstructed,0.923122227191925,3.06501579284668,0.9154420495033264,3579
F,2029,A,0.2,random,5026,A,observed_mean,0.4715999364852905,3.06501579284668,2.0653164386749268,3579
F,2029,A,0.2,random,5027,A,reconstructed,0.9256378412246704,3.078444480895996,0.9140303134918212,3579
F,2029,A,0.2,random,5027,A,observed_mean,0.4784306585788727,3.078444480895996,2.073887825012207,3579
F,2029,A,0.2,random,5028,A,reconstructed,0.9200139045715332,3.0660512447357178,0.9152619242668152,3568
F,2029,A,0.2,random,5028,A,observed_mean,0.4665360152721405,3.0660512447357178,2.069920063018799,3568
F,2029,A,0.3,start,5026,A,reconstructed,0.9278990030288696,3.1028735637664795,0.9204956889152528,4757
F,2029,A,0.3,start,5026,A,observed_mean,0.5110183954238892,3.1028735637664795,2.08847975730896,4757
F,2029,A,0.3,middle,5026,A,reconstructed,0.9258117079734802,3.0671093463897705,0.9187745451927184,5484
F,2029,A,0.3,middle,5026,A,observed_mean,0.4644446074962616,3.0671093463897705,2.089285373687744,5484
F,2029,A,0.3,end,5026,A,reconstructed,0.9212958812713624,3.0684385299682617,0.9133254885673524,4757
F,2029,A,0.3,end,5026,A,observed_mean,0.5489921569824219,3.0684385299682617,2.1308822631835938,4757
F,2029,A,0.3,random,5026,A,reconstructed,0.9244093894958496,3.0601282119750977,0.9189074635505676,5389
F,2029,A,0.3,random,5026,A,observed_mean,0.4958974421024322,3.0601282119750977,2.109675168991089,5389
F,2029,A,0.3,random,5027,A,reconstructed,0.9269019961357116,3.0694196224212646,0.9174850583076476,5399
F,2029,A,0.3,random,5027,A,observed_mean,0.4978028833866119,3.0694196224212646,2.118548393249512,5399
F,2029,A,0.3,random,5028,A,reconstructed,0.922490119934082,3.0873665809631348,0.9184054136276244,5383
F,2029,A,0.3,random,5028,A,observed_mean,0.4912509322166443,3.0873665809631348,2.094115257263184,5383
F,2029,A,0.4,random,5026,A,reconstructed,0.9250248670578004,3.0529820919036865,0.9229373931884766,7220
F,2029,A,0.4,random,5026,A,observed_mean,0.5145245790481567,3.0529820919036865,2.176142692565918,7220
F,2029,A,0.4,random,5027,A,reconstructed,0.926688551902771,3.06751561164856,0.9208580851554872,7219
F,2029,A,0.4,random,5027,A,observed_mean,0.513965904712677,3.06751561164856,2.1771929264068604,7219
F,2029,A,0.4,random,5028,A,reconstructed,0.9244306087493896,3.079279899597168,0.921865463256836,7208
F,2029,A,0.4,random,5028,A,observed_mean,0.5104938745498657,3.079279899597168,2.1529645919799805,7208
F,2029,A,0.5,random,5026,A,reconstructed,0.9254898428916932,3.0499627590179443,0.9260941743850708,9038
F,2029,A,0.5,random,5026,A,observed_mean,0.5286480784416199,3.0499627590179443,2.248551368713379,9038
F,2029,A,0.5,random,5027,A,reconstructed,0.9268483519554138,3.0693273544311523,0.924363911151886,9040
F,2029,A,0.5,random,5027,A,observed_mean,0.5280722379684448,3.0693273544311523,2.2380073070526123,9040
F,2029,A,0.5,random,5028,A,reconstructed,0.9255161881446838,3.0759470462799072,0.9253637194633484,9031
F,2029,A,0.5,random,5028,A,observed_mean,0.5282267928123474,3.0759470462799072,2.2177505493164062,9031
F,2029,V,0.1,random,5026,V,reconstructed,0.8175274133682251,3.3874824047088623,1.0416202545166016,1669
F,2029,V,0.1,random,5026,V,observed_mean,0.1639061570167541,3.3874824047088623,2.956664562225342,1669
F,2029,V,0.1,random,5027,V,reconstructed,0.8174660801887512,3.3201489448547363,1.0392000675201416,1655
F,2029,V,0.1,random,5027,V,observed_mean,0.1667052507400512,3.3201489448547363,2.965033054351806,1655
F,2029,V,0.1,random,5028,V,reconstructed,0.8191744089126587,3.379847526550293,1.0412285327911377,1643
F,2029,V,0.1,random,5028,V,observed_mean,0.1588026285171508,3.379847526550293,2.9821324348449707,1643
F,2029,V,0.2,random,5026,V,reconstructed,0.8227469325065613,3.419811964035034,1.0406965017318726,3361
F,2029,V,0.2,random,5026,V,observed_mean,0.1760916411876678,3.419811964035034,2.969599962234497,3361
F,2029,V,0.2,random,5027,V,reconstructed,0.8218701481819153,3.3355343341827397,1.0400159358978271,3338
F,2029,V,0.2,random,5027,V,observed_mean,0.1768929064273834,3.3355343341827397,2.9849929809570312,3338
F,2029,V,0.2,random,5028,V,reconstructed,0.8239226937294006,3.382990837097168,1.0398701429367063,3328
F,2029,V,0.2,random,5028,V,observed_mean,0.173234760761261,3.382990837097168,2.984896421432495,3328
F,2029,V,0.3,start,5026,V,reconstructed,0.8293746709823608,3.3364734649658203,1.0371768474578855,4502
F,2029,V,0.3,start,5026,V,observed_mean,0.2116974145174026,3.3364734649658203,2.994527578353882,4502
F,2029,V,0.3,middle,5026,V,reconstructed,0.8266134858131409,3.3320391178131104,1.0401917695999146,5169
F,2029,V,0.3,middle,5026,V,observed_mean,0.162520170211792,3.3320391178131104,2.9866647720336914,5169
F,2029,V,0.3,end,5026,V,reconstructed,0.8299943208694458,3.459899425506592,1.0393863916397097,4395
F,2029,V,0.3,end,5026,V,observed_mean,0.2276148945093155,3.459899425506592,3.001882314682007,4395
F,2029,V,0.3,random,5026,V,reconstructed,0.826176106929779,3.404498815536499,1.0402240753173828,5066
F,2029,V,0.3,random,5026,V,observed_mean,0.1870809197425842,3.404498815536499,2.980116128921509,5066
F,2029,V,0.3,random,5027,V,reconstructed,0.8250913023948669,3.3414363861083984,1.040637493133545,5032
F,2029,V,0.3,random,5027,V,observed_mean,0.1901219189167022,3.3414363861083984,3.002291679382324,5032
F,2029,V,0.3,random,5028,V,reconstructed,0.8280118703842163,3.3709778785705566,1.0397214889526367,5025
F,2029,V,0.3,random,5028,V,observed_mean,0.183945894241333,3.3709778785705566,2.992140293121338,5025
F,2029,V,0.4,random,5026,V,reconstructed,0.8296192288398743,3.38329815864563,1.040785551071167,6803
F,2029,V,0.4,random,5026,V,observed_mean,0.1985945403575897,3.38329815864563,3.0069618225097656,6803
F,2029,V,0.4,random,5027,V,reconstructed,0.8282663226127625,3.337921380996704,1.0411432981491089,6744
F,2029,V,0.4,random,5027,V,observed_mean,0.2011183202266693,3.337921380996704,3.028266668319702,6744
F,2029,V,0.4,random,5028,V,reconstructed,0.8322435021400452,3.369677782058716,1.040579915046692,6739
F,2029,V,0.4,random,5028,V,observed_mean,0.1964077651500702,3.369677782058716,3.015058279037476,6739
F,2029,V,0.5,random,5026,V,reconstructed,0.8323591947555542,3.364241123199463,1.041380763053894,8514
F,2029,V,0.5,random,5026,V,observed_mean,0.2102470695972442,3.364241123199463,3.0541036128997803,8514
F,2029,V,0.5,random,5027,V,reconstructed,0.8320587873458862,3.342562198638916,1.0419049263000488,8456
F,2029,V,0.5,random,5027,V,observed_mean,0.2115517854690551,3.342562198638916,3.068647623062134,8456
F,2029,V,0.5,random,5028,V,reconstructed,0.8346951007843018,3.356120347976685,1.0417944192886353,8460
F,2029,V,0.5,random,5028,V,observed_mean,0.2105559557676315,3.356120347976685,3.0609679222106934,8460
F,2029,TA,0.3,start,5026,T,reconstructed,0.2539028525352478,10.79384994506836,5.318336486816406,4757
F,2029,TA,0.3,start,5026,T,observed_mean,0.153136059641838,10.79384994506836,9.961103439331056,4757
F,2029,TA,0.3,start,5026,A,reconstructed,0.9266679883003236,3.1028735637664795,0.9347858428955078,4757
F,2029,TA,0.3,start,5026,A,observed_mean,0.5110183954238892,3.1028735637664795,2.08847975730896,4757
F,2029,TA,0.3,middle,5026,T,reconstructed,0.2635743916034698,10.520304679870604,5.31253719329834,5484
F,2029,TA,0.3,middle,5026,T,observed_mean,0.1616942584514618,10.520304679870604,9.994016647338867,5484
F,2029,TA,0.3,middle,5026,A,reconstructed,0.9250131845474244,3.0671093463897705,0.9233587980270386,5484
F,2029,TA,0.3,middle,5026,A,observed_mean,0.4644446074962616,3.0671093463897705,2.089285373687744,5484
F,2029,TA,0.3,end,5026,T,reconstructed,0.2725910544395447,10.787519454956056,5.3138861656188965,4757
F,2029,TA,0.3,end,5026,T,observed_mean,0.1692438721656799,10.787519454956056,9.53464126586914,4757
F,2029,TA,0.3,end,5026,A,reconstructed,0.9237706661224364,3.0684385299682617,0.923454523086548,4757
F,2029,TA,0.3,end,5026,A,observed_mean,0.5489921569824219,3.0684385299682617,2.1308822631835938,4757
F,2029,TA,0.3,random,5026,T,reconstructed,0.2637377083301544,10.647282600402832,5.33141565322876,5389
F,2029,TA,0.3,random,5026,T,observed_mean,0.1640962809324264,10.647282600402832,9.933219909667969,5389
F,2029,TA,0.3,random,5026,A,reconstructed,0.92312890291214,3.0601282119750977,0.9232445955276488,5389
F,2029,TA,0.3,random,5026,A,observed_mean,0.4958974421024322,3.0601282119750977,2.109675168991089,5389
F,2029,TA,0.3,random,5027,T,reconstructed,0.2653843462467193,10.590981483459473,5.304117679595947,5399
F,2029,TA,0.3,random,5027,T,observed_mean,0.1639936566352844,10.590981483459473,9.88293743133545,5399
F,2029,TA,0.3,random,5027,A,reconstructed,0.9258853197097778,3.0694196224212646,0.9240191578865052,5399
F,2029,TA,0.3,random,5027,A,observed_mean,0.4978028833866119,3.0694196224212646,2.118548393249512,5399
F,2029,TA,0.3,random,5028,T,reconstructed,0.2712840735912323,10.567391395568848,5.353903293609619,5383
F,2029,TA,0.3,random,5028,T,observed_mean,0.1724147349596023,10.567391395568848,9.996005058288574,5383
F,2029,TA,0.3,random,5028,A,reconstructed,0.9190263152122498,3.0873665809631348,0.9229504466056824,5383
F,2029,TA,0.3,random,5028,A,observed_mean,0.4912509322166443,3.0873665809631348,2.094115257263184,5383
F,2029,TV,0.3,start,5026,T,reconstructed,0.2523762881755829,10.795251846313477,5.349226474761963,4753
F,2029,TV,0.3,start,5026,T,observed_mean,0.1531563401222229,10.795251846313477,9.962187767028809,4753
F,2029,TV,0.3,start,5026,V,reconstructed,0.8243891000747681,3.3364734649658203,1.0536412000656128,4502
F,2029,TV,0.3,start,5026,V,observed_mean,0.2116974145174026,3.3364734649658203,2.994527578353882,4502
F,2029,TV,0.3,middle,5026,T,reconstructed,0.2624769508838653,10.52189826965332,5.351431369781494,5481
F,2029,TV,0.3,middle,5026,T,observed_mean,0.1617172211408615,10.52189826965332,9.995040893554688,5481
F,2029,TV,0.3,middle,5026,V,reconstructed,0.8208199739456177,3.3320391178131104,1.0499805212020874,5169
F,2029,TV,0.3,middle,5026,V,observed_mean,0.162520170211792,3.3320391178131104,2.9866647720336914,5169
F,2029,TV,0.3,end,5026,T,reconstructed,0.2710467875003814,10.792607307434082,5.343933582305908,4748
F,2029,TV,0.3,end,5026,T,observed_mean,0.1691914796829223,10.792607307434082,9.536386489868164,4748
F,2029,TV,0.3,end,5026,V,reconstructed,0.8249662518501282,3.459899425506592,1.047459602355957,4395
F,2029,TV,0.3,end,5026,V,observed_mean,0.2276148945093155,3.459899425506592,3.001882314682007,4395
F,2029,TV,0.3,random,5026,T,reconstructed,0.2630216479301452,10.647282600402832,5.370458602905273,5389
F,2029,TV,0.3,random,5026,T,observed_mean,0.1640962809324264,10.647282600402832,9.933219909667969,5389
F,2029,TV,0.3,random,5026,V,reconstructed,0.8166862726211548,3.404498815536499,1.0499446392059326,5066
F,2029,TV,0.3,random,5026,V,observed_mean,0.1870809197425842,3.404498815536499,2.980116128921509,5066
F,2029,TV,0.3,random,5027,T,reconstructed,0.2635180950164795,10.592795372009276,5.345332622528076,5395
F,2029,TV,0.3,random,5027,T,observed_mean,0.1637488305568695,10.592795372009276,9.885661125183104,5395
F,2029,TV,0.3,random,5027,V,reconstructed,0.8182955384254456,3.3414363861083984,1.0525966882705688,5032
F,2029,TV,0.3,random,5027,V,observed_mean,0.1901219189167022,3.3414363861083984,3.002291679382324,5032
F,2029,TV,0.3,random,5028,T,reconstructed,0.2699430584907532,10.571463584899902,5.388477325439453,5373
F,2029,TV,0.3,random,5028,T,observed_mean,0.1723998337984085,10.571463584899902,9.99733066558838,5373
F,2029,TV,0.3,random,5028,V,reconstructed,0.8160783052444458,3.3709778785705566,1.0507400035858154,5025
F,2029,TV,0.3,random,5028,V,observed_mean,0.183945894241333,3.3709778785705566,2.992140293121338,5025
F,2029,AV,0.3,start,5026,A,reconstructed,0.9274548292160034,3.1031768321990967,0.916994035243988,4753
F,2029,AV,0.3,start,5026,A,observed_mean,0.5109522938728333,3.1031768321990967,2.0883169174194336,4753
F,2029,AV,0.3,start,5026,V,reconstructed,0.8291552662849426,3.3364734649658203,1.0412931442260742,4502
F,2029,AV,0.3,start,5026,V,observed_mean,0.2116974145174026,3.3364734649658203,2.994527578353882,4502
F,2029,AV,0.3,middle,5026,A,reconstructed,0.9252000451087952,3.066559076309204,0.914769411087036,5481
F,2029,AV,0.3,middle,5026,A,observed_mean,0.4646025896072387,3.066559076309204,2.0882015228271484,5481
F,2029,AV,0.3,middle,5026,V,reconstructed,0.8254811763763428,3.3320391178131104,1.0433835983276367,5169
F,2029,AV,0.3,middle,5026,V,observed_mean,0.162520170211792,3.3320391178131104,2.9866647720336914,5169
F,2029,AV,0.3,end,5026,A,reconstructed,0.9204173684120178,3.068560838699341,0.909739315509796,4748
F,2029,AV,0.3,end,5026,A,observed_mean,0.5490415096282959,3.068560838699341,2.129620313644409,4748
F,2029,AV,0.3,end,5026,V,reconstructed,0.83040851354599,3.459899425506592,1.0403696298599243,4395
F,2029,AV,0.3,end,5026,V,observed_mean,0.2276148945093155,3.459899425506592,3.001882314682007,4395
F,2029,AV,0.3,random,5026,A,reconstructed,0.9233278036117554,3.0601282119750977,0.9153329730033876,5389
F,2029,AV,0.3,random,5026,A,observed_mean,0.4958974421024322,3.0601282119750977,2.109675168991089,5389
F,2029,AV,0.3,random,5026,V,reconstructed,0.8258719444274902,3.404498815536499,1.0422048568725586,5066
F,2029,AV,0.3,random,5026,V,observed_mean,0.1870809197425842,3.404498815536499,2.980116128921509,5066
F,2029,AV,0.3,random,5027,A,reconstructed,0.9262449145317078,3.068995475769043,0.9137163758277892,5395
F,2029,AV,0.3,random,5027,A,observed_mean,0.4978883564472198,3.068995475769043,2.117485284805298,5395
F,2029,AV,0.3,random,5027,V,reconstructed,0.8244905471801758,3.3414363861083984,1.0442010164260864,5032
F,2029,AV,0.3,random,5027,V,observed_mean,0.1901219189167022,3.3414363861083984,3.002291679382324,5032
F,2029,AV,0.3,random,5028,A,reconstructed,0.9219695329666138,3.0872371196746826,0.9143115878105164,5373
F,2029,AV,0.3,random,5028,A,observed_mean,0.4913810193538666,3.0872371196746826,2.0919578075408936,5373
F,2029,AV,0.3,random,5028,V,reconstructed,0.8277885913848877,3.3709778785705566,1.0425533056259155,5025
F,2029,AV,0.3,random,5028,V,observed_mean,0.183945894241333,3.3709778785705566,2.992140293121338,5025
F,2029,TAV,0.3,start,5026,T,reconstructed,0.2516818344593048,10.795251846313477,5.380239486694336,4753
F,2029,TAV,0.3,start,5026,T,observed_mean,0.1531563401222229,10.795251846313477,9.962187767028809,4753
F,2029,TAV,0.3,start,5026,A,reconstructed,0.926293671131134,3.1031768321990967,0.925157368183136,4753
F,2029,TAV,0.3,start,5026,A,observed_mean,0.5109522938728333,3.1031768321990967,2.0883169174194336,4753
F,2029,TAV,0.3,start,5026,V,reconstructed,0.8235165476799011,3.3364734649658203,1.0570597648620603,4502
F,2029,TAV,0.3,start,5026,V,observed_mean,0.2116974145174026,3.3364734649658203,2.994527578353882,4502
F,2029,TAV,0.3,middle,5026,T,reconstructed,0.2608196139335632,10.52189826965332,5.39710807800293,5481
F,2029,TAV,0.3,middle,5026,T,observed_mean,0.1617172211408615,10.52189826965332,9.995040893554688,5481
F,2029,TAV,0.3,middle,5026,A,reconstructed,0.9241734147071838,3.066559076309204,0.911104142665863,5481
F,2029,TAV,0.3,middle,5026,A,observed_mean,0.4646025896072387,3.066559076309204,2.0882015228271484,5481
F,2029,TAV,0.3,middle,5026,V,reconstructed,0.8184633851051331,3.3320391178131104,1.0485769510269165,5169
F,2029,TAV,0.3,middle,5026,V,observed_mean,0.162520170211792,3.3320391178131104,2.9866647720336914,5169
F,2029,TAV,0.3,end,5026,T,reconstructed,0.2698533535003662,10.792607307434082,5.379868984222412,4748
F,2029,TAV,0.3,end,5026,T,observed_mean,0.1691914796829223,10.792607307434082,9.536386489868164,4748
F,2029,TAV,0.3,end,5026,A,reconstructed,0.9230507612228394,3.068560838699341,0.913563907146454,4748
F,2029,TAV,0.3,end,5026,A,observed_mean,0.5490415096282959,3.068560838699341,2.129620313644409,4748
F,2029,TAV,0.3,end,5026,V,reconstructed,0.824792742729187,3.459899425506592,1.045429229736328,4395
F,2029,TAV,0.3,end,5026,V,observed_mean,0.2276148945093155,3.459899425506592,3.001882314682007,4395
F,2029,TAV,0.3,random,5026,T,reconstructed,0.2611633837223053,10.647282600402832,5.414758205413818,5389
F,2029,TAV,0.3,random,5026,T,observed_mean,0.1640962809324264,10.647282600402832,9.933219909667969,5389
F,2029,TAV,0.3,random,5026,A,reconstructed,0.9219215512275696,3.0601282119750977,0.9115254878997804,5389
F,2029,TAV,0.3,random,5026,A,observed_mean,0.4958974421024322,3.0601282119750977,2.109675168991089,5389
F,2029,TAV,0.3,random,5026,V,reconstructed,0.8151828646659851,3.404498815536499,1.0476070642471311,5066
F,2029,TAV,0.3,random,5026,V,observed_mean,0.1870809197425842,3.404498815536499,2.980116128921509,5066
F,2029,TAV,0.3,random,5027,T,reconstructed,0.2619185149669647,10.592795372009276,5.385369777679443,5395
F,2029,TAV,0.3,random,5027,T,observed_mean,0.1637488305568695,10.592795372009276,9.885661125183104,5395
F,2029,TAV,0.3,random,5027,A,reconstructed,0.9250293374061584,3.068995475769043,0.9123589992523192,5395
F,2029,TAV,0.3,random,5027,A,observed_mean,0.4978883564472198,3.068995475769043,2.117485284805298,5395
F,2029,TAV,0.3,random,5027,V,reconstructed,0.8165504336357117,3.3414363861083984,1.053324818611145,5032
F,2029,TAV,0.3,random,5027,V,observed_mean,0.1901219189167022,3.3414363861083984,3.002291679382324,5032
F,2029,TAV,0.3,random,5028,T,reconstructed,0.2688828706741333,10.571463584899902,5.437048435211182,5373
F,2029,TAV,0.3,random,5028,T,observed_mean,0.1723998337984085,10.571463584899902,9.99733066558838,5373
F,2029,TAV,0.3,random,5028,A,reconstructed,0.9181007742881776,3.0872371196746826,0.9104294180870056,5373
F,2029,TAV,0.3,random,5028,A,observed_mean,0.4913810193538666,3.0872371196746826,2.0919578075408936,5373
F,2029,TAV,0.3,random,5028,V,reconstructed,0.8146234154701233,3.3709778785705566,1.0496541261672974,5025
F,2029,TAV,0.3,random,5028,V,observed_mean,0.183945894241333,3.3709778785705566,2.992140293121338,5025
F,2030,T,0.1,random,5026,T,reconstructed,0.2748405635356903,10.49356460571289,5.491998195648193,1711
F,2030,T,0.1,random,5026,T,observed_mean,0.1376931518316269,10.49356460571289,9.664816856384276,1711
F,2030,T,0.1,random,5027,T,reconstructed,0.2814907729625702,10.46140193939209,5.450495719909668,1711
F,2030,T,0.1,random,5027,T,observed_mean,0.146156907081604,10.46140193939209,9.603996276855469,1711
F,2030,T,0.1,random,5028,T,reconstructed,0.2874170541763305,10.409187316894531,5.472833633422852,1711
F,2030,T,0.1,random,5028,T,observed_mean,0.1519907712936401,10.409187316894531,9.601176261901855,1711
F,2030,T,0.2,random,5026,T,reconstructed,0.2876206338405609,10.434370040893556,5.406810760498047,3400
F,2030,T,0.2,random,5026,T,observed_mean,0.1626129746437072,10.434370040893556,9.592452049255373,3400
F,2030,T,0.2,random,5027,T,reconstructed,0.2927546203136444,10.400338172912598,5.368465423583984,3400
F,2030,T,0.2,random,5027,T,observed_mean,0.1675622761249542,10.400338172912598,9.559484481811523,3400
F,2030,T,0.2,random,5028,T,reconstructed,0.2985740005970001,10.378925323486328,5.405125617980957,3400
F,2030,T,0.2,random,5028,T,observed_mean,0.1738590747117996,10.378925323486328,9.583593368530272,3400
F,2030,T,0.3,start,5026,T,reconstructed,0.2937078177928924,10.610115051269531,5.291078090667725,5039
F,2030,T,0.3,start,5026,T,observed_mean,0.1846895664930343,10.610115051269531,9.645496368408203,5039
F,2030,T,0.3,middle,5026,T,reconstructed,0.2942220270633697,10.330328941345217,5.251711845397949,5039
F,2030,T,0.3,middle,5026,T,observed_mean,0.1771962195634842,10.330328941345217,9.487434387207031,5039
F,2030,T,0.3,end,5026,T,reconstructed,0.3203786611557007,10.397157669067385,5.231551170349121,5039
F,2030,T,0.3,end,5026,T,observed_mean,0.201825737953186,10.397157669067385,9.253362655639648,5039
F,2030,T,0.3,random,5026,T,reconstructed,0.294403076171875,10.424646377563477,5.282979488372803,5039
F,2030,T,0.3,random,5026,T,observed_mean,0.1812808662652969,10.424646377563477,9.52348804473877,5039
F,2030,T,0.3,random,5027,T,reconstructed,0.3042685389518738,10.370254516601562,5.2702412605285645,5039
F,2030,T,0.3,random,5027,T,observed_mean,0.1887089014053344,10.370254516601562,9.53925895690918,5039
F,2030,T,0.3,random,5028,T,reconstructed,0.3042148649692535,10.35861873626709,5.338125705718994,5039
F,2030,T,0.3,random,5028,T,observed_mean,0.1909007281064987,10.35861873626709,9.601252555847168,5039
F,2030,T,0.4,random,5026,T,reconstructed,0.3093737661838531,10.4133882522583,5.142736911773682,6740
F,2030,T,0.4,random,5026,T,observed_mean,0.2058483064174652,10.4133882522583,9.415887832641602,6740
F,2030,T,0.4,random,5027,T,reconstructed,0.3197742998600006,10.36070728302002,5.173532009124756,6740
F,2030,T,0.4,random,5027,T,observed_mean,0.2153087258338928,10.36070728302002,9.509892463684082,6740
F,2030,T,0.4,random,5028,T,reconstructed,0.3168092370033264,10.36534309387207,5.200666904449463,6740
F,2030,T,0.4,random,5028,T,observed_mean,0.2126972675323486,10.36534309387207,9.559012413024902,6740
F,2030,T,0.5,random,5026,T,reconstructed,0.3285741209983825,10.41896152496338,4.98589563369751,8415
F,2030,T,0.5,random,5026,T,observed_mean,0.2351856529712677,10.41896152496338,9.302124977111816,8415
F,2030,T,0.5,random,5027,T,reconstructed,0.3370600640773773,10.370463371276855,5.001745223999023,8415
F,2030,T,0.5,random,5027,T,observed_mean,0.2442929744720459,10.370463371276855,9.39548110961914,8415
F,2030,T,0.5,random,5028,T,reconstructed,0.3346535563468933,10.365281105041504,5.0341105461120605,8415
F,2030,T,0.5,random,5028,T,observed_mean,0.2424190938472747,10.365281105041504,9.454352378845217,8415
F,2030,A,0.1,random,5026,A,reconstructed,0.922095000743866,3.085118532180786,0.8719872832298279,1778
F,2030,A,0.1,random,5026,A,observed_mean,0.4388314485549927,3.085118532180786,2.024984121322632,1778
F,2030,A,0.1,random,5027,A,reconstructed,0.927333116531372,3.0922908782958984,0.871180534362793,1770
F,2030,A,0.1,random,5027,A,observed_mean,0.4400496482849121,3.0922908782958984,2.046517372131348,1770
F,2030,A,0.1,random,5028,A,reconstructed,0.9280830025672911,3.0365262031555176,0.8737475872039795,1766
F,2030,A,0.1,random,5028,A,observed_mean,0.4364643096923828,3.0365262031555176,2.045401096343994,1766
F,2030,A,0.2,random,5026,A,reconstructed,0.9214281439781188,3.0592849254608154,0.8723900318145752,3579
F,2030,A,0.2,random,5026,A,observed_mean,0.4729110598564148,3.0592849254608154,2.0590991973876958,3579
F,2030,A,0.2,random,5027,A,reconstructed,0.928731381893158,3.074549913406372,0.8720080852508545,3579
F,2030,A,0.2,random,5027,A,observed_mean,0.4798237681388855,3.074549913406372,2.0673274993896484,3579
F,2030,A,0.2,random,5028,A,reconstructed,0.9286212921142578,3.061582088470459,0.8733559250831604,3568
F,2030,A,0.2,random,5028,A,observed_mean,0.468129426240921,3.061582088470459,2.0634512901306152,3568
F,2030,A,0.3,start,5026,A,reconstructed,0.9354085326194764,3.0963006019592285,0.8715125322341919,4757
F,2030,A,0.3,start,5026,A,observed_mean,0.5128574371337891,3.0963006019592285,2.0830979347229004,4757
F,2030,A,0.3,middle,5026,A,reconstructed,0.9309393763542176,3.063166379928589,0.8737367391586304,5484
F,2030,A,0.3,middle,5026,A,observed_mean,0.465629905462265,3.063166379928589,2.082441568374634,5484
F,2030,A,0.3,end,5026,A,reconstructed,0.914095938205719,3.064159870147705,0.8730947971343994,4757
F,2030,A,0.3,end,5026,A,observed_mean,0.5506381392478943,3.064159870147705,2.12451720237732,4757
F,2030,A,0.3,random,5026,A,reconstructed,0.92470121383667,3.054654598236084,0.8734096884727478,5389
F,2030,A,0.3,random,5026,A,observed_mean,0.497381180524826,3.054654598236084,2.1036949157714844,5389
F,2030,A,0.3,random,5027,A,reconstructed,0.929574966430664,3.0653319358825684,0.8735355138778687,5399
F,2030,A,0.3,random,5027,A,observed_mean,0.4993248283863067,3.0653319358825684,2.11207127571106,5399
F,2030,A,0.3,random,5028,A,reconstructed,0.9295164942741394,3.0826120376586914,0.8738833069801331,5383
F,2030,A,0.3,random,5028,A,observed_mean,0.4928741455078125,3.0826120376586914,2.087798833847046,5383
F,2030,A,0.4,random,5026,A,reconstructed,0.9264941811561584,3.047657966613769,0.8751015663146973,7220
F,2030,A,0.4,random,5026,A,observed_mean,0.5160273909568787,3.047657966613769,2.1702756881713867,7220
F,2030,A,0.4,random,5027,A,reconstructed,0.9301495552062988,3.06318998336792,0.8748306632041931,7219
F,2030,A,0.4,random,5027,A,observed_mean,0.5155140161514282,3.06318998336792,2.1707777976989746,7219
F,2030,A,0.4,random,5028,A,reconstructed,0.9303539991378784,3.0746467113494877,0.8752759695053101,7208
F,2030,A,0.4,random,5028,A,observed_mean,0.512060284614563,3.0746467113494877,2.14667010307312,7208
F,2030,A,0.5,random,5026,A,reconstructed,0.928707480430603,3.0449368953704834,0.876701295375824,9038
F,2030,A,0.5,random,5026,A,observed_mean,0.5301461815834045,3.0449368953704834,2.2425944805145264,9038
F,2030,A,0.5,random,5027,A,reconstructed,0.9307711124420166,3.064870595932007,0.8763768672943115,9040
F,2030,A,0.5,random,5027,A,observed_mean,0.5295988321304321,3.064870595932007,2.231541395187378,9040
F,2030,A,0.5,random,5028,A,reconstructed,0.9314841628074646,3.0713822841644287,0.8767670392990112,9031
F,2030,A,0.5,random,5028,A,observed_mean,0.5297084450721741,3.0713822841644287,2.21122670173645,9031
F,2030,V,0.1,random,5026,V,reconstructed,0.7674698829650879,3.3934571743011475,0.9866392612457277,1669
F,2030,V,0.1,random,5026,V,observed_mean,0.1638931035995483,3.3934571743011475,2.962435483932495,1669
F,2030,V,0.1,random,5027,V,reconstructed,0.7649944424629211,3.3262267112731934,0.9888590574264526,1655
F,2030,V,0.1,random,5027,V,observed_mean,0.1667616516351699,3.3262267112731934,2.970737934112549,1655
F,2030,V,0.1,random,5028,V,reconstructed,0.7644317746162415,3.385950803756714,0.9886353611946106,1643
F,2030,V,0.1,random,5028,V,observed_mean,0.1587947756052017,3.385950803756714,2.988088607788086,1643
F,2030,V,0.2,random,5026,V,reconstructed,0.7709871530532837,3.4263370037078857,0.9850424528121948,3361
F,2030,V,0.2,random,5026,V,observed_mean,0.1760817617177963,3.4263370037078857,2.975215435028076,3361
F,2030,V,0.2,random,5027,V,reconstructed,0.7671779990196228,3.3415985107421875,0.985870122909546,3338
F,2030,V,0.2,random,5027,V,observed_mean,0.1769340932369232,3.3415985107421875,2.9907867908477783,3338
F,2030,V,0.2,random,5028,V,reconstructed,0.7700175046920776,3.3891942501068115,0.9858919382095336,3328
F,2030,V,0.2,random,5028,V,observed_mean,0.1732187271118164,3.3891942501068115,2.990579128265381,3328
F,2030,V,0.3,start,5026,V,reconstructed,0.7765458226203918,3.342429876327514,0.980949878692627,4502
F,2030,V,0.3,start,5026,V,observed_mean,0.2115942686796188,3.342429876327514,3.000154495239258,4502
F,2030,V,0.3,middle,5026,V,reconstructed,0.7701246738433838,3.337466239929199,0.9841455221176147,5169
F,2030,V,0.3,middle,5026,V,observed_mean,0.1625211089849472,3.337466239929199,2.9925904273986816,5169
F,2030,V,0.3,end,5026,V,reconstructed,0.7775306105613708,3.466927528381348,0.987851619720459,4395
F,2030,V,0.3,end,5026,V,observed_mean,0.227620854973793,3.466927528381348,3.007275342941284,4395
F,2030,V,0.3,random,5026,V,reconstructed,0.7739925980567932,3.4107978343963623,0.983271300792694,5066
F,2030,V,0.3,random,5026,V,observed_mean,0.1870587021112442,3.4107978343963623,2.985666275024414,5066
F,2030,V,0.3,random,5027,V,reconstructed,0.7708140015602112,3.3475277423858643,0.983711838722229,5032
F,2030,V,0.3,random,5027,V,observed_mean,0.1901503950357437,3.3475277423858643,3.00816011428833,5032
F,2030,V,0.3,random,5028,V,reconstructed,0.774474024772644,3.3769845962524414,0.9840689301490784,5025
F,2030,V,0.3,random,5028,V,observed_mean,0.1839313954114914,3.3769845962524414,2.9978935718536377,5025
F,2030,V,0.4,random,5026,V,reconstructed,0.7782701849937439,3.3893673419952397,0.9825961589813232,6803
F,2030,V,0.4,random,5026,V,observed_mean,0.198603093624115,3.3893673419952397,3.012610673904419,6803
F,2030,V,0.4,random,5027,V,reconstructed,0.7757980823516846,3.3438429832458496,0.982424020767212,6744
F,2030,V,0.4,random,5027,V,observed_mean,0.2011431455612182,3.3438429832458496,3.0342533588409424,6744
F,2030,V,0.4,random,5028,V,reconstructed,0.7798947095870972,3.37552261352539,0.9828523993492126,6739
F,2030,V,0.4,random,5028,V,observed_mean,0.1963819712400436,3.37552261352539,3.0210511684417725,6739
F,2030,V,0.5,random,5026,V,reconstructed,0.7833113074302673,3.370236396789551,0.9819024801254272,8514
F,2030,V,0.5,random,5026,V,observed_mean,0.2102478295564651,3.370236396789551,3.060005187988281,8514
F,2030,V,0.5,random,5027,V,reconstructed,0.781175434589386,3.3483426570892334,0.9815493822097778,8456
F,2030,V,0.5,random,5027,V,observed_mean,0.2115956842899322,3.3483426570892334,3.0749950408935547,8456
F,2030,V,0.5,random,5028,V,reconstructed,0.7842654585838318,3.361729383468628,0.9822275042533876,8460
F,2030,V,0.5,random,5028,V,observed_mean,0.210545539855957,3.361729383468628,3.067300081253052,8460
F,2030,TA,0.3,start,5026,T,reconstructed,0.2904091477394104,10.633459091186523,5.385453701019287,4757
F,2030,TA,0.3,start,5026,T,observed_mean,0.1800387650728225,10.633459091186523,9.683618545532228,4757
F,2030,TA,0.3,start,5026,A,reconstructed,0.932004690170288,3.0963006019592285,0.8954732418060303,4757
F,2030,TA,0.3,start,5026,A,observed_mean,0.5128574371337891,3.0963006019592285,2.0830979347229004,4757
F,2030,TA,0.3,middle,5026,T,reconstructed,0.3028363585472107,10.332958221435549,5.320239067077637,5484
F,2030,TA,0.3,middle,5026,T,observed_mean,0.1893453001976013,10.332958221435549,9.519645690917969,5484
F,2030,TA,0.3,middle,5026,A,reconstructed,0.9257872104644777,3.063166379928589,0.8966010212898254,5484
F,2030,TA,0.3,middle,5026,A,observed_mean,0.465629905462265,3.063166379928589,2.082441568374634,5484
F,2030,TA,0.3,end,5026,T,reconstructed,0.3152157366275787,10.410898208618164,5.323672771453857,4757
F,2030,TA,0.3,end,5026,T,observed_mean,0.1961526423692703,10.410898208618164,9.282503128051758,4757
F,2030,TA,0.3,end,5026,A,reconstructed,0.9120461344718932,3.064159870147705,0.8988885283470154,4757
F,2030,TA,0.3,end,5026,A,observed_mean,0.5506381392478943,3.064159870147705,2.12451720237732,4757
F,2030,TA,0.3,random,5026,T,reconstructed,0.2981675565242767,10.442317008972168,5.345249652862549,5389
F,2030,TA,0.3,random,5026,T,observed_mean,0.1877262890338897,10.442317008972168,9.50350284576416,5389
F,2030,TA,0.3,random,5026,A,reconstructed,0.9207538962364196,3.054654598236084,0.8938907384872437,5389
F,2030,TA,0.3,random,5026,A,observed_mean,0.497381180524826,3.054654598236084,2.1036949157714844,5389
F,2030,TA,0.3,random,5027,T,reconstructed,0.3032491505146026,10.381616592407228,5.306758403778076,5399
F,2030,TA,0.3,random,5027,T,observed_mean,0.1918493807315826,10.381616592407228,9.469228744506836,5399
F,2030,TA,0.3,random,5027,A,reconstructed,0.9258176684379578,3.0653319358825684,0.9025187492370604,5399
F,2030,TA,0.3,random,5027,A,observed_mean,0.4993248283863067,3.0653319358825684,2.11207127571106,5399
F,2030,TA,0.3,random,5028,T,reconstructed,0.3095148801803589,10.36427116394043,5.406282424926758,5383
F,2030,TA,0.3,random,5028,T,observed_mean,0.1980040520429611,10.36427116394043,9.580272674560549,5383
F,2030,TA,0.3,random,5028,A,reconstructed,0.9257996678352356,3.0826120376586914,0.8964419960975647,5383
F,2030,TA,0.3,random,5028,A,observed_mean,0.4928741455078125,3.0826120376586914,2.087798833847046,5383
F,2030,TV,0.3,start,5026,T,reconstructed,0.2890252470970154,10.63525104522705,5.433467864990234,4753
F,2030,TV,0.3,start,5026,T,observed_mean,0.1800617277622223,10.63525104522705,9.685388565063477,4753
F,2030,TV,0.3,start,5026,V,reconstructed,0.7711575627326965,3.342429876327514,0.991747796535492,4502
F,2030,TV,0.3,start,5026,V,observed_mean,0.2115942686796188,3.342429876327514,3.000154495239258,4502
F,2030,TV,0.3,middle,5026,T,reconstructed,0.3010483086109161,10.335625648498535,5.374415874481201,5481
F,2030,TV,0.3,middle,5026,T,observed_mean,0.189293548464775,10.335625648498535,9.521678924560549,5481
F,2030,TV,0.3,middle,5026,V,reconstructed,0.7608383297920227,3.337466239929199,0.9934170246124268,5169
F,2030,TV,0.3,middle,5026,V,observed_mean,0.1625211089849472,3.337466239929199,2.9925904273986816,5169
F,2030,TV,0.3,end,5026,T,reconstructed,0.3138053715229034,10.415281295776367,5.368935585021973,4748
F,2030,TV,0.3,end,5026,T,observed_mean,0.1962220519781112,10.415281295776367,9.28278636932373,4748
F,2030,TV,0.3,end,5026,V,reconstructed,0.769406795501709,3.466927528381348,1.007259726524353,4395
F,2030,TV,0.3,end,5026,V,observed_mean,0.227620854973793,3.466927528381348,3.007275342941284,4395
F,2030,TV,0.3,random,5026,T,reconstructed,0.2969823777675628,10.442317008972168,5.398605823516846,5389
F,2030,TV,0.3,random,5026,T,observed_mean,0.1877262890338897,10.442317008972168,9.50350284576416,5389
F,2030,TV,0.3,random,5026,V,reconstructed,0.7665315270423889,3.4107978343963623,0.9948409795761108,5066
F,2030,TV,0.3,random,5026,V,observed_mean,0.1870587021112442,3.4107978343963623,2.985666275024414,5066
F,2030,TV,0.3,random,5027,T,reconstructed,0.3012665808200836,10.384625434875488,5.368069171905518,5395
F,2030,TV,0.3,random,5027,T,observed_mean,0.1917493194341659,10.384625434875488,9.479328155517578,5395
F,2030,TV,0.3,random,5027,V,reconstructed,0.7664639353752136,3.3475277423858643,0.999512493610382,5032
F,2030,TV,0.3,random,5027,V,observed_mean,0.1901503950357437,3.3475277423858643,3.00816011428833,5032
F,2030,TV,0.3,random,5028,T,reconstructed,0.3082899451255798,10.369915008544922,5.459843635559082,5373
F,2030,TV,0.3,random,5028,T,observed_mean,0.1978699713945388,10.369915008544922,9.582350730895996,5373
F,2030,TV,0.3,random,5028,V,reconstructed,0.7670811414718628,3.3769845962524414,0.9922552108764648,5025
F,2030,TV,0.3,random,5028,V,observed_mean,0.1839313954114914,3.3769845962524414,2.9978935718536377,5025
F,2030,AV,0.3,start,5026,A,reconstructed,0.9364013671875,3.0966176986694336,0.8674536943435669,4753
F,2030,AV,0.3,start,5026,A,observed_mean,0.5127926468849182,3.0966176986694336,2.08293890953064,4753
F,2030,AV,0.3,start,5026,V,reconstructed,0.7778012752532959,3.342429876327514,0.9839035272598268,4502
F,2030,AV,0.3,start,5026,V,observed_mean,0.2115942686796188,3.342429876327514,3.000154495239258,4502
F,2030,AV,0.3,middle,5026,A,reconstructed,0.93221253156662,3.062609434127808,0.8680751323699951,5481
F,2030,AV,0.3,middle,5026,A,observed_mean,0.4657884538173675,3.062609434127808,2.0813639163970947,5481
F,2030,AV,0.3,middle,5026,V,reconstructed,0.7722833752632141,3.337466239929199,0.9871757626533508,5169
F,2030,AV,0.3,middle,5026,V,observed_mean,0.1625211089849472,3.337466239929199,2.9925904273986816,5169
F,2030,AV,0.3,end,5026,A,reconstructed,0.9146763682365416,3.0642638206481934,0.8686529397964478,4748
F,2030,AV,0.3,end,5026,A,observed_mean,0.5506896376609802,3.0642638206481934,2.123222827911377,4748
F,2030,AV,0.3,end,5026,V,reconstructed,0.778512716293335,3.466927528381348,0.991205394268036,4395
F,2030,AV,0.3,end,5026,V,observed_mean,0.227620854973793,3.466927528381348,3.007275342941284,4395
F,2030,AV,0.3,random,5026,A,reconstructed,0.9263930916786194,3.054654598236084,0.8686297535896301,5389
F,2030,AV,0.3,random,5026,A,observed_mean,0.497381180524826,3.054654598236084,2.1036949157714844,5389
F,2030,AV,0.3,random,5026,V,reconstructed,0.7763510346412659,3.4107978343963623,0.9859331250190736,5066
F,2030,AV,0.3,random,5026,V,observed_mean,0.1870587021112442,3.4107978343963623,2.985666275024414,5066
F,2030,AV,0.3,random,5027,A,reconstructed,0.9306463003158568,3.0648951530456543,0.8681337237358093,5395
F,2030,AV,0.3,random,5027,A,observed_mean,0.4994121193885803,3.0648951530456543,2.1109983921051025,5395
F,2030,AV,0.3,random,5027,V,reconstructed,0.772565484046936,3.3475277423858643,0.9860914349555968,5032
F,2030,AV,0.3,random,5027,V,observed_mean,0.1901503950357437,3.3475277423858643,3.00816011428833,5032
F,2030,AV,0.3,random,5028,A,reconstructed,0.9307959079742432,3.0824942588806152,0.8684955835342407,5373
F,2030,AV,0.3,random,5028,A,observed_mean,0.4930103123188019,3.0824942588806152,2.085716962814331,5373
F,2030,AV,0.3,random,5028,V,reconstructed,0.7761610746383667,3.3769845962524414,0.9872735142707824,5025
F,2030,AV,0.3,random,5028,V,observed_mean,0.1839313954114914,3.3769845962524414,2.9978935718536377,5025
F,2030,TAV,0.3,start,5026,T,reconstructed,0.2886148691177368,10.63525104522705,5.501802444458008,4753
F,2030,TAV,0.3,start,5026,T,observed_mean,0.1800617277622223,10.63525104522705,9.685388565063477,4753
F,2030,TAV,0.3,start,5026,A,reconstructed,0.9333415627479552,3.0966176986694336,0.8844246864318848,4753
F,2030,TAV,0.3,start,5026,A,observed_mean,0.5127926468849182,3.0966176986694336,2.08293890953064,4753
F,2030,TAV,0.3,start,5026,V,reconstructed,0.771855354309082,3.342429876327514,0.9916562438011168,4502
F,2030,TAV,0.3,start,5026,V,observed_mean,0.2115942686796188,3.342429876327514,3.000154495239258,4502
F,2030,TAV,0.3,middle,5026,T,reconstructed,0.3007292747497558,10.335625648498535,5.466085910797119,5481
F,2030,TAV,0.3,middle,5026,T,observed_mean,0.189293548464775,10.335625648498535,9.521678924560549,5481
F,2030,TAV,0.3,middle,5026,A,reconstructed,0.9274476170539856,3.062609434127808,0.8794999122619629,5481
F,2030,TAV,0.3,middle,5026,A,observed_mean,0.4657884538173675,3.062609434127808,2.0813639163970947,5481
F,2030,TAV,0.3,middle,5026,V,reconstructed,0.7622025609016418,3.337466239929199,0.9905503392219543,5169
F,2030,TAV,0.3,middle,5026,V,observed_mean,0.1625211089849472,3.337466239929199,2.9925904273986816,5169
F,2030,TAV,0.3,end,5026,T,reconstructed,0.3137026131153106,10.415281295776367,5.440069675445557,4748
F,2030,TAV,0.3,end,5026,T,observed_mean,0.1962220519781112,10.415281295776367,9.28278636932373,4748
F,2030,TAV,0.3,end,5026,A,reconstructed,0.9127755761146544,3.0642638206481934,0.8867037296295166,4748
F,2030,TAV,0.3,end,5026,A,observed_mean,0.5506896376609802,3.0642638206481934,2.123222827911377,4748
F,2030,TAV,0.3,end,5026,V,reconstructed,0.7698251605033875,3.466927528381348,1.008015513420105,4395
F,2030,TAV,0.3,end,5026,V,observed_mean,0.227620854973793,3.466927528381348,3.007275342941284,4395
F,2030,TAV,0.3,random,5026,T,reconstructed,0.2961544990539551,10.442317008972168,5.489606857299805,5389
F,2030,TAV,0.3,random,5026,T,observed_mean,0.1877262890338897,10.442317008972168,9.50350284576416,5389
F,2030,TAV,0.3,random,5026,A,reconstructed,0.9229385256767272,3.054654598236084,0.8776981234550476,5389
F,2030,TAV,0.3,random,5026,A,observed_mean,0.497381180524826,3.054654598236084,2.1036949157714844,5389
F,2030,TAV,0.3,random,5026,V,reconstructed,0.7685993909835815,3.4107978343963623,0.9914860129356384,5066
F,2030,TAV,0.3,random,5026,V,observed_mean,0.1870587021112442,3.4107978343963623,2.985666275024414,5066
F,2030,TAV,0.3,random,5027,T,reconstructed,0.3002263307571411,10.384625434875488,5.451969623565674,5395
F,2030,TAV,0.3,random,5027,T,observed_mean,0.1917493194341659,10.384625434875488,9.479328155517578,5395
F,2030,TAV,0.3,random,5027,A,reconstructed,0.9272804856300354,3.0648951530456543,0.8863739371299744,5395
F,2030,TAV,0.3,random,5027,A,observed_mean,0.4994121193885803,3.0648951530456543,2.1109983921051025,5395
F,2030,TAV,0.3,random,5027,V,reconstructed,0.7677191495895386,3.3475277423858643,0.9959349036216736,5032
F,2030,TAV,0.3,random,5027,V,observed_mean,0.1901503950357437,3.3475277423858643,3.00816011428833,5032
F,2030,TAV,0.3,random,5028,T,reconstructed,0.3078318238258362,10.369915008544922,5.551996231079102,5373
F,2030,TAV,0.3,random,5028,T,observed_mean,0.1978699713945388,10.369915008544922,9.582350730895996,5373
F,2030,TAV,0.3,random,5028,A,reconstructed,0.9275436997413636,3.0824942588806152,0.8797118663787842,5373
F,2030,TAV,0.3,random,5028,A,observed_mean,0.4930103123188019,3.0824942588806152,2.085716962814331,5373
F,2030,TAV,0.3,random,5028,V,reconstructed,0.768031120300293,3.3769845962524414,0.9897308349609376,5025
F,2030,TAV,0.3,random,5028,V,observed_mean,0.1839313954114914,3.3769845962524414,2.9978935718536377,5025
R,2026,T,0.1,random,5026,T,reconstructed,0.191469132900238,13.691563606262209,6.762325286865234,1711
R,2026,T,0.1,random,5026,T,observed_mean,0.0835946798324585,13.691563606262209,13.176878929138184,1711
R,2026,T,0.1,random,5027,T,reconstructed,0.197364404797554,13.66713809967041,6.719621181488037,1711
R,2026,T,0.1,random,5027,T,observed_mean,0.0927325561642646,13.66713809967041,13.070210456848145,1711
R,2026,T,0.1,random,5028,T,reconstructed,0.2031715214252472,13.64885425567627,6.743302345275879,1711
R,2026,T,0.1,random,5028,T,observed_mean,0.0963376238942146,13.64885425567627,13.070515632629396,1711
R,2026,T,0.2,random,5026,T,reconstructed,0.2063621580600738,13.632543563842772,6.688576698303223,3400
R,2026,T,0.2,random,5026,T,observed_mean,0.1079677790403366,13.632543563842772,13.086363792419434,3400
R,2026,T,0.2,random,5027,T,reconstructed,0.2064396739006042,13.609543800354004,6.644964218139648,3400
R,2026,T,0.2,random,5027,T,observed_mean,0.110807254910469,13.609543800354004,13.006712913513184,3400
R,2026,T,0.2,random,5028,T,reconstructed,0.2120700925588607,13.608537673950195,6.68314266204834,3400
R,2026,T,0.2,random,5028,T,observed_mean,0.115295372903347,13.608537673950195,13.05591106414795,3400
R,2026,T,0.3,start,5026,T,reconstructed,0.2075925916433334,13.884885787963867,6.546367168426514,5039
R,2026,T,0.3,start,5026,T,observed_mean,0.1218585148453712,13.884885787963867,13.00848388671875,5039
R,2026,T,0.3,middle,5026,T,reconstructed,0.2096071541309356,13.515894889831545,6.538754940032959,5039
R,2026,T,0.3,middle,5026,T,observed_mean,0.1226703450083732,13.515894889831545,12.953554153442385,5039
R,2026,T,0.3,end,5026,T,reconstructed,0.2322598397731781,13.749119758605955,6.526752471923828,5039
R,2026,T,0.3,end,5026,T,observed_mean,0.1425152271986007,13.749119758605955,12.365156173706056,5039
R,2026,T,0.3,random,5026,T,reconstructed,0.2148230373859405,13.62851619720459,6.565999031066895,5039
R,2026,T,0.3,random,5026,T,observed_mean,0.1266581714153289,13.62851619720459,12.96548080444336,5039
R,2026,T,0.3,random,5027,T,reconstructed,0.2189649045467376,13.572498321533203,6.543463230133057,5039
R,2026,T,0.3,random,5027,T,observed_mean,0.1312494724988937,13.572498321533203,12.972641944885254,5039
R,2026,T,0.3,random,5028,T,reconstructed,0.2189642488956451,13.586125373840332,6.604837894439697,5039
R,2026,T,0.3,random,5028,T,observed_mean,0.1312060207128524,13.586125373840332,13.0747652053833,5039
R,2026,T,0.4,random,5026,T,reconstructed,0.2326329052448272,13.620586395263672,6.43047571182251,6740
R,2026,T,0.4,random,5026,T,observed_mean,0.1546557545661926,13.620586395263672,12.8075532913208,6740
R,2026,T,0.4,random,5027,T,reconstructed,0.2374211847782135,13.56244945526123,6.448654651641846,6740
R,2026,T,0.4,random,5027,T,observed_mean,0.1598369628190994,13.56244945526123,12.935500144958496,6740
R,2026,T,0.4,random,5028,T,reconstructed,0.2320343852043151,13.581002235412598,6.481757640838623,6740
R,2026,T,0.4,random,5028,T,observed_mean,0.1539450287818908,13.581002235412598,13.039048194885254,6740
R,2026,T,0.5,random,5026,T,reconstructed,0.2493554055690765,13.623644828796388,6.285594940185547,8415
R,2026,T,0.5,random,5026,T,observed_mean,0.1828981041908264,13.623644828796388,12.688685417175291,8415
R,2026,T,0.5,random,5027,T,reconstructed,0.2484954893589019,13.576498031616213,6.279643058776856,8415
R,2026,T,0.5,random,5027,T,observed_mean,0.1856564730405807,13.576498031616213,12.78144073486328,8415
R,2026,T,0.5,random,5028,T,reconstructed,0.2465925067663192,13.57246208190918,6.316341876983643,8415
R,2026,T,0.5,random,5028,T,observed_mean,0.1820041537284851,13.57246208190918,12.879859924316406,8415
R,2026,A,0.1,random,5026,A,reconstructed,0.9057039618492126,3.0844569206237797,0.932887077331543,1778
R,2026,A,0.1,random,5026,A,observed_mean,0.4386259019374847,3.0844569206237797,2.025162935256958,1778
R,2026,A,0.1,random,5027,A,reconstructed,0.905700981616974,3.09040641784668,0.9311715364456176,1770
R,2026,A,0.1,random,5027,A,observed_mean,0.4397192299365997,3.09040641784668,2.0467004776000977,1770
R,2026,A,0.1,random,5028,A,reconstructed,0.9053161144256592,3.035637617111206,0.933887243270874,1766
R,2026,A,0.1,random,5028,A,observed_mean,0.4360640048980713,3.035637617111206,2.045417070388794,1766
R,2026,A,0.2,random,5026,A,reconstructed,0.9065520763397216,3.0585882663726807,0.93346107006073,3579
R,2026,A,0.2,random,5026,A,observed_mean,0.4725342690944671,3.0585882663726807,2.058964729309082,3579
R,2026,A,0.2,random,5027,A,reconstructed,0.9040607810020448,3.072279214859009,0.9331282377243042,3579
R,2026,A,0.2,random,5027,A,observed_mean,0.4794423580169678,3.072279214859009,2.0675594806671143,3579
R,2026,A,0.2,random,5028,A,reconstructed,0.9057541489601136,3.0610191822052,0.9336344003677368,3568
R,2026,A,0.2,random,5028,A,observed_mean,0.4676630795001983,3.0610191822052,2.063138484954834,3568
R,2026,A,0.3,start,5026,A,reconstructed,0.9135271906852722,3.094692707061768,0.9328197240829468,4757
R,2026,A,0.3,start,5026,A,observed_mean,0.5126788020133972,3.094692707061768,2.083349227905273,4757
R,2026,A,0.3,middle,5026,A,reconstructed,0.906181812286377,3.0616495609283447,0.9363685846328736,5484
R,2026,A,0.3,middle,5026,A,observed_mean,0.4653279781341553,3.0616495609283447,2.082753419876098,5484
R,2026,A,0.3,end,5026,A,reconstructed,0.8950499892234802,3.064885377883911,0.93060564994812,4757
R,2026,A,0.3,end,5026,A,observed_mean,0.5499915480613708,3.064885377883911,2.1236228942871094,4757
R,2026,A,0.3,random,5026,A,reconstructed,0.9100245237350464,3.05391001701355,0.9348291754722596,5389
R,2026,A,0.3,random,5026,A,observed_mean,0.4969232678413391,3.05391001701355,2.103554010391236,5389
R,2026,A,0.3,random,5027,A,reconstructed,0.9048764109611512,3.0633671283721924,0.9344743490219116,5399
R,2026,A,0.3,random,5027,A,observed_mean,0.498891532421112,3.0633671283721924,2.1124496459960938,5399
R,2026,A,0.3,random,5028,A,reconstructed,0.9057424664497375,3.0820631980896,0.9345414638519288,5383
R,2026,A,0.3,random,5028,A,observed_mean,0.4924306869506836,3.0820631980896,2.0873656272888184,5383
R,2026,A,0.4,random,5026,A,reconstructed,0.9098442196846008,3.0469207763671875,0.9365944266319276,7220
R,2026,A,0.4,random,5026,A,observed_mean,0.5155866742134094,3.0469207763671875,2.1700804233551025,7220
R,2026,A,0.4,random,5027,A,reconstructed,0.9049214720726012,3.061420202255249,0.9362626075744628,7219
R,2026,A,0.4,random,5027,A,observed_mean,0.5151271224021912,3.061420202255249,2.171342134475708,7219
R,2026,A,0.4,random,5028,A,reconstructed,0.9062474966049194,3.073871374130249,0.936119794845581,7208
R,2026,A,0.4,random,5028,A,observed_mean,0.5116124153137207,3.073871374130249,2.146286725997925,7208
R,2026,A,0.5,random,5026,A,reconstructed,0.9100500345230104,3.0440735816955566,0.9377325177192688,9038
R,2026,A,0.5,random,5026,A,observed_mean,0.5297404527664185,3.0440735816955566,2.2424166202545166,9038
R,2026,A,0.5,random,5027,A,reconstructed,0.9057570695877076,3.063420534133911,0.9375118613243104,9040
R,2026,A,0.5,random,5027,A,observed_mean,0.5293046236038208,3.063420534133911,2.2321090698242188,9040
R,2026,A,0.5,random,5028,A,reconstructed,0.90753573179245,3.0703840255737305,0.9373425841331482,9031
R,2026,A,0.5,random,5028,A,observed_mean,0.5293269157409668,3.0703840255737305,2.2110486030578613,9031
R,2026,V,0.1,random,5026,V,reconstructed,0.7975771427154541,3.3837969303131104,0.9392706155776978,1669
R,2026,V,0.1,random,5026,V,observed_mean,0.1641497910022735,3.3837969303131104,2.9529712200164795,1669
R,2026,V,0.1,random,5027,V,reconstructed,0.8028063774108887,3.316960334777832,0.940529763698578,1655
R,2026,V,0.1,random,5027,V,observed_mean,0.1669075936079025,3.316960334777832,2.9611847400665283,1655
R,2026,V,0.1,random,5028,V,reconstructed,0.8003855347633362,3.376798629760742,0.9400092363357544,1643
R,2026,V,0.1,random,5028,V,observed_mean,0.1591288298368454,3.376798629760742,2.9784154891967773,1643
R,2026,V,0.2,random,5026,V,reconstructed,0.8026807904243469,3.4168238639831543,0.9372246265411376,3361
R,2026,V,0.2,random,5026,V,observed_mean,0.1762778609991073,3.4168238639831543,2.965792655944824,3361
R,2026,V,0.2,random,5027,V,reconstructed,0.8071869611740112,3.332373142242432,0.9386082291603088,3338
R,2026,V,0.2,random,5027,V,observed_mean,0.1770877093076706,3.332373142242432,2.981365919113159,3338
R,2026,V,0.2,random,5028,V,reconstructed,0.8058441877365112,3.380192995071411,0.9376356601715088,3328
R,2026,V,0.2,random,5028,V,observed_mean,0.1734772026538849,3.380192995071411,2.981076955795288,3328
R,2026,V,0.3,start,5026,V,reconstructed,0.8080456852912903,3.333035469055176,0.9392414093017578,4502
R,2026,V,0.3,start,5026,V,observed_mean,0.2118691802024841,3.333035469055176,2.99128532409668,4502
R,2026,V,0.3,middle,5026,V,reconstructed,0.8063144683837891,3.328663825988769,0.9357135891914368,5169
R,2026,V,0.3,middle,5026,V,observed_mean,0.1628037542104721,3.328663825988769,2.983102560043335,5169
R,2026,V,0.3,end,5026,V,reconstructed,0.810248076915741,3.4568042755126958,0.933986246585846,4395
R,2026,V,0.3,end,5026,V,observed_mean,0.2279048413038253,3.4568042755126958,2.997853994369507,4395
R,2026,V,0.3,random,5026,V,reconstructed,0.8072695136070251,3.4014713764190674,0.9362412095069884,5066
R,2026,V,0.3,random,5026,V,observed_mean,0.1873154193162918,3.4014713764190674,2.97619891166687,5066
R,2026,V,0.3,random,5027,V,reconstructed,0.8091923594474792,3.338456153869629,0.9369067549705504,5032
R,2026,V,0.3,random,5027,V,observed_mean,0.1903725266456604,3.338456153869629,2.9987223148345947,5032
R,2026,V,0.3,random,5028,V,reconstructed,0.8095465302467346,3.3678603172302246,0.93599534034729,5025
R,2026,V,0.3,random,5028,V,observed_mean,0.1841647326946258,3.3678603172302246,2.988415479660034,5025
R,2026,V,0.4,random,5026,V,reconstructed,0.8119200468063354,3.3801138401031494,0.9357495903968812,6803
R,2026,V,0.4,random,5026,V,observed_mean,0.198894515633583,3.3801138401031494,3.0030479431152344,6803
R,2026,V,0.4,random,5027,V,reconstructed,0.8123964071273804,3.334975242614746,0.935694932937622,6744
R,2026,V,0.4,random,5027,V,observed_mean,0.2014161646366119,3.334975242614746,3.024655818939209,6744
R,2026,V,0.4,random,5028,V,reconstructed,0.8138970136642456,3.3664352893829346,0.935300886631012,6739
R,2026,V,0.4,random,5028,V,observed_mean,0.1966481357812881,3.3664352893829346,3.011406898498535,6739
R,2026,V,0.5,random,5026,V,reconstructed,0.8156339526176453,3.361118793487549,0.9358781576156616,8514
R,2026,V,0.5,random,5026,V,observed_mean,0.210545539855957,3.361118793487549,3.050140142440796,8514
R,2026,V,0.5,random,5027,V,reconstructed,0.8166868090629578,3.3394038677215576,0.935886800289154,8456
R,2026,V,0.5,random,5027,V,observed_mean,0.2119023948907852,3.3394038677215576,3.065246820449829,8456
R,2026,V,0.5,random,5028,V,reconstructed,0.8177903890609741,3.352739095687866,0.9356443881988524,8460
R,2026,V,0.5,random,5028,V,observed_mean,0.2108330875635147,3.352739095687866,3.05754828453064,8460
R,2026,TA,0.3,start,5026,T,reconstructed,0.204750195145607,13.915943145751951,6.613034725189209,4757
R,2026,TA,0.3,start,5026,T,observed_mean,0.11711997538805,13.915943145751951,13.032928466796877,4757
R,2026,TA,0.3,start,5026,A,reconstructed,0.9103710651397704,3.094692707061768,0.956714391708374,4757
R,2026,TA,0.3,start,5026,A,observed_mean,0.5126788020133972,3.094692707061768,2.083349227905273,4757
R,2026,TA,0.3,middle,5026,T,reconstructed,0.2181442379951477,13.517953872680664,6.579586505889893,5484
R,2026,TA,0.3,middle,5026,T,observed_mean,0.1341115534305572,13.517953872680664,12.986096382141112,5484
R,2026,TA,0.3,middle,5026,A,reconstructed,0.901293396949768,3.0616495609283447,0.9567081928253174,5484
R,2026,TA,0.3,middle,5026,A,observed_mean,0.4653279781341553,3.0616495609283447,2.082753419876098,5484
R,2026,TA,0.3,end,5026,T,reconstructed,0.2275926917791366,13.772643089294434,6.600199699401856,4757
R,2026,TA,0.3,end,5026,T,observed_mean,0.1371244192123413,13.772643089294434,12.38194751739502,4757
R,2026,TA,0.3,end,5026,A,reconstructed,0.8929059505462646,3.064885377883911,0.9439923763275146,4757
R,2026,TA,0.3,end,5026,A,observed_mean,0.5499915480613708,3.064885377883911,2.1236228942871094,4757
R,2026,TA,0.3,random,5026,T,reconstructed,0.2167250663042068,13.65392780303955,6.60111141204834,5389
R,2026,TA,0.3,random,5026,T,observed_mean,0.1306249499320984,13.65392780303955,12.935992240905762,5389
R,2026,TA,0.3,random,5026,A,reconstructed,0.9079300165176392,3.05391001701355,0.948842704296112,5389
R,2026,TA,0.3,random,5026,A,observed_mean,0.4969232678413391,3.05391001701355,2.103554010391236,5389
R,2026,TA,0.3,random,5027,T,reconstructed,0.2189860939979553,13.593852996826172,6.549522876739502,5399
R,2026,TA,0.3,random,5027,T,observed_mean,0.1345420777797699,13.593852996826172,12.869599342346191,5399
R,2026,TA,0.3,random,5027,A,reconstructed,0.9018096327781676,3.0633671283721924,0.9551339149475098,5399
R,2026,TA,0.3,random,5027,A,observed_mean,0.498891532421112,3.0633671283721924,2.1124496459960938,5399
R,2026,TA,0.3,random,5028,T,reconstructed,0.2257416546344757,13.594559669494627,6.641071796417236,5383
R,2026,TA,0.3,random,5028,T,observed_mean,0.1407864093780517,13.594559669494627,13.02117156982422,5383
R,2026,TA,0.3,random,5028,A,reconstructed,0.8980132341384888,3.0820631980896,0.9500076174736024,5383
R,2026,TA,0.3,random,5028,A,observed_mean,0.4924306869506836,3.0820631980896,2.0873656272888184,5383
R,2026,TV,0.3,start,5026,T,reconstructed,0.2042601853609085,13.919294357299805,6.656808853149414,4753
R,2026,TV,0.3,start,5026,T,observed_mean,0.1171257048845291,13.919294357299805,13.036050796508787,4753
R,2026,TV,0.3,start,5026,V,reconstructed,0.8053285479545593,3.333035469055176,0.9544375538825988,4502
R,2026,TV,0.3,start,5026,V,observed_mean,0.2118691802024841,3.333035469055176,2.99128532409668,4502
R,2026,TV,0.3,middle,5026,T,reconstructed,0.2171968519687652,13.52025032043457,6.623098373413086,5481
R,2026,TV,0.3,middle,5026,T,observed_mean,0.1341462582349777,13.52025032043457,12.987489700317385,5481
R,2026,TV,0.3,middle,5026,V,reconstructed,0.8027400374412537,3.328663825988769,0.9517911672592164,5169
R,2026,TV,0.3,middle,5026,V,observed_mean,0.1628037542104721,3.328663825988769,2.983102560043335,5169
R,2026,TV,0.3,end,5026,T,reconstructed,0.2266276031732559,13.7803955078125,6.6348748207092285,4748
R,2026,TV,0.3,end,5026,T,observed_mean,0.137094646692276,13.7803955078125,12.381182670593262,4748
R,2026,TV,0.3,end,5026,V,reconstructed,0.8055173754692078,3.4568042755126958,0.9423754811286926,4395
R,2026,TV,0.3,end,5026,V,observed_mean,0.2279048413038253,3.4568042755126958,2.997853994369507,4395
R,2026,TV,0.3,random,5026,T,reconstructed,0.2164553254842758,13.65392780303955,6.649384021759033,5389
R,2026,TV,0.3,random,5026,T,observed_mean,0.1306249499320984,13.65392780303955,12.935992240905762,5389
R,2026,TV,0.3,random,5026,V,reconstructed,0.8026651740074158,3.4014713764190674,0.9517242312431335,5066
R,2026,TV,0.3,random,5026,V,observed_mean,0.1873154193162918,3.4014713764190674,2.97619891166687,5066
R,2026,TV,0.3,random,5027,T,reconstructed,0.2182992994785308,13.596652030944824,6.605155944824219,5395
R,2026,TV,0.3,random,5027,T,observed_mean,0.1344766020774841,13.596652030944824,12.88298797607422,5395
R,2026,TV,0.3,random,5027,V,reconstructed,0.8038328289985657,3.338456153869629,0.9560450911521912,5032
R,2026,TV,0.3,random,5027,V,observed_mean,0.1903725266456604,3.338456153869629,2.9987223148345947,5032
R,2026,TV,0.3,random,5028,T,reconstructed,0.2245312184095382,13.600708961486816,6.68396520614624,5373
R,2026,TV,0.3,random,5028,T,observed_mean,0.1407969146966934,13.600708961486816,13.023431777954102,5373
R,2026,TV,0.3,random,5028,V,reconstructed,0.8031036257743835,3.3678603172302246,0.9506379961967468,5025
R,2026,TV,0.3,random,5028,V,observed_mean,0.1841647326946258,3.3678603172302246,2.988415479660034,5025
R,2026,AV,0.3,start,5026,A,reconstructed,0.9132450819015504,3.09499192237854,0.9310272932052612,4753
R,2026,AV,0.3,start,5026,A,observed_mean,0.5126115083694458,3.09499192237854,2.083192825317383,4753
R,2026,AV,0.3,start,5026,V,reconstructed,0.8101419806480408,3.333035469055176,0.939164400100708,4502
R,2026,AV,0.3,start,5026,V,observed_mean,0.2118691802024841,3.333035469055176,2.99128532409668,4502
R,2026,AV,0.3,middle,5026,A,reconstructed,0.9054358601570128,3.0611202716827397,0.9332832098007202,5481
R,2026,AV,0.3,middle,5026,A,observed_mean,0.4654862880706787,3.0611202716827397,2.0816550254821777,5481
R,2026,AV,0.3,middle,5026,V,reconstructed,0.8076099157333374,3.328663825988769,0.9381585121154784,5169
R,2026,AV,0.3,middle,5026,V,observed_mean,0.1628037542104721,3.328663825988769,2.983102560043335,5169
R,2026,AV,0.3,end,5026,A,reconstructed,0.8950454592704773,3.06498646736145,0.9279318451881408,4748
R,2026,AV,0.3,end,5026,A,observed_mean,0.5500426292419434,3.06498646736145,2.1223256587982178,4748
R,2026,AV,0.3,end,5026,V,reconstructed,0.8121078610420227,3.4568042755126958,0.9372326731681824,4395
R,2026,AV,0.3,end,5026,V,observed_mean,0.2279048413038253,3.4568042755126958,2.997853994369507,4395
R,2026,AV,0.3,random,5026,A,reconstructed,0.9099531173706056,3.05391001701355,0.9320691823959352,5389
R,2026,AV,0.3,random,5026,A,observed_mean,0.4969232678413391,3.05391001701355,2.103554010391236,5389
R,2026,AV,0.3,random,5026,V,reconstructed,0.8085867166519165,3.4014713764190674,0.9385641813278198,5066
R,2026,AV,0.3,random,5026,V,observed_mean,0.1873154193162918,3.4014713764190674,2.97619891166687,5066
R,2026,AV,0.3,random,5027,A,reconstructed,0.9039636254310608,3.062953233718872,0.9316673278808594,5395
R,2026,AV,0.3,random,5027,A,observed_mean,0.4989781081676483,3.062953233718872,2.111370086669922,5395
R,2026,AV,0.3,random,5027,V,reconstructed,0.8107591867446899,3.338456153869629,0.93866366147995,5032
R,2026,AV,0.3,random,5027,V,observed_mean,0.1903725266456604,3.338456153869629,2.9987223148345947,5032
R,2026,AV,0.3,random,5028,A,reconstructed,0.9051256775856018,3.081965446472168,0.9321507215499878,5373
R,2026,AV,0.3,random,5028,A,observed_mean,0.4925594925880432,3.081965446472168,2.085285425186157,5373
R,2026,AV,0.3,random,5028,V,reconstructed,0.8115522861480713,3.3678603172302246,0.9387778043746948,5025
R,2026,AV,0.3,random,5028,V,observed_mean,0.1841647326946258,3.3678603172302246,2.988415479660034,5025
R,2026,TAV,0.3,start,5026,T,reconstructed,0.2040293216705322,13.919294357299805,6.698665618896484,4753
R,2026,TAV,0.3,start,5026,T,observed_mean,0.1171257048845291,13.919294357299805,13.036050796508787,4753
R,2026,TAV,0.3,start,5026,A,reconstructed,0.9094884991645812,3.09499192237854,0.95152086019516,4753
R,2026,TAV,0.3,start,5026,A,observed_mean,0.5126115083694458,3.09499192237854,2.083192825317383,4753
R,2026,TAV,0.3,start,5026,V,reconstructed,0.8071311116218567,3.333035469055176,0.9525147080421448,4502
R,2026,TAV,0.3,start,5026,V,observed_mean,0.2118691802024841,3.333035469055176,2.99128532409668,4502
R,2026,TAV,0.3,middle,5026,T,reconstructed,0.2169553637504577,13.52025032043457,6.685341835021973,5481
R,2026,TAV,0.3,middle,5026,T,observed_mean,0.1341462582349777,13.52025032043457,12.987489700317385,5481
R,2026,TAV,0.3,middle,5026,A,reconstructed,0.8995962142944336,3.0611202716827397,0.9488176703453064,5481
R,2026,TAV,0.3,middle,5026,A,observed_mean,0.4654862880706787,3.0611202716827397,2.0816550254821777,5481
R,2026,TAV,0.3,middle,5026,V,reconstructed,0.803515613079071,3.328663825988769,0.9510706067085266,5169
R,2026,TAV,0.3,middle,5026,V,observed_mean,0.1628037542104721,3.328663825988769,2.983102560043335,5169
R,2026,TAV,0.3,end,5026,T,reconstructed,0.2264549285173416,13.7803955078125,6.6882171630859375,4748
R,2026,TAV,0.3,end,5026,T,observed_mean,0.137094646692276,13.7803955078125,12.381182670593262,4748
R,2026,TAV,0.3,end,5026,A,reconstructed,0.8924627304077148,3.06498646736145,0.9363654851913452,4748
R,2026,TAV,0.3,end,5026,A,observed_mean,0.5500426292419434,3.06498646736145,2.1223256587982178,4748
R,2026,TAV,0.3,end,5026,V,reconstructed,0.8071852326393127,3.4568042755126958,0.9436442255973816,4395
R,2026,TAV,0.3,end,5026,V,observed_mean,0.2279048413038253,3.4568042755126958,2.997853994369507,4395
R,2026,TAV,0.3,random,5026,T,reconstructed,0.2155767083168029,13.65392780303955,6.707347393035889,5389
R,2026,TAV,0.3,random,5026,T,observed_mean,0.1306249499320984,13.65392780303955,12.935992240905762,5389
R,2026,TAV,0.3,random,5026,A,reconstructed,0.907379150390625,3.05391001701355,0.9405953288078308,5389
R,2026,TAV,0.3,random,5026,A,observed_mean,0.4969232678413391,3.05391001701355,2.103554010391236,5389
R,2026,TAV,0.3,random,5026,V,reconstructed,0.8035938143730164,3.4014713764190674,0.951169490814209,5066
R,2026,TAV,0.3,random,5026,V,observed_mean,0.1873154193162918,3.4014713764190674,2.97619891166687,5066
R,2026,TAV,0.3,random,5027,T,reconstructed,0.2174829542636871,13.596652030944824,6.65924882888794,5395
R,2026,TAV,0.3,random,5027,T,observed_mean,0.1344766020774841,13.596652030944824,12.88298797607422,5395
R,2026,TAV,0.3,random,5027,A,reconstructed,0.8998039364814758,3.062953233718872,0.9474229216575624,5395
R,2026,TAV,0.3,random,5027,A,observed_mean,0.4989781081676483,3.062953233718872,2.111370086669922,5395
R,2026,TAV,0.3,random,5027,V,reconstructed,0.8049132227897644,3.338456153869629,0.9547443985939026,5032
R,2026,TAV,0.3,random,5027,V,observed_mean,0.1903725266456604,3.338456153869629,2.9987223148345947,5032
R,2026,TAV,0.3,random,5028,T,reconstructed,0.2247147262096405,13.600708961486816,6.748077869415283,5373
R,2026,TAV,0.3,random,5028,T,observed_mean,0.1407969146966934,13.600708961486816,13.023431777954102,5373
R,2026,TAV,0.3,random,5028,A,reconstructed,0.896664023399353,3.081965446472168,0.9423542618751526,5373
R,2026,TAV,0.3,random,5028,A,observed_mean,0.4925594925880432,3.081965446472168,2.085285425186157,5373
R,2026,TAV,0.3,random,5028,V,reconstructed,0.8046280145645142,3.3678603172302246,0.9504601955413818,5025
R,2026,TAV,0.3,random,5028,V,observed_mean,0.1841647326946258,3.3678603172302246,2.988415479660034,5025
R,2027,T,0.1,random,5026,T,reconstructed,0.147999495267868,16.175373077392578,8.376787185668945,1711
R,2027,T,0.1,random,5026,T,observed_mean,0.0707764849066734,16.175373077392578,15.731494903564451,1711
R,2027,T,0.1,random,5027,T,reconstructed,0.1481635123491287,16.10686683654785,8.351625442504883,1711
R,2027,T,0.1,random,5027,T,observed_mean,0.0744896978139877,16.10686683654785,15.632556915283203,1711
R,2027,T,0.1,random,5028,T,reconstructed,0.1573231667280197,16.09130096435547,8.374242782592773,1711
R,2027,T,0.1,random,5028,T,observed_mean,0.0805038660764694,16.09130096435547,15.646536827087402,1711
R,2027,T,0.2,random,5026,T,reconstructed,0.1624944657087326,16.10415267944336,8.302101135253906,3400
R,2027,T,0.2,random,5026,T,observed_mean,0.0926739126443862,16.10415267944336,15.64030647277832,3400
R,2027,T,0.2,random,5027,T,reconstructed,0.159274160861969,16.04326820373535,8.283053398132324,3400
R,2027,T,0.2,random,5027,T,observed_mean,0.0913063585758209,16.04326820373535,15.571344375610352,3400
R,2027,T,0.2,random,5028,T,reconstructed,0.1666639596223831,16.054180145263672,8.314529418945312,3400
R,2027,T,0.2,random,5028,T,observed_mean,0.0978042930364608,16.054180145263672,15.633977890014648,3400
R,2027,T,0.3,start,5026,T,reconstructed,0.1629888266324997,16.443971633911133,8.163389205932617,5039
R,2027,T,0.3,start,5026,T,observed_mean,0.1030359715223312,16.443971633911133,15.480133056640623,5039
R,2027,T,0.3,middle,5026,T,reconstructed,0.166101261973381,15.961774826049805,8.167627334594727,5039
R,2027,T,0.3,middle,5026,T,observed_mean,0.1034203618764877,15.961774826049805,15.531668663024902,5039
R,2027,T,0.3,end,5026,T,reconstructed,0.1849398463964462,16.091642379760742,8.073524475097656,5039
R,2027,T,0.3,end,5026,T,observed_mean,0.1254486441612243,16.091642379760742,14.885022163391112,5039
R,2027,T,0.3,random,5026,T,reconstructed,0.1709595024585724,16.085163116455078,8.167545318603516,5039
R,2027,T,0.3,random,5026,T,observed_mean,0.1103755608201026,16.085163116455078,15.52175998687744,5039
R,2027,T,0.3,random,5027,T,reconstructed,0.1724867820739746,16.009504318237305,8.179253578186035,5039
R,2027,T,0.3,random,5027,T,observed_mean,0.1105664744973182,16.009504318237305,15.504484176635742,5039
R,2027,T,0.3,random,5028,T,reconstructed,0.1755379885435104,16.015483856201172,8.238480567932129,5039
R,2027,T,0.3,random,5028,T,observed_mean,0.1131191328167915,16.015483856201172,15.622666358947754,5039
R,2027,T,0.4,random,5026,T,reconstructed,0.1868362128734588,16.068655014038086,8.024187088012695,6740
R,2027,T,0.4,random,5026,T,observed_mean,0.134153664112091,16.068655014038086,15.384785652160645,6740
R,2027,T,0.4,random,5027,T,reconstructed,0.1898834109306335,15.998669624328612,8.07461166381836,6740
R,2027,T,0.4,random,5027,T,observed_mean,0.1370909363031387,15.998669624328612,15.47039794921875,6740
R,2027,T,0.4,random,5028,T,reconstructed,0.188120037317276,16.005765914916992,8.096639633178711,6740
R,2027,T,0.4,random,5028,T,observed_mean,0.1348243653774261,16.005765914916992,15.595699310302734,6740
R,2027,T,0.5,random,5026,T,reconstructed,0.200232595205307,16.07857322692871,7.8592848777771,8415
R,2027,T,0.5,random,5026,T,observed_mean,0.1581605076789856,16.07857322692871,15.20038890838623,8415
R,2027,T,0.5,random,5027,T,reconstructed,0.2022198140621185,16.013172149658203,7.894833564758301,8415
R,2027,T,0.5,random,5027,T,observed_mean,0.1601667255163192,16.013172149658203,15.333415031433104,8415
R,2027,T,0.5,random,5028,T,reconstructed,0.2032289505004882,16.00797462463379,7.9123735427856445,8415
R,2027,T,0.5,random,5028,T,observed_mean,0.1597627848386764,16.00797462463379,15.408147811889648,8415
R,2027,A,0.1,random,5026,A,reconstructed,0.8922208547592163,3.0977065563201904,0.8205937743186951,1778
R,2027,A,0.1,random,5026,A,observed_mean,0.437480092048645,3.0977065563201904,2.037198543548584,1778
R,2027,A,0.1,random,5027,A,reconstructed,0.8977089524269104,3.1051316261291504,0.8195834755897522,1770
R,2027,A,0.1,random,5027,A,observed_mean,0.4382743537425995,3.1051316261291504,2.059188842773437,1770
R,2027,A,0.1,random,5028,A,reconstructed,0.8950863480567932,3.0479681491851807,0.8203082084655762,1766
R,2027,A,0.1,random,5028,A,observed_mean,0.4352807402610779,3.0479681491851807,2.058448553085327,1766
R,2027,A,0.2,random,5026,A,reconstructed,0.8941048383712769,3.071296453475952,0.8226243257522583,3579
R,2027,A,0.2,random,5026,A,observed_mean,0.4714218378067016,3.071296453475952,2.0713441371917725,3579
R,2027,A,0.2,random,5027,A,reconstructed,0.8975988030433655,3.086956262588501,0.8211763501167297,3579
R,2027,A,0.2,random,5027,A,observed_mean,0.4780249893665313,3.086956262588501,2.079674243927002,3579
R,2027,A,0.2,random,5028,A,reconstructed,0.8962005376815796,3.0730514526367188,0.8218938112258911,3568
R,2027,A,0.2,random,5028,A,observed_mean,0.466765284538269,3.0730514526367188,2.0762832164764404,3568
R,2027,A,0.3,start,5026,A,reconstructed,0.9081279039382936,3.109375238418579,0.8224188089370728,4757
R,2027,A,0.3,start,5026,A,observed_mean,0.5113444924354553,3.109375238418579,2.0950348377227783,4757
R,2027,A,0.3,middle,5026,A,reconstructed,0.8986374735832214,3.07372522354126,0.8243688941001892,5484
R,2027,A,0.3,middle,5026,A,observed_mean,0.4642224013805389,3.07372522354126,2.095459461212158,5484
R,2027,A,0.3,end,5026,A,reconstructed,0.8837708830833435,3.0774295330047607,0.8213963508605957,4757
R,2027,A,0.3,end,5026,A,observed_mean,0.5491280555725098,3.0774295330047607,2.1364357471466064,4757
R,2027,A,0.3,random,5026,A,reconstructed,0.8974907398223877,3.066847324371338,0.8244014382362366,5389
R,2027,A,0.3,random,5026,A,observed_mean,0.4959079623222351,3.066847324371338,2.115842580795288,5389
R,2027,A,0.3,random,5027,A,reconstructed,0.8998410105705261,3.077535629272461,0.8232460618019104,5399
R,2027,A,0.3,random,5027,A,observed_mean,0.4975639283657074,3.077535629272461,2.1243443489074707,5399
R,2027,A,0.3,random,5028,A,reconstructed,0.9001778960227966,3.09386682510376,0.8231490254402161,5383
R,2027,A,0.3,random,5028,A,observed_mean,0.4913362562656402,3.09386682510376,2.10056209564209,5383
R,2027,A,0.4,random,5026,A,reconstructed,0.899335503578186,3.059329032897949,0.8269610404968262,7220
R,2027,A,0.4,random,5026,A,observed_mean,0.5144854784011841,3.059329032897949,2.182949542999268,7220
R,2027,A,0.4,random,5027,A,reconstructed,0.9007462859153748,3.0750675201416016,0.8257563710212708,7219
R,2027,A,0.4,random,5027,A,observed_mean,0.5138411521911621,3.0750675201416016,2.183413028717041,7219
R,2027,A,0.4,random,5028,A,reconstructed,0.901606559753418,3.086090564727783,0.8256176114082336,7208
R,2027,A,0.4,random,5028,A,observed_mean,0.5104617476463318,3.086090564727783,2.1596133708953857,7208
R,2027,A,0.5,random,5026,A,reconstructed,0.901098608970642,3.0566518306732178,0.8295446634292603,9038
R,2027,A,0.5,random,5026,A,observed_mean,0.5285459160804749,3.0566518306732178,2.2556443214416504,9038
R,2027,A,0.5,random,5027,A,reconstructed,0.901936411857605,3.076864242553711,0.8282802700996399,9040
R,2027,A,0.5,random,5027,A,observed_mean,0.5279968976974487,3.076864242553711,2.2442944049835205,9040
R,2027,A,0.5,random,5028,A,reconstructed,0.902890920639038,3.082972526550293,0.8283589482307434,9031
R,2027,A,0.5,random,5028,A,observed_mean,0.5280483961105347,3.082972526550293,2.224451780319214,9031
R,2027,V,0.1,random,5026,V,reconstructed,0.7426711916923523,3.3982393741607666,0.9760443568229676,1669
R,2027,V,0.1,random,5026,V,observed_mean,0.1641620099544525,3.3982393741607666,2.96590518951416,1669
R,2027,V,0.1,random,5027,V,reconstructed,0.749880313873291,3.329838275909424,0.9778046011924744,1655
R,2027,V,0.1,random,5027,V,observed_mean,0.1667380481958389,3.329838275909424,2.9745235443115234,1655
R,2027,V,0.1,random,5028,V,reconstructed,0.7482130527496338,3.390577554702759,0.9758560061454772,1643
R,2027,V,0.1,random,5028,V,observed_mean,0.1589943319559097,3.390577554702759,2.9917356967926025,1643
R,2027,V,0.2,random,5026,V,reconstructed,0.7496800422668457,3.4309728145599365,0.9750603437423706,3361
R,2027,V,0.2,random,5026,V,observed_mean,0.1762405186891555,3.4309728145599365,2.978872060775757,3361
R,2027,V,0.2,random,5027,V,reconstructed,0.7545717358589172,3.345664024353028,0.9762557744979858,3338
R,2027,V,0.2,random,5027,V,observed_mean,0.1769296377897262,3.345664024353028,2.994692325592041,3338
R,2027,V,0.2,random,5028,V,reconstructed,0.7531003952026367,3.393894672393799,0.9747025966644288,3328
R,2027,V,0.2,random,5028,V,observed_mean,0.1733457893133163,3.393894672393799,2.9942662715911865,3328
R,2027,V,0.3,start,5026,V,reconstructed,0.7615100741386414,3.3466665744781494,0.9757151007652284,4502
R,2027,V,0.3,start,5026,V,observed_mean,0.2117175012826919,3.3466665744781494,3.003403186798096,4502
R,2027,V,0.3,middle,5026,V,reconstructed,0.7551969289779663,3.3423821926116943,0.974247395992279,5169
R,2027,V,0.3,middle,5026,V,observed_mean,0.1626232117414474,3.3423821926116943,2.996293067932129,5169
R,2027,V,0.3,end,5026,V,reconstructed,0.7608547806739807,3.4709889888763428,0.9747271537780762,4395
R,2027,V,0.3,end,5026,V,observed_mean,0.2277188152074813,3.4709889888763428,3.011145830154419,4395
R,2027,V,0.3,random,5026,V,reconstructed,0.7536389827728271,3.415446281433105,0.974156379699707,5066
R,2027,V,0.3,random,5026,V,observed_mean,0.1872306615114212,3.415446281433105,2.9893758296966557,5066
R,2027,V,0.3,random,5027,V,reconstructed,0.7577143907546997,3.3516745567321777,0.9756479263305664,5032
R,2027,V,0.3,random,5027,V,observed_mean,0.1901752650737762,3.3516745567321777,3.0120325088500977,5032
R,2027,V,0.3,random,5028,V,reconstructed,0.7562974095344543,3.3817081451416016,0.9740415215492249,5025
R,2027,V,0.3,random,5028,V,observed_mean,0.1840562224388122,3.3817081451416016,3.0015411376953125,5025
R,2027,V,0.4,random,5026,V,reconstructed,0.7576766014099121,3.393933057785034,0.973715364933014,6803
R,2027,V,0.4,random,5026,V,observed_mean,0.1987844854593277,3.393933057785034,3.016574621200561,6803
R,2027,V,0.4,random,5027,V,reconstructed,0.760278582572937,3.348218441009521,0.974966824054718,6744
R,2027,V,0.4,random,5027,V,observed_mean,0.2012081146240234,3.348218441009521,3.038115978240967,6744
R,2027,V,0.4,random,5028,V,reconstructed,0.7615529894828796,3.380268812179565,0.973763108253479,6739
R,2027,V,0.4,random,5028,V,observed_mean,0.1965288966894149,3.380268812179565,3.0247063636779785,6739
R,2027,V,0.5,random,5026,V,reconstructed,0.7611948251724243,3.374764204025269,0.9734326601028442,8514
R,2027,V,0.5,random,5026,V,observed_mean,0.2104040831327438,3.374764204025269,3.0641062259674072,8514
R,2027,V,0.5,random,5027,V,reconstructed,0.7644195556640625,3.352844476699829,0.9747937917709352,8456
R,2027,V,0.5,random,5027,V,observed_mean,0.2116671204566955,3.352844476699829,3.078850746154785,8456
R,2027,V,0.5,random,5028,V,reconstructed,0.7649276256561279,3.366422414779663,0.9742677807807922,8460
R,2027,V,0.5,random,5028,V,observed_mean,0.2106784731149673,3.366422414779663,3.0711944103240967,8460
R,2027,TA,0.3,start,5026,T,reconstructed,0.1611350774765014,16.490985870361328,8.263314247131348,4757
R,2027,TA,0.3,start,5026,T,observed_mean,0.0986766964197158,16.490985870361328,15.544366836547852,4757
R,2027,TA,0.3,start,5026,A,reconstructed,0.9067507982254028,3.109375238418579,0.8277074694633484,4757
R,2027,TA,0.3,start,5026,A,observed_mean,0.5113444924354553,3.109375238418579,2.0950348377227783,4757
R,2027,TA,0.3,middle,5026,T,reconstructed,0.1761621981859207,15.95584201812744,8.23377799987793,5484
R,2027,TA,0.3,middle,5026,T,observed_mean,0.1144113764166832,15.95584201812744,15.560345649719238,5484
R,2027,TA,0.3,middle,5026,A,reconstructed,0.8989557027816772,3.07372522354126,0.8182032704353333,5484
R,2027,TA,0.3,middle,5026,A,observed_mean,0.4642224013805389,3.07372522354126,2.095459461212158,5484
R,2027,TA,0.3,end,5026,T,reconstructed,0.1814429759979248,16.124820709228516,8.164544105529785,4757
R,2027,TA,0.3,end,5026,T,observed_mean,0.1207426264882087,16.124820709228516,14.91234016418457,4757
R,2027,TA,0.3,end,5026,A,reconstructed,0.8852895498275757,3.0774295330047607,0.8249818086624146,4757
R,2027,TA,0.3,end,5026,A,observed_mean,0.5491280555725098,3.0774295330047607,2.1364357471466064,4757
R,2027,TA,0.3,random,5026,T,reconstructed,0.1739497184753418,16.108667373657227,8.227840423583984,5389
R,2027,TA,0.3,random,5026,T,observed_mean,0.1144241094589233,16.108667373657227,15.490900039672852,5389
R,2027,TA,0.3,random,5026,A,reconstructed,0.8968909978866577,3.066847324371338,0.8211063742637634,5389
R,2027,TA,0.3,random,5026,A,observed_mean,0.4959079623222351,3.066847324371338,2.115842580795288,5389
R,2027,TA,0.3,random,5027,T,reconstructed,0.1736607253551483,16.02827262878418,8.213327407836914,5399
R,2027,TA,0.3,random,5027,T,observed_mean,0.1139408573508262,16.02827262878418,15.38389778137207,5399
R,2027,TA,0.3,random,5027,A,reconstructed,0.9010999202728271,3.077535629272461,0.8216331601142883,5399
R,2027,TA,0.3,random,5027,A,observed_mean,0.4975639283657074,3.077535629272461,2.1243443489074707,5399
R,2027,TA,0.3,random,5028,T,reconstructed,0.183495819568634,16.028583526611328,8.306973457336426,5383
R,2027,TA,0.3,random,5028,T,observed_mean,0.1222519353032112,16.028583526611328,15.592203140258787,5383
R,2027,TA,0.3,random,5028,A,reconstructed,0.8965617418289185,3.09386682510376,0.8207303285598755,5383
R,2027,TA,0.3,random,5028,A,observed_mean,0.4913362562656402,3.09386682510376,2.10056209564209,5383
R,2027,TV,0.3,start,5026,T,reconstructed,0.1604845076799392,16.493534088134766,8.304864883422852,4753
R,2027,TV,0.3,start,5026,T,observed_mean,0.0987108126282692,16.493534088134766,15.546850204467772,4753
R,2027,TV,0.3,start,5026,V,reconstructed,0.7607255578041077,3.3466665744781494,0.9744474291801452,4502
R,2027,TV,0.3,start,5026,V,observed_mean,0.2117175012826919,3.3466665744781494,3.003403186798096,4502
R,2027,TV,0.3,middle,5026,T,reconstructed,0.175515592098236,15.95953369140625,8.276869773864746,5481
R,2027,TV,0.3,middle,5026,T,observed_mean,0.1144281104207038,15.95953369140625,15.56236743927002,5481
R,2027,TV,0.3,middle,5026,V,reconstructed,0.7483672499656677,3.3423821926116943,0.9725407361984252,5169
R,2027,TV,0.3,middle,5026,V,observed_mean,0.1626232117414474,3.3423821926116943,2.996293067932129,5169
R,2027,TV,0.3,end,5026,T,reconstructed,0.1807437092065811,16.130647659301758,8.206632614135742,4748
R,2027,TV,0.3,end,5026,T,observed_mean,0.1207247972488403,16.130647659301758,14.912384033203123,4748
R,2027,TV,0.3,end,5026,V,reconstructed,0.7564268112182617,3.4709889888763428,0.9749441146850586,4395
R,2027,TV,0.3,end,5026,V,observed_mean,0.2277188152074813,3.4709889888763428,3.011145830154419,4395
R,2027,TV,0.3,random,5026,T,reconstructed,0.1731705665588379,16.108667373657227,8.275906562805176,5389
R,2027,TV,0.3,random,5026,T,observed_mean,0.1144241094589233,16.108667373657227,15.490900039672852,5389
R,2027,TV,0.3,random,5026,V,reconstructed,0.7501477599143982,3.415446281433105,0.972767174243927,5066
R,2027,TV,0.3,random,5026,V,observed_mean,0.1872306615114212,3.415446281433105,2.9893758296966557,5066
R,2027,TV,0.3,random,5027,T,reconstructed,0.1731407940387725,16.031736373901367,8.26573371887207,5395
R,2027,TV,0.3,random,5027,T,observed_mean,0.1139766573905944,16.031736373901367,15.398487091064451,5395
R,2027,TV,0.3,random,5027,V,reconstructed,0.7507029175758362,3.3516745567321777,0.9765456318855286,5032
R,2027,TV,0.3,random,5027,V,observed_mean,0.1901752650737762,3.3516745567321777,3.0120325088500977,5032
R,2027,TV,0.3,random,5028,T,reconstructed,0.1827702075242996,16.03519630432129,8.350746154785156,5373
R,2027,TV,0.3,random,5028,T,observed_mean,0.1222866103053093,16.03519630432129,15.595046997070312,5373
R,2027,TV,0.3,random,5028,V,reconstructed,0.7511193752288818,3.3817081451416016,0.9691598415374756,5025
R,2027,TV,0.3,random,5028,V,observed_mean,0.1840562224388122,3.3817081451416016,3.0015411376953125,5025
R,2027,AV,0.3,start,5026,A,reconstructed,0.907447874546051,3.109684467315674,0.8262954950332642,4753
R,2027,AV,0.3,start,5026,A,observed_mean,0.5112798810005188,3.109684467315674,2.094878911972046,4753
R,2027,AV,0.3,start,5026,V,reconstructed,0.7614110708236694,3.3466665744781494,0.9810524582862854,4502
R,2027,AV,0.3,start,5026,V,observed_mean,0.2117175012826919,3.3466665744781494,3.003403186798096,4502
R,2027,AV,0.3,middle,5026,A,reconstructed,0.8967390656471252,3.073099136352539,0.8284275531768799,5481
R,2027,AV,0.3,middle,5026,A,observed_mean,0.4643857479095459,3.073099136352539,2.094276428222656,5481
R,2027,AV,0.3,middle,5026,V,reconstructed,0.7549252510070801,3.3423821926116943,0.9813110828399658,5169
R,2027,AV,0.3,middle,5026,V,observed_mean,0.1626232117414474,3.3423821926116943,2.996293067932129,5169
R,2027,AV,0.3,end,5026,A,reconstructed,0.8816609978675842,3.077542304992676,0.8243795037269592,4748
R,2027,AV,0.3,end,5026,A,observed_mean,0.5491840243339539,3.077542304992676,2.135139226913452,4748
R,2027,AV,0.3,end,5026,V,reconstructed,0.7603552341461182,3.4709889888763428,0.9795464873313904,4395
R,2027,AV,0.3,end,5026,V,observed_mean,0.2277188152074813,3.4709889888763428,3.011145830154419,4395
R,2027,AV,0.3,random,5026,A,reconstructed,0.895855724811554,3.066847324371338,0.8290128707885742,5389
R,2027,AV,0.3,random,5026,A,observed_mean,0.4959079623222351,3.066847324371338,2.115842580795288,5389
R,2027,AV,0.3,random,5026,V,reconstructed,0.7531529068946838,3.415446281433105,0.9806770086288452,5066
R,2027,AV,0.3,random,5026,V,observed_mean,0.1872306615114212,3.415446281433105,2.9893758296966557,5066
R,2027,AV,0.3,random,5027,A,reconstructed,0.8981564044952393,3.07706618309021,0.8277199864387512,5395
R,2027,AV,0.3,random,5027,A,observed_mean,0.497653990983963,3.07706618309021,2.123206615447998,5395
R,2027,AV,0.3,random,5027,V,reconstructed,0.7579007148742676,3.3516745567321777,0.9819827675819396,5032
R,2027,AV,0.3,random,5027,V,observed_mean,0.1901752650737762,3.3516745567321777,3.0120325088500977,5032
R,2027,AV,0.3,random,5028,A,reconstructed,0.8985947370529175,3.0936570167541504,0.8271262645721436,5373
R,2027,AV,0.3,random,5028,A,observed_mean,0.491471379995346,3.0936570167541504,2.098334550857544,5373
R,2027,AV,0.3,random,5028,V,reconstructed,0.7558141350746155,3.3817081451416016,0.9805938005447388,5025
R,2027,AV,0.3,random,5028,V,observed_mean,0.1840562224388122,3.3817081451416016,3.0015411376953125,5025
R,2027,TAV,0.3,start,5026,T,reconstructed,0.1610997021198272,16.493534088134766,8.37391471862793,4753
R,2027,TAV,0.3,start,5026,T,observed_mean,0.0987108126282692,16.493534088134766,15.546850204467772,4753
R,2027,TAV,0.3,start,5026,A,reconstructed,0.9056025743484496,3.109684467315674,0.8255963921546936,4753
R,2027,TAV,0.3,start,5026,A,observed_mean,0.5112798810005188,3.109684467315674,2.094878911972046,4753
R,2027,TAV,0.3,start,5026,V,reconstructed,0.7602565884590149,3.3466665744781494,0.9775888323783876,4502
R,2027,TAV,0.3,start,5026,V,observed_mean,0.2117175012826919,3.3466665744781494,3.003403186798096,4502
R,2027,TAV,0.3,middle,5026,T,reconstructed,0.1759307980537414,15.95953369140625,8.3702974319458,5481
R,2027,TAV,0.3,middle,5026,T,observed_mean,0.1144281104207038,15.95953369140625,15.56236743927002,5481
R,2027,TAV,0.3,middle,5026,A,reconstructed,0.8958768248558044,3.073099136352539,0.8128969669342041,5481
R,2027,TAV,0.3,middle,5026,A,observed_mean,0.4643857479095459,3.073099136352539,2.094276428222656,5481
R,2027,TAV,0.3,middle,5026,V,reconstructed,0.7473531365394592,3.3423821926116943,0.9761213660240172,5169
R,2027,TAV,0.3,middle,5026,V,observed_mean,0.1626232117414474,3.3423821926116943,2.996293067932129,5169
R,2027,TAV,0.3,end,5026,T,reconstructed,0.180902361869812,16.130647659301758,8.281060218811035,4748
R,2027,TAV,0.3,end,5026,T,observed_mean,0.1207247972488403,16.130647659301758,14.912384033203123,4748
R,2027,TAV,0.3,end,5026,A,reconstructed,0.8821521401405334,3.077542304992676,0.821172297000885,4748
R,2027,TAV,0.3,end,5026,A,observed_mean,0.5491840243339539,3.077542304992676,2.135139226913452,4748
R,2027,TAV,0.3,end,5026,V,reconstructed,0.7558377981185913,3.4709889888763428,0.9771266579627992,4395
R,2027,TAV,0.3,end,5026,V,observed_mean,0.2277188152074813,3.4709889888763428,3.011145830154419,4395
R,2027,TAV,0.3,random,5026,T,reconstructed,0.1737565100193023,16.108667373657227,8.364456176757812,5389
R,2027,TAV,0.3,random,5026,T,observed_mean,0.1144241094589233,16.108667373657227,15.490900039672852,5389
R,2027,TAV,0.3,random,5026,A,reconstructed,0.8940285444259644,3.066847324371338,0.8170881867408752,5389
R,2027,TAV,0.3,random,5026,A,observed_mean,0.4959079623222351,3.066847324371338,2.115842580795288,5389
R,2027,TAV,0.3,random,5026,V,reconstructed,0.7490807771682739,3.415446281433105,0.9758611917495728,5066
R,2027,TAV,0.3,random,5026,V,observed_mean,0.1872306615114212,3.415446281433105,2.9893758296966557,5066
R,2027,TAV,0.3,random,5027,T,reconstructed,0.1733116209506988,16.031736373901367,8.353479385375977,5395
R,2027,TAV,0.3,random,5027,T,observed_mean,0.1139766573905944,16.031736373901367,15.398487091064451,5395
R,2027,TAV,0.3,random,5027,A,reconstructed,0.8982327580451965,3.07706618309021,0.8178398013114929,5395
R,2027,TAV,0.3,random,5027,A,observed_mean,0.497653990983963,3.07706618309021,2.123206615447998,5395
R,2027,TAV,0.3,random,5027,V,reconstructed,0.7507648468017578,3.3516745567321777,0.9794514179229736,5032
R,2027,TAV,0.3,random,5027,V,observed_mean,0.1901752650737762,3.3516745567321777,3.0120325088500977,5032
R,2027,TAV,0.3,random,5028,T,reconstructed,0.1835741102695465,16.03519630432129,8.444790840148926,5373
R,2027,TAV,0.3,random,5028,T,observed_mean,0.1222866103053093,16.03519630432129,15.595046997070312,5373
R,2027,TAV,0.3,random,5028,A,reconstructed,0.8937261700630188,3.0936570167541504,0.8161019682884216,5373
R,2027,TAV,0.3,random,5028,A,observed_mean,0.491471379995346,3.0936570167541504,2.098334550857544,5373
R,2027,TAV,0.3,random,5028,V,reconstructed,0.7501545548439026,3.3817081451416016,0.971942126750946,5025
R,2027,TAV,0.3,random,5028,V,observed_mean,0.1840562224388122,3.3817081451416016,3.0015411376953125,5025
R,2028,T,0.1,random,5026,T,reconstructed,0.212643414735794,14.916507720947266,5.894007682800293,1711
R,2028,T,0.1,random,5026,T,observed_mean,0.0808148309588432,14.916507720947266,14.317641258239746,1711
R,2028,T,0.1,random,5027,T,reconstructed,0.2161817997694015,14.900970458984377,5.886158466339111,1711
R,2028,T,0.1,random,5027,T,observed_mean,0.0875108018517494,14.900970458984377,14.235201835632324,1711
R,2028,T,0.1,random,5028,T,reconstructed,0.2226577550172805,14.876578330993652,5.901827812194824,1711
R,2028,T,0.1,random,5028,T,observed_mean,0.0933759659528732,14.876578330993652,14.240174293518066,1711
R,2028,T,0.2,random,5026,T,reconstructed,0.2271547764539718,14.874409675598145,5.867123603820801,3400
R,2028,T,0.2,random,5026,T,observed_mean,0.1044379845261573,14.874409675598145,14.2110595703125,3400
R,2028,T,0.2,random,5027,T,reconstructed,0.2284581512212753,14.850753784179688,5.869533538818359,3400
R,2028,T,0.2,random,5027,T,observed_mean,0.1058578491210937,14.850753784179688,14.165550231933594,3400
R,2028,T,0.2,random,5028,T,reconstructed,0.230669230222702,14.837453842163086,5.8740057945251465,3400
R,2028,T,0.2,random,5028,T,observed_mean,0.1122177466750145,14.837453842163086,14.204790115356444,3400
R,2028,T,0.3,start,5026,T,reconstructed,0.2262054532766342,15.137104034423828,5.748210906982422,5039
R,2028,T,0.3,start,5026,T,observed_mean,0.1208908855915069,15.137104034423828,14.05734157562256,5039
R,2028,T,0.3,middle,5026,T,reconstructed,0.2340517193078994,14.749397277832031,5.78131103515625,5039
R,2028,T,0.3,middle,5026,T,observed_mean,0.1177883669734001,14.749397277832031,14.059301376342772,5039
R,2028,T,0.3,end,5026,T,reconstructed,0.2563745081424713,14.927526473999023,5.82102632522583,5039
R,2028,T,0.3,end,5026,T,observed_mean,0.1443811804056167,14.927526473999023,13.590670585632324,5039
R,2028,T,0.3,random,5026,T,reconstructed,0.238815575838089,14.868587493896484,5.805610179901123,5039
R,2028,T,0.3,random,5026,T,observed_mean,0.1244227886199951,14.868587493896484,14.055349349975586,5039
R,2028,T,0.3,random,5027,T,reconstructed,0.2391842454671859,14.83139991760254,5.801133155822754,5039
R,2028,T,0.3,random,5027,T,observed_mean,0.12603759765625,14.83139991760254,14.030967712402344,5039
R,2028,T,0.3,random,5028,T,reconstructed,0.238510712981224,14.812532424926758,5.830560207366943,5039
R,2028,T,0.3,random,5028,T,observed_mean,0.1282568424940109,14.812532424926758,14.152632713317873,5039
R,2028,T,0.4,random,5026,T,reconstructed,0.2549646198749542,14.856863975524902,5.759084224700928,6740
R,2028,T,0.4,random,5026,T,observed_mean,0.1500782519578933,14.856863975524902,13.87822723388672,6740
R,2028,T,0.4,random,5027,T,reconstructed,0.2559501230716705,14.80747127532959,5.769700527191162,6740
R,2028,T,0.4,random,5027,T,observed_mean,0.1522928178310394,14.80747127532959,13.952566146850586,6740
R,2028,T,0.4,random,5028,T,reconstructed,0.2544847726821899,14.808771133422852,5.774749755859375,6740
R,2028,T,0.4,random,5028,T,observed_mean,0.1513579785823822,14.808771133422852,14.087745666503906,6740
R,2028,T,0.5,random,5026,T,reconstructed,0.2734752893447876,14.860078811645508,5.664107322692871,8415
R,2028,T,0.5,random,5026,T,observed_mean,0.1780206859111786,14.860078811645508,13.704684257507324,8415
R,2028,T,0.5,random,5027,T,reconstructed,0.2703507244586944,14.816415786743164,5.687684535980225,8415
R,2028,T,0.5,random,5027,T,observed_mean,0.178611472249031,14.816415786743164,13.764374732971191,8415
R,2028,T,0.5,random,5028,T,reconstructed,0.27188840508461,14.799745559692385,5.7168707847595215,8415
R,2028,T,0.5,random,5028,T,observed_mean,0.1788689345121383,14.799745559692385,13.856525421142578,8415
R,2028,A,0.1,random,5026,A,reconstructed,0.9169049859046936,3.093847751617432,0.8501962423324585,1778
R,2028,A,0.1,random,5026,A,observed_mean,0.4371822476387024,3.093847751617432,2.0352368354797363,1778
R,2028,A,0.1,random,5027,A,reconstructed,0.9205244779586792,3.100853443145752,0.8491870164871216,1770
R,2028,A,0.1,random,5027,A,observed_mean,0.4378261864185333,3.100853443145752,2.0565128326416016,1770
R,2028,A,0.1,random,5028,A,reconstructed,0.91620272397995,3.0449697971343994,0.8503365516662598,1766
R,2028,A,0.1,random,5028,A,observed_mean,0.4345232546329498,3.0449697971343994,2.055431604385376,1766
R,2028,A,0.2,random,5026,A,reconstructed,0.9154879450798036,3.0680179595947266,0.8540266156196594,3579
R,2028,A,0.2,random,5026,A,observed_mean,0.4709749519824981,3.0680179595947266,2.069143533706665,3579
R,2028,A,0.2,random,5027,A,reconstructed,0.919202983379364,3.082814931869507,0.8535786271095276,3579
R,2028,A,0.2,random,5027,A,observed_mean,0.4775825142860412,3.082814931869507,2.077303886413574,3579
R,2028,A,0.2,random,5028,A,reconstructed,0.9146283864974976,3.070448160171509,0.8534815311431885,3568
R,2028,A,0.2,random,5028,A,observed_mean,0.4659985601902008,3.070448160171509,2.073268413543701,3568
R,2028,A,0.3,start,5026,A,reconstructed,0.9196363091468812,3.106064319610596,0.8586918115615845,4757
R,2028,A,0.3,start,5026,A,observed_mean,0.5105495452880859,3.106064319610596,2.092567443847656,4757
R,2028,A,0.3,middle,5026,A,reconstructed,0.9156041145324708,3.0707082748413086,0.8579844236373901,5484
R,2028,A,0.3,middle,5026,A,observed_mean,0.4638226628303528,3.0707082748413086,2.093207836151123,5484
R,2028,A,0.3,end,5026,A,reconstructed,0.914673149585724,3.073410987854004,0.8535258769989014,4757
R,2028,A,0.3,end,5026,A,observed_mean,0.5483208298683167,3.073410987854004,2.134349822998047,4757
R,2028,A,0.3,random,5026,A,reconstructed,0.9165077805519104,3.063387632369995,0.8581587672233582,5389
R,2028,A,0.3,random,5026,A,observed_mean,0.4953186213970184,3.063387632369995,2.1137280464172363,5389
R,2028,A,0.3,random,5027,A,reconstructed,0.9183545708656312,3.07354736328125,0.8579078316688538,5399
R,2028,A,0.3,random,5027,A,observed_mean,0.4970971643924713,3.07354736328125,2.122150421142578,5399
R,2028,A,0.3,random,5028,A,reconstructed,0.9154536128044128,3.091540813446045,0.8577765226364136,5383
R,2028,A,0.3,random,5028,A,observed_mean,0.4906255006790161,3.091540813446045,2.097412586212158,5383
R,2028,A,0.4,random,5026,A,reconstructed,0.9154478311538696,3.056149482727051,0.8628548979759216,7220
R,2028,A,0.4,random,5026,A,observed_mean,0.5138671398162842,3.056149482727051,2.180445432662964,7220
R,2028,A,0.4,random,5027,A,reconstructed,0.9174975752830504,3.0714311599731445,0.8625195622444153,7219
R,2028,A,0.4,random,5027,A,observed_mean,0.5133129954338074,3.0714311599731445,2.181035041809082,7219
R,2028,A,0.4,random,5028,A,reconstructed,0.9144640564918518,3.0832507610321045,0.862150251865387,7208
R,2028,A,0.4,random,5028,A,observed_mean,0.5098875761032104,3.0832507610321045,2.1564831733703613,7208
R,2028,A,0.5,random,5026,A,reconstructed,0.914980173110962,3.053341150283813,0.8671915531158447,9038
R,2028,A,0.5,random,5026,A,observed_mean,0.5279289484024048,3.053341150283813,2.252812385559082,9038
R,2028,A,0.5,random,5027,A,reconstructed,0.9161142706871032,3.0731120109558105,0.8668279051780701,9040
R,2028,A,0.5,random,5027,A,observed_mean,0.5274606347084045,3.0731120109558105,2.2419490814208984,9040
R,2028,A,0.5,random,5028,A,reconstructed,0.9144246578216552,3.080039978027344,0.8665921092033386,9031
R,2028,A,0.5,random,5028,A,observed_mean,0.5276035666465759,3.080039978027344,2.221151113510132,9031
R,2028,V,0.1,random,5026,V,reconstructed,0.7704076766967773,3.393425941467285,1.0702836513519287,1669
R,2028,V,0.1,random,5026,V,observed_mean,0.163968801498413,3.393425941467285,2.9624178409576416,1669
R,2028,V,0.1,random,5027,V,reconstructed,0.7704640626907349,3.3256373405456543,1.07098650932312,1655
R,2028,V,0.1,random,5027,V,observed_mean,0.1666940003633499,3.3256373405456543,2.970921039581299,1655
R,2028,V,0.1,random,5028,V,reconstructed,0.7730169892311096,3.386274099349976,1.070443034172058,1643
R,2028,V,0.1,random,5028,V,observed_mean,0.1587478667497635,3.386274099349976,2.987961769104004,1643
R,2028,V,0.2,random,5026,V,reconstructed,0.7750853896141052,3.426270008087158,1.0711725950241089,3361
R,2028,V,0.2,random,5026,V,observed_mean,0.1761225163936615,3.426270008087158,2.975446939468384,3361
R,2028,V,0.2,random,5027,V,reconstructed,0.773809552192688,3.3414976596832275,1.0717984437942505,3338
R,2028,V,0.2,random,5027,V,observed_mean,0.1768960505723953,3.3414976596832275,2.991106510162353,3338
R,2028,V,0.2,random,5028,V,reconstructed,0.7768465280532837,3.389976978302002,1.0718175172805786,3328
R,2028,V,0.2,random,5028,V,observed_mean,0.1731854379177093,3.389976978302002,2.9904050827026367,3328
R,2028,V,0.3,start,5026,V,reconstructed,0.7823285460472107,3.342029094696045,1.06931734085083,4502
R,2028,V,0.3,start,5026,V,observed_mean,0.2115876972675323,3.342029094696045,3.000330686569214,4502
R,2028,V,0.3,middle,5026,V,reconstructed,0.7756455540657043,3.3383629322052,1.0728448629379272,5169
R,2028,V,0.3,middle,5026,V,observed_mean,0.1625648885965347,3.3383629322052,2.992466449737549,5169
R,2028,V,0.3,end,5026,V,reconstructed,0.7828012704849243,3.466740131378174,1.0743322372436523,4395
R,2028,V,0.3,end,5026,V,observed_mean,0.2275979220867157,3.466740131378174,3.0076754093170166,4395
R,2028,V,0.3,random,5026,V,reconstructed,0.7769151926040649,3.4108755588531494,1.0732611417770386,5066
R,2028,V,0.3,random,5026,V,observed_mean,0.1871367990970611,3.4108755588531494,2.9858758449554443,5066
R,2028,V,0.3,random,5027,V,reconstructed,0.776885449886322,3.34754490852356,1.0738099813461304,5032
R,2028,V,0.3,random,5027,V,observed_mean,0.1901713907718658,3.34754490852356,3.008378744125366,5032
R,2028,V,0.3,random,5028,V,reconstructed,0.7787091135978699,3.377750396728516,1.0735746622085571,5025
R,2028,V,0.3,random,5028,V,observed_mean,0.1839385628700256,3.377750396728516,2.997671365737915,5025
R,2028,V,0.4,random,5026,V,reconstructed,0.7801215052604675,3.389671802520752,1.0750983953475952,6803
R,2028,V,0.4,random,5026,V,observed_mean,0.1986478567123413,3.389671802520752,3.012779235839844,6803
R,2028,V,0.4,random,5027,V,reconstructed,0.7797921895980835,3.3441145420074463,1.07587468624115,6744
R,2028,V,0.4,random,5027,V,observed_mean,0.2011795490980148,3.3441145420074463,3.034449338912964,6744
R,2028,V,0.4,random,5028,V,reconstructed,0.782103955745697,3.3763766288757324,1.0756031274795532,6739
R,2028,V,0.4,random,5028,V,observed_mean,0.1964146345853805,3.3763766288757324,3.02067494392395,6739
R,2028,V,0.5,random,5026,V,reconstructed,0.7828361392021179,3.3704946041107178,1.0777864456176758,8514
R,2028,V,0.5,random,5026,V,observed_mean,0.2102727741003036,3.3704946041107178,3.0601449012756348,8514
R,2028,V,0.5,random,5027,V,reconstructed,0.783652126789093,3.3487038612365723,1.0787372589111328,8456
R,2028,V,0.5,random,5027,V,observed_mean,0.2116175144910812,3.3487038612365723,3.075079202651977,8456
R,2028,V,0.5,random,5028,V,reconstructed,0.7846168279647827,3.3624792098999023,1.0785753726959229,8460
R,2028,V,0.5,random,5028,V,observed_mean,0.2105821073055267,3.3624792098999023,3.0667996406555176,8460
R,2028,TA,0.3,start,5026,T,reconstructed,0.2215583026409149,15.173748970031738,5.787627696990967,4757
R,2028,TA,0.3,start,5026,T,observed_mean,0.1162664294242858,15.173748970031738,14.117000579833984,4757
R,2028,TA,0.3,start,5026,A,reconstructed,0.917793035507202,3.106064319610596,0.8621453046798706,4757
R,2028,TA,0.3,start,5026,A,observed_mean,0.5105495452880859,3.106064319610596,2.092567443847656,4757
R,2028,TA,0.3,middle,5026,T,reconstructed,0.239794909954071,14.74522304534912,5.802366733551025,5484
R,2028,TA,0.3,middle,5026,T,observed_mean,0.1300995945930481,14.74522304534912,14.100122451782228,5484
R,2028,TA,0.3,middle,5026,A,reconstructed,0.9168816208839417,3.0707082748413086,0.8520601987838745,5484
R,2028,TA,0.3,middle,5026,A,observed_mean,0.4638226628303528,3.0707082748413086,2.093207836151123,5484
R,2028,TA,0.3,end,5026,T,reconstructed,0.2504095137119293,14.95533847808838,5.856564044952393,4757
R,2028,TA,0.3,end,5026,T,observed_mean,0.1378176659345626,14.95533847808838,13.616847038269045,4757
R,2028,TA,0.3,end,5026,A,reconstructed,0.9151084423065186,3.073410987854004,0.8430654406547546,4757
R,2028,TA,0.3,end,5026,A,observed_mean,0.5483208298683167,3.073410987854004,2.134349822998047,4757
R,2028,TA,0.3,random,5026,T,reconstructed,0.2402480393648147,14.885979652404783,5.851555824279785,5389
R,2028,TA,0.3,random,5026,T,observed_mean,0.1283714771270752,14.885979652404783,14.043468475341797,5389
R,2028,TA,0.3,random,5026,A,reconstructed,0.91756409406662,3.063387632369995,0.8484932780265808,5389
R,2028,TA,0.3,random,5026,A,observed_mean,0.4953186213970184,3.063387632369995,2.1137280464172363,5389
R,2028,TA,0.3,random,5027,T,reconstructed,0.2398378849029541,14.856586456298828,5.82054328918457,5399
R,2028,TA,0.3,random,5027,T,observed_mean,0.1303269565105438,14.856586456298828,13.940937995910645,5399
R,2028,TA,0.3,random,5027,A,reconstructed,0.9162018299102784,3.07354736328125,0.8513591289520264,5399
R,2028,TA,0.3,random,5027,A,observed_mean,0.4970971643924713,3.07354736328125,2.122150421142578,5399
R,2028,TA,0.3,random,5028,T,reconstructed,0.2434829026460647,14.81423568725586,5.856894016265869,5383
R,2028,TA,0.3,random,5028,T,observed_mean,0.1381698697805404,14.81423568725586,14.134601593017578,5383
R,2028,TA,0.3,random,5028,A,reconstructed,0.9176746606826782,3.091540813446045,0.8476141691207886,5383
R,2028,TA,0.3,random,5028,A,observed_mean,0.4906255006790161,3.091540813446045,2.097412586212158,5383
R,2028,TV,0.3,start,5026,T,reconstructed,0.2207502573728561,15.17711353302002,5.814499378204346,4753
R,2028,TV,0.3,start,5026,T,observed_mean,0.1162769943475723,15.17711353302002,14.120277404785156,4753
R,2028,TV,0.3,start,5026,V,reconstructed,0.782012403011322,3.342029094696045,1.066828370094299,4502
R,2028,TV,0.3,start,5026,V,observed_mean,0.2115876972675323,3.342029094696045,3.000330686569214,4502
R,2028,TV,0.3,middle,5026,T,reconstructed,0.2387641668319702,14.748394966125488,5.831849098205566,5481
R,2028,TV,0.3,middle,5026,T,observed_mean,0.130098357796669,14.748394966125488,14.102643013000488,5481
R,2028,TV,0.3,middle,5026,V,reconstructed,0.77049320936203,3.3383629322052,1.0793787240982056,5169
R,2028,TV,0.3,middle,5026,V,observed_mean,0.1625648885965347,3.3383629322052,2.992466449737549,5169
R,2028,TV,0.3,end,5026,T,reconstructed,0.2490819543600082,14.962895393371582,5.886223316192627,4748
R,2028,TV,0.3,end,5026,T,observed_mean,0.1379194855690002,14.962895393371582,13.61931037902832,4748
R,2028,TV,0.3,end,5026,V,reconstructed,0.7826860547065735,3.466740131378174,1.0795814990997314,4395
R,2028,TV,0.3,end,5026,V,observed_mean,0.2275979220867157,3.466740131378174,3.0076754093170166,4395
R,2028,TV,0.3,random,5026,T,reconstructed,0.2391164153814315,14.885979652404783,5.886458396911621,5389
R,2028,TV,0.3,random,5026,T,observed_mean,0.1283714771270752,14.885979652404783,14.043468475341797,5389
R,2028,TV,0.3,random,5026,V,reconstructed,0.773291289806366,3.4108755588531494,1.0748345851898191,5066
R,2028,TV,0.3,random,5026,V,observed_mean,0.1871367990970611,3.4108755588531494,2.9858758449554443,5066
R,2028,TV,0.3,random,5027,T,reconstructed,0.23794786632061,14.860363006591797,5.855991840362549,5395
R,2028,TV,0.3,random,5027,T,observed_mean,0.1300742924213409,14.860363006591797,13.95193576812744,5395
R,2028,TV,0.3,random,5027,V,reconstructed,0.7741290926933289,3.34754490852356,1.0837759971618652,5032
R,2028,TV,0.3,random,5027,V,observed_mean,0.1901713907718658,3.34754490852356,3.008378744125366,5032
R,2028,TV,0.3,random,5028,T,reconstructed,0.2425519227981567,14.821529388427734,5.888178825378418,5373
R,2028,TV,0.3,random,5028,T,observed_mean,0.1381417214870453,14.821529388427734,14.139918327331545,5373
R,2028,TV,0.3,random,5028,V,reconstructed,0.7765551805496216,3.377750396728516,1.0756571292877195,5025
R,2028,TV,0.3,random,5028,V,observed_mean,0.1839385628700256,3.377750396728516,2.997671365737915,5025
R,2028,AV,0.3,start,5026,A,reconstructed,0.9187134504318236,3.1063995361328125,0.8625245094299316,4753
R,2028,AV,0.3,start,5026,A,observed_mean,0.5104808211326599,3.1063995361328125,2.0924251079559326,4753
R,2028,AV,0.3,start,5026,V,reconstructed,0.7809844017028809,3.342029094696045,1.0821220874786377,4502
R,2028,AV,0.3,start,5026,V,observed_mean,0.2115876972675323,3.342029094696045,3.000330686569214,4502
R,2028,AV,0.3,middle,5026,A,reconstructed,0.9152590036392212,3.0702028274536133,0.8614442944526672,5481
R,2028,AV,0.3,middle,5026,A,observed_mean,0.463975191116333,3.0702028274536133,2.092149496078491,5481
R,2028,AV,0.3,middle,5026,V,reconstructed,0.7741868495941162,3.3383629322052,1.0868020057678225,5169
R,2028,AV,0.3,middle,5026,V,observed_mean,0.1625648885965347,3.3383629322052,2.992466449737549,5169
R,2028,AV,0.3,end,5026,A,reconstructed,0.9145337343215942,3.073554992675781,0.8568551540374756,4748
R,2028,AV,0.3,end,5026,A,observed_mean,0.5483709573745728,3.073554992675781,2.133091688156128,4748
R,2028,AV,0.3,end,5026,V,reconstructed,0.7814266085624695,3.466740131378174,1.0849993228912354,4395
R,2028,AV,0.3,end,5026,V,observed_mean,0.2275979220867157,3.466740131378174,3.0076754093170166,4395
R,2028,AV,0.3,random,5026,A,reconstructed,0.9163926243782043,3.063387632369995,0.8617111444473267,5389
R,2028,AV,0.3,random,5026,A,observed_mean,0.4953186213970184,3.063387632369995,2.1137280464172363,5389
R,2028,AV,0.3,random,5026,V,reconstructed,0.7751856446266174,3.4108755588531494,1.0871820449829102,5066
R,2028,AV,0.3,random,5026,V,observed_mean,0.1871367990970611,3.4108755588531494,2.9858758449554443,5066
R,2028,AV,0.3,random,5027,A,reconstructed,0.917905867099762,3.073161363601685,0.8616465330123901,5395
R,2028,AV,0.3,random,5027,A,observed_mean,0.4971787333488464,3.073161363601685,2.12109923362732,5395
R,2028,AV,0.3,random,5027,V,reconstructed,0.7750271558761597,3.34754490852356,1.0883569717407229,5032
R,2028,AV,0.3,random,5027,V,observed_mean,0.1901713907718658,3.34754490852356,3.008378744125366,5032
R,2028,AV,0.3,random,5028,A,reconstructed,0.9145783185958862,3.0915238857269287,0.8614280819892883,5373
R,2028,AV,0.3,random,5028,A,observed_mean,0.4907440543174743,3.0915238857269287,2.0953617095947266,5373
R,2028,AV,0.3,random,5028,V,reconstructed,0.7770301103591919,3.377750396728516,1.0873321294784546,5025
R,2028,AV,0.3,random,5028,V,observed_mean,0.1839385628700256,3.377750396728516,2.997671365737915,5025
R,2028,TAV,0.3,start,5026,T,reconstructed,0.2195886224508285,15.17711353302002,5.839390277862549,4753
R,2028,TAV,0.3,start,5026,T,observed_mean,0.1162769943475723,15.17711353302002,14.120277404785156,4753
R,2028,TAV,0.3,start,5026,A,reconstructed,0.9171337485313416,3.1063995361328125,0.8604654669761658,4753
R,2028,TAV,0.3,start,5026,A,observed_mean,0.5104808211326599,3.1063995361328125,2.0924251079559326,4753
R,2028,TAV,0.3,start,5026,V,reconstructed,0.7800585031509399,3.342029094696045,1.0778158903121948,4502
R,2028,TAV,0.3,start,5026,V,observed_mean,0.2115876972675323,3.342029094696045,3.000330686569214,4502
R,2028,TAV,0.3,middle,5026,T,reconstructed,0.2374846041202545,14.748394966125488,5.866113185882568,5481
R,2028,TAV,0.3,middle,5026,T,observed_mean,0.130098357796669,14.748394966125488,14.102643013000488,5481
R,2028,TAV,0.3,middle,5026,A,reconstructed,0.9171823859214784,3.0702028274536133,0.8463811874389648,5481
R,2028,TAV,0.3,middle,5026,A,observed_mean,0.463975191116333,3.0702028274536133,2.092149496078491,5481
R,2028,TAV,0.3,middle,5026,V,reconstructed,0.7683572769165039,3.3383629322052,1.0921107530593872,5169
R,2028,TAV,0.3,middle,5026,V,observed_mean,0.1625648885965347,3.3383629322052,2.992466449737549,5169
R,2028,TAV,0.3,end,5026,T,reconstructed,0.2477907091379165,14.962895393371582,5.913590908050537,4748
R,2028,TAV,0.3,end,5026,T,observed_mean,0.1379194855690002,14.962895393371582,13.61931037902832,4748
R,2028,TAV,0.3,end,5026,A,reconstructed,0.9150220155715942,3.073554992675781,0.8394523859024048,4748
R,2028,TAV,0.3,end,5026,A,observed_mean,0.5483709573745728,3.073554992675781,2.133091688156128,4748
R,2028,TAV,0.3,end,5026,V,reconstructed,0.7807976603507996,3.466740131378174,1.0893019437789917,4395
R,2028,TAV,0.3,end,5026,V,observed_mean,0.2275979220867157,3.466740131378174,3.0076754093170166,4395
R,2028,TAV,0.3,random,5026,T,reconstructed,0.2375577539205551,14.885979652404783,5.920724868774414,5389
R,2028,TAV,0.3,random,5026,T,observed_mean,0.1283714771270752,14.885979652404783,14.043468475341797,5389
R,2028,TAV,0.3,random,5026,A,reconstructed,0.9179773330688475,3.063387632369995,0.8429794907569885,5389
R,2028,TAV,0.3,random,5026,A,observed_mean,0.4953186213970184,3.063387632369995,2.1137280464172363,5389
R,2028,TAV,0.3,random,5026,V,reconstructed,0.770973265171051,3.4108755588531494,1.0874366760253906,5066
R,2028,TAV,0.3,random,5026,V,observed_mean,0.1871367990970611,3.4108755588531494,2.9858758449554443,5066
R,2028,TAV,0.3,random,5027,T,reconstructed,0.236558198928833,14.860363006591797,5.885650634765625,5395
R,2028,TAV,0.3,random,5027,T,observed_mean,0.1300742924213409,14.860363006591797,13.95193576812744,5395
R,2028,TAV,0.3,random,5027,A,reconstructed,0.9161874055862428,3.073161363601685,0.846399188041687,5395
R,2028,TAV,0.3,random,5027,A,observed_mean,0.4971787333488464,3.073161363601685,2.12109923362732,5395
R,2028,TAV,0.3,random,5027,V,reconstructed,0.7714626789093018,3.34754490852356,1.0974891185760498,5032
R,2028,TAV,0.3,random,5027,V,observed_mean,0.1901713907718658,3.34754490852356,3.008378744125366,5032
R,2028,TAV,0.3,random,5028,T,reconstructed,0.2413937747478485,14.821529388427734,5.923622131347656,5373
R,2028,TAV,0.3,random,5028,T,observed_mean,0.1381417214870453,14.821529388427734,14.139918327331545,5373
R,2028,TAV,0.3,random,5028,A,reconstructed,0.9172194004058838,3.0915238857269287,0.8430178761482239,5373
R,2028,TAV,0.3,random,5028,A,observed_mean,0.4907440543174743,3.0915238857269287,2.0953617095947266,5373
R,2028,TAV,0.3,random,5028,V,reconstructed,0.7741135954856873,3.377750396728516,1.0879292488098145,5025
R,2028,TAV,0.3,random,5028,V,observed_mean,0.1839385628700256,3.377750396728516,2.997671365737915,5025
R,2029,T,0.1,random,5026,T,reconstructed,0.1541814506053924,15.60239315032959,8.27017879486084,1711
R,2029,T,0.1,random,5026,T,observed_mean,0.0755037665367126,15.60239315032959,15.224696159362791,1711
R,2029,T,0.1,random,5027,T,reconstructed,0.1559033542871475,15.547242164611816,8.20673656463623,1711
R,2029,T,0.1,random,5027,T,observed_mean,0.0808240100741386,15.547242164611816,15.13022804260254,1711
R,2029,T,0.1,random,5028,T,reconstructed,0.1655648350715637,15.510629653930664,8.258955955505371,1711
R,2029,T,0.1,random,5028,T,observed_mean,0.0879934951663017,15.510629653930664,15.159406661987305,1711
R,2029,T,0.2,random,5026,T,reconstructed,0.1708516180515289,15.528759956359863,8.227570533752441,3400
R,2029,T,0.2,random,5026,T,observed_mean,0.1003251448273658,15.528759956359863,15.176054954528809,3400
R,2029,T,0.2,random,5027,T,reconstructed,0.168847769498825,15.48090648651123,8.178956985473633,3400
R,2029,T,0.2,random,5027,T,observed_mean,0.1000436246395111,15.48090648651123,15.10871410369873,3400
R,2029,T,0.2,random,5028,T,reconstructed,0.1761457175016403,15.46023654937744,8.241387367248535,3400
R,2029,T,0.2,random,5028,T,observed_mean,0.1066794916987419,15.46023654937744,15.204753875732422,3400
R,2029,T,0.3,start,5026,T,reconstructed,0.1723836064338684,15.81581211090088,8.093977928161621,5039
R,2029,T,0.3,start,5026,T,observed_mean,0.1155292466282844,15.81581211090088,14.987534523010254,5039
R,2029,T,0.3,middle,5026,T,reconstructed,0.1729630976915359,15.40172290802002,8.082178115844727,5039
R,2029,T,0.3,middle,5026,T,observed_mean,0.110598511993885,15.40172290802002,15.03651237487793,5039
R,2029,T,0.3,end,5026,T,reconstructed,0.1951915919780731,15.605920791625977,8.021882057189941,5039
R,2029,T,0.3,end,5026,T,observed_mean,0.1351082175970077,15.605920791625977,14.353815078735352,5039
R,2029,T,0.3,random,5026,T,reconstructed,0.1788680553436279,15.516757011413574,8.136310577392578,5039
R,2029,T,0.3,random,5026,T,observed_mean,0.1174641177058219,15.516757011413574,15.059045791625977,5039
R,2029,T,0.3,random,5027,T,reconstructed,0.1825391501188278,15.449014663696287,8.095044136047363,5039
R,2029,T,0.3,random,5027,T,observed_mean,0.1197707802057266,15.449014663696287,15.022967338562012,5039
R,2029,T,0.3,random,5028,T,reconstructed,0.1844962537288665,15.438557624816896,8.191265106201172,5039
R,2029,T,0.3,random,5028,T,observed_mean,0.1223975419998169,15.438557624816896,15.225179672241213,5039
R,2029,T,0.4,random,5026,T,reconstructed,0.1951378285884857,15.506322860717772,8.042786598205566,6740
R,2029,T,0.4,random,5026,T,observed_mean,0.1423543095588684,15.506322860717772,14.96090316772461,6740
R,2029,T,0.4,random,5027,T,reconstructed,0.1987652033567428,15.440632820129396,8.049972534179688,6740
R,2029,T,0.4,random,5027,T,observed_mean,0.1459598392248153,15.440632820129396,15.0247163772583,6740
R,2029,T,0.4,random,5028,T,reconstructed,0.1951067894697189,15.44327163696289,8.081171035766602,6740
R,2029,T,0.4,random,5028,T,observed_mean,0.1425412893295288,15.44327163696289,15.158796310424805,6740
R,2029,T,0.5,random,5026,T,reconstructed,0.2100607305765152,15.506030082702637,7.917932033538818,8415
R,2029,T,0.5,random,5026,T,observed_mean,0.1672135293483734,15.506030082702637,14.779253959655762,8415
R,2029,T,0.5,random,5027,T,reconstructed,0.2138795405626297,15.453439712524414,7.917830944061279,8415
R,2029,T,0.5,random,5027,T,observed_mean,0.1719152480363845,15.453439712524414,14.841586112976074,8415
R,2029,T,0.5,random,5028,T,reconstructed,0.2098347544670105,15.44289493560791,7.947566509246826,8415
R,2029,T,0.5,random,5028,T,observed_mean,0.1675066649913787,15.44289493560791,14.995585441589355,8415
R,2029,A,0.1,random,5026,A,reconstructed,0.8994689583778381,3.089286088943481,0.8331518769264221,1778
R,2029,A,0.1,random,5026,A,observed_mean,0.43742236495018,3.089286088943481,2.03137469291687,1778
R,2029,A,0.1,random,5027,A,reconstructed,0.9014784097671508,3.0951080322265625,0.8314530253410339,1770
R,2029,A,0.1,random,5027,A,observed_mean,0.4384030401706695,3.0951080322265625,2.0528430938720703,1770
R,2029,A,0.1,random,5028,A,reconstructed,0.8958811163902283,3.0399727821350098,0.8338903784751892,1766
R,2029,A,0.1,random,5028,A,observed_mean,0.4347434639930725,3.0399727821350098,2.0519535541534424,1766
R,2029,A,0.2,random,5026,A,reconstructed,0.8985583782196045,3.063857316970825,0.8352253437042236,3579
R,2029,A,0.2,random,5026,A,observed_mean,0.4712667465209961,3.063857316970825,2.064934730529785,3579
R,2029,A,0.2,random,5027,A,reconstructed,0.9011163711547852,3.0771114826202397,0.8338222503662109,3579
R,2029,A,0.2,random,5027,A,observed_mean,0.4781550467014313,3.0771114826202397,2.073586940765381,3579
R,2029,A,0.2,random,5028,A,reconstructed,0.8949886560440063,3.064566373825073,0.8352315425872803,3568
R,2029,A,0.2,random,5028,A,observed_mean,0.4663297235965729,3.064566373825073,2.069740056991577,3568
R,2029,A,0.3,start,5026,A,reconstructed,0.90613853931427,3.101805686950684,0.8390547633171082,4757
R,2029,A,0.3,start,5026,A,observed_mean,0.5107861757278442,3.101805686950684,2.088052749633789,4757
R,2029,A,0.3,middle,5026,A,reconstructed,0.9014298915863036,3.0653977394104004,0.8378430604934692,5484
R,2029,A,0.3,middle,5026,A,observed_mean,0.4642119407653808,3.0653977394104004,2.0891151428222656,5484
R,2029,A,0.3,end,5026,A,reconstructed,0.8946400284767151,3.067293405532837,0.8330637216567993,4757
R,2029,A,0.3,end,5026,A,observed_mean,0.5486057996749878,3.067293405532837,2.130378484725952,4757
R,2029,A,0.3,random,5026,A,reconstructed,0.90074360370636,3.058945417404175,0.8377044200897217,5389
R,2029,A,0.3,random,5026,A,observed_mean,0.4955642521381378,3.058945417404175,2.1091678142547607,5389
R,2029,A,0.3,random,5027,A,reconstructed,0.9025840759277344,3.068132877349853,0.8365899920463562,5399
R,2029,A,0.3,random,5027,A,observed_mean,0.4975222051143646,3.068132877349853,2.118149757385254,5399
R,2029,A,0.3,random,5028,A,reconstructed,0.8980754017829895,3.085714817047119,0.837716281414032,5383
R,2029,A,0.3,random,5028,A,observed_mean,0.4910146594047546,3.085714817047119,2.0939977169036865,5383
R,2029,A,0.4,random,5026,A,reconstructed,0.9010697603225708,3.051719665527344,0.8407860994338989,7220
R,2029,A,0.4,random,5026,A,observed_mean,0.5142375826835632,3.051719665527344,2.175583600997925,7220
R,2029,A,0.4,random,5027,A,reconstructed,0.9024958610534668,3.066026210784912,0.8392351269721985,7219
R,2029,A,0.4,random,5027,A,observed_mean,0.5136739611625671,3.066026210784912,2.1768314838409424,7219
R,2029,A,0.4,random,5028,A,reconstructed,0.8999695181846619,3.0776546001434326,0.8402705192565918,7208
R,2029,A,0.4,random,5028,A,observed_mean,0.5102389454841614,3.0776546001434326,2.1528120040893555,7208
R,2029,A,0.5,random,5026,A,reconstructed,0.9016176462173462,3.048734188079834,0.843116283416748,9038
R,2029,A,0.5,random,5026,A,observed_mean,0.5283702611923218,3.048734188079834,2.247853994369507,9038
R,2029,A,0.5,random,5027,A,reconstructed,0.902580201625824,3.0678133964538574,0.8418961763381958,9040
R,2029,A,0.5,random,5027,A,observed_mean,0.5277942419052124,3.0678133964538574,2.237623929977417,9040
R,2029,A,0.5,random,5028,A,reconstructed,0.901492178440094,3.074295997619629,0.8427572250366211,9031
R,2029,A,0.5,random,5028,A,observed_mean,0.5279512405395508,3.074295997619629,2.2176434993743896,9031
R,2029,V,0.1,random,5026,V,reconstructed,0.7850281000137329,3.3975958824157715,1.0014959573745728,1669
R,2029,V,0.1,random,5026,V,observed_mean,0.1639581769704818,3.3975958824157715,2.96660590171814,1669
R,2029,V,0.1,random,5027,V,reconstructed,0.7822317481040955,3.328766107559204,0.9998434782028198,1655
R,2029,V,0.1,random,5027,V,observed_mean,0.1666792631149292,3.328766107559204,2.975459337234497,1655
R,2029,V,0.1,random,5028,V,reconstructed,0.7845550179481506,3.38991928100586,1.0012753009796145,1643
R,2029,V,0.1,random,5028,V,observed_mean,0.1587674915790558,3.38991928100586,2.992434501647949,1643
R,2029,V,0.2,random,5026,V,reconstructed,0.7899377346038818,3.430076837539673,1.0007930994033811,3361
R,2029,V,0.2,random,5026,V,observed_mean,0.1760729551315307,3.430076837539673,2.979608058929444,3361
R,2029,V,0.2,random,5027,V,reconstructed,0.7873513102531433,3.3445310592651367,1.000356912612915,3338
R,2029,V,0.2,random,5027,V,observed_mean,0.1768473386764526,3.3445310592651367,2.9955151081085205,3338
R,2029,V,0.2,random,5028,V,reconstructed,0.7899657487869263,3.392917394638061,1.000458598136902,3328
R,2029,V,0.2,random,5028,V,observed_mean,0.1731783747673034,3.392917394638061,2.9950220584869385,3328
R,2029,V,0.3,start,5026,V,reconstructed,0.7946357727050781,3.3465418815612797,0.9989690780639648,4502
R,2029,V,0.3,start,5026,V,observed_mean,0.2115620821714401,3.3465418815612797,3.003687858581543,4502
R,2029,V,0.3,middle,5026,V,reconstructed,0.7926707863807678,3.3423221111297607,1.0012296438217163,5169
R,2029,V,0.3,middle,5026,V,observed_mean,0.1624633222818374,3.3423221111297607,2.996804714202881,5169
R,2029,V,0.3,end,5026,V,reconstructed,0.795239269733429,3.4702606201171875,0.9995265007019044,4395
R,2029,V,0.3,end,5026,V,observed_mean,0.2275199443101883,3.4702606201171875,3.0123510360717773,4395
R,2029,V,0.3,random,5026,V,reconstructed,0.7932231426239014,3.414663553237915,1.0010496377944946,5066
R,2029,V,0.3,random,5026,V,observed_mean,0.1870635002851486,3.414663553237915,2.990254640579224,5066
R,2029,V,0.3,random,5027,V,reconstructed,0.790809154510498,3.3508141040802,1.0013211965560913,5032
R,2029,V,0.3,random,5027,V,observed_mean,0.1900608539581298,3.3508141040802,3.012815475463867,5032
R,2029,V,0.3,random,5028,V,reconstructed,0.7934566140174866,3.3810408115386963,1.000996232032776,5025
R,2029,V,0.3,random,5028,V,observed_mean,0.1838694959878921,3.3810408115386963,3.002292394638061,5025
R,2029,V,0.4,random,5026,V,reconstructed,0.7960042357444763,3.393491744995117,1.0018006563186646,6803
R,2029,V,0.4,random,5026,V,observed_mean,0.1985401809215545,3.393491744995117,3.017258405685425,6803
R,2029,V,0.4,random,5027,V,reconstructed,0.7940059900283813,3.347609043121338,1.0019876956939695,6744
R,2029,V,0.4,random,5027,V,observed_mean,0.201053649187088,3.347609043121338,3.0388691425323486,6744
R,2029,V,0.4,random,5028,V,reconstructed,0.7975142002105713,3.379996061325073,1.001891016960144,6739
R,2029,V,0.4,random,5028,V,observed_mean,0.1963448971509933,3.379996061325073,3.025252103805542,6739
R,2029,V,0.5,random,5026,V,reconstructed,0.798102855682373,3.374335765838623,1.002488374710083,8514
R,2029,V,0.5,random,5026,V,observed_mean,0.2101580798625946,3.374335765838623,3.064723014831543,8514
R,2029,V,0.5,random,5027,V,reconstructed,0.7976084351539612,3.3524703979492188,1.0029085874557495,8456
R,2029,V,0.5,random,5027,V,observed_mean,0.2114849090576172,3.3524703979492188,3.07938814163208,8456
R,2029,V,0.5,random,5028,V,reconstructed,0.7997066378593445,3.3662800788879395,1.0030111074447632,8460
R,2029,V,0.5,random,5028,V,observed_mean,0.210486888885498,3.3662800788879395,3.071448802947998,8460
R,2029,TA,0.3,start,5026,T,reconstructed,0.1702490299940109,15.8556547164917,8.157463073730469,4757
R,2029,TA,0.3,start,5026,T,observed_mean,0.111400730907917,15.8556547164917,15.03868293762207,4757
R,2029,TA,0.3,start,5026,A,reconstructed,0.9054121375083924,3.101805686950684,0.8501192927360535,4757
R,2029,TA,0.3,start,5026,A,observed_mean,0.5107861757278442,3.101805686950684,2.088052749633789,4757
R,2029,TA,0.3,middle,5026,T,reconstructed,0.1832169443368911,15.40139389038086,8.14352035522461,5484
R,2029,TA,0.3,middle,5026,T,observed_mean,0.1228266656398773,15.40139389038086,15.090414047241213,5484
R,2029,TA,0.3,middle,5026,A,reconstructed,0.9008203148841858,3.0653977394104004,0.842950165271759,5484
R,2029,TA,0.3,middle,5026,A,observed_mean,0.4642119407653808,3.0653977394104004,2.0891151428222656,5484
R,2029,TA,0.3,end,5026,T,reconstructed,0.1914102137088775,15.635573387145996,8.100946426391602,4757
R,2029,TA,0.3,end,5026,T,observed_mean,0.1300380676984787,15.635573387145996,14.392380714416504,4757
R,2029,TA,0.3,end,5026,A,reconstructed,0.8976231217384338,3.067293405532837,0.8420944809913635,4757
R,2029,TA,0.3,end,5026,A,observed_mean,0.5486057996749878,3.067293405532837,2.130378484725952,4757
R,2029,TA,0.3,random,5026,T,reconstructed,0.1825365871191024,15.543917655944824,8.191508293151855,5389
R,2029,TA,0.3,random,5026,T,observed_mean,0.1232778578996658,15.543917655944824,15.042786598205566,5389
R,2029,TA,0.3,random,5026,A,reconstructed,0.8999877572059631,3.058945417404175,0.840135931968689,5389
R,2029,TA,0.3,random,5026,A,observed_mean,0.4955642521381378,3.058945417404175,2.1091678142547607,5389
R,2029,TA,0.3,random,5027,T,reconstructed,0.1815280616283416,15.474971771240234,8.11694622039795,5399
R,2029,TA,0.3,random,5027,T,observed_mean,0.1224145367741584,15.474971771240234,14.911749839782717,5399
R,2029,TA,0.3,random,5027,A,reconstructed,0.901589334011078,3.068132877349853,0.8442692756652832,5399
R,2029,TA,0.3,random,5027,A,observed_mean,0.4975222051143646,3.068132877349853,2.118149757385254,5399
R,2029,TA,0.3,random,5028,T,reconstructed,0.1907306760549545,15.45172882080078,8.235660552978516,5383
R,2029,TA,0.3,random,5028,T,observed_mean,0.1311572939157486,15.45172882080078,15.187450408935549,5383
R,2029,TA,0.3,random,5028,A,reconstructed,0.8944056034088135,3.085714817047119,0.8379557728767395,5383
R,2029,TA,0.3,random,5028,A,observed_mean,0.4910146594047546,3.085714817047119,2.0939977169036865,5383
R,2029,TV,0.3,start,5026,T,reconstructed,0.1694677025079727,15.85841464996338,8.18281364440918,4753
R,2029,TV,0.3,start,5026,T,observed_mean,0.1114378422498703,15.85841464996338,15.04098415374756,4753
R,2029,TV,0.3,start,5026,V,reconstructed,0.790838897228241,3.3465418815612797,1.013107180595398,4502
R,2029,TV,0.3,start,5026,V,observed_mean,0.2115620821714401,3.3465418815612797,3.003687858581543,4502
R,2029,TV,0.3,middle,5026,T,reconstructed,0.1828687041997909,15.404305458068848,8.1787109375,5481
R,2029,TV,0.3,middle,5026,T,observed_mean,0.1228494718670845,15.404305458068848,15.092188835144045,5481
R,2029,TV,0.3,middle,5026,V,reconstructed,0.7878997325897217,3.3423221111297607,1.0113778114318848,5169
R,2029,TV,0.3,middle,5026,V,observed_mean,0.1624633222818374,3.3423221111297607,2.996804714202881,5169
R,2029,TV,0.3,end,5026,T,reconstructed,0.1907378137111663,15.643404006958008,8.127848625183105,4748
R,2029,TV,0.3,end,5026,T,observed_mean,0.1299125999212265,15.643404006958008,14.390944480895996,4748
R,2029,TV,0.3,end,5026,V,reconstructed,0.7902002930641174,3.4702606201171875,1.0092400312423706,4395
R,2029,TV,0.3,end,5026,V,observed_mean,0.2275199443101883,3.4702606201171875,3.0123510360717773,4395
R,2029,TV,0.3,random,5026,T,reconstructed,0.1825406551361084,15.543917655944824,8.225378036499023,5389
R,2029,TV,0.3,random,5026,T,observed_mean,0.1232778578996658,15.543917655944824,15.042786598205566,5389
R,2029,TV,0.3,random,5026,V,reconstructed,0.7850072979927063,3.414663553237915,1.009800910949707,5066
R,2029,TV,0.3,random,5026,V,observed_mean,0.1870635002851486,3.414663553237915,2.990254640579224,5066
R,2029,TV,0.3,random,5027,T,reconstructed,0.1809015125036239,15.478179931640623,8.158496856689453,5395
R,2029,TV,0.3,random,5027,T,observed_mean,0.1223740428686142,15.478179931640623,14.92287540435791,5395
R,2029,TV,0.3,random,5027,V,reconstructed,0.7846673727035522,3.3508141040802,1.016533613204956,5032
R,2029,TV,0.3,random,5027,V,observed_mean,0.1900608539581298,3.3508141040802,3.012815475463867,5032
R,2029,TV,0.3,random,5028,T,reconstructed,0.1902169585227966,15.460216522216797,8.265974998474121,5373
R,2029,TV,0.3,random,5028,T,observed_mean,0.1309745609760284,15.460216522216797,15.190611839294434,5373
R,2029,TV,0.3,random,5028,V,reconstructed,0.7833653688430786,3.3810408115386963,1.012650966644287,5025
R,2029,TV,0.3,random,5028,V,observed_mean,0.1838694959878921,3.3810408115386963,3.002292394638061,5025
R,2029,AV,0.3,start,5026,A,reconstructed,0.9056254029273988,3.1021206378936768,0.8384329676628113,4753
R,2029,AV,0.3,start,5026,A,observed_mean,0.510718584060669,3.1021206378936768,2.087892770767212,4753
R,2029,AV,0.3,start,5026,V,reconstructed,0.7942078113555908,3.3465418815612797,1.001347899436951,4502
R,2029,AV,0.3,start,5026,V,observed_mean,0.2115620821714401,3.3465418815612797,3.003687858581543,4502
R,2029,AV,0.3,middle,5026,A,reconstructed,0.9006834626197815,3.064838409423828,0.8372563123703003,5481
R,2029,AV,0.3,middle,5026,A,observed_mean,0.4643708765506744,3.064838409423828,2.08803129196167,5481
R,2029,AV,0.3,middle,5026,V,reconstructed,0.7915397882461548,3.3423221111297607,1.0033503770828247,5169
R,2029,AV,0.3,middle,5026,V,observed_mean,0.1624633222818374,3.3423221111297607,2.996804714202881,5169
R,2029,AV,0.3,end,5026,A,reconstructed,0.8936326503753662,3.0674262046813965,0.8324182629585266,4748
R,2029,AV,0.3,end,5026,A,observed_mean,0.5486556887626648,3.0674262046813965,2.1291158199310303,4748
R,2029,AV,0.3,end,5026,V,reconstructed,0.7950846552848816,3.4702606201171875,0.9995462894439696,4395
R,2029,AV,0.3,end,5026,V,observed_mean,0.2275199443101883,3.4702606201171875,3.0123510360717773,4395
R,2029,AV,0.3,random,5026,A,reconstructed,0.8996791839599609,3.058945417404175,0.8372762203216553,5389
R,2029,AV,0.3,random,5026,A,observed_mean,0.4955642521381378,3.058945417404175,2.1091678142547607,5389
R,2029,AV,0.3,random,5026,V,reconstructed,0.792752742767334,3.414663553237915,1.0022690296173096,5066
R,2029,AV,0.3,random,5026,V,observed_mean,0.1870635002851486,3.414663553237915,2.990254640579224,5066
R,2029,AV,0.3,random,5027,A,reconstructed,0.90180641412735,3.067704916000366,0.8360328674316406,5395
R,2029,AV,0.3,random,5027,A,observed_mean,0.4976078867912292,3.067704916000366,2.117086410522461,5395
R,2029,AV,0.3,random,5027,V,reconstructed,0.7900481224060059,3.3508141040802,1.0036396980285645,5032
R,2029,AV,0.3,random,5027,V,observed_mean,0.1900608539581298,3.3508141040802,3.012815475463867,5032
R,2029,AV,0.3,random,5028,A,reconstructed,0.8973050117492676,3.085582733154297,0.8369909524917603,5373
R,2029,AV,0.3,random,5028,A,observed_mean,0.4911447763442993,3.085582733154297,2.091838359832764,5373
R,2029,AV,0.3,random,5028,V,reconstructed,0.792938768863678,3.3810408115386963,1.0027005672454834,5025
R,2029,AV,0.3,random,5028,V,observed_mean,0.1838694959878921,3.3810408115386963,3.002292394638061,5025
R,2029,TAV,0.3,start,5026,T,reconstructed,0.1698769629001617,15.85841464996338,8.232367515563965,4753
R,2029,TAV,0.3,start,5026,T,observed_mean,0.1114378422498703,15.85841464996338,15.04098415374756,4753
R,2029,TAV,0.3,start,5026,A,reconstructed,0.9046691656112672,3.1021206378936768,0.8448212742805481,4753
R,2029,TAV,0.3,start,5026,A,observed_mean,0.510718584060669,3.1021206378936768,2.087892770767212,4753
R,2029,TAV,0.3,start,5026,V,reconstructed,0.7898122072219849,3.3465418815612797,1.014360427856445,4502
R,2029,TAV,0.3,start,5026,V,observed_mean,0.2115620821714401,3.3465418815612797,3.003687858581543,4502
R,2029,TAV,0.3,middle,5026,T,reconstructed,0.1827252507209777,15.404305458068848,8.24197769165039,5481
R,2029,TAV,0.3,middle,5026,T,observed_mean,0.1228494718670845,15.404305458068848,15.092188835144045,5481
R,2029,TAV,0.3,middle,5026,A,reconstructed,0.8994146585464478,3.064838409423828,0.8358316421508789,5481
R,2029,TAV,0.3,middle,5026,A,observed_mean,0.4643708765506744,3.064838409423828,2.08803129196167,5481
R,2029,TAV,0.3,middle,5026,V,reconstructed,0.7852635383605957,3.3423221111297607,1.009453535079956,5169
R,2029,TAV,0.3,middle,5026,V,observed_mean,0.1624633222818374,3.3423221111297607,2.996804714202881,5169
R,2029,TAV,0.3,end,5026,T,reconstructed,0.1909090429544448,15.643404006958008,8.178302764892578,4748
R,2029,TAV,0.3,end,5026,T,observed_mean,0.1299125999212265,15.643404006958008,14.390944480895996,4748
R,2029,TAV,0.3,end,5026,A,reconstructed,0.8963912129402161,3.0674262046813965,0.8362228870391846,4748
R,2029,TAV,0.3,end,5026,A,observed_mean,0.5486556887626648,3.0674262046813965,2.1291158199310303,4748
R,2029,TAV,0.3,end,5026,V,reconstructed,0.7893052697181702,3.4702606201171875,1.006322979927063,4395
R,2029,TAV,0.3,end,5026,V,observed_mean,0.2275199443101883,3.4702606201171875,3.0123510360717773,4395
R,2029,TAV,0.3,random,5026,T,reconstructed,0.1820233911275863,15.543917655944824,8.289247512817383,5389
R,2029,TAV,0.3,random,5026,T,observed_mean,0.1232778578996658,15.543917655944824,15.042786598205566,5389
R,2029,TAV,0.3,random,5026,A,reconstructed,0.8984220027923584,3.058945417404175,0.833012044429779,5389
R,2029,TAV,0.3,random,5026,A,observed_mean,0.4955642521381378,3.058945417404175,2.1091678142547607,5389
R,2029,TAV,0.3,random,5026,V,reconstructed,0.7832086086273193,3.414663553237915,1.0072908401489258,5066
R,2029,TAV,0.3,random,5026,V,observed_mean,0.1870635002851486,3.414663553237915,2.990254640579224,5066
R,2029,TAV,0.3,random,5027,T,reconstructed,0.1806418448686599,15.478179931640623,8.217127799987793,5395
R,2029,TAV,0.3,random,5027,T,observed_mean,0.1223740428686142,15.478179931640623,14.92287540435791,5395
R,2029,TAV,0.3,random,5027,A,reconstructed,0.9002462029457092,3.067704916000366,0.8376346826553345,5395
R,2029,TAV,0.3,random,5027,A,observed_mean,0.4976078867912292,3.067704916000366,2.117086410522461,5395
R,2029,TAV,0.3,random,5027,V,reconstructed,0.7827154994010925,3.3508141040802,1.0160577297210691,5032
R,2029,TAV,0.3,random,5027,V,observed_mean,0.1900608539581298,3.3508141040802,3.012815475463867,5032
R,2029,TAV,0.3,random,5028,T,reconstructed,0.1903643012046814,15.460216522216797,8.333012580871582,5373
R,2029,TAV,0.3,random,5028,T,observed_mean,0.1309745609760284,15.460216522216797,15.190611839294434,5373
R,2029,TAV,0.3,random,5028,A,reconstructed,0.8930131793022156,3.085582733154297,0.8307676911354065,5373
R,2029,TAV,0.3,random,5028,A,observed_mean,0.4911447763442993,3.085582733154297,2.091838359832764,5373
R,2029,TAV,0.3,random,5028,V,reconstructed,0.7816001772880554,3.3810408115386963,1.010905385017395,5025
R,2029,TAV,0.3,random,5028,V,observed_mean,0.1838694959878921,3.3810408115386963,3.002292394638061,5025
R,2030,T,0.1,random,5026,T,reconstructed,0.2029014229774475,15.033641815185549,7.9054975509643555,1711
R,2030,T,0.1,random,5026,T,observed_mean,0.0794940963387489,15.033641815185549,14.463899612426758,1711
R,2030,T,0.1,random,5027,T,reconstructed,0.2082263231277465,14.989666938781738,7.837435722351074,1711
R,2030,T,0.1,random,5027,T,observed_mean,0.0876435488462448,14.989666938781738,14.367594718933104,1711
R,2030,T,0.1,random,5028,T,reconstructed,0.2151007652282714,14.93720817565918,7.858641147613525,1711
R,2030,T,0.1,random,5028,T,observed_mean,0.0925832390785217,14.93720817565918,14.337799072265623,1711
R,2030,T,0.2,random,5026,T,reconstructed,0.2166816443204879,14.985821723937988,7.801805019378662,3400
R,2030,T,0.2,random,5026,T,observed_mean,0.1036561951041221,14.985821723937988,14.378726959228516,3400
R,2030,T,0.2,random,5027,T,reconstructed,0.2164652794599533,14.92666244506836,7.73486328125,3400
R,2030,T,0.2,random,5027,T,observed_mean,0.1058776229619979,14.92666244506836,14.32990550994873,3400
R,2030,T,0.2,random,5028,T,reconstructed,0.2214380204677581,14.911229133605955,7.805130481719971,3400
R,2030,T,0.2,random,5028,T,observed_mean,0.1104254499077797,14.911229133605955,14.36591339111328,3400
R,2030,T,0.3,start,5026,T,reconstructed,0.2253434658050537,15.24053192138672,7.678215503692627,5039
R,2030,T,0.3,start,5026,T,observed_mean,0.1209392920136451,15.24053192138672,14.229005813598633,5039
R,2030,T,0.3,middle,5026,T,reconstructed,0.2240633368492126,14.85874843597412,7.608827114105225,5039
R,2030,T,0.3,middle,5026,T,observed_mean,0.1187928766012191,14.85874843597412,14.202475547790527,5039
R,2030,T,0.3,end,5026,T,reconstructed,0.241168200969696,14.889497756958008,7.554437160491943,5039
R,2030,T,0.3,end,5026,T,observed_mean,0.1399967521429062,14.889497756958008,13.867876052856444,5039
R,2030,T,0.3,random,5026,T,reconstructed,0.2288864850997924,14.98437213897705,7.649003505706787,5039
R,2030,T,0.3,random,5026,T,observed_mean,0.1261462122201919,14.98437213897705,14.229459762573242,5039
R,2030,T,0.3,random,5027,T,reconstructed,0.2263999432325363,14.90000343322754,7.607141017913818,5039
R,2030,T,0.3,random,5027,T,observed_mean,0.1236841678619384,14.90000343322754,14.202033042907717,5039
R,2030,T,0.3,random,5028,T,reconstructed,0.2289512455463409,14.892341613769531,7.700221061706543,5039
R,2030,T,0.3,random,5028,T,observed_mean,0.126093104481697,14.892341613769531,14.326464653015137,5039
R,2030,T,0.4,random,5026,T,reconstructed,0.2422531396150589,14.96601676940918,7.469931125640869,6740
R,2030,T,0.4,random,5026,T,observed_mean,0.1510081142187118,14.96601676940918,14.105585098266602,6740
R,2030,T,0.4,random,5027,T,reconstructed,0.2413881719112396,14.886940956115724,7.490088939666748,6740
R,2030,T,0.4,random,5027,T,observed_mean,0.1503591686487198,14.886940956115724,14.17790699005127,6740
R,2030,T,0.4,random,5028,T,reconstructed,0.241685077548027,14.89651107788086,7.54050350189209,6740
R,2030,T,0.4,random,5028,T,observed_mean,0.1507107466459274,14.89651107788086,14.28367042541504,6740
R,2030,T,0.5,random,5026,T,reconstructed,0.2546859383583069,14.96742057800293,7.285970211029053,8415
R,2030,T,0.5,random,5026,T,observed_mean,0.1746894270181656,14.96742057800293,13.956365585327148,8415
R,2030,T,0.5,random,5027,T,reconstructed,0.2541655898094177,14.90522575378418,7.266913890838623,8415
R,2030,T,0.5,random,5027,T,observed_mean,0.1745020151138305,14.90522575378418,14.042398452758787,8415
R,2030,T,0.5,random,5028,T,reconstructed,0.2550813555717468,14.89444065093994,7.333009243011475,8415
R,2030,T,0.5,random,5028,T,observed_mean,0.1751605570316314,14.89444065093994,14.163723945617676,8415
R,2030,A,0.1,random,5026,A,reconstructed,0.9062622785568236,3.092134714126587,0.8288326859474182,1778
R,2030,A,0.1,random,5026,A,observed_mean,0.4377558827400207,3.092134714126587,2.032149314880371,1778
R,2030,A,0.1,random,5027,A,reconstructed,0.9093992114067078,3.0992226600646973,0.828789234161377,1770
R,2030,A,0.1,random,5027,A,observed_mean,0.4391147494316101,3.0992226600646973,2.0538034439086914,1770
R,2030,A,0.1,random,5028,A,reconstructed,0.9127184748649596,3.042887687683105,0.8304328322410583,1766
R,2030,A,0.1,random,5028,A,observed_mean,0.43562051653862,3.042887687683105,2.052788019180298,1766
R,2030,A,0.2,random,5026,A,reconstructed,0.9041746854782104,3.06629490852356,0.8294546604156494,3579
R,2030,A,0.2,random,5026,A,observed_mean,0.471790611743927,3.06629490852356,2.0661420822143555,3579
R,2030,A,0.2,random,5027,A,reconstructed,0.910668134689331,3.081345558166504,0.8295223116874695,3579
R,2030,A,0.2,random,5027,A,observed_mean,0.4788860380649566,3.081345558166504,2.0747010707855225,3579
R,2030,A,0.2,random,5028,A,reconstructed,0.9117878675460817,3.067761182785034,0.8306345343589783,3568
R,2030,A,0.2,random,5028,A,observed_mean,0.4672128856182098,3.067761182785034,2.0709242820739746,3568
R,2030,A,0.3,start,5026,A,reconstructed,0.92236328125,3.1029365062713623,0.8273202776908875,4757
R,2030,A,0.3,start,5026,A,observed_mean,0.5119202136993408,3.1029365062713623,2.090334415435791,4757
R,2030,A,0.3,middle,5026,A,reconstructed,0.9128401279449464,3.06967568397522,0.8319550156593323,5484
R,2030,A,0.3,middle,5026,A,observed_mean,0.4647219479084015,3.06967568397522,2.0897812843322754,5484
R,2030,A,0.3,end,5026,A,reconstructed,0.8944545984268188,3.071851253509521,0.8288560509681702,4757
R,2030,A,0.3,end,5026,A,observed_mean,0.5495254993438721,3.071851253509521,2.1314127445220947,4757
R,2030,A,0.3,random,5026,A,reconstructed,0.9078907370567322,3.06172776222229,0.8309266567230225,5389
R,2030,A,0.3,random,5026,A,observed_mean,0.4963149726390838,3.06172776222229,2.1106128692626958,5389
R,2030,A,0.3,random,5027,A,reconstructed,0.9118933081626892,3.0720434188842773,0.8310853242874146,5399
R,2030,A,0.3,random,5027,A,observed_mean,0.4983309805393219,3.0720434188842773,2.119367837905884,5399
R,2030,A,0.3,random,5028,A,reconstructed,0.9117600321769714,3.0890121459960938,0.8315863013267517,5383
R,2030,A,0.3,random,5028,A,observed_mean,0.4918688535690307,3.0890121459960938,2.0952839851379395,5383
R,2030,A,0.4,random,5026,A,reconstructed,0.9096516966819764,3.0545575618743896,0.8326315879821777,7220
R,2030,A,0.4,random,5026,A,observed_mean,0.5149889588356018,3.0545575618743896,2.1773107051849365,7220
R,2030,A,0.4,random,5027,A,reconstructed,0.9122231006622314,3.0698609352111816,0.8323547840118408,7219
R,2030,A,0.4,random,5027,A,observed_mean,0.5144699811935425,3.0698609352111816,2.178185224533081,7219
R,2030,A,0.4,random,5028,A,reconstructed,0.9121974110603333,3.081125974655152,0.8330056667327881,7208
R,2030,A,0.4,random,5028,A,observed_mean,0.5110388398170471,3.081125974655152,2.154222249984741,7208
R,2030,A,0.5,random,5026,A,reconstructed,0.911257266998291,3.0517983436584477,0.8343717455863953,9038
R,2030,A,0.5,random,5026,A,observed_mean,0.529098629951477,3.0517983436584477,2.249744176864624,9038
R,2030,A,0.5,random,5027,A,reconstructed,0.9121865034103394,3.071467399597168,0.8340449929237366,9040
R,2030,A,0.5,random,5027,A,observed_mean,0.5284947156906128,3.071467399597168,2.239078998565674,9040
R,2030,A,0.5,random,5028,A,reconstructed,0.913260579109192,3.0778965950012207,0.8345620036125183,9031
R,2030,A,0.5,random,5028,A,observed_mean,0.5286104679107666,3.0778965950012207,2.2189297676086426,9031
R,2030,V,0.1,random,5026,V,reconstructed,0.742729127407074,3.396164655685425,0.9503906965255736,1669
R,2030,V,0.1,random,5026,V,observed_mean,0.1639120876789093,3.396164655685425,2.965462446212769,1669
R,2030,V,0.1,random,5027,V,reconstructed,0.7439274787902832,3.32867431640625,0.9540862441062928,1655
R,2030,V,0.1,random,5027,V,observed_mean,0.166651114821434,3.32867431640625,2.9738566875457764,1655
R,2030,V,0.1,random,5028,V,reconstructed,0.7422754764556885,3.388432741165161,0.9526441693305968,1643
R,2030,V,0.1,random,5028,V,observed_mean,0.1586982160806656,3.388432741165161,2.991252899169922,1643
R,2030,V,0.2,random,5026,V,reconstructed,0.7477063536643982,3.428847551345825,0.9490835666656494,3361
R,2030,V,0.2,random,5026,V,observed_mean,0.1760748326778412,3.428847551345825,2.9782416820526123,3361
R,2030,V,0.2,random,5027,V,reconstructed,0.7465853095054626,3.344088554382324,0.9513322710990906,3338
R,2030,V,0.2,random,5027,V,observed_mean,0.1768376380205154,3.344088554382324,2.9938387870788574,3338
R,2030,V,0.2,random,5028,V,reconstructed,0.7484142780303955,3.3914613723754883,0.950210690498352,3328
R,2030,V,0.2,random,5028,V,observed_mean,0.1731545180082321,3.3914613723754883,2.9936392307281494,3328
R,2030,V,0.3,start,5026,V,reconstructed,0.7525793313980103,3.345151662826538,0.9433737993240356,4502
R,2030,V,0.3,start,5026,V,observed_mean,0.211483284831047,3.345151662826538,3.002626419067383,4502
R,2030,V,0.3,middle,5026,V,reconstructed,0.7485760450363159,3.3405394554138184,0.948732852935791,5169
R,2030,V,0.3,middle,5026,V,observed_mean,0.1624261885881424,3.3405394554138184,2.9954519271850586,5169
R,2030,V,0.3,end,5026,V,reconstructed,0.7573111653327942,3.469011068344116,0.9533806443214417,4395
R,2030,V,0.3,end,5026,V,observed_mean,0.2275283485651016,3.469011068344116,3.010605573654175,4395
R,2030,V,0.3,random,5026,V,reconstructed,0.750751256942749,3.4134521484375,0.947884202003479,5066
R,2030,V,0.3,random,5026,V,observed_mean,0.1870264858007431,3.4134521484375,2.988760471343994,5066
R,2030,V,0.3,random,5027,V,reconstructed,0.7501482963562012,3.3501205444335938,0.9496572613716124,5032
R,2030,V,0.3,random,5027,V,observed_mean,0.1900423467159271,3.3501205444335938,3.011194944381714,5032
R,2030,V,0.3,random,5028,V,reconstructed,0.7522470951080322,3.3795883655548096,0.9486514925956726,5025
R,2030,V,0.3,random,5028,V,observed_mean,0.1838524788618087,3.3795883655548096,3.000917673110962,5025
R,2030,V,0.4,random,5026,V,reconstructed,0.7551599144935608,3.3920695781707764,0.9471347332000732,6803
R,2030,V,0.4,random,5026,V,observed_mean,0.1985319256782531,3.3920695781707764,3.0156943798065186,6803
R,2030,V,0.4,random,5027,V,reconstructed,0.7547271251678467,3.3465209007263184,0.9483508467674256,6744
R,2030,V,0.4,random,5027,V,observed_mean,0.2010304778814315,3.3465209007263184,3.037214756011963,6744
R,2030,V,0.4,random,5028,V,reconstructed,0.7574551701545715,3.378258228302002,0.9475228190422058,6739
R,2030,V,0.4,random,5028,V,observed_mean,0.1962965279817581,3.378258228302002,3.0240206718444824,6739
R,2030,V,0.5,random,5026,V,reconstructed,0.759760320186615,3.3729610443115234,0.9465489983558656,8514
R,2030,V,0.5,random,5026,V,observed_mean,0.210143968462944,3.3729610443115234,3.063136339187622,8514
R,2030,V,0.5,random,5027,V,reconstructed,0.7595916986465454,3.3511083126068115,0.9472521543502808,8456
R,2030,V,0.5,random,5027,V,observed_mean,0.2114953994750976,3.3511083126068115,3.077930212020874,8456
R,2030,V,0.5,random,5028,V,reconstructed,0.7611337900161743,3.364421844482422,0.9469435811042786,8460
R,2030,V,0.5,random,5028,V,observed_mean,0.2104432135820388,3.364421844482422,3.0703346729278564,8460
R,2030,TA,0.3,start,5026,T,reconstructed,0.2232408374547958,15.278989791870115,7.771671772003174,4757
R,2030,TA,0.3,start,5026,T,observed_mean,0.1158509850502014,15.278989791870115,14.258479118347168,4757
R,2030,TA,0.3,start,5026,A,reconstructed,0.9185594916343688,3.1029365062713623,0.851908802986145,4757
R,2030,TA,0.3,start,5026,A,observed_mean,0.5119202136993408,3.1029365062713623,2.090334415435791,4757
R,2030,TA,0.3,middle,5026,T,reconstructed,0.2336874902248382,14.860235214233398,7.657098293304443,5484
R,2030,TA,0.3,middle,5026,T,observed_mean,0.1298453211784362,14.860235214233398,14.217768669128418,5484
R,2030,TA,0.3,middle,5026,A,reconstructed,0.909005641937256,3.06967568397522,0.8610442876815796,5484
R,2030,TA,0.3,middle,5026,A,observed_mean,0.4647219479084015,3.06967568397522,2.0897812843322754,5484
R,2030,TA,0.3,end,5026,T,reconstructed,0.2371386140584945,14.90986156463623,7.654685497283935,4757
R,2030,TA,0.3,end,5026,T,observed_mean,0.1351640075445175,14.90986156463623,13.9014892578125,4757
R,2030,TA,0.3,end,5026,A,reconstructed,0.8932770490646362,3.071851253509521,0.8604092001914978,4757
R,2030,TA,0.3,end,5026,A,observed_mean,0.5495254993438721,3.071851253509521,2.1314127445220947,4757
R,2030,TA,0.3,random,5026,T,reconstructed,0.2309936881065368,14.997675895690918,7.711907386779785,5389
R,2030,TA,0.3,random,5026,T,observed_mean,0.1310053318738937,14.997675895690918,14.249855041503906,5389
R,2030,TA,0.3,random,5026,A,reconstructed,0.903973400592804,3.06172776222229,0.8547905683517456,5389
R,2030,TA,0.3,random,5026,A,observed_mean,0.4963149726390838,3.06172776222229,2.1106128692626958,5389
R,2030,TA,0.3,random,5027,T,reconstructed,0.2275804132223129,14.917293548583984,7.603307723999023,5399
R,2030,TA,0.3,random,5027,T,observed_mean,0.1287945955991745,14.917293548583984,14.123777389526367,5399
R,2030,TA,0.3,random,5027,A,reconstructed,0.9096788167953492,3.0720434188842773,0.8700165152549744,5399
R,2030,TA,0.3,random,5027,A,observed_mean,0.4983309805393219,3.0720434188842773,2.119367837905884,5399
R,2030,TA,0.3,random,5028,T,reconstructed,0.2391375750303268,14.8908052444458,7.76460599899292,5383
R,2030,TA,0.3,random,5028,T,observed_mean,0.1369936019182205,14.8908052444458,14.29231071472168,5383
R,2030,TA,0.3,random,5028,A,reconstructed,0.9087653160095216,3.0890121459960938,0.8561936616897583,5383
R,2030,TA,0.3,random,5028,A,observed_mean,0.4918688535690307,3.0890121459960938,2.0952839851379395,5383
R,2030,TV,0.3,start,5026,T,reconstructed,0.2221009582281112,15.28054141998291,7.819934368133545,4753
R,2030,TV,0.3,start,5026,T,observed_mean,0.1158973276615142,15.28054141998291,14.259857177734377,4753
R,2030,TV,0.3,start,5026,V,reconstructed,0.7501670122146606,3.345151662826538,0.9480150938034058,4502
R,2030,TV,0.3,start,5026,V,observed_mean,0.211483284831047,3.345151662826538,3.002626419067383,4502
R,2030,TV,0.3,middle,5026,T,reconstructed,0.2325642555952072,14.863990783691406,7.714148044586182,5481
R,2030,TV,0.3,middle,5026,T,observed_mean,0.1298434287309646,14.863990783691406,14.220603942871094,5481
R,2030,TV,0.3,middle,5026,V,reconstructed,0.7420468330383301,3.3405394554138184,0.9518691301345824,5169
R,2030,TV,0.3,middle,5026,V,observed_mean,0.1624261885881424,3.3405394554138184,2.9954519271850586,5169
R,2030,TV,0.3,end,5026,T,reconstructed,0.236009731888771,14.918685913085938,7.69917106628418,4748
R,2030,TV,0.3,end,5026,T,observed_mean,0.1350659430027008,14.918685913085938,13.906683921813965,4748
R,2030,TV,0.3,end,5026,V,reconstructed,0.7531804442405701,3.469011068344116,0.9663944840431212,4395
R,2030,TV,0.3,end,5026,V,observed_mean,0.2275283485651016,3.469011068344116,3.010605573654175,4395
R,2030,TV,0.3,random,5026,T,reconstructed,0.2306181639432907,14.997675895690918,7.768455505371094,5389
R,2030,TV,0.3,random,5026,T,observed_mean,0.1310053318738937,14.997675895690918,14.249855041503906,5389
R,2030,TV,0.3,random,5026,V,reconstructed,0.7442677021026611,3.4134521484375,0.9522058963775636,5066
R,2030,TV,0.3,random,5026,V,observed_mean,0.1870264858007431,3.4134521484375,2.988760471343994,5066
R,2030,TV,0.3,random,5027,T,reconstructed,0.2262589484453201,14.921188354492188,7.675871849060059,5395
R,2030,TV,0.3,random,5027,T,observed_mean,0.1288440227508545,14.921188354492188,14.134418487548828,5395
R,2030,TV,0.3,random,5027,V,reconstructed,0.7473341226577759,3.3501205444335938,0.9570224285125732,5032
R,2030,TV,0.3,random,5027,V,observed_mean,0.1900423467159271,3.3501205444335938,3.011194944381714,5032
R,2030,TV,0.3,random,5028,T,reconstructed,0.2382435202598571,14.8966064453125,7.818528175354004,5373
R,2030,TV,0.3,random,5028,T,observed_mean,0.1369955241680145,14.8966064453125,14.295583724975586,5373
R,2030,TV,0.3,random,5028,V,reconstructed,0.7471095323562622,3.3795883655548096,0.9494543671607972,5025
R,2030,TV,0.3,random,5028,V,observed_mean,0.1838524788618087,3.3795883655548096,3.000917673110962,5025
R,2030,AV,0.3,start,5026,A,reconstructed,0.9225184917449952,3.10325288772583,0.8258659839630127,4753
R,2030,AV,0.3,start,5026,A,observed_mean,0.5118556022644043,3.10325288772583,2.090179204940796,4753
R,2030,AV,0.3,start,5026,V,reconstructed,0.7534232139587402,3.345151662826538,0.9467716217041016,4502
R,2030,AV,0.3,start,5026,V,observed_mean,0.211483284831047,3.345151662826538,3.002626419067383,4502
R,2030,AV,0.3,middle,5026,A,reconstructed,0.9129768013954164,3.069090843200684,0.8299242854118347,5481
R,2030,AV,0.3,middle,5026,A,observed_mean,0.4648822844028473,3.069090843200684,2.0886776447296143,5481
R,2030,AV,0.3,middle,5026,V,reconstructed,0.7502037286758423,3.3405394554138184,0.9530009627342224,5169
R,2030,AV,0.3,middle,5026,V,observed_mean,0.1624261885881424,3.3405394554138184,2.9954519271850586,5169
R,2030,AV,0.3,end,5026,A,reconstructed,0.8943018317222595,3.0719668865203857,0.8270670175552368,4748
R,2030,AV,0.3,end,5026,A,observed_mean,0.5495732426643372,3.0719668865203857,2.1301345825195312,4748
R,2030,AV,0.3,end,5026,V,reconstructed,0.758194625377655,3.469011068344116,0.956922173500061,4395
R,2030,AV,0.3,end,5026,V,observed_mean,0.2275283485651016,3.469011068344116,3.010605573654175,4395
R,2030,AV,0.3,random,5026,A,reconstructed,0.908486545085907,3.06172776222229,0.8293941617012024,5389
R,2030,AV,0.3,random,5026,A,observed_mean,0.4963149726390838,3.06172776222229,2.1106128692626958,5389
R,2030,AV,0.3,random,5026,V,reconstructed,0.752376914024353,3.4134521484375,0.9516518712043762,5066
R,2030,AV,0.3,random,5026,V,observed_mean,0.1870264858007431,3.4134521484375,2.988760471343994,5066
R,2030,AV,0.3,random,5027,A,reconstructed,0.9119440913200378,3.071591854095459,0.8290757536888123,5395
R,2030,AV,0.3,random,5027,A,observed_mean,0.498418390750885,3.071591854095459,2.1182730197906494,5395
R,2030,AV,0.3,random,5027,V,reconstructed,0.7514142990112305,3.3501205444335938,0.9529840350151062,5032
R,2030,AV,0.3,random,5027,V,observed_mean,0.1900423467159271,3.3501205444335938,3.011194944381714,5032
R,2030,AV,0.3,random,5028,A,reconstructed,0.9118453860282898,3.088866233825684,0.8295325040817261,5373
R,2030,AV,0.3,random,5028,A,observed_mean,0.4920093715190887,3.088866233825684,2.0931310653686523,5373
R,2030,AV,0.3,random,5028,V,reconstructed,0.7534598112106323,3.3795883655548096,0.9528931379318236,5025
R,2030,AV,0.3,random,5028,V,observed_mean,0.1838524788618087,3.3795883655548096,3.000917673110962,5025
R,2030,TAV,0.3,start,5026,T,reconstructed,0.2225416302680969,15.28054141998291,7.8787055015563965,4753
R,2030,TAV,0.3,start,5026,T,observed_mean,0.1158973276615142,15.28054141998291,14.259857177734377,4753
R,2030,TAV,0.3,start,5026,A,reconstructed,0.9189274311065674,3.10325288772583,0.8443449139595032,4753
R,2030,TAV,0.3,start,5026,A,observed_mean,0.5118556022644043,3.10325288772583,2.090179204940796,4753
R,2030,TAV,0.3,start,5026,V,reconstructed,0.7507083415985107,3.345151662826538,0.947218418121338,4502
R,2030,TAV,0.3,start,5026,V,observed_mean,0.211483284831047,3.345151662826538,3.002626419067383,4502
R,2030,TAV,0.3,middle,5026,T,reconstructed,0.2328930795192718,14.863990783691406,7.792278289794922,5481
R,2030,TAV,0.3,middle,5026,T,observed_mean,0.1298434287309646,14.863990783691406,14.220603942871094,5481
R,2030,TAV,0.3,middle,5026,A,reconstructed,0.9094868302345276,3.069090843200684,0.850239634513855,5481
R,2030,TAV,0.3,middle,5026,A,observed_mean,0.4648822844028473,3.069090843200684,2.0886776447296143,5481
R,2030,TAV,0.3,middle,5026,V,reconstructed,0.7431238293647766,3.3405394554138184,0.9497014284133912,5169
R,2030,TAV,0.3,middle,5026,V,observed_mean,0.1624261885881424,3.3405394554138184,2.9954519271850586,5169
R,2030,TAV,0.3,end,5026,T,reconstructed,0.2362421751022339,14.918685913085938,7.763575553894043,4748
R,2030,TAV,0.3,end,5026,T,observed_mean,0.1350659430027008,14.918685913085938,13.906683921813965,4748
R,2030,TAV,0.3,end,5026,A,reconstructed,0.893291711807251,3.0719668865203857,0.8527815341949463,4748
R,2030,TAV,0.3,end,5026,A,observed_mean,0.5495732426643372,3.0719668865203857,2.1301345825195312,4748
R,2030,TAV,0.3,end,5026,V,reconstructed,0.7539328336715698,3.469011068344116,0.966378688812256,4395
R,2030,TAV,0.3,end,5026,V,observed_mean,0.2275283485651016,3.469011068344116,3.010605573654175,4395
R,2030,TAV,0.3,random,5026,T,reconstructed,0.230602741241455,14.997675895690918,7.846899509429932,5389
R,2030,TAV,0.3,random,5026,T,observed_mean,0.1310053318738937,14.997675895690918,14.249855041503906,5389
R,2030,TAV,0.3,random,5026,A,reconstructed,0.9048455953598022,3.06172776222229,0.8443346619606018,5389
R,2030,TAV,0.3,random,5026,A,observed_mean,0.4963149726390838,3.06172776222229,2.1106128692626958,5389
R,2030,TAV,0.3,random,5026,V,reconstructed,0.7456825375556946,3.4134521484375,0.9491900205612184,5066
R,2030,TAV,0.3,random,5026,V,observed_mean,0.1870264858007431,3.4134521484375,2.988760471343994,5066
R,2030,TAV,0.3,random,5027,T,reconstructed,0.2260419577360153,14.921188354492188,7.744114398956299,5395
R,2030,TAV,0.3,random,5027,T,observed_mean,0.1288440227508545,14.921188354492188,14.134418487548828,5395
R,2030,TAV,0.3,random,5027,A,reconstructed,0.9099507331848145,3.071591854095459,0.8593390583992004,5395
R,2030,TAV,0.3,random,5027,A,observed_mean,0.498418390750885,3.071591854095459,2.1182730197906494,5395
R,2030,TAV,0.3,random,5027,V,reconstructed,0.7485339641571045,3.3501205444335938,0.9542829990386964,5032
R,2030,TAV,0.3,random,5027,V,observed_mean,0.1900423467159271,3.3501205444335938,3.011194944381714,5032
R,2030,TAV,0.3,random,5028,T,reconstructed,0.2387365698814392,14.8966064453125,7.898289680480957,5373
R,2030,TAV,0.3,random,5028,T,observed_mean,0.1369955241680145,14.8966064453125,14.295583724975586,5373
R,2030,TAV,0.3,random,5028,A,reconstructed,0.9089877605438232,3.088866233825684,0.8455471992492676,5373
R,2030,TAV,0.3,random,5028,A,observed_mean,0.4920093715190887,3.088866233825684,2.0931310653686523,5373
R,2030,TAV,0.3,random,5028,V,reconstructed,0.7479563355445862,3.3795883655548096,0.9475023150444032,5025
R,2030,TAV,0.3,random,5028,V,observed_mean,0.1838524788618087,3.3795883655548096,3.000917673110962,5025
