dest_path	size_bytes	sha256	reason	source_path
problem_versions/problem1_v2/BERT文本特征说明.md	1324	138a21750a17d59d178ad748ab3a9986e616615965d720c0f7e56bd9a798139c	source_doc_config	problem1_v2/BERT文本特征说明.md
problem_versions/problem1_v2/README.md	437	68db8477fac3bb611b4bca64dd9a1c45af169b3efa78c2bb4b5d0aac1085ed45	source_doc_config	problem1_v2/README.md
problem_versions/problem1_v2/__init__.py	80	ee26fbab64969cc1aec6d64386e78a5c9ab3faeecc5166b40d5532a14a3ac333	source_doc_config	problem1_v2/__init__.py
problem_versions/problem1_v2/audio_quality.py	6142	f35d1924823dfa51003e76c9d534394f94f1fa53d5e711c851399fde7024a561	source_doc_config	problem1_v2/audio_quality.py
problem_versions/problem1_v2/build_alignment_package.py	268	f7f9562adebdc1199dace2fb342f408fe7579525e5f0522a9700b01b7b848a4d	source_doc_config	problem1_v2/build_alignment_package.py
problem_versions/problem1_v2/common.py	4274	2fa8e5bb48fd1d76a8d1f12ffce9251e0eb369d76b995ac90f8a10fa86461f36	source_doc_config	problem1_v2/common.py
problem_versions/problem1_v2/config_q1.json	1330	bf1abe6bdd1c85a2c1659435d386260f54fa9c3d92d7987911ea8cc5c6edb3f4	source_doc_config	problem1_v2/config_q1.json
problem_versions/problem1_v2/covarep_audio.py	2935	5324924d39380dc32968d786ff3d3718e25b0898eb0e97f70959c600c3b19f6b	source_doc_config	problem1_v2/covarep_audio.py
problem_versions/problem1_v2/covarep_batch.m	666	75dea22f2b99f1501a74f9a77d0d6ce8d946cc1d27f69db83ac47c0052d4518b	source_doc_config	problem1_v2/covarep_batch.m
problem_versions/problem1_v2/figures/results/quality_masks.pdf	22004	2f16c7c003659ce2af76a85503bd4bb5acd65ff87d6d4fcb88e295ff784d9308	result_figure	problem1_v2/figures/results/quality_masks.pdf
problem_versions/problem1_v2/figures/results/quality_masks.png	156083	708e77898ba11a6f087050d61fca2023b041a8c17c4d224092858b772201e99e	result_figure	problem1_v2/figures/results/quality_masks.png
problem_versions/problem1_v2/figures/results/valid_fraction.pdf	13144	1259a512b6cc4e8b5c7e1899bd2501d82465487d23bf26e952d01e3ed02996c4	result_figure	problem1_v2/figures/results/valid_fraction.pdf
problem_versions/problem1_v2/figures/results/valid_fraction.png	52643	550b33ca42374f2a0285e7ac11c8854642cb46733b1a998ac9f169262b1256ce	result_figure	problem1_v2/figures/results/valid_fraction.png
problem_versions/problem1_v2/figures/results_smoke_1/quality_masks.png	149063	f25cb6620ec245e5752e6b84c45d551bd897ef00eaac9a6175581ea9ee59337e	result_figure	problem1_v2/figures/results_smoke_1/quality_masks.png
problem_versions/problem1_v2/figures/results_smoke_1/valid_fraction.png	52667	76c7181a25e01130335693486667bb086587b9a095fd86a2bbb08aea721e715a	result_figure	problem1_v2/figures/results_smoke_1/valid_fraction.png
problem_versions/problem1_v2/figures/results_smoke_2/quality_masks.png	145152	23c97406e2a888c1b93de6e107f9ac56169ee770a35724dd1545ff0758075e1c	result_figure	problem1_v2/figures/results_smoke_2/quality_masks.png
problem_versions/problem1_v2/figures/results_smoke_2/valid_fraction.png	52569	54290bb9f9816687b2a8c020c912fc733ff683aa289c63868eb1c238215ca758	result_figure	problem1_v2/figures/results_smoke_2/valid_fraction.png
problem_versions/problem1_v2/frame_sync.py	3150	b3ba88ad19737cf313b5274f14da61a5e0e013c8e150ff4bbb0f628d12497e23	source_doc_config	problem1_v2/frame_sync.py
problem_versions/problem1_v2/normalize.py	1561	93e1ad6c1a9919dfc5e74a204226f6e48b1c4c8b5b5062b1b181b803f0280d8d	source_doc_config	problem1_v2/normalize.py
problem_versions/problem1_v2/pack_per_sample_compact.py	14473	889d6d988e5aa54b5cd3fa1ac1c4b28f96adeac27067b8c2bcd3a785abb6b9e3	source_doc_config	problem1_v2/pack_per_sample_compact.py
problem_versions/problem1_v2/problem1.py	6883	72c2678307899d0a7d56090607d43dffb489d279c1a626efbdd443b65773dcd8	source_doc_config	problem1_v2/problem1.py
problem_versions/problem1_v2/shared_cache.py	2646	831c2da6d881bc316bdb571c4f2cd6d93941ea66412142bde2a15cc261006548	source_doc_config	problem1_v2/shared_cache.py
problem_versions/problem1_v2/text_quality.py	8501	075c219a52c01402c0ff51654c07c903941d5d190a0fd4c03f8c50745646f8a4	source_doc_config	problem1_v2/text_quality.py
problem_versions/problem1_v2/token_time.py	3333	03d20a063ddbf784b60883f5854f2bd8742fae742e2962db4c3390c22ce43c96	source_doc_config	problem1_v2/token_time.py
problem_versions/problem1_v2/verify_outputs.py	9580	312ded2667860763b0d12352f4d4ff0c0172e96f5863c28351949b2d8b5608b7	source_doc_config	problem1_v2/verify_outputs.py
problem_versions/problem1_v2/vision_quality.py	3806	9c51420ad1d707a7a1852548e6166abdf326675e6ca4236b06970d465fe09701	source_doc_config	problem1_v2/vision_quality.py
problem_versions/problem1_v2/visualization.py	4353	49c808f2c7702d44d1a3cb45b18e30150ebc856324d08e126c7639bc188d0f9d	source_doc_config	problem1_v2/visualization.py
problem_versions/problem1_v2/wavread.m	1235	5bfd3c34ed7fc5fb50e16799332617cdc898bc319730bc57b32d37ac7adda03e	source_doc_config	problem1_v2/wavread.m
problem_versions/problem1_v2/三种模态无效片段识别方法.md	955	4d53de20deb780511933fead3e21ff31e6aa7db1a2dc0fb605959e40efb0cf1c	source_doc_config	problem1_v2/三种模态无效片段识别方法.md
problem_versions/problem1_v2/采用说明.md	1053	983a2ea6fe4da06b9da5ce266cbd15ab02109b12a59e66f862a4c692d54a94b5	source_doc_config	problem1_v2/采用说明.md
problem_versions/problem1_v2/题目分析报告_方案B.md	1674	73dc5f2d9cc7bfa60c9ce6fe3a0c8174b09fa9df6b4093adb617f93edea2a5aa	source_doc_config	problem1_v2/题目分析报告_方案B.md
problem_versions/problem1_v3/BERT文本特征说明.md	1360	cf724bbbfc0478b5a38b08b6f1dd3abf4440e4c4fb26cfdc558fc2cb9a16f53d	source_doc_config	problem1_v3/BERT文本特征说明.md
problem_versions/problem1_v3/README.md	645	5b57b166fd8f2e0d8b04767648087622a33f4d21c7ac660e435e89df55f76336	source_doc_config	problem1_v3/README.md
problem_versions/problem1_v3/__init__.py	71	0b358222cc353f270b19751e0b455948c772c16ded0d5a7ee3a2b5903b0d1de9	source_doc_config	problem1_v3/__init__.py
problem_versions/problem1_v3/build_alignment_package.py	268	581456068b6a1b19812a8bd0daf608bc1f0099b087cb0af13ef8a041a5f26a50	source_doc_config	problem1_v3/build_alignment_package.py
problem_versions/problem1_v3/common.py	4274	2fa8e5bb48fd1d76a8d1f12ffce9251e0eb369d76b995ac90f8a10fa86461f36	source_doc_config	problem1_v3/common.py
problem_versions/problem1_v3/config_q1.json	1185	693c9c2af1c4727ea20af855fd4a5f247134aca41348dd9c7351f7a441c8f644	source_doc_config	problem1_v3/config_q1.json
problem_versions/problem1_v3/covarep_audio.py	2935	5324924d39380dc32968d786ff3d3718e25b0898eb0e97f70959c600c3b19f6b	source_doc_config	problem1_v3/covarep_audio.py
problem_versions/problem1_v3/covarep_batch.m	666	75dea22f2b99f1501a74f9a77d0d6ce8d946cc1d27f69db83ac47c0052d4518b	source_doc_config	problem1_v3/covarep_batch.m
problem_versions/problem1_v3/extractors.py	6828	fff77eb0d12bf042e38e40470d5d6f8fb24f876a435988e2a010b22152d34922	source_doc_config	problem1_v3/extractors.py
problem_versions/problem1_v3/figures/results/quality_masks.pdf	19598	40ddc148eb294f949731b91044c7e8e5541d3b09486caa3bfac44eb9ef907199	result_figure	problem1_v3/figures/results/quality_masks.pdf
problem_versions/problem1_v3/figures/results/quality_masks.png	157182	1b6de4209f3200e0b01c97040696bed694af479f7c58d120c006884ef44c2368	result_figure	problem1_v3/figures/results/quality_masks.png
problem_versions/problem1_v3/figures/results/valid_fraction.pdf	12919	fccc2d846e6f5c850f293fe6b231b7644ade952483454919b0716a5bd0d8f1ca	result_figure	problem1_v3/figures/results/valid_fraction.pdf
problem_versions/problem1_v3/figures/results/valid_fraction.png	52688	efa5e9ac591a1df49f8a9fc3bbe5c5aa567ee519a7f4118b26504aa4277fc027	result_figure	problem1_v3/figures/results/valid_fraction.png
problem_versions/problem1_v3/frame_sync.py	3150	b3ba88ad19737cf313b5274f14da61a5e0e013c8e150ff4bbb0f628d12497e23	source_doc_config	problem1_v3/frame_sync.py
problem_versions/problem1_v3/mfa_alignment/README.md	1195	ac83228dbd33152c43cf3a622d1fe8cbe02bf1d694ff9aebeaa79df92e23bd3d	source_doc_config	problem1_v3/mfa_alignment/README.md
problem_versions/problem1_v3/mfa_alignment/__init__.py	568	7b7629aaafa04ae039c16d2c086855de52b4402be2a2fba6b1c1d78175fc125f	source_doc_config	problem1_v3/mfa_alignment/__init__.py
problem_versions/problem1_v3/mfa_alignment/aggregate.py	2235	c5f6529ea3ab5f435ece02f9436b7e0ede9456839a4e399a1ee46ca0d455c8e3	source_doc_config	problem1_v3/mfa_alignment/aggregate.py
problem_versions/problem1_v3/mfa_alignment/media.py	4052	c5dc78ca45e0b4ffcf8473cf8d542f661ed1f5df29e028a02786cd8acec3d38f	source_doc_config	problem1_v3/mfa_alignment/media.py
problem_versions/problem1_v3/mfa_alignment/media_preparation.py	2266	b6c486313b57c33f446c52dbc6fac6474f4358ec35642605dead8f7d124b31aa	source_doc_config	problem1_v3/mfa_alignment/media_preparation.py
problem_versions/problem1_v3/mfa_alignment/word_alignment.py	5380	3478f581f72ceca13705817c6cdd07b3346df7e251ec3213bc3c189d25f51450	source_doc_config	problem1_v3/mfa_alignment/word_alignment.py
problem_versions/problem1_v3/normalize.py	1561	93e1ad6c1a9919dfc5e74a204226f6e48b1c4c8b5b5062b1b181b803f0280d8d	source_doc_config	problem1_v3/normalize.py
problem_versions/problem1_v3/pack_per_sample_compact.py	11280	27e1fa5780b147d6c73dd4e2556ca3c0618540e0eb31d4d1a60992e55ff9f3a8	source_doc_config	problem1_v3/pack_per_sample_compact.py
problem_versions/problem1_v3/problem1.py	15199	95123d05fa9a4b38b3ef8a06810c9837d70a371c89664bdebbc62bdf03a29499	source_doc_config	problem1_v3/problem1.py
problem_versions/problem1_v3/shared_cache.py	2646	831c2da6d881bc316bdb571c4f2cd6d93941ea66412142bde2a15cc261006548	source_doc_config	problem1_v3/shared_cache.py
problem_versions/problem1_v3/verify_outputs.py	5445	f7c5780850f67163d1414f29f92edfff7664a18ff3f91676aad9dbed7340cd92	source_doc_config	problem1_v3/verify_outputs.py
problem_versions/problem1_v3/visualization.py	4474	f4b457f4bed9a1ef45c2a2a9f9033625f46af254f799cd791b8b8244012c64cd	source_doc_config	problem1_v3/visualization.py
problem_versions/problem1_v3/wavread.m	1235	5bfd3c34ed7fc5fb50e16799332617cdc898bc319730bc57b32d37ac7adda03e	source_doc_config	problem1_v3/wavread.m
problem_versions/problem1_v3/三种模态无效片段识别方法.md	1111	675e5386268a1eafa9b3337d097c395f6e3d57fbddac2b3a38b34b505f4d48fd	source_doc_config	problem1_v3/三种模态无效片段识别方法.md
problem_versions/problem1_v3/采用说明.md	1388	831ecda72a82a6fb9e1a132b22eb7da076edbd5d0322ab6d50c68301ab00b8db	source_doc_config	problem1_v3/采用说明.md
problem_versions/problem1_v3/题目分析报告_方案A.md	2230	52a84e86e5a807b31724f3a10309407d7020900137f72e3d00c048585282ae3d	source_doc_config	problem1_v3/题目分析报告_方案A.md
problem_versions/problem2/README.md	4216	247df8540d13479784d6ced36655029efb81817e1cfaa7b8251faa390fb7f392	source_doc_config	problem2/README.md
problem_versions/problem2/__init__.py	59	d747ccbeb049b1558f96e31b955560abeeb537c1c9e1487be5fbbb8d3adead78	source_doc_config	problem2/__init__.py
problem_versions/problem2/ablation.py	8121	8c93c5db1a31fa128eb398893f8af585863cb713f19187f0715ad90e3ecaec46	source_doc_config	problem2/ablation.py
problem_versions/problem2/ablation_analysis.py	10307	f41713141b0131a58b654093ff0602d93188648277fc3b1c975db9f098443033	source_doc_config	problem2/ablation_analysis.py
problem_versions/problem2/ablation_plots.py	12103	72b22c124a11c9426a01890b07ee4563b544ac1fdedd3009231a22e32192ae9a	source_doc_config	problem2/ablation_plots.py
problem_versions/problem2/data.py	9654	c5c2ecda24fc6a7b44b5b7c9149492b69edbed181a93368f6f98f2b0b0febb4a	source_doc_config	problem2/data.py
problem_versions/problem2/evaluation.py	2035	83436ea4dc5b77b37eb41e96b330c9834fcd71b3e532bd17861d7a297a0b1e44	source_doc_config	problem2/evaluation.py
problem_versions/problem2/experiments.py	20015	e6ab333f0118c379ee38692df80137bab2ed6ce37a9fd35574d806e1063ccf8a	source_doc_config	problem2/experiments.py
problem_versions/problem2/figures/aligned/local_missingness.png	107251	64a7704d46ec492564b4b77fe85ab99c0604081c534722fece18b5263b8cac64	result_figure	problem2/figures/aligned/local_missingness.png
problem_versions/problem2/figures/aligned/test/confusion.png	69956	4c3d225c6489ec94241b6dddeaf079f565effa7732a827fdafbffb5c5ab6bf97	result_figure	problem2/figures/aligned/test/confusion.png
problem_versions/problem2/figures/aligned/test/residual.png	159890	84a708c160086510c09ed85e0ed4227d46e08273be4d622048a4c0dcac3a62a1	result_figure	problem2/figures/aligned/test/residual.png
problem_versions/problem2/figures/aligned/valid/confusion.png	67205	d2fef133a07bedba08290df7fd44fd17594aa895f95c3c4049d784bd2ff44af7	result_figure	problem2/figures/aligned/valid/confusion.png
problem_versions/problem2/figures/aligned/valid/residual.png	160204	07874be0b483c0237eb2e0871ec2c6d8a3b83cf9a8f2a8d90ff533f4eb2a0ca2	result_figure	problem2/figures/aligned/valid/residual.png
problem_versions/problem2/figures/five_seeds/test_by_seed.png	82827	1e9a443cff5f81a8f870e18f766579bc6dc02c693b480e50ff4a48197d7efe80	result_figure	problem2/figures/five_seeds/test_by_seed.png
problem_versions/problem2/inference.py	10663	35367d2ffb74f149819c9cdd1c2e496701d40c10936e7b0ce1d875c46a44d145	source_doc_config	problem2/inference.py
problem_versions/problem2/local_missingness.py	4606	6fb4f1c28bdee51153661b04936e27f2a61c5fc9894172b2ee84c548853f91ba	source_doc_config	problem2/local_missingness.py
problem_versions/problem2/model.py	23222	45053be2293f5ae7c8ca3bf25daa049c455a45913fb85a8ead8ebb61a2ff2283	source_doc_config	problem2/model.py
problem_versions/problem2/output_contract.py	768	f1b1e0d9794a3ab60df3da0db971eafcad81110c56b0d37b2f9f67b1982461e6	source_doc_config	problem2/output_contract.py
problem_versions/problem2/problem2.py	3029	5426b7651aeec6bb08107a47358020a3cbfccdca006c004d478e86c27250573e	source_doc_config	problem2/problem2.py
problem_versions/problem2/results/ablations/continuous_ablation_check_smoke/figures/01_ablation.pdf	24695	fd555e5505e36f0a9f606397afb6d383ffe4b3a2aa499bc9e0a305e78ce60e81	result_figure	problem2/results/ablations/continuous_ablation_check_smoke/figures/01_ablation.pdf
problem_versions/problem2/results/ablations/continuous_ablation_check_smoke/figures/01_ablation.png	142637	bc49d725eb970ba0857f23e3b5a3435494fad85f1b951a2460d39a93f31cba5d	result_figure	problem2/results/ablations/continuous_ablation_check_smoke/figures/01_ablation.png
problem_versions/problem2/results/ablations/continuous_ablation_check_smoke/figures/02_robustness.pdf	32118	913fdf678f8eed070447f9e021f6f766c87c854c378d10c59779d9dc0ab46479	result_figure	problem2/results/ablations/continuous_ablation_check_smoke/figures/02_robustness.pdf
problem_versions/problem2/results/ablations/continuous_ablation_check_smoke/figures/02_robustness.png	417076	dfab5ca9051f4466da166254cf96a00e48f9a623e07aea3c8f2dc87c443692f4	result_figure	problem2/results/ablations/continuous_ablation_check_smoke/figures/02_robustness.png
problem_versions/problem2/results/ablations/continuous_ablation_check_smoke/figures/03_location.pdf	28504	9f2b3e2ace07ef9512c1d04e7472cf995a557af493245f399744722dede33b3b	result_figure	problem2/results/ablations/continuous_ablation_check_smoke/figures/03_location.pdf
problem_versions/problem2/results/ablations/continuous_ablation_check_smoke/figures/03_location.png	178768	08c9c10729eb00d8e2ce2266c87da8122bf68c5c7dc835de5aad5687885fe971	result_figure	problem2/results/ablations/continuous_ablation_check_smoke/figures/03_location.png
problem_versions/problem2/results/ablations/continuous_ablation_check_smoke/figures/04_stability.pdf	24218	dae694e19e89e2c239cd1ff5d1f65637c366ed74d62ca9650ad56b4fbfb18cac	result_figure	problem2/results/ablations/continuous_ablation_check_smoke/figures/04_stability.pdf
problem_versions/problem2/results/ablations/continuous_ablation_check_smoke/figures/04_stability.png	114888	c28630167da7f318fee61373b7946ed60b25ffab4e4e0d2a69d2b361a0205967	result_figure	problem2/results/ablations/continuous_ablation_check_smoke/figures/04_stability.png
problem_versions/problem2/results/ablations/continuous_ablation_check_smoke/figures/05_reconstruction.pdf	41172	5b977d7658a36bb43d825f2f8acc53cf0be790e436a8c6d394409a60a4c5043c	result_figure	problem2/results/ablations/continuous_ablation_check_smoke/figures/05_reconstruction.pdf
problem_versions/problem2/results/ablations/continuous_ablation_check_smoke/figures/05_reconstruction.png	273795	cb7b5e670392af28655b1741684cd7c47299b6abe8111d402cb6d9433b636408	result_figure	problem2/results/ablations/continuous_ablation_check_smoke/figures/05_reconstruction.png
problem_versions/problem2/results/ablations/continuous_ablation_check_smoke/figures/06_gating.pdf	34004	5cdff41bb66121b8038b64c3ef45cc16356ee2c36e9335027af5188c36801305	result_figure	problem2/results/ablations/continuous_ablation_check_smoke/figures/06_gating.pdf
problem_versions/problem2/results/ablations/continuous_ablation_check_smoke/figures/06_gating.png	396344	ae54465653058cb4a9f7590462df9c69b2c5e4be5ad13750617e4ece375a125c	result_figure	problem2/results/ablations/continuous_ablation_check_smoke/figures/06_gating.png
problem_versions/problem2/results/ablations/continuous_ablation_check_smoke/metrics.csv	27147	e2585e4f39011a7d0e8b165e04db4c1c8f8f30d0559fc3bb0f5b20d49d134372	result_summary	problem2/results/ablations/continuous_ablation_check_smoke/metrics.csv
problem_versions/problem2/results/ablations/continuous_ablation_check_smoke/primary_summary.csv	1067	8abd52d941529910d0a0f519d99b8396c91b9c32cf0b0f1c7c73f31d314e13dc	result_summary	problem2/results/ablations/continuous_ablation_check_smoke/primary_summary.csv
problem_versions/problem2/results/ablations/continuous_ablation_check_smoke/reconstruction.csv	24225	e0a61aae1680b46c2420c8ba5c214c3d183c5dd858096bab65c8a708a988751f	result_summary	problem2/results/ablations/continuous_ablation_check_smoke/reconstruction.csv
problem_versions/problem2/results/ablations/continuous_ablation_check_smoke/runs/Bm_seed2026/analysis_done.json	95	56cdac33150aafd670e7a6b9429f9857b30415f411497c3b0a99fc8d967b4abc	result_summary	problem2/results/ablations/continuous_ablation_check_smoke/runs/Bm_seed2026/analysis_done.json
problem_versions/problem2/results/ablations/continuous_ablation_check_smoke/runs/Bm_seed2026/metrics.csv	5627	08e5647258d167236739628b9498218505deec7b8b1631609f52c333f0077303	result_summary	problem2/results/ablations/continuous_ablation_check_smoke/runs/Bm_seed2026/metrics.csv
problem_versions/problem2/results/ablations/continuous_ablation_check_smoke/runs/Bm_seed2026/stability.csv	3071	a864c43b92f099e6ce2f1e8d36585911f296fdd80294197b5a5dd9dc3c1b06d6	result_summary	problem2/results/ablations/continuous_ablation_check_smoke/runs/Bm_seed2026/stability.csv
problem_versions/problem2/results/ablations/continuous_ablation_check_smoke/runs/Bm_seed2026/summary.json	1547	8394b0af91ca528251d287b8fdc661a3b533414b3adeac484f109732fe7d85b8	result_summary	problem2/results/ablations/continuous_ablation_check_smoke/runs/Bm_seed2026/summary.json
problem_versions/problem2/results/ablations/continuous_ablation_check_smoke/runs/C_seed2026/analysis_done.json	94	5b2b3716bb967b50568c14bf0e1ec0bf6a240baa870b503031109fbce66c337e	result_summary	problem2/results/ablations/continuous_ablation_check_smoke/runs/C_seed2026/analysis_done.json
problem_versions/problem2/results/ablations/continuous_ablation_check_smoke/runs/C_seed2026/metrics.csv	5583	963948a6d1e4ec766a2289b2248724d07b4d9853b61a1076a48c6f3b31e07a50	result_summary	problem2/results/ablations/continuous_ablation_check_smoke/runs/C_seed2026/metrics.csv
problem_versions/problem2/results/ablations/continuous_ablation_check_smoke/runs/C_seed2026/stability.csv	3033	f59a2386d9d3edc5954a21f797cd210598bae5d593969285ab870ba885a97762	result_summary	problem2/results/ablations/continuous_ablation_check_smoke/runs/C_seed2026/stability.csv
problem_versions/problem2/results/ablations/continuous_ablation_check_smoke/runs/C_seed2026/summary.json	1548	2a1a41ecde59fc561d3ab3646462fd6c87dd45708eba98a8c20c2b1b20cfc5d0	result_summary	problem2/results/ablations/continuous_ablation_check_smoke/runs/C_seed2026/summary.json
problem_versions/problem2/results/ablations/continuous_ablation_check_smoke/runs/F_seed2026/analysis_done.json	94	a1d9f841a1c8552092835351dd7add3adcb1ad6b153015f26686141e0ec44c47	result_summary	problem2/results/ablations/continuous_ablation_check_smoke/runs/F_seed2026/analysis_done.json
problem_versions/problem2/results/ablations/continuous_ablation_check_smoke/runs/F_seed2026/metrics.csv	5666	f296e19516d74692ecddeafea8cb25cf0a8afbfde9876159af2f5add99b0fd60	result_summary	problem2/results/ablations/continuous_ablation_check_smoke/runs/F_seed2026/metrics.csv
problem_versions/problem2/results/ablations/continuous_ablation_check_smoke/runs/F_seed2026/reconstruction.csv	12267	3184a41f6b0ef475e044b7a497a6924bb2f32153dd3a1df3d972630b676fa78f	result_summary	problem2/results/ablations/continuous_ablation_check_smoke/runs/F_seed2026/reconstruction.csv
problem_versions/problem2/results/ablations/continuous_ablation_check_smoke/runs/F_seed2026/stability.csv	3023	80ea93d0be7f6ec5c1414dfcd954cedaf16a295ff10f1cbebd7f2234f7f1e570	result_summary	problem2/results/ablations/continuous_ablation_check_smoke/runs/F_seed2026/stability.csv
problem_versions/problem2/results/ablations/continuous_ablation_check_smoke/runs/F_seed2026/summary.json	1519	bc0ef84adddc3a890f7403cdae049b9332170e867319c8c366465f87ad6b0210	result_summary	problem2/results/ablations/continuous_ablation_check_smoke/runs/F_seed2026/summary.json
problem_versions/problem2/results/ablations/continuous_ablation_check_smoke/runs/G_seed2026/analysis_done.json	94	d1536fdb663f75b26f5996010819e6d28846ae088f095a319550c46c443729dc	result_summary	problem2/results/ablations/continuous_ablation_check_smoke/runs/G_seed2026/analysis_done.json
problem_versions/problem2/results/ablations/continuous_ablation_check_smoke/runs/G_seed2026/metrics.csv	5644	8aca4044f9e49a1f7e844f8a34aff92f6e6cf54ab461d404523f83cd56cf5acf	result_summary	problem2/results/ablations/continuous_ablation_check_smoke/runs/G_seed2026/metrics.csv
problem_versions/problem2/results/ablations/continuous_ablation_check_smoke/runs/G_seed2026/stability.csv	3047	1c14b44384c083365aa379e00761e154c6ee6b7de5c86aad184d32e8787985ff	result_summary	problem2/results/ablations/continuous_ablation_check_smoke/runs/G_seed2026/stability.csv
problem_versions/problem2/results/ablations/continuous_ablation_check_smoke/runs/G_seed2026/summary.json	1508	3295f7abda79243fa32fa0c324765657e0870feb30b2c19a18abc5a3a1129178	result_summary	problem2/results/ablations/continuous_ablation_check_smoke/runs/G_seed2026/summary.json
problem_versions/problem2/results/ablations/continuous_ablation_check_smoke/runs/R_seed2026/analysis_done.json	94	e489d12d728174c6606c747af2c6bfb4c2ef115a89b715d1edd1ddb11ff563b9	result_summary	problem2/results/ablations/continuous_ablation_check_smoke/runs/R_seed2026/analysis_done.json
problem_versions/problem2/results/ablations/continuous_ablation_check_smoke/runs/R_seed2026/metrics.csv	5674	996ecb51e9c8944755f2672be4c13b7935b53162a640f5206aade55a8ba6861f	result_summary	problem2/results/ablations/continuous_ablation_check_smoke/runs/R_seed2026/metrics.csv
problem_versions/problem2/results/ablations/continuous_ablation_check_smoke/runs/R_seed2026/reconstruction.csv	12189	6ad56b9a4a0b1b9a0e16098bd230a30866bb1bbdb9289fce22b6dbee406d6e83	result_summary	problem2/results/ablations/continuous_ablation_check_smoke/runs/R_seed2026/reconstruction.csv
problem_versions/problem2/results/ablations/continuous_ablation_check_smoke/runs/R_seed2026/stability.csv	3030	6e2d110eae8c1a65607878343947064d7f6d97fafbd89231aba55c006b81ec9d	result_summary	problem2/results/ablations/continuous_ablation_check_smoke/runs/R_seed2026/stability.csv
problem_versions/problem2/results/ablations/continuous_ablation_check_smoke/runs/R_seed2026/summary.json	1544	f1e828fd47e64e1873f91b1c9bf90ac7547405e647bf7d8a02ddd8f18d67e43e	result_summary	problem2/results/ablations/continuous_ablation_check_smoke/runs/R_seed2026/summary.json
problem_versions/problem2/results/ablations/continuous_ablation_check_smoke/scenarios.json	5146	eedb84935abb823e3f4d1c9fa0f9503c6a255d1eea7d48929011101793822a34	result_summary	problem2/results/ablations/continuous_ablation_check_smoke/scenarios.json
problem_versions/problem2/results/ablations/continuous_ablation_check_smoke/stability.csv	14533	28e0830640c83e891454dcfe45712ed364d8b1a60a81d6d177902cf8cbfb9bf5	result_summary	problem2/results/ablations/continuous_ablation_check_smoke/stability.csv
problem_versions/problem2/results/ablations/continuous_ablation_check_smoke/图表说明.md	3869	0d76d58f6cefe1a82a7c459e45f6998bb8b65bafe49ed166e5de8203bcf6994f	result_markdown	problem2/results/ablations/continuous_ablation_check_smoke/图表说明.md
problem_versions/problem2/results/ablations/continuous_ablation_check_smoke/实验报告.md	991	901cd6e162cbdb7126f506697a6a5b57ef5dbe58000959691878239ee2cee191	result_markdown	problem2/results/ablations/continuous_ablation_check_smoke/实验报告.md
problem_versions/problem2/results/ablations/continuous_ablation_five_seeds/figures/01_ablation.pdf	27408	c0f3e784d37ae5df2bbeca6ec675384db919a7f5234e4cb81ad6f7a71d70fdbc	result_figure	problem2/results/ablations/continuous_ablation_five_seeds/figures/01_ablation.pdf
problem_versions/problem2/results/ablations/continuous_ablation_five_seeds/figures/01_ablation.png	166663	4549b7f8ab533f210ccee69f5c8d89daf5e1c60310a6c30ebcda67868e8f4afa	result_figure	problem2/results/ablations/continuous_ablation_five_seeds/figures/01_ablation.png
problem_versions/problem2/results/ablations/continuous_ablation_five_seeds/figures/02_robustness.pdf	34216	f375e41fe61329919c6ed6173f38f47ff14568df2d7993073593118aff074ae8	result_figure	problem2/results/ablations/continuous_ablation_five_seeds/figures/02_robustness.pdf
problem_versions/problem2/results/ablations/continuous_ablation_five_seeds/figures/02_robustness.png	603716	e49801832fea14c04569ce865270610e43e40823ad4fac3361736f60c0da49a7	result_figure	problem2/results/ablations/continuous_ablation_five_seeds/figures/02_robustness.png
problem_versions/problem2/results/ablations/continuous_ablation_five_seeds/figures/03_location.pdf	25374	badf861dccc71395d02781430409286aaac1f48010ef57f114840b32b848cc64	result_figure	problem2/results/ablations/continuous_ablation_five_seeds/figures/03_location.pdf
problem_versions/problem2/results/ablations/continuous_ablation_five_seeds/figures/03_location.png	181612	ce175be52617a22d98edd68e7405d76dcce5e9fb54c0364c1d872454a2e45438	result_figure	problem2/results/ablations/continuous_ablation_five_seeds/figures/03_location.png
problem_versions/problem2/results/ablations/continuous_ablation_five_seeds/figures/04_stability.pdf	25854	a08bb0daefeafabde3262235073887ed2e4800640241babbe52d683d6b4de602	result_figure	problem2/results/ablations/continuous_ablation_five_seeds/figures/04_stability.pdf
problem_versions/problem2/results/ablations/continuous_ablation_five_seeds/figures/04_stability.png	150938	d59db1dd1e525560cbe61cfa19cba6e97ce81a2f63186589903461de2f9e51d8	result_figure	problem2/results/ablations/continuous_ablation_five_seeds/figures/04_stability.png
problem_versions/problem2/results/ablations/continuous_ablation_five_seeds/figures/05_reconstruction.pdf	46026	9e74a5ef57ffcd29106f1f7e3f1ebe09e5820b5379efbdd07038c75d823f59bf	result_figure	problem2/results/ablations/continuous_ablation_five_seeds/figures/05_reconstruction.pdf
problem_versions/problem2/results/ablations/continuous_ablation_five_seeds/figures/05_reconstruction.png	341577	5bf73b82225495f220c8f72f97b77eea9cecd3beb3359cf0159fdf82a81380b0	result_figure	problem2/results/ablations/continuous_ablation_five_seeds/figures/05_reconstruction.png
problem_versions/problem2/results/ablations/continuous_ablation_five_seeds/figures/06_gating.pdf	38838	e3731275be5f9293ad7f83bd2827062c4d755e88b7672d20434dd8f107c8eba9	result_figure	problem2/results/ablations/continuous_ablation_five_seeds/figures/06_gating.pdf
problem_versions/problem2/results/ablations/continuous_ablation_five_seeds/figures/06_gating.png	363982	45cf726a4d63793c5c3d7ed845d5a466bbbe84405adacde3f7d042b4b4e770aa	result_figure	problem2/results/ablations/continuous_ablation_five_seeds/figures/06_gating.png
problem_versions/problem2/results/ablations/continuous_ablation_five_seeds/metrics.csv	350774	d26dec2193627e91828a684df9feccc843d2679f900a80377e6688ce4f663d6e	result_summary	problem2/results/ablations/continuous_ablation_five_seeds/metrics.csv
problem_versions/problem2/results/ablations/continuous_ablation_five_seeds/primary_summary.csv	1803	e9b5c9ffdb9448aa1b93962ca498c3d83ced982a461a49b055004afe92c45bb5	result_summary	problem2/results/ablations/continuous_ablation_five_seeds/primary_summary.csv
problem_versions/problem2/results/ablations/continuous_ablation_five_seeds/reconstruction.csv	220331	1d8b99fc7d79283afaed8e810b9b53d106759ddc08a5b95df143e8db95d9bdd2	result_summary	problem2/results/ablations/continuous_ablation_five_seeds/reconstruction.csv
problem_versions/problem2/results/ablations/continuous_ablation_five_seeds/runs/Bm_seed2026/analysis_done.json	97	4ee50cc6b2a803f7ec471302cee86d8cbadbf4e388f8d17b6cadb86f2be4ed3f	result_summary	problem2/results/ablations/continuous_ablation_five_seeds/runs/Bm_seed2026/analysis_done.json
problem_versions/problem2/results/ablations/continuous_ablation_five_seeds/runs/Bm_seed2026/metrics.csv	14476	eed6090515a24b7502c67423e96903b318d9438e5be490ab08f51a393ec91769	result_summary	problem2/results/ablations/continuous_ablation_five_seeds/runs/Bm_seed2026/metrics.csv
problem_versions/problem2/results/ablations/continuous_ablation_five_seeds/runs/Bm_seed2026/stability.csv	6950	3176a5293d19d16c7e08d7d975f80bc1f0d48178cc909d39f9667099bd430a29	result_summary	problem2/results/ablations/continuous_ablation_five_seeds/runs/Bm_seed2026/stability.csv
problem_versions/problem2/results/ablations/continuous_ablation_five_seeds/runs/Bm_seed2026/summary.json	1618	7fb55199bf1310e57a9e3791f20b6569af5bca36bcb4e566548d1fa9f8a66dc5	result_summary	problem2/results/ablations/continuous_ablation_five_seeds/runs/Bm_seed2026/summary.json
problem_versions/problem2/results/ablations/continuous_ablation_five_seeds/runs/Bm_seed2027/analysis_done.json	97	c773077e9da102de4fd8e3ef84cd9c03f8336a7341c3283f3723cea36008deb8	result_summary	problem2/results/ablations/continuous_ablation_five_seeds/runs/Bm_seed2027/analysis_done.json
problem_versions/problem2/results/ablations/continuous_ablation_five_seeds/runs/Bm_seed2027/metrics.csv	14338	fb5ee3d616590c983fb9571d13103bc6658ec1d1d1a434c907f6ad34dd5b4388	result_summary	problem2/results/ablations/continuous_ablation_five_seeds/runs/Bm_seed2027/metrics.csv
problem_versions/problem2/results/ablations/continuous_ablation_five_seeds/runs/Bm_seed2027/stability.csv	6901	fa534daf524c43bf5ace2245f878ab550ae8459e8c2cfd51cf05fa4a9a7ef9e7	result_summary	problem2/results/ablations/continuous_ablation_five_seeds/runs/Bm_seed2027/stability.csv
problem_versions/problem2/results/ablations/continuous_ablation_five_seeds/runs/Bm_seed2027/summary.json	1591	93465e6224fcb7582052026d0caf9ff145670013d3b7dbd4ee59de0a754129ad	result_summary	problem2/results/ablations/continuous_ablation_five_seeds/runs/Bm_seed2027/summary.json
problem_versions/problem2/results/ablations/continuous_ablation_five_seeds/runs/Bm_seed2028/analysis_done.json	97	eaa1ef3d639a38f9e675ea1e014094fb9235891232077d85fb98e524fbcea1e9	result_summary	problem2/results/ablations/continuous_ablation_five_seeds/runs/Bm_seed2028/analysis_done.json
problem_versions/problem2/results/ablations/continuous_ablation_five_seeds/runs/Bm_seed2028/metrics.csv	14452	ccca7e792b3dc7eadb3dd21e4aef111f31b2f850a8e4b6347dd658c476b087ce	result_summary	problem2/results/ablations/continuous_ablation_five_seeds/runs/Bm_seed2028/metrics.csv
problem_versions/problem2/results/ablations/continuous_ablation_five_seeds/runs/Bm_seed2028/stability.csv	6893	df523f5a3820506791b09c52f5436f38c16c7e196cdbfe0ddd37179cc659bc3e	result_summary	problem2/results/ablations/continuous_ablation_five_seeds/runs/Bm_seed2028/stability.csv
problem_versions/problem2/results/ablations/continuous_ablation_five_seeds/runs/Bm_seed2028/summary.json	1618	d3cd75d4fe6898b1b616151f5e63b0f70915268ce3e9834fb1bcc8239557ee16	result_summary	problem2/results/ablations/continuous_ablation_five_seeds/runs/Bm_seed2028/summary.json
problem_versions/problem2/results/ablations/continuous_ablation_five_seeds/runs/Bm_seed2029/analysis_done.json	97	e660c5361f64d750a2fcbc3bac09fad07d78f8faeeadd3881145879d4ab010cc	result_summary	problem2/results/ablations/continuous_ablation_five_seeds/runs/Bm_seed2029/analysis_done.json
problem_versions/problem2/results/ablations/continuous_ablation_five_seeds/runs/Bm_seed2029/metrics.csv	14227	933311cc236bcb7c8cd1dd4f7651ba0f8fa419ecb086432a74b4d0bdd773bab3	result_summary	problem2/results/ablations/continuous_ablation_five_seeds/runs/Bm_seed2029/metrics.csv
problem_versions/problem2/results/ablations/continuous_ablation_five_seeds/runs/Bm_seed2029/stability.csv	6934	eb647b35b21878f15aa42f1ac049c4cce26f653403bf32b71b7329fac44c4af8	result_summary	problem2/results/ablations/continuous_ablation_five_seeds/runs/Bm_seed2029/stability.csv
problem_versions/problem2/results/ablations/continuous_ablation_five_seeds/runs/Bm_seed2029/summary.json	1615	eff80dbbbebce13df1ea0f828494decfd45d6d17b2894b677e8f61a5eadff878	result_summary	problem2/results/ablations/continuous_ablation_five_seeds/runs/Bm_seed2029/summary.json
problem_versions/problem2/results/ablations/continuous_ablation_five_seeds/runs/Bm_seed2030/analysis_done.json	97	7485a0df68356a029e8e9f5deaea66be1b96d3a446a4861a8bacbf3f5db9ec73	result_summary	problem2/results/ablations/continuous_ablation_five_seeds/runs/Bm_seed2030/analysis_done.json
problem_versions/problem2/results/ablations/continuous_ablation_five_seeds/runs/Bm_seed2030/metrics.csv	14409	3076134f28f93f2bc757dec7f9ec98b3508ba2ff7b3b2611afb390839187c925	result_summary	problem2/results/ablations/continuous_ablation_five_seeds/runs/Bm_seed2030/metrics.csv
problem_versions/problem2/results/ablations/continuous_ablation_five_seeds/runs/Bm_seed2030/stability.csv	6910	234c7154e8c6271c03f0b64079edcca426ff29bec60a29f34fd41909309f237d	result_summary	problem2/results/ablations/continuous_ablation_five_seeds/runs/Bm_seed2030/stability.csv
problem_versions/problem2/results/ablations/continuous_ablation_five_seeds/runs/Bm_seed2030/summary.json	1608	f9a6d065fa066327b52a9490d513b17890b832ca92a0bd55638df24ba2b33f6a	result_summary	problem2/results/ablations/continuous_ablation_five_seeds/runs/Bm_seed2030/summary.json
problem_versions/problem2/results/ablations/continuous_ablation_five_seeds/runs/C_seed2026/analysis_done.json	96	794f2416d364e3ce3d31453dd3b38126807d773f8c4a705c6e2eef0dc3ce2765	result_summary	problem2/results/ablations/continuous_ablation_five_seeds/runs/C_seed2026/analysis_done.json
problem_versions/problem2/results/ablations/continuous_ablation_five_seeds/runs/C_seed2026/metrics.csv	14096	7318d935fee77b201f8edc47fa306d2f654ea79a3b16446fd97d6f924531ed81	result_summary	problem2/results/ablations/continuous_ablation_five_seeds/runs/C_seed2026/metrics.csv
problem_versions/problem2/results/ablations/continuous_ablation_five_seeds/runs/C_seed2026/stability.csv	6865	c5facf9a1b404d1b0599901f22902c7b3d361b8080a58bb5a22bff2c1cf633ee	result_summary	problem2/results/ablations/continuous_ablation_five_seeds/runs/C_seed2026/stability.csv
problem_versions/problem2/results/ablations/continuous_ablation_five_seeds/runs/C_seed2026/summary.json	1630	375162e6c618bea989f897d7abd4c11c510e770036b8188e23ab81f14c3d00fa	result_summary	problem2/results/ablations/continuous_ablation_five_seeds/runs/C_seed2026/summary.json
problem_versions/problem2/results/ablations/continuous_ablation_five_seeds/runs/C_seed2027/analysis_done.json	96	877e8fe196d0ba388a779358a33b48bd72b3f2dc2334a5dcb8651689aba5d156	result_summary	problem2/results/ablations/continuous_ablation_five_seeds/runs/C_seed2027/analysis_done.json
problem_versions/problem2/results/ablations/continuous_ablation_five_seeds/runs/C_seed2027/metrics.csv	14184	d2e38167530d3d035ebc9320954ad1e8f8fce206b6c279c1dc17e888b100476c	result_summary	problem2/results/ablations/continuous_ablation_five_seeds/runs/C_seed2027/metrics.csv
problem_versions/problem2/results/ablations/continuous_ablation_five_seeds/runs/C_seed2027/stability.csv	6816	9465271790832563cd3266469a4425b5575a224200a7a7ddd52e3296399f29f5	result_summary	problem2/results/ablations/continuous_ablation_five_seeds/runs/C_seed2027/stability.csv
problem_versions/problem2/results/ablations/continuous_ablation_five_seeds/runs/C_seed2027/summary.json	1599	1345d0fcb2c213d98a97548a077a7dadf2082b023bf18d2827af031b8a94b925	result_summary	problem2/results/ablations/continuous_ablation_five_seeds/runs/C_seed2027/summary.json
problem_versions/problem2/results/ablations/continuous_ablation_five_seeds/runs/C_seed2028/analysis_done.json	96	32a61b53023ff17474931d782a272a68ae99f869f4599b7d73d00028e5a7c9fc	result_summary	problem2/results/ablations/continuous_ablation_five_seeds/runs/C_seed2028/analysis_done.json
problem_versions/problem2/results/ablations/continuous_ablation_five_seeds/runs/C_seed2028/metrics.csv	14366	9ff70b920e53b80472d65a5b053c8d69e9654791bb25c4dcdb3a48b7a1dbb7fb	result_summary	problem2/results/ablations/continuous_ablation_five_seeds/runs/C_seed2028/metrics.csv
problem_versions/problem2/results/ablations/continuous_ablation_five_seeds/runs/C_seed2028/stability.csv	6767	2e7b8200aae87b142b6670b74a0f6c7e9e8c07d090e63f7625d55ebce0270f61	result_summary	problem2/results/ablations/continuous_ablation_five_seeds/runs/C_seed2028/stability.csv
problem_versions/problem2/results/ablations/continuous_ablation_five_seeds/runs/C_seed2028/summary.json	1616	fb9a69f2f7bbca53b68cfa17e9b40976ce98473a9f5bfede4c5a811d37a5c2e1	result_summary	problem2/results/ablations/continuous_ablation_five_seeds/runs/C_seed2028/summary.json
problem_versions/problem2/results/ablations/continuous_ablation_five_seeds/runs/C_seed2029/analysis_done.json	96	57501e940a3e4ad76f9ebd28f47f7783c97801edfe487743f05717737096cb64	result_summary	problem2/results/ablations/continuous_ablation_five_seeds/runs/C_seed2029/analysis_done.json
problem_versions/problem2/results/ablations/continuous_ablation_five_seeds/runs/C_seed2029/metrics.csv	14149	9aed9fac81a69365326e45d564e0fd96b7d3a3d63e65e62fcc5e01b3f3bc7465	result_summary	problem2/results/ablations/continuous_ablation_five_seeds/runs/C_seed2029/metrics.csv
problem_versions/problem2/results/ablations/continuous_ablation_five_seeds/runs/C_seed2029/stability.csv	6823	607d83fd8ce6fdf1f660a71abfbedd02d3155b1cb8289e33897efc3808a3d2e7	result_summary	problem2/results/ablations/continuous_ablation_five_seeds/runs/C_seed2029/stability.csv
problem_versions/problem2/results/ablations/continuous_ablation_five_seeds/runs/C_seed2029/summary.json	1591	7cbac0263fa3ec079a233e26890dcfebc54293610caf566ef2f3a750b1db3d63	result_summary	problem2/results/ablations/continuous_ablation_five_seeds/runs/C_seed2029/summary.json
problem_versions/problem2/results/ablations/continuous_ablation_five_seeds/runs/C_seed2030/analysis_done.json	96	f7e2e5e306b58e0468e6c6efc2feaef3d2c3fb72279eb7cc32a332fd75f25353	result_summary	problem2/results/ablations/continuous_ablation_five_seeds/runs/C_seed2030/analysis_done.json
problem_versions/problem2/results/ablations/continuous_ablation_five_seeds/runs/C_seed2030/metrics.csv	14319	910dcc0912b03e3acd0b3496830d577b20b959d5d485a18d68983f293014cb66	result_summary	problem2/results/ablations/continuous_ablation_five_seeds/runs/C_seed2030/metrics.csv
problem_versions/problem2/results/ablations/continuous_ablation_five_seeds/runs/C_seed2030/stability.csv	6834	3dc9ec9e7581d313f8c1ff6f628500d5a530254d2dc2382072e1ba96df964134	result_summary	problem2/results/ablations/continuous_ablation_five_seeds/runs/C_seed2030/stability.csv
problem_versions/problem2/results/ablations/continuous_ablation_five_seeds/runs/C_seed2030/summary.json	1605	07155ba13b3a3580f96d29376b748598c7070b873b49920f78f5e04d59899363	result_summary	problem2/results/ablations/continuous_ablation_five_seeds/runs/C_seed2030/summary.json
problem_versions/problem2/results/ablations/continuous_ablation_five_seeds/runs/F_seed2026/analysis_done.json	96	17efd0d88249d328bcb2073c96eb579b723dd23b002f7c1ff38fd2e7b75d9d3c	result_summary	problem2/results/ablations/continuous_ablation_five_seeds/runs/F_seed2026/analysis_done.json
problem_versions/problem2/results/ablations/continuous_ablation_five_seeds/runs/F_seed2026/metrics.csv	14418	f498be61447619224aee610abd33f42cd69226bcd3e58a97b4bd60564ea9cd59	result_summary	problem2/results/ablations/continuous_ablation_five_seeds/runs/F_seed2026/metrics.csv
problem_versions/problem2/results/ablations/continuous_ablation_five_seeds/runs/F_seed2026/reconstruction.csv	22281	e2fa05010a6a897083c6bbb4386f0d9389478f2ca55b935bff8e4b67e89ac0a0	result_summary	problem2/results/ablations/continuous_ablation_five_seeds/runs/F_seed2026/reconstruction.csv
problem_versions/problem2/results/ablations/continuous_ablation_five_seeds/runs/F_seed2026/stability.csv	6853	4d69e59ace8a5853423eca498e6bc9fe55070a4568bc50980583af9a2554576a	result_summary	problem2/results/ablations/continuous_ablation_five_seeds/runs/F_seed2026/stability.csv
problem_versions/problem2/results/ablations/continuous_ablation_five_seeds/runs/F_seed2026/summary.json	1617	e1854467876d4e4e07335686cef8b8231c0afd5f513455361acbf22f8401a774	result_summary	problem2/results/ablations/continuous_ablation_five_seeds/runs/F_seed2026/summary.json
problem_versions/problem2/results/ablations/continuous_ablation_five_seeds/runs/F_seed2027/analysis_done.json	96	360b1fd78e1c1f04cb19a30706a0d5d29313eafb4991f27e55e69b80561b0abd	result_summary	problem2/results/ablations/continuous_ablation_five_seeds/runs/F_seed2027/analysis_done.json
problem_versions/problem2/results/ablations/continuous_ablation_five_seeds/runs/F_seed2027/metrics.csv	14463	b60732fa765cd7cd2de6428238a9095cae658868fbc2632fb9c1284fbf217447	result_summary	problem2/results/ablations/continuous_ablation_five_seeds/runs/F_seed2027/metrics.csv
problem_versions/problem2/results/ablations/continuous_ablation_five_seeds/runs/F_seed2027/reconstruction.csv	22337	851765559d9b96bb5d3dc0760998537afc7d26f5e324b7ef1cab123f23d30614	result_summary	problem2/results/ablations/continuous_ablation_five_seeds/runs/F_seed2027/reconstruction.csv
problem_versions/problem2/results/ablations/continuous_ablation_five_seeds/runs/F_seed2027/stability.csv	6821	149eca880f7e84eed7426d713e5d8d8f2f88ff90c5b43247ca9b25919c275906	result_summary	problem2/results/ablations/continuous_ablation_five_seeds/runs/F_seed2027/stability.csv
problem_versions/problem2/results/ablations/continuous_ablation_five_seeds/runs/F_seed2027/summary.json	1613	7a849c3b18c02aa24692befbec0a2de3e89c55d40e99a188f027bb9ee58cd439	result_summary	problem2/results/ablations/continuous_ablation_five_seeds/runs/F_seed2027/summary.json
problem_versions/problem2/results/ablations/continuous_ablation_five_seeds/runs/F_seed2028/analysis_done.json	96	9fc72184a011f1208f940081a63343b9322cbb6e29ebdadde045bd451f808164	result_summary	problem2/results/ablations/continuous_ablation_five_seeds/runs/F_seed2028/analysis_done.json
problem_versions/problem2/results/ablations/continuous_ablation_five_seeds/runs/F_seed2028/metrics.csv	14287	812827c41f4f158973ec0f2eaf5eeb613fa849015e08725f506532de5d21fc43	result_summary	problem2/results/ablations/continuous_ablation_five_seeds/runs/F_seed2028/metrics.csv
problem_versions/problem2/results/ablations/continuous_ablation_five_seeds/runs/F_seed2028/reconstruction.csv	22250	fb9cf021c2c9eeb6e999626c936a360cd699eef558ee2804ce5d4ae33446600c	result_summary	problem2/results/ablations/continuous_ablation_five_seeds/runs/F_seed2028/reconstruction.csv
problem_versions/problem2/results/ablations/continuous_ablation_five_seeds/runs/F_seed2028/stability.csv	6827	1af557e30b04f42fe4d0d1ddaafd5c2bf4d38b9d0fc2ecf977182f55cdfdfbcc	result_summary	problem2/results/ablations/continuous_ablation_five_seeds/runs/F_seed2028/stability.csv
problem_versions/problem2/results/ablations/continuous_ablation_five_seeds/runs/F_seed2028/summary.json	1630	e0b837f658d6eb33c6943562dee8d94d77a4aee0e2d632ae3a474ef4f82791bb	result_summary	problem2/results/ablations/continuous_ablation_five_seeds/runs/F_seed2028/summary.json
problem_versions/problem2/results/ablations/continuous_ablation_five_seeds/runs/F_seed2029/analysis_done.json	96	ddb04640f7106659d9772bdc4331d48efc1aae63af8848906e2b16f5ddfc63c1	result_summary	problem2/results/ablations/continuous_ablation_five_seeds/runs/F_seed2029/analysis_done.json
problem_versions/problem2/results/ablations/continuous_ablation_five_seeds/runs/F_seed2029/metrics.csv	14214	62cab7953a29ec978defac4c7367f802a3e31b725b6af32aa852ff6a1a02beb0	result_summary	problem2/results/ablations/continuous_ablation_five_seeds/runs/F_seed2029/metrics.csv
problem_versions/problem2/results/ablations/continuous_ablation_five_seeds/runs/F_seed2029/reconstruction.csv	22269	3563079aeee3b70d52167b99b300b66cf0e3dc3f17a2e62af4b5159ef1005bb9	result_summary	problem2/results/ablations/continuous_ablation_five_seeds/runs/F_seed2029/reconstruction.csv
problem_versions/problem2/results/ablations/continuous_ablation_five_seeds/runs/F_seed2029/stability.csv	6867	86a9f26f09fe47df5f3e58bcd60ebc3a85cdfc72e8f749fe479f584e5164849e	result_summary	problem2/results/ablations/continuous_ablation_five_seeds/runs/F_seed2029/stability.csv
problem_versions/problem2/results/ablations/continuous_ablation_five_seeds/runs/F_seed2029/summary.json	1626	6a5ec5e16ab81ec05068c7c931bc734df8fc3e0dd47e5f2d82b0dc58b1958ae0	result_summary	problem2/results/ablations/continuous_ablation_five_seeds/runs/F_seed2029/summary.json
problem_versions/problem2/results/ablations/continuous_ablation_five_seeds/runs/F_seed2030/analysis_done.json	96	fc5bff0ac305aeced6a283686177f23d9f58c68f6362e1648e1359e991e1d3df	result_summary	problem2/results/ablations/continuous_ablation_five_seeds/runs/F_seed2030/analysis_done.json
problem_versions/problem2/results/ablations/continuous_ablation_five_seeds/runs/F_seed2030/metrics.csv	14318	5b0f9edf3a0fff9d608fe78d4993c9d475a6e336823568e195e1ae7671ed7fe8	result_summary	problem2/results/ablations/continuous_ablation_five_seeds/runs/F_seed2030/metrics.csv
problem_versions/problem2/results/ablations/continuous_ablation_five_seeds/runs/F_seed2030/reconstruction.csv	22272	f0ec53a61bf3ab5d73f7a4e334dad1aad6f97e1851b2a8b70dde3cae40d06cfe	result_summary	problem2/results/ablations/continuous_ablation_five_seeds/runs/F_seed2030/reconstruction.csv
problem_versions/problem2/results/ablations/continuous_ablation_five_seeds/runs/F_seed2030/stability.csv	6808	70e7caa8749c7400a2bcb3ed1340d15694d8150722c91240f9ad6e5373859c13	result_summary	problem2/results/ablations/continuous_ablation_five_seeds/runs/F_seed2030/stability.csv
problem_versions/problem2/results/ablations/continuous_ablation_five_seeds/runs/F_seed2030/summary.json	1620	0107cb491992e1e206134e6715bc6871675d38e07a54f1d824a0ad49013966ac	result_summary	problem2/results/ablations/continuous_ablation_five_seeds/runs/F_seed2030/summary.json
problem_versions/problem2/results/ablations/continuous_ablation_five_seeds/runs/G_seed2026/analysis_done.json	96	83c36af7e537dc0a0110f39f04226c36cae5455fd675db2e63dbd8e3a20bf94e	result_summary	problem2/results/ablations/continuous_ablation_five_seeds/runs/G_seed2026/analysis_done.json
problem_versions/problem2/results/ablations/continuous_ablation_five_seeds/runs/G_seed2026/metrics.csv	14097	2cc3794cd6a144da6a1a7ef8876895de2e11e60f42a0d6dea5ea03d0c1b51155	result_summary	problem2/results/ablations/continuous_ablation_five_seeds/runs/G_seed2026/metrics.csv
problem_versions/problem2/results/ablations/continuous_ablation_five_seeds/runs/G_seed2026/stability.csv	6859	5bb7c0c1f31d435a04e5bbcd1368474654e438cb95b5eb7920a14120cb45c3fb	result_summary	problem2/results/ablations/continuous_ablation_five_seeds/runs/G_seed2026/stability.csv
problem_versions/problem2/results/ablations/continuous_ablation_five_seeds/runs/G_seed2026/summary.json	1629	2264570fb0187430c3c82f5fbabf01621a594c1ead4bc7a988dddeaf7b28e9f9	result_summary	problem2/results/ablations/continuous_ablation_five_seeds/runs/G_seed2026/summary.json
problem_versions/problem2/results/ablations/continuous_ablation_five_seeds/runs/G_seed2027/analysis_done.json	96	8331cf9d386616e1cbe116d1257cb3cf1c500d9af2a1ae6317a81954c20de172	result_summary	problem2/results/ablations/continuous_ablation_five_seeds/runs/G_seed2027/analysis_done.json
problem_versions/problem2/results/ablations/continuous_ablation_five_seeds/runs/G_seed2027/metrics.csv	14120	5685d6f9a54dc752647a5fd0b632d81c43016c914f1eab5184fa13f4ccc18104	result_summary	problem2/results/ablations/continuous_ablation_five_seeds/runs/G_seed2027/metrics.csv
problem_versions/problem2/results/ablations/continuous_ablation_five_seeds/runs/G_seed2027/stability.csv	6806	3f3122323f2a3785bf5d17c4a2634c8119d09490644217fade755f6c7e1aece9	result_summary	problem2/results/ablations/continuous_ablation_five_seeds/runs/G_seed2027/stability.csv
problem_versions/problem2/results/ablations/continuous_ablation_five_seeds/runs/G_seed2027/summary.json	1616	96b0ad6d7fb204d8aa81e7534feb6744fec642ad401ceb7019bbc13fcc35345c	result_summary	problem2/results/ablations/continuous_ablation_five_seeds/runs/G_seed2027/summary.json
problem_versions/problem2/results/ablations/continuous_ablation_five_seeds/runs/G_seed2028/analysis_done.json	96	09b0f5e0214a02f56a4148bf9c168fa9dbeb10773a4766b050ac09e1fd0368f9	result_summary	problem2/results/ablations/continuous_ablation_five_seeds/runs/G_seed2028/analysis_done.json
problem_versions/problem2/results/ablations/continuous_ablation_five_seeds/runs/G_seed2028/metrics.csv	14139	d3cc24c1e62474c6049399233dfb2b6bc8c423ec27d179d7c06b0ab6cda2ce3b	result_summary	problem2/results/ablations/continuous_ablation_five_seeds/runs/G_seed2028/metrics.csv
problem_versions/problem2/results/ablations/continuous_ablation_five_seeds/runs/G_seed2028/stability.csv	6860	2070e8678b85822e327e78b2d6511bca4f2bf569dd983e88e26784bbc4755c61	result_summary	problem2/results/ablations/continuous_ablation_five_seeds/runs/G_seed2028/stability.csv
problem_versions/problem2/results/ablations/continuous_ablation_five_seeds/runs/G_seed2028/summary.json	1631	bfae2e9a0f5ac9b621b1ebc45572a1cb459d98131db9aa876438577056c3d2b6	result_summary	problem2/results/ablations/continuous_ablation_five_seeds/runs/G_seed2028/summary.json
problem_versions/problem2/results/ablations/continuous_ablation_five_seeds/runs/G_seed2029/analysis_done.json	96	2cce6d402ead73e852c6a95fadf807f2a1f720901c8669fd641a665bdfcbb8f5	result_summary	problem2/results/ablations/continuous_ablation_five_seeds/runs/G_seed2029/analysis_done.json
problem_versions/problem2/results/ablations/continuous_ablation_five_seeds/runs/G_seed2029/metrics.csv	14222	c28e16aa17f50676fb9873e3a7f866af4fb614ca1cc7a847161f8ff64e1ca0ff	result_summary	problem2/results/ablations/continuous_ablation_five_seeds/runs/G_seed2029/metrics.csv
problem_versions/problem2/results/ablations/continuous_ablation_five_seeds/runs/G_seed2029/stability.csv	6823	e15bbb358a20c1084a38aa296bdc16c4d523060005e6717c523f585eba10f099	result_summary	problem2/results/ablations/continuous_ablation_five_seeds/runs/G_seed2029/stability.csv
problem_versions/problem2/results/ablations/continuous_ablation_five_seeds/runs/G_seed2029/summary.json	1616	7d610ffa45af65c3e47c0eb2fb5f07773c08670a3f50cb7b55056f5969d5e332	result_summary	problem2/results/ablations/continuous_ablation_five_seeds/runs/G_seed2029/summary.json
problem_versions/problem2/results/ablations/continuous_ablation_five_seeds/runs/G_seed2030/analysis_done.json	96	a3bc551eb7e49588dda85cbe622372cec7fce2fca0b17403fea87a5d46638c6e	result_summary	problem2/results/ablations/continuous_ablation_five_seeds/runs/G_seed2030/analysis_done.json
problem_versions/problem2/results/ablations/continuous_ablation_five_seeds/runs/G_seed2030/metrics.csv	14364	77f6e171b180cf50641e2e49df805046a3b7a863a7dc5f9e2dfc18c69888cb8c	result_summary	problem2/results/ablations/continuous_ablation_five_seeds/runs/G_seed2030/metrics.csv
problem_versions/problem2/results/ablations/continuous_ablation_five_seeds/runs/G_seed2030/stability.csv	6846	d00582d67e9e8c2b0188437cad8e00d357ba754b5e3f46372c7e75baf3b07807	result_summary	problem2/results/ablations/continuous_ablation_five_seeds/runs/G_seed2030/stability.csv
problem_versions/problem2/results/ablations/continuous_ablation_five_seeds/runs/G_seed2030/summary.json	1616	552e3b68c03661560500f28b87ae9c772adfd7c7272790ebc8facd32c0999bfe	result_summary	problem2/results/ablations/continuous_ablation_five_seeds/runs/G_seed2030/summary.json
problem_versions/problem2/results/ablations/continuous_ablation_five_seeds/runs/R_seed2026/analysis_done.json	96	aa2b5689f1495f9d2e59ec4b1e3838506eca945a304a98883557c73035bad9ae	result_summary	problem2/results/ablations/continuous_ablation_five_seeds/runs/R_seed2026/analysis_done.json
problem_versions/problem2/results/ablations/continuous_ablation_five_seeds/runs/R_seed2026/metrics.csv	14312	787c0d973b382ee6d9e929c86515a710ef343668bf2a5c20b0d9e38bba0da4a5	result_summary	problem2/results/ablations/continuous_ablation_five_seeds/runs/R_seed2026/metrics.csv
problem_versions/problem2/results/ablations/continuous_ablation_five_seeds/runs/R_seed2026/reconstruction.csv	22273	5ee41ec493c0c9ecfa6a38c68fa1fb34c0886fbc915052db26916c76d8e5272e	result_summary	problem2/results/ablations/continuous_ablation_five_seeds/runs/R_seed2026/reconstruction.csv
problem_versions/problem2/results/ablations/continuous_ablation_five_seeds/runs/R_seed2026/stability.csv	6811	4e02c258aa4acd6e9b592108ba5c99130c997953c7a23d3ad0804284d054a9e0	result_summary	problem2/results/ablations/continuous_ablation_five_seeds/runs/R_seed2026/stability.csv
problem_versions/problem2/results/ablations/continuous_ablation_five_seeds/runs/R_seed2026/summary.json	1632	b1318776bacf6bf1b2e26ac3a3ca98fa775acdc7839b78cd4d7337c1265a6f9c	result_summary	problem2/results/ablations/continuous_ablation_five_seeds/runs/R_seed2026/summary.json
problem_versions/problem2/results/ablations/continuous_ablation_five_seeds/runs/R_seed2027/analysis_done.json	96	6d6f772b43b015bd44b3dc9d489932f4844995d246b24b5350770d9d707afdf9	result_summary	problem2/results/ablations/continuous_ablation_five_seeds/runs/R_seed2027/analysis_done.json
problem_versions/problem2/results/ablations/continuous_ablation_five_seeds/runs/R_seed2027/metrics.csv	13825	7f7b3c36671efeef50e5c360a7f4919c736c4425adc9b402a8be59eb65cd6ad2	result_summary	problem2/results/ablations/continuous_ablation_five_seeds/runs/R_seed2027/metrics.csv
problem_versions/problem2/results/ablations/continuous_ablation_five_seeds/runs/R_seed2027/reconstruction.csv	22317	06bfe9d380a4bb6be27ce907e66c37ba1cc5be7cc435a2abcd0f280d0f319dd4	result_summary	problem2/results/ablations/continuous_ablation_five_seeds/runs/R_seed2027/reconstruction.csv
problem_versions/problem2/results/ablations/continuous_ablation_five_seeds/runs/R_seed2027/stability.csv	6810	c1417c37b5c9943ae1aa328e0dcec5510238c04a6e5219b85e9337e9b20f6fd4	result_summary	problem2/results/ablations/continuous_ablation_five_seeds/runs/R_seed2027/stability.csv
problem_versions/problem2/results/ablations/continuous_ablation_five_seeds/runs/R_seed2027/summary.json	1618	d8ff5284dbb3af8b03862a2d3ce9757c92d2cd49e7953b2cbb2307d72162b85e	result_summary	problem2/results/ablations/continuous_ablation_five_seeds/runs/R_seed2027/summary.json
problem_versions/problem2/results/ablations/continuous_ablation_five_seeds/runs/R_seed2028/analysis_done.json	96	df7cd6e941115a9a5ef0229e1b8e06dcbf2d265820fd3b943514f2a7f05bb587	result_summary	problem2/results/ablations/continuous_ablation_five_seeds/runs/R_seed2028/analysis_done.json
problem_versions/problem2/results/ablations/continuous_ablation_five_seeds/runs/R_seed2028/metrics.csv	14423	96be2024e72586b425d55e509b48ec27e79c088f1e2843cd83b9277550b45437	result_summary	problem2/results/ablations/continuous_ablation_five_seeds/runs/R_seed2028/metrics.csv
problem_versions/problem2/results/ablations/continuous_ablation_five_seeds/runs/R_seed2028/reconstruction.csv	22303	5fd729c7922b2ab4d2323627809aeaa449997456ba067b6f7d4dd9bf9ce75eb9	result_summary	problem2/results/ablations/continuous_ablation_five_seeds/runs/R_seed2028/reconstruction.csv
problem_versions/problem2/results/ablations/continuous_ablation_five_seeds/runs/R_seed2028/stability.csv	6856	9b8c288d4cf0b7c3ad279d5e8e78e43d9a0095f52ab765bdafc04bb63b345aa6	result_summary	problem2/results/ablations/continuous_ablation_five_seeds/runs/R_seed2028/stability.csv
problem_versions/problem2/results/ablations/continuous_ablation_five_seeds/runs/R_seed2028/summary.json	1631	060438c73be63b77d50990447352ab08dc877cec1c6eb593b4da6697ccc5ab38	result_summary	problem2/results/ablations/continuous_ablation_five_seeds/runs/R_seed2028/summary.json
problem_versions/problem2/results/ablations/continuous_ablation_five_seeds/runs/R_seed2029/analysis_done.json	96	d86924a42eefd53bdf2892469c12efca733695052eb64407616ed7feb76d5e4c	result_summary	problem2/results/ablations/continuous_ablation_five_seeds/runs/R_seed2029/analysis_done.json
problem_versions/problem2/results/ablations/continuous_ablation_five_seeds/runs/R_seed2029/metrics.csv	14446	e6e1eec100ba39161c1a43b75b708d997559e8fdc79d93621402864c7e0dda87	result_summary	problem2/results/ablations/continuous_ablation_five_seeds/runs/R_seed2029/metrics.csv
problem_versions/problem2/results/ablations/continuous_ablation_five_seeds/runs/R_seed2029/reconstruction.csv	22283	f5fff60fd2a509dcd98c49b77932442b5201498a5b9849bcf655021ac39fc6e7	result_summary	problem2/results/ablations/continuous_ablation_five_seeds/runs/R_seed2029/reconstruction.csv
problem_versions/problem2/results/ablations/continuous_ablation_five_seeds/runs/R_seed2029/stability.csv	6855	b3d0922f925c5d584614a2a8cc1c05157aefa639c1b8135ac461d2d4cbdb431a	result_summary	problem2/results/ablations/continuous_ablation_five_seeds/runs/R_seed2029/stability.csv
problem_versions/problem2/results/ablations/continuous_ablation_five_seeds/runs/R_seed2029/summary.json	1614	d7d4f3d9626f312a01ed174c5c8475329aaf0b545d4d40773c6077776fa0419f	result_summary	problem2/results/ablations/continuous_ablation_five_seeds/runs/R_seed2029/summary.json
problem_versions/problem2/results/ablations/continuous_ablation_five_seeds/runs/R_seed2030/analysis_done.json	96	26e064f1c7a77e358242f69b88d96031d45b51e0729778617736020a5d32ceef	result_summary	problem2/results/ablations/continuous_ablation_five_seeds/runs/R_seed2030/analysis_done.json
problem_versions/problem2/results/ablations/continuous_ablation_five_seeds/runs/R_seed2030/metrics.csv	14326	e7f36ed9a4e340f0179dec3c09aefe09c2cd412dd1de046c0ca6ba4eedb4d86c	result_summary	problem2/results/ablations/continuous_ablation_five_seeds/runs/R_seed2030/metrics.csv
problem_versions/problem2/results/ablations/continuous_ablation_five_seeds/runs/R_seed2030/reconstruction.csv	22269	a32b38cb7d83f84ad6f24a4c9d90eaf6338354e2ac72fbc501ffcb9c5a521884	result_summary	problem2/results/ablations/continuous_ablation_five_seeds/runs/R_seed2030/reconstruction.csv
problem_versions/problem2/results/ablations/continuous_ablation_five_seeds/runs/R_seed2030/stability.csv	6869	c7da2d73fdf8ac89c7f8824755ed78e6a723afc038a822252deb59c77cc222a7	result_summary	problem2/results/ablations/continuous_ablation_five_seeds/runs/R_seed2030/stability.csv
problem_versions/problem2/results/ablations/continuous_ablation_five_seeds/runs/R_seed2030/summary.json	1615	162518fa5b11d37bbc289869c0b9835a1e25b4ab30d26df34f378fa336dce3d5	result_summary	problem2/results/ablations/continuous_ablation_five_seeds/runs/R_seed2030/summary.json
problem_versions/problem2/results/ablations/continuous_ablation_five_seeds/scenarios.json	10068	11b197c24af4144e9d83061ef7e501d6364102ee98e7bc27911b50ad77cd1f23	result_summary	problem2/results/ablations/continuous_ablation_five_seeds/scenarios.json
problem_versions/problem2/results/ablations/continuous_ablation_five_seeds/stability.csv	162386	334e5caa66527edf7dd69f5adc34b0541ae24387f8d9d507e5715bafaa738a65	result_summary	problem2/results/ablations/continuous_ablation_five_seeds/stability.csv
problem_versions/problem2/results/ablations/continuous_ablation_five_seeds/图表说明.md	3791	fc64699d97245e450aa52f13e330dd38abb1c1525c0effe67bc104599b53bd7b	result_markdown	problem2/results/ablations/continuous_ablation_five_seeds/图表说明.md
problem_versions/problem2/results/ablations/continuous_ablation_five_seeds/实验报告.md	976	b98db85f820c9fa4ab9e887f6485ea88a2aa40984df046353d6c1a6fc7480e38	result_markdown	problem2/results/ablations/continuous_ablation_five_seeds/实验报告.md
problem_versions/problem2/results/ablations/official_pipeline_check_smoke/figures/01_ablation.pdf	24695	e28a6e5a3f01fb1a245b0a57764abc1631be657f62ea3801e54110ed77e74254	result_figure	problem2/results/ablations/official_pipeline_check_smoke/figures/01_ablation.pdf
problem_versions/problem2/results/ablations/official_pipeline_check_smoke/figures/01_ablation.png	142637	bc49d725eb970ba0857f23e3b5a3435494fad85f1b951a2460d39a93f31cba5d	result_figure	problem2/results/ablations/official_pipeline_check_smoke/figures/01_ablation.png
problem_versions/problem2/results/ablations/official_pipeline_check_smoke/figures/02_robustness.pdf	32118	47d6a95809616dd8f2155a0787fd08ccedb88e5d8684330f87f8f8ca5412ebea	result_figure	problem2/results/ablations/official_pipeline_check_smoke/figures/02_robustness.pdf
problem_versions/problem2/results/ablations/official_pipeline_check_smoke/figures/02_robustness.png	417076	dfab5ca9051f4466da166254cf96a00e48f9a623e07aea3c8f2dc87c443692f4	result_figure	problem2/results/ablations/official_pipeline_check_smoke/figures/02_robustness.png
problem_versions/problem2/results/ablations/official_pipeline_check_smoke/figures/03_location.pdf	28504	1cf10a0dae1e649a0a3bf10c09f3a03246e2942c7b25905228df2bd8eccf6255	result_figure	problem2/results/ablations/official_pipeline_check_smoke/figures/03_location.pdf
problem_versions/problem2/results/ablations/official_pipeline_check_smoke/figures/03_location.png	178768	08c9c10729eb00d8e2ce2266c87da8122bf68c5c7dc835de5aad5687885fe971	result_figure	problem2/results/ablations/official_pipeline_check_smoke/figures/03_location.png
problem_versions/problem2/results/ablations/official_pipeline_check_smoke/figures/04_stability.pdf	24218	3936897080c563ef413bcec6f0f0e7a9d4b8b3ba7c0eba8621f0043073a558d3	result_figure	problem2/results/ablations/official_pipeline_check_smoke/figures/04_stability.pdf
problem_versions/problem2/results/ablations/official_pipeline_check_smoke/figures/04_stability.png	114888	c28630167da7f318fee61373b7946ed60b25ffab4e4e0d2a69d2b361a0205967	result_figure	problem2/results/ablations/official_pipeline_check_smoke/figures/04_stability.png
problem_versions/problem2/results/ablations/official_pipeline_check_smoke/figures/05_reconstruction.pdf	41172	e41099d0062aa45600cfd5dcfadec50a895563636941cb1df7aecfb4c34cb7df	result_figure	problem2/results/ablations/official_pipeline_check_smoke/figures/05_reconstruction.pdf
problem_versions/problem2/results/ablations/official_pipeline_check_smoke/figures/05_reconstruction.png	273795	cb7b5e670392af28655b1741684cd7c47299b6abe8111d402cb6d9433b636408	result_figure	problem2/results/ablations/official_pipeline_check_smoke/figures/05_reconstruction.png
problem_versions/problem2/results/ablations/official_pipeline_check_smoke/figures/06_gating.pdf	34004	4563c3a2251ea6d66f77e93618a4923dd14bab97fd6d9ef79c769e614a2419ed	result_figure	problem2/results/ablations/official_pipeline_check_smoke/figures/06_gating.pdf
problem_versions/problem2/results/ablations/official_pipeline_check_smoke/figures/06_gating.png	396344	ae54465653058cb4a9f7590462df9c69b2c5e4be5ad13750617e4ece375a125c	result_figure	problem2/results/ablations/official_pipeline_check_smoke/figures/06_gating.png
problem_versions/problem2/results/ablations/official_pipeline_check_smoke/metrics.csv	27147	e2585e4f39011a7d0e8b165e04db4c1c8f8f30d0559fc3bb0f5b20d49d134372	result_summary	problem2/results/ablations/official_pipeline_check_smoke/metrics.csv
problem_versions/problem2/results/ablations/official_pipeline_check_smoke/primary_summary.csv	1067	8abd52d941529910d0a0f519d99b8396c91b9c32cf0b0f1c7c73f31d314e13dc	result_summary	problem2/results/ablations/official_pipeline_check_smoke/primary_summary.csv
problem_versions/problem2/results/ablations/official_pipeline_check_smoke/reconstruction.csv	24225	e0a61aae1680b46c2420c8ba5c214c3d183c5dd858096bab65c8a708a988751f	result_summary	problem2/results/ablations/official_pipeline_check_smoke/reconstruction.csv
problem_versions/problem2/results/ablations/official_pipeline_check_smoke/runs/Bm_seed2026/analysis_done.json	95	56cdac33150aafd670e7a6b9429f9857b30415f411497c3b0a99fc8d967b4abc	result_summary	problem2/results/ablations/official_pipeline_check_smoke/runs/Bm_seed2026/analysis_done.json
problem_versions/problem2/results/ablations/official_pipeline_check_smoke/runs/Bm_seed2026/metrics.csv	5627	08e5647258d167236739628b9498218505deec7b8b1631609f52c333f0077303	result_summary	problem2/results/ablations/official_pipeline_check_smoke/runs/Bm_seed2026/metrics.csv
problem_versions/problem2/results/ablations/official_pipeline_check_smoke/runs/Bm_seed2026/stability.csv	3071	a864c43b92f099e6ce2f1e8d36585911f296fdd80294197b5a5dd9dc3c1b06d6	result_summary	problem2/results/ablations/official_pipeline_check_smoke/runs/Bm_seed2026/stability.csv
problem_versions/problem2/results/ablations/official_pipeline_check_smoke/runs/Bm_seed2026/summary.json	1548	0aa8ea199e9abc84ea8b56fcd74a8fba709cc1691e4ab458839ffd04190cc6a0	result_summary	problem2/results/ablations/official_pipeline_check_smoke/runs/Bm_seed2026/summary.json
problem_versions/problem2/results/ablations/official_pipeline_check_smoke/runs/C_seed2026/analysis_done.json	94	5b2b3716bb967b50568c14bf0e1ec0bf6a240baa870b503031109fbce66c337e	result_summary	problem2/results/ablations/official_pipeline_check_smoke/runs/C_seed2026/analysis_done.json
problem_versions/problem2/results/ablations/official_pipeline_check_smoke/runs/C_seed2026/metrics.csv	5583	963948a6d1e4ec766a2289b2248724d07b4d9853b61a1076a48c6f3b31e07a50	result_summary	problem2/results/ablations/official_pipeline_check_smoke/runs/C_seed2026/metrics.csv
problem_versions/problem2/results/ablations/official_pipeline_check_smoke/runs/C_seed2026/stability.csv	3033	f59a2386d9d3edc5954a21f797cd210598bae5d593969285ab870ba885a97762	result_summary	problem2/results/ablations/official_pipeline_check_smoke/runs/C_seed2026/stability.csv
problem_versions/problem2/results/ablations/official_pipeline_check_smoke/runs/C_seed2026/summary.json	1546	34ce5fd5069f476ef4dff7589e9f6fdb13612a20652615eaea1cd7b8704b3ff4	result_summary	problem2/results/ablations/official_pipeline_check_smoke/runs/C_seed2026/summary.json
problem_versions/problem2/results/ablations/official_pipeline_check_smoke/runs/F_seed2026/analysis_done.json	94	a1d9f841a1c8552092835351dd7add3adcb1ad6b153015f26686141e0ec44c47	result_summary	problem2/results/ablations/official_pipeline_check_smoke/runs/F_seed2026/analysis_done.json
problem_versions/problem2/results/ablations/official_pipeline_check_smoke/runs/F_seed2026/metrics.csv	5666	f296e19516d74692ecddeafea8cb25cf0a8afbfde9876159af2f5add99b0fd60	result_summary	problem2/results/ablations/official_pipeline_check_smoke/runs/F_seed2026/metrics.csv
problem_versions/problem2/results/ablations/official_pipeline_check_smoke/runs/F_seed2026/reconstruction.csv	12267	3184a41f6b0ef475e044b7a497a6924bb2f32153dd3a1df3d972630b676fa78f	result_summary	problem2/results/ablations/official_pipeline_check_smoke/runs/F_seed2026/reconstruction.csv
problem_versions/problem2/results/ablations/official_pipeline_check_smoke/runs/F_seed2026/stability.csv	3023	80ea93d0be7f6ec5c1414dfcd954cedaf16a295ff10f1cbebd7f2234f7f1e570	result_summary	problem2/results/ablations/official_pipeline_check_smoke/runs/F_seed2026/stability.csv
problem_versions/problem2/results/ablations/official_pipeline_check_smoke/runs/F_seed2026/summary.json	1518	9e7c875ce82f02d379d0f155d3083564e66a6927e9ff7e2c636721a8e5215229	result_summary	problem2/results/ablations/official_pipeline_check_smoke/runs/F_seed2026/summary.json
problem_versions/problem2/results/ablations/official_pipeline_check_smoke/runs/G_seed2026/analysis_done.json	94	d1536fdb663f75b26f5996010819e6d28846ae088f095a319550c46c443729dc	result_summary	problem2/results/ablations/official_pipeline_check_smoke/runs/G_seed2026/analysis_done.json
problem_versions/problem2/results/ablations/official_pipeline_check_smoke/runs/G_seed2026/metrics.csv	5644	8aca4044f9e49a1f7e844f8a34aff92f6e6cf54ab461d404523f83cd56cf5acf	result_summary	problem2/results/ablations/official_pipeline_check_smoke/runs/G_seed2026/metrics.csv
problem_versions/problem2/results/ablations/official_pipeline_check_smoke/runs/G_seed2026/stability.csv	3047	1c14b44384c083365aa379e00761e154c6ee6b7de5c86aad184d32e8787985ff	result_summary	problem2/results/ablations/official_pipeline_check_smoke/runs/G_seed2026/stability.csv
problem_versions/problem2/results/ablations/official_pipeline_check_smoke/runs/G_seed2026/summary.json	1507	cd7309c2b0f9ad8790b5ace85865154b239e52b328f0786b285bfd40ec5110da	result_summary	problem2/results/ablations/official_pipeline_check_smoke/runs/G_seed2026/summary.json
problem_versions/problem2/results/ablations/official_pipeline_check_smoke/runs/R_seed2026/analysis_done.json	94	e489d12d728174c6606c747af2c6bfb4c2ef115a89b715d1edd1ddb11ff563b9	result_summary	problem2/results/ablations/official_pipeline_check_smoke/runs/R_seed2026/analysis_done.json
problem_versions/problem2/results/ablations/official_pipeline_check_smoke/runs/R_seed2026/metrics.csv	5674	996ecb51e9c8944755f2672be4c13b7935b53162a640f5206aade55a8ba6861f	result_summary	problem2/results/ablations/official_pipeline_check_smoke/runs/R_seed2026/metrics.csv
problem_versions/problem2/results/ablations/official_pipeline_check_smoke/runs/R_seed2026/reconstruction.csv	12189	6ad56b9a4a0b1b9a0e16098bd230a30866bb1bbdb9289fce22b6dbee406d6e83	result_summary	problem2/results/ablations/official_pipeline_check_smoke/runs/R_seed2026/reconstruction.csv
problem_versions/problem2/results/ablations/official_pipeline_check_smoke/runs/R_seed2026/stability.csv	3030	6e2d110eae8c1a65607878343947064d7f6d97fafbd89231aba55c006b81ec9d	result_summary	problem2/results/ablations/official_pipeline_check_smoke/runs/R_seed2026/stability.csv
problem_versions/problem2/results/ablations/official_pipeline_check_smoke/runs/R_seed2026/summary.json	1542	7d50b0d9a1b14f5a516a62acbec6a4ea2d0f0c0708e483b01d9aeb8c8a3e1c7a	result_summary	problem2/results/ablations/official_pipeline_check_smoke/runs/R_seed2026/summary.json
problem_versions/problem2/results/ablations/official_pipeline_check_smoke/scenarios.json	5146	eedb84935abb823e3f4d1c9fa0f9503c6a255d1eea7d48929011101793822a34	result_summary	problem2/results/ablations/official_pipeline_check_smoke/scenarios.json
problem_versions/problem2/results/ablations/official_pipeline_check_smoke/stability.csv	14533	28e0830640c83e891454dcfe45712ed364d8b1a60a81d6d177902cf8cbfb9bf5	result_summary	problem2/results/ablations/official_pipeline_check_smoke/stability.csv
problem_versions/problem2/results/ablations/official_pipeline_check_smoke/图表说明.md	3869	0d76d58f6cefe1a82a7c459e45f6998bb8b65bafe49ed166e5de8203bcf6994f	result_markdown	problem2/results/ablations/official_pipeline_check_smoke/图表说明.md
problem_versions/problem2/results/ablations/official_pipeline_check_smoke/实验报告.md	1048	8427e7ac061e959214ec74cfe72ea8754b150eb51181010da9074621a5df68ba	result_markdown	problem2/results/ablations/official_pipeline_check_smoke/实验报告.md
problem_versions/problem2/results/aligned/comparison.json	4058	b76d4640ce61ddff73dd18b09256c07aa4cff3d1f2033b2462c4f27400bed3a4	result_summary	problem2/results/aligned/comparison.json
problem_versions/problem2/results/aligned/processed_cross_attention/summary.json	959	821077812e3e3f737ffecfa0d8d8cde293720dc980a15f323d77f294e49011ff	result_summary	problem2/results/aligned/processed_cross_attention/summary.json
problem_versions/problem2/results/aligned/processed_po_cross_attention/summary.json	969	4b99f6e012d558f660cc2348bf3c6424cc492fe722f8d79eb2f54139ed1af284	result_summary	problem2/results/aligned/processed_po_cross_attention/summary.json
problem_versions/problem2/results/aligned/processed_po_pooled/summary.json	939	2fd74aeb249c6aac13d285f67481ff528bb2697f998c4b20192e9784b7a405f0	result_summary	problem2/results/aligned/processed_po_pooled/summary.json
problem_versions/problem2/results/aligned/processed_pooled/summary.json	933	73165260fe90a95870131d4676ff1def573098f252f5be983aad38c856fdc661	result_summary	problem2/results/aligned/processed_pooled/summary.json
problem_versions/problem2/results/aligned/selected/local_scenarios.csv	29000	e02060cbe0ffa6878f8dc4acca85e6217668f132e6bb47ae79bf5ad87cb027be	result_summary	problem2/results/aligned/selected/local_scenarios.csv
problem_versions/problem2/results/aligned/selected/training_summary.json	1622	d0d8bb3004c4857f9b1fba027e8a23be393a88b9a12e4a0ecac8e10d80d64450	result_summary	problem2/results/aligned/selected/training_summary.json
problem_versions/problem2/results/aligned/selected/附件3_提交核验.json	7970	ada71c75c2b771453dfb8fc6af6d5fe4f2c873cf61ce5a2b12593cfdee60be67	result_summary	problem2/results/aligned/selected/附件3_提交核验.json
problem_versions/problem2/results/aligned/selected/附件3_预测结果.csv	1529	3c56523b42254d4fb9b0c430aea5c22340dbef175080d57c125ecb03c5e1fa98	result_summary	problem2/results/aligned/selected/附件3_预测结果.csv
problem_versions/problem2/results/bert_finetune_comparison_seed2026/appendix3/附件3_提交核验.json	7964	1341046987b9bcac97bba35fa12417376564ca44370f10b39c0800db505fe6d2	result_summary	problem2/results/bert_finetune_comparison_seed2026/appendix3/附件3_提交核验.json
problem_versions/problem2/results/bert_finetune_comparison_seed2026/appendix3/附件3_预测结果.csv	1572	67fa3e2aa9f448649eb6f211ce532bb3953825e8371d84ac6f9376d28302e482	result_summary	problem2/results/bert_finetune_comparison_seed2026/appendix3/附件3_预测结果.csv
problem_versions/problem2/results/bert_finetune_comparison_seed2026/comparison.csv	2502	db5ad24dfb983362e1f5d7bc157e8c8e00fe33e02df374a8563d69562ef9990d	result_summary	problem2/results/bert_finetune_comparison_seed2026/comparison.csv
problem_versions/problem2/results/bert_finetune_comparison_seed2026/comparison.json	4866	9aab0e3f673ac93b624c95c092ab6a8d3ac5530e94ae988c29d8a260309b0a80	result_summary	problem2/results/bert_finetune_comparison_seed2026/comparison.json
problem_versions/problem2/results/bert_finetune_comparison_seed2026/confusion_comparison.png	44169	ab43ab52c2e9be6b2f9c3901f375d71079b811610e7ac3a079fdef3754eca0b1	result_figure	problem2/results/bert_finetune_comparison_seed2026/confusion_comparison.png
problem_versions/problem2/results/bert_finetune_comparison_seed2026/实验报告.md	3204	c963b469c028af03a7650f89d7cd1ca67cfee3dc0afb89d287caba1a6c6d8eda	result_markdown	problem2/results/bert_finetune_comparison_seed2026/实验报告.md
problem_versions/problem2/results/bert_mild_balance_seed2026/appendix3/附件3_提交核验.json	7966	be365dc9367fdf03ee36cd236d2dded74832064f06e4ac9ab7016b9047ae3f0d	result_summary	problem2/results/bert_mild_balance_seed2026/appendix3/附件3_提交核验.json
problem_versions/problem2/results/bert_mild_balance_seed2026/appendix3/附件3_预测结果.csv	1559	95a008bab9c8289ec3deb6436871bf0d19fc674eb272b8a585655c5a70c0fc31	result_summary	problem2/results/bert_mild_balance_seed2026/appendix3/附件3_预测结果.csv
problem_versions/problem2/results/bert_mild_balance_seed2026/comparison.csv	2735	467acabd338b6e48e17dd00a3188e887ca1d114daa2160b45280376f808534a0	result_summary	problem2/results/bert_mild_balance_seed2026/comparison.csv
problem_versions/problem2/results/bert_mild_balance_seed2026/comparison.json	6301	44c389291550ba5484dbf3f9f4308c58ec0c5566584d19093a80469bcbdc9f9a	result_summary	problem2/results/bert_mild_balance_seed2026/comparison.json
problem_versions/problem2/results/bert_mild_balance_seed2026/confusion_comparison.png	43948	06f9a125c8f6fb34f032dd2c4689ba34e1747a830fa5e91af91422e81f2c5864	result_figure	problem2/results/bert_mild_balance_seed2026/confusion_comparison.png
problem_versions/problem2/results/bert_mild_balance_seed2026/diagnostic_beta0.1.csv	134704	a4ee76fecdeff1fa7ec27ca65ab08d188109f1ff808e1fcbb3c8b3eb0cc8b361	result_summary	problem2/results/bert_mild_balance_seed2026/diagnostic_beta0.1.csv
problem_versions/problem2/results/bert_mild_balance_seed2026/diagnostic_beta0.25.csv	137459	302ba0a9b14a5cb4a749f6803408df2f609654e46ae871b5eb08352fce88b8a1	result_summary	problem2/results/bert_mild_balance_seed2026/diagnostic_beta0.25.csv
problem_versions/problem2/results/bert_mild_balance_seed2026/diagnostic_beta0.csv	104380	6dfd7be9f7555eae02b4678f22464c39669065ee6150d58fd416835009970d49	result_summary	problem2/results/bert_mild_balance_seed2026/diagnostic_beta0.csv
problem_versions/problem2/results/bert_mild_balance_seed2026/实验报告.md	3712	86fdfe728cdef16d8b7e67165b3759434c1cf92ab2171b2b49e3dbc2f47f7370	result_markdown	problem2/results/bert_mild_balance_seed2026/实验报告.md
problem_versions/problem2/results/f3_structure_seed2026/F0_test_diagnostic.csv	121619	9b38f4afd7ccacf5f9fdbdd5bfff15147b407cdd6ec7f8fca0f095cb3c38fe58	result_summary	problem2/results/f3_structure_seed2026/F0_test_diagnostic.csv
problem_versions/problem2/results/f3_structure_seed2026/F1_inference/附件3_提交核验.json	7970	ada71c75c2b771453dfb8fc6af6d5fe4f2c873cf61ce5a2b12593cfdee60be67	result_summary	problem2/results/f3_structure_seed2026/F1_inference/附件3_提交核验.json
problem_versions/problem2/results/f3_structure_seed2026/F1_inference/附件3_预测结果.csv	1529	3c56523b42254d4fb9b0c430aea5c22340dbef175080d57c125ecb03c5e1fa98	result_summary	problem2/results/f3_structure_seed2026/F1_inference/附件3_预测结果.csv
problem_versions/problem2/results/f3_structure_seed2026/F1_test_diagnostic.csv	121897	8597f28877d7d2d30fc0f087927b4d76767ccab785a9a43d2b48144dff12bae6	result_summary	problem2/results/f3_structure_seed2026/F1_test_diagnostic.csv
problem_versions/problem2/results/f3_structure_seed2026/F2_test_diagnostic.csv	121261	4187ad1a3d7278d12073c123eed9f8282ae2a6cc1f667689ad47db156bcc4aad	result_summary	problem2/results/f3_structure_seed2026/F2_test_diagnostic.csv
problem_versions/problem2/results/f3_structure_seed2026/F3_test_diagnostic.csv	121761	54ff35a47b76a2fc77b136d6ae10865406f47133e0fdc6fe2da113efae7df371	result_summary	problem2/results/f3_structure_seed2026/F3_test_diagnostic.csv
problem_versions/problem2/results/f3_structure_seed2026/Formal_test_diagnostic.csv	121672	32f88a8cdf0a9039fb5413d71ced20e79734d3389c6ac138d7897b5231e75e7b	result_summary	problem2/results/f3_structure_seed2026/Formal_test_diagnostic.csv
problem_versions/problem2/results/f3_structure_seed2026/comparison.csv	4991	dd8c2f9c3cf2881e3f3fe5a9e4986600b519a0d215fe0c22ac7edbd7b285ffa3	result_summary	problem2/results/f3_structure_seed2026/comparison.csv
problem_versions/problem2/results/f3_structure_seed2026/comparison.json	12311	ed86687c79560f0b303dad102562d630c6f14642dc3f969c18c7d6db33953982	result_summary	problem2/results/f3_structure_seed2026/comparison.json
problem_versions/problem2/results/f3_structure_seed2026/confusion_comparison.png	83675	77e83202e88b7354df564ce59381a2f0b1c6e3e08a39891b423e38d5301a70ae	result_figure	problem2/results/f3_structure_seed2026/confusion_comparison.png
problem_versions/problem2/results/f3_structure_seed2026/实验报告.md	4895	c680af4b6692d166694c48170ee4370de340c1b5ace6587ce38c513c439dd114	result_markdown	problem2/results/f3_structure_seed2026/实验报告.md
problem_versions/problem2/results/five_seeds/processed_float64_float32_seed2027/summary.json	1034	5649708fb455f5fe8486b7f6bfbca7062c049acedf9e95d17e2c3164b6040b48	result_summary	problem2/results/five_seeds/processed_float64_float32_seed2027/summary.json
problem_versions/problem2/results/five_seeds/processed_float64_float32_seed2028/summary.json	1034	d3c898774ee28367c9f49bf202b322308a66097bdf52bb89ba6abc72f76d66f8	result_summary	problem2/results/five_seeds/processed_float64_float32_seed2028/summary.json
problem_versions/problem2/results/five_seeds/processed_float64_float32_seed2029/summary.json	1035	82c86e20cc1c0e8fcfc8bca670814189fdcf6f8e5bf9a6f49120c2543bfb6492	result_summary	problem2/results/five_seeds/processed_float64_float32_seed2029/summary.json
problem_versions/problem2/results/five_seeds/processed_float64_float32_seed2030/summary.json	1036	e970a3dcdce256988257256ed3d8f96476c28855a7ed2f1a7d9a239bf0f96ce5	result_summary	problem2/results/five_seeds/processed_float64_float32_seed2030/summary.json
problem_versions/problem2/results/five_seeds/processed_po_float32_seed2027/summary.json	1017	577ba5f55cc907510e0dbe32373f01dd2f295e3e6de7f2fdd7be6884e4da1018	result_summary	problem2/results/five_seeds/processed_po_float32_seed2027/summary.json
problem_versions/problem2/results/five_seeds/processed_po_float32_seed2028/summary.json	1018	49b826b316a84180c83a77e04e6b4cf53f65c7f4f91cf54b4a3018cab22c0c02	result_summary	problem2/results/five_seeds/processed_po_float32_seed2028/summary.json
problem_versions/problem2/results/five_seeds/processed_po_float32_seed2029/summary.json	1018	3ee9fdab6ce95a216548be572da7d39830a10a74780c054d0f8dfc1f90f2461f	result_summary	problem2/results/five_seeds/processed_po_float32_seed2029/summary.json
problem_versions/problem2/results/five_seeds/processed_po_float32_seed2030/summary.json	1018	da564d4a123416ac60af513a2bc68b0bb01f96763227c7e7f7cf138465914964	result_summary	problem2/results/five_seeds/processed_po_float32_seed2030/summary.json
problem_versions/problem2/results/five_seeds/stopped_float64/previous_training_comparison.json	9566	4a98ab355af73780f2448ed1ba2c12fbf4b9bdf91ef66c4521fd7758a6b5697f	result_summary	problem2/results/five_seeds/stopped_float64/previous_training_comparison.json
problem_versions/problem2/results/five_seeds/stopped_float64/processed_float64_float64_seed2027/summary.json	1031	8fd92141b7e62614dbf163e11d4e97016b3250b6f6fbb934d8563163fbdbb01f	result_summary	problem2/results/five_seeds/stopped_float64/processed_float64_float64_seed2027/summary.json
problem_versions/problem2/results/five_seeds/stopped_float64/processed_float64_float64_seed2028/summary.json	1034	d0a792e793d67e005c9dad0462c2a503c4f9b577566c71a6f5dd59bcd08d646a	result_summary	problem2/results/five_seeds/stopped_float64/processed_float64_float64_seed2028/summary.json
problem_versions/problem2/results/five_seeds/summary.csv	514	d40787088b56d7b852ca10097215798a2428f92aa35a953f926ab0bf480b8822	result_summary	problem2/results/five_seeds/summary.csv
problem_versions/problem2/results/five_seeds/training_comparison.json	11773	b7b00a6c8e9c2e6b5dfdff46d83710e2ef795527c3d0b5894592358026e46f03	result_summary	problem2/results/five_seeds/training_comparison.json
problem_versions/problem2/results/full_runs/formal_test252/formal/figures/test/confusion.png	69956	4c3d225c6489ec94241b6dddeaf079f565effa7732a827fdafbffb5c5ab6bf97	result_figure	problem2/results/full_runs/formal_test252/formal/figures/test/confusion.png
problem_versions/problem2/results/full_runs/formal_test252/formal/figures/test/local_missingness.pdf	24884	eabb6424bf2e74a3c54d33958b66b2afdc7cf3a4113f3020d8cf83e590ba0032	result_figure	problem2/results/full_runs/formal_test252/formal/figures/test/local_missingness.pdf
problem_versions/problem2/results/full_runs/formal_test252/formal/figures/test/local_missingness.png	339616	4292708fb8e0d34066623d9d53127e3d0b7f37fc004247d452058c11befeaa25	result_figure	problem2/results/full_runs/formal_test252/formal/figures/test/local_missingness.png
problem_versions/problem2/results/full_runs/formal_test252/formal/figures/test/residual.png	159890	84a708c160086510c09ed85e0ed4227d46e08273be4d622048a4c0dcac3a62a1	result_figure	problem2/results/full_runs/formal_test252/formal/figures/test/residual.png
problem_versions/problem2/results/full_runs/formal_test252/formal/figures/valid/confusion.png	67205	d2fef133a07bedba08290df7fd44fd17594aa895f95c3c4049d784bd2ff44af7	result_figure	problem2/results/full_runs/formal_test252/formal/figures/valid/confusion.png
problem_versions/problem2/results/full_runs/formal_test252/formal/figures/valid/local_missingness.pdf	23995	8fd450f87e3c51c72f40cc8d1f6f9c4f8fc2e00362383660aa84d9794769117c	result_figure	problem2/results/full_runs/formal_test252/formal/figures/valid/local_missingness.pdf
problem_versions/problem2/results/full_runs/formal_test252/formal/figures/valid/local_missingness.png	357574	ba3606e3296a773fc4ae9d6667d3e7a931782496e3e5a9a03ee5ec73274d748c	result_figure	problem2/results/full_runs/formal_test252/formal/figures/valid/local_missingness.png
problem_versions/problem2/results/full_runs/formal_test252/formal/figures/valid/residual.png	160204	07874be0b483c0237eb2e0871ec2c6d8a3b83cf9a8f2a8d90ff533f4eb2a0ca2	result_figure	problem2/results/full_runs/formal_test252/formal/figures/valid/residual.png
problem_versions/problem2/results/full_runs/formal_test252/formal/test_scenarios/README.md	765	772ff77c40d324c5ff82917c50119c7176cc4155c442f4668a547305e93c0f20	result_markdown	problem2/results/full_runs/formal_test252/formal/test_scenarios/README.md
problem_versions/problem2/results/full_runs/formal_test252/formal/test_scenarios/local_scenarios.csv	50844	ce647cebfe77e94e0033b1da085c3e47d360618e84641c276077a10fc082f73a	result_summary	problem2/results/full_runs/formal_test252/formal/test_scenarios/local_scenarios.csv
problem_versions/problem2/results/full_runs/formal_test252/formal/valid_scenarios/README.md	766	2e7eb682205b89ce4da5251aebd635f278917b5149be7433f898cccefa54479a	result_markdown	problem2/results/full_runs/formal_test252/formal/valid_scenarios/README.md
problem_versions/problem2/results/full_runs/formal_test252/formal/valid_scenarios/local_scenarios.csv	34139	8b0aeeeca7c28ca2c66743400acb3482d2680450e009e76078dd49a50cee0446	result_summary	problem2/results/full_runs/formal_test252/formal/valid_scenarios/local_scenarios.csv
problem_versions/problem2/results/full_runs/formal_test252/formal/附件3_提交核验.json	7970	ada71c75c2b771453dfb8fc6af6d5fe4f2c873cf61ce5a2b12593cfdee60be67	result_summary	problem2/results/full_runs/formal_test252/formal/附件3_提交核验.json
problem_versions/problem2/results/full_runs/formal_test252/formal/附件3_预测结果.csv	1529	3c56523b42254d4fb9b0c430aea5c22340dbef175080d57c125ecb03c5e1fa98	result_summary	problem2/results/full_runs/formal_test252/formal/附件3_预测结果.csv
problem_versions/problem2/results/full_runs/formal_test252/运行结果.md	345	d7110df143a06df7e078b0d277782255286e8df93e9d363e5ee998820007b246	result_markdown	problem2/results/full_runs/formal_test252/运行结果.md
problem_versions/problem2/results/full_runs/official_pipeline_check_smoke/formal/figures/local_missingness.png	107251	64a7704d46ec492564b4b77fe85ab99c0604081c534722fece18b5263b8cac64	result_figure	problem2/results/full_runs/official_pipeline_check_smoke/formal/figures/local_missingness.png
problem_versions/problem2/results/full_runs/official_pipeline_check_smoke/formal/figures/test/confusion.png	69956	4c3d225c6489ec94241b6dddeaf079f565effa7732a827fdafbffb5c5ab6bf97	result_figure	problem2/results/full_runs/official_pipeline_check_smoke/formal/figures/test/confusion.png
problem_versions/problem2/results/full_runs/official_pipeline_check_smoke/formal/figures/test/residual.png	159890	84a708c160086510c09ed85e0ed4227d46e08273be4d622048a4c0dcac3a62a1	result_figure	problem2/results/full_runs/official_pipeline_check_smoke/formal/figures/test/residual.png
problem_versions/problem2/results/full_runs/official_pipeline_check_smoke/formal/figures/valid/confusion.png	67205	d2fef133a07bedba08290df7fd44fd17594aa895f95c3c4049d784bd2ff44af7	result_figure	problem2/results/full_runs/official_pipeline_check_smoke/formal/figures/valid/confusion.png
problem_versions/problem2/results/full_runs/official_pipeline_check_smoke/formal/figures/valid/residual.png	160204	07874be0b483c0237eb2e0871ec2c6d8a3b83cf9a8f2a8d90ff533f4eb2a0ca2	result_figure	problem2/results/full_runs/official_pipeline_check_smoke/formal/figures/valid/residual.png
problem_versions/problem2/results/full_runs/official_pipeline_check_smoke/formal/local_scenarios.csv	29000	e02060cbe0ffa6878f8dc4acca85e6217668f132e6bb47ae79bf5ad87cb027be	result_summary	problem2/results/full_runs/official_pipeline_check_smoke/formal/local_scenarios.csv
problem_versions/problem2/results/full_runs/official_pipeline_check_smoke/formal/附件3_提交核验.json	7970	ada71c75c2b771453dfb8fc6af6d5fe4f2c873cf61ce5a2b12593cfdee60be67	result_summary	problem2/results/full_runs/official_pipeline_check_smoke/formal/附件3_提交核验.json
problem_versions/problem2/results/full_runs/official_pipeline_check_smoke/formal/附件3_预测结果.csv	1529	3c56523b42254d4fb9b0c430aea5c22340dbef175080d57c125ecb03c5e1fa98	result_summary	problem2/results/full_runs/official_pipeline_check_smoke/formal/附件3_预测结果.csv
problem_versions/problem2/results/full_runs/official_pipeline_check_smoke/运行结果.md	479	21da894df3a3a65dbd307841d5a4bb09a6dd5966a1dae281713febcd5aad888e	result_markdown	problem2/results/full_runs/official_pipeline_check_smoke/运行结果.md
problem_versions/problem2/results/neutral_diagnostic/seed2026_20260925/comparison.csv	1360	2c0e0a59ba0b0789e2787b02948822d958b5cccf3d5c239f8e48e7036e6596ac	result_summary	problem2/results/neutral_diagnostic/seed2026_20260925/comparison.csv
problem_versions/problem2/results/neutral_diagnostic/seed2026_20260925/diagnostic.png	144141	ba263f9203d18c6664ad418c696b70442c87d2898a5377330526d174af3d4156	result_figure	problem2/results/neutral_diagnostic/seed2026_20260925/diagnostic.png
problem_versions/problem2/results/neutral_diagnostic/seed2026_20260925/summary.json	6405	66be1ffc23969f3ea1bf2079cab9c7d9d275e105c7bbdfcf97cac6a2cc52bb3e	result_summary	problem2/results/neutral_diagnostic/seed2026_20260925/summary.json
problem_versions/problem2/results/neutral_focus_seed2026/comparison.csv	4155	b0170d324720d351a3c25276c08e055e144f933ee2e39ccb92a44884c4501584	result_summary	problem2/results/neutral_focus_seed2026/comparison.csv
problem_versions/problem2/results/neutral_focus_seed2026/comparison.json	11145	879d6e72412237e2ebc8ccd119183708ae17f493b516eb8501f30c2acc46f211	result_summary	problem2/results/neutral_focus_seed2026/comparison.json
problem_versions/problem2/results/neutral_focus_seed2026/confusion_comparison.png	101429	bb8260de34972a11bae5bc1a04cbe766e14247b62ad76ea73a39726bd1f13ad5	result_figure	problem2/results/neutral_focus_seed2026/confusion_comparison.png
problem_versions/problem2/results/neutral_focus_seed2026/diagnostic_0.csv	78081	5e276c7d8edde920f0aeefffa523189f4fb16d816855bfc1ec943dba52e9d501	result_summary	problem2/results/neutral_focus_seed2026/diagnostic_0.csv
problem_versions/problem2/results/neutral_focus_seed2026/diagnostic_1.csv	133235	a745e898defeee5ebc7c26b9c149181641e04c8f7c30c2abfb859bd55ec33ce6	result_summary	problem2/results/neutral_focus_seed2026/diagnostic_1.csv
problem_versions/problem2/results/neutral_focus_seed2026/diagnostic_2.csv	143207	2ce7413b6edf4364516993c5689ed8e355704dad6f27f61498a64e8c3637cdbe	result_summary	problem2/results/neutral_focus_seed2026/diagnostic_2.csv
problem_versions/problem2/results/neutral_focus_seed2026/diagnostic_3.csv	113100	c4e4e813a1ab63141c2ec0fd2f32a3ecd7a8e16202143c3a7cdf655d2594752f	result_summary	problem2/results/neutral_focus_seed2026/diagnostic_3.csv
problem_versions/problem2/results/neutral_focus_seed2026/diagnostic_4.csv	112337	1d1dc52f6ebd114fd62f46af1410ca8a6f0a5243a2701eee2f321d1ec9c57f17	result_summary	problem2/results/neutral_focus_seed2026/diagnostic_4.csv
problem_versions/problem2/results/neutral_focus_seed2026/diagnostic_5.csv	143808	61ee3062e666163cd5e052c07ce46e0120001a5f056d755863972d26a0664a57	result_summary	problem2/results/neutral_focus_seed2026/diagnostic_5.csv
problem_versions/problem2/results/neutral_focus_seed2026/diagnostic_6.csv	143136	08bba419a28db43c2afeea364ea25fc8daebf15f835fe8ad3cc5901f2c9ca630	result_summary	problem2/results/neutral_focus_seed2026/diagnostic_6.csv
problem_versions/problem2/results/neutral_focus_seed2026/实验对比.md	4565	835b7104fe69b1ebd962a6129919729b9330184e05bf0194585f2d726d747f79	result_markdown	problem2/results/neutral_focus_seed2026/实验对比.md
problem_versions/problem2/results/precision/comparison.json	4965	625c4051d7b1aa5e9395fc010037e1a16f2a84a617dd336f9adc62e863c071c4	result_summary	problem2/results/precision/comparison.json
problem_versions/problem2/results/precision/processed_float64_float32/summary.json	1015	d8a07691eee6519021acc16ed4b340f1fc2e6013127619ef5b43023f8c3b214d	result_summary	problem2/results/precision/processed_float64_float32/summary.json
problem_versions/problem2/results/precision/processed_float64_float64/summary.json	1015	109a5b28b97f1ae8902af52a24cbd17bec5956a7e8669de4d8125569f25f7124	result_summary	problem2/results/precision/processed_float64_float64/summary.json
problem_versions/problem2/results/precision/processed_po_float32/summary.json	1001	fc4c3b595c29f8836b868b6608724390fcd69dae4e25c8f02ef203da6a4a450c	result_summary	problem2/results/precision/processed_po_float32/summary.json
problem_versions/problem2/results/precision/processed_po_float64/summary.json	1000	7ba9555ef79a564d6b16388417802a95f24f99007fceb4d4661925947d15303e	result_summary	problem2/results/precision/processed_po_float64/summary.json
problem_versions/problem2/results/precision/test_comparison/comparison.json	3346	5636e9e02088d26419d46aeae80b7216d428d3d13b5c9cde64ce626454364fe4	result_summary	problem2/results/precision/test_comparison/comparison.json
problem_versions/problem2/results/runs/20260925_030256_579306/baseline_comparison.csv	1283	61fe80004b05f150403bc894a95be871ce118b20f4b5bccc4ae9ceaf1d51adff	result_summary	problem2/results/runs/20260925_030256_579306/baseline_comparison.csv
problem_versions/problem2/results/runs/20260925_030256_579306/baseline_comparison.json	7282	c616a808ebad8df3571fe0c0f6d03c40200b32d0831eaf2813c76996fea3df2c	result_summary	problem2/results/runs/20260925_030256_579306/baseline_comparison.json
problem_versions/problem2/results/runs/20260925_030256_579306/diagnostic_test_balanced.csv	80053	c5aac4f5f63ae79bc29cc91099abcb735c4d7d9d4a43e94bdea27f67633a7abc	result_summary	problem2/results/runs/20260925_030256_579306/diagnostic_test_balanced.csv
problem_versions/problem2/results/runs/20260925_030256_579306/diagnostic_test_balanced_minus_log_weight.csv	80152	c7f2cfb0898c5802ebe84fdcb8f1f2fbaac5942d623fd1061a6af51634a3b63c	result_summary	problem2/results/runs/20260925_030256_579306/diagnostic_test_balanced_minus_log_weight.csv
problem_versions/problem2/results/runs/20260925_030256_579306/diagnostic_test_baseline.csv	80066	b6bf7b04513ee3dbf8b69cf514db5c4c051eaaad1b10fe85e2ffca6c9b3683d3	result_summary	problem2/results/runs/20260925_030256_579306/diagnostic_test_baseline.csv
problem_versions/problem2/results/runs/20260925_030256_579306/diagnostic_valid_balanced.csv	80185	2699bdca59f7df44f99bb3c64ad311af546d0a017ebd4cd96dd8ea1aeeb2b02e	result_summary	problem2/results/runs/20260925_030256_579306/diagnostic_valid_balanced.csv
problem_versions/problem2/results/runs/20260925_030256_579306/diagnostic_valid_balanced_minus_log_weight.csv	80414	e75940a70afe93e0cd020a112011e48816526dde73809d099d6dce1c53a51e6b	result_summary	problem2/results/runs/20260925_030256_579306/diagnostic_valid_balanced_minus_log_weight.csv
problem_versions/problem2/results/runs/20260925_030256_579306/diagnostic_valid_baseline.csv	80292	df9f14069d3ebd6dc76d30df2073f16440bdd15555373b60ae3dc4bf881f0221	result_summary	problem2/results/runs/20260925_030256_579306/diagnostic_valid_baseline.csv
problem_versions/problem2/results/runs/20260925_030256_579306/processed_po_seed2026/experiment_result.json	1113	1bceaf048339f16ab866c947a1eae9f41779e93b095fb363f0c3f9afb1f35c1e	result_summary	problem2/results/runs/20260925_030256_579306/processed_po_seed2026/experiment_result.json
problem_versions/problem2/results/runs/20260925_030256_579306/processed_po_seed2026/summary.json	1477	39418ccc6186944d47de76bda04b7f0995fcdf591c0606a8fcf76a5bebb4bde6	result_summary	problem2/results/runs/20260925_030256_579306/processed_po_seed2026/summary.json
problem_versions/problem2/results/runs/20260925_030256_579306/results.csv	1021	ad02ebd30c712d2493be388813214b24d22c051dc02c6eea227960240d7e4299	result_summary	problem2/results/runs/20260925_030256_579306/results.csv
problem_versions/problem2/results/runs/20260925_030256_579306/results.json	1189	2ce14ddd912e4f500ecb068457c5eababd1983f3b578181dd29d0e5a7ed725b1	result_summary	problem2/results/runs/20260925_030256_579306/results.json
problem_versions/problem2/results/runs/20260925_030256_579306/summary.csv	223	f25412dffa83d609c840015f698290cf7edca7ff0b9f97fd7ee262ad0ff47e03	result_summary	problem2/results/runs/20260925_030256_579306/summary.csv
problem_versions/problem2/results/runs/20260925_030256_579306/test_confusion_comparison.png	69315	b7aae7481999ba71614499cd4fa53febcb11599c8e57459c59608b09a6bf3529	result_figure	problem2/results/runs/20260925_030256_579306/test_confusion_comparison.png
problem_versions/problem2/results/runs/20260925_030256_579306/与原模型对比.md	4992	819afae40e82ec5e3ab1b21f34d41e596db0f82350784f452c8c3c171ceb2709	result_markdown	problem2/results/runs/20260925_030256_579306/与原模型对比.md
problem_versions/problem2/results/runs/20260925_030256_579306/结果说明.md	553	eb7bc61319819b5303838227ee63a674a58ccc51e8d2ca4cd1903cd9c37d5e17	result_markdown	problem2/results/runs/20260925_030256_579306/结果说明.md
problem_versions/problem2/results/runs/bert_balance010_seed2026/processed_po_seed2026/experiment_result.json	1342	7322792024daf12aa9e3327971960f5b82a03ff63fd70c856f75085500a37eb4	result_summary	problem2/results/runs/bert_balance010_seed2026/processed_po_seed2026/experiment_result.json
problem_versions/problem2/results/runs/bert_balance010_seed2026/processed_po_seed2026/summary.json	1645	4cbfd239a0e3e35e613d0c8e04fb3b3e42ed1452ff501ae300e86dc0741d0964	result_summary	problem2/results/runs/bert_balance010_seed2026/processed_po_seed2026/summary.json
problem_versions/problem2/results/runs/bert_balance010_seed2026/results.csv	1199	07fe5c5e33699329422d636a2057ea7ffce7431d83df5358bc7e20f4f16fab08	result_summary	problem2/results/runs/bert_balance010_seed2026/results.csv
problem_versions/problem2/results/runs/bert_balance010_seed2026/results.json	1434	62d2257cb7e83e69021663e3ab76b994a3efcfc9930b89f5ef98c3560685cb5c	result_summary	problem2/results/runs/bert_balance010_seed2026/results.json
problem_versions/problem2/results/runs/bert_balance010_seed2026/summary.csv	313	325b7ca9253565bf3015078366f928caeba83cab8a689091726cedb52515e890	result_summary	problem2/results/runs/bert_balance010_seed2026/summary.csv
problem_versions/problem2/results/runs/bert_balance010_seed2026/结果说明.md	646	e9ee323bef65d54e6d72b456bc1d15af97df1dc266ca3a2fb7a09ab333596a29	result_markdown	problem2/results/runs/bert_balance010_seed2026/结果说明.md
problem_versions/problem2/results/runs/bert_balance025_seed2026/processed_po_seed2026/experiment_result.json	1347	fae04ce6e7db5edba0cf5d5ebfb9035bba18e998d8c56f03a820c9725332dbdc	result_summary	problem2/results/runs/bert_balance025_seed2026/processed_po_seed2026/experiment_result.json
problem_versions/problem2/results/runs/bert_balance025_seed2026/processed_po_seed2026/summary.json	1650	9c97fa4bde4c6320361b4eb52f7c29d16022a0da0c611962bc8ebeeee4d292b6	result_summary	problem2/results/runs/bert_balance025_seed2026/processed_po_seed2026/summary.json
problem_versions/problem2/results/runs/bert_balance025_seed2026/results.csv	1207	25b8f42c79ff34a58cb835be68c26f9d0398f647122ec59482d7f9bb5583b962	result_summary	problem2/results/runs/bert_balance025_seed2026/results.csv
problem_versions/problem2/results/runs/bert_balance025_seed2026/results.json	1439	cb078175e201ad4cbcb9b72c47109f4c93e093672e87b1f4b0463f804284693f	result_summary	problem2/results/runs/bert_balance025_seed2026/results.json
problem_versions/problem2/results/runs/bert_balance025_seed2026/summary.csv	316	2e971cd169d777dd4e77ca8be087371f98089ea1f681c0225ae7414b52e8c6e7	result_summary	problem2/results/runs/bert_balance025_seed2026/summary.csv
problem_versions/problem2/results/runs/bert_balance025_seed2026/结果说明.md	647	c5eb2f23a07b76d227170390d14db725153fcee1c8ef3d6045164a65fbd8a395	result_markdown	problem2/results/runs/bert_balance025_seed2026/结果说明.md
problem_versions/problem2/results/runs/bert_finetune_seed2026/processed_po_seed2026/experiment_result.json	1266	333b8758c905fc1e3e0c4dfc6fe002695738f879f0e4cbffc97740279d6faf3e	result_summary	problem2/results/runs/bert_finetune_seed2026/processed_po_seed2026/experiment_result.json
problem_versions/problem2/results/runs/bert_finetune_seed2026/processed_po_seed2026/summary.json	1602	7f57e6be8acb0d3c32c642227ff3a4e0df1aced3563d6b91bfe73800451297f1	result_summary	problem2/results/runs/bert_finetune_seed2026/processed_po_seed2026/summary.json
problem_versions/problem2/results/runs/bert_finetune_seed2026/results.csv	1087	e2d50ddb15a7e0aa1a9cbcb5b7864c8fe550be872291ead94abce88c395eed44	result_summary	problem2/results/runs/bert_finetune_seed2026/results.csv
problem_versions/problem2/results/runs/bert_finetune_seed2026/results.json	1356	a83917658c1eeb899233c4dc49a3e3dac2cff12b81e090f79ee08cb0efdc0086	result_summary	problem2/results/runs/bert_finetune_seed2026/results.json
problem_versions/problem2/results/runs/bert_finetune_seed2026/summary.csv	315	caf0290f2964255a9130de4057f80a6b285f7725cdd6bbfacfa1f4e67cc20d2f	result_summary	problem2/results/runs/bert_finetune_seed2026/summary.csv
problem_versions/problem2/results/runs/bert_finetune_seed2026/结果说明.md	644	e9b1ab9cd0106524017fc47970d83815ea99dc5d701a7996434d49b49ca819ea	result_markdown	problem2/results/runs/bert_finetune_seed2026/结果说明.md
problem_versions/problem2/results/runs/bert_top4_seed2026/processed_po_seed2026/experiment_result.json	1286	2e09adf23d276810eca98d3d9d7049f143798817dd359730374a571f12a51f47	result_summary	problem2/results/runs/bert_top4_seed2026/processed_po_seed2026/experiment_result.json
problem_versions/problem2/results/runs/bert_top4_seed2026/processed_po_seed2026/summary.json	1572	29c4a95239671321fa7c6d92363b622599aa980adfebd4ad0e576035ef501b69	result_summary	problem2/results/runs/bert_top4_seed2026/processed_po_seed2026/summary.json
problem_versions/problem2/results/runs/bert_top4_seed2026/results.csv	1101	804623d57635f4fb5912b76dfa78af91a5b220faf58332267e5df09eb395c821	result_summary	problem2/results/runs/bert_top4_seed2026/results.csv
problem_versions/problem2/results/runs/bert_top4_seed2026/results.json	1378	0eb87c97a88d00138b2fe794b8c72233f25feea8ad8b0735fe2118696b900ac6	result_summary	problem2/results/runs/bert_top4_seed2026/results.json
problem_versions/problem2/results/runs/bert_top4_seed2026/summary.csv	315	295c019dc9edc73c0364c9d2aba286ce4083069354780502163fa9af0c6c20e5	result_summary	problem2/results/runs/bert_top4_seed2026/summary.csv
problem_versions/problem2/results/runs/bert_top4_seed2026/结果说明.md	644	d771433bb604e98a2c27cdf71f13a5809a045ff8c0d640ce8bb1737726c290f9	result_markdown	problem2/results/runs/bert_top4_seed2026/结果说明.md
problem_versions/problem2/results/runs/f1_cls_seed2026/processed_po_seed2026/experiment_result.json	1327	1511bbd44d99d410983d1afb8871686f0657a8ffd46ea454b7f97cfd1318fd58	result_summary	problem2/results/runs/f1_cls_seed2026/processed_po_seed2026/experiment_result.json
problem_versions/problem2/results/runs/f1_cls_seed2026/processed_po_seed2026/summary.json	1609	9c423f1e30985caadfb1e872f4d3bea6cdb4270e61d748f29c4594b82fe915ac	result_summary	problem2/results/runs/f1_cls_seed2026/processed_po_seed2026/summary.json
problem_versions/problem2/results/runs/f1_cls_seed2026/results.csv	1187	04bb53540e5ccf3ba6ee987bd72e52df253fec357cf7704011c297738899a4ea	result_summary	problem2/results/runs/f1_cls_seed2026/results.csv
problem_versions/problem2/results/runs/f1_cls_seed2026/results.json	1419	7a36330f7ed8075949295ad60a07ad0529d41aa0d5d27c54c026ccd488cb48c8	result_summary	problem2/results/runs/f1_cls_seed2026/results.json
problem_versions/problem2/results/runs/f1_cls_seed2026/summary.csv	316	a75d76ed2a7ab377b7c9f92c5bdb70dc8a17ed4f8af764a5591d9c7829e91892	result_summary	problem2/results/runs/f1_cls_seed2026/summary.csv
problem_versions/problem2/results/runs/f1_cls_seed2026/结果说明.md	647	3d29ec67cc9db94483e091c8834aabdc1fb0999c1a3bd8bc5116e972931c7113	result_markdown	problem2/results/runs/f1_cls_seed2026/结果说明.md
problem_versions/problem2/results/runs/f1_cls_sep_seed2026/processed_po_seed2026/experiment_result.json	1351	614c4b4837746fe575a34fa8b9e9952d60863b433d3ba0aa0c2c97be7da93994	result_summary	problem2/results/runs/f1_cls_sep_seed2026/processed_po_seed2026/experiment_result.json
problem_versions/problem2/results/runs/f1_cls_sep_seed2026/processed_po_seed2026/summary.json	1629	c6f08aa93443cad91dd47695779bfb54ee1f6ef26569e4e96423eda43d22ea6e	result_summary	problem2/results/runs/f1_cls_sep_seed2026/processed_po_seed2026/summary.json
problem_versions/problem2/results/runs/f1_cls_sep_seed2026/results.csv	1211	9f47184f4c545d4769a5d750beb2049d847561c56f985e48b6cddb15f00ecf7c	result_summary	problem2/results/runs/f1_cls_sep_seed2026/results.csv
problem_versions/problem2/results/runs/f1_cls_sep_seed2026/results.json	1443	6d4d87f22807cf07e22025ac4faf2444a6f4950bba28041ee40cd469d4c00729	result_summary	problem2/results/runs/f1_cls_sep_seed2026/results.json
problem_versions/problem2/results/runs/f1_cls_sep_seed2026/summary.csv	316	f52d6e592ed47fc356db6b5940998c39f7ce0c2e06f01cce75188b721eaeee3c	result_summary	problem2/results/runs/f1_cls_sep_seed2026/summary.csv
problem_versions/problem2/results/runs/f1_cls_sep_seed2026/结果说明.md	647	4a18461f029e12fae812e6efe39b434374ab5b64f9191946f2f6a643d5c58ae7	result_markdown	problem2/results/runs/f1_cls_sep_seed2026/结果说明.md
problem_versions/problem2/results/runs/f3_structure_f0_seed2026/processed_po_seed2026/experiment_result.json	1346	a1ec429fdb844b5a01b75281727cca3c2c58c901093c7b971fa3b4f4639b9a65	result_summary	problem2/results/runs/f3_structure_f0_seed2026/processed_po_seed2026/experiment_result.json
problem_versions/problem2/results/runs/f3_structure_f0_seed2026/processed_po_seed2026/summary.json	1619	45a92d6e0dba094a8b59cc166b712bb8ebc121e98aa63aea062d0297c52c68f7	result_summary	problem2/results/runs/f3_structure_f0_seed2026/processed_po_seed2026/summary.json
problem_versions/problem2/results/runs/f3_structure_f0_seed2026/results.csv	1206	b785587e7c91e519b4993a3784a653bab19a874c8a3c125d70329fd9fd2b6782	result_summary	problem2/results/runs/f3_structure_f0_seed2026/results.csv
problem_versions/problem2/results/runs/f3_structure_f0_seed2026/results.json	1438	68a9ca8cb055b64fd3758418d048b05a5be684c6cbaec40c46f3f2483e7ce0a0	result_summary	problem2/results/runs/f3_structure_f0_seed2026/results.json
problem_versions/problem2/results/runs/f3_structure_f0_seed2026/summary.csv	316	b80fabd5b571f58983051ef212ddbe96f443b1c35c9e4c35831277fe57ec4e04	result_summary	problem2/results/runs/f3_structure_f0_seed2026/summary.csv
problem_versions/problem2/results/runs/f3_structure_f0_seed2026/结果说明.md	647	12632f6e70333f59742a05e46018325ed444bf1b92cee003eaac1c962864c513	result_markdown	problem2/results/runs/f3_structure_f0_seed2026/结果说明.md
problem_versions/problem2/results/runs/f3_structure_f1_seed2026/processed_po_seed2026/experiment_result.json	1363	d5dd31b3b8bd8bbb8b8d93dbbae42f5ab907f729f09c9749e8b731ae3f0df058	result_summary	problem2/results/runs/f3_structure_f1_seed2026/processed_po_seed2026/experiment_result.json
problem_versions/problem2/results/runs/f3_structure_f1_seed2026/processed_po_seed2026/summary.json	1622	d0d8bb3004c4857f9b1fba027e8a23be393a88b9a12e4a0ecac8e10d80d64450	result_summary	problem2/results/runs/f3_structure_f1_seed2026/processed_po_seed2026/summary.json
problem_versions/problem2/results/runs/f3_structure_f1_seed2026/results.csv	1223	0fdbe4253a17da9c9920b299336029efab02d8cf9ddbb6538706c2d0460fd4d2	result_summary	problem2/results/runs/f3_structure_f1_seed2026/results.csv
problem_versions/problem2/results/runs/f3_structure_f1_seed2026/results.json	1455	ebeac7e1a40280ecc25123028d86d8e462a006a1ccab0e9373bee70338b2ea9b	result_summary	problem2/results/runs/f3_structure_f1_seed2026/results.json
problem_versions/problem2/results/runs/f3_structure_f1_seed2026/summary.csv	316	fbb135928ebd6349ab930b2b82ad7da98bf3ff3555be792e9bc1265cb8ba2646	result_summary	problem2/results/runs/f3_structure_f1_seed2026/summary.csv
problem_versions/problem2/results/runs/f3_structure_f1_seed2026/结果说明.md	647	d50b3e73581e74a153ed9e27dc9cd1689d7e77c264673a825bacef76dfab7eb9	result_markdown	problem2/results/runs/f3_structure_f1_seed2026/结果说明.md
problem_versions/problem2/results/runs/f3_structure_f2_seed2026/processed_po_seed2026/experiment_result.json	1361	4fafeb58a2fffc0799193c296cf1eb880fa88e723aab0a340c2731b2bc12d1c1	result_summary	problem2/results/runs/f3_structure_f2_seed2026/processed_po_seed2026/experiment_result.json
problem_versions/problem2/results/runs/f3_structure_f2_seed2026/processed_po_seed2026/summary.json	1637	e877f86d5d30a38ccb9527835a1c5d07edf81fb96e6b5257015fac39991b48ba	result_summary	problem2/results/runs/f3_structure_f2_seed2026/processed_po_seed2026/summary.json
problem_versions/problem2/results/runs/f3_structure_f2_seed2026/results.csv	1221	ffa9504afc763014b1bf6dbf4d63b3ae0442208ab81d2e6fabae12179adb3f6a	result_summary	problem2/results/runs/f3_structure_f2_seed2026/results.csv
problem_versions/problem2/results/runs/f3_structure_f2_seed2026/results.json	1453	9edcad336ab47cd575440c8cf15b96f9595ed2c0452ea53009cfe6813a6708f7	result_summary	problem2/results/runs/f3_structure_f2_seed2026/results.json
problem_versions/problem2/results/runs/f3_structure_f2_seed2026/summary.csv	316	82c9e2b849503f9930bab46088ddb7429bda41fa2ac4d6c7bd918f3d96b89c87	result_summary	problem2/results/runs/f3_structure_f2_seed2026/summary.csv
problem_versions/problem2/results/runs/f3_structure_f2_seed2026/结果说明.md	647	6df37164cade2efa6326f5396255b70a00f4d7698ec941cf5990ba578cd660f0	result_markdown	problem2/results/runs/f3_structure_f2_seed2026/结果说明.md
problem_versions/problem2/results/runs/f3_structure_f3_seed2026/processed_po_seed2026/experiment_result.json	1344	6485f8cbf8ff51c994c28f5ccca4b6458c76d9bcb9175301c37aa9a5dd67376f	result_summary	problem2/results/runs/f3_structure_f3_seed2026/processed_po_seed2026/experiment_result.json
problem_versions/problem2/results/runs/f3_structure_f3_seed2026/processed_po_seed2026/summary.json	1621	f839af78f8180b38414a7588625860e442b1b1a9cfdcb26d37a778dce9616eb8	result_summary	problem2/results/runs/f3_structure_f3_seed2026/processed_po_seed2026/summary.json
problem_versions/problem2/results/runs/f3_structure_f3_seed2026/results.csv	1204	cbe841eb9bb5d9deadb2b070f112b196b9e54ff7b6fcafa46f1609aa30c0df8d	result_summary	problem2/results/runs/f3_structure_f3_seed2026/results.csv
problem_versions/problem2/results/runs/f3_structure_f3_seed2026/results.json	1436	caf5fc5105ff3ac36769dde90f832f58b952b0c1e78327e3c4335828054ff6be	result_summary	problem2/results/runs/f3_structure_f3_seed2026/results.json
problem_versions/problem2/results/runs/f3_structure_f3_seed2026/summary.csv	315	6ba0243a5d560d2e16f898866a85708f46a6e2ddb27ddb5c5a2d4ce3e5d46dd1	result_summary	problem2/results/runs/f3_structure_f3_seed2026/summary.csv
problem_versions/problem2/results/runs/f3_structure_f3_seed2026/结果说明.md	647	233b337d5784fc706c72df66689c3674e61df4d44cbc932c6c3d64cd168d4faf	result_markdown	problem2/results/runs/f3_structure_f3_seed2026/结果说明.md
problem_versions/problem2/results/runs/focus_boundary003_seed2026/processed_po_seed2026/experiment_result.json	1246	065b2a5b2cf44f043b56e9546a6285cb6ed8045bb9f29ce29e85616db8244b7a	result_summary	problem2/results/runs/focus_boundary003_seed2026/processed_po_seed2026/experiment_result.json
problem_versions/problem2/results/runs/focus_boundary003_seed2026/processed_po_seed2026/summary.json	1604	cf99d363de733d005749622e71ffe07f4d598ddfa4e88b792b25ad8301b0b139	result_summary	problem2/results/runs/focus_boundary003_seed2026/processed_po_seed2026/summary.json
problem_versions/problem2/results/runs/focus_boundary003_seed2026/results.csv	1079	fb4d4bda2bca3461b0523a594586a0d6ad5636f7d3f0e916e23927ecac2bc0c3	result_summary	problem2/results/runs/focus_boundary003_seed2026/results.csv
problem_versions/problem2/results/runs/focus_boundary003_seed2026/results.json	1332	900049d41243e7a5493b27a9298205df0e8ce2e8902d71f27dfdd0db9e172a5e	result_summary	problem2/results/runs/focus_boundary003_seed2026/results.json
problem_versions/problem2/results/runs/focus_boundary003_seed2026/summary.csv	316	58a7bcbdc1c311c39bf9ed75740a3289479b07963c72d524b726d614d5fbb5ab	result_summary	problem2/results/runs/focus_boundary003_seed2026/summary.csv
problem_versions/problem2/results/runs/focus_boundary003_seed2026/结果说明.md	645	ce0edbc3ebb0d86d4e2e2298a7ee0d21ebc5e6b143e633f6c7c17ac322f1b922	result_markdown	problem2/results/runs/focus_boundary003_seed2026/结果说明.md
problem_versions/problem2/results/runs/focus_boundary010_seed2026/processed_po_seed2026/experiment_result.json	1243	594945c35056652eb6dd623f761948e4b311529723c2b9fc398d0c7e90009dc9	result_summary	problem2/results/runs/focus_boundary010_seed2026/processed_po_seed2026/experiment_result.json
problem_versions/problem2/results/runs/focus_boundary010_seed2026/processed_po_seed2026/summary.json	1600	c0fd694a7c24e0d8555f2e7d080d4f53fc3d840ff03d46786c4281848457d985	result_summary	problem2/results/runs/focus_boundary010_seed2026/processed_po_seed2026/summary.json
problem_versions/problem2/results/runs/focus_boundary010_seed2026/results.csv	1076	f98b2af450fd4e88592b16d6f8625875964e7e2442f359f07efe3ed71a324426	result_summary	problem2/results/runs/focus_boundary010_seed2026/results.csv
problem_versions/problem2/results/runs/focus_boundary010_seed2026/results.json	1329	2e401310e4d39b9dd052ac303baa3e0843fad06b39044f53de0d02c4a82688f9	result_summary	problem2/results/runs/focus_boundary010_seed2026/results.json
problem_versions/problem2/results/runs/focus_boundary010_seed2026/summary.csv	313	1c05c744c56523e00a355f11504b79133141d0fcabb3e463332e26f1006e78b5	result_summary	problem2/results/runs/focus_boundary010_seed2026/summary.csv
problem_versions/problem2/results/runs/focus_boundary010_seed2026/结果说明.md	644	8e9f7911275e1e03bf6e732112fd31a4306200c9c8b915eafd7956dda6b3f3e2	result_markdown	problem2/results/runs/focus_boundary010_seed2026/结果说明.md
problem_versions/problem2/results/runs/focus_mild_boundary003_seed2026/processed_po_seed2026/experiment_result.json	1301	4a9c4c3fc32f2619263a5b740fc874115465970d7339211236966e9b414095b1	result_summary	problem2/results/runs/focus_mild_boundary003_seed2026/processed_po_seed2026/experiment_result.json
problem_versions/problem2/results/runs/focus_mild_boundary003_seed2026/processed_po_seed2026/summary.json	1639	09c9a132723c3b43b6cb79a815694ee22bacb4b42a7591ad1ee620a13cdf0971	result_summary	problem2/results/runs/focus_mild_boundary003_seed2026/processed_po_seed2026/summary.json
problem_versions/problem2/results/runs/focus_mild_boundary003_seed2026/results.csv	1177	0b688f8c76912307d832ec9ef5528d36e5c451d9d4ff7b3c0a4f101f03c916a8	result_summary	problem2/results/runs/focus_mild_boundary003_seed2026/results.csv
problem_versions/problem2/results/runs/focus_mild_boundary003_seed2026/results.json	1387	77453d58f4a05255204b1326a3cd44a3c71c3f4f7497b988c916d1e758edc926	result_summary	problem2/results/runs/focus_mild_boundary003_seed2026/results.json
problem_versions/problem2/results/runs/focus_mild_boundary003_seed2026/summary.csv	314	d2e5c429ee921bd989fcc416b4c6df540e1eb7395ae36c02dfcc5ab18550856f	result_summary	problem2/results/runs/focus_mild_boundary003_seed2026/summary.csv
problem_versions/problem2/results/runs/focus_mild_boundary003_seed2026/结果说明.md	647	6734c7a2b08aa7667684b107cff81647e1079e998fad9a14f987c28e18896a80	result_markdown	problem2/results/runs/focus_mild_boundary003_seed2026/结果说明.md
problem_versions/problem2/results/runs/focus_mild_boundary010_seed2026/processed_po_seed2026/experiment_result.json	1296	08346b8c365fa98749a1040e2a94195cf1fb9cdc35a1fb569e2655f82a5487cc	result_summary	problem2/results/runs/focus_mild_boundary010_seed2026/processed_po_seed2026/experiment_result.json
problem_versions/problem2/results/runs/focus_mild_boundary010_seed2026/processed_po_seed2026/summary.json	1649	e7aa6c20bd3dc7a4dfae8b5219934ce2e6d0d4a0ddbfc7f363dd22e6dac119ff	result_summary	problem2/results/runs/focus_mild_boundary010_seed2026/processed_po_seed2026/summary.json
problem_versions/problem2/results/runs/focus_mild_boundary010_seed2026/results.csv	1172	b0f62071130ec3e3a21c4ae35e71f13a908276e2a2faaf5699ba38951d0a9a25	result_summary	problem2/results/runs/focus_mild_boundary010_seed2026/results.csv
problem_versions/problem2/results/runs/focus_mild_boundary010_seed2026/results.json	1382	acfa347f3ae46a87e70ac87b85496195da0ee9269892a1cbeabd553b56e32972	result_summary	problem2/results/runs/focus_mild_boundary010_seed2026/results.json
problem_versions/problem2/results/runs/focus_mild_boundary010_seed2026/summary.csv	313	0ddb70af512c22d3b0221dc8e1be357f3915fe47e42625b02af29c52c87cb5f0	result_summary	problem2/results/runs/focus_mild_boundary010_seed2026/summary.csv
problem_versions/problem2/results/runs/focus_mild_boundary010_seed2026/结果说明.md	646	c6b66807f8ed3a5c6e535db30660fffc0b856f2d79dc01c279cb85926f39ec52	result_markdown	problem2/results/runs/focus_mild_boundary010_seed2026/结果说明.md
problem_versions/problem2/results/runs/focus_mild_seed2026/processed_po_seed2026/experiment_result.json	1259	ef88a798f73143a56a0e130c72aeefa759ba4897d8b81fe92786215035a5b63f	result_summary	problem2/results/runs/focus_mild_seed2026/processed_po_seed2026/experiment_result.json
problem_versions/problem2/results/runs/focus_mild_seed2026/processed_po_seed2026/summary.json	1621	4d0e25e2f3483e72f20cc2c3b4bb69fdce9979902c21c488d822e6d0f15e15f7	result_summary	problem2/results/runs/focus_mild_seed2026/processed_po_seed2026/summary.json
problem_versions/problem2/results/runs/focus_mild_seed2026/results.csv	1135	c0eec224ab3571daa3e15548fe7c88c613ecd09de5869d89c5c2a4d4ea0e4e59	result_summary	problem2/results/runs/focus_mild_seed2026/results.csv
problem_versions/problem2/results/runs/focus_mild_seed2026/results.json	1345	76c2bd38319dbfd2c062d7f9b0a27de44148c171ec78b87a5d4a27c3a9e1d950	result_summary	problem2/results/runs/focus_mild_seed2026/results.json
problem_versions/problem2/results/runs/focus_mild_seed2026/summary.csv	314	946634dbe307414aa5f4716b3f08572cf59076343109d0e8fda4271d63863974	result_summary	problem2/results/runs/focus_mild_seed2026/summary.csv
problem_versions/problem2/results/runs/focus_mild_seed2026/结果说明.md	644	8eb4d709f7ee175df52c8dc46848740e9c6d0560097cbb5b788bcf50c8e894d8	result_markdown	problem2/results/runs/focus_mild_seed2026/结果说明.md
problem_versions/problem2/results/runs/formal_f1_po_s2027_2028/processed_po_seed2027/experiment_result.json	1328	bb457fece3443fa920aebdbe16b197af8ddc7485aa7efc550c2a36dd9e8fc1c8	result_summary	problem2/results/runs/formal_f1_po_s2027_2028/processed_po_seed2027/experiment_result.json
problem_versions/problem2/results/runs/formal_f1_po_s2027_2028/processed_po_seed2027/summary.json	1617	ee9e425c4c18e960c43fdf70f46b541838245376247d36af816aacafde80d238	result_summary	problem2/results/runs/formal_f1_po_s2027_2028/processed_po_seed2027/summary.json
problem_versions/problem2/results/runs/formal_f1_po_s2027_2028/processed_po_seed2028/experiment_result.json	1347	a603ba2f9427d704b01ee911e5b69066fc81071009fa6c7e9ec6e748c0c8c97d	result_summary	problem2/results/runs/formal_f1_po_s2027_2028/processed_po_seed2028/experiment_result.json
problem_versions/problem2/results/runs/formal_f1_po_s2027_2028/processed_po_seed2028/summary.json	1636	e436307c6f3ca0253d970ad9182b12762001cca9598ef5cfaaa2faf5ebf641f9	result_summary	problem2/results/runs/formal_f1_po_s2027_2028/processed_po_seed2028/summary.json
problem_versions/problem2/results/runs/formal_f1_po_s2027_2028/results.csv	1803	1c4ccc34f0bcca80d58874114a60bc0f6d9af82c2c3aeb660f009f7ed1a6de3a	result_summary	problem2/results/runs/formal_f1_po_s2027_2028/results.csv
problem_versions/problem2/results/runs/formal_f1_po_s2027_2028/results.json	2857	6ceb25b50c7272030e314958f40a8d4e61a6c2e8b3b418e478cb4e199dccaeb4	result_summary	problem2/results/runs/formal_f1_po_s2027_2028/results.json
problem_versions/problem2/results/runs/formal_f1_po_s2027_2028/summary.csv	336	6d474c5bb960a27e79488ee8212be882efe9786677df92b0278c1ba4b710ed76	result_summary	problem2/results/runs/formal_f1_po_s2027_2028/summary.csv
problem_versions/problem2/results/runs/formal_f1_po_s2027_2028/结果说明.md	753	7cabbe89084b4cff0c1ea1570ca624eefc78f14b6616624c3a169161981c59a7	result_markdown	problem2/results/runs/formal_f1_po_s2027_2028/结果说明.md
problem_versions/problem2/results/runs/formal_f1_po_seeds_summary.json	1619	7d45dca7bea95e39b9cd8a7c8ba2da1f8247968344da6fcd9c66c4d817fd4fb8	result_summary	problem2/results/runs/formal_f1_po_seeds_summary.json
problem_versions/problem2/results/runs/official_five_seed_verification_20260926/processed_po_seed2029/experiment_result.json	1363	1270d7e2e1ba652c8413ab511d8db05387bb394ef87a03525fe0e2e18d4290cc	result_summary	problem2/results/runs/official_five_seed_verification_20260926/processed_po_seed2029/experiment_result.json
problem_versions/problem2/results/runs/official_five_seed_verification_20260926/processed_po_seed2029/summary.json	1623	53331d685855fb7de44936226bef261b006428a7a87d80163301d992037b907c	result_summary	problem2/results/runs/official_five_seed_verification_20260926/processed_po_seed2029/summary.json
problem_versions/problem2/results/runs/official_five_seed_verification_20260926/processed_po_seed2030/experiment_result.json	1375	2378429eb66f5a380569179f81b64149bd1c791ffd5c225e0a0e5f47b50a3bf6	result_summary	problem2/results/runs/official_five_seed_verification_20260926/processed_po_seed2030/experiment_result.json
problem_versions/problem2/results/runs/official_five_seed_verification_20260926/processed_po_seed2030/summary.json	1645	d3fc02e26ca8373e89cbba4743a21edd57a61eb13334761ea7d953aea139f2e1	result_summary	problem2/results/runs/official_five_seed_verification_20260926/processed_po_seed2030/summary.json
problem_versions/problem2/results/runs/official_five_seed_verification_20260926/results.csv	1866	1e49e8d725368212b7ee1109730c814432679510b449e4db9b4c786a9ba803bc	result_summary	problem2/results/runs/official_five_seed_verification_20260926/results.csv
problem_versions/problem2/results/runs/official_five_seed_verification_20260926/results.json	2920	e2279d9946d4188594b33069f3c2635deed161b45ebb2ddd96ab0d086cf1ffe0	result_summary	problem2/results/runs/official_five_seed_verification_20260926/results.json
problem_versions/problem2/results/runs/official_five_seed_verification_20260926/summary.csv	337	df72986d8949a67764ec985ec8b9928271c41a70042591fa4cfb6d17fbf12824	result_summary	problem2/results/runs/official_five_seed_verification_20260926/summary.csv
problem_versions/problem2/results/runs/official_five_seed_verification_20260926/五种子核验报告.md	1485	17865b0e8cc74b2cdefbb77db9150d063d7699fd65de9c4c7d5491d9e693b279	result_markdown	problem2/results/runs/official_five_seed_verification_20260926/五种子核验报告.md
problem_versions/problem2/results/runs/official_five_seed_verification_20260926/结果说明.md	753	2a17a8698fd3dfe7bab927aaf9c4df78c5334f0a4fb528ab7d77faee5bd08789	result_markdown	problem2/results/runs/official_five_seed_verification_20260926/结果说明.md
problem_versions/problem2/results/runs/runner_smoke_seed7/processed_po_seed7/experiment_result.json	589	252dfb6794517c310ed12dbabba6b80941ff0b5aaf5ff8e43f522202b371a84d	result_summary	problem2/results/runs/runner_smoke_seed7/processed_po_seed7/experiment_result.json
problem_versions/problem2/results/runs/runner_smoke_seed7/processed_po_seed7/summary.json	994	d24f290a52f876bbe2ad959c2b86ef3cd4cee057630018f61363cdaf981a8937	result_summary	problem2/results/runs/runner_smoke_seed7/processed_po_seed7/summary.json
problem_versions/problem2/results/runs/runner_smoke_seed7/results.csv	481	34a59e7c24749404aed41c9f69fee63314482d917afe05fb4e4a3c1acd2c4988	result_summary	problem2/results/runs/runner_smoke_seed7/results.csv
problem_versions/problem2/results/runs/runner_smoke_seed7/results.json	629	6a053b1d22f6c3ebc0b51b3aa3bc1532b7eae090a1c1cf435012bdd21253572d	result_summary	problem2/results/runs/runner_smoke_seed7/results.json
problem_versions/problem2/results/runs/runner_smoke_seed7/summary.csv	187	a6c2e1f3aa4698e5faf7cb06c9419b2919b791af6d6195929efcffecf6b91308	result_summary	problem2/results/runs/runner_smoke_seed7/summary.csv
problem_versions/problem2/results/runs/runner_smoke_seed7/结果说明.md	471	4adb5b3d5df80bca3403f1c07ad733bd7d0276d51e9ad70d9870f760d7de637b	result_markdown	problem2/results/runs/runner_smoke_seed7/结果说明.md
problem_versions/problem2/results/runs/try_po_s2026/processed_po_seed2026/experiment_result.json	1093	3af6f17c119fc26da99bff38585da6eb55fa41d4d36859fe72d9c143fd0c3b10	result_summary	problem2/results/runs/try_po_s2026/processed_po_seed2026/experiment_result.json
problem_versions/problem2/results/runs/try_po_s2026/processed_po_seed2026/summary.json	1466	cb4fac2185c6175407b3b97c8102d6d6e0ed83265e029b5403004abeeb3ed08c	result_summary	problem2/results/runs/try_po_s2026/processed_po_seed2026/summary.json
problem_versions/problem2/results/runs/try_po_s2026/results.csv	1001	a47abe3260e0415acfc5d26aa45436a698f2812ba14f15ea395b0e4fca0d96ea	result_summary	problem2/results/runs/try_po_s2026/results.csv
problem_versions/problem2/results/runs/try_po_s2026/results.json	1169	5b512fe722b59502e724dc56d4672a546c958e71a8583ba0b5fbf2f769500f41	result_summary	problem2/results/runs/try_po_s2026/results.json
problem_versions/problem2/results/runs/try_po_s2026/summary.csv	223	f25412dffa83d609c840015f698290cf7edca7ff0b9f97fd7ee262ad0ff47e03	result_summary	problem2/results/runs/try_po_s2026/summary.csv
problem_versions/problem2/results/runs/try_po_s2026/结果说明.md	553	eb7bc61319819b5303838227ee63a674a58ccc51e8d2ca4cd1903cd9c37d5e17	result_markdown	problem2/results/runs/try_po_s2026/结果说明.md
problem_versions/problem2/results/runs/try_zscore_s2026/processed_all_zscore_seed2026/experiment_result.json	1117	e8bae0e5e885ec14f3b639c6ba6d527d0216614d649666b23ab154ce33c17aea	result_summary	problem2/results/runs/try_zscore_s2026/processed_all_zscore_seed2026/experiment_result.json
problem_versions/problem2/results/runs/try_zscore_s2026/processed_all_zscore_seed2026/summary.json	1492	29b15f9f40411e32096df86a1d76b1b0c78cbeb62c8d48ea6deb9cf3b117c76e	result_summary	problem2/results/runs/try_zscore_s2026/processed_all_zscore_seed2026/summary.json
problem_versions/problem2/results/runs/try_zscore_s2026/results.csv	1025	3230d93730186c7d76d9dd7c5bba6e656339e5d96a0ce2f167195d71bb556e82	result_summary	problem2/results/runs/try_zscore_s2026/results.csv
problem_versions/problem2/results/runs/try_zscore_s2026/results.json	1193	9dfa1984ce8e39b634b80d96282ea4dfe5d988e1a61251a41925f55ab136d504	result_summary	problem2/results/runs/try_zscore_s2026/results.json
problem_versions/problem2/results/runs/try_zscore_s2026/summary.csv	229	5b56d84d8781861724f24593f1f0eb08253a897ee3bb048e8eb8040db85a4da1	result_summary	problem2/results/runs/try_zscore_s2026/summary.csv
problem_versions/problem2/results/runs/try_zscore_s2026/结果说明.md	561	dcad9ca6e8d99873f3b6ee2dd4df27bbeee3df762c8a06c5b61325950d93ba5f	result_markdown	problem2/results/runs/try_zscore_s2026/结果说明.md
problem_versions/problem2/results/runs/unaligned_soft_attention_seed2026/processed_po_seed2026/experiment_result.json	1366	ff709362aed215a3017a0fcf81c355adff1f2b6c05180287fe9380b1adfabc4f	result_summary	problem2/results/runs/unaligned_soft_attention_seed2026/processed_po_seed2026/experiment_result.json
problem_versions/problem2/results/runs/unaligned_soft_attention_seed2026/processed_po_seed2026/figures/soft_alignment.pdf	679071	64a03071ea8ce24aa2755ecb518647de74458dd90581916f94dca9a06eb914b2	result_figure	problem2/results/runs/unaligned_soft_attention_seed2026/processed_po_seed2026/figures/soft_alignment.pdf
problem_versions/problem2/results/runs/unaligned_soft_attention_seed2026/processed_po_seed2026/figures/soft_alignment.png	883858	c426e5c151307ed64ef8a0996b3e1cf151fc38bec7a3aa5e99f5e8bf53ac2850	result_figure	problem2/results/runs/unaligned_soft_attention_seed2026/processed_po_seed2026/figures/soft_alignment.png
problem_versions/problem2/results/runs/unaligned_soft_attention_seed2026/processed_po_seed2026/figures/test/local_missingness.pdf	24883	73b14f8ff8f77d52831c2837e8767a227f914bad54b5d9be6a6324152e4bfe4d	result_figure	problem2/results/runs/unaligned_soft_attention_seed2026/processed_po_seed2026/figures/test/local_missingness.pdf
problem_versions/problem2/results/runs/unaligned_soft_attention_seed2026/processed_po_seed2026/figures/test/local_missingness.png	347262	db19effa819779c065231dfb2886c6d165c3ec2ab5a6466a76f6b299d9f80e18	result_figure	problem2/results/runs/unaligned_soft_attention_seed2026/processed_po_seed2026/figures/test/local_missingness.png
problem_versions/problem2/results/runs/unaligned_soft_attention_seed2026/processed_po_seed2026/summary.json	1643	720089968cc87d0fee058c23483c5aa645c4dc85e4cdab9cf636c4afa51add9c	result_summary	problem2/results/runs/unaligned_soft_attention_seed2026/processed_po_seed2026/summary.json
problem_versions/problem2/results/runs/unaligned_soft_attention_seed2026/processed_po_seed2026/test_scenarios/README.md	765	772ff77c40d324c5ff82917c50119c7176cc4155c442f4668a547305e93c0f20	result_markdown	problem2/results/runs/unaligned_soft_attention_seed2026/processed_po_seed2026/test_scenarios/README.md
problem_versions/problem2/results/runs/unaligned_soft_attention_seed2026/processed_po_seed2026/test_scenarios/local_scenarios.csv	51080	1740ae0d1829eca259a5d0be5980551bfc233b1406aa8fd222a336b0c344cdb8	result_summary	problem2/results/runs/unaligned_soft_attention_seed2026/processed_po_seed2026/test_scenarios/local_scenarios.csv
problem_versions/problem2/results/runs/unaligned_soft_attention_seed2026/results.csv	1226	6077aec0be50e964efd2c78f5fe767b7f5f7bd8da6d908818bf73abc12dcc098	result_summary	problem2/results/runs/unaligned_soft_attention_seed2026/results.csv
problem_versions/problem2/results/runs/unaligned_soft_attention_seed2026/results.json	1458	ba756434c0d7d41cc68c604b14dabeb6b31ca28db3ec8aaa1b01293679cbebcb	result_summary	problem2/results/runs/unaligned_soft_attention_seed2026/results.json
problem_versions/problem2/results/runs/unaligned_soft_attention_seed2026/summary.csv	316	27605e51aae095ca797b247ca0f22177650fa723e09427095048fd2f586cea33	result_summary	problem2/results/runs/unaligned_soft_attention_seed2026/summary.csv
problem_versions/problem2/results/runs/unaligned_soft_attention_seed2026/实验报告.md	1699	2cf3c2d55ddb42f542877bd5241f6e5365055079aee0ada414fe2e2213885728	result_markdown	problem2/results/runs/unaligned_soft_attention_seed2026/实验报告.md
problem_versions/problem2/results/runs/unaligned_soft_attention_seed2026/结果说明.md	647	5a89be0571ce301b5005e84e8bca2f22f403aa9258264e2f7fe88166fe64432b	result_markdown	problem2/results/runs/unaligned_soft_attention_seed2026/结果说明.md
problem_versions/problem2/results/special_tokens_seed2026/comparison.csv	2487	7bbc613b7a2a70794c0833ff7d532d75d2dde98f09d9cc12e40317efd70e5f6a	result_summary	problem2/results/special_tokens_seed2026/comparison.csv
problem_versions/problem2/results/special_tokens_seed2026/comparison.json	4881	09d0b00c9f3abb2402b1405bb91c7d071c35553b4c6a77852946283ff2709503	result_summary	problem2/results/special_tokens_seed2026/comparison.json
problem_versions/problem2/results/special_tokens_seed2026/confusion_comparison.png	49630	93a95a5106b2c4504830c2e83d77656e0ad4b08a45b72eff711f1f74ba89229f	result_figure	problem2/results/special_tokens_seed2026/confusion_comparison.png
problem_versions/problem2/results/special_tokens_seed2026/实验报告.md	1765	135b1bb64246e4d32ce51b2a1bdbc2847370c8b009b9690b30f744388d2f5a39	result_markdown	problem2/results/special_tokens_seed2026/实验报告.md
problem_versions/problem2/results/special_tokens_seed2026/方法说明.md	2388	6d0b3080b9e11c36b55bb076dc690c367108c3dcee35aabacffbb8f6ef43944b	result_markdown	problem2/results/special_tokens_seed2026/方法说明.md
problem_versions/problem2/training.py	10087	837f3e24a2e2e0e1869506034b840f869144cdafb1f59731aec8d9091a1ccbbf	source_doc_config	problem2/training.py
problem_versions/problem2/中性识别改进方案.md	24792	78d8d8628f7624319eed4956f72703d4c272380a644d629f62fc73b402775183	source_doc_config	problem2/中性识别改进方案.md
problem_versions/problem2/完整运行脚本使用说明.md	8796	c71e62c4fd5f58e98d97ea83971ff538673d5a8f159092c18703239400a3173f	source_doc_config	problem2/完整运行脚本使用说明.md
problem_versions/problem2/当前实验结果.md	4226	f71aefed5dd951782c120923391f95cd5b85ad7d005cb3345926453d6f0ac14b	source_doc_config	problem2/当前实验结果.md
problem_versions/problem2/未对齐数据软注意力方案.md	6180	6f4df951614998dfbf2cf1fb9fb95aa1bd8bd02e1fa41b1984c1917b7a03f605	source_doc_config	problem2/未对齐数据软注意力方案.md
problem_versions/problem2/消融实验说明.md	9151	de8809216647d0bbfa0b4a8e092d347b745c036147c8e1c704f8c2f10bb9ee07	source_doc_config	problem2/消融实验说明.md
problem_versions/problem2/运行说明.md	14167	270ca9348c1a86595560aba0bfc2e537f7f82d61cc17e1729b2923f87b0e2b5e	source_doc_config	problem2/运行说明.md
problem_versions/problem2/问题二建模思路说明.md	7599	91ddb0bb87b16e288927558aa05413d4484d0db60765c9ef411c971ff35d3642	source_doc_config	problem2/问题二建模思路说明.md
problem_versions/problem2_retrain_v2/README.md	668	4a6e39d3ccf41ba11fecf33e0680f307558ad0c31574022e0f0e534e7551bdde	source_doc_config	problem2_retrain_v2/README.md
problem_versions/problem2_retrain_v2/RETRAIN_README.md	2815	98e5d178495816f2da337161b71cf18231bb03b31a03ee20e1119ff7b9e14f41	source_doc_config	problem2_retrain_v2/RETRAIN_README.md
problem_versions/problem2_retrain_v2/__init__.py	59	d747ccbeb049b1558f96e31b955560abeeb537c1c9e1487be5fbbb8d3adead78	source_doc_config	problem2_retrain_v2/__init__.py
problem_versions/problem2_retrain_v2/ablation.py	11772	9d5c96c17a661347b2bde5253d63a1036f7464527d2710e19176b036d077a768	source_doc_config	problem2_retrain_v2/ablation.py
problem_versions/problem2_retrain_v2/ablation_analysis.py	11240	2ac28165643a502f718e6e64ba14421567dd4fcf0d0b207ffa744631c7a8319a	source_doc_config	problem2_retrain_v2/ablation_analysis.py
problem_versions/problem2_retrain_v2/ablation_plots.py	11736	8d2e5f15978fe99ac8bbd808a86d1fe6b26853544d930a235bab0b0ad1207384	source_doc_config	problem2_retrain_v2/ablation_plots.py
problem_versions/problem2_retrain_v2/data.py	9953	8661f2c9a172a16aea2e394344d44ff656275d42b76a2ad9d5121db9b15e9147	source_doc_config	problem2_retrain_v2/data.py
problem_versions/problem2_retrain_v2/evaluation.py	2035	83436ea4dc5b77b37eb41e96b330c9834fcd71b3e532bd17861d7a297a0b1e44	source_doc_config	problem2_retrain_v2/evaluation.py
problem_versions/problem2_retrain_v2/experiments.py	20355	7d01575ff4f5782f3a04acad47c5f98d67f8a49a8012268f1377c77393e4e864	source_doc_config	problem2_retrain_v2/experiments.py
problem_versions/problem2_retrain_v2/figures/unaligned/retrain_v2_unaligned_modalgate_s2026/modality_alpha_mean.pdf	12435	bfeb53780bb014a02a072933fa6d32abfb10707490a60de5b21946b1b1bb76de	result_figure	problem2_retrain_v2/figures/unaligned/retrain_v2_unaligned_modalgate_s2026/modality_alpha_mean.pdf
problem_versions/problem2_retrain_v2/figures/unaligned/retrain_v2_unaligned_modalgate_s2026/modality_alpha_mean.png	40139	20aa09098c5179c50b4d404b2ef81bf66050024d3e2552c51dd7d92225307231	result_figure	problem2_retrain_v2/figures/unaligned/retrain_v2_unaligned_modalgate_s2026/modality_alpha_mean.png
problem_versions/problem2_retrain_v2/figures/unaligned/retrain_v2_unaligned_modalgate_s2026/modality_alpha_summary.json	291	24bdefaa90c4ddf2f29b762a6a12c60c6515f5bd0dfa979f67b89c3fe42d6270	result_summary	problem2_retrain_v2/figures/unaligned/retrain_v2_unaligned_modalgate_s2026/modality_alpha_summary.json
problem_versions/problem2_retrain_v2/figures/unaligned/retrain_v2_unaligned_modalgate_s2026/soft_alignment.pdf	235972	883ea581a43ccb7c37689970149d9f57fcf1929bec798b0933c1f3c14bca8619	result_figure	problem2_retrain_v2/figures/unaligned/retrain_v2_unaligned_modalgate_s2026/soft_alignment.pdf
problem_versions/problem2_retrain_v2/figures/unaligned/retrain_v2_unaligned_modalgate_s2026/soft_alignment.png	371282	e20c2a1258f27d25d64d801ea64baaf4c4cc630bf9a0d20d44d7ad71bf7dc93b	result_figure	problem2_retrain_v2/figures/unaligned/retrain_v2_unaligned_modalgate_s2026/soft_alignment.png
problem_versions/problem2_retrain_v2/figures/unaligned/retrain_v2_unaligned_modalgate_s2026/word_audio_windows.pdf	30155	7ac2dbeef73be8eecb364a1522b8922498797618feee09dd6fd9c6f53af24337	result_figure	problem2_retrain_v2/figures/unaligned/retrain_v2_unaligned_modalgate_s2026/word_audio_windows.pdf
problem_versions/problem2_retrain_v2/figures/unaligned/retrain_v2_unaligned_modalgate_s2026/word_audio_windows.png	292332	2306134797d6e866ad98d7ed40b4d66a61346c6e407b56e55848662b7d1068c1	result_figure	problem2_retrain_v2/figures/unaligned/retrain_v2_unaligned_modalgate_s2026/word_audio_windows.png
problem_versions/problem2_retrain_v2/figures/unaligned/retrain_v2_unaligned_modalgate_s2027_2030/modality_alpha_mean.pdf	12435	e746a437a6fc335459f8fb613d926e1cf966237a9b85ec92202fea5cf8eac464	result_figure	problem2_retrain_v2/figures/unaligned/retrain_v2_unaligned_modalgate_s2027_2030/modality_alpha_mean.pdf
problem_versions/problem2_retrain_v2/figures/unaligned/retrain_v2_unaligned_modalgate_s2027_2030/modality_alpha_mean.png	40139	e76b8f7c64592ccfa2c712a268d28f1a0363dd2781e9f954aef896c9cb1c24ef	result_figure	problem2_retrain_v2/figures/unaligned/retrain_v2_unaligned_modalgate_s2027_2030/modality_alpha_mean.png
problem_versions/problem2_retrain_v2/figures/unaligned/retrain_v2_unaligned_modalgate_s2027_2030/modality_alpha_summary.json	289	2f85a8c3afba6e6fda34215ffebf8e798365f4cae6cc779826322abdd55c018e	result_summary	problem2_retrain_v2/figures/unaligned/retrain_v2_unaligned_modalgate_s2027_2030/modality_alpha_summary.json
problem_versions/problem2_retrain_v2/figures/unaligned/retrain_v2_unaligned_modalgate_s2027_2030/soft_alignment.pdf	248658	66fcaf18f28d26f33243fe334ac9d20f3088d020a39cb2f03e10ec1aad0fc8eb	result_figure	problem2_retrain_v2/figures/unaligned/retrain_v2_unaligned_modalgate_s2027_2030/soft_alignment.pdf
problem_versions/problem2_retrain_v2/figures/unaligned/retrain_v2_unaligned_modalgate_s2027_2030/soft_alignment.png	379422	2686c28caf288ad3c6421f17e71eee8eab497cbe0590b3c02031eca85ea90b0a	result_figure	problem2_retrain_v2/figures/unaligned/retrain_v2_unaligned_modalgate_s2027_2030/soft_alignment.png
problem_versions/problem2_retrain_v2/figures/unaligned/retrain_v2_unaligned_modalgate_s2027_2030/word_audio_windows.pdf	30203	ab0faea06464d6fd8f63ae974ad86336aa1c10f75b30194533c6dbb09df7013c	result_figure	problem2_retrain_v2/figures/unaligned/retrain_v2_unaligned_modalgate_s2027_2030/word_audio_windows.pdf
problem_versions/problem2_retrain_v2/figures/unaligned/retrain_v2_unaligned_modalgate_s2027_2030/word_audio_windows.png	292086	df2c254aaef77358f42745c5e023545375998b835563a4deb7db55aa9ff8927b	result_figure	problem2_retrain_v2/figures/unaligned/retrain_v2_unaligned_modalgate_s2027_2030/word_audio_windows.png
problem_versions/problem2_retrain_v2/inference.py	14330	3d1172f5529fefb9b422361f53089f5b8b3d860cddf8e427d60dd537b330bc5a	source_doc_config	problem2_retrain_v2/inference.py
problem_versions/problem2_retrain_v2/local_missingness.py	4587	cf9c6e54772702ecf15d5b4b782e172b587ddc604202a90b72ddf4fdce05fefc	source_doc_config	problem2_retrain_v2/local_missingness.py
problem_versions/problem2_retrain_v2/model.py	22809	1a5114e744a764437bf455db15b172e160f9c5936f6678d162d91c8e32ba0dc6	source_doc_config	problem2_retrain_v2/model.py
problem_versions/problem2_retrain_v2/output_contract.py	768	f1b1e0d9794a3ab60df3da0db971eafcad81110c56b0d37b2f9f67b1982461e6	source_doc_config	problem2_retrain_v2/output_contract.py
problem_versions/problem2_retrain_v2/problem2.py	3020	ab17f5f05700ddefcc1a7a217a93cdaa734e66e4106da041d9084df371ba98e6	source_doc_config	problem2_retrain_v2/problem2.py
problem_versions/problem2_retrain_v2/results/aligned/ablations/f1_gate_component_ablation_five_seeds/figures/01_ablation.pdf	25394	cfe3278418a3f9c981724c160dfc0d040b167abe0e276d485d3b2b668c512395	result_figure	problem2_retrain_v2/results/aligned/ablations/f1_gate_component_ablation_five_seeds/figures/01_ablation.pdf
problem_versions/problem2_retrain_v2/results/aligned/ablations/f1_gate_component_ablation_five_seeds/figures/01_ablation.png	169013	68f143f2af9a939e1e69ce3cdddc60a043a3faa0fc13c64a630d795cf5a8409e	result_figure	problem2_retrain_v2/results/aligned/ablations/f1_gate_component_ablation_five_seeds/figures/01_ablation.png
problem_versions/problem2_retrain_v2/results/aligned/ablations/f1_gate_component_ablation_five_seeds/figures/02_robustness.pdf	33720	8c14ee2f0d0c3bb34923dfb64bd22f5a4ee1ab638a4767f9ecb165e19623c01f	result_figure	problem2_retrain_v2/results/aligned/ablations/f1_gate_component_ablation_five_seeds/figures/02_robustness.pdf
problem_versions/problem2_retrain_v2/results/aligned/ablations/f1_gate_component_ablation_five_seeds/figures/02_robustness.png	605106	735f4db3f5257d63f1cc9cbf933a01876e8f80833283b8e81ec1459f259aecd2	result_figure	problem2_retrain_v2/results/aligned/ablations/f1_gate_component_ablation_five_seeds/figures/02_robustness.png
problem_versions/problem2_retrain_v2/results/aligned/ablations/f1_gate_component_ablation_five_seeds/figures/03_location.pdf	25879	c2aa629d067951eeb932218d47706eca10d34383b8bf4861c741db284ae30265	result_figure	problem2_retrain_v2/results/aligned/ablations/f1_gate_component_ablation_five_seeds/figures/03_location.pdf
problem_versions/problem2_retrain_v2/results/aligned/ablations/f1_gate_component_ablation_five_seeds/figures/03_location.png	178283	5dafe8f2b33801b3c7444f407750f8b26ad7c1b3e0862472998a1758c92f2d4a	result_figure	problem2_retrain_v2/results/aligned/ablations/f1_gate_component_ablation_five_seeds/figures/03_location.png
problem_versions/problem2_retrain_v2/results/aligned/ablations/f1_gate_component_ablation_five_seeds/figures/04_stability.pdf	26267	c8a890691800a14d339b66ffa723ad814c70a69940dc58f6aef97e9426519496	result_figure	problem2_retrain_v2/results/aligned/ablations/f1_gate_component_ablation_five_seeds/figures/04_stability.pdf
problem_versions/problem2_retrain_v2/results/aligned/ablations/f1_gate_component_ablation_five_seeds/figures/04_stability.png	171019	73fb4391a24a1f1fbf41bd2f41f2b3e33efd3626c2f4e9359de20e8985fe3b17	result_figure	problem2_retrain_v2/results/aligned/ablations/f1_gate_component_ablation_five_seeds/figures/04_stability.png
problem_versions/problem2_retrain_v2/results/aligned/ablations/f1_gate_component_ablation_five_seeds/figures/05_reconstruction.pdf	54453	662271361c3064dc7f682b27900223c5cf5b8c5811c6f56f533afc454c4d03c2	result_figure	problem2_retrain_v2/results/aligned/ablations/f1_gate_component_ablation_five_seeds/figures/05_reconstruction.pdf
problem_versions/problem2_retrain_v2/results/aligned/ablations/f1_gate_component_ablation_five_seeds/figures/05_reconstruction.png	310532	dfebabe690a111652f6c8a8ee0187e84dca8fd338f9add00b8d25bde2de768bd	result_figure	problem2_retrain_v2/results/aligned/ablations/f1_gate_component_ablation_five_seeds/figures/05_reconstruction.png
problem_versions/problem2_retrain_v2/results/aligned/ablations/f1_gate_component_ablation_five_seeds/metrics.csv	355236	973352c2c96556ccdb6845f2d5be11f5ee814f77ab4ccdc142153448df6f707b	result_summary	problem2_retrain_v2/results/aligned/ablations/f1_gate_component_ablation_five_seeds/metrics.csv
problem_versions/problem2_retrain_v2/results/aligned/ablations/f1_gate_component_ablation_five_seeds/primary_summary.csv	1557	0932b451669241c97e764b1a1791c252990ed3f9ffe990132f2a1b92de062fe6	result_summary	problem2_retrain_v2/results/aligned/ablations/f1_gate_component_ablation_five_seeds/primary_summary.csv
problem_versions/problem2_retrain_v2/results/aligned/ablations/f1_gate_component_ablation_five_seeds/reconstruction.csv	451366	9e70684e60d9074d0d8078a17828b88e34f10eb01bdb889b33ab4dd3fb1a4c4a	result_summary	problem2_retrain_v2/results/aligned/ablations/f1_gate_component_ablation_five_seeds/reconstruction.csv
problem_versions/problem2_retrain_v2/results/aligned/ablations/f1_gate_component_ablation_five_seeds/runs/B0_seed2026/analysis_done.json	97	90a246f5812eed846fee0d0030ce57a6bb15aefca2812a6552c380976d4eb480	result_summary	problem2_retrain_v2/results/aligned/ablations/f1_gate_component_ablation_five_seeds/runs/B0_seed2026/analysis_done.json
problem_versions/problem2_retrain_v2/results/aligned/ablations/f1_gate_component_ablation_five_seeds/runs/B0_seed2026/metrics.csv	14359	e9251aea1131d30c0390fd040cdcaea68b0a6f3dd6752101715cca038fddd24b	result_summary	problem2_retrain_v2/results/aligned/ablations/f1_gate_component_ablation_five_seeds/runs/B0_seed2026/metrics.csv
problem_versions/problem2_retrain_v2/results/aligned/ablations/f1_gate_component_ablation_five_seeds/runs/B0_seed2026/reconstruction.csv	22492	6fef49a5b825544c7b7ded3f06e48971d12d6c8b6aeb654ef0660569f3b0e782	result_summary	problem2_retrain_v2/results/aligned/ablations/f1_gate_component_ablation_five_seeds/runs/B0_seed2026/reconstruction.csv
problem_versions/problem2_retrain_v2/results/aligned/ablations/f1_gate_component_ablation_five_seeds/runs/B0_seed2026/stability.csv	6953	32c2c8777367694b16552191db3d9a9f80e72dce1eca7a0f42049e72508a160e	result_summary	problem2_retrain_v2/results/aligned/ablations/f1_gate_component_ablation_five_seeds/runs/B0_seed2026/stability.csv
problem_versions/problem2_retrain_v2/results/aligned/ablations/f1_gate_component_ablation_five_seeds/runs/B0_seed2026/summary.json	1629	2153e467cbf5f7c68f21dc41cd12b2bd9867e0017fa704b7821058638b54a947	result_summary	problem2_retrain_v2/results/aligned/ablations/f1_gate_component_ablation_five_seeds/runs/B0_seed2026/summary.json
problem_versions/problem2_retrain_v2/results/aligned/ablations/f1_gate_component_ablation_five_seeds/runs/B0_seed2027/analysis_done.json	97	70f402e26a36dcb18b50615d1ba61d088bcec5d63107dbff12f014e8651be8bd	result_summary	problem2_retrain_v2/results/aligned/ablations/f1_gate_component_ablation_five_seeds/runs/B0_seed2027/analysis_done.json
problem_versions/problem2_retrain_v2/results/aligned/ablations/f1_gate_component_ablation_five_seeds/runs/B0_seed2027/metrics.csv	14431	1375ecd78f37b09f0008320de8784ee5ebdaad7f7591278dc5dffe4850d284a1	result_summary	problem2_retrain_v2/results/aligned/ablations/f1_gate_component_ablation_five_seeds/runs/B0_seed2027/metrics.csv
problem_versions/problem2_retrain_v2/results/aligned/ablations/f1_gate_component_ablation_five_seeds/runs/B0_seed2027/reconstruction.csv	22485	ad2a32d73671771a609e1f785d6d6225f6ad35b4e74cf0cca4cd14bfbaa373fb	result_summary	problem2_retrain_v2/results/aligned/ablations/f1_gate_component_ablation_five_seeds/runs/B0_seed2027/reconstruction.csv
problem_versions/problem2_retrain_v2/results/aligned/ablations/f1_gate_component_ablation_five_seeds/runs/B0_seed2027/stability.csv	6880	206c70c8ad066a76fd5bb7ebbade4ebe49d9de91553fcea603a1c9dc86e79aa7	result_summary	problem2_retrain_v2/results/aligned/ablations/f1_gate_component_ablation_five_seeds/runs/B0_seed2027/stability.csv
problem_versions/problem2_retrain_v2/results/aligned/ablations/f1_gate_component_ablation_five_seeds/runs/B0_seed2027/summary.json	1626	15f986ef42fbb311d9dd56a7eceeece6cf5b132ca60dbb2a3a7bb01cf6fc6ab2	result_summary	problem2_retrain_v2/results/aligned/ablations/f1_gate_component_ablation_five_seeds/runs/B0_seed2027/summary.json
problem_versions/problem2_retrain_v2/results/aligned/ablations/f1_gate_component_ablation_five_seeds/runs/B0_seed2028/analysis_done.json	97	2acb7016a8197a76d310cf3b025303764b41e5a52c143e5d8c995368ca02ae9c	result_summary	problem2_retrain_v2/results/aligned/ablations/f1_gate_component_ablation_five_seeds/runs/B0_seed2028/analysis_done.json
problem_versions/problem2_retrain_v2/results/aligned/ablations/f1_gate_component_ablation_five_seeds/runs/B0_seed2028/metrics.csv	14501	d93769e3482f6643d36b2be1f8f235aac24650bb04bf22c3a2a3e230984610a5	result_summary	problem2_retrain_v2/results/aligned/ablations/f1_gate_component_ablation_five_seeds/runs/B0_seed2028/metrics.csv
problem_versions/problem2_retrain_v2/results/aligned/ablations/f1_gate_component_ablation_five_seeds/runs/B0_seed2028/reconstruction.csv	22463	31ab91d908a5c51ef616b4386eb7bb9c22ab051abab988be6df501966e3ef55d	result_summary	problem2_retrain_v2/results/aligned/ablations/f1_gate_component_ablation_five_seeds/runs/B0_seed2028/reconstruction.csv
problem_versions/problem2_retrain_v2/results/aligned/ablations/f1_gate_component_ablation_five_seeds/runs/B0_seed2028/stability.csv	6390	3156b39a1652c9aca2111c03189c1ac64c3df28e9768f75ed63accab28be9309	result_summary	problem2_retrain_v2/results/aligned/ablations/f1_gate_component_ablation_five_seeds/runs/B0_seed2028/stability.csv
problem_versions/problem2_retrain_v2/results/aligned/ablations/f1_gate_component_ablation_five_seeds/runs/B0_seed2028/summary.json	1603	5089cb123d06aef692f294d79f795e1f71a731bc1985f19cc7dcc09482c977e9	result_summary	problem2_retrain_v2/results/aligned/ablations/f1_gate_component_ablation_five_seeds/runs/B0_seed2028/summary.json
problem_versions/problem2_retrain_v2/results/aligned/ablations/f1_gate_component_ablation_five_seeds/runs/B0_seed2029/analysis_done.json	97	b539e53078d0a78c0fb073e5a46496b42cee03e14ab57acdda21513f8ced846e	result_summary	problem2_retrain_v2/results/aligned/ablations/f1_gate_component_ablation_five_seeds/runs/B0_seed2029/analysis_done.json
problem_versions/problem2_retrain_v2/results/aligned/ablations/f1_gate_component_ablation_five_seeds/runs/B0_seed2029/metrics.csv	14336	5899cf0d44f442ba8ad380e63f0a1f9cf54b39f31f853aeef0f05ce0f9abb760	result_summary	problem2_retrain_v2/results/aligned/ablations/f1_gate_component_ablation_five_seeds/runs/B0_seed2029/metrics.csv
problem_versions/problem2_retrain_v2/results/aligned/ablations/f1_gate_component_ablation_five_seeds/runs/B0_seed2029/reconstruction.csv	22522	78fdb7d903690a9648fc0234384432de6b955de076138840c844a8b564232ef2	result_summary	problem2_retrain_v2/results/aligned/ablations/f1_gate_component_ablation_five_seeds/runs/B0_seed2029/reconstruction.csv
problem_versions/problem2_retrain_v2/results/aligned/ablations/f1_gate_component_ablation_five_seeds/runs/B0_seed2029/stability.csv	6936	4d3cbc6e665f9736b88b0d1688f6c8b292cb3bae5b8a3de20ee73e60c0e14dd4	result_summary	problem2_retrain_v2/results/aligned/ablations/f1_gate_component_ablation_five_seeds/runs/B0_seed2029/stability.csv
problem_versions/problem2_retrain_v2/results/aligned/ablations/f1_gate_component_ablation_five_seeds/runs/B0_seed2029/summary.json	1631	c1c869e42096168cfaf5e081f97da707abb66b413d0f2e9badb3fba8cfef864a	result_summary	problem2_retrain_v2/results/aligned/ablations/f1_gate_component_ablation_five_seeds/runs/B0_seed2029/summary.json
problem_versions/problem2_retrain_v2/results/aligned/ablations/f1_gate_component_ablation_five_seeds/runs/B0_seed2030/analysis_done.json	97	ca3f38dbc2da06ebd84035526ae26dfcb158a842aee2e720c2b0c9a755e06f7e	result_summary	problem2_retrain_v2/results/aligned/ablations/f1_gate_component_ablation_five_seeds/runs/B0_seed2030/analysis_done.json
problem_versions/problem2_retrain_v2/results/aligned/ablations/f1_gate_component_ablation_five_seeds/runs/B0_seed2030/metrics.csv	14398	557f14f4c76315c26ddabc8dee55ddab8fbfd3c5ebedc8da5c974c61bfdd38b9	result_summary	problem2_retrain_v2/results/aligned/ablations/f1_gate_component_ablation_five_seeds/runs/B0_seed2030/metrics.csv
problem_versions/problem2_retrain_v2/results/aligned/ablations/f1_gate_component_ablation_five_seeds/runs/B0_seed2030/reconstruction.csv	22489	5b6aa53a1ce80a97163d0001b042b36535a9e240c890fa129961207dd2820257	result_summary	problem2_retrain_v2/results/aligned/ablations/f1_gate_component_ablation_five_seeds/runs/B0_seed2030/reconstruction.csv
problem_versions/problem2_retrain_v2/results/aligned/ablations/f1_gate_component_ablation_five_seeds/runs/B0_seed2030/stability.csv	6889	685bd377831178bb3d202bc63f6a3a0a105cb1bc4fd1d2ae932f448e250b582a	result_summary	problem2_retrain_v2/results/aligned/ablations/f1_gate_component_ablation_five_seeds/runs/B0_seed2030/stability.csv
problem_versions/problem2_retrain_v2/results/aligned/ablations/f1_gate_component_ablation_five_seeds/runs/B0_seed2030/summary.json	1644	fc9e3962c4f77e86a849bd1677bc7e58a2716b4eb8694ebd6bb4a791514d9143	result_summary	problem2_retrain_v2/results/aligned/ablations/f1_gate_component_ablation_five_seeds/runs/B0_seed2030/summary.json
problem_versions/problem2_retrain_v2/results/aligned/ablations/f1_gate_component_ablation_five_seeds/runs/noB_seed2026/analysis_done.json	98	aef3b57ba50640a067eb413542178bad3f406cf2ac40e235bd1dbb5170fe9fb3	result_summary	problem2_retrain_v2/results/aligned/ablations/f1_gate_component_ablation_five_seeds/runs/noB_seed2026/analysis_done.json
problem_versions/problem2_retrain_v2/results/aligned/ablations/f1_gate_component_ablation_five_seeds/runs/noB_seed2026/metrics.csv	14441	0b2eb7d75affa1eabe2afa8c1e5bd8917fe5f1cb1404c71b8cd93f1b2ee5c81e	result_summary	problem2_retrain_v2/results/aligned/ablations/f1_gate_component_ablation_five_seeds/runs/noB_seed2026/metrics.csv
problem_versions/problem2_retrain_v2/results/aligned/ablations/f1_gate_component_ablation_five_seeds/runs/noB_seed2026/reconstruction.csv	22736	fc5c53f5db742bd69d42b2d46e51256fce8b34896e121a5e47832e19712aade7	result_summary	problem2_retrain_v2/results/aligned/ablations/f1_gate_component_ablation_five_seeds/runs/noB_seed2026/reconstruction.csv
problem_versions/problem2_retrain_v2/results/aligned/ablations/f1_gate_component_ablation_five_seeds/runs/noB_seed2026/stability.csv	7033	ac474fb1e33093f39236deb4ff414656b539f278d6e190e004ee9bb81563df2b	result_summary	problem2_retrain_v2/results/aligned/ablations/f1_gate_component_ablation_five_seeds/runs/noB_seed2026/stability.csv
problem_versions/problem2_retrain_v2/results/aligned/ablations/f1_gate_component_ablation_five_seeds/runs/noB_seed2026/summary.json	1631	1425e8284a41e85d6362d759608562393d818dbb49e10d0c15a691c9bfeb252d	result_summary	problem2_retrain_v2/results/aligned/ablations/f1_gate_component_ablation_five_seeds/runs/noB_seed2026/summary.json
problem_versions/problem2_retrain_v2/results/aligned/ablations/f1_gate_component_ablation_five_seeds/runs/noB_seed2027/analysis_done.json	98	de0dd68e2434cdd266f5eb7f310265d9e74764d83b58019d9d3735d23a24436b	result_summary	problem2_retrain_v2/results/aligned/ablations/f1_gate_component_ablation_five_seeds/runs/noB_seed2027/analysis_done.json
problem_versions/problem2_retrain_v2/results/aligned/ablations/f1_gate_component_ablation_five_seeds/runs/noB_seed2027/metrics.csv	14418	ba3ce66bf39ffe85c68b94e605897bdeee6e82f445602d4dc484c072d1a93cce	result_summary	problem2_retrain_v2/results/aligned/ablations/f1_gate_component_ablation_five_seeds/runs/noB_seed2027/metrics.csv
problem_versions/problem2_retrain_v2/results/aligned/ablations/f1_gate_component_ablation_five_seeds/runs/noB_seed2027/reconstruction.csv	22715	b35e184193dadb11133b07e448c6598a54b342130596bf5f74e41722369bb1cc	result_summary	problem2_retrain_v2/results/aligned/ablations/f1_gate_component_ablation_five_seeds/runs/noB_seed2027/reconstruction.csv
problem_versions/problem2_retrain_v2/results/aligned/ablations/f1_gate_component_ablation_five_seeds/runs/noB_seed2027/stability.csv	7029	e593931417ef10d92d4c14502cc7cbec20837e1c786c00d4da24ed53931a2258	result_summary	problem2_retrain_v2/results/aligned/ablations/f1_gate_component_ablation_five_seeds/runs/noB_seed2027/stability.csv
problem_versions/problem2_retrain_v2/results/aligned/ablations/f1_gate_component_ablation_five_seeds/runs/noB_seed2027/summary.json	1633	c25691b191e5c208f9529016feac844b8c406592020f4df9a5a45c005f1a10b1	result_summary	problem2_retrain_v2/results/aligned/ablations/f1_gate_component_ablation_five_seeds/runs/noB_seed2027/summary.json
problem_versions/problem2_retrain_v2/results/aligned/ablations/f1_gate_component_ablation_five_seeds/runs/noB_seed2028/analysis_done.json	98	928d085726e1b097aab4a1d65962b84e0e92acb701edcdb8cecb1438be28d3df	result_summary	problem2_retrain_v2/results/aligned/ablations/f1_gate_component_ablation_five_seeds/runs/noB_seed2028/analysis_done.json
problem_versions/problem2_retrain_v2/results/aligned/ablations/f1_gate_component_ablation_five_seeds/runs/noB_seed2028/metrics.csv	14576	3f7d72268a68db2f038ab940b54fb5e63c43aeafa97049170c986857917fa5df	result_summary	problem2_retrain_v2/results/aligned/ablations/f1_gate_component_ablation_five_seeds/runs/noB_seed2028/metrics.csv
problem_versions/problem2_retrain_v2/results/aligned/ablations/f1_gate_component_ablation_five_seeds/runs/noB_seed2028/reconstruction.csv	22702	e48735ef4a03442f2448447a2a7c6f1043275f7a48c77a5c26a32b6e9afe003e	result_summary	problem2_retrain_v2/results/aligned/ablations/f1_gate_component_ablation_five_seeds/runs/noB_seed2028/reconstruction.csv
problem_versions/problem2_retrain_v2/results/aligned/ablations/f1_gate_component_ablation_five_seeds/runs/noB_seed2028/stability.csv	6976	228616994551af904933b9b76d2e865aebe2e5426cd2a5d21fc5699c0c1fea45	result_summary	problem2_retrain_v2/results/aligned/ablations/f1_gate_component_ablation_five_seeds/runs/noB_seed2028/stability.csv
problem_versions/problem2_retrain_v2/results/aligned/ablations/f1_gate_component_ablation_five_seeds/runs/noB_seed2028/summary.json	1631	3d5787ef4c1d0da8ebe4d179786db1f8c836333bfa4a2958d1fb3a2570af45f4	result_summary	problem2_retrain_v2/results/aligned/ablations/f1_gate_component_ablation_five_seeds/runs/noB_seed2028/summary.json
problem_versions/problem2_retrain_v2/results/aligned/ablations/f1_gate_component_ablation_five_seeds/runs/noB_seed2029/analysis_done.json	98	66fb27bbcc86ac8c7a37661d42725c5dfcd5fb9a0fb60ba0f42cbc1beee0278f	result_summary	problem2_retrain_v2/results/aligned/ablations/f1_gate_component_ablation_five_seeds/runs/noB_seed2029/analysis_done.json
problem_versions/problem2_retrain_v2/results/aligned/ablations/f1_gate_component_ablation_five_seeds/runs/noB_seed2029/metrics.csv	14573	1f3a805240fd3041f59f6dff2afe532668109fc4b78bc49a3f12347ee5214842	result_summary	problem2_retrain_v2/results/aligned/ablations/f1_gate_component_ablation_five_seeds/runs/noB_seed2029/metrics.csv
problem_versions/problem2_retrain_v2/results/aligned/ablations/f1_gate_component_ablation_five_seeds/runs/noB_seed2029/reconstruction.csv	22717	d5fe6eb13f85ee2ff4a35aba0d227a4b8f71bfd135dda331f877c27d766ab011	result_summary	problem2_retrain_v2/results/aligned/ablations/f1_gate_component_ablation_five_seeds/runs/noB_seed2029/reconstruction.csv
problem_versions/problem2_retrain_v2/results/aligned/ablations/f1_gate_component_ablation_five_seeds/runs/noB_seed2029/stability.csv	7019	ab61d7087b832e3d494a1699f55d9ae2acc9c985ced32baf813fad124e311d2c	result_summary	problem2_retrain_v2/results/aligned/ablations/f1_gate_component_ablation_five_seeds/runs/noB_seed2029/stability.csv
problem_versions/problem2_retrain_v2/results/aligned/ablations/f1_gate_component_ablation_five_seeds/runs/noB_seed2029/summary.json	1631	1d28a7f7fa8dafaf1de4047dbeb67daf2461a95ab4bd1e788644a70ae7e642f8	result_summary	problem2_retrain_v2/results/aligned/ablations/f1_gate_component_ablation_five_seeds/runs/noB_seed2029/summary.json
problem_versions/problem2_retrain_v2/results/aligned/ablations/f1_gate_component_ablation_five_seeds/runs/noB_seed2030/analysis_done.json	98	17c73aa3ebf2236d431f7b7714c3546d9cee33505b9143671e399787370e86e8	result_summary	problem2_retrain_v2/results/aligned/ablations/f1_gate_component_ablation_five_seeds/runs/noB_seed2030/analysis_done.json
problem_versions/problem2_retrain_v2/results/aligned/ablations/f1_gate_component_ablation_five_seeds/runs/noB_seed2030/metrics.csv	14528	4847a6ed92c13c5aab66f16d5d819dcd14a2c8c57dec9ed4274e9ce409ac89de	result_summary	problem2_retrain_v2/results/aligned/ablations/f1_gate_component_ablation_five_seeds/runs/noB_seed2030/metrics.csv
problem_versions/problem2_retrain_v2/results/aligned/ablations/f1_gate_component_ablation_five_seeds/runs/noB_seed2030/reconstruction.csv	22680	23b38a4738a429c384659747e2d189106ed4cc12b83db22d2861845cdaa984cc	result_summary	problem2_retrain_v2/results/aligned/ablations/f1_gate_component_ablation_five_seeds/runs/noB_seed2030/reconstruction.csv
problem_versions/problem2_retrain_v2/results/aligned/ablations/f1_gate_component_ablation_five_seeds/runs/noB_seed2030/stability.csv	6799	835fa295e8e4e3259788391b2fe0660e3d710f1bf32a7f5593ac59ec33734fd5	result_summary	problem2_retrain_v2/results/aligned/ablations/f1_gate_component_ablation_five_seeds/runs/noB_seed2030/stability.csv
problem_versions/problem2_retrain_v2/results/aligned/ablations/f1_gate_component_ablation_five_seeds/runs/noB_seed2030/summary.json	1632	40e2e79df810904347e771772ecdc9be5f6e56792411b1bd065a43523d680f3d	result_summary	problem2_retrain_v2/results/aligned/ablations/f1_gate_component_ablation_five_seeds/runs/noB_seed2030/summary.json
problem_versions/problem2_retrain_v2/results/aligned/ablations/f1_gate_component_ablation_five_seeds/runs/noBeta_seed2026/analysis_done.json	101	862c0d6ba8e573f6cb88eed66814d9ba6b60083e0eab80a7b8b362e2739e4c54	result_summary	problem2_retrain_v2/results/aligned/ablations/f1_gate_component_ablation_five_seeds/runs/noBeta_seed2026/analysis_done.json
problem_versions/problem2_retrain_v2/results/aligned/ablations/f1_gate_component_ablation_five_seeds/runs/noBeta_seed2026/metrics.csv	14542	ca5a946ad8d5a1a3f893a157b8a1237a0fe64df85de98fbbacc25aaed9c60223	result_summary	problem2_retrain_v2/results/aligned/ablations/f1_gate_component_ablation_five_seeds/runs/noBeta_seed2026/metrics.csv
problem_versions/problem2_retrain_v2/results/aligned/ablations/f1_gate_component_ablation_five_seeds/runs/noBeta_seed2026/reconstruction.csv	23368	fa1568af8c748d6200195510d94eeb51c3c287dd6ca2266f2f74035cf9219e1f	result_summary	problem2_retrain_v2/results/aligned/ablations/f1_gate_component_ablation_five_seeds/runs/noBeta_seed2026/reconstruction.csv
problem_versions/problem2_retrain_v2/results/aligned/ablations/f1_gate_component_ablation_five_seeds/runs/noBeta_seed2026/stability.csv	7269	262e3a485bc8ab74fb2260adf295aa8059ba0c01e91c65ac0106a5b361ef35c6	result_summary	problem2_retrain_v2/results/aligned/ablations/f1_gate_component_ablation_five_seeds/runs/noBeta_seed2026/stability.csv
problem_versions/problem2_retrain_v2/results/aligned/ablations/f1_gate_component_ablation_five_seeds/runs/noBeta_seed2026/summary.json	1575	45d30d11310e372c4872424277c4f91d63fce6703e81138e32e6a07b0f74e6e4	result_summary	problem2_retrain_v2/results/aligned/ablations/f1_gate_component_ablation_five_seeds/runs/noBeta_seed2026/summary.json
problem_versions/problem2_retrain_v2/results/aligned/ablations/f1_gate_component_ablation_five_seeds/runs/noBeta_seed2027/analysis_done.json	101	75a64ef5093bbcca759810eae9d8aeaeed979458795d244eb40cc2016454b013	result_summary	problem2_retrain_v2/results/aligned/ablations/f1_gate_component_ablation_five_seeds/runs/noBeta_seed2027/analysis_done.json
problem_versions/problem2_retrain_v2/results/aligned/ablations/f1_gate_component_ablation_five_seeds/runs/noBeta_seed2027/metrics.csv	14799	e8a5d7fd5ec9bf03d75cb5cef8beb1bf450f112d33854f2089c8571fad61b757	result_summary	problem2_retrain_v2/results/aligned/ablations/f1_gate_component_ablation_five_seeds/runs/noBeta_seed2027/metrics.csv
problem_versions/problem2_retrain_v2/results/aligned/ablations/f1_gate_component_ablation_five_seeds/runs/noBeta_seed2027/reconstruction.csv	23382	339496e6a13651df5b11d8d7d4366fe62050c35fc4ac2428f1d5947ce2e3baab	result_summary	problem2_retrain_v2/results/aligned/ablations/f1_gate_component_ablation_five_seeds/runs/noBeta_seed2027/reconstruction.csv
problem_versions/problem2_retrain_v2/results/aligned/ablations/f1_gate_component_ablation_five_seeds/runs/noBeta_seed2027/stability.csv	7163	632d33ebd1618f5678de55b31747350f3750b9117d1efc17ae5d65a10eb441a1	result_summary	problem2_retrain_v2/results/aligned/ablations/f1_gate_component_ablation_five_seeds/runs/noBeta_seed2027/stability.csv
problem_versions/problem2_retrain_v2/results/aligned/ablations/f1_gate_component_ablation_five_seeds/runs/noBeta_seed2027/summary.json	1593	3ec1e54252625bbdb62a35b519c62449a23e0960e9b7736063cd64393fac7037	result_summary	problem2_retrain_v2/results/aligned/ablations/f1_gate_component_ablation_five_seeds/runs/noBeta_seed2027/summary.json
problem_versions/problem2_retrain_v2/results/aligned/ablations/f1_gate_component_ablation_five_seeds/runs/noBeta_seed2028/analysis_done.json	101	f9ff60c789323b90a69c4104556a9b6faa0654090368a42d62627c7295f4edc8	result_summary	problem2_retrain_v2/results/aligned/ablations/f1_gate_component_ablation_five_seeds/runs/noBeta_seed2028/analysis_done.json
problem_versions/problem2_retrain_v2/results/aligned/ablations/f1_gate_component_ablation_five_seeds/runs/noBeta_seed2028/metrics.csv	14577	77fdac042e522810e0209cb252150b028a0f8765635043c459c391c293f77f1b	result_summary	problem2_retrain_v2/results/aligned/ablations/f1_gate_component_ablation_five_seeds/runs/noBeta_seed2028/metrics.csv
problem_versions/problem2_retrain_v2/results/aligned/ablations/f1_gate_component_ablation_five_seeds/runs/noBeta_seed2028/reconstruction.csv	23360	5c9a9fb57721b0b1e34c12b7aff6ecde433153b6fa84e2cc40a5b3be268004b8	result_summary	problem2_retrain_v2/results/aligned/ablations/f1_gate_component_ablation_five_seeds/runs/noBeta_seed2028/reconstruction.csv
problem_versions/problem2_retrain_v2/results/aligned/ablations/f1_gate_component_ablation_five_seeds/runs/noBeta_seed2028/stability.csv	7149	59c15a18c30be93b2f4524f93a2a32c9962acfd6ace0dcd4f531a79622c4a7b5	result_summary	problem2_retrain_v2/results/aligned/ablations/f1_gate_component_ablation_five_seeds/runs/noBeta_seed2028/stability.csv
problem_versions/problem2_retrain_v2/results/aligned/ablations/f1_gate_component_ablation_five_seeds/runs/noBeta_seed2028/summary.json	1592	59946f578037fb416107eb776ace9cd49067af274526c71678c1ee61315d4b9e	result_summary	problem2_retrain_v2/results/aligned/ablations/f1_gate_component_ablation_five_seeds/runs/noBeta_seed2028/summary.json
problem_versions/problem2_retrain_v2/results/aligned/ablations/f1_gate_component_ablation_five_seeds/runs/noBeta_seed2029/analysis_done.json	101	205ce73826cc4dab0afeb0356bb22663182ae1c4f1767ed7e02746a3c11d96d2	result_summary	problem2_retrain_v2/results/aligned/ablations/f1_gate_component_ablation_five_seeds/runs/noBeta_seed2029/analysis_done.json
problem_versions/problem2_retrain_v2/results/aligned/ablations/f1_gate_component_ablation_five_seeds/runs/noBeta_seed2029/metrics.csv	14527	b670b36f76fabcdfc104279538cbf3767bc53036a7e9c5ab4203bbe3b48d4dda	result_summary	problem2_retrain_v2/results/aligned/ablations/f1_gate_component_ablation_five_seeds/runs/noBeta_seed2029/metrics.csv
problem_versions/problem2_retrain_v2/results/aligned/ablations/f1_gate_component_ablation_five_seeds/runs/noBeta_seed2029/reconstruction.csv	23358	77a70012707876bea6e840654ad4798b4e3342ffc01769b04122e83038d47709	result_summary	problem2_retrain_v2/results/aligned/ablations/f1_gate_component_ablation_five_seeds/runs/noBeta_seed2029/reconstruction.csv
problem_versions/problem2_retrain_v2/results/aligned/ablations/f1_gate_component_ablation_five_seeds/runs/noBeta_seed2029/stability.csv	7286	9e745f0e9390fb660327ab325d40d1f5d137ee16af5e5553ade401fd13f22b96	result_summary	problem2_retrain_v2/results/aligned/ablations/f1_gate_component_ablation_five_seeds/runs/noBeta_seed2029/stability.csv
problem_versions/problem2_retrain_v2/results/aligned/ablations/f1_gate_component_ablation_five_seeds/runs/noBeta_seed2029/summary.json	1579	929d7c185ce6dca3e0b3ff4a5f86aed9b632510f74154d87bcdea771183b93f8	result_summary	problem2_retrain_v2/results/aligned/ablations/f1_gate_component_ablation_five_seeds/runs/noBeta_seed2029/summary.json
problem_versions/problem2_retrain_v2/results/aligned/ablations/f1_gate_component_ablation_five_seeds/runs/noBeta_seed2030/analysis_done.json	101	a71e4d7e3a12e8415699effd9409f530fc7c9f4231c891988a581336c4be134a	result_summary	problem2_retrain_v2/results/aligned/ablations/f1_gate_component_ablation_five_seeds/runs/noBeta_seed2030/analysis_done.json
problem_versions/problem2_retrain_v2/results/aligned/ablations/f1_gate_component_ablation_five_seeds/runs/noBeta_seed2030/metrics.csv	14619	09ea2a964610cb234beda6cfac7040d6e7479cac47c1e8f6ad83880d284c4ba9	result_summary	problem2_retrain_v2/results/aligned/ablations/f1_gate_component_ablation_five_seeds/runs/noBeta_seed2030/metrics.csv
problem_versions/problem2_retrain_v2/results/aligned/ablations/f1_gate_component_ablation_five_seeds/runs/noBeta_seed2030/reconstruction.csv	23340	d8272b83618330bced1c33db02f90af3c7aa89cc6adee6b3833a113509a36c3e	result_summary	problem2_retrain_v2/results/aligned/ablations/f1_gate_component_ablation_five_seeds/runs/noBeta_seed2030/reconstruction.csv
problem_versions/problem2_retrain_v2/results/aligned/ablations/f1_gate_component_ablation_five_seeds/runs/noBeta_seed2030/stability.csv	7254	e33e19a5b3a1eb000ac0efacee9b183529a613d2d1bfa173c411ed690774102c	result_summary	problem2_retrain_v2/results/aligned/ablations/f1_gate_component_ablation_five_seeds/runs/noBeta_seed2030/stability.csv
problem_versions/problem2_retrain_v2/results/aligned/ablations/f1_gate_component_ablation_five_seeds/runs/noBeta_seed2030/summary.json	1590	434d5843ed2ff89a0c3e50d16460513c4ed2041accadeded4bdb6be70a60ef26	result_summary	problem2_retrain_v2/results/aligned/ablations/f1_gate_component_ablation_five_seeds/runs/noBeta_seed2030/summary.json
problem_versions/problem2_retrain_v2/results/aligned/ablations/f1_gate_component_ablation_five_seeds/runs/noC_seed2026/analysis_done.json	98	f21898a13c7a9e1758395f9fe4a56209310cb5e97989a5e38376f255e1d010e1	result_summary	problem2_retrain_v2/results/aligned/ablations/f1_gate_component_ablation_five_seeds/runs/noC_seed2026/analysis_done.json
problem_versions/problem2_retrain_v2/results/aligned/ablations/f1_gate_component_ablation_five_seeds/runs/noC_seed2026/metrics.csv	14220	337ff5fac8eec0b014fbce3ac22dc30c8d5baf6e072bce3362450c7012d7496c	result_summary	problem2_retrain_v2/results/aligned/ablations/f1_gate_component_ablation_five_seeds/runs/noC_seed2026/metrics.csv
problem_versions/problem2_retrain_v2/results/aligned/ablations/f1_gate_component_ablation_five_seeds/runs/noC_seed2026/stability.csv	7020	72e4a92329737f3fe752cd0f2edf774e742805a74774e5d45d70d8befa042027	result_summary	problem2_retrain_v2/results/aligned/ablations/f1_gate_component_ablation_five_seeds/runs/noC_seed2026/stability.csv
problem_versions/problem2_retrain_v2/results/aligned/ablations/f1_gate_component_ablation_five_seeds/runs/noC_seed2026/summary.json	1646	72e19dafdf5a171a8c100914f547e561df61c64d7e582eef638837df8bccf155	result_summary	problem2_retrain_v2/results/aligned/ablations/f1_gate_component_ablation_five_seeds/runs/noC_seed2026/summary.json
problem_versions/problem2_retrain_v2/results/aligned/ablations/f1_gate_component_ablation_five_seeds/runs/noC_seed2027/analysis_done.json	98	50aecc59376c4c1aa06429d16e6d07bde81dce6a15ef21fd6a1dea4215ac7167	result_summary	problem2_retrain_v2/results/aligned/ablations/f1_gate_component_ablation_five_seeds/runs/noC_seed2027/analysis_done.json
problem_versions/problem2_retrain_v2/results/aligned/ablations/f1_gate_component_ablation_five_seeds/runs/noC_seed2027/metrics.csv	14488	045057f84fd720494270d83642d2a23bbdfe6da94b33165e612cf2ed3dec5cdd	result_summary	problem2_retrain_v2/results/aligned/ablations/f1_gate_component_ablation_five_seeds/runs/noC_seed2027/metrics.csv
problem_versions/problem2_retrain_v2/results/aligned/ablations/f1_gate_component_ablation_five_seeds/runs/noC_seed2027/stability.csv	6923	5dc04b0b79188486179c4d65f375166eb882311b5e7d55e3579f4a375adda757	result_summary	problem2_retrain_v2/results/aligned/ablations/f1_gate_component_ablation_five_seeds/runs/noC_seed2027/stability.csv
problem_versions/problem2_retrain_v2/results/aligned/ablations/f1_gate_component_ablation_five_seeds/runs/noC_seed2027/summary.json	1633	18ac84a1935414ef47b51030d2d1b42d5a8cb514ac3645b245e42e0e12fe1e14	result_summary	problem2_retrain_v2/results/aligned/ablations/f1_gate_component_ablation_five_seeds/runs/noC_seed2027/summary.json
problem_versions/problem2_retrain_v2/results/aligned/ablations/f1_gate_component_ablation_five_seeds/runs/noC_seed2028/analysis_done.json	98	b6f50602891eb31a43aab02eaa3ae581837a2ce07c019c5b1adfebea8e76e3f5	result_summary	problem2_retrain_v2/results/aligned/ablations/f1_gate_component_ablation_five_seeds/runs/noC_seed2028/analysis_done.json
problem_versions/problem2_retrain_v2/results/aligned/ablations/f1_gate_component_ablation_five_seeds/runs/noC_seed2028/metrics.csv	13985	1f358b606f161cea03cc958d62168f7ff720778eff89de3992eb398d2bdc8941	result_summary	problem2_retrain_v2/results/aligned/ablations/f1_gate_component_ablation_five_seeds/runs/noC_seed2028/metrics.csv
problem_versions/problem2_retrain_v2/results/aligned/ablations/f1_gate_component_ablation_five_seeds/runs/noC_seed2028/stability.csv	7028	2f54953c3ffc1fb09d07c3d65d2077b9418b9693caaddb3e27123b38f8a847fb	result_summary	problem2_retrain_v2/results/aligned/ablations/f1_gate_component_ablation_five_seeds/runs/noC_seed2028/stability.csv
problem_versions/problem2_retrain_v2/results/aligned/ablations/f1_gate_component_ablation_five_seeds/runs/noC_seed2028/summary.json	1602	404e59ccde5b078a0ab454fb645813957ccc53c778383e1c424f9b4b38a70c8b	result_summary	problem2_retrain_v2/results/aligned/ablations/f1_gate_component_ablation_five_seeds/runs/noC_seed2028/summary.json
problem_versions/problem2_retrain_v2/results/aligned/ablations/f1_gate_component_ablation_five_seeds/runs/noC_seed2029/analysis_done.json	98	26e68ada2be6cff5d0e561e20d551f78f50876dcf6e58fe5ef17c3cfc0554562	result_summary	problem2_retrain_v2/results/aligned/ablations/f1_gate_component_ablation_five_seeds/runs/noC_seed2029/analysis_done.json
problem_versions/problem2_retrain_v2/results/aligned/ablations/f1_gate_component_ablation_five_seeds/runs/noC_seed2029/metrics.csv	14475	b2e17001d6bec8b5247f4bf8bd02a43994550e4aa717a98a0b538eca009e10ab	result_summary	problem2_retrain_v2/results/aligned/ablations/f1_gate_component_ablation_five_seeds/runs/noC_seed2029/metrics.csv
problem_versions/problem2_retrain_v2/results/aligned/ablations/f1_gate_component_ablation_five_seeds/runs/noC_seed2029/stability.csv	7025	6610ddd904405b8f5130aba0ceb3bbe3e89b50163f0cdfa94ac78e44dd500ec5	result_summary	problem2_retrain_v2/results/aligned/ablations/f1_gate_component_ablation_five_seeds/runs/noC_seed2029/stability.csv
problem_versions/problem2_retrain_v2/results/aligned/ablations/f1_gate_component_ablation_five_seeds/runs/noC_seed2029/summary.json	1624	4c82fa604df5d20932674d2e61a5229ce9b7700656422a138159cf3b0d39705f	result_summary	problem2_retrain_v2/results/aligned/ablations/f1_gate_component_ablation_five_seeds/runs/noC_seed2029/summary.json
problem_versions/problem2_retrain_v2/results/aligned/ablations/f1_gate_component_ablation_five_seeds/runs/noC_seed2030/analysis_done.json	98	779e8ec40abd24c1f885ac5dc13333b75c3ce1a4e5178d551d8f7713f9441f5e	result_summary	problem2_retrain_v2/results/aligned/ablations/f1_gate_component_ablation_five_seeds/runs/noC_seed2030/analysis_done.json
problem_versions/problem2_retrain_v2/results/aligned/ablations/f1_gate_component_ablation_five_seeds/runs/noC_seed2030/metrics.csv	14514	7cc26f79eac6cf6a4803b6f9d28d381073d9db7bfdc8f4872d73a48ac2645e7d	result_summary	problem2_retrain_v2/results/aligned/ablations/f1_gate_component_ablation_five_seeds/runs/noC_seed2030/metrics.csv
problem_versions/problem2_retrain_v2/results/aligned/ablations/f1_gate_component_ablation_five_seeds/runs/noC_seed2030/stability.csv	6929	1709bced261bf228fa174988dd7fbe422366951d476017e1843642ca2eb5522b	result_summary	problem2_retrain_v2/results/aligned/ablations/f1_gate_component_ablation_five_seeds/runs/noC_seed2030/stability.csv
problem_versions/problem2_retrain_v2/results/aligned/ablations/f1_gate_component_ablation_five_seeds/runs/noC_seed2030/summary.json	1617	85c826b3bd6b7d27d998c823218bdde65d909f6e4ba82c6585e3b2ebdf390fe2	result_summary	problem2_retrain_v2/results/aligned/ablations/f1_gate_component_ablation_five_seeds/runs/noC_seed2030/summary.json
problem_versions/problem2_retrain_v2/results/aligned/ablations/f1_gate_component_ablation_five_seeds/runs/noQ_seed2026/analysis_done.json	98	2db54c284b8398371edccbc115675b2f758c516026328e2c12cba5de5be93cee	result_summary	problem2_retrain_v2/results/aligned/ablations/f1_gate_component_ablation_five_seeds/runs/noQ_seed2026/analysis_done.json
problem_versions/problem2_retrain_v2/results/aligned/ablations/f1_gate_component_ablation_five_seeds/runs/noQ_seed2026/metrics.csv	14414	ec56a9db42cbc07edbbb818019cb560db8b61e1eed89064b7bc38aeabc8df45d	result_summary	problem2_retrain_v2/results/aligned/ablations/f1_gate_component_ablation_five_seeds/runs/noQ_seed2026/metrics.csv
problem_versions/problem2_retrain_v2/results/aligned/ablations/f1_gate_component_ablation_five_seeds/runs/noQ_seed2026/reconstruction.csv	22737	b18bb8a1c628e67ce292b459f2391c722397330736ee1b951ceab955c2346ba3	result_summary	problem2_retrain_v2/results/aligned/ablations/f1_gate_component_ablation_five_seeds/runs/noQ_seed2026/reconstruction.csv
problem_versions/problem2_retrain_v2/results/aligned/ablations/f1_gate_component_ablation_five_seeds/runs/noQ_seed2026/stability.csv	7028	cf5ad68fba21fac04d6935272870ab9c6be32fa7dbc1360ae2041679d50e91c9	result_summary	problem2_retrain_v2/results/aligned/ablations/f1_gate_component_ablation_five_seeds/runs/noQ_seed2026/stability.csv
problem_versions/problem2_retrain_v2/results/aligned/ablations/f1_gate_component_ablation_five_seeds/runs/noQ_seed2026/summary.json	1630	b846ec8baffc57b4b8c86a7c55db3b8c30276eaabd6aca43cf462bed3cb641a7	result_summary	problem2_retrain_v2/results/aligned/ablations/f1_gate_component_ablation_five_seeds/runs/noQ_seed2026/summary.json
problem_versions/problem2_retrain_v2/results/aligned/ablations/f1_gate_component_ablation_five_seeds/runs/noQ_seed2027/analysis_done.json	98	761857b57bfacbae21d168a8fb1323035a3c299cd643db170b450373c72c7429	result_summary	problem2_retrain_v2/results/aligned/ablations/f1_gate_component_ablation_five_seeds/runs/noQ_seed2027/analysis_done.json
problem_versions/problem2_retrain_v2/results/aligned/ablations/f1_gate_component_ablation_five_seeds/runs/noQ_seed2027/metrics.csv	14511	572f947c2a2b1b8f3799a71bb71db2ab66d9dfd1b51fe3ae6affd8e4bc522a37	result_summary	problem2_retrain_v2/results/aligned/ablations/f1_gate_component_ablation_five_seeds/runs/noQ_seed2027/metrics.csv
problem_versions/problem2_retrain_v2/results/aligned/ablations/f1_gate_component_ablation_five_seeds/runs/noQ_seed2027/reconstruction.csv	22702	87e7789ce7f6943e8705accc032cc56544f76b5edee053e9f99320fa6b6021d9	result_summary	problem2_retrain_v2/results/aligned/ablations/f1_gate_component_ablation_five_seeds/runs/noQ_seed2027/reconstruction.csv
problem_versions/problem2_retrain_v2/results/aligned/ablations/f1_gate_component_ablation_five_seeds/runs/noQ_seed2027/stability.csv	6888	35c2cbe1ad0e53a7e539c922d2e4cc8c44bd65c77bdf8a561470085afe3a4774	result_summary	problem2_retrain_v2/results/aligned/ablations/f1_gate_component_ablation_five_seeds/runs/noQ_seed2027/stability.csv
problem_versions/problem2_retrain_v2/results/aligned/ablations/f1_gate_component_ablation_five_seeds/runs/noQ_seed2027/summary.json	1617	a92cf7c57329f2729271ccae747376777c6e2453b3c06658b24acd02b7534291	result_summary	problem2_retrain_v2/results/aligned/ablations/f1_gate_component_ablation_five_seeds/runs/noQ_seed2027/summary.json
problem_versions/problem2_retrain_v2/results/aligned/ablations/f1_gate_component_ablation_five_seeds/runs/noQ_seed2028/analysis_done.json	98	c0f3d2e2be8c249a26a2659906ba7439ecbe56a70ef654b9e156a918d1634397	result_summary	problem2_retrain_v2/results/aligned/ablations/f1_gate_component_ablation_five_seeds/runs/noQ_seed2028/analysis_done.json
problem_versions/problem2_retrain_v2/results/aligned/ablations/f1_gate_component_ablation_five_seeds/runs/noQ_seed2028/metrics.csv	14459	f76036d554518746b199249bc398400717e351062d9ca6cb5b786e0290c1c385	result_summary	problem2_retrain_v2/results/aligned/ablations/f1_gate_component_ablation_five_seeds/runs/noQ_seed2028/metrics.csv
problem_versions/problem2_retrain_v2/results/aligned/ablations/f1_gate_component_ablation_five_seeds/runs/noQ_seed2028/reconstruction.csv	22727	f8d2b46e6411e634bcae869f95285356629961c35c298ada6c4dd33147411d39	result_summary	problem2_retrain_v2/results/aligned/ablations/f1_gate_component_ablation_five_seeds/runs/noQ_seed2028/reconstruction.csv
problem_versions/problem2_retrain_v2/results/aligned/ablations/f1_gate_component_ablation_five_seeds/runs/noQ_seed2028/stability.csv	6631	370a5300ee391acf14efd007a4bd6eb2ffa31124de178007495b77d4fcddf298	result_summary	problem2_retrain_v2/results/aligned/ablations/f1_gate_component_ablation_five_seeds/runs/noQ_seed2028/stability.csv
problem_versions/problem2_retrain_v2/results/aligned/ablations/f1_gate_component_ablation_five_seeds/runs/noQ_seed2028/summary.json	1630	49f1e9634059de80ac90c65d4ab13a57b874a971f34dd335fc54d56d6fb0148c	result_summary	problem2_retrain_v2/results/aligned/ablations/f1_gate_component_ablation_five_seeds/runs/noQ_seed2028/summary.json
problem_versions/problem2_retrain_v2/results/aligned/ablations/f1_gate_component_ablation_five_seeds/runs/noQ_seed2029/analysis_done.json	98	dffac7d45a0996b585f242320e9b70a1fb26f83e77e67f5cd48f7f7e83c4c22d	result_summary	problem2_retrain_v2/results/aligned/ablations/f1_gate_component_ablation_five_seeds/runs/noQ_seed2029/analysis_done.json
problem_versions/problem2_retrain_v2/results/aligned/ablations/f1_gate_component_ablation_five_seeds/runs/noQ_seed2029/metrics.csv	14517	53815f177c3fca3fb8dbabe6b9a2ab6ee6a5b4a64ba346933bfa99a09018e802	result_summary	problem2_retrain_v2/results/aligned/ablations/f1_gate_component_ablation_five_seeds/runs/noQ_seed2029/metrics.csv
problem_versions/problem2_retrain_v2/results/aligned/ablations/f1_gate_component_ablation_five_seeds/runs/noQ_seed2029/reconstruction.csv	22742	9d804504ef44ce028bb70d52162efbcfe503e7d30ea4cf5ac83960d7ba20418c	result_summary	problem2_retrain_v2/results/aligned/ablations/f1_gate_component_ablation_five_seeds/runs/noQ_seed2029/reconstruction.csv
problem_versions/problem2_retrain_v2/results/aligned/ablations/f1_gate_component_ablation_five_seeds/runs/noQ_seed2029/stability.csv	7021	c8df9ad1f9afe1ddc711c7a8f7fe43453e200d08d7c9559164b55cbde96a4c62	result_summary	problem2_retrain_v2/results/aligned/ablations/f1_gate_component_ablation_five_seeds/runs/noQ_seed2029/stability.csv
problem_versions/problem2_retrain_v2/results/aligned/ablations/f1_gate_component_ablation_five_seeds/runs/noQ_seed2029/summary.json	1630	61789ec9d58ac0a2ba82ff666664757a8749245ed3565abc41625e21d89ce88d	result_summary	problem2_retrain_v2/results/aligned/ablations/f1_gate_component_ablation_five_seeds/runs/noQ_seed2029/summary.json
problem_versions/problem2_retrain_v2/results/aligned/ablations/f1_gate_component_ablation_five_seeds/runs/noQ_seed2030/analysis_done.json	98	fe9c6c751c87a2c1f87077390e782ba0bb56ae212b458021fd64df2d151e3072	result_summary	problem2_retrain_v2/results/aligned/ablations/f1_gate_component_ablation_five_seeds/runs/noQ_seed2030/analysis_done.json
problem_versions/problem2_retrain_v2/results/aligned/ablations/f1_gate_component_ablation_five_seeds/runs/noQ_seed2030/metrics.csv	14434	e746a70b0b4c0501322d860597353edc1d6b9da5fd569cc059129063afe9cb4a	result_summary	problem2_retrain_v2/results/aligned/ablations/f1_gate_component_ablation_five_seeds/runs/noQ_seed2030/metrics.csv
problem_versions/problem2_retrain_v2/results/aligned/ablations/f1_gate_component_ablation_five_seeds/runs/noQ_seed2030/reconstruction.csv	22738	bdb237bece79ad18367df03d404f8f7dc39e278ccf6de743b826d374100c69e5	result_summary	problem2_retrain_v2/results/aligned/ablations/f1_gate_component_ablation_five_seeds/runs/noQ_seed2030/reconstruction.csv
problem_versions/problem2_retrain_v2/results/aligned/ablations/f1_gate_component_ablation_five_seeds/runs/noQ_seed2030/stability.csv	7013	bd8780eed4bdf7435120327765799ba6e16694ede470d2da6d38fc5ee3d1dea4	result_summary	problem2_retrain_v2/results/aligned/ablations/f1_gate_component_ablation_five_seeds/runs/noQ_seed2030/stability.csv
problem_versions/problem2_retrain_v2/results/aligned/ablations/f1_gate_component_ablation_five_seeds/runs/noQ_seed2030/summary.json	1648	f78d7b2c3e1cf610cf052202f028d59b02a9a7f79063e03e97f2de4d11c7901c	result_summary	problem2_retrain_v2/results/aligned/ablations/f1_gate_component_ablation_five_seeds/runs/noQ_seed2030/summary.json
problem_versions/problem2_retrain_v2/results/aligned/ablations/f1_gate_component_ablation_five_seeds/scenarios.json	10068	11b197c24af4144e9d83061ef7e501d6364102ee98e7bc27911b50ad77cd1f23	result_summary	problem2_retrain_v2/results/aligned/ablations/f1_gate_component_ablation_five_seeds/scenarios.json
problem_versions/problem2_retrain_v2/results/aligned/ablations/f1_gate_component_ablation_five_seeds/stability.csv	165870	82c88b0753fe405d2b8cfd184dc7b2ec158d253172646385f13520cc423712bd	result_summary	problem2_retrain_v2/results/aligned/ablations/f1_gate_component_ablation_five_seeds/stability.csv
problem_versions/problem2_retrain_v2/results/aligned/ablations/f1_gate_component_ablation_five_seeds/图表说明.md	2451	515387420625c3de173138b72ecc24264000a0624384a6b73d7fe565d5d68f43	result_markdown	problem2_retrain_v2/results/aligned/ablations/f1_gate_component_ablation_five_seeds/图表说明.md
problem_versions/problem2_retrain_v2/results/aligned/ablations/f1_gate_component_ablation_five_seeds/实验报告.md	1204	8ee92b426b1d2870eb4a657ce320c9eca3b06f98f84612afbbfe3b04bee83cad	result_markdown	problem2_retrain_v2/results/aligned/ablations/f1_gate_component_ablation_five_seeds/实验报告.md
problem_versions/problem2_retrain_v2/results/aligned/ablations/f1_gate_component_ablation_reselect/primary_summary.csv	1289	764ea22471d733a9b0c90e8c7f57ebed4e968a030c083b8fd0ea38acb03adfab	result_summary	problem2_retrain_v2/results/aligned/ablations/f1_gate_component_ablation_reselect/primary_summary.csv
problem_versions/problem2_retrain_v2/results/aligned/ablations/f1_gate_component_ablation_reselect/实验报告.md	831	02b9d0281dc677edf53b6820b6375409a1368e823a997fe600cef409a1136025	result_markdown	problem2_retrain_v2/results/aligned/ablations/f1_gate_component_ablation_reselect/实验报告.md
problem_versions/problem2_retrain_v2/results/aligned/ablations/f1_gate_component_ablation_s2031_2035/figures/01_ablation.pdf	25658	df7f91bff1ae3c59c0a6e755a5feff3a5fe31aa00d083b7b585f07d1611c54d3	result_figure	problem2_retrain_v2/results/aligned/ablations/f1_gate_component_ablation_s2031_2035/figures/01_ablation.pdf
problem_versions/problem2_retrain_v2/results/aligned/ablations/f1_gate_component_ablation_s2031_2035/figures/01_ablation.png	184090	91b3ce55c115d79f6237fd7488d71b6f08ac2405016c6c5c5ed1af1394865c3a	result_figure	problem2_retrain_v2/results/aligned/ablations/f1_gate_component_ablation_s2031_2035/figures/01_ablation.png
problem_versions/problem2_retrain_v2/results/aligned/ablations/f1_gate_component_ablation_s2031_2035/figures/02_robustness.pdf	32951	b9c607029db9bcb2ac4c3acfa85d7cf390770c71e22fed98ec971b7226f24410	result_figure	problem2_retrain_v2/results/aligned/ablations/f1_gate_component_ablation_s2031_2035/figures/02_robustness.pdf
problem_versions/problem2_retrain_v2/results/aligned/ablations/f1_gate_component_ablation_s2031_2035/figures/02_robustness.png	594905	8ab38faaaeee53fa747aa91318dad04ac03a8f00420f7b1a0eb7fddfbce67ecb	result_figure	problem2_retrain_v2/results/aligned/ablations/f1_gate_component_ablation_s2031_2035/figures/02_robustness.png
problem_versions/problem2_retrain_v2/results/aligned/ablations/f1_gate_component_ablation_s2031_2035/figures/03_location.pdf	25790	2d3836d2264235013d10d0e5ccae7f1f1519a785b914f96a2147002faa782fb2	result_figure	problem2_retrain_v2/results/aligned/ablations/f1_gate_component_ablation_s2031_2035/figures/03_location.pdf
problem_versions/problem2_retrain_v2/results/aligned/ablations/f1_gate_component_ablation_s2031_2035/figures/03_location.png	164770	68f13cb5ef72d307e85e644f6e0f438df45d9439e29831a03aeff3c2defac965	result_figure	problem2_retrain_v2/results/aligned/ablations/f1_gate_component_ablation_s2031_2035/figures/03_location.png
problem_versions/problem2_retrain_v2/results/aligned/ablations/f1_gate_component_ablation_s2031_2035/figures/04_stability.pdf	25596	5cd73b14527474fa12b24a8f6c51fed4819a23cdcb1301539b3a7431f77d9883	result_figure	problem2_retrain_v2/results/aligned/ablations/f1_gate_component_ablation_s2031_2035/figures/04_stability.pdf
problem_versions/problem2_retrain_v2/results/aligned/ablations/f1_gate_component_ablation_s2031_2035/figures/04_stability.png	171315	ad070556e25b128f672797ec18c71b1e46e002baac7c2e857bf7f32e55981c2f	result_figure	problem2_retrain_v2/results/aligned/ablations/f1_gate_component_ablation_s2031_2035/figures/04_stability.png
problem_versions/problem2_retrain_v2/results/aligned/ablations/f1_gate_component_ablation_s2031_2035/figures/05_reconstruction.pdf	44592	95c6e36f0b99335092781abad317c94401df4fb58df6365e87daf1cfaddbebf7	result_figure	problem2_retrain_v2/results/aligned/ablations/f1_gate_component_ablation_s2031_2035/figures/05_reconstruction.pdf
problem_versions/problem2_retrain_v2/results/aligned/ablations/f1_gate_component_ablation_s2031_2035/figures/05_reconstruction.png	288212	539b7ebe438c65e3aff034fce4110bceddf5a9b571d3f7a642ee92c6f209fbfd	result_figure	problem2_retrain_v2/results/aligned/ablations/f1_gate_component_ablation_s2031_2035/figures/05_reconstruction.png
problem_versions/problem2_retrain_v2/results/aligned/ablations/f1_gate_component_ablation_s2031_2035/metrics.csv	355909	e1cd757ef62546916cda7263d4fb8e1d8f22feb6f544836f0c852856bb048694	result_summary	problem2_retrain_v2/results/aligned/ablations/f1_gate_component_ablation_s2031_2035/metrics.csv
problem_versions/problem2_retrain_v2/results/aligned/ablations/f1_gate_component_ablation_s2031_2035/primary_summary.csv	1555	58dfdf2eefeb233d4afa48953562ffa12edee0296adc44039be73f5f0ea292b8	result_summary	problem2_retrain_v2/results/aligned/ablations/f1_gate_component_ablation_s2031_2035/primary_summary.csv
problem_versions/problem2_retrain_v2/results/aligned/ablations/f1_gate_component_ablation_s2031_2035/reconstruction.csv	451297	961cc829a2cd67458c0fa644f03fb503d9eed5fe74b419a0f79ba855d1f4348c	result_summary	problem2_retrain_v2/results/aligned/ablations/f1_gate_component_ablation_s2031_2035/reconstruction.csv
problem_versions/problem2_retrain_v2/results/aligned/ablations/f1_gate_component_ablation_s2031_2035/runs/B0_seed2031/analysis_done.json	97	4a22279a52f0084b056c0b3c1d2075adabcc496f94fbb068c75963fe2af11cd4	result_summary	problem2_retrain_v2/results/aligned/ablations/f1_gate_component_ablation_s2031_2035/runs/B0_seed2031/analysis_done.json
problem_versions/problem2_retrain_v2/results/aligned/ablations/f1_gate_component_ablation_s2031_2035/runs/B0_seed2031/metrics.csv	14287	bf3584bf6ceb593e4733a3b4fedf6254e2ce5a93e9654f974d76d1df78dfa15d	result_summary	problem2_retrain_v2/results/aligned/ablations/f1_gate_component_ablation_s2031_2035/runs/B0_seed2031/metrics.csv
problem_versions/problem2_retrain_v2/results/aligned/ablations/f1_gate_component_ablation_s2031_2035/runs/B0_seed2031/reconstruction.csv	22515	f4765fe092dde723289277a06f65e6b7c992186ee43b940e050df916f3f59107	result_summary	problem2_retrain_v2/results/aligned/ablations/f1_gate_component_ablation_s2031_2035/runs/B0_seed2031/reconstruction.csv
problem_versions/problem2_retrain_v2/results/aligned/ablations/f1_gate_component_ablation_s2031_2035/runs/B0_seed2031/stability.csv	6428	a2787817f07908aaa84547cad48503beb5293c0408917f88a1454a9d557433b8	result_summary	problem2_retrain_v2/results/aligned/ablations/f1_gate_component_ablation_s2031_2035/runs/B0_seed2031/stability.csv
problem_versions/problem2_retrain_v2/results/aligned/ablations/f1_gate_component_ablation_s2031_2035/runs/B0_seed2031/summary.json	1631	a9c2fd8a751a74fc679721218fa160faad14d1d576f38beddfd0f8282de77b2d	result_summary	problem2_retrain_v2/results/aligned/ablations/f1_gate_component_ablation_s2031_2035/runs/B0_seed2031/summary.json
problem_versions/problem2_retrain_v2/results/aligned/ablations/f1_gate_component_ablation_s2031_2035/runs/B0_seed2032/analysis_done.json	97	48ceb7430a01551802d6b58b907f45958d47929530b8bb5d47941be325c9efaa	result_summary	problem2_retrain_v2/results/aligned/ablations/f1_gate_component_ablation_s2031_2035/runs/B0_seed2032/analysis_done.json
problem_versions/problem2_retrain_v2/results/aligned/ablations/f1_gate_component_ablation_s2031_2035/runs/B0_seed2032/metrics.csv	14360	e3c99fcc0703fff3dc2d024b5668b63767ca498b4b2a5d2e846f7af39321b71f	result_summary	problem2_retrain_v2/results/aligned/ablations/f1_gate_component_ablation_s2031_2035/runs/B0_seed2032/metrics.csv
problem_versions/problem2_retrain_v2/results/aligned/ablations/f1_gate_component_ablation_s2031_2035/runs/B0_seed2032/reconstruction.csv	22490	a5cfe8650fc1f21e427617e1f3b8b4517d3ff66059f9d618128d73acdc6dfc9a	result_summary	problem2_retrain_v2/results/aligned/ablations/f1_gate_component_ablation_s2031_2035/runs/B0_seed2032/reconstruction.csv
problem_versions/problem2_retrain_v2/results/aligned/ablations/f1_gate_component_ablation_s2031_2035/runs/B0_seed2032/stability.csv	6884	0680e5d54f30b76c0278ae2163886b53f04d0f0cf97517df4ee069c5652fcb43	result_summary	problem2_retrain_v2/results/aligned/ablations/f1_gate_component_ablation_s2031_2035/runs/B0_seed2032/stability.csv
problem_versions/problem2_retrain_v2/results/aligned/ablations/f1_gate_component_ablation_s2031_2035/runs/B0_seed2032/summary.json	1646	2043cc6b83983e26d551247766481850d816e86a875a91006acf2e19fbf8cf0c	result_summary	problem2_retrain_v2/results/aligned/ablations/f1_gate_component_ablation_s2031_2035/runs/B0_seed2032/summary.json
problem_versions/problem2_retrain_v2/results/aligned/ablations/f1_gate_component_ablation_s2031_2035/runs/B0_seed2033/analysis_done.json	97	dc78a3eeb1445962969cd9263c1c6cd78cdfdce573316a81a0966f77486b0070	result_summary	problem2_retrain_v2/results/aligned/ablations/f1_gate_component_ablation_s2031_2035/runs/B0_seed2033/analysis_done.json
problem_versions/problem2_retrain_v2/results/aligned/ablations/f1_gate_component_ablation_s2031_2035/runs/B0_seed2033/metrics.csv	14358	ce04229a3d68e8dfb6186344f8640b5dff6d1531a0bb3f06d5f29f23715fc9a4	result_summary	problem2_retrain_v2/results/aligned/ablations/f1_gate_component_ablation_s2031_2035/runs/B0_seed2033/metrics.csv
problem_versions/problem2_retrain_v2/results/aligned/ablations/f1_gate_component_ablation_s2031_2035/runs/B0_seed2033/reconstruction.csv	22486	6c7d3893011d469777db57a23a9e3129e370f93fb406c5875ad3dfeebd2b5060	result_summary	problem2_retrain_v2/results/aligned/ablations/f1_gate_component_ablation_s2031_2035/runs/B0_seed2033/reconstruction.csv
problem_versions/problem2_retrain_v2/results/aligned/ablations/f1_gate_component_ablation_s2031_2035/runs/B0_seed2033/stability.csv	6968	fef09e81c317c0c3444f2803e897d193b745fed6b66a46f7229bb5235ea6ae59	result_summary	problem2_retrain_v2/results/aligned/ablations/f1_gate_component_ablation_s2031_2035/runs/B0_seed2033/stability.csv
problem_versions/problem2_retrain_v2/results/aligned/ablations/f1_gate_component_ablation_s2031_2035/runs/B0_seed2033/summary.json	1632	e06903936c6913d378f805442d8700665279e158facff68d7b52f8da682184d1	result_summary	problem2_retrain_v2/results/aligned/ablations/f1_gate_component_ablation_s2031_2035/runs/B0_seed2033/summary.json
problem_versions/problem2_retrain_v2/results/aligned/ablations/f1_gate_component_ablation_s2031_2035/runs/B0_seed2034/analysis_done.json	97	0f0af0e4c008044001429332183f6d899aae782edb3c60f7287b14fdb02b11fc	result_summary	problem2_retrain_v2/results/aligned/ablations/f1_gate_component_ablation_s2031_2035/runs/B0_seed2034/analysis_done.json
problem_versions/problem2_retrain_v2/results/aligned/ablations/f1_gate_component_ablation_s2031_2035/runs/B0_seed2034/metrics.csv	14328	2e1bb69d9201eb6f9337c991536378643db56768ec2bba9025c5bd250eabf585	result_summary	problem2_retrain_v2/results/aligned/ablations/f1_gate_component_ablation_s2031_2035/runs/B0_seed2034/metrics.csv
problem_versions/problem2_retrain_v2/results/aligned/ablations/f1_gate_component_ablation_s2031_2035/runs/B0_seed2034/reconstruction.csv	22491	46a15cebc62b190149f319984d6d0ca1d8becbd26548456f005c2f5e15ba3fae	result_summary	problem2_retrain_v2/results/aligned/ablations/f1_gate_component_ablation_s2031_2035/runs/B0_seed2034/reconstruction.csv
problem_versions/problem2_retrain_v2/results/aligned/ablations/f1_gate_component_ablation_s2031_2035/runs/B0_seed2034/stability.csv	6902	967df62e2bddd3e68c99e77ffbca3ab5912e4e3f3e09dea4d3025c85ec97e5f8	result_summary	problem2_retrain_v2/results/aligned/ablations/f1_gate_component_ablation_s2031_2035/runs/B0_seed2034/stability.csv
problem_versions/problem2_retrain_v2/results/aligned/ablations/f1_gate_component_ablation_s2031_2035/runs/B0_seed2034/summary.json	1613	1b4f2fa4ced06afc2b0131a8aadfa5a98816c8be63e5f8ec50c50b9178e03ed5	result_summary	problem2_retrain_v2/results/aligned/ablations/f1_gate_component_ablation_s2031_2035/runs/B0_seed2034/summary.json
problem_versions/problem2_retrain_v2/results/aligned/ablations/f1_gate_component_ablation_s2031_2035/runs/B0_seed2035/analysis_done.json	97	d30deb4d124e1df6bebf379f99584b53aff8e91bb28c96ad706cdcbfb44f9891	result_summary	problem2_retrain_v2/results/aligned/ablations/f1_gate_component_ablation_s2031_2035/runs/B0_seed2035/analysis_done.json
problem_versions/problem2_retrain_v2/results/aligned/ablations/f1_gate_component_ablation_s2031_2035/runs/B0_seed2035/metrics.csv	14499	7ea162b7bb908d81cbbd9f3a195986a92d1fd73466aa2651ec56d0b6d79af15f	result_summary	problem2_retrain_v2/results/aligned/ablations/f1_gate_component_ablation_s2031_2035/runs/B0_seed2035/metrics.csv
problem_versions/problem2_retrain_v2/results/aligned/ablations/f1_gate_component_ablation_s2031_2035/runs/B0_seed2035/reconstruction.csv	22486	007ebd179b27efbd955e0de1617e0adfb4b39a87a78aa50b1def79e415387231	result_summary	problem2_retrain_v2/results/aligned/ablations/f1_gate_component_ablation_s2031_2035/runs/B0_seed2035/reconstruction.csv
problem_versions/problem2_retrain_v2/results/aligned/ablations/f1_gate_component_ablation_s2031_2035/runs/B0_seed2035/stability.csv	6973	c9e92f65c47f22692a9c5f878ac8fc15f65ecbe5d2a72a52d83d30b07c5f5768	result_summary	problem2_retrain_v2/results/aligned/ablations/f1_gate_component_ablation_s2031_2035/runs/B0_seed2035/stability.csv
problem_versions/problem2_retrain_v2/results/aligned/ablations/f1_gate_component_ablation_s2031_2035/runs/B0_seed2035/summary.json	1631	7a7f1995ccd26a0d5cf7a0e9544f2b4efc3bbbeb23d7483ffc0ed372add2d2fb	result_summary	problem2_retrain_v2/results/aligned/ablations/f1_gate_component_ablation_s2031_2035/runs/B0_seed2035/summary.json
problem_versions/problem2_retrain_v2/results/aligned/ablations/f1_gate_component_ablation_s2031_2035/runs/noB_seed2031/analysis_done.json	98	5aaaee43274737fb324c916f1c2bcbf35e163b620a7ecdf94b6ee6d2646e4730	result_summary	problem2_retrain_v2/results/aligned/ablations/f1_gate_component_ablation_s2031_2035/runs/noB_seed2031/analysis_done.json
problem_versions/problem2_retrain_v2/results/aligned/ablations/f1_gate_component_ablation_s2031_2035/runs/noB_seed2031/metrics.csv	14525	a3b97e09e56f6f00ae0ac8a999d7841d77e1483f71dfc9be0460801451223be6	result_summary	problem2_retrain_v2/results/aligned/ablations/f1_gate_component_ablation_s2031_2035/runs/noB_seed2031/metrics.csv
problem_versions/problem2_retrain_v2/results/aligned/ablations/f1_gate_component_ablation_s2031_2035/runs/noB_seed2031/reconstruction.csv	22721	dd897ce3b4ba282beb7236d3fd6b414eec44129bbbaa4e2eb6f45fd2ab9af6aa	result_summary	problem2_retrain_v2/results/aligned/ablations/f1_gate_component_ablation_s2031_2035/runs/noB_seed2031/reconstruction.csv
problem_versions/problem2_retrain_v2/results/aligned/ablations/f1_gate_component_ablation_s2031_2035/runs/noB_seed2031/stability.csv	7032	03c10564c486be685af6e0f375f7ac6fae54fc96ee4265b5054ca459df300f30	result_summary	problem2_retrain_v2/results/aligned/ablations/f1_gate_component_ablation_s2031_2035/runs/noB_seed2031/stability.csv
problem_versions/problem2_retrain_v2/results/aligned/ablations/f1_gate_component_ablation_s2031_2035/runs/noB_seed2031/summary.json	1627	2797a13e569b2cb040b460d2304800d15cc1859e4112ba9a7caa3059998f6fcb	result_summary	problem2_retrain_v2/results/aligned/ablations/f1_gate_component_ablation_s2031_2035/runs/noB_seed2031/summary.json
problem_versions/problem2_retrain_v2/results/aligned/ablations/f1_gate_component_ablation_s2031_2035/runs/noB_seed2032/analysis_done.json	98	20c54e79e53fff45030e2e0c17a0f85d479ec50afee380a720836d4b91e266ee	result_summary	problem2_retrain_v2/results/aligned/ablations/f1_gate_component_ablation_s2031_2035/runs/noB_seed2032/analysis_done.json
problem_versions/problem2_retrain_v2/results/aligned/ablations/f1_gate_component_ablation_s2031_2035/runs/noB_seed2032/metrics.csv	14335	a61a83cf6334436cc9423b98375ce430bd7a7cea6d7b9338a60fff4e4ffb69ac	result_summary	problem2_retrain_v2/results/aligned/ablations/f1_gate_component_ablation_s2031_2035/runs/noB_seed2032/metrics.csv
problem_versions/problem2_retrain_v2/results/aligned/ablations/f1_gate_component_ablation_s2031_2035/runs/noB_seed2032/reconstruction.csv	22667	27fd0499ebd11dd2d812859eb9d65958d0f0e741bc723172f11aeca5af8e176e	result_summary	problem2_retrain_v2/results/aligned/ablations/f1_gate_component_ablation_s2031_2035/runs/noB_seed2032/reconstruction.csv
problem_versions/problem2_retrain_v2/results/aligned/ablations/f1_gate_component_ablation_s2031_2035/runs/noB_seed2032/stability.csv	6857	8b4e4921c537d1796c8fb0c918267e7c90a578afc38aeb0f79b1673bb048a7a3	result_summary	problem2_retrain_v2/results/aligned/ablations/f1_gate_component_ablation_s2031_2035/runs/noB_seed2032/stability.csv
problem_versions/problem2_retrain_v2/results/aligned/ablations/f1_gate_component_ablation_s2031_2035/runs/noB_seed2032/summary.json	1612	4a85b7e79f6cc25af4c72a3f754bc2cc7fc4a02a5b5a620e9697dfde4cfcb3bd	result_summary	problem2_retrain_v2/results/aligned/ablations/f1_gate_component_ablation_s2031_2035/runs/noB_seed2032/summary.json
problem_versions/problem2_retrain_v2/results/aligned/ablations/f1_gate_component_ablation_s2031_2035/runs/noB_seed2033/analysis_done.json	98	d154fd548f7e0f1e07703ad0a20c2e273da38660f92cbef16c68b89f2c003c03	result_summary	problem2_retrain_v2/results/aligned/ablations/f1_gate_component_ablation_s2031_2035/runs/noB_seed2033/analysis_done.json
problem_versions/problem2_retrain_v2/results/aligned/ablations/f1_gate_component_ablation_s2031_2035/runs/noB_seed2033/metrics.csv	14530	27c9a0ae061c10862e10fa8d3fc07854eb47e80da18e24e7cce646af50e18c2e	result_summary	problem2_retrain_v2/results/aligned/ablations/f1_gate_component_ablation_s2031_2035/runs/noB_seed2033/metrics.csv
problem_versions/problem2_retrain_v2/results/aligned/ablations/f1_gate_component_ablation_s2031_2035/runs/noB_seed2033/reconstruction.csv	22740	3eb05d5159603e56e905647e1e8093eb6a88a052f1e16c70b237289a1af253bc	result_summary	problem2_retrain_v2/results/aligned/ablations/f1_gate_component_ablation_s2031_2035/runs/noB_seed2033/reconstruction.csv
problem_versions/problem2_retrain_v2/results/aligned/ablations/f1_gate_component_ablation_s2031_2035/runs/noB_seed2033/stability.csv	6926	843c26c3e46fd351b4ce4b1aee382486674c56096ebdc8bbbe3f4f5a1612d3a5	result_summary	problem2_retrain_v2/results/aligned/ablations/f1_gate_component_ablation_s2031_2035/runs/noB_seed2033/stability.csv
problem_versions/problem2_retrain_v2/results/aligned/ablations/f1_gate_component_ablation_s2031_2035/runs/noB_seed2033/summary.json	1630	d7e810220c5c6524e91ef29c98c0a44be5722d0848ffd6125abafcce804ae527	result_summary	problem2_retrain_v2/results/aligned/ablations/f1_gate_component_ablation_s2031_2035/runs/noB_seed2033/summary.json
problem_versions/problem2_retrain_v2/results/aligned/ablations/f1_gate_component_ablation_s2031_2035/runs/noB_seed2034/analysis_done.json	98	6459881fb9a31f118a2c17b22dc04f535d633a50b9a4d4d2f87a8c02413b69af	result_summary	problem2_retrain_v2/results/aligned/ablations/f1_gate_component_ablation_s2031_2035/runs/noB_seed2034/analysis_done.json
problem_versions/problem2_retrain_v2/results/aligned/ablations/f1_gate_component_ablation_s2031_2035/runs/noB_seed2034/metrics.csv	14563	ffe0bfd67fdaf366ac5b41752a4058aababaa42c8e4569bcf699e71815dc794a	result_summary	problem2_retrain_v2/results/aligned/ablations/f1_gate_component_ablation_s2031_2035/runs/noB_seed2034/metrics.csv
problem_versions/problem2_retrain_v2/results/aligned/ablations/f1_gate_component_ablation_s2031_2035/runs/noB_seed2034/reconstruction.csv	22722	84e1d6c5efa5b0024374498bba73e084bd15ee76d96df70f81007542ecd59c5c	result_summary	problem2_retrain_v2/results/aligned/ablations/f1_gate_component_ablation_s2031_2035/runs/noB_seed2034/reconstruction.csv
problem_versions/problem2_retrain_v2/results/aligned/ablations/f1_gate_component_ablation_s2031_2035/runs/noB_seed2034/stability.csv	6591	85d8932149f054d61d19aa27f5845bcc59c28360586335e3d00211ec2a284f5b	result_summary	problem2_retrain_v2/results/aligned/ablations/f1_gate_component_ablation_s2031_2035/runs/noB_seed2034/stability.csv
problem_versions/problem2_retrain_v2/results/aligned/ablations/f1_gate_component_ablation_s2031_2035/runs/noB_seed2034/summary.json	1629	b488a20d3b439ba73b0d184f735bf4e8adba3af45029f732c41c552173170f3a	result_summary	problem2_retrain_v2/results/aligned/ablations/f1_gate_component_ablation_s2031_2035/runs/noB_seed2034/summary.json
problem_versions/problem2_retrain_v2/results/aligned/ablations/f1_gate_component_ablation_s2031_2035/runs/noB_seed2035/analysis_done.json	98	4119f8b9817db143c84cfd85b75264154343bb1dd33c86920bcb1a03857c3068	result_summary	problem2_retrain_v2/results/aligned/ablations/f1_gate_component_ablation_s2031_2035/runs/noB_seed2035/analysis_done.json
problem_versions/problem2_retrain_v2/results/aligned/ablations/f1_gate_component_ablation_s2031_2035/runs/noB_seed2035/metrics.csv	14622	a375ffa96a50dfd20100f42c5b2bb823efbeacf4fef20892fc6fe1bac234ec02	result_summary	problem2_retrain_v2/results/aligned/ablations/f1_gate_component_ablation_s2031_2035/runs/noB_seed2035/metrics.csv
problem_versions/problem2_retrain_v2/results/aligned/ablations/f1_gate_component_ablation_s2031_2035/runs/noB_seed2035/reconstruction.csv	22696	946003667dc46d5f6fe8f298956c9e0523aa5bcc23c20a627bd74b1b8d92eca9	result_summary	problem2_retrain_v2/results/aligned/ablations/f1_gate_component_ablation_s2031_2035/runs/noB_seed2035/reconstruction.csv
problem_versions/problem2_retrain_v2/results/aligned/ablations/f1_gate_component_ablation_s2031_2035/runs/noB_seed2035/stability.csv	6850	0db4c644d65551c153c797ad07aa0c1274480494c138d4c6e36fb024ec43d42c	result_summary	problem2_retrain_v2/results/aligned/ablations/f1_gate_component_ablation_s2031_2035/runs/noB_seed2035/stability.csv
problem_versions/problem2_retrain_v2/results/aligned/ablations/f1_gate_component_ablation_s2031_2035/runs/noB_seed2035/summary.json	1629	2fa041fa867fb7b83290cd50fcc1a9aa7b4ddc5e29ff4cde0d518547aa7e87dc	result_summary	problem2_retrain_v2/results/aligned/ablations/f1_gate_component_ablation_s2031_2035/runs/noB_seed2035/summary.json
problem_versions/problem2_retrain_v2/results/aligned/ablations/f1_gate_component_ablation_s2031_2035/runs/noBeta_seed2031/analysis_done.json	101	549172bead13b2a74d82ebf790229b367b570da1fbcb940621f1109c5bc910af	result_summary	problem2_retrain_v2/results/aligned/ablations/f1_gate_component_ablation_s2031_2035/runs/noBeta_seed2031/analysis_done.json
problem_versions/problem2_retrain_v2/results/aligned/ablations/f1_gate_component_ablation_s2031_2035/runs/noBeta_seed2031/metrics.csv	14461	c29a29ebc9c23ecac6adadb4a63944919349000cdd3536c4192363eb328ee4ea	result_summary	problem2_retrain_v2/results/aligned/ablations/f1_gate_component_ablation_s2031_2035/runs/noBeta_seed2031/metrics.csv
problem_versions/problem2_retrain_v2/results/aligned/ablations/f1_gate_component_ablation_s2031_2035/runs/noBeta_seed2031/reconstruction.csv	23368	8c3b78536b475204a0ac1fe9d375e4940120daf933b591b44dee66603876938b	result_summary	problem2_retrain_v2/results/aligned/ablations/f1_gate_component_ablation_s2031_2035/runs/noBeta_seed2031/reconstruction.csv
problem_versions/problem2_retrain_v2/results/aligned/ablations/f1_gate_component_ablation_s2031_2035/runs/noBeta_seed2031/stability.csv	7029	2442bc0a88de03c3ac6d04ebe306e0969a97d90f4644326047c1b4914cba1009	result_summary	problem2_retrain_v2/results/aligned/ablations/f1_gate_component_ablation_s2031_2035/runs/noBeta_seed2031/stability.csv
problem_versions/problem2_retrain_v2/results/aligned/ablations/f1_gate_component_ablation_s2031_2035/runs/noBeta_seed2031/summary.json	1590	a3ffb1702f7a301e60ccc234f505d5990ad2a46ab7e21f78b54c6a5db290cef3	result_summary	problem2_retrain_v2/results/aligned/ablations/f1_gate_component_ablation_s2031_2035/runs/noBeta_seed2031/summary.json
problem_versions/problem2_retrain_v2/results/aligned/ablations/f1_gate_component_ablation_s2031_2035/runs/noBeta_seed2032/analysis_done.json	101	4a6cdfcb7fd2d4fb36893760a941ab5fe3e659ebea65846173707c056ab1eb1b	result_summary	problem2_retrain_v2/results/aligned/ablations/f1_gate_component_ablation_s2031_2035/runs/noBeta_seed2032/analysis_done.json
problem_versions/problem2_retrain_v2/results/aligned/ablations/f1_gate_component_ablation_s2031_2035/runs/noBeta_seed2032/metrics.csv	14475	4f94569181998bb7a6bed31217d9587d6a249050ffb7c88ff0ef62bc9c572285	result_summary	problem2_retrain_v2/results/aligned/ablations/f1_gate_component_ablation_s2031_2035/runs/noBeta_seed2032/metrics.csv
problem_versions/problem2_retrain_v2/results/aligned/ablations/f1_gate_component_ablation_s2031_2035/runs/noBeta_seed2032/reconstruction.csv	23352	44378df21823c3ef4bef49f437617d7027e5823b62aa6906587f91a83a00cf15	result_summary	problem2_retrain_v2/results/aligned/ablations/f1_gate_component_ablation_s2031_2035/runs/noBeta_seed2032/reconstruction.csv
problem_versions/problem2_retrain_v2/results/aligned/ablations/f1_gate_component_ablation_s2031_2035/runs/noBeta_seed2032/stability.csv	7195	13ca253386234daece54195423e2460f0f37894ea2e2d62edd2f5616820a01a2	result_summary	problem2_retrain_v2/results/aligned/ablations/f1_gate_component_ablation_s2031_2035/runs/noBeta_seed2032/stability.csv
problem_versions/problem2_retrain_v2/results/aligned/ablations/f1_gate_component_ablation_s2031_2035/runs/noBeta_seed2032/summary.json	1592	74137354d5f2a87aca96c5a77ca28145df2a75827116ed00c69043b6d469dc3b	result_summary	problem2_retrain_v2/results/aligned/ablations/f1_gate_component_ablation_s2031_2035/runs/noBeta_seed2032/summary.json
problem_versions/problem2_retrain_v2/results/aligned/ablations/f1_gate_component_ablation_s2031_2035/runs/noBeta_seed2033/analysis_done.json	101	a4ef3efd5bb14e5c420d7f00498e14ac8af3d4343ffc92ad64154d766791adb3	result_summary	problem2_retrain_v2/results/aligned/ablations/f1_gate_component_ablation_s2031_2035/runs/noBeta_seed2033/analysis_done.json
problem_versions/problem2_retrain_v2/results/aligned/ablations/f1_gate_component_ablation_s2031_2035/runs/noBeta_seed2033/metrics.csv	14492	c5e8b314cafd25dae79408a5758329dbe6ca596a1b61dd15d59c530c49373767	result_summary	problem2_retrain_v2/results/aligned/ablations/f1_gate_component_ablation_s2031_2035/runs/noBeta_seed2033/metrics.csv
problem_versions/problem2_retrain_v2/results/aligned/ablations/f1_gate_component_ablation_s2031_2035/runs/noBeta_seed2033/reconstruction.csv	23333	16b316e3b4e3a6224c096247edc6e963e4f4e53bef3b2784cadc199f16358bd0	result_summary	problem2_retrain_v2/results/aligned/ablations/f1_gate_component_ablation_s2031_2035/runs/noBeta_seed2033/reconstruction.csv
problem_versions/problem2_retrain_v2/results/aligned/ablations/f1_gate_component_ablation_s2031_2035/runs/noBeta_seed2033/stability.csv	7223	2fa6210b52bf5d422ab15db1a1f4a404b9a19dc6b0cc6e42bff4b215f5da8c5d	result_summary	problem2_retrain_v2/results/aligned/ablations/f1_gate_component_ablation_s2031_2035/runs/noBeta_seed2033/stability.csv
problem_versions/problem2_retrain_v2/results/aligned/ablations/f1_gate_component_ablation_s2031_2035/runs/noBeta_seed2033/summary.json	1565	611b9b8858c6f5d6e6de3f565daba290b7c95f610161b61faf04ed9949ba94ad	result_summary	problem2_retrain_v2/results/aligned/ablations/f1_gate_component_ablation_s2031_2035/runs/noBeta_seed2033/summary.json
problem_versions/problem2_retrain_v2/results/aligned/ablations/f1_gate_component_ablation_s2031_2035/runs/noBeta_seed2034/analysis_done.json	101	00274b2b0ccc9cfad33e538bce73c59d5daf08e3af07f1c9a8782eac51d540b7	result_summary	problem2_retrain_v2/results/aligned/ablations/f1_gate_component_ablation_s2031_2035/runs/noBeta_seed2034/analysis_done.json
problem_versions/problem2_retrain_v2/results/aligned/ablations/f1_gate_component_ablation_s2031_2035/runs/noBeta_seed2034/metrics.csv	14608	02e629daf84cc0782ed9d33091d1b460bd09034ceef816863dc847825b21078d	result_summary	problem2_retrain_v2/results/aligned/ablations/f1_gate_component_ablation_s2031_2035/runs/noBeta_seed2034/metrics.csv
problem_versions/problem2_retrain_v2/results/aligned/ablations/f1_gate_component_ablation_s2031_2035/runs/noBeta_seed2034/reconstruction.csv	23350	d16e9030e687667f4d69e56c4529844b7ab6926ab0cc8aabb70da41a0db2aabc	result_summary	problem2_retrain_v2/results/aligned/ablations/f1_gate_component_ablation_s2031_2035/runs/noBeta_seed2034/reconstruction.csv
problem_versions/problem2_retrain_v2/results/aligned/ablations/f1_gate_component_ablation_s2031_2035/runs/noBeta_seed2034/stability.csv	6955	2314606786b079e05d877befa70e6bbae01f211096cef4c164fbd9ae91ae9570	result_summary	problem2_retrain_v2/results/aligned/ablations/f1_gate_component_ablation_s2031_2035/runs/noBeta_seed2034/stability.csv
problem_versions/problem2_retrain_v2/results/aligned/ablations/f1_gate_component_ablation_s2031_2035/runs/noBeta_seed2034/summary.json	1564	c54e4ad54549a1f71099424769577805ef52bd97034f37f02cd739ef87762cdf	result_summary	problem2_retrain_v2/results/aligned/ablations/f1_gate_component_ablation_s2031_2035/runs/noBeta_seed2034/summary.json
problem_versions/problem2_retrain_v2/results/aligned/ablations/f1_gate_component_ablation_s2031_2035/runs/noBeta_seed2035/analysis_done.json	101	73b1e56878e8d442e24a9b5bb525757f1df12ec76ddc325105a6bb54fe7ee2ec	result_summary	problem2_retrain_v2/results/aligned/ablations/f1_gate_component_ablation_s2031_2035/runs/noBeta_seed2035/analysis_done.json
problem_versions/problem2_retrain_v2/results/aligned/ablations/f1_gate_component_ablation_s2031_2035/runs/noBeta_seed2035/metrics.csv	14620	b8cda69535d0a17065de44e291559faaf0389a8256f10b137e96e137615b5947	result_summary	problem2_retrain_v2/results/aligned/ablations/f1_gate_component_ablation_s2031_2035/runs/noBeta_seed2035/metrics.csv
problem_versions/problem2_retrain_v2/results/aligned/ablations/f1_gate_component_ablation_s2031_2035/runs/noBeta_seed2035/reconstruction.csv	23380	f048a0664db4b318188cd030b7b9b2fc3ecfe99141e452b8d372436952d5caba	result_summary	problem2_retrain_v2/results/aligned/ablations/f1_gate_component_ablation_s2031_2035/runs/noBeta_seed2035/reconstruction.csv
problem_versions/problem2_retrain_v2/results/aligned/ablations/f1_gate_component_ablation_s2031_2035/runs/noBeta_seed2035/stability.csv	7227	2df35fc14ef1f24c23b9895547bde2f225a97d567fd4a5f3e7a5a57fab00c76c	result_summary	problem2_retrain_v2/results/aligned/ablations/f1_gate_component_ablation_s2031_2035/runs/noBeta_seed2035/stability.csv
problem_versions/problem2_retrain_v2/results/aligned/ablations/f1_gate_component_ablation_s2031_2035/runs/noBeta_seed2035/summary.json	1605	a77ec91e8514bb996d9dd6101365b3192dc4386ff0da846156e1cb51de64d3a5	result_summary	problem2_retrain_v2/results/aligned/ablations/f1_gate_component_ablation_s2031_2035/runs/noBeta_seed2035/summary.json
problem_versions/problem2_retrain_v2/results/aligned/ablations/f1_gate_component_ablation_s2031_2035/runs/noC_seed2031/analysis_done.json	98	ce2cc9034399392bad2106ef0a5d72fd1c1b388db3654911d51f1b847c528ea3	result_summary	problem2_retrain_v2/results/aligned/ablations/f1_gate_component_ablation_s2031_2035/runs/noC_seed2031/analysis_done.json
problem_versions/problem2_retrain_v2/results/aligned/ablations/f1_gate_component_ablation_s2031_2035/runs/noC_seed2031/metrics.csv	14515	ae418eb8f9bdcee5ec0bf96557f9778f17c889c8750eb9500f63bffb30a63f26	result_summary	problem2_retrain_v2/results/aligned/ablations/f1_gate_component_ablation_s2031_2035/runs/noC_seed2031/metrics.csv
problem_versions/problem2_retrain_v2/results/aligned/ablations/f1_gate_component_ablation_s2031_2035/runs/noC_seed2031/stability.csv	6820	273dcece360ae3a8453565bac740a472031edb5d1fd79f132849470320df2f43	result_summary	problem2_retrain_v2/results/aligned/ablations/f1_gate_component_ablation_s2031_2035/runs/noC_seed2031/stability.csv
problem_versions/problem2_retrain_v2/results/aligned/ablations/f1_gate_component_ablation_s2031_2035/runs/noC_seed2031/summary.json	1631	5580a773221da8780f1703a87927b586822ab307c03ade2d022c49dc755a4ece	result_summary	problem2_retrain_v2/results/aligned/ablations/f1_gate_component_ablation_s2031_2035/runs/noC_seed2031/summary.json
problem_versions/problem2_retrain_v2/results/aligned/ablations/f1_gate_component_ablation_s2031_2035/runs/noC_seed2032/analysis_done.json	98	a3c48a6f50ce0870ab750b10eee16c394aacca0e2be7e41a8f215d215f6469f3	result_summary	problem2_retrain_v2/results/aligned/ablations/f1_gate_component_ablation_s2031_2035/runs/noC_seed2032/analysis_done.json
problem_versions/problem2_retrain_v2/results/aligned/ablations/f1_gate_component_ablation_s2031_2035/runs/noC_seed2032/metrics.csv	14559	ea7283d5088f087c686c087f6a4739299093231f76ac887ad9a044af61aad19a	result_summary	problem2_retrain_v2/results/aligned/ablations/f1_gate_component_ablation_s2031_2035/runs/noC_seed2032/metrics.csv
problem_versions/problem2_retrain_v2/results/aligned/ablations/f1_gate_component_ablation_s2031_2035/runs/noC_seed2032/stability.csv	6297	6b6b905a6783a0f8d94f6cc4550f0d4ab121a74f8d39d1710f1d66395e8bd983	result_summary	problem2_retrain_v2/results/aligned/ablations/f1_gate_component_ablation_s2031_2035/runs/noC_seed2032/stability.csv
problem_versions/problem2_retrain_v2/results/aligned/ablations/f1_gate_component_ablation_s2031_2035/runs/noC_seed2032/summary.json	1633	d023b8d40b05e5acac8aaeed7e82b7fba8d5695ac5db8ebad8d9d7ae2ee60a21	result_summary	problem2_retrain_v2/results/aligned/ablations/f1_gate_component_ablation_s2031_2035/runs/noC_seed2032/summary.json
problem_versions/problem2_retrain_v2/results/aligned/ablations/f1_gate_component_ablation_s2031_2035/runs/noC_seed2033/analysis_done.json	98	c132cf0c9b8a138096d128bab2a436aeae3c0f5959fd811e5c7cdf194b07afd2	result_summary	problem2_retrain_v2/results/aligned/ablations/f1_gate_component_ablation_s2031_2035/runs/noC_seed2033/analysis_done.json
problem_versions/problem2_retrain_v2/results/aligned/ablations/f1_gate_component_ablation_s2031_2035/runs/noC_seed2033/metrics.csv	14371	a9484c4c101e145d844a4e9158605c830f8b8e87b54f4f736941ce93cf7bcf88	result_summary	problem2_retrain_v2/results/aligned/ablations/f1_gate_component_ablation_s2031_2035/runs/noC_seed2033/metrics.csv
problem_versions/problem2_retrain_v2/results/aligned/ablations/f1_gate_component_ablation_s2031_2035/runs/noC_seed2033/stability.csv	6922	044d392db59e8713b2e19c908fa33fa5f55c84e406294aba4614eee4ea623552	result_summary	problem2_retrain_v2/results/aligned/ablations/f1_gate_component_ablation_s2031_2035/runs/noC_seed2033/stability.csv
problem_versions/problem2_retrain_v2/results/aligned/ablations/f1_gate_component_ablation_s2031_2035/runs/noC_seed2033/summary.json	1633	5d9a7b860f39d632ff45581e06e0d20e3a6cc246fbe6dc32deb465ae66c7933b	result_summary	problem2_retrain_v2/results/aligned/ablations/f1_gate_component_ablation_s2031_2035/runs/noC_seed2033/summary.json
problem_versions/problem2_retrain_v2/results/aligned/ablations/f1_gate_component_ablation_s2031_2035/runs/noC_seed2034/analysis_done.json	98	3b4e2a78ee1fe75a001bad6bf1e26a468142fdaf1a7fc3045b2849f915196eff	result_summary	problem2_retrain_v2/results/aligned/ablations/f1_gate_component_ablation_s2031_2035/runs/noC_seed2034/analysis_done.json
problem_versions/problem2_retrain_v2/results/aligned/ablations/f1_gate_component_ablation_s2031_2035/runs/noC_seed2034/metrics.csv	14567	bed1f93feb819f49e3490f4beae2ccbfa0a41d1a475cfce04a7aaf01f37503cb	result_summary	problem2_retrain_v2/results/aligned/ablations/f1_gate_component_ablation_s2031_2035/runs/noC_seed2034/metrics.csv
problem_versions/problem2_retrain_v2/results/aligned/ablations/f1_gate_component_ablation_s2031_2035/runs/noC_seed2034/stability.csv	6907	4e07a7686adb6d127a1cf6373e20527db38c224bd8b3dbcd1cc29300b47f24df	result_summary	problem2_retrain_v2/results/aligned/ablations/f1_gate_component_ablation_s2031_2035/runs/noC_seed2034/stability.csv
problem_versions/problem2_retrain_v2/results/aligned/ablations/f1_gate_component_ablation_s2031_2035/runs/noC_seed2034/summary.json	1617	c96ccc09d0f6171fbadc213c4bce75f25c40e621bdffb5cc2b1fb08dd4a58016	result_summary	problem2_retrain_v2/results/aligned/ablations/f1_gate_component_ablation_s2031_2035/runs/noC_seed2034/summary.json
problem_versions/problem2_retrain_v2/results/aligned/ablations/f1_gate_component_ablation_s2031_2035/runs/noC_seed2035/analysis_done.json	98	4c0d1937b919ef24158c9c8737850bcbf408469ed81c8aca66f02dbfa30279a1	result_summary	problem2_retrain_v2/results/aligned/ablations/f1_gate_component_ablation_s2031_2035/runs/noC_seed2035/analysis_done.json
problem_versions/problem2_retrain_v2/results/aligned/ablations/f1_gate_component_ablation_s2031_2035/runs/noC_seed2035/metrics.csv	14466	e9c2d93fa7e8e05b59824f5bd906fb5ed361ffeed1779cb72dad99e02d9fe7cf	result_summary	problem2_retrain_v2/results/aligned/ablations/f1_gate_component_ablation_s2031_2035/runs/noC_seed2035/metrics.csv
problem_versions/problem2_retrain_v2/results/aligned/ablations/f1_gate_component_ablation_s2031_2035/runs/noC_seed2035/stability.csv	7041	bfd02b5e95bfd249f030b3ea8c423536e85dfe4ceadbf38d807aa4124d0ccbb9	result_summary	problem2_retrain_v2/results/aligned/ablations/f1_gate_component_ablation_s2031_2035/runs/noC_seed2035/stability.csv
problem_versions/problem2_retrain_v2/results/aligned/ablations/f1_gate_component_ablation_s2031_2035/runs/noC_seed2035/summary.json	1646	55a1a3f82d5c9f50b797f01abdb3baba6b5a83c7c765259ca722da4054ccac16	result_summary	problem2_retrain_v2/results/aligned/ablations/f1_gate_component_ablation_s2031_2035/runs/noC_seed2035/summary.json
problem_versions/problem2_retrain_v2/results/aligned/ablations/f1_gate_component_ablation_s2031_2035/runs/noQ_seed2031/analysis_done.json	98	c53b28e2cb2f57f3c5fce16a8b09dda5f516ab4dd3fa2e9a6500e904d2470e5c	result_summary	problem2_retrain_v2/results/aligned/ablations/f1_gate_component_ablation_s2031_2035/runs/noQ_seed2031/analysis_done.json
problem_versions/problem2_retrain_v2/results/aligned/ablations/f1_gate_component_ablation_s2031_2035/runs/noQ_seed2031/metrics.csv	14448	9b335fc6a0dfe1f48c4b13fc98af2c84334c447f39ce4806b4ebaa2506ac87c4	result_summary	problem2_retrain_v2/results/aligned/ablations/f1_gate_component_ablation_s2031_2035/runs/noQ_seed2031/metrics.csv
problem_versions/problem2_retrain_v2/results/aligned/ablations/f1_gate_component_ablation_s2031_2035/runs/noQ_seed2031/reconstruction.csv	22702	11274dad0cf07786752a5ccff1919dbdd2d79480bc6c06b7b20d0fef353c9728	result_summary	problem2_retrain_v2/results/aligned/ablations/f1_gate_component_ablation_s2031_2035/runs/noQ_seed2031/reconstruction.csv
problem_versions/problem2_retrain_v2/results/aligned/ablations/f1_gate_component_ablation_s2031_2035/runs/noQ_seed2031/stability.csv	6962	2e602511eb051f80563693f144ee696e1443b6d6753b91fc8e52db11254b5e5e	result_summary	problem2_retrain_v2/results/aligned/ablations/f1_gate_component_ablation_s2031_2035/runs/noQ_seed2031/stability.csv
problem_versions/problem2_retrain_v2/results/aligned/ablations/f1_gate_component_ablation_s2031_2035/runs/noQ_seed2031/summary.json	1625	637b0389329dc5ade38e353247d7148b925b2c6d50414b3d2195a08b096d15f1	result_summary	problem2_retrain_v2/results/aligned/ablations/f1_gate_component_ablation_s2031_2035/runs/noQ_seed2031/summary.json
problem_versions/problem2_retrain_v2/results/aligned/ablations/f1_gate_component_ablation_s2031_2035/runs/noQ_seed2032/analysis_done.json	98	2dd79ba769ecb7dddeea3349b053f9587fc2c11a94f26a07331a9d86dc64cbf0	result_summary	problem2_retrain_v2/results/aligned/ablations/f1_gate_component_ablation_s2031_2035/runs/noQ_seed2032/analysis_done.json
problem_versions/problem2_retrain_v2/results/aligned/ablations/f1_gate_component_ablation_s2031_2035/runs/noQ_seed2032/metrics.csv	14443	2e449964cc0433dd4927cbfd1cef255a1115be5f5c95dcd6d0deac0d2d88d9dd	result_summary	problem2_retrain_v2/results/aligned/ablations/f1_gate_component_ablation_s2031_2035/runs/noQ_seed2032/metrics.csv
problem_versions/problem2_retrain_v2/results/aligned/ablations/f1_gate_component_ablation_s2031_2035/runs/noQ_seed2032/reconstruction.csv	22715	536c47e9467f5c318640c43ee80c45d946a6ea0a1e07619372445f9a0851b39a	result_summary	problem2_retrain_v2/results/aligned/ablations/f1_gate_component_ablation_s2031_2035/runs/noQ_seed2032/reconstruction.csv
problem_versions/problem2_retrain_v2/results/aligned/ablations/f1_gate_component_ablation_s2031_2035/runs/noQ_seed2032/stability.csv	6972	7af4bb0befd39e9678e1c16d0ce240cd45d2d80d11fc5ff30877eeb810442720	result_summary	problem2_retrain_v2/results/aligned/ablations/f1_gate_component_ablation_s2031_2035/runs/noQ_seed2032/stability.csv
problem_versions/problem2_retrain_v2/results/aligned/ablations/f1_gate_component_ablation_s2031_2035/runs/noQ_seed2032/summary.json	1639	b71bad4268ec31b1f2ae99249848128f3d761943e77d04c9cf59772faba9264f	result_summary	problem2_retrain_v2/results/aligned/ablations/f1_gate_component_ablation_s2031_2035/runs/noQ_seed2032/summary.json
problem_versions/problem2_retrain_v2/results/aligned/ablations/f1_gate_component_ablation_s2031_2035/runs/noQ_seed2033/analysis_done.json	98	098633f3b246829f770afdbedbc5a2dcec8f58d99917bdd60973490d97544953	result_summary	problem2_retrain_v2/results/aligned/ablations/f1_gate_component_ablation_s2031_2035/runs/noQ_seed2033/analysis_done.json
problem_versions/problem2_retrain_v2/results/aligned/ablations/f1_gate_component_ablation_s2031_2035/runs/noQ_seed2033/metrics.csv	14442	415d68c5bf1517126ab40dc9b1f0ee030f51b2b96fed42d451983ebdb36b8718	result_summary	problem2_retrain_v2/results/aligned/ablations/f1_gate_component_ablation_s2031_2035/runs/noQ_seed2033/metrics.csv
problem_versions/problem2_retrain_v2/results/aligned/ablations/f1_gate_component_ablation_s2031_2035/runs/noQ_seed2033/reconstruction.csv	22740	98a2597aa58ba8702c55eaed6ca7f0ab9c713fa731138ab0468d22ef2d4f0e14	result_summary	problem2_retrain_v2/results/aligned/ablations/f1_gate_component_ablation_s2031_2035/runs/noQ_seed2033/reconstruction.csv
problem_versions/problem2_retrain_v2/results/aligned/ablations/f1_gate_component_ablation_s2031_2035/runs/noQ_seed2033/stability.csv	7003	3a3b079910d7da1b4f4acf98e592934f82ad770a51999129917627c91ebd972e	result_summary	problem2_retrain_v2/results/aligned/ablations/f1_gate_component_ablation_s2031_2035/runs/noQ_seed2033/stability.csv
problem_versions/problem2_retrain_v2/results/aligned/ablations/f1_gate_component_ablation_s2031_2035/runs/noQ_seed2033/summary.json	1635	82a6bf1f6e6345e0639bee8057576f75520aaee3d6ee3598d7d520a8e6d6e02b	result_summary	problem2_retrain_v2/results/aligned/ablations/f1_gate_component_ablation_s2031_2035/runs/noQ_seed2033/summary.json
problem_versions/problem2_retrain_v2/results/aligned/ablations/f1_gate_component_ablation_s2031_2035/runs/noQ_seed2034/analysis_done.json	98	d8046a549fef1577543385af9a22c179712375b5255c83b07cda3513ff762728	result_summary	problem2_retrain_v2/results/aligned/ablations/f1_gate_component_ablation_s2031_2035/runs/noQ_seed2034/analysis_done.json
problem_versions/problem2_retrain_v2/results/aligned/ablations/f1_gate_component_ablation_s2031_2035/runs/noQ_seed2034/metrics.csv	14645	b1209ecf40738ceb3b53e80fbcbb671c0fce24cbeadd70d7ff2d178a04a19c39	result_summary	problem2_retrain_v2/results/aligned/ablations/f1_gate_component_ablation_s2031_2035/runs/noQ_seed2034/metrics.csv
problem_versions/problem2_retrain_v2/results/aligned/ablations/f1_gate_component_ablation_s2031_2035/runs/noQ_seed2034/reconstruction.csv	22755	ef42912ce37ab9125527cab648c8f9c374bc50a1d5d90af3316017a277ef5d59	result_summary	problem2_retrain_v2/results/aligned/ablations/f1_gate_component_ablation_s2031_2035/runs/noQ_seed2034/reconstruction.csv
problem_versions/problem2_retrain_v2/results/aligned/ablations/f1_gate_component_ablation_s2031_2035/runs/noQ_seed2034/stability.csv	6860	5195cd195c16c95ab31bc27b3ca42791711050c6ef53baf648255cffc18c68bd	result_summary	problem2_retrain_v2/results/aligned/ablations/f1_gate_component_ablation_s2031_2035/runs/noQ_seed2034/stability.csv
problem_versions/problem2_retrain_v2/results/aligned/ablations/f1_gate_component_ablation_s2031_2035/runs/noQ_seed2034/summary.json	1632	dd2af6fb7796adc9d6108fc47afb28dc5a872e3edd3a484adee6e877b8358f97	result_summary	problem2_retrain_v2/results/aligned/ablations/f1_gate_component_ablation_s2031_2035/runs/noQ_seed2034/summary.json
problem_versions/problem2_retrain_v2/results/aligned/ablations/f1_gate_component_ablation_s2031_2035/runs/noQ_seed2035/analysis_done.json	98	ec99bb6c6ebe0e9ca69e21fe3d3ec3c2a4367689d6bff06a91487012de983834	result_summary	problem2_retrain_v2/results/aligned/ablations/f1_gate_component_ablation_s2031_2035/runs/noQ_seed2035/analysis_done.json
problem_versions/problem2_retrain_v2/results/aligned/ablations/f1_gate_component_ablation_s2031_2035/runs/noQ_seed2035/metrics.csv	14572	0d3d56610f4a9690d9e54994e21b5598961915af7ccbf3e857f34244af7bf3c1	result_summary	problem2_retrain_v2/results/aligned/ablations/f1_gate_component_ablation_s2031_2035/runs/noQ_seed2035/metrics.csv
problem_versions/problem2_retrain_v2/results/aligned/ablations/f1_gate_component_ablation_s2031_2035/runs/noQ_seed2035/reconstruction.csv	22725	1afe5efc1efaebe8ca6a17ccb4606138c9d76988dcd5b7411ce8a8f021228f19	result_summary	problem2_retrain_v2/results/aligned/ablations/f1_gate_component_ablation_s2031_2035/runs/noQ_seed2035/reconstruction.csv
problem_versions/problem2_retrain_v2/results/aligned/ablations/f1_gate_component_ablation_s2031_2035/runs/noQ_seed2035/stability.csv	6926	d773f0416b825aeb98661866d18a561960f086af2133266fd3ac65b6f0bfbe61	result_summary	problem2_retrain_v2/results/aligned/ablations/f1_gate_component_ablation_s2031_2035/runs/noQ_seed2035/stability.csv
problem_versions/problem2_retrain_v2/results/aligned/ablations/f1_gate_component_ablation_s2031_2035/runs/noQ_seed2035/summary.json	1631	fbe4b3c74877669dd0e668094e6a20234ffc7f2d8d529a46876c477b72c753b6	result_summary	problem2_retrain_v2/results/aligned/ablations/f1_gate_component_ablation_s2031_2035/runs/noQ_seed2035/summary.json
problem_versions/problem2_retrain_v2/results/aligned/ablations/f1_gate_component_ablation_s2031_2035/scenarios.json	10068	11b197c24af4144e9d83061ef7e501d6364102ee98e7bc27911b50ad77cd1f23	result_summary	problem2_retrain_v2/results/aligned/ablations/f1_gate_component_ablation_s2031_2035/scenarios.json
problem_versions/problem2_retrain_v2/results/aligned/ablations/f1_gate_component_ablation_s2031_2035/stability.csv	164252	1460787cc72fa98d633ac8fc89777e84f739743f40919d9da7e5e48c3c514b52	result_summary	problem2_retrain_v2/results/aligned/ablations/f1_gate_component_ablation_s2031_2035/stability.csv
problem_versions/problem2_retrain_v2/results/aligned/ablations/f1_gate_component_ablation_s2031_2035/图表说明.md	2451	515387420625c3de173138b72ecc24264000a0624384a6b73d7fe565d5d68f43	result_markdown	problem2_retrain_v2/results/aligned/ablations/f1_gate_component_ablation_s2031_2035/图表说明.md
problem_versions/problem2_retrain_v2/results/aligned/ablations/f1_gate_component_ablation_s2031_2035/实验报告.md	941	c8376bec45c0017088751f1865fbd08ae8a47172b664372b427b18fffd6835e6	result_markdown	problem2_retrain_v2/results/aligned/ablations/f1_gate_component_ablation_s2031_2035/实验报告.md
problem_versions/problem2_retrain_v2/results/aligned/full_runs/gate_B0_test252/figures/test/local_missingness.pdf	24856	bb2d47e434a6f967e0c4d486611ddf599c6561b4f0f0a77197a9593ca29627af	result_figure	problem2_retrain_v2/results/aligned/full_runs/gate_B0_test252/figures/test/local_missingness.pdf
problem_versions/problem2_retrain_v2/results/aligned/full_runs/gate_B0_test252/figures/test/local_missingness.png	317982	84ff65addc658196ceaa2575f95698346780e0549adb1d3d84b5869f8637347a	result_figure	problem2_retrain_v2/results/aligned/full_runs/gate_B0_test252/figures/test/local_missingness.png
problem_versions/problem2_retrain_v2/results/aligned/full_runs/gate_B0_test252/test_scenarios/README.md	252	5ee17c0b9ee55b4f5b730445807b4ab6eb79d87428f24015323ff80a2d769de8	result_markdown	problem2_retrain_v2/results/aligned/full_runs/gate_B0_test252/test_scenarios/README.md
problem_versions/problem2_retrain_v2/results/aligned/full_runs/gate_B0_test252/test_scenarios/local_scenarios.csv	51075	4049516f4cccbec5ef1f6445a510769d8976f0c8c6f3e1e4d5c3f56ebbc0d809	result_summary	problem2_retrain_v2/results/aligned/full_runs/gate_B0_test252/test_scenarios/local_scenarios.csv
problem_versions/problem2_retrain_v2/results/aligned/full_runs/gate_B0_test252/全部结果表.md	1979	6c4ff4799ea5a277ffd49a7447c001907e598991a2fe3618f8e847082850da2b	result_markdown	problem2_retrain_v2/results/aligned/full_runs/gate_B0_test252/全部结果表.md
problem_versions/problem2_retrain_v2/results/aligned/full_runs/gate_B0_test252_mean10/local_scenarios_by_seed.csv	515694	125635761b3a6037251957ff2dfe0464971744d0e444febcf4a5b66c7c42415e	result_summary	problem2_retrain_v2/results/aligned/full_runs/gate_B0_test252_mean10/local_scenarios_by_seed.csv
problem_versions/problem2_retrain_v2/results/aligned/full_runs/gate_B0_test252_mean10/protocol_summary_by_seed.csv	666	69ba0608d48281232645047dd1f9aa5eeae851dcf5a7300f0bee6c0987c80290	result_summary	problem2_retrain_v2/results/aligned/full_runs/gate_B0_test252_mean10/protocol_summary_by_seed.csv
problem_versions/problem2_retrain_v2/results/aligned/full_runs/gate_B0_test252_mean10/seed2029/figures/test/local_missingness.pdf	24843	35f84f1dabbd8de7975b7efeb009f70ed6b6b2dd8cbc8d49099ddcf425490254	result_figure	problem2_retrain_v2/results/aligned/full_runs/gate_B0_test252_mean10/seed2029/figures/test/local_missingness.pdf
problem_versions/problem2_retrain_v2/results/aligned/full_runs/gate_B0_test252_mean10/seed2029/figures/test/local_missingness.png	325946	381e80054c7f121c02fd530a601575b0d74db297445025f5cdd8fd94790165d1	result_figure	problem2_retrain_v2/results/aligned/full_runs/gate_B0_test252_mean10/seed2029/figures/test/local_missingness.png
problem_versions/problem2_retrain_v2/results/aligned/full_runs/gate_B0_test252_mean10/seed2029/test_scenarios/README.md	252	b9617fe6972a208cf207e8e19a642b1ce80f8bef8f1fb4874a5d920732b8577f	result_markdown	problem2_retrain_v2/results/aligned/full_runs/gate_B0_test252_mean10/seed2029/test_scenarios/README.md
problem_versions/problem2_retrain_v2/results/aligned/full_runs/gate_B0_test252_mean10/seed2029/test_scenarios/local_scenarios.csv	50896	aa4b28ff4d3355098a6228df45498c723a5d63ab89ac93ba53e4266af7567e76	result_summary	problem2_retrain_v2/results/aligned/full_runs/gate_B0_test252_mean10/seed2029/test_scenarios/local_scenarios.csv
problem_versions/problem2_retrain_v2/results/aligned/full_runs/gate_B0_test252_mean10/seed2030/figures/test/local_missingness.pdf	24728	8a8c9bf787cbba018173946e76960b7d5f23d987a8f50bd5c2a9f4ddcfad1f1d	result_figure	problem2_retrain_v2/results/aligned/full_runs/gate_B0_test252_mean10/seed2030/figures/test/local_missingness.pdf
problem_versions/problem2_retrain_v2/results/aligned/full_runs/gate_B0_test252_mean10/seed2030/figures/test/local_missingness.png	332723	b945bb42e7be3b7d821fb5d4f74dfabf09f54f5b0fb59307adb130e236ed5155	result_figure	problem2_retrain_v2/results/aligned/full_runs/gate_B0_test252_mean10/seed2030/figures/test/local_missingness.png
problem_versions/problem2_retrain_v2/results/aligned/full_runs/gate_B0_test252_mean10/seed2030/test_scenarios/README.md	252	616b64fd2f9daf4836fd4e670add24a3bdf7213c5ee4779b28aedfc8c1c55734	result_markdown	problem2_retrain_v2/results/aligned/full_runs/gate_B0_test252_mean10/seed2030/test_scenarios/README.md
problem_versions/problem2_retrain_v2/results/aligned/full_runs/gate_B0_test252_mean10/seed2030/test_scenarios/local_scenarios.csv	51005	06765c1d44a9d7ec0890b7b37f4a1c8ee89c83743de1eec79a18b58dd34e38b7	result_summary	problem2_retrain_v2/results/aligned/full_runs/gate_B0_test252_mean10/seed2030/test_scenarios/local_scenarios.csv
problem_versions/problem2_retrain_v2/results/aligned/full_runs/gate_B0_test252_mean10/seed2031/figures/test/local_missingness.pdf	24683	12fccfe60eb0ccf9685a162d42760370e1b922b629e866186e4be5a32ca77ed8	result_figure	problem2_retrain_v2/results/aligned/full_runs/gate_B0_test252_mean10/seed2031/figures/test/local_missingness.pdf
problem_versions/problem2_retrain_v2/results/aligned/full_runs/gate_B0_test252_mean10/seed2031/figures/test/local_missingness.png	326453	b801373c4c905852a263a943ab964b64576af68b2ad4e0149ea7ce0b3ce3be92	result_figure	problem2_retrain_v2/results/aligned/full_runs/gate_B0_test252_mean10/seed2031/figures/test/local_missingness.png
problem_versions/problem2_retrain_v2/results/aligned/full_runs/gate_B0_test252_mean10/seed2031/test_scenarios/README.md	252	a87382cd02de2bd690953bd50db8caf27835417c3f908f9796ada962b405e277	result_markdown	problem2_retrain_v2/results/aligned/full_runs/gate_B0_test252_mean10/seed2031/test_scenarios/README.md
problem_versions/problem2_retrain_v2/results/aligned/full_runs/gate_B0_test252_mean10/seed2031/test_scenarios/local_scenarios.csv	50892	872e52f3af04c47c6e6f5dea5c1bc08b4ab76bee93008d6094f9af9b5ab5fec3	result_summary	problem2_retrain_v2/results/aligned/full_runs/gate_B0_test252_mean10/seed2031/test_scenarios/local_scenarios.csv
problem_versions/problem2_retrain_v2/results/aligned/full_runs/gate_B0_test252_mean10/seed2032/figures/test/local_missingness.pdf	24755	d1774a742950b0e97cfe0a083f26b57e02a4baf15f67620349dc2f426e4a0b4a	result_figure	problem2_retrain_v2/results/aligned/full_runs/gate_B0_test252_mean10/seed2032/figures/test/local_missingness.pdf
problem_versions/problem2_retrain_v2/results/aligned/full_runs/gate_B0_test252_mean10/seed2032/figures/test/local_missingness.png	333465	a235dc89b2efc757fa940f686a392ca6fccdb19dfc47a88151b7fcaf80137a50	result_figure	problem2_retrain_v2/results/aligned/full_runs/gate_B0_test252_mean10/seed2032/figures/test/local_missingness.png
problem_versions/problem2_retrain_v2/results/aligned/full_runs/gate_B0_test252_mean10/seed2032/test_scenarios/README.md	252	f205c29b0fd5d44b790c159c722a86941c34b490cb57f4735657006d2bd84b07	result_markdown	problem2_retrain_v2/results/aligned/full_runs/gate_B0_test252_mean10/seed2032/test_scenarios/README.md
problem_versions/problem2_retrain_v2/results/aligned/full_runs/gate_B0_test252_mean10/seed2032/test_scenarios/local_scenarios.csv	50720	a1171e6758506abe1ec12077ec7de65156d8cb7e4743eb8f17d3cf12caaaa61c	result_summary	problem2_retrain_v2/results/aligned/full_runs/gate_B0_test252_mean10/seed2032/test_scenarios/local_scenarios.csv
problem_versions/problem2_retrain_v2/results/aligned/full_runs/gate_B0_test252_mean10/seed2033/figures/test/local_missingness.pdf	24873	bc5a4cc73ce785b9432500208df567bec517fdbce2116080481cea054c82e871	result_figure	problem2_retrain_v2/results/aligned/full_runs/gate_B0_test252_mean10/seed2033/figures/test/local_missingness.pdf
problem_versions/problem2_retrain_v2/results/aligned/full_runs/gate_B0_test252_mean10/seed2033/figures/test/local_missingness.png	386422	fe9063e26af576385bad6fd44b8a0e121aaada2cbbb1725b1a6c1b757440ab83	result_figure	problem2_retrain_v2/results/aligned/full_runs/gate_B0_test252_mean10/seed2033/figures/test/local_missingness.png
problem_versions/problem2_retrain_v2/results/aligned/full_runs/gate_B0_test252_mean10/seed2033/test_scenarios/README.md	252	8c00739b5b1550079dfbb10991da47f710e2c88efd1674d077b750b6535ede04	result_markdown	problem2_retrain_v2/results/aligned/full_runs/gate_B0_test252_mean10/seed2033/test_scenarios/README.md
problem_versions/problem2_retrain_v2/results/aligned/full_runs/gate_B0_test252_mean10/seed2033/test_scenarios/local_scenarios.csv	50984	32d1b0a0026713287e27bc57e518366e93f7e3706d39438179c7e2c5c86789ed	result_summary	problem2_retrain_v2/results/aligned/full_runs/gate_B0_test252_mean10/seed2033/test_scenarios/local_scenarios.csv
problem_versions/problem2_retrain_v2/results/aligned/full_runs/gate_B0_test252_mean10/seed2034/figures/test/local_missingness.pdf	24659	f9fb0f0627303b42790bee785155a479c2704b9d28f67512bb9289ca997128b7	result_figure	problem2_retrain_v2/results/aligned/full_runs/gate_B0_test252_mean10/seed2034/figures/test/local_missingness.pdf
problem_versions/problem2_retrain_v2/results/aligned/full_runs/gate_B0_test252_mean10/seed2034/figures/test/local_missingness.png	342759	a167e88c320c63d3b3f7a97072665fc11c12262516fad79d78b6095e5e2775ad	result_figure	problem2_retrain_v2/results/aligned/full_runs/gate_B0_test252_mean10/seed2034/figures/test/local_missingness.png
problem_versions/problem2_retrain_v2/results/aligned/full_runs/gate_B0_test252_mean10/seed2034/test_scenarios/README.md	252	8cbc7126991cd97f01496da014d8ecacd01c57d508ec7374f0c1fd37fabb2c1e	result_markdown	problem2_retrain_v2/results/aligned/full_runs/gate_B0_test252_mean10/seed2034/test_scenarios/README.md
problem_versions/problem2_retrain_v2/results/aligned/full_runs/gate_B0_test252_mean10/seed2034/test_scenarios/local_scenarios.csv	50957	e8fe149c61aa2c130a8f99b7523bd6982931805f57849d67653cd03e5c3d99fa	result_summary	problem2_retrain_v2/results/aligned/full_runs/gate_B0_test252_mean10/seed2034/test_scenarios/local_scenarios.csv
problem_versions/problem2_retrain_v2/results/aligned/full_runs/gate_B0_test252_mean10/summary.json	532	78833b52d714a2daa2afc2df05b214644483197115ebafcd9aff1d898e8d5094	result_summary	problem2_retrain_v2/results/aligned/full_runs/gate_B0_test252_mean10/summary.json
problem_versions/problem2_retrain_v2/results/aligned/full_runs/gate_B0_test252_mean10/全部结果表.md	1712	63eb2a9b0de40809b70b6fb4c69fb0014a6e26af53f2288567d18c5d7e4df504	result_markdown	problem2_retrain_v2/results/aligned/full_runs/gate_B0_test252_mean10/全部结果表.md
problem_versions/problem2_retrain_v2/results/aligned/full_runs/gate_B0_test252_mean3/local_scenarios_by_seed.csv	155097	c30be4d91e67b0c3f03ff09b78a28294ebf4713a2d64de46a51352e81bfa4a62	result_summary	problem2_retrain_v2/results/aligned/full_runs/gate_B0_test252_mean3/local_scenarios_by_seed.csv
problem_versions/problem2_retrain_v2/results/aligned/full_runs/gate_B0_test252_mean3/seed2027/figures/test/local_missingness.pdf	24740	a2248842c0f9d73a3d6d5a2ee0eee305f1c21cef6f5e60f0719e56f2dcd69cbf	result_figure	problem2_retrain_v2/results/aligned/full_runs/gate_B0_test252_mean3/seed2027/figures/test/local_missingness.pdf
problem_versions/problem2_retrain_v2/results/aligned/full_runs/gate_B0_test252_mean3/seed2027/figures/test/local_missingness.png	327578	7a95eb5ba9ca8cb1c6decf27c576145dd6d709516f8c0aeca25876d3dcf26d33	result_figure	problem2_retrain_v2/results/aligned/full_runs/gate_B0_test252_mean3/seed2027/figures/test/local_missingness.png
problem_versions/problem2_retrain_v2/results/aligned/full_runs/gate_B0_test252_mean3/seed2027/test_scenarios/README.md	252	20831dc9d7aab377f6cab8cf09d1d0bbef41b444b5812b8880c6182880068aa0	result_markdown	problem2_retrain_v2/results/aligned/full_runs/gate_B0_test252_mean3/seed2027/test_scenarios/README.md
problem_versions/problem2_retrain_v2/results/aligned/full_runs/gate_B0_test252_mean3/seed2027/test_scenarios/local_scenarios.csv	50956	c3d2dd7fa06ca126636463201085a2c6bb024ac8b7c9ec7555d4bbc10790d064	result_summary	problem2_retrain_v2/results/aligned/full_runs/gate_B0_test252_mean3/seed2027/test_scenarios/local_scenarios.csv
problem_versions/problem2_retrain_v2/results/aligned/full_runs/gate_B0_test252_mean3/seed2028/figures/test/local_missingness.pdf	24456	b677ed1c1dd1f59b55d370a36abc07826cd64692df975e8621cdef94e264ddd5	result_figure	problem2_retrain_v2/results/aligned/full_runs/gate_B0_test252_mean3/seed2028/figures/test/local_missingness.pdf
problem_versions/problem2_retrain_v2/results/aligned/full_runs/gate_B0_test252_mean3/seed2028/figures/test/local_missingness.png	284545	359a6b07e67159fb9d1cd3eab016c19df784a0d42882ba33657c37c583030a6b	result_figure	problem2_retrain_v2/results/aligned/full_runs/gate_B0_test252_mean3/seed2028/figures/test/local_missingness.png
problem_versions/problem2_retrain_v2/results/aligned/full_runs/gate_B0_test252_mean3/seed2028/test_scenarios/README.md	252	184c955fe219e3a741a8dadfe279a52150c9f22b212a0189b9fe88d6bd1bb19b	result_markdown	problem2_retrain_v2/results/aligned/full_runs/gate_B0_test252_mean3/seed2028/test_scenarios/README.md
problem_versions/problem2_retrain_v2/results/aligned/full_runs/gate_B0_test252_mean3/seed2028/test_scenarios/local_scenarios.csv	51034	f3e714b2861bc0b8ab22abf8331da200886c6348d8bac0f138015898ce3f531d	result_summary	problem2_retrain_v2/results/aligned/full_runs/gate_B0_test252_mean3/seed2028/test_scenarios/local_scenarios.csv
problem_versions/problem2_retrain_v2/results/aligned/full_runs/gate_B0_test252_mean3/seed2035/figures/test/local_missingness.pdf	24736	eadf772f27e5aa28b81856fd3a4d84926dfa712fc3168aa8ba195d6fc7599e1f	result_figure	problem2_retrain_v2/results/aligned/full_runs/gate_B0_test252_mean3/seed2035/figures/test/local_missingness.pdf
problem_versions/problem2_retrain_v2/results/aligned/full_runs/gate_B0_test252_mean3/seed2035/figures/test/local_missingness.png	311216	c89e2fa60c3d6cc07fb9edb9b3e6d96429d052ef83906727d84db5f4c5c86f38	result_figure	problem2_retrain_v2/results/aligned/full_runs/gate_B0_test252_mean3/seed2035/figures/test/local_missingness.png
problem_versions/problem2_retrain_v2/results/aligned/full_runs/gate_B0_test252_mean3/seed2035/test_scenarios/README.md	252	bc7dcaa30b98e0af4d819348269effb88c2b7dc3fa0a19790c24806ebc6a7f37	result_markdown	problem2_retrain_v2/results/aligned/full_runs/gate_B0_test252_mean3/seed2035/test_scenarios/README.md
problem_versions/problem2_retrain_v2/results/aligned/full_runs/gate_B0_test252_mean3/seed2035/test_scenarios/local_scenarios.csv	51178	dafa8f95e4f7d01d4eda6598a269fbbf586d8fe639899db56b5051ca05643c1a	result_summary	problem2_retrain_v2/results/aligned/full_runs/gate_B0_test252_mean3/seed2035/test_scenarios/local_scenarios.csv
problem_versions/problem2_retrain_v2/results/aligned/full_runs/gate_B0_test252_mean3/summary.json	352	91924a71a92ede0492fec139d4fcf6fdf19646525c3994eeacb3e81902a54626	result_summary	problem2_retrain_v2/results/aligned/full_runs/gate_B0_test252_mean3/summary.json
problem_versions/problem2_retrain_v2/results/aligned/full_runs/gate_B0_test252_mean3/全部结果表.md	1802	16d926e80991a5f7d7e950270c2f19ec3bfc3cfdf21f2854fad897fc5225ee04	result_markdown	problem2_retrain_v2/results/aligned/full_runs/gate_B0_test252_mean3/全部结果表.md
problem_versions/problem2_retrain_v2/results/aligned/full_runs/gate_B0_test252_mean3/敏感结果分析报告.md	91	bf45c4686a2dd8b75f780efc9a4bc7b3ec741f1b687272bbb0f6b43acfe0de6c	result_markdown	problem2_retrain_v2/results/aligned/full_runs/gate_B0_test252_mean3/敏感结果分析报告.md
problem_versions/problem2_retrain_v2/results/aligned/runs/retrain_v2_aligned_modalgate_s2026/processed_po_seed2026/experiment_result.json	1170	3aef48a674348d535280ff0d033c313da1c719191dcdaf2bac039477b55acaf0	result_summary	problem2_retrain_v2/results/aligned/runs/retrain_v2_aligned_modalgate_s2026/processed_po_seed2026/experiment_result.json
problem_versions/problem2_retrain_v2/results/aligned/runs/retrain_v2_aligned_modalgate_s2026/processed_po_seed2026/figures/modality_alpha_summary.json	507	053c46daaf216c5eb847695170edab1878f092acd5ce8a41d3ee385e26a4a9d2	result_summary	problem2_retrain_v2/results/aligned/runs/retrain_v2_aligned_modalgate_s2026/processed_po_seed2026/figures/modality_alpha_summary.json
problem_versions/problem2_retrain_v2/results/aligned/runs/retrain_v2_aligned_modalgate_s2026/processed_po_seed2026/summary.json	1638	a1ec40630d64cbe35e44696471c1daa056c3eb5fa8086555a0620d301bed0f2c	result_summary	problem2_retrain_v2/results/aligned/runs/retrain_v2_aligned_modalgate_s2026/processed_po_seed2026/summary.json
problem_versions/problem2_retrain_v2/results/aligned/runs/retrain_v2_aligned_modalgate_s2026/results.csv	1053	05d7493839bb0bc08315db328d828c672422add22d606819c668dcbbfe5e2ef9	result_summary	problem2_retrain_v2/results/aligned/runs/retrain_v2_aligned_modalgate_s2026/results.csv
problem_versions/problem2_retrain_v2/results/aligned/runs/retrain_v2_aligned_modalgate_s2026/results.json	1253	ba311bcaef9509b455e67f3e62611694514f2ed164602b342718bf5df13415f6	result_summary	problem2_retrain_v2/results/aligned/runs/retrain_v2_aligned_modalgate_s2026/results.json
problem_versions/problem2_retrain_v2/results/aligned/runs/retrain_v2_aligned_modalgate_s2026/summary.csv	273	43c0e8477227776a482da816cd0a0c02ee2385e64d6b7bc1b51b2dfb848f7d30	result_summary	problem2_retrain_v2/results/aligned/runs/retrain_v2_aligned_modalgate_s2026/summary.csv
problem_versions/problem2_retrain_v2/results/aligned/runs/retrain_v2_aligned_modalgate_s2026/结果说明.md	612	6e016fbd605438daef48cdcaf94d189a16f49988a3a724e9dcd2ccd08f0cfe57	result_markdown	problem2_retrain_v2/results/aligned/runs/retrain_v2_aligned_modalgate_s2026/结果说明.md
problem_versions/problem2_retrain_v2/results/aligned/runs/retrain_v2_aligned_modalgate_s2027_2030/processed_po_seed2027/experiment_result.json	1176	25c8e044b948fdc379340c21d10da871f415f1fd84469cc0418be92c6f45e3b1	result_summary	problem2_retrain_v2/results/aligned/runs/retrain_v2_aligned_modalgate_s2027_2030/processed_po_seed2027/experiment_result.json
problem_versions/problem2_retrain_v2/results/aligned/runs/retrain_v2_aligned_modalgate_s2027_2030/processed_po_seed2027/summary.json	1630	cd9bafd5d19d9423cb30969a26700ebb68deba558cf11ae8dbfac15af769132f	result_summary	problem2_retrain_v2/results/aligned/runs/retrain_v2_aligned_modalgate_s2027_2030/processed_po_seed2027/summary.json
problem_versions/problem2_retrain_v2/results/aligned/runs/retrain_v2_aligned_modalgate_s2027_2030/processed_po_seed2028/experiment_result.json	1178	20ade6568f121f662e2e88836e59668a0bd806a077ba5297b2f9c06881dda79f	result_summary	problem2_retrain_v2/results/aligned/runs/retrain_v2_aligned_modalgate_s2027_2030/processed_po_seed2028/experiment_result.json
problem_versions/problem2_retrain_v2/results/aligned/runs/retrain_v2_aligned_modalgate_s2027_2030/processed_po_seed2028/summary.json	1642	b1e071050197dd35d4d51d026639a3f4e398a789713b55f15f75e81b0ede087a	result_summary	problem2_retrain_v2/results/aligned/runs/retrain_v2_aligned_modalgate_s2027_2030/processed_po_seed2028/summary.json
problem_versions/problem2_retrain_v2/results/aligned/runs/retrain_v2_aligned_modalgate_s2027_2030/processed_po_seed2029/experiment_result.json	1179	5b6b1a8ce4b228d956fd98da4e3253d547114afaf8ae83ee85bf495715bdb3d8	result_summary	problem2_retrain_v2/results/aligned/runs/retrain_v2_aligned_modalgate_s2027_2030/processed_po_seed2029/experiment_result.json
problem_versions/problem2_retrain_v2/results/aligned/runs/retrain_v2_aligned_modalgate_s2027_2030/processed_po_seed2029/summary.json	1630	39d0ee23e01b4b24a6c2d774be306dbc2ca93c80030cad9d14ca9c52c1d1d773	result_summary	problem2_retrain_v2/results/aligned/runs/retrain_v2_aligned_modalgate_s2027_2030/processed_po_seed2029/summary.json
problem_versions/problem2_retrain_v2/results/aligned/runs/retrain_v2_aligned_modalgate_s2027_2030/processed_po_seed2030/experiment_result.json	1192	387b06af9b428a8183927accd04072bba38ba26e9738df591c8b3988bc9b21b4	result_summary	problem2_retrain_v2/results/aligned/runs/retrain_v2_aligned_modalgate_s2027_2030/processed_po_seed2030/experiment_result.json
problem_versions/problem2_retrain_v2/results/aligned/runs/retrain_v2_aligned_modalgate_s2027_2030/processed_po_seed2030/summary.json	1644	f8833eba6bb134f54dfc0a8db625c71badf67dbeae7f453f268c6afb2689461c	result_summary	problem2_retrain_v2/results/aligned/runs/retrain_v2_aligned_modalgate_s2027_2030/processed_po_seed2030/summary.json
problem_versions/problem2_retrain_v2/results/aligned/runs/retrain_v2_aligned_modalgate_s2027_2030/results.csv	2800	ae12589c1955ee2c22e86780b3b20008bb58132522120ae5734a821d6166ce65	result_summary	problem2_retrain_v2/results/aligned/runs/retrain_v2_aligned_modalgate_s2027_2030/results.csv
problem_versions/problem2_retrain_v2/results/aligned/runs/retrain_v2_aligned_modalgate_s2027_2030/results.json	5055	a581cb99f0138cfe8aef7136d88df1ddb17e58057453cffb2a501a863f531a70	result_summary	problem2_retrain_v2/results/aligned/runs/retrain_v2_aligned_modalgate_s2027_2030/results.json
problem_versions/problem2_retrain_v2/results/aligned/runs/retrain_v2_aligned_modalgate_s2027_2030/summary.csv	295	6e06b32fc43c068528e39c244f63af9ccf955ec5b335d5868fdb7fad58ccc1d4	result_summary	problem2_retrain_v2/results/aligned/runs/retrain_v2_aligned_modalgate_s2027_2030/summary.csv
problem_versions/problem2_retrain_v2/results/aligned/runs/retrain_v2_aligned_modalgate_s2027_2030/结果说明.md	903	9efe913af2a7469ee2c7d691f5ba1d40046efaf4df00be3519a44682b614d28b	result_markdown	problem2_retrain_v2/results/aligned/runs/retrain_v2_aligned_modalgate_s2027_2030/结果说明.md
problem_versions/problem2_retrain_v2/results/five_seeds_aligned_unaligned_full.md	962	c098d2e8a6a5abeea954e6c8bbdaa4ed5365320038b556070020b5051a8af24d	result_markdown	problem2_retrain_v2/results/five_seeds_aligned_unaligned_full.md
problem_versions/problem2_retrain_v2/results/seed2026_aligned_unaligned_full.md	422	c2c88bb794da0ae965792a1a316151d7e54cd0ffdc5a5a7629dcbb2a78bfb832	result_markdown	problem2_retrain_v2/results/seed2026_aligned_unaligned_full.md
problem_versions/problem2_retrain_v2/results/unaligned/ablations/softalign_gate_component_ablation_five_seeds/figures/01_ablation.pdf	26120	6d9d3d4e4d7b05883a00ee7348a922dd21fef50a7c10ba04f65231b3796f68a9	result_figure	problem2_retrain_v2/results/unaligned/ablations/softalign_gate_component_ablation_five_seeds/figures/01_ablation.pdf
problem_versions/problem2_retrain_v2/results/unaligned/ablations/softalign_gate_component_ablation_five_seeds/figures/01_ablation.png	167614	3f1d05845206a525ea8ccbcbf12b227f0c6e1665265c24a7f66cff653533124d	result_figure	problem2_retrain_v2/results/unaligned/ablations/softalign_gate_component_ablation_five_seeds/figures/01_ablation.png
problem_versions/problem2_retrain_v2/results/unaligned/ablations/softalign_gate_component_ablation_five_seeds/metrics.csv	4637	8068496c6ba45a711a838090ae9433450f334a6d868c90d4591410e7930b33b1	result_summary	problem2_retrain_v2/results/unaligned/ablations/softalign_gate_component_ablation_five_seeds/metrics.csv
problem_versions/problem2_retrain_v2/results/unaligned/ablations/softalign_gate_component_ablation_five_seeds/primary_summary.csv	1562	3c8219858eb90a00b54e3f87b1945a577e4633c3da9b033050f3d4c543e8c115	result_summary	problem2_retrain_v2/results/unaligned/ablations/softalign_gate_component_ablation_five_seeds/primary_summary.csv
problem_versions/problem2_retrain_v2/results/unaligned/ablations/softalign_gate_component_ablation_five_seeds/runs/B0_seed2026/analysis_done.json	105	57106b57fcad2dac433f51fee34c2eddbccf74443e381e63dc1c9ae1d5dd64cd	result_summary	problem2_retrain_v2/results/unaligned/ablations/softalign_gate_component_ablation_five_seeds/runs/B0_seed2026/analysis_done.json
problem_versions/problem2_retrain_v2/results/unaligned/ablations/softalign_gate_component_ablation_five_seeds/runs/B0_seed2026/metrics.csv	330	077caf3baf7b7b9519bd995d6afa381b6e8361d1016f676d80ff808c6a6549eb	result_summary	problem2_retrain_v2/results/unaligned/ablations/softalign_gate_component_ablation_five_seeds/runs/B0_seed2026/metrics.csv
problem_versions/problem2_retrain_v2/results/unaligned/ablations/softalign_gate_component_ablation_five_seeds/runs/B0_seed2026/summary.json	1664	bd0f3cd597bca495476021f6435c14b302f16fca2a70860dd599619a8c8b4785	result_summary	problem2_retrain_v2/results/unaligned/ablations/softalign_gate_component_ablation_five_seeds/runs/B0_seed2026/summary.json
problem_versions/problem2_retrain_v2/results/unaligned/ablations/softalign_gate_component_ablation_five_seeds/runs/B0_seed2027/analysis_done.json	105	85d93d838035333811757a81ce09caf3a8642043203f5ae0935aab174aaf1042	result_summary	problem2_retrain_v2/results/unaligned/ablations/softalign_gate_component_ablation_five_seeds/runs/B0_seed2027/analysis_done.json
problem_versions/problem2_retrain_v2/results/unaligned/ablations/softalign_gate_component_ablation_five_seeds/runs/B0_seed2027/metrics.csv	322	fe0daf07dfd20c1daece7eb20ce0280ce31b1a55b43e43aa8bd257acbfe6aa89	result_summary	problem2_retrain_v2/results/unaligned/ablations/softalign_gate_component_ablation_five_seeds/runs/B0_seed2027/metrics.csv
problem_versions/problem2_retrain_v2/results/unaligned/ablations/softalign_gate_component_ablation_five_seeds/runs/B0_seed2027/summary.json	1664	881aeca92e32be38e72f5ac29deede755fa40cee836f0007c75abc0633464496	result_summary	problem2_retrain_v2/results/unaligned/ablations/softalign_gate_component_ablation_five_seeds/runs/B0_seed2027/summary.json
problem_versions/problem2_retrain_v2/results/unaligned/ablations/softalign_gate_component_ablation_five_seeds/runs/B0_seed2028/analysis_done.json	105	fd6b01219628d1eb47e9011267e39deb5ff6cc209517ef9e9a8e687d2b3254af	result_summary	problem2_retrain_v2/results/unaligned/ablations/softalign_gate_component_ablation_five_seeds/runs/B0_seed2028/analysis_done.json
problem_versions/problem2_retrain_v2/results/unaligned/ablations/softalign_gate_component_ablation_five_seeds/runs/B0_seed2028/metrics.csv	334	f519fe11fffe796c265274d13ae246f18ba8d4f860145a5d21ea619eb2c1aa91	result_summary	problem2_retrain_v2/results/unaligned/ablations/softalign_gate_component_ablation_five_seeds/runs/B0_seed2028/metrics.csv
problem_versions/problem2_retrain_v2/results/unaligned/ablations/softalign_gate_component_ablation_five_seeds/runs/B0_seed2028/summary.json	1663	702662413b093252499e0df7f0f7f4ae4eae2ef46d80f7ce10c71fd3e26d53ac	result_summary	problem2_retrain_v2/results/unaligned/ablations/softalign_gate_component_ablation_five_seeds/runs/B0_seed2028/summary.json
problem_versions/problem2_retrain_v2/results/unaligned/ablations/softalign_gate_component_ablation_five_seeds/runs/B0_seed2029/analysis_done.json	105	b770f8a9de5c1af7ba6a2144eafdf627c855fa6da7943a2d2c97880fa0051692	result_summary	problem2_retrain_v2/results/unaligned/ablations/softalign_gate_component_ablation_five_seeds/runs/B0_seed2029/analysis_done.json
problem_versions/problem2_retrain_v2/results/unaligned/ablations/softalign_gate_component_ablation_five_seeds/runs/B0_seed2029/metrics.csv	332	8478fb6a0ebd7b88a060bb3a518645db89e0ee90c62afe3cc1d54ac48202facf	result_summary	problem2_retrain_v2/results/unaligned/ablations/softalign_gate_component_ablation_five_seeds/runs/B0_seed2029/metrics.csv
problem_versions/problem2_retrain_v2/results/unaligned/ablations/softalign_gate_component_ablation_five_seeds/runs/B0_seed2029/summary.json	1648	7ce0b8798b50780a13c18444acb50085e084c1b68a6f5d5c85a71c4467299cde	result_summary	problem2_retrain_v2/results/unaligned/ablations/softalign_gate_component_ablation_five_seeds/runs/B0_seed2029/summary.json
problem_versions/problem2_retrain_v2/results/unaligned/ablations/softalign_gate_component_ablation_five_seeds/runs/B0_seed2030/analysis_done.json	105	6d06e01cf00319353603ce0600f290823239407c62b4fc3232233385eea6d29e	result_summary	problem2_retrain_v2/results/unaligned/ablations/softalign_gate_component_ablation_five_seeds/runs/B0_seed2030/analysis_done.json
problem_versions/problem2_retrain_v2/results/unaligned/ablations/softalign_gate_component_ablation_five_seeds/runs/B0_seed2030/metrics.csv	333	3742bd2c8c6226af3a301d51de14937067d439f830c7e22c40f0477ec1d79f08	result_summary	problem2_retrain_v2/results/unaligned/ablations/softalign_gate_component_ablation_five_seeds/runs/B0_seed2030/metrics.csv
problem_versions/problem2_retrain_v2/results/unaligned/ablations/softalign_gate_component_ablation_five_seeds/runs/B0_seed2030/summary.json	1648	6d85a632013ee8626adc1bc39638d61cf8f18502e2b69a95f8605a73e429e400	result_summary	problem2_retrain_v2/results/unaligned/ablations/softalign_gate_component_ablation_five_seeds/runs/B0_seed2030/summary.json
problem_versions/problem2_retrain_v2/results/unaligned/ablations/softalign_gate_component_ablation_five_seeds/runs/noB_seed2026/analysis_done.json	106	8cffdf1befa3b403eb78f5081c7dc2fdb36d07b791743a6f2858b659140048de	result_summary	problem2_retrain_v2/results/unaligned/ablations/softalign_gate_component_ablation_five_seeds/runs/noB_seed2026/analysis_done.json
problem_versions/problem2_retrain_v2/results/unaligned/ablations/softalign_gate_component_ablation_five_seeds/runs/noB_seed2026/metrics.csv	331	b038734ab1f378baae514b66b93c4b427a8cff37abdde7c2774ef225bedb929f	result_summary	problem2_retrain_v2/results/unaligned/ablations/softalign_gate_component_ablation_five_seeds/runs/noB_seed2026/metrics.csv
problem_versions/problem2_retrain_v2/results/unaligned/ablations/softalign_gate_component_ablation_five_seeds/runs/noB_seed2026/summary.json	1653	04eecfd77b4fe223b0c9e92f668d269cfa63a2467bab886932165bcfc74bd7d9	result_summary	problem2_retrain_v2/results/unaligned/ablations/softalign_gate_component_ablation_five_seeds/runs/noB_seed2026/summary.json
problem_versions/problem2_retrain_v2/results/unaligned/ablations/softalign_gate_component_ablation_five_seeds/runs/noB_seed2027/analysis_done.json	106	14d39c7a868247ddb5baf3328ee1efe3ee992f754ab151edd301fdfa16ee0f93	result_summary	problem2_retrain_v2/results/unaligned/ablations/softalign_gate_component_ablation_five_seeds/runs/noB_seed2027/analysis_done.json
problem_versions/problem2_retrain_v2/results/unaligned/ablations/softalign_gate_component_ablation_five_seeds/runs/noB_seed2027/metrics.csv	333	9f7dc8f9ca9e5d129ecb7b106b72692b0f0094e4735f62770a9b812c4d338899	result_summary	problem2_retrain_v2/results/unaligned/ablations/softalign_gate_component_ablation_five_seeds/runs/noB_seed2027/metrics.csv
problem_versions/problem2_retrain_v2/results/unaligned/ablations/softalign_gate_component_ablation_five_seeds/runs/noB_seed2027/summary.json	1651	f7247a89a0ab09a6df1b46d25521e951d37b9d537bbf2fe876d5d5b9de2ca43f	result_summary	problem2_retrain_v2/results/unaligned/ablations/softalign_gate_component_ablation_five_seeds/runs/noB_seed2027/summary.json
problem_versions/problem2_retrain_v2/results/unaligned/ablations/softalign_gate_component_ablation_five_seeds/runs/noB_seed2028/analysis_done.json	106	d83c3d4edf63cd83df818eb04c2844912de44bf1be977a79f71295c2805f8301	result_summary	problem2_retrain_v2/results/unaligned/ablations/softalign_gate_component_ablation_five_seeds/runs/noB_seed2028/analysis_done.json
problem_versions/problem2_retrain_v2/results/unaligned/ablations/softalign_gate_component_ablation_five_seeds/runs/noB_seed2028/metrics.csv	334	f96c7576f8a25056a7b78c618c2396739b2cbb28f89f26d628cd634dfe5449bf	result_summary	problem2_retrain_v2/results/unaligned/ablations/softalign_gate_component_ablation_five_seeds/runs/noB_seed2028/metrics.csv
problem_versions/problem2_retrain_v2/results/unaligned/ablations/softalign_gate_component_ablation_five_seeds/runs/noB_seed2028/summary.json	1650	7d25d7913a648d0333de7f9c1d524ff8ff7869d3229bc281c7d29c4b24cbc9b6	result_summary	problem2_retrain_v2/results/unaligned/ablations/softalign_gate_component_ablation_five_seeds/runs/noB_seed2028/summary.json
problem_versions/problem2_retrain_v2/results/unaligned/ablations/softalign_gate_component_ablation_five_seeds/runs/noB_seed2029/analysis_done.json	106	949fefd91c5aa5250dba2f0646a861248c181fee98e2ba97b057db2440b9bb62	result_summary	problem2_retrain_v2/results/unaligned/ablations/softalign_gate_component_ablation_five_seeds/runs/noB_seed2029/analysis_done.json
problem_versions/problem2_retrain_v2/results/unaligned/ablations/softalign_gate_component_ablation_five_seeds/runs/noB_seed2029/metrics.csv	334	745c5c885cabe6f946ec2ff4f353bf01ab56da7ae240d24b5eea6542dffd0697	result_summary	problem2_retrain_v2/results/unaligned/ablations/softalign_gate_component_ablation_five_seeds/runs/noB_seed2029/metrics.csv
problem_versions/problem2_retrain_v2/results/unaligned/ablations/softalign_gate_component_ablation_five_seeds/runs/noB_seed2029/summary.json	1638	f55920a5ffbf7097e3258888e1c362dbb4de9e13e5d0582d60aae23687ca8bfc	result_summary	problem2_retrain_v2/results/unaligned/ablations/softalign_gate_component_ablation_five_seeds/runs/noB_seed2029/summary.json
problem_versions/problem2_retrain_v2/results/unaligned/ablations/softalign_gate_component_ablation_five_seeds/runs/noB_seed2030/analysis_done.json	106	a27f243b56a4769181efa0ec3fc5837b260361329f765abc9a1b0b6fd594aa39	result_summary	problem2_retrain_v2/results/unaligned/ablations/softalign_gate_component_ablation_five_seeds/runs/noB_seed2030/analysis_done.json
problem_versions/problem2_retrain_v2/results/unaligned/ablations/softalign_gate_component_ablation_five_seeds/runs/noB_seed2030/metrics.csv	334	f363de097ab4c2147b1d7aaf41921aaedcbe9a9d8500da5b3d668c507333a97e	result_summary	problem2_retrain_v2/results/unaligned/ablations/softalign_gate_component_ablation_five_seeds/runs/noB_seed2030/metrics.csv
problem_versions/problem2_retrain_v2/results/unaligned/ablations/softalign_gate_component_ablation_five_seeds/runs/noB_seed2030/summary.json	1654	b28ac8faa8acbd85636fa628a37d3b58a2faa7420b95353fc7cbd72c3ba9a41b	result_summary	problem2_retrain_v2/results/unaligned/ablations/softalign_gate_component_ablation_five_seeds/runs/noB_seed2030/summary.json
problem_versions/problem2_retrain_v2/results/unaligned/ablations/softalign_gate_component_ablation_five_seeds/runs/noBeta_seed2026/analysis_done.json	109	ae6ee9993474729f6daf43c940304bc57743bd0acd64ebce0b11e49e9ca39938	result_summary	problem2_retrain_v2/results/unaligned/ablations/softalign_gate_component_ablation_five_seeds/runs/noBeta_seed2026/analysis_done.json
problem_versions/problem2_retrain_v2/results/unaligned/ablations/softalign_gate_component_ablation_five_seeds/runs/noBeta_seed2026/metrics.csv	335	7c74f60283db789fe4745418bebb26cd77f8f8adae9e41d32381b23a789473f0	result_summary	problem2_retrain_v2/results/unaligned/ablations/softalign_gate_component_ablation_five_seeds/runs/noBeta_seed2026/metrics.csv
problem_versions/problem2_retrain_v2/results/unaligned/ablations/softalign_gate_component_ablation_five_seeds/runs/noBeta_seed2026/summary.json	1610	c6195a7f71c930235cd3c9699862167dd89d959e054c538bd420b3e77f5ce01f	result_summary	problem2_retrain_v2/results/unaligned/ablations/softalign_gate_component_ablation_five_seeds/runs/noBeta_seed2026/summary.json
problem_versions/problem2_retrain_v2/results/unaligned/ablations/softalign_gate_component_ablation_five_seeds/runs/noBeta_seed2027/analysis_done.json	109	1847676e641a5142c8dd6300fd644ad3e0babc81ff5db2c512b26365cb0952f6	result_summary	problem2_retrain_v2/results/unaligned/ablations/softalign_gate_component_ablation_five_seeds/runs/noBeta_seed2027/analysis_done.json
problem_versions/problem2_retrain_v2/results/unaligned/ablations/softalign_gate_component_ablation_five_seeds/runs/noBeta_seed2027/metrics.csv	337	74b3a7f5dd4a72a90baa0ecc25959ba86786b3e1be4bf6282574800d4daa7dbd	result_summary	problem2_retrain_v2/results/unaligned/ablations/softalign_gate_component_ablation_five_seeds/runs/noBeta_seed2027/metrics.csv
problem_versions/problem2_retrain_v2/results/unaligned/ablations/softalign_gate_component_ablation_five_seeds/runs/noBeta_seed2027/summary.json	1609	4f86a8ea55886e840c3ca434cbd098b4ae03942c34804730b4e083d5e5d88c5b	result_summary	problem2_retrain_v2/results/unaligned/ablations/softalign_gate_component_ablation_five_seeds/runs/noBeta_seed2027/summary.json
problem_versions/problem2_retrain_v2/results/unaligned/ablations/softalign_gate_component_ablation_five_seeds/runs/noBeta_seed2028/analysis_done.json	109	d4e1e8978f86583eba9270a62c69680a75cabb00b0e102c25e92c2db166e7b4d	result_summary	problem2_retrain_v2/results/unaligned/ablations/softalign_gate_component_ablation_five_seeds/runs/noBeta_seed2028/analysis_done.json
problem_versions/problem2_retrain_v2/results/unaligned/ablations/softalign_gate_component_ablation_five_seeds/runs/noBeta_seed2028/metrics.csv	335	030fec58057bbf7ce5c8368313450efa9b923b9c1765f8b0788b04ce7fbe430e	result_summary	problem2_retrain_v2/results/unaligned/ablations/softalign_gate_component_ablation_five_seeds/runs/noBeta_seed2028/metrics.csv
problem_versions/problem2_retrain_v2/results/unaligned/ablations/softalign_gate_component_ablation_five_seeds/runs/noBeta_seed2028/summary.json	1597	de795985cfb48e4635a0bc147a8636e8a7603e926ea32c2a7090ac53f701152f	result_summary	problem2_retrain_v2/results/unaligned/ablations/softalign_gate_component_ablation_five_seeds/runs/noBeta_seed2028/summary.json
problem_versions/problem2_retrain_v2/results/unaligned/ablations/softalign_gate_component_ablation_five_seeds/runs/noBeta_seed2029/analysis_done.json	109	c7189ce7e6ed52d9ff9cee9d458215f02ed4e65326c3e77d85839dabfa4d6b04	result_summary	problem2_retrain_v2/results/unaligned/ablations/softalign_gate_component_ablation_five_seeds/runs/noBeta_seed2029/analysis_done.json
problem_versions/problem2_retrain_v2/results/unaligned/ablations/softalign_gate_component_ablation_five_seeds/runs/noBeta_seed2029/metrics.csv	337	58ea6ff1c3ce9c0f180bdba80acb17ff98e58fd605d4982138823122de1e7f1f	result_summary	problem2_retrain_v2/results/unaligned/ablations/softalign_gate_component_ablation_five_seeds/runs/noBeta_seed2029/metrics.csv
problem_versions/problem2_retrain_v2/results/unaligned/ablations/softalign_gate_component_ablation_five_seeds/runs/noBeta_seed2029/summary.json	1596	7acb9eb1acd011d19a5a57b775f0dc5ea346ae9ca7674005213ac25b4ed8a343	result_summary	problem2_retrain_v2/results/unaligned/ablations/softalign_gate_component_ablation_five_seeds/runs/noBeta_seed2029/summary.json
problem_versions/problem2_retrain_v2/results/unaligned/ablations/softalign_gate_component_ablation_five_seeds/runs/noBeta_seed2030/analysis_done.json	109	ee96bc21a7e55bab1e7abf62219b6dbf2f21b18f4b4051a74faee3dabaa9464c	result_summary	problem2_retrain_v2/results/unaligned/ablations/softalign_gate_component_ablation_five_seeds/runs/noBeta_seed2030/analysis_done.json
problem_versions/problem2_retrain_v2/results/unaligned/ablations/softalign_gate_component_ablation_five_seeds/runs/noBeta_seed2030/metrics.csv	336	12f024fcac305fac9958e51d317cafd26e793fe55251d870f5bfc92d0aa9f5a7	result_summary	problem2_retrain_v2/results/unaligned/ablations/softalign_gate_component_ablation_five_seeds/runs/noBeta_seed2030/metrics.csv
problem_versions/problem2_retrain_v2/results/unaligned/ablations/softalign_gate_component_ablation_five_seeds/runs/noBeta_seed2030/summary.json	1611	822a669f138159069fa25090fe9f4d3ddf148c5be6184777b2760602b97dfc22	result_summary	problem2_retrain_v2/results/unaligned/ablations/softalign_gate_component_ablation_five_seeds/runs/noBeta_seed2030/summary.json
problem_versions/problem2_retrain_v2/results/unaligned/ablations/softalign_gate_component_ablation_five_seeds/runs/noC_seed2026/analysis_done.json	106	53442fb9264067b0ba3162e263f81962a16806018d067b371e32fa2a2b57d223	result_summary	problem2_retrain_v2/results/unaligned/ablations/softalign_gate_component_ablation_five_seeds/runs/noC_seed2026/analysis_done.json
problem_versions/problem2_retrain_v2/results/unaligned/ablations/softalign_gate_component_ablation_five_seeds/runs/noC_seed2026/metrics.csv	331	e8e6c91b1b844aea7b30d73fc7a3a221bdc61fcde34d47207acae8956cfb99f4	result_summary	problem2_retrain_v2/results/unaligned/ablations/softalign_gate_component_ablation_five_seeds/runs/noC_seed2026/metrics.csv
problem_versions/problem2_retrain_v2/results/unaligned/ablations/softalign_gate_component_ablation_five_seeds/runs/noC_seed2026/summary.json	1649	1d9b5f7a14538a05f93f9eba8a904075279d242458116fc1409e8b04278f2706	result_summary	problem2_retrain_v2/results/unaligned/ablations/softalign_gate_component_ablation_five_seeds/runs/noC_seed2026/summary.json
problem_versions/problem2_retrain_v2/results/unaligned/ablations/softalign_gate_component_ablation_five_seeds/runs/noC_seed2027/analysis_done.json	106	afdb3ae2aa814cd2719c8ca35f815436290fea85b8b030baa3bc931d6af143c5	result_summary	problem2_retrain_v2/results/unaligned/ablations/softalign_gate_component_ablation_five_seeds/runs/noC_seed2027/analysis_done.json
problem_versions/problem2_retrain_v2/results/unaligned/ablations/softalign_gate_component_ablation_five_seeds/runs/noC_seed2027/metrics.csv	331	1b9b723985c07eae5efdcedbcb0219df573cdebf420cd076850da3b17a24fdce	result_summary	problem2_retrain_v2/results/unaligned/ablations/softalign_gate_component_ablation_five_seeds/runs/noC_seed2027/metrics.csv
problem_versions/problem2_retrain_v2/results/unaligned/ablations/softalign_gate_component_ablation_five_seeds/runs/noC_seed2027/summary.json	1663	fa139709ed02c66cf901233fd4fc3cca488c7ac259b00e02b1ff104a3b02839a	result_summary	problem2_retrain_v2/results/unaligned/ablations/softalign_gate_component_ablation_five_seeds/runs/noC_seed2027/summary.json
problem_versions/problem2_retrain_v2/results/unaligned/ablations/softalign_gate_component_ablation_five_seeds/runs/noC_seed2028/analysis_done.json	106	b9920a0211b45a5d928e0e9c9da468ef6d80a17e5a4ef083bccac61ec506b687	result_summary	problem2_retrain_v2/results/unaligned/ablations/softalign_gate_component_ablation_five_seeds/runs/noC_seed2028/analysis_done.json
problem_versions/problem2_retrain_v2/results/unaligned/ablations/softalign_gate_component_ablation_five_seeds/runs/noC_seed2028/metrics.csv	334	160b2ea23e9a1073a4600f666cb4e8111283be4d755384b00ac523208209b519	result_summary	problem2_retrain_v2/results/unaligned/ablations/softalign_gate_component_ablation_five_seeds/runs/noC_seed2028/metrics.csv
problem_versions/problem2_retrain_v2/results/unaligned/ablations/softalign_gate_component_ablation_five_seeds/runs/noC_seed2028/summary.json	1667	9328ffbca245583973c017dfc135e199614f0c2d17652895af9ca2723f17fb14	result_summary	problem2_retrain_v2/results/unaligned/ablations/softalign_gate_component_ablation_five_seeds/runs/noC_seed2028/summary.json
problem_versions/problem2_retrain_v2/results/unaligned/ablations/softalign_gate_component_ablation_five_seeds/runs/noC_seed2029/analysis_done.json	106	282f0eba9a523b46a62c18aa69c2a2e0303faccdc071726a073b91de37607c2c	result_summary	problem2_retrain_v2/results/unaligned/ablations/softalign_gate_component_ablation_five_seeds/runs/noC_seed2029/analysis_done.json
problem_versions/problem2_retrain_v2/results/unaligned/ablations/softalign_gate_component_ablation_five_seeds/runs/noC_seed2029/metrics.csv	319	da018f795104dae02e9510d71831a5daf10f6932a4086c4b9f152f187769a469	result_summary	problem2_retrain_v2/results/unaligned/ablations/softalign_gate_component_ablation_five_seeds/runs/noC_seed2029/metrics.csv
problem_versions/problem2_retrain_v2/results/unaligned/ablations/softalign_gate_component_ablation_five_seeds/runs/noC_seed2029/summary.json	1650	c5c3c2593c03f0ed1afd3e4677875f9c11a3c49d56532e33167fa0d44f128cd0	result_summary	problem2_retrain_v2/results/unaligned/ablations/softalign_gate_component_ablation_five_seeds/runs/noC_seed2029/summary.json
problem_versions/problem2_retrain_v2/results/unaligned/ablations/softalign_gate_component_ablation_five_seeds/runs/noC_seed2030/analysis_done.json	106	52a69cb0d8dfb28053712dc730a90a266fc4a46ecb64fbfc99955c8e44d89630	result_summary	problem2_retrain_v2/results/unaligned/ablations/softalign_gate_component_ablation_five_seeds/runs/noC_seed2030/analysis_done.json
problem_versions/problem2_retrain_v2/results/unaligned/ablations/softalign_gate_component_ablation_five_seeds/runs/noC_seed2030/metrics.csv	335	b1c5f41d7006705bf02664cf91860c5c33f08a9c03e777f9a21177995efe6922	result_summary	problem2_retrain_v2/results/unaligned/ablations/softalign_gate_component_ablation_five_seeds/runs/noC_seed2030/metrics.csv
problem_versions/problem2_retrain_v2/results/unaligned/ablations/softalign_gate_component_ablation_five_seeds/runs/noC_seed2030/summary.json	1651	d24e264d1e2068c4ea0a3f6f468dd82b32b9d6b1fe82049c2cc373af11e4d589	result_summary	problem2_retrain_v2/results/unaligned/ablations/softalign_gate_component_ablation_five_seeds/runs/noC_seed2030/summary.json
problem_versions/problem2_retrain_v2/results/unaligned/ablations/softalign_gate_component_ablation_five_seeds/runs/noQ_seed2026/analysis_done.json	106	18e9e73310895ccd355bc02da52e390aeb448b1938092aada535eef8ec6e024e	result_summary	problem2_retrain_v2/results/unaligned/ablations/softalign_gate_component_ablation_five_seeds/runs/noQ_seed2026/analysis_done.json
problem_versions/problem2_retrain_v2/results/unaligned/ablations/softalign_gate_component_ablation_five_seeds/runs/noQ_seed2026/metrics.csv	331	601e840dc7a0c8527d131f5279cdd0817b4b4c48584961300a1e10e793c9ae95	result_summary	problem2_retrain_v2/results/unaligned/ablations/softalign_gate_component_ablation_five_seeds/runs/noQ_seed2026/metrics.csv
problem_versions/problem2_retrain_v2/results/unaligned/ablations/softalign_gate_component_ablation_five_seeds/runs/noQ_seed2026/summary.json	1667	f52f67305b40331bc1862ea4d12596d07bb60806ea8d044bcb5d29a6a7cf69e3	result_summary	problem2_retrain_v2/results/unaligned/ablations/softalign_gate_component_ablation_five_seeds/runs/noQ_seed2026/summary.json
problem_versions/problem2_retrain_v2/results/unaligned/ablations/softalign_gate_component_ablation_five_seeds/runs/noQ_seed2027/analysis_done.json	106	58fd5ea821a7601710db98b86a9b7b90248bd32dcd92306abbff1fc881664334	result_summary	problem2_retrain_v2/results/unaligned/ablations/softalign_gate_component_ablation_five_seeds/runs/noQ_seed2027/analysis_done.json
problem_versions/problem2_retrain_v2/results/unaligned/ablations/softalign_gate_component_ablation_five_seeds/runs/noQ_seed2027/metrics.csv	334	d350def4ece56a2d349f4b555b4a83533ed5b47967cabdf314b7840b5487c5da	result_summary	problem2_retrain_v2/results/unaligned/ablations/softalign_gate_component_ablation_five_seeds/runs/noQ_seed2027/metrics.csv
problem_versions/problem2_retrain_v2/results/unaligned/ablations/softalign_gate_component_ablation_five_seeds/runs/noQ_seed2027/summary.json	1658	b467f358492931eaef17c274d2ece68bf36b222b3f0c94164c825a8281794777	result_summary	problem2_retrain_v2/results/unaligned/ablations/softalign_gate_component_ablation_five_seeds/runs/noQ_seed2027/summary.json
problem_versions/problem2_retrain_v2/results/unaligned/ablations/softalign_gate_component_ablation_five_seeds/runs/noQ_seed2028/analysis_done.json	106	a565de5464dddd345560cf6fc386f6b62dc7b7338c74e63e4692bfc1bd3d7b29	result_summary	problem2_retrain_v2/results/unaligned/ablations/softalign_gate_component_ablation_five_seeds/runs/noQ_seed2028/analysis_done.json
problem_versions/problem2_retrain_v2/results/unaligned/ablations/softalign_gate_component_ablation_five_seeds/runs/noQ_seed2028/metrics.csv	331	1d49a8fb669ccc001feca5497f7a783cac6fd2e53eafc957e649543bb2c2b725	result_summary	problem2_retrain_v2/results/unaligned/ablations/softalign_gate_component_ablation_five_seeds/runs/noQ_seed2028/metrics.csv
problem_versions/problem2_retrain_v2/results/unaligned/ablations/softalign_gate_component_ablation_five_seeds/runs/noQ_seed2028/summary.json	1666	1e2fc52446d475d5e2cb45440296d85eeb7fe4e7dcb12ef0578f202b9dc59765	result_summary	problem2_retrain_v2/results/unaligned/ablations/softalign_gate_component_ablation_five_seeds/runs/noQ_seed2028/summary.json
problem_versions/problem2_retrain_v2/results/unaligned/ablations/softalign_gate_component_ablation_five_seeds/runs/noQ_seed2029/analysis_done.json	106	344c24d3cb39529ebba0b8bea269202f9972804f532189ee378e1a304107d331	result_summary	problem2_retrain_v2/results/unaligned/ablations/softalign_gate_component_ablation_five_seeds/runs/noQ_seed2029/analysis_done.json
problem_versions/problem2_retrain_v2/results/unaligned/ablations/softalign_gate_component_ablation_five_seeds/runs/noQ_seed2029/metrics.csv	334	0ca00bfc45d9f5444b9245405e4f5178bf12698f2a4eaa66094a30cf4f639d9d	result_summary	problem2_retrain_v2/results/unaligned/ablations/softalign_gate_component_ablation_five_seeds/runs/noQ_seed2029/metrics.csv
problem_versions/problem2_retrain_v2/results/unaligned/ablations/softalign_gate_component_ablation_five_seeds/runs/noQ_seed2029/summary.json	1650	bdb6f6d3bd4209acaecf05a77b86e12233617d633743fedf3065ae9cc56aacfa	result_summary	problem2_retrain_v2/results/unaligned/ablations/softalign_gate_component_ablation_five_seeds/runs/noQ_seed2029/summary.json
problem_versions/problem2_retrain_v2/results/unaligned/ablations/softalign_gate_component_ablation_five_seeds/runs/noQ_seed2030/analysis_done.json	106	6cc1fe90c424ba2570d470287f728b4034f56c07703a13dc21a2d8ae4be59b7f	result_summary	problem2_retrain_v2/results/unaligned/ablations/softalign_gate_component_ablation_five_seeds/runs/noQ_seed2030/analysis_done.json
problem_versions/problem2_retrain_v2/results/unaligned/ablations/softalign_gate_component_ablation_five_seeds/runs/noQ_seed2030/metrics.csv	333	b89aed86fd663696da0378efcafe830a1d25a5e81c34c824545f33f7554e1826	result_summary	problem2_retrain_v2/results/unaligned/ablations/softalign_gate_component_ablation_five_seeds/runs/noQ_seed2030/metrics.csv
problem_versions/problem2_retrain_v2/results/unaligned/ablations/softalign_gate_component_ablation_five_seeds/runs/noQ_seed2030/summary.json	1651	54af04833adc917377cc2f5f2106971b1e9993f3f2dcf609d6d01fada4fa8df9	result_summary	problem2_retrain_v2/results/unaligned/ablations/softalign_gate_component_ablation_five_seeds/runs/noQ_seed2030/summary.json
problem_versions/problem2_retrain_v2/results/unaligned/ablations/softalign_gate_component_ablation_five_seeds/scenarios.json	2	4f53cda18c2baa0c0354bb5f9a3ecbe5ed12ab4d8e11ba873c2f11161202b945	result_summary	problem2_retrain_v2/results/unaligned/ablations/softalign_gate_component_ablation_five_seeds/scenarios.json
problem_versions/problem2_retrain_v2/results/unaligned/ablations/softalign_gate_component_ablation_five_seeds/图表说明.md	87	d28a960f17cff2a6037443f5231b2ca06053cbcd1d83c12f1cb51eeb47ba141c	result_markdown	problem2_retrain_v2/results/unaligned/ablations/softalign_gate_component_ablation_five_seeds/图表说明.md
problem_versions/problem2_retrain_v2/results/unaligned/ablations/softalign_gate_component_ablation_five_seeds/实验报告.md	1054	c72b3f15558cf3f0d4136923d93554282961d9c1786fbe7588d263974ee84667	result_markdown	problem2_retrain_v2/results/unaligned/ablations/softalign_gate_component_ablation_five_seeds/实验报告.md
problem_versions/problem2_retrain_v2/results/unaligned/ablations/softalign_gate_component_ablation_reselect/figures/01_ablation.pdf	26094	5a46d79d945d5758e9a48fdc208c61fc0df3c1563d42cdd9ff4cd22a5a882ea0	result_figure	problem2_retrain_v2/results/unaligned/ablations/softalign_gate_component_ablation_reselect/figures/01_ablation.pdf
problem_versions/problem2_retrain_v2/results/unaligned/ablations/softalign_gate_component_ablation_reselect/figures/01_ablation.png	158198	d95790ecdb04ef3946421c4da0fb7b2f11144dab51edf5e258e781af657f60cf	result_figure	problem2_retrain_v2/results/unaligned/ablations/softalign_gate_component_ablation_reselect/figures/01_ablation.png
problem_versions/problem2_retrain_v2/results/unaligned/ablations/softalign_gate_component_ablation_reselect/metrics.csv	2814	0ae385dc60eaf23fb5686299d355367f785c9d8ed66dc0b38f75675b75810bc0	result_summary	problem2_retrain_v2/results/unaligned/ablations/softalign_gate_component_ablation_reselect/metrics.csv
problem_versions/problem2_retrain_v2/results/unaligned/ablations/softalign_gate_component_ablation_reselect/primary_summary.csv	777	f9f51fddaf8443d8d51e804b1ff150db4d185ebe3fb8a08cd26f028a6dae555f	result_summary	problem2_retrain_v2/results/unaligned/ablations/softalign_gate_component_ablation_reselect/primary_summary.csv
problem_versions/problem2_retrain_v2/results/unaligned/ablations/softalign_gate_component_ablation_reselect/图表说明.md	87	d28a960f17cff2a6037443f5231b2ca06053cbcd1d83c12f1cb51eeb47ba141c	result_markdown	problem2_retrain_v2/results/unaligned/ablations/softalign_gate_component_ablation_reselect/图表说明.md
problem_versions/problem2_retrain_v2/results/unaligned/ablations/softalign_gate_component_ablation_reselect/实验报告.md	726	e53e9acb2cd62aaf233155000d4f1637e9d207fd62a916413deab13c17d72ce4	result_markdown	problem2_retrain_v2/results/unaligned/ablations/softalign_gate_component_ablation_reselect/实验报告.md
problem_versions/problem2_retrain_v2/results/unaligned/ablations/softalign_gate_component_ablation_s2031_2035/figures/01_ablation.pdf	26342	c73c7d36b94a9ac5090fd6bc037e045a2e644a391fc81476e6201912988d3da9	result_figure	problem2_retrain_v2/results/unaligned/ablations/softalign_gate_component_ablation_s2031_2035/figures/01_ablation.pdf
problem_versions/problem2_retrain_v2/results/unaligned/ablations/softalign_gate_component_ablation_s2031_2035/figures/01_ablation.png	159796	d45dd6fb8dfb8f44342a213f431ad4e40527ef001c1699f39e9192a7ec88cbc9	result_figure	problem2_retrain_v2/results/unaligned/ablations/softalign_gate_component_ablation_s2031_2035/figures/01_ablation.png
problem_versions/problem2_retrain_v2/results/unaligned/ablations/softalign_gate_component_ablation_s2031_2035/metrics.csv	4584	a872d97114c7cc0309f348e46fed42145ea9637038d34d388d41e4dd7988d2ec	result_summary	problem2_retrain_v2/results/unaligned/ablations/softalign_gate_component_ablation_s2031_2035/metrics.csv
problem_versions/problem2_retrain_v2/results/unaligned/ablations/softalign_gate_component_ablation_s2031_2035/primary_summary.csv	1555	53f74b21586f9aa64cc79180ab9b62a70b140a436dfa9bf667011cc19e3da035	result_summary	problem2_retrain_v2/results/unaligned/ablations/softalign_gate_component_ablation_s2031_2035/primary_summary.csv
problem_versions/problem2_retrain_v2/results/unaligned/ablations/softalign_gate_component_ablation_s2031_2035/runs/B0_seed2031/analysis_done.json	105	ed88411c26af6f1e8ac9e92276271e57fc4f7ba77277700701722005e9640818	result_summary	problem2_retrain_v2/results/unaligned/ablations/softalign_gate_component_ablation_s2031_2035/runs/B0_seed2031/analysis_done.json
problem_versions/problem2_retrain_v2/results/unaligned/ablations/softalign_gate_component_ablation_s2031_2035/runs/B0_seed2031/metrics.csv	317	2a3ca030bfbd5e19dbad61c00f5ec450c470914225f9fb888a86cfb139e00a42	result_summary	problem2_retrain_v2/results/unaligned/ablations/softalign_gate_component_ablation_s2031_2035/runs/B0_seed2031/metrics.csv
problem_versions/problem2_retrain_v2/results/unaligned/ablations/softalign_gate_component_ablation_s2031_2035/runs/B0_seed2031/summary.json	1637	df55d737458c9732517067fc143a8f42a32e9ca59af1dd5753a236e6a6efa737	result_summary	problem2_retrain_v2/results/unaligned/ablations/softalign_gate_component_ablation_s2031_2035/runs/B0_seed2031/summary.json
problem_versions/problem2_retrain_v2/results/unaligned/ablations/softalign_gate_component_ablation_s2031_2035/runs/B0_seed2032/analysis_done.json	105	1ad1e4a5c8ae9d765604b2e5c7ef9925cb7166ed97b7f368121af98d015cd21a	result_summary	problem2_retrain_v2/results/unaligned/ablations/softalign_gate_component_ablation_s2031_2035/runs/B0_seed2032/analysis_done.json
problem_versions/problem2_retrain_v2/results/unaligned/ablations/softalign_gate_component_ablation_s2031_2035/runs/B0_seed2032/metrics.csv	320	8a873a120bc184b766c15e763238259acf7bfdee79a46d1bd30cbd6ced3d27cc	result_summary	problem2_retrain_v2/results/unaligned/ablations/softalign_gate_component_ablation_s2031_2035/runs/B0_seed2032/metrics.csv
problem_versions/problem2_retrain_v2/results/unaligned/ablations/softalign_gate_component_ablation_s2031_2035/runs/B0_seed2032/summary.json	1637	a0f7c6d176fb9ab8bbf272406c81684cc508797a389c708e70808c50c718a8e8	result_summary	problem2_retrain_v2/results/unaligned/ablations/softalign_gate_component_ablation_s2031_2035/runs/B0_seed2032/summary.json
problem_versions/problem2_retrain_v2/results/unaligned/ablations/softalign_gate_component_ablation_s2031_2035/runs/B0_seed2033/analysis_done.json	105	418b250899a99b83aeed29e488ede7a9d2f6373d53a80d969e5022be3cca1273	result_summary	problem2_retrain_v2/results/unaligned/ablations/softalign_gate_component_ablation_s2031_2035/runs/B0_seed2033/analysis_done.json
problem_versions/problem2_retrain_v2/results/unaligned/ablations/softalign_gate_component_ablation_s2031_2035/runs/B0_seed2033/metrics.csv	333	bccb477975725da8859d4b0a559ca3f77615dff0b1f8a91140db4bc9f800a1b3	result_summary	problem2_retrain_v2/results/unaligned/ablations/softalign_gate_component_ablation_s2031_2035/runs/B0_seed2033/metrics.csv
problem_versions/problem2_retrain_v2/results/unaligned/ablations/softalign_gate_component_ablation_s2031_2035/runs/B0_seed2033/summary.json	1646	c1c204e056fc51d9bf1f80457317a3f06c809bcfe1dacc29dfea3c47a351469d	result_summary	problem2_retrain_v2/results/unaligned/ablations/softalign_gate_component_ablation_s2031_2035/runs/B0_seed2033/summary.json
problem_versions/problem2_retrain_v2/results/unaligned/ablations/softalign_gate_component_ablation_s2031_2035/runs/B0_seed2034/analysis_done.json	105	bee97ccc0f8dca9db8bc33ff00989791de5f1d9fe40243345a985920f57e0a1f	result_summary	problem2_retrain_v2/results/unaligned/ablations/softalign_gate_component_ablation_s2031_2035/runs/B0_seed2034/analysis_done.json
problem_versions/problem2_retrain_v2/results/unaligned/ablations/softalign_gate_component_ablation_s2031_2035/runs/B0_seed2034/metrics.csv	332	451cf4e23f3edb1d2004dd3139b5b6c8a8187a076f5a3be572b20e7b7d047cf2	result_summary	problem2_retrain_v2/results/unaligned/ablations/softalign_gate_component_ablation_s2031_2035/runs/B0_seed2034/metrics.csv
problem_versions/problem2_retrain_v2/results/unaligned/ablations/softalign_gate_component_ablation_s2031_2035/runs/B0_seed2034/summary.json	1647	0596f2756f80e208c6c26277d35cce8f4871909c11dca36fa6ebf54fff78ef3d	result_summary	problem2_retrain_v2/results/unaligned/ablations/softalign_gate_component_ablation_s2031_2035/runs/B0_seed2034/summary.json
problem_versions/problem2_retrain_v2/results/unaligned/ablations/softalign_gate_component_ablation_s2031_2035/runs/B0_seed2035/analysis_done.json	105	e142eb543236c82c2cc7fd2228227abd7199270442401e9d44081e33edade711	result_summary	problem2_retrain_v2/results/unaligned/ablations/softalign_gate_component_ablation_s2031_2035/runs/B0_seed2035/analysis_done.json
problem_versions/problem2_retrain_v2/results/unaligned/ablations/softalign_gate_component_ablation_s2031_2035/runs/B0_seed2035/metrics.csv	315	4c72ab8159fae41cebc0d81f0c78b149a38ba1bbc323d99491c7775e8fa05501	result_summary	problem2_retrain_v2/results/unaligned/ablations/softalign_gate_component_ablation_s2031_2035/runs/B0_seed2035/metrics.csv
problem_versions/problem2_retrain_v2/results/unaligned/ablations/softalign_gate_component_ablation_s2031_2035/runs/B0_seed2035/summary.json	1655	919ce8ea189aa6dfcd33b5781026166b127fb32adad9877be9ad075d183ac78c	result_summary	problem2_retrain_v2/results/unaligned/ablations/softalign_gate_component_ablation_s2031_2035/runs/B0_seed2035/summary.json
problem_versions/problem2_retrain_v2/results/unaligned/ablations/softalign_gate_component_ablation_s2031_2035/runs/noB_seed2031/analysis_done.json	106	a60ac739e869566b1565201aab8d01d84e811cc91dc78cf48f618ad96eaf7498	result_summary	problem2_retrain_v2/results/unaligned/ablations/softalign_gate_component_ablation_s2031_2035/runs/noB_seed2031/analysis_done.json
problem_versions/problem2_retrain_v2/results/unaligned/ablations/softalign_gate_component_ablation_s2031_2035/runs/noB_seed2031/metrics.csv	318	b6db6a356bd79fb35d08f67e0ba5e7d294059d723cc6733fca3ad98e825a5d0d	result_summary	problem2_retrain_v2/results/unaligned/ablations/softalign_gate_component_ablation_s2031_2035/runs/noB_seed2031/metrics.csv
problem_versions/problem2_retrain_v2/results/unaligned/ablations/softalign_gate_component_ablation_s2031_2035/runs/noB_seed2031/summary.json	1649	97ddbb6f08e54b239b222d7c9b89d688b6ac898f53202f96a9338ac3743e3f68	result_summary	problem2_retrain_v2/results/unaligned/ablations/softalign_gate_component_ablation_s2031_2035/runs/noB_seed2031/summary.json
problem_versions/problem2_retrain_v2/results/unaligned/ablations/softalign_gate_component_ablation_s2031_2035/runs/noB_seed2032/analysis_done.json	106	acac376619055777b5fbb0954c3eae08dd1731a1a00925bf664c7c00c9fc6313	result_summary	problem2_retrain_v2/results/unaligned/ablations/softalign_gate_component_ablation_s2031_2035/runs/noB_seed2032/analysis_done.json
problem_versions/problem2_retrain_v2/results/unaligned/ablations/softalign_gate_component_ablation_s2031_2035/runs/noB_seed2032/metrics.csv	333	c4e28e912cee60aca4dc488427820dc1e82e77626fd2f854d8a9b10be560b10b	result_summary	problem2_retrain_v2/results/unaligned/ablations/softalign_gate_component_ablation_s2031_2035/runs/noB_seed2032/metrics.csv
problem_versions/problem2_retrain_v2/results/unaligned/ablations/softalign_gate_component_ablation_s2031_2035/runs/noB_seed2032/summary.json	1637	2dd132b0c92cf2b4f7ca54f67fa2a11576d3905a91bb695b156772cd7c3b484b	result_summary	problem2_retrain_v2/results/unaligned/ablations/softalign_gate_component_ablation_s2031_2035/runs/noB_seed2032/summary.json
problem_versions/problem2_retrain_v2/results/unaligned/ablations/softalign_gate_component_ablation_s2031_2035/runs/noB_seed2033/analysis_done.json	106	d26357ac399589c37ce9b02692aec0970f082e1518722529d324ed44380065ef	result_summary	problem2_retrain_v2/results/unaligned/ablations/softalign_gate_component_ablation_s2031_2035/runs/noB_seed2033/analysis_done.json
problem_versions/problem2_retrain_v2/results/unaligned/ablations/softalign_gate_component_ablation_s2031_2035/runs/noB_seed2033/metrics.csv	334	8ca58082252762a9f406d7d7a6c386e6bf1fd1c29da2291d57e411b46a7a8a6d	result_summary	problem2_retrain_v2/results/unaligned/ablations/softalign_gate_component_ablation_s2031_2035/runs/noB_seed2033/metrics.csv
problem_versions/problem2_retrain_v2/results/unaligned/ablations/softalign_gate_component_ablation_s2031_2035/runs/noB_seed2033/summary.json	1651	89f3774865a946e56cfb7bba5504c6d02d3f67803ae764eafbd177f893cf14fe	result_summary	problem2_retrain_v2/results/unaligned/ablations/softalign_gate_component_ablation_s2031_2035/runs/noB_seed2033/summary.json
problem_versions/problem2_retrain_v2/results/unaligned/ablations/softalign_gate_component_ablation_s2031_2035/runs/noB_seed2034/analysis_done.json	106	d78547c82aec6b50323df59d94d54d4358a3289d2e99449db9d2d90be60c29a8	result_summary	problem2_retrain_v2/results/unaligned/ablations/softalign_gate_component_ablation_s2031_2035/runs/noB_seed2034/analysis_done.json
problem_versions/problem2_retrain_v2/results/unaligned/ablations/softalign_gate_component_ablation_s2031_2035/runs/noB_seed2034/metrics.csv	332	f4a76b666cf994eb98bca82ec2761e5627e3e1080c6113ffeb8b18a780553a8c	result_summary	problem2_retrain_v2/results/unaligned/ablations/softalign_gate_component_ablation_s2031_2035/runs/noB_seed2034/metrics.csv
problem_versions/problem2_retrain_v2/results/unaligned/ablations/softalign_gate_component_ablation_s2031_2035/runs/noB_seed2034/summary.json	1653	76279db51a6f4fd406e7e602b826b0192f37f0aa86660078f504cb7ba7baf97b	result_summary	problem2_retrain_v2/results/unaligned/ablations/softalign_gate_component_ablation_s2031_2035/runs/noB_seed2034/summary.json
problem_versions/problem2_retrain_v2/results/unaligned/ablations/softalign_gate_component_ablation_s2031_2035/runs/noB_seed2035/analysis_done.json	106	86385389bc7c294e2aaf997140d41dd8378ca45b639d7780d43227cbdda96f10	result_summary	problem2_retrain_v2/results/unaligned/ablations/softalign_gate_component_ablation_s2031_2035/runs/noB_seed2035/analysis_done.json
problem_versions/problem2_retrain_v2/results/unaligned/ablations/softalign_gate_component_ablation_s2031_2035/runs/noB_seed2035/metrics.csv	335	0d90729457c780cb9d3cd64549b79a45f6a2340143d4cd0342d4388e5788c72a	result_summary	problem2_retrain_v2/results/unaligned/ablations/softalign_gate_component_ablation_s2031_2035/runs/noB_seed2035/metrics.csv
problem_versions/problem2_retrain_v2/results/unaligned/ablations/softalign_gate_component_ablation_s2031_2035/runs/noB_seed2035/summary.json	1650	58d45a696b05e0bc97932b4323ef2131cd25a0943ea2845293bbf926f338be71	result_summary	problem2_retrain_v2/results/unaligned/ablations/softalign_gate_component_ablation_s2031_2035/runs/noB_seed2035/summary.json
problem_versions/problem2_retrain_v2/results/unaligned/ablations/softalign_gate_component_ablation_s2031_2035/runs/noBeta_seed2031/analysis_done.json	109	4eae2aa903eb73ae9ffa119f971a27270a8fbba232cd721d16954350387e8678	result_summary	problem2_retrain_v2/results/unaligned/ablations/softalign_gate_component_ablation_s2031_2035/runs/noBeta_seed2031/analysis_done.json
problem_versions/problem2_retrain_v2/results/unaligned/ablations/softalign_gate_component_ablation_s2031_2035/runs/noBeta_seed2031/metrics.csv	325	93f241a9dee9d01c9c3c5564b889f1f39da9a4a2b695c061a33b3c1a22631dde	result_summary	problem2_retrain_v2/results/unaligned/ablations/softalign_gate_component_ablation_s2031_2035/runs/noBeta_seed2031/metrics.csv
problem_versions/problem2_retrain_v2/results/unaligned/ablations/softalign_gate_component_ablation_s2031_2035/runs/noBeta_seed2031/summary.json	1613	42e46192acd78ada5516eb82a0e8670b33e9de1ebeaf84ad4e0a3b3ddca02125	result_summary	problem2_retrain_v2/results/unaligned/ablations/softalign_gate_component_ablation_s2031_2035/runs/noBeta_seed2031/summary.json
problem_versions/problem2_retrain_v2/results/unaligned/ablations/softalign_gate_component_ablation_s2031_2035/runs/noBeta_seed2032/analysis_done.json	109	6b10113146b69016070d69daddf4d1695a4fb97bbca8823b684503803749f892	result_summary	problem2_retrain_v2/results/unaligned/ablations/softalign_gate_component_ablation_s2031_2035/runs/noBeta_seed2032/analysis_done.json
problem_versions/problem2_retrain_v2/results/unaligned/ablations/softalign_gate_component_ablation_s2031_2035/runs/noBeta_seed2032/metrics.csv	321	7010a0174b742ddfb1809c8dde67af716d5b903396c19026c5f68326d2c75c35	result_summary	problem2_retrain_v2/results/unaligned/ablations/softalign_gate_component_ablation_s2031_2035/runs/noBeta_seed2032/metrics.csv
problem_versions/problem2_retrain_v2/results/unaligned/ablations/softalign_gate_component_ablation_s2031_2035/runs/noBeta_seed2032/summary.json	1614	839f2b1dd1172e1971214ed73790d6a52093c91282200b728114e8cd7dbc446c	result_summary	problem2_retrain_v2/results/unaligned/ablations/softalign_gate_component_ablation_s2031_2035/runs/noBeta_seed2032/summary.json
problem_versions/problem2_retrain_v2/results/unaligned/ablations/softalign_gate_component_ablation_s2031_2035/runs/noBeta_seed2033/analysis_done.json	109	7a9b4c0c64b9c9f1203405f95f504fc4fc92aa13a56567663908289a38684961	result_summary	problem2_retrain_v2/results/unaligned/ablations/softalign_gate_component_ablation_s2031_2035/runs/noBeta_seed2033/analysis_done.json
problem_versions/problem2_retrain_v2/results/unaligned/ablations/softalign_gate_component_ablation_s2031_2035/runs/noBeta_seed2033/metrics.csv	334	c9482723ce4b30851acb4c9aae0ec11d1c8adeab1d1d807097ca1930d4476086	result_summary	problem2_retrain_v2/results/unaligned/ablations/softalign_gate_component_ablation_s2031_2035/runs/noBeta_seed2033/metrics.csv
problem_versions/problem2_retrain_v2/results/unaligned/ablations/softalign_gate_component_ablation_s2031_2035/runs/noBeta_seed2033/summary.json	1609	3acb808b5dac79bb65b2e64cc69be53136e937808cf3cdee096313f0e4897f83	result_summary	problem2_retrain_v2/results/unaligned/ablations/softalign_gate_component_ablation_s2031_2035/runs/noBeta_seed2033/summary.json
problem_versions/problem2_retrain_v2/results/unaligned/ablations/softalign_gate_component_ablation_s2031_2035/runs/noBeta_seed2034/analysis_done.json	109	d2986a99cc9c18b989d7fa6ef20f1f24438506814508b8240c761f3cb729b7ef	result_summary	problem2_retrain_v2/results/unaligned/ablations/softalign_gate_component_ablation_s2031_2035/runs/noBeta_seed2034/analysis_done.json
problem_versions/problem2_retrain_v2/results/unaligned/ablations/softalign_gate_component_ablation_s2031_2035/runs/noBeta_seed2034/metrics.csv	336	7db223698c6614ef365e6d30a0bc9e19eec1b2a63555e96c5721c814e815b9cc	result_summary	problem2_retrain_v2/results/unaligned/ablations/softalign_gate_component_ablation_s2031_2035/runs/noBeta_seed2034/metrics.csv
problem_versions/problem2_retrain_v2/results/unaligned/ablations/softalign_gate_component_ablation_s2031_2035/runs/noBeta_seed2034/summary.json	1613	586a0f6ce3cc48c1e4b77edbbc022b7156c248119380cc777727e2bfaa9f1af3	result_summary	problem2_retrain_v2/results/unaligned/ablations/softalign_gate_component_ablation_s2031_2035/runs/noBeta_seed2034/summary.json
problem_versions/problem2_retrain_v2/results/unaligned/ablations/softalign_gate_component_ablation_s2031_2035/runs/noBeta_seed2035/analysis_done.json	109	f5ace9b6bc1c104dd381f8bb0360957bd40b54b6c5a0984c3d68d6363a16461c	result_summary	problem2_retrain_v2/results/unaligned/ablations/softalign_gate_component_ablation_s2031_2035/runs/noBeta_seed2035/analysis_done.json
problem_versions/problem2_retrain_v2/results/unaligned/ablations/softalign_gate_component_ablation_s2031_2035/runs/noBeta_seed2035/metrics.csv	338	97b31f9141c534efe1ecf13ba5b12736fd09e69df71ebb2319f41e592b32fefe	result_summary	problem2_retrain_v2/results/unaligned/ablations/softalign_gate_component_ablation_s2031_2035/runs/noBeta_seed2035/metrics.csv
problem_versions/problem2_retrain_v2/results/unaligned/ablations/softalign_gate_component_ablation_s2031_2035/runs/noBeta_seed2035/summary.json	1613	547ca0ae6f1518a953e1f9b02486e03ede5d42e240daa88f93c718eabdc96857	result_summary	problem2_retrain_v2/results/unaligned/ablations/softalign_gate_component_ablation_s2031_2035/runs/noBeta_seed2035/summary.json
problem_versions/problem2_retrain_v2/results/unaligned/ablations/softalign_gate_component_ablation_s2031_2035/runs/noC_seed2031/analysis_done.json	106	690cd977cae832c28a0b5a906aaf8b145ddf9182cc4f8bf1ce09b0ede87bfaa5	result_summary	problem2_retrain_v2/results/unaligned/ablations/softalign_gate_component_ablation_s2031_2035/runs/noC_seed2031/analysis_done.json
problem_versions/problem2_retrain_v2/results/unaligned/ablations/softalign_gate_component_ablation_s2031_2035/runs/noC_seed2031/metrics.csv	332	936834e76ffcc9aaa34dffa5f60e34afe45b026b79e7990ba24904d8fa2b2424	result_summary	problem2_retrain_v2/results/unaligned/ablations/softalign_gate_component_ablation_s2031_2035/runs/noC_seed2031/metrics.csv
problem_versions/problem2_retrain_v2/results/unaligned/ablations/softalign_gate_component_ablation_s2031_2035/runs/noC_seed2031/summary.json	1664	cd8578c253619a2d8fbadf3cae9f652b02144418242209c738362be795cc41c5	result_summary	problem2_retrain_v2/results/unaligned/ablations/softalign_gate_component_ablation_s2031_2035/runs/noC_seed2031/summary.json
problem_versions/problem2_retrain_v2/results/unaligned/ablations/softalign_gate_component_ablation_s2031_2035/runs/noC_seed2032/analysis_done.json	106	4aa8db80621611bf47a3be04699179e359bffac2a3da63510bce359d045c8b98	result_summary	problem2_retrain_v2/results/unaligned/ablations/softalign_gate_component_ablation_s2031_2035/runs/noC_seed2032/analysis_done.json
problem_versions/problem2_retrain_v2/results/unaligned/ablations/softalign_gate_component_ablation_s2031_2035/runs/noC_seed2032/metrics.csv	334	e5b0d2747a95101af1204c14bf4e2a505304331aa7165e08176c01387f97b7d7	result_summary	problem2_retrain_v2/results/unaligned/ablations/softalign_gate_component_ablation_s2031_2035/runs/noC_seed2032/metrics.csv
problem_versions/problem2_retrain_v2/results/unaligned/ablations/softalign_gate_component_ablation_s2031_2035/runs/noC_seed2032/summary.json	1666	4aa9e77b6f9bf913bf293784b0e9ac96b210d3f73aa3aeb6295cf809fef03e0e	result_summary	problem2_retrain_v2/results/unaligned/ablations/softalign_gate_component_ablation_s2031_2035/runs/noC_seed2032/summary.json
problem_versions/problem2_retrain_v2/results/unaligned/ablations/softalign_gate_component_ablation_s2031_2035/runs/noC_seed2033/analysis_done.json	106	73a5dc1ffd3591ed0149f14a1d832752f1fc602fbc9c5d44e7a1c5f76470486f	result_summary	problem2_retrain_v2/results/unaligned/ablations/softalign_gate_component_ablation_s2031_2035/runs/noC_seed2033/analysis_done.json
problem_versions/problem2_retrain_v2/results/unaligned/ablations/softalign_gate_component_ablation_s2031_2035/runs/noC_seed2033/metrics.csv	333	554190f99d0cae46c1c8cde4643d9112b1262cda74579f2d2124a026402c452c	result_summary	problem2_retrain_v2/results/unaligned/ablations/softalign_gate_component_ablation_s2031_2035/runs/noC_seed2033/metrics.csv
problem_versions/problem2_retrain_v2/results/unaligned/ablations/softalign_gate_component_ablation_s2031_2035/runs/noC_seed2033/summary.json	1638	ae2b2e1f57fa92d5de3240ed28e105c419434eb69cfa8467e16491421d0da5a5	result_summary	problem2_retrain_v2/results/unaligned/ablations/softalign_gate_component_ablation_s2031_2035/runs/noC_seed2033/summary.json
problem_versions/problem2_retrain_v2/results/unaligned/ablations/softalign_gate_component_ablation_s2031_2035/runs/noC_seed2034/analysis_done.json	106	188002982cdd9a94327feed9a85e6b1624406b00f18ceb0108f6dcb88d6ebfc5	result_summary	problem2_retrain_v2/results/unaligned/ablations/softalign_gate_component_ablation_s2031_2035/runs/noC_seed2034/analysis_done.json
problem_versions/problem2_retrain_v2/results/unaligned/ablations/softalign_gate_component_ablation_s2031_2035/runs/noC_seed2034/metrics.csv	334	20e1f224ce7ef643cdc439ba1995010b79274d4aee686f65279a19ab2cc9ecc6	result_summary	problem2_retrain_v2/results/unaligned/ablations/softalign_gate_component_ablation_s2031_2035/runs/noC_seed2034/metrics.csv
problem_versions/problem2_retrain_v2/results/unaligned/ablations/softalign_gate_component_ablation_s2031_2035/runs/noC_seed2034/summary.json	1652	a40d68b3b3a19c98b6597fbcaffe4e9f5ab0117f35039e08c57387e7bb9bc96d	result_summary	problem2_retrain_v2/results/unaligned/ablations/softalign_gate_component_ablation_s2031_2035/runs/noC_seed2034/summary.json
problem_versions/problem2_retrain_v2/results/unaligned/ablations/softalign_gate_component_ablation_s2031_2035/runs/noC_seed2035/analysis_done.json	106	d733d5530afb77d98321b6487b916e694be373279fdb4fe517ea1c31b02de4f5	result_summary	problem2_retrain_v2/results/unaligned/ablations/softalign_gate_component_ablation_s2031_2035/runs/noC_seed2035/analysis_done.json
problem_versions/problem2_retrain_v2/results/unaligned/ablations/softalign_gate_component_ablation_s2031_2035/runs/noC_seed2035/metrics.csv	333	6fb8548ec72d3591ed6836bfa18dee68918d64f6f9463e29b359b5ccb6d285a3	result_summary	problem2_retrain_v2/results/unaligned/ablations/softalign_gate_component_ablation_s2031_2035/runs/noC_seed2035/metrics.csv
problem_versions/problem2_retrain_v2/results/unaligned/ablations/softalign_gate_component_ablation_s2031_2035/runs/noC_seed2035/summary.json	1667	4bd9d30032c96f478ee570af05062f48b5b379794292df292ad46cbbb31570b9	result_summary	problem2_retrain_v2/results/unaligned/ablations/softalign_gate_component_ablation_s2031_2035/runs/noC_seed2035/summary.json
problem_versions/problem2_retrain_v2/results/unaligned/ablations/softalign_gate_component_ablation_s2031_2035/runs/noQ_seed2031/analysis_done.json	106	f7ba75d9316588167858a0de04ddb472eb3c6123d31c2949ac5f7c6ca13d74a7	result_summary	problem2_retrain_v2/results/unaligned/ablations/softalign_gate_component_ablation_s2031_2035/runs/noQ_seed2031/analysis_done.json
problem_versions/problem2_retrain_v2/results/unaligned/ablations/softalign_gate_component_ablation_s2031_2035/runs/noQ_seed2031/metrics.csv	331	d460b5f9e43566a8f8161448fd4116bd6909ea3994e1e2e477c9937aafee396c	result_summary	problem2_retrain_v2/results/unaligned/ablations/softalign_gate_component_ablation_s2031_2035/runs/noQ_seed2031/metrics.csv
problem_versions/problem2_retrain_v2/results/unaligned/ablations/softalign_gate_component_ablation_s2031_2035/runs/noQ_seed2031/summary.json	1667	e24ab3ca44c2d6f34b255e804c814aebee18577b95ab4f382dc05b76c722c122	result_summary	problem2_retrain_v2/results/unaligned/ablations/softalign_gate_component_ablation_s2031_2035/runs/noQ_seed2031/summary.json
problem_versions/problem2_retrain_v2/results/unaligned/ablations/softalign_gate_component_ablation_s2031_2035/runs/noQ_seed2032/analysis_done.json	106	8c357884adc2b4bf7fa5d85a5541496dda9df3d901560ac1dd36f301c8d931d3	result_summary	problem2_retrain_v2/results/unaligned/ablations/softalign_gate_component_ablation_s2031_2035/runs/noQ_seed2032/analysis_done.json
problem_versions/problem2_retrain_v2/results/unaligned/ablations/softalign_gate_component_ablation_s2031_2035/runs/noQ_seed2032/metrics.csv	334	85fd7010891e356267285fed469e562e0c7e2100e9da62e76f5ebf4b72ef6e0a	result_summary	problem2_retrain_v2/results/unaligned/ablations/softalign_gate_component_ablation_s2031_2035/runs/noQ_seed2032/metrics.csv
problem_versions/problem2_retrain_v2/results/unaligned/ablations/softalign_gate_component_ablation_s2031_2035/runs/noQ_seed2032/summary.json	1639	97f13f507804e0ef820f1ca610ffc5991cc55debd96e71c8d75bbd670646c99d	result_summary	problem2_retrain_v2/results/unaligned/ablations/softalign_gate_component_ablation_s2031_2035/runs/noQ_seed2032/summary.json
problem_versions/problem2_retrain_v2/results/unaligned/ablations/softalign_gate_component_ablation_s2031_2035/runs/noQ_seed2033/analysis_done.json	106	a40b8b55bc36be9fc82569dac9135f06234a45086cf5c2e89a05d6616dac6962	result_summary	problem2_retrain_v2/results/unaligned/ablations/softalign_gate_component_ablation_s2031_2035/runs/noQ_seed2033/analysis_done.json
problem_versions/problem2_retrain_v2/results/unaligned/ablations/softalign_gate_component_ablation_s2031_2035/runs/noQ_seed2033/metrics.csv	334	a2e93aa9e200ddafb08f2a454a0cf8e576cc710e640e2cda66d4e28aee9371be	result_summary	problem2_retrain_v2/results/unaligned/ablations/softalign_gate_component_ablation_s2031_2035/runs/noQ_seed2033/metrics.csv
problem_versions/problem2_retrain_v2/results/unaligned/ablations/softalign_gate_component_ablation_s2031_2035/runs/noQ_seed2033/summary.json	1637	a5604176c5a2e44e273b414dd799eaecf6636e7e2219b916fa5317d05e459477	result_summary	problem2_retrain_v2/results/unaligned/ablations/softalign_gate_component_ablation_s2031_2035/runs/noQ_seed2033/summary.json
problem_versions/problem2_retrain_v2/results/unaligned/ablations/softalign_gate_component_ablation_s2031_2035/runs/noQ_seed2034/analysis_done.json	106	e098c58d1aa72ed133df407b15cadfa227d10c3a7c9e1db48ae02fc285037d75	result_summary	problem2_retrain_v2/results/unaligned/ablations/softalign_gate_component_ablation_s2031_2035/runs/noQ_seed2034/analysis_done.json
problem_versions/problem2_retrain_v2/results/unaligned/ablations/softalign_gate_component_ablation_s2031_2035/runs/noQ_seed2034/metrics.csv	333	3da20d5db6d8a76b7a26159c802909233c44f7c0591debcb804424231b1f89ea	result_summary	problem2_retrain_v2/results/unaligned/ablations/softalign_gate_component_ablation_s2031_2035/runs/noQ_seed2034/metrics.csv
problem_versions/problem2_retrain_v2/results/unaligned/ablations/softalign_gate_component_ablation_s2031_2035/runs/noQ_seed2034/summary.json	1648	45321c6261e109c19de4d23d01015c36b12e446cc3ba5e1f5c96dbe828b2ab75	result_summary	problem2_retrain_v2/results/unaligned/ablations/softalign_gate_component_ablation_s2031_2035/runs/noQ_seed2034/summary.json
problem_versions/problem2_retrain_v2/results/unaligned/ablations/softalign_gate_component_ablation_s2031_2035/runs/noQ_seed2035/analysis_done.json	106	757e1ccab72140e02e2f724e25482a6a5c37e4d100091ba55ab5a0c7ea698111	result_summary	problem2_retrain_v2/results/unaligned/ablations/softalign_gate_component_ablation_s2031_2035/runs/noQ_seed2035/analysis_done.json
problem_versions/problem2_retrain_v2/results/unaligned/ablations/softalign_gate_component_ablation_s2031_2035/runs/noQ_seed2035/metrics.csv	335	ed3d355ef9739e77fee944837c5d59f1e6ec3f7912cad2cfbbec1d77746d53d0	result_summary	problem2_retrain_v2/results/unaligned/ablations/softalign_gate_component_ablation_s2031_2035/runs/noQ_seed2035/metrics.csv
problem_versions/problem2_retrain_v2/results/unaligned/ablations/softalign_gate_component_ablation_s2031_2035/runs/noQ_seed2035/summary.json	1668	2bca97d38afecc52df732fea314318b31c9fb26c8eae517635e84a6d1f2c1bd0	result_summary	problem2_retrain_v2/results/unaligned/ablations/softalign_gate_component_ablation_s2031_2035/runs/noQ_seed2035/summary.json
problem_versions/problem2_retrain_v2/results/unaligned/ablations/softalign_gate_component_ablation_s2031_2035/scenarios.json	2	4f53cda18c2baa0c0354bb5f9a3ecbe5ed12ab4d8e11ba873c2f11161202b945	result_summary	problem2_retrain_v2/results/unaligned/ablations/softalign_gate_component_ablation_s2031_2035/scenarios.json
problem_versions/problem2_retrain_v2/results/unaligned/ablations/softalign_gate_component_ablation_s2031_2035/图表说明.md	87	d28a960f17cff2a6037443f5231b2ca06053cbcd1d83c12f1cb51eeb47ba141c	result_markdown	problem2_retrain_v2/results/unaligned/ablations/softalign_gate_component_ablation_s2031_2035/图表说明.md
problem_versions/problem2_retrain_v2/results/unaligned/ablations/softalign_gate_component_ablation_s2031_2035/实验报告.md	1054	3611dc2c0f4b15d9d701fc87960ec2fcf5c636afc85dcd5845d3ee6e8cf42c46	result_markdown	problem2_retrain_v2/results/unaligned/ablations/softalign_gate_component_ablation_s2031_2035/实验报告.md
problem_versions/problem2_retrain_v2/results/unaligned/full_runs/gate_B0_test252/figures/test/local_missingness.pdf	24764	84f460387821452c0eeebba534eb7a6346e2d5912f176c7d37d7c35e3b476bf1	result_figure	problem2_retrain_v2/results/unaligned/full_runs/gate_B0_test252/figures/test/local_missingness.pdf
problem_versions/problem2_retrain_v2/results/unaligned/full_runs/gate_B0_test252/figures/test/local_missingness.png	330227	5ec4e5e865aa7d565d3fa5b95e893cedd15a98dce1f70821e26fceafe9d13b65	result_figure	problem2_retrain_v2/results/unaligned/full_runs/gate_B0_test252/figures/test/local_missingness.png
problem_versions/problem2_retrain_v2/results/unaligned/full_runs/gate_B0_test252/test_scenarios/README.md	252	5ee17c0b9ee55b4f5b730445807b4ab6eb79d87428f24015323ff80a2d769de8	result_markdown	problem2_retrain_v2/results/unaligned/full_runs/gate_B0_test252/test_scenarios/README.md
problem_versions/problem2_retrain_v2/results/unaligned/full_runs/gate_B0_test252/test_scenarios/local_scenarios.csv	50920	fca570e1b08c64cd416a8fb6df9b3b0082cadbd2fe73581a33d9afe5f2125829	result_summary	problem2_retrain_v2/results/unaligned/full_runs/gate_B0_test252/test_scenarios/local_scenarios.csv
problem_versions/problem2_retrain_v2/results/unaligned/full_runs/gate_B0_test252/全部结果表.md	2001	2f7140445ba9aca5bd15de34bbdea77477b4bb2b9f6ea8d5b44e7ba9c10c325e	result_markdown	problem2_retrain_v2/results/unaligned/full_runs/gate_B0_test252/全部结果表.md
problem_versions/problem2_retrain_v2/results/unaligned/full_runs/gate_B0_test252_mean10/local_scenarios_by_seed.csv	516130	4a38f08cf6c7ee19676caa9e4cfe0e620e23ddf7394c736fdf08b181b7f9b9ef	result_summary	problem2_retrain_v2/results/unaligned/full_runs/gate_B0_test252_mean10/local_scenarios_by_seed.csv
problem_versions/problem2_retrain_v2/results/unaligned/full_runs/gate_B0_test252_mean10/protocol_summary_by_seed.csv	665	9eb4a4ddb64d858c77663e3337c1933f5e6268dd57d1dad00dac82a68f761b66	result_summary	problem2_retrain_v2/results/unaligned/full_runs/gate_B0_test252_mean10/protocol_summary_by_seed.csv
problem_versions/problem2_retrain_v2/results/unaligned/full_runs/gate_B0_test252_mean10/seed2027/figures/test/local_missingness.pdf	24809	640002798119a3ad2d6c5293f071fe3131edb9f27fc259a36a991c642ae532b6	result_figure	problem2_retrain_v2/results/unaligned/full_runs/gate_B0_test252_mean10/seed2027/figures/test/local_missingness.pdf
problem_versions/problem2_retrain_v2/results/unaligned/full_runs/gate_B0_test252_mean10/seed2027/figures/test/local_missingness.png	332346	7ddbebc292ba4abdf5213e58610f02a6e643880dd8d31e79fded3417e9dc0164	result_figure	problem2_retrain_v2/results/unaligned/full_runs/gate_B0_test252_mean10/seed2027/figures/test/local_missingness.png
problem_versions/problem2_retrain_v2/results/unaligned/full_runs/gate_B0_test252_mean10/seed2027/test_scenarios/README.md	252	20831dc9d7aab377f6cab8cf09d1d0bbef41b444b5812b8880c6182880068aa0	result_markdown	problem2_retrain_v2/results/unaligned/full_runs/gate_B0_test252_mean10/seed2027/test_scenarios/README.md
problem_versions/problem2_retrain_v2/results/unaligned/full_runs/gate_B0_test252_mean10/seed2027/test_scenarios/local_scenarios.csv	50568	dacbc5cf0cc636a756097cb3780269533595c9d1161c684d0bd8dfb71ebc6507	result_summary	problem2_retrain_v2/results/unaligned/full_runs/gate_B0_test252_mean10/seed2027/test_scenarios/local_scenarios.csv
problem_versions/problem2_retrain_v2/results/unaligned/full_runs/gate_B0_test252_mean10/seed2028/figures/test/local_missingness.pdf	24895	553582dc0dcf58c375d0fa74e20eb3a5914a5f8e9095bc71d2d30bb25cd07cc9	result_figure	problem2_retrain_v2/results/unaligned/full_runs/gate_B0_test252_mean10/seed2028/figures/test/local_missingness.pdf
problem_versions/problem2_retrain_v2/results/unaligned/full_runs/gate_B0_test252_mean10/seed2028/figures/test/local_missingness.png	349615	a66c6ae51d299421c75272f7db82d52fb2818250f0044ba237f7ce84d670d85e	result_figure	problem2_retrain_v2/results/unaligned/full_runs/gate_B0_test252_mean10/seed2028/figures/test/local_missingness.png
problem_versions/problem2_retrain_v2/results/unaligned/full_runs/gate_B0_test252_mean10/seed2028/test_scenarios/README.md	252	184c955fe219e3a741a8dadfe279a52150c9f22b212a0189b9fe88d6bd1bb19b	result_markdown	problem2_retrain_v2/results/unaligned/full_runs/gate_B0_test252_mean10/seed2028/test_scenarios/README.md
problem_versions/problem2_retrain_v2/results/unaligned/full_runs/gate_B0_test252_mean10/seed2028/test_scenarios/local_scenarios.csv	51165	d7e6152f71f17879efbd880bb4159266a0709563c9efc4a833ff511fea324686	result_summary	problem2_retrain_v2/results/unaligned/full_runs/gate_B0_test252_mean10/seed2028/test_scenarios/local_scenarios.csv
problem_versions/problem2_retrain_v2/results/unaligned/full_runs/gate_B0_test252_mean10/seed2029/figures/test/local_missingness.pdf	24846	a6f7a3b4c6c830fd1da6053c8aa47be074a6e8f5ee49619d2ab5560800695f0b	result_figure	problem2_retrain_v2/results/unaligned/full_runs/gate_B0_test252_mean10/seed2029/figures/test/local_missingness.pdf
problem_versions/problem2_retrain_v2/results/unaligned/full_runs/gate_B0_test252_mean10/seed2029/figures/test/local_missingness.png	353163	d13a7762a1083c5c53458397a2eba197ac851205127692acf806f09c13ba0433	result_figure	problem2_retrain_v2/results/unaligned/full_runs/gate_B0_test252_mean10/seed2029/figures/test/local_missingness.png
problem_versions/problem2_retrain_v2/results/unaligned/full_runs/gate_B0_test252_mean10/seed2029/test_scenarios/README.md	252	b9617fe6972a208cf207e8e19a642b1ce80f8bef8f1fb4874a5d920732b8577f	result_markdown	problem2_retrain_v2/results/unaligned/full_runs/gate_B0_test252_mean10/seed2029/test_scenarios/README.md
problem_versions/problem2_retrain_v2/results/unaligned/full_runs/gate_B0_test252_mean10/seed2029/test_scenarios/local_scenarios.csv	50993	7a80100827e2c0c8d594e90f5b9d8a04ea48ad1f90a47826b6476e24363fa2b5	result_summary	problem2_retrain_v2/results/unaligned/full_runs/gate_B0_test252_mean10/seed2029/test_scenarios/local_scenarios.csv
problem_versions/problem2_retrain_v2/results/unaligned/full_runs/gate_B0_test252_mean10/seed2030/figures/test/local_missingness.pdf	24931	7b211be4f31ac42886a810bcecb96dbb3af6b2a106e7610aed07c78bc23dc985	result_figure	problem2_retrain_v2/results/unaligned/full_runs/gate_B0_test252_mean10/seed2030/figures/test/local_missingness.pdf
problem_versions/problem2_retrain_v2/results/unaligned/full_runs/gate_B0_test252_mean10/seed2030/figures/test/local_missingness.png	366622	e173c2bc02ce69c7ef025f45415478fe094f6235bb711f07055fe7d534dfee96	result_figure	problem2_retrain_v2/results/unaligned/full_runs/gate_B0_test252_mean10/seed2030/figures/test/local_missingness.png
problem_versions/problem2_retrain_v2/results/unaligned/full_runs/gate_B0_test252_mean10/seed2030/test_scenarios/README.md	252	616b64fd2f9daf4836fd4e670add24a3bdf7213c5ee4779b28aedfc8c1c55734	result_markdown	problem2_retrain_v2/results/unaligned/full_runs/gate_B0_test252_mean10/seed2030/test_scenarios/README.md
problem_versions/problem2_retrain_v2/results/unaligned/full_runs/gate_B0_test252_mean10/seed2030/test_scenarios/local_scenarios.csv	51442	ecf2a5540b5d4e6314d95b64fc3c65d90384b5d0b5bdec6750229b1ba34916c4	result_summary	problem2_retrain_v2/results/unaligned/full_runs/gate_B0_test252_mean10/seed2030/test_scenarios/local_scenarios.csv
problem_versions/problem2_retrain_v2/results/unaligned/full_runs/gate_B0_test252_mean10/seed2032/figures/test/local_missingness.pdf	24866	3afd460744149df14aa3f73375992745a2e6c28d1ca204eb10a8d14f89527cd0	result_figure	problem2_retrain_v2/results/unaligned/full_runs/gate_B0_test252_mean10/seed2032/figures/test/local_missingness.pdf
problem_versions/problem2_retrain_v2/results/unaligned/full_runs/gate_B0_test252_mean10/seed2032/figures/test/local_missingness.png	323893	b0ed0ca3f79ea5b31837ca1d170d587a4a121e5bd9f22669c2a21adcb75b0de1	result_figure	problem2_retrain_v2/results/unaligned/full_runs/gate_B0_test252_mean10/seed2032/figures/test/local_missingness.png
problem_versions/problem2_retrain_v2/results/unaligned/full_runs/gate_B0_test252_mean10/seed2032/test_scenarios/README.md	252	f205c29b0fd5d44b790c159c722a86941c34b490cb57f4735657006d2bd84b07	result_markdown	problem2_retrain_v2/results/unaligned/full_runs/gate_B0_test252_mean10/seed2032/test_scenarios/README.md
problem_versions/problem2_retrain_v2/results/unaligned/full_runs/gate_B0_test252_mean10/seed2032/test_scenarios/local_scenarios.csv	50620	7f0fa25438b04a1fc1d7ee1915d595eba0bcfbb31c23cd616a9e3899eb3151c7	result_summary	problem2_retrain_v2/results/unaligned/full_runs/gate_B0_test252_mean10/seed2032/test_scenarios/local_scenarios.csv
problem_versions/problem2_retrain_v2/results/unaligned/full_runs/gate_B0_test252_mean10/seed2034/figures/test/local_missingness.pdf	24775	8e6ce983fe836e2ec9935bd928935a11402924dfdc957367b071103e58a0399f	result_figure	problem2_retrain_v2/results/unaligned/full_runs/gate_B0_test252_mean10/seed2034/figures/test/local_missingness.pdf
problem_versions/problem2_retrain_v2/results/unaligned/full_runs/gate_B0_test252_mean10/seed2034/figures/test/local_missingness.png	337365	bc2633aa1f2a87709a9800e3d9999ff7472dc6a3ae4ac8430f11fdfa8a89035a	result_figure	problem2_retrain_v2/results/unaligned/full_runs/gate_B0_test252_mean10/seed2034/figures/test/local_missingness.png
problem_versions/problem2_retrain_v2/results/unaligned/full_runs/gate_B0_test252_mean10/seed2034/test_scenarios/README.md	252	8cbc7126991cd97f01496da014d8ecacd01c57d508ec7374f0c1fd37fabb2c1e	result_markdown	problem2_retrain_v2/results/unaligned/full_runs/gate_B0_test252_mean10/seed2034/test_scenarios/README.md
problem_versions/problem2_retrain_v2/results/unaligned/full_runs/gate_B0_test252_mean10/seed2034/test_scenarios/local_scenarios.csv	50930	3f369c3dcfe99f648e566391f5ce24ec5399d862baa229a11a7657ad8532c81e	result_summary	problem2_retrain_v2/results/unaligned/full_runs/gate_B0_test252_mean10/seed2034/test_scenarios/local_scenarios.csv
problem_versions/problem2_retrain_v2/results/unaligned/full_runs/gate_B0_test252_mean10/seed2035/figures/test/local_missingness.pdf	24835	4467be833c400029654b777e32f40545bba2ac85dea6113e1327ce3c45504386	result_figure	problem2_retrain_v2/results/unaligned/full_runs/gate_B0_test252_mean10/seed2035/figures/test/local_missingness.pdf
problem_versions/problem2_retrain_v2/results/unaligned/full_runs/gate_B0_test252_mean10/seed2035/figures/test/local_missingness.png	354563	4c43db49f534a9e42c2b1e16deb52c6d0ed1c486b55e71088c2561f56beda120	result_figure	problem2_retrain_v2/results/unaligned/full_runs/gate_B0_test252_mean10/seed2035/figures/test/local_missingness.png
problem_versions/problem2_retrain_v2/results/unaligned/full_runs/gate_B0_test252_mean10/seed2035/test_scenarios/README.md	252	bc7dcaa30b98e0af4d819348269effb88c2b7dc3fa0a19790c24806ebc6a7f37	result_markdown	problem2_retrain_v2/results/unaligned/full_runs/gate_B0_test252_mean10/seed2035/test_scenarios/README.md
problem_versions/problem2_retrain_v2/results/unaligned/full_runs/gate_B0_test252_mean10/seed2035/test_scenarios/local_scenarios.csv	50909	f73b440abfc7764e887049b42646cb452d2e787f5f106d3fee274bb6f3ae49ee	result_summary	problem2_retrain_v2/results/unaligned/full_runs/gate_B0_test252_mean10/seed2035/test_scenarios/local_scenarios.csv
problem_versions/problem2_retrain_v2/results/unaligned/full_runs/gate_B0_test252_mean10/summary.json	549	71c2527438baf90ea3d387e31225a99b890c2280e2d4b1a8ea195440e4cf906f	result_summary	problem2_retrain_v2/results/unaligned/full_runs/gate_B0_test252_mean10/summary.json
problem_versions/problem2_retrain_v2/results/unaligned/full_runs/gate_B0_test252_mean10/全部结果表.md	1727	8ca008228c7645b937bb35c38d7bbfd74d371357e92d70ca820d235c4a593206	result_markdown	problem2_retrain_v2/results/unaligned/full_runs/gate_B0_test252_mean10/全部结果表.md
problem_versions/problem2_retrain_v2/results/unaligned/full_runs/gate_B0_test252_mean3/local_scenarios_by_seed.csv	155075	02858ce522f600710653295dcb36a068970ee1f84a1570bf02f84de75e4676df	result_summary	problem2_retrain_v2/results/unaligned/full_runs/gate_B0_test252_mean3/local_scenarios_by_seed.csv
problem_versions/problem2_retrain_v2/results/unaligned/full_runs/gate_B0_test252_mean3/seed2026/figures/test/local_missingness.pdf	24764	84f460387821452c0eeebba534eb7a6346e2d5912f176c7d37d7c35e3b476bf1	result_figure	problem2_retrain_v2/results/unaligned/full_runs/gate_B0_test252_mean3/seed2026/figures/test/local_missingness.pdf
problem_versions/problem2_retrain_v2/results/unaligned/full_runs/gate_B0_test252_mean3/seed2026/figures/test/local_missingness.png	330227	5ec4e5e865aa7d565d3fa5b95e893cedd15a98dce1f70821e26fceafe9d13b65	result_figure	problem2_retrain_v2/results/unaligned/full_runs/gate_B0_test252_mean3/seed2026/figures/test/local_missingness.png
problem_versions/problem2_retrain_v2/results/unaligned/full_runs/gate_B0_test252_mean3/seed2026/test_scenarios/README.md	252	5ee17c0b9ee55b4f5b730445807b4ab6eb79d87428f24015323ff80a2d769de8	result_markdown	problem2_retrain_v2/results/unaligned/full_runs/gate_B0_test252_mean3/seed2026/test_scenarios/README.md
problem_versions/problem2_retrain_v2/results/unaligned/full_runs/gate_B0_test252_mean3/seed2026/test_scenarios/local_scenarios.csv	50920	fca570e1b08c64cd416a8fb6df9b3b0082cadbd2fe73581a33d9afe5f2125829	result_summary	problem2_retrain_v2/results/unaligned/full_runs/gate_B0_test252_mean3/seed2026/test_scenarios/local_scenarios.csv
problem_versions/problem2_retrain_v2/results/unaligned/full_runs/gate_B0_test252_mean3/seed2031/figures/test/local_missingness.pdf	24967	c33d8e96433aca4bbbc95610973f797b20552ee63bc5d0dd15d1d5af00fcd44f	result_figure	problem2_retrain_v2/results/unaligned/full_runs/gate_B0_test252_mean3/seed2031/figures/test/local_missingness.pdf
problem_versions/problem2_retrain_v2/results/unaligned/full_runs/gate_B0_test252_mean3/seed2031/figures/test/local_missingness.png	352298	0ec53bd56ded3323f660061bbd9aa710b076d75359740f69029521763670d70f	result_figure	problem2_retrain_v2/results/unaligned/full_runs/gate_B0_test252_mean3/seed2031/figures/test/local_missingness.png
problem_versions/problem2_retrain_v2/results/unaligned/full_runs/gate_B0_test252_mean3/seed2031/test_scenarios/README.md	252	a87382cd02de2bd690953bd50db8caf27835417c3f908f9796ada962b405e277	result_markdown	problem2_retrain_v2/results/unaligned/full_runs/gate_B0_test252_mean3/seed2031/test_scenarios/README.md
problem_versions/problem2_retrain_v2/results/unaligned/full_runs/gate_B0_test252_mean3/seed2031/test_scenarios/local_scenarios.csv	50781	3bfe1c07e7eb23173875a8ded8b5f5469a513f64f2b7a3c1f5eae104775bd01a	result_summary	problem2_retrain_v2/results/unaligned/full_runs/gate_B0_test252_mean3/seed2031/test_scenarios/local_scenarios.csv
problem_versions/problem2_retrain_v2/results/unaligned/full_runs/gate_B0_test252_mean3/seed2033/figures/test/local_missingness.pdf	24833	d9389b929e18532ccd3992cfaecc57b73517777af541e1bf06e02ed8a2acfab4	result_figure	problem2_retrain_v2/results/unaligned/full_runs/gate_B0_test252_mean3/seed2033/figures/test/local_missingness.pdf
problem_versions/problem2_retrain_v2/results/unaligned/full_runs/gate_B0_test252_mean3/seed2033/figures/test/local_missingness.png	331302	58364beca076d302f2a3e1eb91a095f8db0dbbbf4dd44da1cfaad4f3d204ffa9	result_figure	problem2_retrain_v2/results/unaligned/full_runs/gate_B0_test252_mean3/seed2033/figures/test/local_missingness.png
problem_versions/problem2_retrain_v2/results/unaligned/full_runs/gate_B0_test252_mean3/seed2033/test_scenarios/README.md	252	8c00739b5b1550079dfbb10991da47f710e2c88efd1674d077b750b6535ede04	result_markdown	problem2_retrain_v2/results/unaligned/full_runs/gate_B0_test252_mean3/seed2033/test_scenarios/README.md
problem_versions/problem2_retrain_v2/results/unaligned/full_runs/gate_B0_test252_mean3/seed2033/test_scenarios/local_scenarios.csv	51217	2c081e442cbea2daa161aec7ef808849a320fddc67bfbe2d674e4dba7556859b	result_summary	problem2_retrain_v2/results/unaligned/full_runs/gate_B0_test252_mean3/seed2033/test_scenarios/local_scenarios.csv
problem_versions/problem2_retrain_v2/results/unaligned/full_runs/gate_B0_test252_mean3/summary.json	369	0d737d94dc97134984a22f63700d627e5cfc87130c79776f59a253e016a132ad	result_summary	problem2_retrain_v2/results/unaligned/full_runs/gate_B0_test252_mean3/summary.json
problem_versions/problem2_retrain_v2/results/unaligned/full_runs/gate_B0_test252_mean3/全部结果表.md	1817	3e1289f2429120b96ced8b17a1230dc554b984babbc5c1966e158d80fa6c32db	result_markdown	problem2_retrain_v2/results/unaligned/full_runs/gate_B0_test252_mean3/全部结果表.md
problem_versions/problem2_retrain_v2/results/unaligned/full_runs/gate_B0_test252_mean3/敏感结果分析报告.md	91	bf45c4686a2dd8b75f780efc9a4bc7b3ec741f1b687272bbb0f6b43acfe0de6c	result_markdown	problem2_retrain_v2/results/unaligned/full_runs/gate_B0_test252_mean3/敏感结果分析报告.md
problem_versions/problem2_retrain_v2/results/unaligned/runs/problem2_fair_v1_seed2026/metrics.json	1372	1e326829996cb333a151514b580f934904ca7ce08b28da902ecc74fd4dae6f4f	result_summary	problem2_retrain_v2/results/unaligned/runs/problem2_fair_v1_seed2026/metrics.json
problem_versions/problem2_retrain_v2/results/unaligned/runs/problem2_fair_v1_seed2026/q2_v2/metrics.json	54687	8805cf4b861f8cec93af3587b775098be7bfed84e3142041e0f79de749193382	result_summary	problem2_retrain_v2/results/unaligned/runs/problem2_fair_v1_seed2026/q2_v2/metrics.json
problem_versions/problem2_retrain_v2/results/unaligned/runs/problem2_fair_v1_seed2027/metrics.json	1376	a42b871471c705f2b54519c11de61091b0392efa8fb55a3bfb463adbad60f6c7	result_summary	problem2_retrain_v2/results/unaligned/runs/problem2_fair_v1_seed2027/metrics.json
problem_versions/problem2_retrain_v2/results/unaligned/runs/problem2_fair_v1_seed2027/q2_v2/metrics.json	54669	1bc0a384616d044d3b0646fb3b3083c95a05b36f9c1ce6bb9563222b093812cd	result_summary	problem2_retrain_v2/results/unaligned/runs/problem2_fair_v1_seed2027/q2_v2/metrics.json
problem_versions/problem2_retrain_v2/results/unaligned/runs/problem2_fair_v1_seed2028/metrics.json	1377	c8d8f7552da77be0d24e13a42578d860d83b7406b6184010999d56dea9431378	result_summary	problem2_retrain_v2/results/unaligned/runs/problem2_fair_v1_seed2028/metrics.json
problem_versions/problem2_retrain_v2/results/unaligned/runs/problem2_fair_v1_seed2028/q2_v2/metrics.json	54688	b1a98e09f2908485462fc111186c9b49352a742971b600fbc778dc2e4e49bd76	result_summary	problem2_retrain_v2/results/unaligned/runs/problem2_fair_v1_seed2028/q2_v2/metrics.json
problem_versions/problem2_retrain_v2/results/unaligned/runs/problem2_fair_v1_seed2029/metrics.json	1377	50e99ef2939c09b8a9360846e0604737123bbe3fd195c7100648e6d4e7515ebb	result_summary	problem2_retrain_v2/results/unaligned/runs/problem2_fair_v1_seed2029/metrics.json
problem_versions/problem2_retrain_v2/results/unaligned/runs/problem2_fair_v1_seed2029/q2_v2/metrics.json	54692	95da4a3fbe073073b0e07563d9420b28e6ea28148dfb2b9db3dd086185f19f85	result_summary	problem2_retrain_v2/results/unaligned/runs/problem2_fair_v1_seed2029/q2_v2/metrics.json
problem_versions/problem2_retrain_v2/results/unaligned/runs/problem2_fair_v1_seed2030/metrics.json	1376	526f8ad43be14886f3c7c825330310142ddb443efad4f1be4a77ea5e37fcb3e3	result_summary	problem2_retrain_v2/results/unaligned/runs/problem2_fair_v1_seed2030/metrics.json
problem_versions/problem2_retrain_v2/results/unaligned/runs/problem2_fair_v1_seed2030/q2_v2/metrics.json	54696	fa6c17b5487be48a1d74877159b11e111ec92384b8dddfcf614a1bbf7d1ec708	result_summary	problem2_retrain_v2/results/unaligned/runs/problem2_fair_v1_seed2030/q2_v2/metrics.json
problem_versions/problem2_retrain_v2/results/unaligned/runs/retrain_v2_unaligned_modalgate_s2026/processed_po_seed2026/experiment_result.json	1188	c80608fac21849623e362628311a6855f4ceb3bd7e921ed16fdc2fbb5da4cf45	result_summary	problem2_retrain_v2/results/unaligned/runs/retrain_v2_unaligned_modalgate_s2026/processed_po_seed2026/experiment_result.json
problem_versions/problem2_retrain_v2/results/unaligned/runs/retrain_v2_unaligned_modalgate_s2026/processed_po_seed2026/figures/modality_alpha_mean.pdf	12435	c0ecf1ee1a318110612ea5a1bbe8eeef134c5ad1f2ce81169021a04d0575afff	result_figure	problem2_retrain_v2/results/unaligned/runs/retrain_v2_unaligned_modalgate_s2026/processed_po_seed2026/figures/modality_alpha_mean.pdf
problem_versions/problem2_retrain_v2/results/unaligned/runs/retrain_v2_unaligned_modalgate_s2026/processed_po_seed2026/figures/modality_alpha_mean.png	40139	20aa09098c5179c50b4d404b2ef81bf66050024d3e2552c51dd7d92225307231	result_figure	problem2_retrain_v2/results/unaligned/runs/retrain_v2_unaligned_modalgate_s2026/processed_po_seed2026/figures/modality_alpha_mean.png
problem_versions/problem2_retrain_v2/results/unaligned/runs/retrain_v2_unaligned_modalgate_s2026/processed_po_seed2026/figures/modality_alpha_summary.json	511	0e26aea2a4c1703dd683eac16a7130d9f895011d404e3f22a21a78c7f1a95e2a	result_summary	problem2_retrain_v2/results/unaligned/runs/retrain_v2_unaligned_modalgate_s2026/processed_po_seed2026/figures/modality_alpha_summary.json
problem_versions/problem2_retrain_v2/results/unaligned/runs/retrain_v2_unaligned_modalgate_s2026/processed_po_seed2026/figures/soft_alignment.pdf	235972	275300ac303aced5d475d3f37faf04dd6717b36d4eb2ac55185d526bfe148cc8	result_figure	problem2_retrain_v2/results/unaligned/runs/retrain_v2_unaligned_modalgate_s2026/processed_po_seed2026/figures/soft_alignment.pdf
problem_versions/problem2_retrain_v2/results/unaligned/runs/retrain_v2_unaligned_modalgate_s2026/processed_po_seed2026/figures/soft_alignment.png	371282	e20c2a1258f27d25d64d801ea64baaf4c4cc630bf9a0d20d44d7ad71bf7dc93b	result_figure	problem2_retrain_v2/results/unaligned/runs/retrain_v2_unaligned_modalgate_s2026/processed_po_seed2026/figures/soft_alignment.png
problem_versions/problem2_retrain_v2/results/unaligned/runs/retrain_v2_unaligned_modalgate_s2026/processed_po_seed2026/figures/word_audio_windows.pdf	30155	10fcbfaa24d8c7d79314d22188efdf268b1b03b3951ab3bd16841a66e38865ba	result_figure	problem2_retrain_v2/results/unaligned/runs/retrain_v2_unaligned_modalgate_s2026/processed_po_seed2026/figures/word_audio_windows.pdf
problem_versions/problem2_retrain_v2/results/unaligned/runs/retrain_v2_unaligned_modalgate_s2026/processed_po_seed2026/figures/word_audio_windows.png	292332	2306134797d6e866ad98d7ed40b4d66a61346c6e407b56e55848662b7d1068c1	result_figure	problem2_retrain_v2/results/unaligned/runs/retrain_v2_unaligned_modalgate_s2026/processed_po_seed2026/figures/word_audio_windows.png
problem_versions/problem2_retrain_v2/results/unaligned/runs/retrain_v2_unaligned_modalgate_s2026/processed_po_seed2026/summary.json	1669	bf4ed002403cd8e20af0f5df4830caa352977d919ca128835bf770c15cabe4a9	result_summary	problem2_retrain_v2/results/unaligned/runs/retrain_v2_unaligned_modalgate_s2026/processed_po_seed2026/summary.json
problem_versions/problem2_retrain_v2/results/unaligned/runs/retrain_v2_unaligned_modalgate_s2026/results.csv	1071	4ef53c68ab098bb040c8fefdcd0e37b5a30cd04c1006793d3f6d3cb2e1cba5d3	result_summary	problem2_retrain_v2/results/unaligned/runs/retrain_v2_unaligned_modalgate_s2026/results.csv
problem_versions/problem2_retrain_v2/results/unaligned/runs/retrain_v2_unaligned_modalgate_s2026/results.json	1271	de8164af70e314ee18d07c0688b51e32f40750e03eefa0bfca32057ca83a6131	result_summary	problem2_retrain_v2/results/unaligned/runs/retrain_v2_unaligned_modalgate_s2026/results.json
problem_versions/problem2_retrain_v2/results/unaligned/runs/retrain_v2_unaligned_modalgate_s2026/summary.csv	275	695f1d348eb7f040049f60e8405d8e198ac641e7e117c147f3edf94fe0d26888	result_summary	problem2_retrain_v2/results/unaligned/runs/retrain_v2_unaligned_modalgate_s2026/summary.csv
problem_versions/problem2_retrain_v2/results/unaligned/runs/retrain_v2_unaligned_modalgate_s2026/结果说明.md	612	ca38451a1fca785203ec5b2f46744932c0a2a41086ccce34268986402c378d8a	result_markdown	problem2_retrain_v2/results/unaligned/runs/retrain_v2_unaligned_modalgate_s2026/结果说明.md
problem_versions/problem2_retrain_v2/results/unaligned/runs/retrain_v2_unaligned_modalgate_s2027_2030/processed_po_seed2027/experiment_result.json	1196	5f56404547fb694cd7210c3adb6ab3356efa7dd3ec7543544e1cfc5fbfa994b1	result_summary	problem2_retrain_v2/results/unaligned/runs/retrain_v2_unaligned_modalgate_s2027_2030/processed_po_seed2027/experiment_result.json
problem_versions/problem2_retrain_v2/results/unaligned/runs/retrain_v2_unaligned_modalgate_s2027_2030/processed_po_seed2027/figures/modality_alpha_mean.pdf	12435	9e557b26b16c138fc3174102c9efea2d404c0e4194378f63e44fe81df30593e1	result_figure	problem2_retrain_v2/results/unaligned/runs/retrain_v2_unaligned_modalgate_s2027_2030/processed_po_seed2027/figures/modality_alpha_mean.pdf
problem_versions/problem2_retrain_v2/results/unaligned/runs/retrain_v2_unaligned_modalgate_s2027_2030/processed_po_seed2027/figures/modality_alpha_mean.png	40139	cb3db6dd2dcb97be537e855290a4a0909c4e930ff06ca08e609a80345abd8f96	result_figure	problem2_retrain_v2/results/unaligned/runs/retrain_v2_unaligned_modalgate_s2027_2030/processed_po_seed2027/figures/modality_alpha_mean.png
problem_versions/problem2_retrain_v2/results/unaligned/runs/retrain_v2_unaligned_modalgate_s2027_2030/processed_po_seed2027/figures/modality_alpha_summary.json	292	06bd2603991ba949d8991e3a9f1c516e38823c1ba2551911e2417413ffc5ce6d	result_summary	problem2_retrain_v2/results/unaligned/runs/retrain_v2_unaligned_modalgate_s2027_2030/processed_po_seed2027/figures/modality_alpha_summary.json
problem_versions/problem2_retrain_v2/results/unaligned/runs/retrain_v2_unaligned_modalgate_s2027_2030/processed_po_seed2027/figures/soft_alignment.pdf	292665	85b2e917dfac69f44ae5751ecfa2812c8913cee004f4722023ffb055fbd1216b	result_figure	problem2_retrain_v2/results/unaligned/runs/retrain_v2_unaligned_modalgate_s2027_2030/processed_po_seed2027/figures/soft_alignment.pdf
problem_versions/problem2_retrain_v2/results/unaligned/runs/retrain_v2_unaligned_modalgate_s2027_2030/processed_po_seed2027/figures/soft_alignment.png	438040	d68a4b28eb4ea63cb4eed99b29ac0971f6181b68022bf9b94f43cdd8218f9407	result_figure	problem2_retrain_v2/results/unaligned/runs/retrain_v2_unaligned_modalgate_s2027_2030/processed_po_seed2027/figures/soft_alignment.png
problem_versions/problem2_retrain_v2/results/unaligned/runs/retrain_v2_unaligned_modalgate_s2027_2030/processed_po_seed2027/figures/word_audio_windows.pdf	30126	7c6d83d0b2640eb549d659bcd022d15a8d41fcecdd890d13a708a68e453b1d46	result_figure	problem2_retrain_v2/results/unaligned/runs/retrain_v2_unaligned_modalgate_s2027_2030/processed_po_seed2027/figures/word_audio_windows.pdf
problem_versions/problem2_retrain_v2/results/unaligned/runs/retrain_v2_unaligned_modalgate_s2027_2030/processed_po_seed2027/figures/word_audio_windows.png	292072	9afd13f8d6eb8ddf3680b5c64e9d199ebe61698de039db1be20fe6e664dd07db	result_figure	problem2_retrain_v2/results/unaligned/runs/retrain_v2_unaligned_modalgate_s2027_2030/processed_po_seed2027/figures/word_audio_windows.png
problem_versions/problem2_retrain_v2/results/unaligned/runs/retrain_v2_unaligned_modalgate_s2027_2030/processed_po_seed2027/summary.json	1673	67eff79bd062b772fc80a8a9794dcd3d95364af0c281c83cf5b9a545e6f2edad	result_summary	problem2_retrain_v2/results/unaligned/runs/retrain_v2_unaligned_modalgate_s2027_2030/processed_po_seed2027/summary.json
problem_versions/problem2_retrain_v2/results/unaligned/runs/retrain_v2_unaligned_modalgate_s2027_2030/processed_po_seed2028/experiment_result.json	1194	0a1c071a4e4820ab67dedfb8afdac23ca0821995b413db8393759747ee6a2308	result_summary	problem2_retrain_v2/results/unaligned/runs/retrain_v2_unaligned_modalgate_s2027_2030/processed_po_seed2028/experiment_result.json
problem_versions/problem2_retrain_v2/results/unaligned/runs/retrain_v2_unaligned_modalgate_s2027_2030/processed_po_seed2028/figures/modality_alpha_mean.pdf	12436	8c561a9699a392fe626e8b7ed80280206678f43d8fd904cc3fff565574209db8	result_figure	problem2_retrain_v2/results/unaligned/runs/retrain_v2_unaligned_modalgate_s2027_2030/processed_po_seed2028/figures/modality_alpha_mean.pdf
problem_versions/problem2_retrain_v2/results/unaligned/runs/retrain_v2_unaligned_modalgate_s2027_2030/processed_po_seed2028/figures/modality_alpha_mean.png	40139	f29a4a05c3f0962758de5959b0288771b133b19c73266282e82ba2b755c33ba7	result_figure	problem2_retrain_v2/results/unaligned/runs/retrain_v2_unaligned_modalgate_s2027_2030/processed_po_seed2028/figures/modality_alpha_mean.png
problem_versions/problem2_retrain_v2/results/unaligned/runs/retrain_v2_unaligned_modalgate_s2027_2030/processed_po_seed2028/figures/modality_alpha_summary.json	289	4cde6fa783b6aad1b6449ce3bd672c3ac66d7799461171406a82b8fc36d22f76	result_summary	problem2_retrain_v2/results/unaligned/runs/retrain_v2_unaligned_modalgate_s2027_2030/processed_po_seed2028/figures/modality_alpha_summary.json
problem_versions/problem2_retrain_v2/results/unaligned/runs/retrain_v2_unaligned_modalgate_s2027_2030/processed_po_seed2028/figures/soft_alignment.pdf	247711	e1b753d0579dda81e367146db6733e6c437a0f508017d25e1868e2c367a57bf0	result_figure	problem2_retrain_v2/results/unaligned/runs/retrain_v2_unaligned_modalgate_s2027_2030/processed_po_seed2028/figures/soft_alignment.pdf
problem_versions/problem2_retrain_v2/results/unaligned/runs/retrain_v2_unaligned_modalgate_s2027_2030/processed_po_seed2028/figures/soft_alignment.png	381404	04c364ce6e7eda949ecd976232abb53b2f2bea2a18df0a1ff1191efb2adc2ac8	result_figure	problem2_retrain_v2/results/unaligned/runs/retrain_v2_unaligned_modalgate_s2027_2030/processed_po_seed2028/figures/soft_alignment.png
problem_versions/problem2_retrain_v2/results/unaligned/runs/retrain_v2_unaligned_modalgate_s2027_2030/processed_po_seed2028/figures/word_audio_windows.pdf	30097	81b4e0387f44e918156b4a1bfcf9512a8d5b1f8972054ac1dc99fabb96258ee7	result_figure	problem2_retrain_v2/results/unaligned/runs/retrain_v2_unaligned_modalgate_s2027_2030/processed_po_seed2028/figures/word_audio_windows.pdf
problem_versions/problem2_retrain_v2/results/unaligned/runs/retrain_v2_unaligned_modalgate_s2027_2030/processed_po_seed2028/figures/word_audio_windows.png	293088	d85e5906596d27fca419db8e05db3017937341965e21f9913f5083d313830bdb	result_figure	problem2_retrain_v2/results/unaligned/runs/retrain_v2_unaligned_modalgate_s2027_2030/processed_po_seed2028/figures/word_audio_windows.png
problem_versions/problem2_retrain_v2/results/unaligned/runs/retrain_v2_unaligned_modalgate_s2027_2030/processed_po_seed2028/summary.json	1674	905e8d8bb59bf4acab921dbf78886664cf78dbeaa85c9f35c0cdb71b14ffa420	result_summary	problem2_retrain_v2/results/unaligned/runs/retrain_v2_unaligned_modalgate_s2027_2030/processed_po_seed2028/summary.json
problem_versions/problem2_retrain_v2/results/unaligned/runs/retrain_v2_unaligned_modalgate_s2027_2030/processed_po_seed2029/experiment_result.json	1183	eae39237d9d424b43fd76bc2df2ee17c47026243db8acb537b546a39fe059642	result_summary	problem2_retrain_v2/results/unaligned/runs/retrain_v2_unaligned_modalgate_s2027_2030/processed_po_seed2029/experiment_result.json
problem_versions/problem2_retrain_v2/results/unaligned/runs/retrain_v2_unaligned_modalgate_s2027_2030/processed_po_seed2029/figures/modality_alpha_mean.pdf	12435	adb6f80c08372fc3328112d7dc7b1ffb32b6f376450800dac2be2ce83fbfd024	result_figure	problem2_retrain_v2/results/unaligned/runs/retrain_v2_unaligned_modalgate_s2027_2030/processed_po_seed2029/figures/modality_alpha_mean.pdf
problem_versions/problem2_retrain_v2/results/unaligned/runs/retrain_v2_unaligned_modalgate_s2027_2030/processed_po_seed2029/figures/modality_alpha_mean.png	40136	c1c44d58e70590d338f23e9837e0f451ffb230ab5618a4fd5d73306ebfe3e758	result_figure	problem2_retrain_v2/results/unaligned/runs/retrain_v2_unaligned_modalgate_s2027_2030/processed_po_seed2029/figures/modality_alpha_mean.png
problem_versions/problem2_retrain_v2/results/unaligned/runs/retrain_v2_unaligned_modalgate_s2027_2030/processed_po_seed2029/figures/modality_alpha_summary.json	290	ba74bc01cc7a757772ab01fcb4f68caafba90387b0a99e4a8d4f4a9c0b3553be	result_summary	problem2_retrain_v2/results/unaligned/runs/retrain_v2_unaligned_modalgate_s2027_2030/processed_po_seed2029/figures/modality_alpha_summary.json
problem_versions/problem2_retrain_v2/results/unaligned/runs/retrain_v2_unaligned_modalgate_s2027_2030/processed_po_seed2029/figures/soft_alignment.pdf	277669	4c2d361fbc56a319c96d629145eaa367cff3ea3480f24a918ac90734c09d4347	result_figure	problem2_retrain_v2/results/unaligned/runs/retrain_v2_unaligned_modalgate_s2027_2030/processed_po_seed2029/figures/soft_alignment.pdf
problem_versions/problem2_retrain_v2/results/unaligned/runs/retrain_v2_unaligned_modalgate_s2027_2030/processed_po_seed2029/figures/soft_alignment.png	421805	77bf06d98f4d422350b5014df465f99ec8803c4973b70a752521a063f34e7478	result_figure	problem2_retrain_v2/results/unaligned/runs/retrain_v2_unaligned_modalgate_s2027_2030/processed_po_seed2029/figures/soft_alignment.png
problem_versions/problem2_retrain_v2/results/unaligned/runs/retrain_v2_unaligned_modalgate_s2027_2030/processed_po_seed2029/figures/word_audio_windows.pdf	30151	acaeb41a9a7a995a9c799e825ee64d98ac3c9da451dd8d64e0c4c209c753fe84	result_figure	problem2_retrain_v2/results/unaligned/runs/retrain_v2_unaligned_modalgate_s2027_2030/processed_po_seed2029/figures/word_audio_windows.pdf
problem_versions/problem2_retrain_v2/results/unaligned/runs/retrain_v2_unaligned_modalgate_s2027_2030/processed_po_seed2029/figures/word_audio_windows.png	292013	f9d5dac8e71a28c3e0646650adf810b892318c7d7c30733403df5ad7bbf830a3	result_figure	problem2_retrain_v2/results/unaligned/runs/retrain_v2_unaligned_modalgate_s2027_2030/processed_po_seed2029/figures/word_audio_windows.png
problem_versions/problem2_retrain_v2/results/unaligned/runs/retrain_v2_unaligned_modalgate_s2027_2030/processed_po_seed2029/summary.json	1656	ead426e030ea4afbfa8fc1bc361e94df74e9d2b65c9b67ce2786a3913b39d662	result_summary	problem2_retrain_v2/results/unaligned/runs/retrain_v2_unaligned_modalgate_s2027_2030/processed_po_seed2029/summary.json
problem_versions/problem2_retrain_v2/results/unaligned/runs/retrain_v2_unaligned_modalgate_s2027_2030/processed_po_seed2030/experiment_result.json	1184	192c9e287c1fe4dee5cc883e45213192a962356ff8d79d05eadfec9ca2644e1b	result_summary	problem2_retrain_v2/results/unaligned/runs/retrain_v2_unaligned_modalgate_s2027_2030/processed_po_seed2030/experiment_result.json
problem_versions/problem2_retrain_v2/results/unaligned/runs/retrain_v2_unaligned_modalgate_s2027_2030/processed_po_seed2030/figures/modality_alpha_mean.pdf	12435	7e8c27126643219a254df76a95c3cd15ed7272105f4bb38e240e181f6b4e5a67	result_figure	problem2_retrain_v2/results/unaligned/runs/retrain_v2_unaligned_modalgate_s2027_2030/processed_po_seed2030/figures/modality_alpha_mean.pdf
problem_versions/problem2_retrain_v2/results/unaligned/runs/retrain_v2_unaligned_modalgate_s2027_2030/processed_po_seed2030/figures/modality_alpha_mean.png	40139	e76b8f7c64592ccfa2c712a268d28f1a0363dd2781e9f954aef896c9cb1c24ef	result_figure	problem2_retrain_v2/results/unaligned/runs/retrain_v2_unaligned_modalgate_s2027_2030/processed_po_seed2030/figures/modality_alpha_mean.png
problem_versions/problem2_retrain_v2/results/unaligned/runs/retrain_v2_unaligned_modalgate_s2027_2030/processed_po_seed2030/figures/modality_alpha_summary.json	289	2f85a8c3afba6e6fda34215ffebf8e798365f4cae6cc779826322abdd55c018e	result_summary	problem2_retrain_v2/results/unaligned/runs/retrain_v2_unaligned_modalgate_s2027_2030/processed_po_seed2030/figures/modality_alpha_summary.json
problem_versions/problem2_retrain_v2/results/unaligned/runs/retrain_v2_unaligned_modalgate_s2027_2030/processed_po_seed2030/figures/soft_alignment.pdf	248658	d4733c4048ccd6e626e15399b2b1b7f3757bb99d3b1e48c9506655210dcf87fe	result_figure	problem2_retrain_v2/results/unaligned/runs/retrain_v2_unaligned_modalgate_s2027_2030/processed_po_seed2030/figures/soft_alignment.pdf
problem_versions/problem2_retrain_v2/results/unaligned/runs/retrain_v2_unaligned_modalgate_s2027_2030/processed_po_seed2030/figures/soft_alignment.png	379422	2686c28caf288ad3c6421f17e71eee8eab497cbe0590b3c02031eca85ea90b0a	result_figure	problem2_retrain_v2/results/unaligned/runs/retrain_v2_unaligned_modalgate_s2027_2030/processed_po_seed2030/figures/soft_alignment.png
problem_versions/problem2_retrain_v2/results/unaligned/runs/retrain_v2_unaligned_modalgate_s2027_2030/processed_po_seed2030/figures/word_audio_windows.pdf	30203	a129dc92054e1e6e5f419736ab7b5b0d947be1e5ac68f9d5b87ed2b2c317be6d	result_figure	problem2_retrain_v2/results/unaligned/runs/retrain_v2_unaligned_modalgate_s2027_2030/processed_po_seed2030/figures/word_audio_windows.pdf
problem_versions/problem2_retrain_v2/results/unaligned/runs/retrain_v2_unaligned_modalgate_s2027_2030/processed_po_seed2030/figures/word_audio_windows.png	292086	df2c254aaef77358f42745c5e023545375998b835563a4deb7db55aa9ff8927b	result_figure	problem2_retrain_v2/results/unaligned/runs/retrain_v2_unaligned_modalgate_s2027_2030/processed_po_seed2030/figures/word_audio_windows.png
problem_versions/problem2_retrain_v2/results/unaligned/runs/retrain_v2_unaligned_modalgate_s2027_2030/processed_po_seed2030/summary.json	1642	506ba72ab8737fb1b1021be898e1c0b1f4e4417b42b0449b581320337d7cb6ea	result_summary	problem2_retrain_v2/results/unaligned/runs/retrain_v2_unaligned_modalgate_s2027_2030/processed_po_seed2030/summary.json
problem_versions/problem2_retrain_v2/results/unaligned/runs/retrain_v2_unaligned_modalgate_s2027_2030/results.csv	2832	5d0f15de23a8bc6c66f3b91c3b581389413655e6ee6bf6839594d4779116f35e	result_summary	problem2_retrain_v2/results/unaligned/runs/retrain_v2_unaligned_modalgate_s2027_2030/results.csv
problem_versions/problem2_retrain_v2/results/unaligned/runs/retrain_v2_unaligned_modalgate_s2027_2030/results.json	5087	8d997c69dca71ee312304dc7b21b422dacfb8ea808842d5bdb22f06ff465242e	result_summary	problem2_retrain_v2/results/unaligned/runs/retrain_v2_unaligned_modalgate_s2027_2030/results.json
problem_versions/problem2_retrain_v2/results/unaligned/runs/retrain_v2_unaligned_modalgate_s2027_2030/summary.csv	296	b70aaf54a076387367aea45fbfefb7681139d85c516a2b122a46f7a89eb095fe	result_summary	problem2_retrain_v2/results/unaligned/runs/retrain_v2_unaligned_modalgate_s2027_2030/summary.csv
problem_versions/problem2_retrain_v2/results/unaligned/runs/retrain_v2_unaligned_modalgate_s2027_2030/结果说明.md	903	0a980642b0e9d3389112aaac444ecce30372f8ecbe47522752ee46696a8ceb25	result_markdown	problem2_retrain_v2/results/unaligned/runs/retrain_v2_unaligned_modalgate_s2027_2030/结果说明.md
problem_versions/problem2_retrain_v2/run_test252.py	6237	994d94e5dce818b0f477640a34db59905d27cefb7f295ae37ee9da7bb35cab65	source_doc_config	problem2_retrain_v2/run_test252.py
problem_versions/problem2_retrain_v2/run_test252_mean10.py	11601	c460aa67511b32cefcdf33822451bf9d9c7ad4c0411dc1e0ebcba612e20f0f5a	source_doc_config	problem2_retrain_v2/run_test252_mean10.py
problem_versions/problem2_retrain_v2/run_test252_mean3.py	10427	1075f587163d6ca083df574b4b61b35dffafa5424d44068aef88e7ce619d904b	source_doc_config	problem2_retrain_v2/run_test252_mean3.py
problem_versions/problem2_retrain_v2/training.py	9761	4df4b0479f58f291955edfdb040de622c3762eef7d2a1964b22b4232ef95d96a	source_doc_config	problem2_retrain_v2/training.py
problem_versions/problem2_retrain_v2/对齐版六基线_三seed完整输入.md	1408	91723dcc6c3491273f3bb772a2b1e43dd51f697ade6fed6ca94fb5ca0ed2ef4e	source_doc_config	problem2_retrain_v2/对齐版六基线_三seed完整输入.md
problem_versions/problem2_retrain_v2/模型建立_对齐版.md	11766	43a2b7abe9960ab66091d1fd03b64021a6eb2f0b0a1a67d4aea251e5c0ad230c	source_doc_config	problem2_retrain_v2/模型建立_对齐版.md
problem_versions/problem2_retrain_v2/模型建立_未对齐版.md	11701	7385f1cc707e2b5f3495b57240577a8c148fc2810fae39fdbcc4e9584e486cbc	source_doc_config	problem2_retrain_v2/模型建立_未对齐版.md
problem_versions/problem2_retrain_v2/纯数据：结果分析报告_对齐版.md	11206	1d25d13175457fcda532eb90c510bb28e2b40052776a27e40b68944c05371091	source_doc_config	problem2_retrain_v2/纯数据：结果分析报告_对齐版.md
problem_versions/problem2_retrain_v2/纯数据：结果分析报告_未对齐版.md	10588	dfbb0f755ebb916d8d5d82eba253b96fd0ea2a1ba2c227478fa935f72d8eeac2	source_doc_config	problem2_retrain_v2/纯数据：结果分析报告_未对齐版.md
problem_versions/problem2_retrain_v2_copy/README.md	2565	8cd96a6d327bd7ddd0514842618b4a056fb4a47f4d2c2c076d823699d06561de	source_doc_config	problem2_retrain_v2 copy/README.md
problem_versions/problem2_retrain_v2_copy/figures/中性判定边界分析.pdf	39641	f92ae5ccba1f33a15d3c4932acb08c704335e64e508504c6e142767e7a87f225	result_figure	problem2_retrain_v2 copy/figures/中性判定边界分析.pdf
problem_versions/problem2_retrain_v2_copy/figures/中性判定边界分析.png	621179	6f2d1b35b663c989a1a595153b93b0343c332cac9c009a0027b20e3e34bcb986	result_figure	problem2_retrain_v2 copy/figures/中性判定边界分析.png
problem_versions/problem2_retrain_v2_copy/figures/完整模型的类别错误分布.pdf	35340	2231d04cd7f27d88cf110e9cc193414564102eb46d36d4e3d36da2c6e84771c6	result_figure	problem2_retrain_v2 copy/figures/完整模型的类别错误分布.pdf
problem_versions/problem2_retrain_v2_copy/figures/完整模型的类别错误分布.png	208208	7b8e207fc9e20c638d6f430c571a4e64c3d980f74490a5b83a7321b1fd595e88	result_figure	problem2_retrain_v2 copy/figures/完整模型的类别错误分布.png
problem_versions/problem2_retrain_v2_copy/figures/对齐模型完整输入组件消融比较.pdf	40635	ad11b5240b33825f0cc95947365800c48ac6ee76ab23832daf45d90139191b45	result_figure	problem2_retrain_v2 copy/figures/对齐模型完整输入组件消融比较.pdf
problem_versions/problem2_retrain_v2_copy/figures/对齐模型完整输入组件消融比较.png	414395	44e58fb405872d028fe24c6dcee171c81cf029758a6300665f756f8301e8b829	result_figure	problem2_retrain_v2 copy/figures/对齐模型完整输入组件消融比较.png
problem_versions/problem2_retrain_v2_copy/figures/局部缺失下的预测稳定性.pdf	41843	59e997bbc7022ecf2b3d669eef4579a256b975c8424b8d57dafafdf48fdad6e7	result_figure	problem2_retrain_v2 copy/figures/局部缺失下的预测稳定性.pdf
problem_versions/problem2_retrain_v2_copy/figures/局部缺失下的预测稳定性.png	318151	c305e4bb6f1ecc0e0b3d3e75b72fcba82112878424933c52d82454be6dae83c2	result_figure	problem2_retrain_v2 copy/figures/局部缺失下的预测稳定性.png
problem_versions/problem2_retrain_v2_copy/figures/未对齐模型完整输入组件消融比较.pdf	41944	2531fdebb853374d1e25eda335929abdbff0ffc0256202ef5d5524f72a4352fd	result_figure	problem2_retrain_v2 copy/figures/未对齐模型完整输入组件消融比较.pdf
problem_versions/problem2_retrain_v2_copy/figures/未对齐模型完整输入组件消融比较.png	414572	c6cbcefdbc12309c1e677c18d5ebf2f5a4b7d43568278377bf6b9d8113bb4762	result_figure	problem2_retrain_v2 copy/figures/未对齐模型完整输入组件消融比较.png
problem_versions/problem2_retrain_v2_copy/figures/类别平衡与边界损失的端点对照.pdf	33973	6865047c878a20fc3007f29b43271b36dc1b32c6410c03b6ce3264bcfe3f93e0	result_figure	problem2_retrain_v2 copy/figures/类别平衡与边界损失的端点对照.pdf
problem_versions/problem2_retrain_v2_copy/figures/类别平衡与边界损失的端点对照.png	451776	941aee525472085a11a520631dadba19301a069bd584f835fd1397a2291f5e83	result_figure	problem2_retrain_v2 copy/figures/类别平衡与边界损失的端点对照.png
problem_versions/problem2_retrain_v2_copy/figures/缺失模态与位置的性能敏感性.pdf	63379	1b64bb5be15f20546afcedcb49c6180efe08f4deef4fe9d8323421de9ef211d9	result_figure	problem2_retrain_v2 copy/figures/缺失模态与位置的性能敏感性.pdf
problem_versions/problem2_retrain_v2_copy/figures/缺失模态与位置的性能敏感性.png	694321	5d5ae28dffe38f465ad7bdb7ccf8e34af801a98f07492e8dec98192eb34aa8c2	result_figure	problem2_retrain_v2 copy/figures/缺失模态与位置的性能敏感性.png
problem_versions/problem2_retrain_v2_copy/figures/连续缺失时长对准确率的影响.pdf	30014	629d71adecb88939b52cedb43e9f0f266073bb83ba1a84b7207708dd83e5bf71	result_figure	problem2_retrain_v2 copy/figures/连续缺失时长对准确率的影响.pdf
problem_versions/problem2_retrain_v2_copy/figures/连续缺失时长对准确率的影响.png	330981	d5c3420f3e628ee50ada4d2e1976c1a9554400b9a045b0d80fda4811865879a6	result_figure	problem2_retrain_v2 copy/figures/连续缺失时长对准确率的影响.png
problem_versions/problem2_retrain_v2_copy/figures/连续缺失时长对平均绝对误差的影响.pdf	29475	041f99ad1742b76ce7d6cfc8bfb8d72d33136a0c2ed6a11570e142afebaa0581	result_figure	problem2_retrain_v2 copy/figures/连续缺失时长对平均绝对误差的影响.pdf
problem_versions/problem2_retrain_v2_copy/figures/连续缺失时长对平均绝对误差的影响.png	304420	4dbb01a74a4569a21e8b331ed40dd72f6428c3e2f82ad2b7da54f3078925ceab	result_figure	problem2_retrain_v2 copy/figures/连续缺失时长对平均绝对误差的影响.png
problem_versions/problem2_retrain_v2_copy/figures/隐空间补全质量对比.pdf	30274	9a50155a870a4902c7f60a5ec7b1fcaba88d1751d24ea5396350fa4984863914	result_figure	problem2_retrain_v2 copy/figures/隐空间补全质量对比.pdf
problem_versions/problem2_retrain_v2_copy/figures/隐空间补全质量对比.png	182280	c91a1de32f60c6d931b9bd1d8489f9204dd8d56d2f96b1995b13a8a647e5f6be	result_figure	problem2_retrain_v2 copy/figures/隐空间补全质量对比.png
problem_versions/problem2_retrain_v2_copy/plot_data/aligned_metrics.csv	313238	264ba7f8086b293fdc612c998361e064f93780b126f967ad3ffecf73c853ea46	result_summary	problem2_retrain_v2 copy/plot_data/aligned_metrics.csv
problem_versions/problem2_retrain_v2_copy/plot_data/aligned_reconstruction.csv	488624	2ce94c461c09a6bdae5f4b60a90b417afcc70a953c8b848a0cb47e5103d8de0b	result_summary	problem2_retrain_v2 copy/plot_data/aligned_reconstruction.csv
problem_versions/problem2_retrain_v2_copy/plot_data/aligned_stability.csv	197183	6a6459263135ae7cdd5b8f0b68d1506513c90c8953acc1f521415778b52b0817	result_summary	problem2_retrain_v2 copy/plot_data/aligned_stability.csv
problem_versions/problem2_retrain_v2_copy/plot_data/full_summary.csv	2456	b0b9ca785059206414f795801858d2abe5b76546302eff926bbbeebb98dfd3a8	result_summary	problem2_retrain_v2 copy/plot_data/full_summary.csv
problem_versions/problem2_retrain_v2_copy/plot_data/stability_by_seed.csv	1091	44209206edc59e81bcf2cd6c6495483a559e10caf1a1b31c6896509d62a8c544	result_summary	problem2_retrain_v2 copy/plot_data/stability_by_seed.csv
problem_versions/problem2_retrain_v2_copy/plot_data/unaligned_metrics.csv	4223	e03a4ba973bd67f5c8eec43c0502efa801158d132dc361022fdf94a5234efa30	result_summary	problem2_retrain_v2 copy/plot_data/unaligned_metrics.csv
problem_versions/problem2_retrain_v2_copy/sensitivity_results/aligned/balance_beta_0.125_seed2026/summary.json	1626	2a2452e1fb23f75926b5c87dbcd646686eeec4705e9865952ee980483f16f447	result_summary	problem2_retrain_v2 copy/sensitivity_results/aligned/balance_beta_0.125_seed2026/summary.json
problem_versions/problem2_retrain_v2_copy/sensitivity_results/aligned/balance_beta_0.5_seed2026/summary.json	1647	556a55d47d414adb42073bc93033d605ef6768c7fcf8679fb0f77c1da0e5fa21	result_summary	problem2_retrain_v2 copy/sensitivity_results/aligned/balance_beta_0.5_seed2026/summary.json
problem_versions/problem2_retrain_v2_copy/sensitivity_results/aligned/balance_beta_0_seed2026/summary.json	1568	7b0e0a8cab34cda32b60ceaa5296a258c38fbb69a8fe199c605255b921b0ef4e	result_summary	problem2_retrain_v2 copy/sensitivity_results/aligned/balance_beta_0_seed2026/summary.json
problem_versions/problem2_retrain_v2_copy/sensitivity_results/aligned/baseline_seed2026/summary.json	1617	eb0364fb1ed3c76854731ca62923a25fb0909f1c025311e7ee6a06a3b46a613a	result_summary	problem2_retrain_v2 copy/sensitivity_results/aligned/baseline_seed2026/summary.json
problem_versions/problem2_retrain_v2_copy/sensitivity_results/aligned/bert_lr_2e-05_seed2026/summary.json	1645	be73618009d447ad5277f76e83f6b43652d1da7a86c022efbdf1a728cfa7f032	result_summary	problem2_retrain_v2 copy/sensitivity_results/aligned/bert_lr_2e-05_seed2026/summary.json
problem_versions/problem2_retrain_v2_copy/sensitivity_results/aligned/bert_lr_5e-06_seed2026/summary.json	1627	83c4b73b68042f6b2cfc6c0135f98fdfb6118c52828d223cc90c07bf6bbc0ff3	result_summary	problem2_retrain_v2 copy/sensitivity_results/aligned/bert_lr_5e-06_seed2026/summary.json
problem_versions/problem2_retrain_v2_copy/sensitivity_results/aligned/boundary_weight_0.05_seed2026/summary.json	1648	74bf946112cda9d813902653d9f726c5e91ad90b72c0f041efd2c86dab6fe67e	result_summary	problem2_retrain_v2 copy/sensitivity_results/aligned/boundary_weight_0.05_seed2026/summary.json
problem_versions/problem2_retrain_v2_copy/sensitivity_results/aligned/boundary_weight_0.2_seed2026/summary.json	1642	5b23fa7d7bc6ca83dd07a7353a1ca1a1ed16f00a5f6f195bc03e42c74aaf5626	result_summary	problem2_retrain_v2 copy/sensitivity_results/aligned/boundary_weight_0.2_seed2026/summary.json
problem_versions/problem2_retrain_v2_copy/sensitivity_results/aligned/boundary_weight_0_seed2026/summary.json	1635	8c9efeffce276de620a1edd43544dcd2775f5b1a6c8ff9d0505939847a7be6fd	result_summary	problem2_retrain_v2 copy/sensitivity_results/aligned/boundary_weight_0_seed2026/summary.json
problem_versions/problem2_retrain_v2_copy/sensitivity_results/aligned/joint_seed2026/summary.json	1536	20e5c5a0ad29914019c0999f71f6e4f64938536a2770d68c4effa7e946d2083d	result_summary	problem2_retrain_v2 copy/sensitivity_results/aligned/joint_seed2026/summary.json
problem_versions/problem2_retrain_v2_copy/sensitivity_results/figures/BERT微调学习率敏感性分析.pdf	28393	fbbffb85f5c579edbb7a4a564a03113dc50dd8e6bb3945b069c8a9a93942542d	result_figure	problem2_retrain_v2 copy/sensitivity_results/figures/BERT微调学习率敏感性分析.pdf
problem_versions/problem2_retrain_v2_copy/sensitivity_results/figures/BERT微调学习率敏感性分析.png	227485	45b86c8bc753b688ec32a3d2315ea7e32f83ced0cb18029b690578fad62dee2e	result_figure	problem2_retrain_v2 copy/sensitivity_results/figures/BERT微调学习率敏感性分析.png
problem_versions/problem2_retrain_v2_copy/sensitivity_results/figures/类别平衡强度敏感性分析.pdf	27461	87a72b41fb2e27314cfc5cc5992a50343a83abe39b293a4f4d311c5a57a6ccac	result_figure	problem2_retrain_v2 copy/sensitivity_results/figures/类别平衡强度敏感性分析.pdf
problem_versions/problem2_retrain_v2_copy/sensitivity_results/figures/类别平衡强度敏感性分析.png	239051	70cb0f3da5c8eae70025f9a537314cb07afdf0e402ef9fece66af7c6fa84c988	result_figure	problem2_retrain_v2 copy/sensitivity_results/figures/类别平衡强度敏感性分析.png
problem_versions/problem2_retrain_v2_copy/sensitivity_results/figures/边界损失权重敏感性分析.pdf	27213	9c86842bd90865d04c02d368e530f0726672e836092aa04dee816ffd1b085f30	result_figure	problem2_retrain_v2 copy/sensitivity_results/figures/边界损失权重敏感性分析.pdf
problem_versions/problem2_retrain_v2_copy/sensitivity_results/figures/边界损失权重敏感性分析.png	246165	4000cfed15c1cf959a9f848da8d5b1b86bf6ecc9b46730d11cbb095451432cab	result_figure	problem2_retrain_v2 copy/sensitivity_results/figures/边界损失权重敏感性分析.png
problem_versions/problem2_retrain_v2_copy/sensitivity_results/unaligned/align_max_half_frac_0.1_seed2026/summary.json	1666	5ff88cbf0dbac837d5bd51dd29fb1cfb1ff512003580111aeb48f8b43ce72e9e	result_summary	problem2_retrain_v2 copy/sensitivity_results/unaligned/align_max_half_frac_0.1_seed2026/summary.json
problem_versions/problem2_retrain_v2_copy/sensitivity_results/unaligned/align_max_half_frac_0.3_seed2026/summary.json	1684	95be4f66af9fd1c27d4b65bf570cfe69876f8a8bf0efdeeac49f25db6e5e7748	result_summary	problem2_retrain_v2 copy/sensitivity_results/unaligned/align_max_half_frac_0.3_seed2026/summary.json
problem_versions/problem2_retrain_v2_copy/sensitivity_results/unaligned/align_time_penalty_1_seed2026/summary.json	1675	2b973579abb48cc9f5195a1f0442ddd34d535e2b6ee50c6952fbc83ac5556438	result_summary	problem2_retrain_v2 copy/sensitivity_results/unaligned/align_time_penalty_1_seed2026/summary.json
problem_versions/problem2_retrain_v2_copy/sensitivity_results/unaligned/align_time_penalty_4_seed2026/summary.json	1658	fa2dfb0d5fad74285f8f9fffca1438a2cd1f850aabd1bc10075e0540bd3f6862	result_summary	problem2_retrain_v2 copy/sensitivity_results/unaligned/align_time_penalty_4_seed2026/summary.json
problem_versions/problem2_retrain_v2_copy/sensitivity_results/unaligned/balance_beta_0.125_seed2026/summary.json	1656	1fd94ab04e219bb49c5142c98f5489b1744630dc2fc3f6953d6cb8a8473c1f30	result_summary	problem2_retrain_v2 copy/sensitivity_results/unaligned/balance_beta_0.125_seed2026/summary.json
problem_versions/problem2_retrain_v2_copy/sensitivity_results/unaligned/balance_beta_0.5_seed2026/summary.json	1646	d91221a8d6d5ea88817b92cce0fa330fa3ffb4b6497b386ba87fbc0f834eb0dc	result_summary	problem2_retrain_v2 copy/sensitivity_results/unaligned/balance_beta_0.5_seed2026/summary.json
problem_versions/problem2_retrain_v2_copy/sensitivity_results/unaligned/balance_beta_0_seed2026/summary.json	1601	60a04651e593f56b083562b3166b3f3c2c62c85a0f15ce925c2a12973c9eb966	result_summary	problem2_retrain_v2 copy/sensitivity_results/unaligned/balance_beta_0_seed2026/summary.json
problem_versions/problem2_retrain_v2_copy/sensitivity_results/unaligned/baseline_seed2026/summary.json	1650	20b83061170df8f8d4fb115297f2976fc2a79a4b1f4285349fec8dae83a8a539	result_summary	problem2_retrain_v2 copy/sensitivity_results/unaligned/baseline_seed2026/summary.json
problem_versions/problem2_retrain_v2_copy/sensitivity_results/unaligned/bert_lr_2e-05_seed2026/summary.json	1646	e8d61683021fcbe21a2cf093e2e55c0623b07a6eeae0cc612be9668df04f9462	result_summary	problem2_retrain_v2 copy/sensitivity_results/unaligned/bert_lr_2e-05_seed2026/summary.json
problem_versions/problem2_retrain_v2_copy/sensitivity_results/unaligned/bert_lr_5e-06_seed2026/summary.json	1645	ff1d25fd0d45b33ba514c0eb3b7c94b5687559401d243adfc534b090abb2b45f	result_summary	problem2_retrain_v2 copy/sensitivity_results/unaligned/bert_lr_5e-06_seed2026/summary.json
problem_versions/problem2_retrain_v2_copy/sensitivity_results/unaligned/boundary_weight_0.05_seed2026/summary.json	1678	7687d449b72a76cb3baa9562c56dd30e8bb26eeec6e26e84161b91f68a72ceda	result_summary	problem2_retrain_v2 copy/sensitivity_results/unaligned/boundary_weight_0.05_seed2026/summary.json
problem_versions/problem2_retrain_v2_copy/sensitivity_results/unaligned/boundary_weight_0.2_seed2026/summary.json	1661	2875b5a8b8f77e760095a802911523dc6867f4ab4f6486fbf3abc6c478082ec7	result_summary	problem2_retrain_v2 copy/sensitivity_results/unaligned/boundary_weight_0.2_seed2026/summary.json
problem_versions/problem2_retrain_v2_copy/sensitivity_results/unaligned/boundary_weight_0_seed2026/summary.json	1655	362a1ec3d85ae0c9228188903db5ab481cb83713efef431db93d0954efa0a695	result_summary	problem2_retrain_v2 copy/sensitivity_results/unaligned/boundary_weight_0_seed2026/summary.json
problem_versions/problem2_retrain_v2_copy/sensitivity_results/unaligned/joint_seed2026/summary.json	1579	eb5f063a3239dc106d644a8ad7b1a3bd5f520460a7f8df3729139dbce0df3791	result_summary	problem2_retrain_v2 copy/sensitivity_results/unaligned/joint_seed2026/summary.json
problem_versions/problem2_retrain_v2_copy/sensitivity_results/实验方案.md	692	882c085c7a431bf0b8ff0a68022a876702b1cf3d5ff38e96e960c6fbdb66ff77	result_markdown	problem2_retrain_v2 copy/sensitivity_results/实验方案.md
problem_versions/problem2_retrain_v2_copy/svg清理记录.json	1160	13c52cd771fb0c4435e8f137fa7059dbc182269aab0244871d755e5ded2ca50f	source_doc_config	problem2_retrain_v2 copy/svg清理记录.json
problem_versions/problem2_retrain_v2_copy/valid_experiments/historical_validation_comparison.csv	807	d1b55055f226919e84f7f3d468875348bc7e0d21ef3e16ed0803eceb2b7b9e80	result_summary	problem2_retrain_v2 copy/valid_experiments/historical_validation_comparison.csv
problem_versions/problem2_retrain_v2_copy/valid_experiments/metrics.csv	212781	6818d5e4efe5aa41c2e0c7663baf28fd9e38eb800d0a60aaacdc40df5f341ff2	result_summary	problem2_retrain_v2 copy/valid_experiments/metrics.csv
problem_versions/problem2_retrain_v2_copy/valid_experiments/plot_data/full_summary.csv	2457	4145536830413b48dc9b125e9a1b99fd0f8e845b459bb2449e705999904c26d3	result_summary	problem2_retrain_v2 copy/valid_experiments/plot_data/full_summary.csv
problem_versions/problem2_retrain_v2_copy/valid_experiments/plot_data/stability_by_seed.csv	1089	788ab83244d938ad5fc99a8f00f4e70e4c15be9aa9e5fe463961c891cf14cb43	result_summary	problem2_retrain_v2 copy/valid_experiments/plot_data/stability_by_seed.csv
problem_versions/problem2_retrain_v2_copy/valid_experiments/reconstruction.csv	17873	6e16a0bf4af1504a2eefd8bf40fda5dc2a49d027ebfb2aa2299e7e62142967fb	result_summary	problem2_retrain_v2 copy/valid_experiments/reconstruction.csv
problem_versions/problem2_retrain_v2_copy/valid_experiments/runs/B0_seed2027/metrics.csv	14433	9c48a9e4c18242e76c43d203a32b04332b83fa54b582557c36ba7cc06c7147f5	result_summary	problem2_retrain_v2 copy/valid_experiments/runs/B0_seed2027/metrics.csv
problem_versions/problem2_retrain_v2_copy/valid_experiments/runs/B0_seed2027/reconstruction.csv	6056	6fb6e3a1595ada9e04ded982aa9355d34fc53825c35cd70841a903688b876cad	result_summary	problem2_retrain_v2 copy/valid_experiments/runs/B0_seed2027/reconstruction.csv
problem_versions/problem2_retrain_v2_copy/valid_experiments/runs/B0_seed2027/stability.csv	6953	1e285c76420d705e6b4456316655ac40e0f802c881055e8eb7a8f2b98bb43329	result_summary	problem2_retrain_v2 copy/valid_experiments/runs/B0_seed2027/stability.csv
problem_versions/problem2_retrain_v2_copy/valid_experiments/runs/B0_seed2028/metrics.csv	14159	c9810fb6737e5d47b650acc510b6a06c3c481a8f1e70ed87b880501548b23cd9	result_summary	problem2_retrain_v2 copy/valid_experiments/runs/B0_seed2028/metrics.csv
problem_versions/problem2_retrain_v2_copy/valid_experiments/runs/B0_seed2028/reconstruction.csv	6052	b40c2c3fbae34b3a1e6fef85202ef983b4a9da179ef974a509e2ed261a4ae15b	result_summary	problem2_retrain_v2 copy/valid_experiments/runs/B0_seed2028/reconstruction.csv
problem_versions/problem2_retrain_v2_copy/valid_experiments/runs/B0_seed2028/stability.csv	6715	c9a2b307190c756be1d678ea82bf913bf9c0ce6df2789687bcea6a7681694f3e	result_summary	problem2_retrain_v2 copy/valid_experiments/runs/B0_seed2028/stability.csv
problem_versions/problem2_retrain_v2_copy/valid_experiments/runs/B0_seed2035/metrics.csv	14214	790c97e972f7413e1eb34a210caee2587b6f046bd735fab0ccf33f4bbf6dfaba	result_summary	problem2_retrain_v2 copy/valid_experiments/runs/B0_seed2035/metrics.csv
problem_versions/problem2_retrain_v2_copy/valid_experiments/runs/B0_seed2035/reconstruction.csv	6051	0949f9c7c221df9b5706763111e3d516b99e6d0a203207075800c9b268c25148	result_summary	problem2_retrain_v2 copy/valid_experiments/runs/B0_seed2035/reconstruction.csv
problem_versions/problem2_retrain_v2_copy/valid_experiments/runs/B0_seed2035/stability.csv	6973	9a85cb6a81a04df165417f15d8c9fb6d4daf1380ee666dc37b7d51e00da8832a	result_summary	problem2_retrain_v2 copy/valid_experiments/runs/B0_seed2035/stability.csv
problem_versions/problem2_retrain_v2_copy/valid_experiments/runs/noB_seed2027/metrics.csv	14233	b18017fd4d2ba833fa7f951b3ce1382eec7713a52063c6384e62d8cab226fd03	result_summary	problem2_retrain_v2 copy/valid_experiments/runs/noB_seed2027/metrics.csv
problem_versions/problem2_retrain_v2_copy/valid_experiments/runs/noB_seed2027/reference_comparison.json	176	0336df0e7eb7aea4fd85208fd8f0f5a3a66ec40bfda6a73c09c6728070c2fd34	result_summary	problem2_retrain_v2 copy/valid_experiments/runs/noB_seed2027/reference_comparison.json
problem_versions/problem2_retrain_v2_copy/valid_experiments/runs/noB_seed2027/stability.csv	7018	ec860079265492cc5233aa55d076da52b1d1d488e58eb210f18452f343d9d770	result_summary	problem2_retrain_v2 copy/valid_experiments/runs/noB_seed2027/stability.csv
problem_versions/problem2_retrain_v2_copy/valid_experiments/runs/noB_seed2028/metrics.csv	14523	94afa79f5f2130dfc0f739093a9478cdab32a534b83533dec35c9dde56f7c758	result_summary	problem2_retrain_v2 copy/valid_experiments/runs/noB_seed2028/metrics.csv
problem_versions/problem2_retrain_v2_copy/valid_experiments/runs/noB_seed2028/stability.csv	6961	37966bb610654bea7a37e0222b01876b4c86725bc6f84cf2707d670bb3f34bc7	result_summary	problem2_retrain_v2 copy/valid_experiments/runs/noB_seed2028/stability.csv
problem_versions/problem2_retrain_v2_copy/valid_experiments/runs/noB_seed2035/metrics.csv	14484	509e34e8f37807f409ce0dfa9aa9cd69639cbb93a4ab7ee1fc38de191d8873e2	result_summary	problem2_retrain_v2 copy/valid_experiments/runs/noB_seed2035/metrics.csv
problem_versions/problem2_retrain_v2_copy/valid_experiments/runs/noB_seed2035/stability.csv	6981	fb0bf6554222c1d433760913d242819be7ce34c4b7e6834f7f31987602b4b8f5	result_summary	problem2_retrain_v2 copy/valid_experiments/runs/noB_seed2035/stability.csv
problem_versions/problem2_retrain_v2_copy/valid_experiments/runs/noBeta_seed2027/metrics.csv	14813	2bab016e027a279f7449af1512e74ee07ffd2cc6ae9007b6495904b08f3f2a5f	result_summary	problem2_retrain_v2 copy/valid_experiments/runs/noBeta_seed2027/metrics.csv
problem_versions/problem2_retrain_v2_copy/valid_experiments/runs/noBeta_seed2027/reference_comparison.json	230	f6e222bd5880cf7cbed92b26a6e378528bc138c4208881a46d05aa0e8575864f	result_summary	problem2_retrain_v2 copy/valid_experiments/runs/noBeta_seed2027/reference_comparison.json
problem_versions/problem2_retrain_v2_copy/valid_experiments/runs/noBeta_seed2027/stability.csv	7256	f25feb0bf1c28e86f15ee965429e76d58a6b9f3af5061469b7f6cca567a3c687	result_summary	problem2_retrain_v2 copy/valid_experiments/runs/noBeta_seed2027/stability.csv
problem_versions/problem2_retrain_v2_copy/valid_experiments/runs/noBeta_seed2028/metrics.csv	14760	d608949ddb85fd41abaa17f86cdc89787ae965bc76d8cdb08bdbc173b4e7c0d0	result_summary	problem2_retrain_v2 copy/valid_experiments/runs/noBeta_seed2028/metrics.csv
problem_versions/problem2_retrain_v2_copy/valid_experiments/runs/noBeta_seed2028/stability.csv	7295	4c34409c93de72041644b339d6b589dd5bb2bb71b26cd3e5c6faf587a9a5bf0e	result_summary	problem2_retrain_v2 copy/valid_experiments/runs/noBeta_seed2028/stability.csv
problem_versions/problem2_retrain_v2_copy/valid_experiments/runs/noBeta_seed2035/metrics.csv	14661	31039210699d496585cf7304cf89e7eba7ec4c848b988073a4964cd535bff2da	result_summary	problem2_retrain_v2 copy/valid_experiments/runs/noBeta_seed2035/metrics.csv
problem_versions/problem2_retrain_v2_copy/valid_experiments/runs/noBeta_seed2035/stability.csv	7162	984de8534d92c0140330736ffd78d16268b62e3b23f3890f83324088e2bce8b6	result_summary	problem2_retrain_v2 copy/valid_experiments/runs/noBeta_seed2035/stability.csv
problem_versions/problem2_retrain_v2_copy/valid_experiments/runs/noC_seed2027/metrics.csv	14529	a8d516a0204e46542e8310f61b31d5486c3426d47aa8eb87400df06d0b8de876	result_summary	problem2_retrain_v2 copy/valid_experiments/runs/noC_seed2027/metrics.csv
problem_versions/problem2_retrain_v2_copy/valid_experiments/runs/noC_seed2027/stability.csv	7004	ee7de616aaec7632e2888db76f97096f3b4f149417f6bc1fa979a547e9d6c517	result_summary	problem2_retrain_v2 copy/valid_experiments/runs/noC_seed2027/stability.csv
problem_versions/problem2_retrain_v2_copy/valid_experiments/runs/noC_seed2028/metrics.csv	14266	cbbeda442b66a07e8c9160eacd4f701a17272a4a71bce0fedecc0c9e27b88224	result_summary	problem2_retrain_v2 copy/valid_experiments/runs/noC_seed2028/metrics.csv
problem_versions/problem2_retrain_v2_copy/valid_experiments/runs/noC_seed2028/stability.csv	6890	f3ba9cb471929771ab939ca72792e16c390bfade49fa177fc096a54d0deede0c	result_summary	problem2_retrain_v2 copy/valid_experiments/runs/noC_seed2028/stability.csv
problem_versions/problem2_retrain_v2_copy/valid_experiments/runs/noC_seed2035/metrics.csv	14361	ad69e2a86606ccfb4d83a59b9f400475b828f89e1b250dfeb91200638ec5cdb5	result_summary	problem2_retrain_v2 copy/valid_experiments/runs/noC_seed2035/metrics.csv
problem_versions/problem2_retrain_v2_copy/valid_experiments/runs/noC_seed2035/stability.csv	7008	559832307617dd67edcb8f525d942c446429dadfbdc4687664472ec3808fc97d	result_summary	problem2_retrain_v2 copy/valid_experiments/runs/noC_seed2035/stability.csv
problem_versions/problem2_retrain_v2_copy/valid_experiments/runs/noQ_seed2027/metrics.csv	14405	2ed6ff307e930d76f6591625a8be4a8a1aeb75a985b085c23876eeb32cda1d23	result_summary	problem2_retrain_v2 copy/valid_experiments/runs/noQ_seed2027/metrics.csv
problem_versions/problem2_retrain_v2_copy/valid_experiments/runs/noQ_seed2027/reference_comparison.json	231	ff15ffd745943ebc171b1c82a3091d1da217f607859edb76cb9673cfa0250c6d	result_summary	problem2_retrain_v2 copy/valid_experiments/runs/noQ_seed2027/reference_comparison.json
problem_versions/problem2_retrain_v2_copy/valid_experiments/runs/noQ_seed2027/stability.csv	6764	45fac1c50327b9443edde319dc06f8b43e7b7bbadef644d43e34e8fb108e271f	result_summary	problem2_retrain_v2 copy/valid_experiments/runs/noQ_seed2027/stability.csv
problem_versions/problem2_retrain_v2_copy/valid_experiments/runs/noQ_seed2028/metrics.csv	14326	f8c8702610ca021813dcd042c2af0fcc60bad7d9f6866d8f3c25194e51ed23d5	result_summary	problem2_retrain_v2 copy/valid_experiments/runs/noQ_seed2028/metrics.csv
problem_versions/problem2_retrain_v2_copy/valid_experiments/runs/noQ_seed2028/stability.csv	7007	f1971755e1c4489bfd94c522f93729691630cd8c978fcb2b49ddcc06f8aca355	result_summary	problem2_retrain_v2 copy/valid_experiments/runs/noQ_seed2028/stability.csv
problem_versions/problem2_retrain_v2_copy/valid_experiments/runs/noQ_seed2035/metrics.csv	14417	3a310044947502c2e39e5669a51698522861cd77ee549e01d27a8fa9acba8c24	result_summary	problem2_retrain_v2 copy/valid_experiments/runs/noQ_seed2035/metrics.csv
problem_versions/problem2_retrain_v2_copy/valid_experiments/runs/noQ_seed2035/stability.csv	6991	d8d9ee732e10fcdec7365b78f9a09e1a6281dc05d25cedd9c9f617d43b9fff08	result_summary	problem2_retrain_v2 copy/valid_experiments/runs/noQ_seed2035/stability.csv
problem_versions/problem2_retrain_v2_copy/valid_experiments/stability.csv	99664	6ed17843de3c612a303ad9d272d00f2d0e0bc05223bfdf5e25c0ded843aa37ce	result_summary	problem2_retrain_v2 copy/valid_experiments/stability.csv
problem_versions/problem2_retrain_v2_copy/valid_figures/完整模型的类别错误分布.pdf	35357	20b753d885bbd932ffb357d261aade52cd4f5bb4f3f223f377ca40c184525131	result_figure	problem2_retrain_v2 copy/valid_figures/完整模型的类别错误分布.pdf
problem_versions/problem2_retrain_v2_copy/valid_figures/完整模型的类别错误分布.png	218385	0d10f24159573278273aec5a6d4e13b7f6ad1801da7e9d77246f8e152f12db8c	result_figure	problem2_retrain_v2 copy/valid_figures/完整模型的类别错误分布.png
problem_versions/problem2_retrain_v2_copy/valid_figures/对齐模型完整输入组件消融比较.pdf	41033	cda806968378c814c11a7be1f5cc6c06a8f25de99f371bc1e90211f53ce281a3	result_figure	problem2_retrain_v2 copy/valid_figures/对齐模型完整输入组件消融比较.pdf
problem_versions/problem2_retrain_v2_copy/valid_figures/对齐模型完整输入组件消融比较.png	429761	797123876eda354e8b72f41d6029652d905044274943a86fc5cd62e1d9115227	result_figure	problem2_retrain_v2 copy/valid_figures/对齐模型完整输入组件消融比较.png
problem_versions/problem2_retrain_v2_copy/valid_figures/局部缺失下的预测稳定性.pdf	41764	dfb70904307616dd2436c26cf4b12ee54e08aa1be34ef9f9c2a16c0719190e84	result_figure	problem2_retrain_v2 copy/valid_figures/局部缺失下的预测稳定性.pdf
problem_versions/problem2_retrain_v2_copy/valid_figures/局部缺失下的预测稳定性.png	313003	ec334464da957d91446c01512c9718200fcd74e1798d256b61b6577ec3d43272	result_figure	problem2_retrain_v2 copy/valid_figures/局部缺失下的预测稳定性.png
problem_versions/problem2_retrain_v2_copy/valid_figures/未对齐模型完整输入组件消融比较.pdf	42008	fd9c4ea7dbc5735811d2af940fae9e24e929a38bacf084643a918d6d904f198d	result_figure	problem2_retrain_v2 copy/valid_figures/未对齐模型完整输入组件消融比较.pdf
problem_versions/problem2_retrain_v2_copy/valid_figures/未对齐模型完整输入组件消融比较.png	426132	e0c861a6a8aec102efb49f747c178583221a45c4cebfa0e6a7a24f94d877a6df	result_figure	problem2_retrain_v2 copy/valid_figures/未对齐模型完整输入组件消融比较.png
problem_versions/problem2_retrain_v2_copy/valid_figures/缺失模态与位置的性能敏感性.pdf	67454	d05057ba1a2d8328dada0180c7f4848375ace0ac7bd372e0e0dd39afe9268b8d	result_figure	problem2_retrain_v2 copy/valid_figures/缺失模态与位置的性能敏感性.pdf
problem_versions/problem2_retrain_v2_copy/valid_figures/缺失模态与位置的性能敏感性.png	681143	a4159d4d1c9198d6b15da02d36106e1b00af45f82f260bac41dbe6a0a3180b68	result_figure	problem2_retrain_v2 copy/valid_figures/缺失模态与位置的性能敏感性.png
problem_versions/problem2_retrain_v2_copy/valid_figures/连续缺失时长对准确率的影响.pdf	29199	97814e3bc876956dba4eb074b1e649483319271e77f7d83843f18dd5c33a7181	result_figure	problem2_retrain_v2 copy/valid_figures/连续缺失时长对准确率的影响.pdf
problem_versions/problem2_retrain_v2_copy/valid_figures/连续缺失时长对准确率的影响.png	342419	1ddee8b9e9c2bf38e5af90e3e2ef855da699948c64e671ffb3f3ae7dbce3716c	result_figure	problem2_retrain_v2 copy/valid_figures/连续缺失时长对准确率的影响.png
problem_versions/problem2_retrain_v2_copy/valid_figures/连续缺失时长对平均绝对误差的影响.pdf	29469	43940589942e23d45df0c38786859077266ddd27bd352f310dece1bd12c936c2	result_figure	problem2_retrain_v2 copy/valid_figures/连续缺失时长对平均绝对误差的影响.pdf
problem_versions/problem2_retrain_v2_copy/valid_figures/连续缺失时长对平均绝对误差的影响.png	309010	6913550754542fb6895ec56f5178f8aea8886c968a7acfa7587dda483deb2d59	result_figure	problem2_retrain_v2 copy/valid_figures/连续缺失时长对平均绝对误差的影响.png
problem_versions/problem2_retrain_v2_copy/valid_figures/隐空间补全质量对比.pdf	30279	8f225d1995d195dedd144df5c7cb94bed88f22ade2da6834c26a7a971c0e4721	result_figure	problem2_retrain_v2 copy/valid_figures/隐空间补全质量对比.pdf
problem_versions/problem2_retrain_v2_copy/valid_figures/隐空间补全质量对比.png	183513	822e7f8ccfe22daaba4c72fb6ef115942bb1b24672efd6a5a06211f6221d5396	result_figure	problem2_retrain_v2 copy/valid_figures/隐空间补全质量对比.png
problem_versions/problem2_retrain_v2_copy/代码快照/__init__.py	59	d747ccbeb049b1558f96e31b955560abeeb537c1c9e1487be5fbbb8d3adead78	source_doc_config	problem2_retrain_v2 copy/代码快照/__init__.py
problem_versions/problem2_retrain_v2_copy/代码快照/ablation.py	11772	9d5c96c17a661347b2bde5253d63a1036f7464527d2710e19176b036d077a768	source_doc_config	problem2_retrain_v2 copy/代码快照/ablation.py
problem_versions/problem2_retrain_v2_copy/代码快照/ablation_analysis.py	11240	2ac28165643a502f718e6e64ba14421567dd4fcf0d0b207ffa744631c7a8319a	source_doc_config	problem2_retrain_v2 copy/代码快照/ablation_analysis.py
problem_versions/problem2_retrain_v2_copy/代码快照/ablation_plots.py	11736	8d2e5f15978fe99ac8bbd808a86d1fe6b26853544d930a235bab0b0ad1207384	source_doc_config	problem2_retrain_v2 copy/代码快照/ablation_plots.py
problem_versions/problem2_retrain_v2_copy/代码快照/data.py	9953	8661f2c9a172a16aea2e394344d44ff656275d42b76a2ad9d5121db9b15e9147	source_doc_config	problem2_retrain_v2 copy/代码快照/data.py
problem_versions/problem2_retrain_v2_copy/代码快照/evaluation.py	2035	83436ea4dc5b77b37eb41e96b330c9834fcd71b3e532bd17861d7a297a0b1e44	source_doc_config	problem2_retrain_v2 copy/代码快照/evaluation.py
problem_versions/problem2_retrain_v2_copy/代码快照/experiments.py	20355	7d01575ff4f5782f3a04acad47c5f98d67f8a49a8012268f1377c77393e4e864	source_doc_config	problem2_retrain_v2 copy/代码快照/experiments.py
problem_versions/problem2_retrain_v2_copy/代码快照/inference.py	14330	3d1172f5529fefb9b422361f53089f5b8b3d860cddf8e427d60dd537b330bc5a	source_doc_config	problem2_retrain_v2 copy/代码快照/inference.py
problem_versions/problem2_retrain_v2_copy/代码快照/local_missingness.py	4587	cf9c6e54772702ecf15d5b4b782e172b587ddc604202a90b72ddf4fdce05fefc	source_doc_config	problem2_retrain_v2 copy/代码快照/local_missingness.py
problem_versions/problem2_retrain_v2_copy/代码快照/model.py	22809	1a5114e744a764437bf455db15b172e160f9c5936f6678d162d91c8e32ba0dc6	source_doc_config	problem2_retrain_v2 copy/代码快照/model.py
problem_versions/problem2_retrain_v2_copy/代码快照/output_contract.py	768	f1b1e0d9794a3ab60df3da0db971eafcad81110c56b0d37b2f9f67b1982461e6	source_doc_config	problem2_retrain_v2 copy/代码快照/output_contract.py
problem_versions/problem2_retrain_v2_copy/代码快照/problem2.py	3020	ab17f5f05700ddefcc1a7a217a93cdaa734e66e4106da041d9084df371ba98e6	source_doc_config	problem2_retrain_v2 copy/代码快照/problem2.py
problem_versions/problem2_retrain_v2_copy/代码快照/run_test252.py	6237	994d94e5dce818b0f477640a34db59905d27cefb7f295ae37ee9da7bb35cab65	source_doc_config	problem2_retrain_v2 copy/代码快照/run_test252.py
problem_versions/problem2_retrain_v2_copy/代码快照/run_test252_mean10.py	11601	c460aa67511b32cefcdf33822451bf9d9c7ad4c0411dc1e0ebcba612e20f0f5a	source_doc_config	problem2_retrain_v2 copy/代码快照/run_test252_mean10.py
problem_versions/problem2_retrain_v2_copy/代码快照/run_test252_mean3.py	10427	1075f587163d6ca083df574b4b61b35dffafa5424d44068aef88e7ce619d904b	source_doc_config	problem2_retrain_v2 copy/代码快照/run_test252_mean3.py
problem_versions/problem2_retrain_v2_copy/代码快照/training.py	9761	4df4b0479f58f291955edfdb040de622c3762eef7d2a1964b22b4232ef95d96a	source_doc_config	problem2_retrain_v2 copy/代码快照/training.py
problem_versions/problem2_retrain_v2_copy/图表排版核验.json	4120	f107cb72341960effbb86ecc2dad9dba65350dea7a5edb557136901a11b7cece	source_doc_config	problem2_retrain_v2 copy/图表排版核验.json
problem_versions/problem2_retrain_v2_copy/整理记录.json	11778	5f49447d9ca875d879c4b92182faa6881ef4965eddf36ebccef7b6f3e476e6ae	source_doc_config	problem2_retrain_v2 copy/整理记录.json
problem_versions/problem2_retrain_v2_copy/现有实验结果与图表.md	11617	dc690768b919d80380480f6ab5334e11d85d238f1580e7133fa1020e1f596745	source_doc_config	problem2_retrain_v2 copy/现有实验结果与图表.md
problem_versions/problem2_retrain_v2_copy/生成现有实验图表.py	23515	616ea137cba1bca29cd733576a72dd2c14f0ca9d3511fa29157ddfcc1e7e446f	source_doc_config	problem2_retrain_v2 copy/生成现有实验图表.py
problem_versions/problem2_retrain_v2_copy/论文图表样式.py	8348	1ab02580eac01976fbcb08284c30bc6e4a24f24e69a6ac015e10efebe061dd7b	source_doc_config	problem2_retrain_v2 copy/论文图表样式.py
problem_versions/problem2_retrain_v2_copy/超参敏感性实验.py	6356	1292f397adbb875dfb92bd5e7924ced38032e537c2ec9220d7a3bb097758c96c	source_doc_config	problem2_retrain_v2 copy/超参敏感性实验.py
problem_versions/problem2_retrain_v2_copy/超参敏感性绘图.py	14293	dbcbe71316106236962d928d3d2a9f7a231f373850bc1d87b648dd36563a98ad	source_doc_config	problem2_retrain_v2 copy/超参敏感性绘图.py
problem_versions/problem2_retrain_v2_copy/超参数敏感性分析.md	10629	586b004d24c41fce86b15a89f2b3a315d43b265451e5f2327602790eb2a92430	source_doc_config	problem2_retrain_v2 copy/超参数敏感性分析.md
problem_versions/problem2_retrain_v2_copy/配置快照/problem2_retrain_v2_ablation.json	624	9258707b0025f821a6afc741a7c4aee540fd63ef115dbcde3812e9c1eb9c20ac	source_doc_config	problem2_retrain_v2 copy/配置快照/problem2_retrain_v2_ablation.json
problem_versions/problem2_retrain_v2_copy/配置快照/problem2_retrain_v2_ablation_s2031_2035.json	649	e8d8d414eb58374057055e5c6bb96deb049626c4568a573653c791ff5eb3e9f8	source_doc_config	problem2_retrain_v2 copy/配置快照/problem2_retrain_v2_ablation_s2031_2035.json
problem_versions/problem2_retrain_v2_copy/配置快照/problem2_retrain_v2_ablation_unaligned.json	488	b89a1be28fedf7dab22117f315eb6bc61ffb831f94476ef317b5b2bebb5b05ce	source_doc_config	problem2_retrain_v2 copy/配置快照/problem2_retrain_v2_ablation_unaligned.json
problem_versions/problem2_retrain_v2_copy/配置快照/problem2_retrain_v2_ablation_unaligned_s2031_2035.json	448	0f12b22a755abe829349df12bd4c35866e6116bb24d0c22008718838079ccf2c	source_doc_config	problem2_retrain_v2 copy/配置快照/problem2_retrain_v2_ablation_unaligned_s2031_2035.json
problem_versions/problem2_retrain_v2_copy/配置快照/problem2_retrain_v2_aligned.json	1989	267d4a1c21a07d943c26660303d350b64734731f371a745d9617680d91df0335	source_doc_config	problem2_retrain_v2 copy/配置快照/problem2_retrain_v2_aligned.json
problem_versions/problem2_retrain_v2_copy/配置快照/problem2_retrain_v2_unaligned.json	1416	ff5c0db23aecf518a6260118d27fecbc9ea7bb1e00bba43cde0cae6e886ae36d	source_doc_config	problem2_retrain_v2 copy/配置快照/problem2_retrain_v2_unaligned.json
problem_versions/problem2_retrain_v2_copy/验证集六图实验.py	6788	a3b51e75b15f31151d865f9a011b8ce5b109ad0e279b2942e4f0dc8fdade7305	source_doc_config	problem2_retrain_v2 copy/验证集六图实验.py
problem_versions/problem2_retrain_v2_copy/验证集六图绘制.py	25207	2b43d82ef51a67856669fe0082b338d4affd73c5758cd8fbe2d08cbdbe9491ac	source_doc_config	problem2_retrain_v2 copy/验证集六图绘制.py
problem_versions/problem2_retrain_v2_copy/验证集实验结果与图表.md	10361	0856864d46aca7d6829856c93ca482726e256c51b41e308830efb656be9d6723	source_doc_config	problem2_retrain_v2 copy/验证集实验结果与图表.md
problem_versions/problem2_retrain_v2_copy/验证集选模与参数分析.md	2908	0a73e2482767f46c22c983d851c55bedf85291e3ff6a74d3a4d60070bf21ff5b	source_doc_config	problem2_retrain_v2 copy/验证集选模与参数分析.md
problem_versions/problem2_retrain_v2_copy/验证集选模分析.py	12241	87c4ea6f874558bed053534980dd5ea3556d8a14d4a221d8ee175d3fc6698ca1	source_doc_config	problem2_retrain_v2 copy/验证集选模分析.py
problem_versions/problem3/README.md	1095	38ac8a6255b3637b3d6dba08bf063956763b959f874665e00b6c9754c478c094	source_doc_config	problem3/README.md
problem_versions/problem3/__init__.py	28	efe2d4ca0f0464c41af8e2e655dc87e265f85bdac5fefd888cdef5772605ec5a	source_doc_config	problem3/__init__.py
problem_versions/problem3/_export_all20.py	2378	f0b45c433ac4f0e647e5e86ab46023c5d01a07ab9313e4d6f96075bbf6753bab	source_doc_config	problem3/_export_all20.py
problem_versions/problem3/config.json	426	3e523fd1d57044e1c521aaeae4a57d4ffe05bb0c7f13a0ac080a94d4ee20f915	source_doc_config	problem3/config.json
problem_versions/problem3/explain.py	8388	41cd3700bb4c409ac0334fe07480e0de585f2f4a4d7cd1c92a2f03a8d834aa08	source_doc_config	problem3/explain.py
problem_versions/problem3/model_io.py	2569	0d55f702a4ff56d3b72594346639b700eb2cce971d9c1391e1f11f44b2264a2a	source_doc_config	problem3/model_io.py
problem_versions/problem3/problem3.py	4378	f2ba1eae85f051f5ce1d5a7af727cdc90dc63013c71073541b1a98bd9cd8e013	source_doc_config	problem3/problem3.py
problem_versions/problem3/report.py	22817	910f2fd264e149adac8a81761101ff850095d2f6433c373d074c3e9a7ab4bb71	source_doc_config	problem3/report.py
problem_versions/problem3/results/figures/01_importance.pdf	33636	d38c85ded64317130c9c7c6f12710260b90d3e34cfca9496e5323b42ada0ade5	result_figure	problem3/results/figures/01_importance.pdf
problem_versions/problem3/results/figures/01_modality.pdf	26436	b0884007e507350ad7f2c3a0c20926ae66772ee21bbbdf76bebbfee9f79e569e	result_figure	problem3/results/figures/01_modality.pdf
problem_versions/problem3/results/figures/02_importance.pdf	33876	5304add830ca4c5067b1c1b3ac086a185da2616d21302769be24bca7da06a6f3	result_figure	problem3/results/figures/02_importance.pdf
problem_versions/problem3/results/figures/02_modality.pdf	26429	3495f58dad749f59f8b2699bbaabbb55a4f9a6c6ccc04242075bc86a151df161	result_figure	problem3/results/figures/02_modality.pdf
problem_versions/problem3/results/figures/03_importance.pdf	34374	5f1dcc268ef38d5819347772980372730a48e5c21cb8efb9873b640f5d8b3563	result_figure	problem3/results/figures/03_importance.pdf
problem_versions/problem3/results/figures/03_modality.pdf	26864	9b0ecb2a2e192d3e47d1f2446057d66ca3e1e7c4e6b65441721fbc6aaeb82363	result_figure	problem3/results/figures/03_modality.pdf
problem_versions/problem3/results/figures/04_importance.pdf	34437	6af26c056e17ad175a3a77c0bbc36cb5a3763ffad0734c4efe254a07b6cda6f8	result_figure	problem3/results/figures/04_importance.pdf
problem_versions/problem3/results/figures/04_modality.pdf	26435	2ff11be558293044366873fdbec36d0bf6f72560a3dd3abe1a17c5fa00bca555	result_figure	problem3/results/figures/04_modality.pdf
problem_versions/problem3/results/figures/05_importance.pdf	34622	50af17fbcb78f7a8c6ae415816d35a23b1db82070ddfca17ab8b1a2595394b08	result_figure	problem3/results/figures/05_importance.pdf
problem_versions/problem3/results/figures/05_modality.pdf	26467	26f04bf1492b2f9b9ac05e08bc7df5bd4d8b0e1bab3097ba0a595c9efc0f7e4a	result_figure	problem3/results/figures/05_modality.pdf
problem_versions/problem3/results/figures/06_importance.pdf	34570	be129912623798e70e75a91f86061e01a42d14a70a1895686744c1e50c6c5352	result_figure	problem3/results/figures/06_importance.pdf
problem_versions/problem3/results/figures/06_modality.pdf	26435	61dfd60b23f73da4a47fd619633ca2988800a9be85f526ef10b1c04ea4f30fff	result_figure	problem3/results/figures/06_modality.pdf
problem_versions/problem3/results/figures/07_importance.pdf	34925	e69388f034549ef720da615e8cc5901c1e8bc5dc2b16c1c127c8a0194ca621d7	result_figure	problem3/results/figures/07_importance.pdf
problem_versions/problem3/results/figures/07_modality.pdf	26664	490c5278b747572bdd979b5f0b82244f5fdbfcac09e19ec14e8a037a5d5c3c49	result_figure	problem3/results/figures/07_modality.pdf
problem_versions/problem3/results/figures/08_importance.pdf	33952	96e432fbcba4fe140987fc0236240e1e83f225150fd73c99b6f46f79232cfce2	result_figure	problem3/results/figures/08_importance.pdf
problem_versions/problem3/results/figures/08_modality.pdf	26425	bdda835a2ef302a851c906089ea9135c274ad9afeccb8ddc58290c241aabb7ab	result_figure	problem3/results/figures/08_modality.pdf
problem_versions/problem3/results/figures/09_importance.pdf	34528	cc990633c0b76827f2aac316b0689ac8c2df148f1c32e7dc506ef4ffdc38088b	result_figure	problem3/results/figures/09_importance.pdf
problem_versions/problem3/results/figures/09_modality.pdf	26809	2e4fe2d326a0a4c26972970f69ce3097756692be370d18dc74edc8975678dc60	result_figure	problem3/results/figures/09_modality.pdf
problem_versions/problem3/results/figures/10_importance.pdf	35351	c7ab4f8d6e4ffd0e0f81cfca480af6e3148194c6b4c6d7127002c88041e181df	result_figure	problem3/results/figures/10_importance.pdf
problem_versions/problem3/results/figures/10_modality.pdf	26429	714481813c4974162c80e8e0ee6682311bafbe7fdc328eea867cceaa6372b3eb	result_figure	problem3/results/figures/10_modality.pdf
problem_versions/problem3/results/figures/11_importance.pdf	34752	9fe000ec3fa1a99e5bd39039c4e06359cfaa52ba9e350b726727e8901553ab82	result_figure	problem3/results/figures/11_importance.pdf
problem_versions/problem3/results/figures/11_modality.pdf	26449	faf902448ef40f95ee67cb8683789293bfabc11aa7c9b0542222c36f98be5957	result_figure	problem3/results/figures/11_modality.pdf
problem_versions/problem3/results/figures/12_importance.pdf	34391	85956f9011fdc7d9f2cd53e07ead68e4e11628c27da82da3a3a440edc7253f76	result_figure	problem3/results/figures/12_importance.pdf
problem_versions/problem3/results/figures/12_modality.pdf	26389	e10beb6efd489e5b3731e7cbfe82644ba1e27a1c4d37fe75624746a1acad5cc7	result_figure	problem3/results/figures/12_modality.pdf
problem_versions/problem3/results/figures/13_importance.pdf	34844	6cba876702fa0aea7a261df4cf4c55530e0974d08f6d60b3a7e478cb84cbefd1	result_figure	problem3/results/figures/13_importance.pdf
problem_versions/problem3/results/figures/13_modality.pdf	26848	3bd9b463bd40f1a1edac32a19924aa1837bc1bb950fab8efd6d9588eb5014b8c	result_figure	problem3/results/figures/13_modality.pdf
problem_versions/problem3/results/figures/14_importance.pdf	35291	f15465a890a6a15a1802ad41eaf1a44ee0756c9d4154d747fd886eff5f2a3547	result_figure	problem3/results/figures/14_importance.pdf
problem_versions/problem3/results/figures/14_modality.pdf	26435	37a9273cbe9c832fd67957d4c629f83f0c6705646208906ee67df2dfc21d4c71	result_figure	problem3/results/figures/14_modality.pdf
problem_versions/problem3/results/figures/15_importance.pdf	34223	6c06fc4fb8aa4c840c1bd2fc9ea53fa5ea73c17727692b4b572087cf37c6e741	result_figure	problem3/results/figures/15_importance.pdf
problem_versions/problem3/results/figures/15_modality.pdf	26762	850b507041d4b5e4fd9eb0183c10b8ee0a89c95106a49d960fcad3d4de77e285	result_figure	problem3/results/figures/15_modality.pdf
problem_versions/problem3/results/figures/16_importance.pdf	34170	633bc81d5f2fbbeee3b6a1a03784757093cb0edda21cc6f394950699fe15ba78	result_figure	problem3/results/figures/16_importance.pdf
problem_versions/problem3/results/figures/16_modality.pdf	26430	3904a47c2544503e00c55dcf496b2b2dea5fdabd83c5645fe38bb0fa7e1c3fbd	result_figure	problem3/results/figures/16_modality.pdf
problem_versions/problem3/results/figures/17_importance.pdf	34441	d95deb766b20d6f472d1e8f4867dc165ab80ef9b07128c76a50bb6bf9934eb4a	result_figure	problem3/results/figures/17_importance.pdf
problem_versions/problem3/results/figures/17_modality.pdf	26671	5d460fcb7f56b37567ecc054d627def4efec1cd3d36dc298b58b0fe5ddbf1ac4	result_figure	problem3/results/figures/17_modality.pdf
problem_versions/problem3/results/figures/18_importance.pdf	35158	08b7828416c65ac7b0128b7bcf835d20865afa58c85a79afb624342758c1d438	result_figure	problem3/results/figures/18_importance.pdf
problem_versions/problem3/results/figures/18_modality.pdf	26437	980dc14430ee7f2b369b1598bfffca9d14d2f74368612abc051e670b564286f7	result_figure	problem3/results/figures/18_modality.pdf
problem_versions/problem3/results/figures/19_importance.pdf	35329	88f56584768d2891e4dda9539815872b6b03d658caea19a92a8c4cdeef46c442	result_figure	problem3/results/figures/19_importance.pdf
problem_versions/problem3/results/figures/19_modality.pdf	26802	605cbd252ec2e102e0c3afa277070bf2abc88512e3f32807a3009b83605d24df	result_figure	problem3/results/figures/19_modality.pdf
problem_versions/problem3/results/figures/20_importance.pdf	34859	2370f687fcc77dc9896124dc267f5d613fd7bcf743243033e4e1329dbd02eb4a	result_figure	problem3/results/figures/20_importance.pdf
problem_versions/problem3/results/figures/20_modality.pdf	26401	9d00b5106867bc3963e571dbd40c819ee69c900def5267b53693e6095bc69f88	result_figure	problem3/results/figures/20_modality.pdf
problem_versions/problem3/results/figures/_preview/08_importance.png	46350	181a2f997ccde5e1693866a54f0dfefa39d05ca94e44557b000fe14b056a58f6	result_figure	problem3/results/figures/_preview/08_importance.png
problem_versions/problem3/results/figures/_preview/08_modality.png	17917	1d46529c1d0863cd66d49e6af5c08b1e4ae2f9799ced289ed264539be03e71d2	result_figure	problem3/results/figures/_preview/08_modality.png
problem_versions/problem3/results/figures/_preview/09_importance.png	64964	3b157b796ef6bf4e1be28a90bccb4d1c54cef8531eb8390d45317562bae1c076	result_figure	problem3/results/figures/_preview/09_importance.png
problem_versions/problem3/results/figures/_preview/09_modality.png	17807	17b03fa7bc7cbfcb87c229b4d85195f90ea59cc6610ac2e67c09a2dafd1518d6	result_figure	problem3/results/figures/_preview/09_modality.png
problem_versions/problem3/results/figures/_preview/10_importance.png	57424	d5726fc53656aea8b8e853d1ffa2ab27829b057d2d2ef97527ab2288473ec21c	result_figure	problem3/results/figures/_preview/10_importance.png
problem_versions/problem3/results/figures/_preview/10_modality.png	17609	c0c362b5e1d041309e45f64be148e15612ff5e115fd9ffef32aa16cb8d65609c	result_figure	problem3/results/figures/_preview/10_modality.png
problem_versions/problem3/results/figures/_preview/11_importance.png	50199	a240a15139437c4e247963b8b31a03fbc2aaaf252155082ecb4553a8542134b4	result_figure	problem3/results/figures/_preview/11_importance.png
problem_versions/problem3/results/figures/_preview/11_modality.png	17489	7ef26ce507ab09263e3c087b1b3333ecfc457181a3985dbb1bc0f4094eef7335	result_figure	problem3/results/figures/_preview/11_modality.png
problem_versions/problem3/results/figures/_preview/14_importance.png	66298	ae00320cb098f2c4ffb3d35b7cdbb7f076129a639488c631df234ad0b408995e	result_figure	problem3/results/figures/_preview/14_importance.png
problem_versions/problem3/results/figures/_preview/14_modality.png	17451	8d419b9e4305e9ac5921d0677d18720828ab6092f5226c903477b7d52125b8ba	result_figure	problem3/results/figures/_preview/14_modality.png
problem_versions/problem3/results/figures/_preview/15_importance.png	64581	5030205226f951c452eb62c3d52b3710b6208f804c220f19fc03aed74522c07c	result_figure	problem3/results/figures/_preview/15_importance.png
problem_versions/problem3/results/figures/_preview/15_modality.png	17494	4c0663f57acf38af31da84815ab85e0de49803595f99f84dea58615b1f9d68cd	result_figure	problem3/results/figures/_preview/15_modality.png
problem_versions/problem3/results/figures/_preview/16_importance.png	47316	3d160d8d4ed1d0b6319bd06fc7db5f58004e40a266346f08a557cb26c485d427	result_figure	problem3/results/figures/_preview/16_importance.png
problem_versions/problem3/results/figures/_preview/16_modality.png	17636	3c4d0bbfb9cf28c2ff216b9935a3dead7e65b127eab37b6c9850a5cb5fd43e62	result_figure	problem3/results/figures/_preview/16_modality.png
problem_versions/problem3/results/figures/_preview/test_confusion.png	20859	d024b519edd358e08876d249bfdc44649fcf07818aa11125b660f668c20659b9	result_figure	problem3/results/figures/_preview/test_confusion.png
problem_versions/problem3/results/figures/_preview/test_error_by_class.png	14220	f8f49d5535be8b9ed1093229c7f97309b8c463439bcaf85006e95eef2a76eccd	result_figure	problem3/results/figures/_preview/test_error_by_class.png
problem_versions/problem3/results/figures/test_confusion.pdf	21031	fac536e88b5a8cf95ff9885a406b2f1bfd03f9f9bd636d6c903091cc9aee9078	result_figure	problem3/results/figures/test_confusion.pdf
problem_versions/problem3/results/figures/test_error_by_class.pdf	17569	cddd6d7bc923a64c1061856873772c6ce0ebff81ff49dabfbdf490018d5ab303	result_figure	problem3/results/figures/test_error_by_class.pdf
problem_versions/problem3/results/figures/valid_confusion.pdf	20605	da1cce3297d79e637d80585f1c931272f09af7fa20cf7f49f94170c7de670692	result_figure	problem3/results/figures/valid_confusion.pdf
problem_versions/problem3/results/figures/valid_error_by_class.pdf	17567	85fd87277d3e27c66255ff91179a6342fffa42a15dcf4c371f77780910becb46	result_figure	problem3/results/figures/valid_error_by_class.pdf
problem_versions/problem3/results/mapping_v3_mfa_summary.json	1494	23116e06b67b48283a26f296d47d611b2b5e86f537638a8606822035e0544f64	result_summary	problem3/results/mapping_v3_mfa_summary.json
problem_versions/problem3/results/典型样本解释卡.md	2706	027f65e2be6598a7bd641ec024dfe60ea068f7da6f9aa7c34f48861b120e3ff0	result_markdown	problem3/results/典型样本解释卡.md
problem_versions/problem3/results/测试集结果分析_第5节.md	3282	d0313dd1b4fff8be947ecdf28f61dbea10c17e16975a98b2f31a16f0951e7d00	result_markdown	problem3/results/测试集结果分析_第5节.md
problem_versions/problem3/results/问题三交付说明.md	3756	8d9f4c60a70eac68b5240a5592e5f134baddca45cbf80d3ac8b04f84ba2b1473	result_markdown	problem3/results/问题三交付说明.md
problem_versions/problem3/results/附件4_全部解释卡.md	15913	551690123784d9214220a75bb520defcad46729ae1ffea565bee1f2a5e17bb7a	result_markdown	problem3/results/附件4_全部解释卡.md
problem_versions/problem3/results/附件4_可解释结果.csv	18673	bd060a1ca228e217308c553c2c78f8f71acbc755aebfdc4e28e8707880749118	result_summary	problem3/results/附件4_可解释结果.csv
problem_versions/problem3/results/验证集结果分析_第5节.md	2786	878ebf17a912a7c145844778fee581587f10e83f9e61fafad43edca09ddd3bc8	result_markdown	problem3/results/验证集结果分析_第5节.md
problem_versions/problem3/supplement_section5.py	12714	8e32bdbdfe0a82e6e1c478deaa4b540d17a6714785a84c511d0e564d9955ef2c	source_doc_config	problem3/supplement_section5.py
problem_versions/problem3/数据预处理说明.md	2035	9060014098051eace4c780fb496840c81c9be7c99f1bbccd70c7d9d75dd0418d	source_doc_config	problem3/数据预处理说明.md
problem_versions/problem3/模型建立_对齐版.md	9014	019af4b8fcae07d8e5dd472ab1bd94619cf8f65145e1850d795f47dce8547edd	source_doc_config	problem3/模型建立_对齐版.md
problem_versions/problem3/问题三结果分析_对齐版.md	15908	a1fc62f537d039c582eb6c027fc7ae72951b1c61c69311ca05da9b3f01b5b4b6	source_doc_config	problem3/问题三结果分析_对齐版.md
problem_versions/problem3_unaligned/README.md	632	cf97a08e6f3956b0c31618ffdb04a7a1d5db94e826d9d56c61b35a0d229e52e2	source_doc_config	problem3_unaligned/README.md
problem_versions/problem3_unaligned/__init__.py	31	13662e65db72ae4aba1349db81bb64c0ad46e67964dba6a9da8fb9d8cf98e47e	source_doc_config	problem3_unaligned/__init__.py
problem_versions/problem3_unaligned/_export_all20.py	2483	ff5879f314819308fcfe85b1e01526811cc92420671e127cd6abacc1da65d380	source_doc_config	problem3_unaligned/_export_all20.py
problem_versions/problem3_unaligned/config.json	520	50ac3f75fe8ba7472d7f7fa627820c98bbb34b2291bea014a6c823e145c199f0	source_doc_config	problem3_unaligned/config.json
problem_versions/problem3_unaligned/explain.py	12601	06954c45ccdc4ffe40dbc5fe7c4a5e594fb9df25aeec150635d8a5fb1e13813a	source_doc_config	problem3_unaligned/explain.py
problem_versions/problem3_unaligned/model_io.py	4583	1421073fc5368d17713981c487a35d02bbc75f179d57baa0db29198a4e1202fa	source_doc_config	problem3_unaligned/model_io.py
problem_versions/problem3_unaligned/problem3.py	4347	868a656b4fab80b868911816d65fda0fc25e5db76b95821dfce72862cae2c2b5	source_doc_config	problem3_unaligned/problem3.py
problem_versions/problem3_unaligned/results/figures/01_importance.pdf	34992	42311eccb5a1807c11ee867d4d30859bda931cf6079e5d7e3870d2d54f43adac	result_figure	problem3_unaligned/results/figures/01_importance.pdf
problem_versions/problem3_unaligned/results/figures/01_modality.pdf	26404	e4213b5ca21743857b0e3c1a9ef3b28bd2b07c07c6981ca65ea7cc338303a330	result_figure	problem3_unaligned/results/figures/01_modality.pdf
problem_versions/problem3_unaligned/results/figures/02_importance.pdf	31773	33db718c8897b9f5577ee5ffc6e10066e31701c2188c89b2097685a5600525b6	result_figure	problem3_unaligned/results/figures/02_importance.pdf
problem_versions/problem3_unaligned/results/figures/02_modality.pdf	26942	16d5a1d6fd93ebf3f54573d3339f5ff51e098c9540abd308a63759f744a43b53	result_figure	problem3_unaligned/results/figures/02_modality.pdf
problem_versions/problem3_unaligned/results/figures/03_importance.pdf	33250	1577f59a7b77d8f6930f7ec66f2dd0a6f0b5147222c1eb8cc607b4197974e9fc	result_figure	problem3_unaligned/results/figures/03_importance.pdf
problem_versions/problem3_unaligned/results/figures/03_modality.pdf	26593	a152583f271bcee648ab974173844cd6569d944df11aea18e96fc5a39bc05814	result_figure	problem3_unaligned/results/figures/03_modality.pdf
problem_versions/problem3_unaligned/results/figures/04_importance.pdf	31914	dccfdd05958e2ede1967f072fb216a839457f0903b3fac3bd4917c2446dbff6d	result_figure	problem3_unaligned/results/figures/04_importance.pdf
problem_versions/problem3_unaligned/results/figures/04_modality.pdf	26210	db31fe7a5891993b48230ecb13c12ab1cc1bc205211ae48b1bd3eda0f2e36162	result_figure	problem3_unaligned/results/figures/04_modality.pdf
problem_versions/problem3_unaligned/results/figures/05_importance.pdf	32579	c6c80e969236f35f60abc5b485ab1fb1b0e0192420fdb9c96795cb5d7284a4bb	result_figure	problem3_unaligned/results/figures/05_importance.pdf
problem_versions/problem3_unaligned/results/figures/05_modality.pdf	26912	8c6e482ae817b12d7929bedbc273255a37380a6adce9c905997f5d23571025ba	result_figure	problem3_unaligned/results/figures/05_modality.pdf
problem_versions/problem3_unaligned/results/figures/06_importance.pdf	32190	87ebda8ccfc3f73ac65c3009760f9beeb94fb6b37594f944866a284a88179e27	result_figure	problem3_unaligned/results/figures/06_importance.pdf
problem_versions/problem3_unaligned/results/figures/06_modality.pdf	26438	7b7cea11b8c9ad4ea134d9266f1c1238ea7660be163c60b1977bbf57e579acc5	result_figure	problem3_unaligned/results/figures/06_modality.pdf
problem_versions/problem3_unaligned/results/figures/07_importance.pdf	36876	ae3e3b11a5fc32ee7461ec1ce32de7fe9575cc2713577edbe76940a76c2430b5	result_figure	problem3_unaligned/results/figures/07_importance.pdf
problem_versions/problem3_unaligned/results/figures/07_modality.pdf	27416	3531ee7b65108e8cb5cefd427b196d32ab71decd20559d4e768a140a507707aa	result_figure	problem3_unaligned/results/figures/07_modality.pdf
problem_versions/problem3_unaligned/results/figures/08_importance.pdf	31714	ee2add0278e9ab9406d9fa971d9b88aa13dec80af971c923f7470da547f3bcfb	result_figure	problem3_unaligned/results/figures/08_importance.pdf
problem_versions/problem3_unaligned/results/figures/08_modality.pdf	26209	60983b27dbe2d5e894df0c00c35f21e2de7601d65311ab9aa62bd602364b357a	result_figure	problem3_unaligned/results/figures/08_modality.pdf
problem_versions/problem3_unaligned/results/figures/09_importance.pdf	32459	c782177e8618895d825d41942422144ba6e27ddc95e27ba12814c85a59007aa7	result_figure	problem3_unaligned/results/figures/09_importance.pdf
problem_versions/problem3_unaligned/results/figures/09_modality.pdf	26524	d0df672988252c14a6859035179e5b78777ff31cd37bef78628084dd19b6ff12	result_figure	problem3_unaligned/results/figures/09_modality.pdf
problem_versions/problem3_unaligned/results/figures/10_importance.pdf	33203	5bb81b6d5f25eac628eba4823cdc35ac87397d8eab3e5a50c6d97bdb31710f59	result_figure	problem3_unaligned/results/figures/10_importance.pdf
problem_versions/problem3_unaligned/results/figures/10_modality.pdf	26403	7a69ded6aa5734098f6b0e992005c54dafecdd7e89579cfe5c4975e8b9d479c7	result_figure	problem3_unaligned/results/figures/10_modality.pdf
problem_versions/problem3_unaligned/results/figures/11_importance.pdf	31218	428baebb2aa855539a71d3702ebc7ca8518cd2e26593b14c53914eeb810fc821	result_figure	problem3_unaligned/results/figures/11_importance.pdf
problem_versions/problem3_unaligned/results/figures/11_modality.pdf	26381	048911285e85ccc58a26c8b630c0d52867a79d30978ab8de80fb40f2719d137b	result_figure	problem3_unaligned/results/figures/11_modality.pdf
problem_versions/problem3_unaligned/results/figures/12_importance.pdf	33358	75a0a161c713d8d6eb0da4ed2fa3f34416055ab9f2b5c624facd878c9e0df8bd	result_figure	problem3_unaligned/results/figures/12_importance.pdf
problem_versions/problem3_unaligned/results/figures/12_modality.pdf	26394	caa1985c6c7ff52860ec8ee030cf3d41198dc5409087dd612565fd1d82d397b0	result_figure	problem3_unaligned/results/figures/12_modality.pdf
problem_versions/problem3_unaligned/results/figures/13_importance.pdf	31768	3a629701ddaeffb8c6b006518b8a9248da408f23f9c80567604ce92af294c963	result_figure	problem3_unaligned/results/figures/13_importance.pdf
problem_versions/problem3_unaligned/results/figures/13_modality.pdf	26332	17e80f49995c8d77f462f23a4f7fc881c1b545f146a8ce49e07daf3cc8466f3d	result_figure	problem3_unaligned/results/figures/13_modality.pdf
problem_versions/problem3_unaligned/results/figures/14_importance.pdf	33430	ee91269653efe042d67e8098b94eefb421a21fe7cc66c056487f62376919800a	result_figure	problem3_unaligned/results/figures/14_importance.pdf
problem_versions/problem3_unaligned/results/figures/14_modality.pdf	25989	5cc79d605dcd33643d651986f7daccc8622986b4c5e637296b56894a5a3afff6	result_figure	problem3_unaligned/results/figures/14_modality.pdf
problem_versions/problem3_unaligned/results/figures/15_importance.pdf	32871	bea2df6bcb58f332e46c5e88aebdfbd7c3956cd11d3a30468b2c849c88f264cc	result_figure	problem3_unaligned/results/figures/15_importance.pdf
problem_versions/problem3_unaligned/results/figures/15_modality.pdf	26704	726e7d2caf5171ef558f1664249669ded8050d386b2e86c0c9b2f7a5f9303e7e	result_figure	problem3_unaligned/results/figures/15_modality.pdf
problem_versions/problem3_unaligned/results/figures/16_importance.pdf	30990	4e914eeb9e87f49c945254a3d8f7aec80fecc13347e488d01da21b6a9e49b057	result_figure	problem3_unaligned/results/figures/16_importance.pdf
problem_versions/problem3_unaligned/results/figures/16_modality.pdf	26398	61ab8f9030380d6ce3a41b4e1d4e50fdf258be6e275f21b16b36b14c73df668b	result_figure	problem3_unaligned/results/figures/16_modality.pdf
problem_versions/problem3_unaligned/results/figures/17_importance.pdf	32387	45d296756611b9be4ccc5b1e117abac5741ae373bd1c7be70021f82b617e26c8	result_figure	problem3_unaligned/results/figures/17_importance.pdf
problem_versions/problem3_unaligned/results/figures/17_modality.pdf	26630	6d751fdd04dbc9519b5965ce694cafbd80ead349f03284e07a27d2566e8da6e9	result_figure	problem3_unaligned/results/figures/17_modality.pdf
problem_versions/problem3_unaligned/results/figures/18_importance.pdf	35712	6f40d00e371e42005fa0e5971a37c25dee947d0e2dd43d04e9c0efd96788500c	result_figure	problem3_unaligned/results/figures/18_importance.pdf
problem_versions/problem3_unaligned/results/figures/18_modality.pdf	27404	e6c25b01df791b1c96a200e93967b75dd263627e69d4d629a6a4ab693e32f384	result_figure	problem3_unaligned/results/figures/18_modality.pdf
problem_versions/problem3_unaligned/results/figures/19_importance.pdf	35091	d4e898981c4dbe7d3c61047bf0703aa370bcc279880c594561b37e84d7dae527	result_figure	problem3_unaligned/results/figures/19_importance.pdf
problem_versions/problem3_unaligned/results/figures/19_modality.pdf	26777	116e09abf35f5d7d29abd06cdd23f12c325008a913ec6327594015b9aca563c0	result_figure	problem3_unaligned/results/figures/19_modality.pdf
problem_versions/problem3_unaligned/results/figures/20_importance.pdf	34333	a49a7cd28857951418e195e659205b1b4bdf9de4e335a63fb2c3b121c7d5ac8d	result_figure	problem3_unaligned/results/figures/20_importance.pdf
problem_versions/problem3_unaligned/results/figures/20_modality.pdf	26314	8e618b487475e7109a63c2649aabfccbf61e1104e57618017103ecdea2a2f262	result_figure	problem3_unaligned/results/figures/20_modality.pdf
problem_versions/problem3_unaligned/results/figures/_preview/01_importance.png	95107	512b6f282d7182819075ebc9d0ff035da1d898b5ef66cac5148dfab0c0fca762	result_figure	problem3_unaligned/results/figures/_preview/01_importance.png
problem_versions/problem3_unaligned/results/figures/_preview/01_modality.png	17105	815a9e852f911d6d3ac054be89dfe0c64d9de53d6c3235c6cb246aa59a20125c	result_figure	problem3_unaligned/results/figures/_preview/01_modality.png
problem_versions/problem3_unaligned/results/figures/_preview/02_importance.png	79935	6eb5f9a642ac1ee1be1ca7ce6e59f3a0b47b106e58e4012a3c80a1d18b3d582b	result_figure	problem3_unaligned/results/figures/_preview/02_importance.png
problem_versions/problem3_unaligned/results/figures/_preview/02_modality.png	18868	cb241cff07a74295d85d08cfb4623e5d375ed8f885285d1c8162194b5962f94d	result_figure	problem3_unaligned/results/figures/_preview/02_modality.png
problem_versions/problem3_unaligned/results/figures/_preview/03_importance.png	78110	a584226764188f50b751a6dc35fa8f448cac6b0580617355ae22bf30620b5c89	result_figure	problem3_unaligned/results/figures/_preview/03_importance.png
problem_versions/problem3_unaligned/results/figures/_preview/03_modality.png	17332	f20fad275b74329fb2737043e8263c8d795d6eac31787df7513daeeb4f3a0ae8	result_figure	problem3_unaligned/results/figures/_preview/03_modality.png
problem_versions/problem3_unaligned/results/figures/_preview/05_importance.png	76372	d249901ec19a53f5557ed7fd310b70411bb8018adf71ab3066d54d612be7697c	result_figure	problem3_unaligned/results/figures/_preview/05_importance.png
problem_versions/problem3_unaligned/results/figures/_preview/05_modality.png	18690	fb1e77c4fc26d674079c89cb64b2882143a8236d43c1a7364097df9ad39b350e	result_figure	problem3_unaligned/results/figures/_preview/05_modality.png
problem_versions/problem3_unaligned/results/figures/_preview/09_importance.png	74698	84a1a7b786487bc9bf6a21b04ba15c9f3cf068a8fc21739d20188bc0b6510fe1	result_figure	problem3_unaligned/results/figures/_preview/09_importance.png
problem_versions/problem3_unaligned/results/figures/_preview/09_modality.png	17336	7689d2bfb4e64bd405cfb807b291e2c7cfee850f2b33dccf1a36eeefb95d3853	result_figure	problem3_unaligned/results/figures/_preview/09_modality.png
problem_versions/problem3_unaligned/results/figures/_preview/14_importance.png	74105	04d230c7d55a32731b0461d780774f6f5d47e2f621a699567604c3bcdb18a91a	result_figure	problem3_unaligned/results/figures/_preview/14_importance.png
problem_versions/problem3_unaligned/results/figures/_preview/14_modality.png	16700	7467a7e9ca9d730e202237345e435f08c707169d48f913e1a002c051f8d09f25	result_figure	problem3_unaligned/results/figures/_preview/14_modality.png
problem_versions/problem3_unaligned/results/figures/_preview/16_importance.png	60446	f3f100227c35c51e0e3996b4835cfed91d81cb1ed65a921bcf8588644e5cc0a0	result_figure	problem3_unaligned/results/figures/_preview/16_importance.png
problem_versions/problem3_unaligned/results/figures/_preview/16_modality.png	17195	e7d7ba7f66da9fbbb34b526590fc0998a996b2b3b87dbbc80927d6b84504a4b5	result_figure	problem3_unaligned/results/figures/_preview/16_modality.png
problem_versions/problem3_unaligned/results/figures/_preview/19_importance.png	89243	42568d86cbac2be663add4ddacc02cfd1cc2886bb49b5ff2443e4d6e4d30aea2	result_figure	problem3_unaligned/results/figures/_preview/19_importance.png
problem_versions/problem3_unaligned/results/figures/_preview/19_modality.png	17270	1285a73145f12278708387660238ad4f46f5a279e70663dc97c9ac3113c695a6	result_figure	problem3_unaligned/results/figures/_preview/19_modality.png
problem_versions/problem3_unaligned/results/figures/_preview/test_confusion.png	20936	1abb535b20e5eb8ffefe800f9d90e96d8d76ba9629735385d10b59f03a3c98f0	result_figure	problem3_unaligned/results/figures/_preview/test_confusion.png
problem_versions/problem3_unaligned/results/figures/_preview/test_error_by_class.png	14708	a9b78b52a9ad3151f3ca7c2e81ed02b3e3a55db6ef7485593294a30d57575eb1	result_figure	problem3_unaligned/results/figures/_preview/test_error_by_class.png
problem_versions/problem3_unaligned/results/figures/test_confusion.pdf	20598	9cd7515364c1b1c0f7e2d6fd4f2e2284a4ce0becda28ff26ed3f136e8fd61fe8	result_figure	problem3_unaligned/results/figures/test_confusion.pdf
problem_versions/problem3_unaligned/results/figures/test_error_by_class.pdf	17796	94d78e29dee70b253f5759f9aefa15624c13e088e0ff963b9f9f5c8c505fb710	result_figure	problem3_unaligned/results/figures/test_error_by_class.pdf
problem_versions/problem3_unaligned/results/figures/valid_confusion.pdf	21031	fc5e45b72e13ffb2704bf3dc3003248c2412e0048efdd7bbe847ed896ce9d03d	result_figure	problem3_unaligned/results/figures/valid_confusion.pdf
problem_versions/problem3_unaligned/results/figures/valid_error_by_class.pdf	17821	0f466825ab7655562651ed8974b42b58873c262ef22150821ea6c8515e70c17a	result_figure	problem3_unaligned/results/figures/valid_error_by_class.pdf
problem_versions/problem3_unaligned/results/典型样本解释卡.md	2766	39053701bc3e9b8559b7c9ecdd30e8d02025a22554c3213eb6a0de15d53c9b6e	result_markdown	problem3_unaligned/results/典型样本解释卡.md
problem_versions/problem3_unaligned/results/核验摘要.json	17639	831d3145f7d852adbdc5b183b522a0c8712af8b77b678e0d00d43e8f1c9e82f0	result_summary	problem3_unaligned/results/核验摘要.json
problem_versions/problem3_unaligned/results/测试集结果分析_第5节.md	3243	a047339b3c45bc307ad696cc531d72b265b7d61dcc67375c72b357f2c90e9ae1	result_markdown	problem3_unaligned/results/测试集结果分析_第5节.md
problem_versions/problem3_unaligned/results/问题三主要结果.md	11787	e5d3f3a450aeefcae5d795edb314735ad4c2a71e5e249839736985bd93f57591	result_markdown	problem3_unaligned/results/问题三主要结果.md
problem_versions/problem3_unaligned/results/问题三交付说明.md	3770	9f15c4bc0d8a1ea06f20523e1d33c06019ce76795524a96744fc99476686af3f	result_markdown	problem3_unaligned/results/问题三交付说明.md
problem_versions/problem3_unaligned/results/附件4_全部解释卡.md	17264	ee8d4821ab71b88fead5080c0000741a63baef7e67e4127a79c8310df441c2ba	result_markdown	problem3_unaligned/results/附件4_全部解释卡.md
problem_versions/problem3_unaligned/results/附件4_可解释结果.csv	6992	2756c114f6a7ab0414208e48e3cdafa26b38cfb9ca4a625831d7acbe7897c01c	result_summary	problem3_unaligned/results/附件4_可解释结果.csv
problem_versions/problem3_unaligned/results/验证集结果分析_第5节.md	2805	784a0f5a6b7f37f77a4216f1ffda26aca653a32e04c84fe9a23295bc1fe81aa1	result_markdown	problem3_unaligned/results/验证集结果分析_第5节.md
problem_versions/problem3_unaligned/viz.py	1926	bb2462a7ff96c471be9e1c2d7f4aa24717ebb82c358354504e4ff1c35ff8d24b	source_doc_config	problem3_unaligned/viz.py
problem_versions/problem3_unaligned/模型建立_未对齐版.md	7945	32fba927ae38cf085dc8e3c23c107919514ac873a98442d55614153655ddf632	source_doc_config	problem3_unaligned/模型建立_未对齐版.md
problem_versions/problem3_unaligned/问题三结果分析_未对齐版.md	20314	cdd7c5f19de17b4e9b173cce64ab93146c47c226c1e61d0dda2b1c75439ec77c	source_doc_config	problem3_unaligned/问题三结果分析_未对齐版.md
project_root/README.md	1699	8d21fd09c1e33d864055a8453416fdb07afd8bef302c5aa322fe9324127be7c3	root_file	README.md
project_root/audit_resources.py	2419	60c5662acd8649bdcd7e5298566d421484010d1b1ebc3bd8a3f211aff4ad20a7	root_file	audit_resources.py
project_root/environment-lock.yml	10946	c2156200687b4bcd86c9e53ad1688dc58bd2b49791b8187367245bdb879b6a9b	root_file	environment-lock.yml
project_root/environment.yml	710	a4daab6036571312ce0d9a311e04e1775d0627fd2335b1d2d91aaf37943d2c13	root_file	environment.yml
project_root/package_results.py	4537	85f14f6778a560f34735afdd1968150772e1a0e7a2e837021bf0f7b7f89b3be2	root_file	package_results.py
project_root/requirements-lock.txt	7845	4469651d7f72ae4b436947f697b2ae2008b6400e15272aa4cefe7b3d603afbe6	root_file	requirements-lock.txt
project_root/requirements.txt	422	8e75ad88a5f64961404dd1c30001e290283ebd0020ce6ac4ad382055290f3155	root_file	requirements.txt
project_root/复杂场景下多模态情感识别的数学建模与算法设计.docx	1004454	38cec978723bff36ab945fa98f6454558bb9084e2cd01d814dd6e38ab4b4c336	root_file	复杂场景下多模态情感识别的数学建模与算法设计.docx
supporting_code/configs/archive/algorithm_v1.json	1861	4b923614214c86fb77fcd2084a7c7756709f1ef52efabc66bc02d429ff468c06	source_doc_config	configs/archive/algorithm_v1.json
supporting_code/configs/archive/baseline.json	1672	3f9d99ed6ca6fd055a1aef4f4e4e474c85c251332d1cf6926e240ae771cf4108	source_doc_config	configs/archive/baseline.json
supporting_code/configs/archive/bias_tuning.json	2014	cafa2167045014c2e8619d9a430f14c8aeb57657832eef92600bdab26f4e303e	source_doc_config	configs/archive/bias_tuning.json
supporting_code/configs/archive/context_fusion.json	2171	6fff97fd23460512caed7de3af125c99c4b8dbc31f9e2cbed0e8f9a8ecf64156	source_doc_config	configs/archive/context_fusion.json
supporting_code/configs/archive/context_sentiment.json	2185	a672c6d6b135061cf12f55dc76c1eab0165f178660c1815b8d4f36fa4f868b39	source_doc_config	configs/archive/context_sentiment.json
supporting_code/configs/archive/full_depth_lora.json	2082	052c02cc9720c41c5eeeba162933bc059bd9118d89ab2e5b90b2a8296f6f5328	source_doc_config	configs/archive/full_depth_lora.json
supporting_code/configs/archive/full_task_tuning.json	2116	0a586f5218613d86a5da94fbd916ac29af228561ac0265a19acfd7a8fa7efbd7	source_doc_config	configs/archive/full_task_tuning.json
supporting_code/configs/archive/last_layers.json	2013	f7cec0eefa857538ff942b038ab47af600555dead1d2fecc5feb2c3b54134856	source_doc_config	configs/archive/last_layers.json
supporting_code/configs/archive/mixup.json	2024	b19d64dd79ae99738fccbc66a6f358d37edadbc3eb5a6206c85e52b096bd5a58	source_doc_config	configs/archive/mixup.json
supporting_code/configs/archive/neutral_adaptation.json	2281	74f78ea4eed519f61b507e39ac03ead3cf7c2a761d98caee40b74cd6bf73464d	source_doc_config	configs/archive/neutral_adaptation.json
supporting_code/configs/archive/neutral_contrastive.json	2326	1012c23b55cee9ca4ddf25b5bf2642344d5dfcc88a71779ce043c3b5e1776dcf	source_doc_config	configs/archive/neutral_contrastive.json
supporting_code/configs/archive/neutral_ema.json	2283	5e1fb0c0c05e2021bcabe4bb4119157881a7e80433490a1982e376fd0e9b5474	source_doc_config	configs/archive/neutral_ema.json
supporting_code/configs/archive/neutral_global.json	2295	2a891e4600e561fc276271b20c4109c3791cfd65e6a648a7f86c979027f66ffa	source_doc_config	configs/archive/neutral_global.json
supporting_code/configs/archive/neutral_seed2027.json	2275	1c0d5b1caeebcdddb12dae789f138caad4cde8520f0ec8d18999495130490479	source_doc_config	configs/archive/neutral_seed2027.json
supporting_code/configs/archive/neutral_seed2028.json	2275	31be79f924d9c2dded2d8be9e9a369da8e69a2aad1c1fce152aa36ad049d5a33	source_doc_config	configs/archive/neutral_seed2028.json
supporting_code/configs/archive/neutral_temporal.json	2303	56798ced88e0330a4729375e67162a8bd90da4554cad3683e199292257de22ab	source_doc_config	configs/archive/neutral_temporal.json
supporting_code/configs/archive/neutral_transfer.json	2248	b8716be4513638acc898be7c06f516a2f48bb15a8f881244d3c5ee99270d1f69	source_doc_config	configs/archive/neutral_transfer.json
supporting_code/configs/archive/neutral_triple.json	2354	0872624379678e00cfb18badfdf155b896e6cd4be201e78a95eb0df9fbea008d	source_doc_config	configs/archive/neutral_triple.json
supporting_code/configs/archive/no_completion.json	2049	cf465ed22cb0004482636cf932c04eb5d39b0fb0d8a19b2e99551f01e63b5c5d	source_doc_config	configs/archive/no_completion.json
supporting_code/configs/archive/no_reliability.json	2052	c90b4c07bad85a4f0835d2708992c9587cf6386fca0ae40efcf5d9af44d61509	source_doc_config	configs/archive/no_reliability.json
supporting_code/configs/archive/opt5_r1_rdrop.json	2410	0c21f56b515fd07d2b80db42fd21a9b8a8de8d768f4b9266301fa658eedc03b6	source_doc_config	configs/archive/opt5_r1_rdrop.json
supporting_code/configs/archive/opt5_r2_ordinal.json	2416	e108a305b2b02f0823393e6be677f08792fb48d3d5647e81614645bf03d56fb4	source_doc_config	configs/archive/opt5_r2_ordinal.json
supporting_code/configs/archive/opt5_r3_domainhead.json	2430	4db97077b0417177f8bb52486968a885719574ac251edffa75b346bd26cc5c3a	source_doc_config	configs/archive/opt5_r3_domainhead.json
supporting_code/configs/archive/opt5_r4_sam.json	2435	019bfefbf7b6db0f58b499d3266cd1b5fac2ae5adf28a52e551613bfba63e538	source_doc_config	configs/archive/opt5_r4_sam.json
supporting_code/configs/archive/opt5_r5_soup.json	2338	d82abd321220aa009f608ab60b593290658bd830dd6dc17c08a183d974676b99	source_doc_config	configs/archive/opt5_r5_soup.json
supporting_code/configs/archive/relabel_d017.json	2327	9e8a350f2e9d94d50ad62f133018c31c87c527ca815fa566be5ed415068489a6	source_doc_config	configs/archive/relabel_d017.json
supporting_code/configs/archive/relabel_d067.json	2327	12c67df3e5fd0f829d6a55e6baae1ed736c0e8c92a51f117fba8cef47d2b7301	source_doc_config	configs/archive/relabel_d067.json
supporting_code/configs/archive/relabel_interval.json	2335	864de28d5ac5e00bbaf63b1337eb7fc8441c88515fc8da8841a8929b1c789c3d	source_doc_config	configs/archive/relabel_interval.json
supporting_code/configs/archive/round1.json	2030	77f835af2494f57b2b1bc8efc7d21c5f2c53d4c7367663446a47fcceba27865c	source_doc_config	configs/archive/round1.json
supporting_code/configs/archive/semantic_readout.json	2001	56e1365717766dfb3d5bba029e644a738133492fd3e0b835a963f60cc22a3837	source_doc_config	configs/archive/semantic_readout.json
supporting_code/configs/archive/sentiment_global.json	2152	a3623007e481aa416ffc68e422c6f95ae8029539a79a198be30499e54a9dcf97	source_doc_config	configs/archive/sentiment_global.json
supporting_code/configs/archive/sentiment_transfer.json	2106	1c0db4a743570100344a1961eccc9a0a7441f0f51c26e91825654152295b1239	source_doc_config	configs/archive/sentiment_transfer.json
supporting_code/configs/archive/soft_g010.json	2335	50c17ff47650890d2c9ae2f9ae9bff40bee5fd46b1540c04e55888d421ee40f7	source_doc_config	configs/archive/soft_g010.json
supporting_code/configs/archive/soft_g017.json	2336	743542e0d20a1debee225dd8237f513f4d70714ba8b54331c7c4232e7286c6c4	source_doc_config	configs/archive/soft_g017.json
supporting_code/configs/archive/soft_gauss.json	2338	852626bd6c8c4723a28a082aa615bc4d2c2183dfbb44ad00949270f25c313ca1	source_doc_config	configs/archive/soft_gauss.json
supporting_code/configs/archive/soft_label.json	2373	47549a0cd13d33e12cf67a4490bd3887b4b6f7ab11f38809d4092179af643ff9	source_doc_config	configs/archive/soft_label.json
supporting_code/configs/archive/soft_label_prior.json	2477	11f7f760325eb8bd3017cff8a8371202993c7f764ea6fec9984174a59904fc7b	source_doc_config	configs/archive/soft_label_prior.json
supporting_code/configs/archive/soft_label_tight.json	2385	9dba3472dc93c3764aa19cc202d671962ea9dce2e731e3f519814075daebca2d	source_doc_config	configs/archive/soft_label_tight.json
supporting_code/configs/archive/task_adaptation.json	1951	17b6f5d12c17690c7edfb1bf1b877e2f08277f23262a3f15ab4a1d0506dc7b48	source_doc_config	configs/archive/task_adaptation.json
supporting_code/configs/default.json	2275	7e0bd41d0314be767f8f3b0f76c886d96590b255c89d33813436425801c42517	source_doc_config	configs/default.json
supporting_code/configs/problem2_ablation.json	360	93fc4f6b7b6ec872bea3edbc559ec21ec3a6b81feb5a8ef15796315083144c64	source_doc_config	configs/problem2_ablation.json
supporting_code/configs/problem2_aligned.json	1678	230772264f359ed0c08bca7509b9cfae5f7fc04ea357eeefa5c97a2cb9a35d2b	source_doc_config	configs/problem2_aligned.json
supporting_code/configs/problem2_bert_finetune.json	1678	230772264f359ed0c08bca7509b9cfae5f7fc04ea357eeefa5c97a2cb9a35d2b	source_doc_config	configs/problem2_bert_finetune.json
supporting_code/configs/problem2_retrain_B0_test252.json	573	7e203248bbea1b4a57073a47bee431d9bcb0d42a30da146793faac61a8ebb3b3	source_doc_config	configs/problem2_retrain_B0_test252.json
supporting_code/configs/problem2_retrain_ablation.json	472	eb984c5fe5415e76e466ba2673149c540833557d7c4dca101d05ff60638f32a6	source_doc_config	configs/problem2_retrain_ablation.json
supporting_code/configs/problem2_retrain_bert_finetune.json	1872	0bdcae4b69657811e4bf43e458486011db0b46953d88c3d153b14b2ecd3bc662	source_doc_config	configs/problem2_retrain_bert_finetune.json
supporting_code/configs/problem2_retrain_unaligned.json	1371	63d8573198508706df82f1140e64dda71d4e98489418da6b1cdf36fcefa10760	source_doc_config	configs/problem2_retrain_unaligned.json
supporting_code/configs/problem2_retrain_v2_ablation.json	624	9258707b0025f821a6afc741a7c4aee540fd63ef115dbcde3812e9c1eb9c20ac	source_doc_config	configs/problem2_retrain_v2_ablation.json
supporting_code/configs/problem2_retrain_v2_ablation_s2031_2035.json	649	e8d8d414eb58374057055e5c6bb96deb049626c4568a573653c791ff5eb3e9f8	source_doc_config	configs/problem2_retrain_v2_ablation_s2031_2035.json
supporting_code/configs/problem2_retrain_v2_ablation_unaligned.json	488	b89a1be28fedf7dab22117f315eb6bc61ffb831f94476ef317b5b2bebb5b05ce	source_doc_config	configs/problem2_retrain_v2_ablation_unaligned.json
supporting_code/configs/problem2_retrain_v2_ablation_unaligned_s2031_2035.json	448	0f12b22a755abe829349df12bd4c35866e6116bb24d0c22008718838079ccf2c	source_doc_config	configs/problem2_retrain_v2_ablation_unaligned_s2031_2035.json
supporting_code/configs/problem2_retrain_v2_aligned.json	1989	267d4a1c21a07d943c26660303d350b64734731f371a745d9617680d91df0335	source_doc_config	configs/problem2_retrain_v2_aligned.json
supporting_code/configs/problem2_retrain_v2_unaligned.json	1416	ff5c0db23aecf518a6260118d27fecbc9ea7bb1e00bba43cde0cae6e886ae36d	source_doc_config	configs/problem2_retrain_v2_unaligned.json
supporting_code/configs/problem2_retrain_v2plus_aligned.json	1421	2f356db965fa1bb31184c20800f2d8fb9ca4fa0afe3d2ef7b622b255df89154c	source_doc_config	configs/problem2_retrain_v2plus_aligned.json
supporting_code/configs/problem2_retrain_v2plus_unaligned.json	1319	f735d03ca013b5509c169bedd7d0790a02cef7df1964b6e6713e5b11624f834f	source_doc_config	configs/problem2_retrain_v2plus_unaligned.json
supporting_code/configs/problem2_retrain_v3_ablation.json	609	0886389a1c69e982b1dceac4066103c2286858aa1eed5662dac4c76ac195c280	source_doc_config	configs/problem2_retrain_v3_ablation.json
supporting_code/configs/problem2_retrain_v3_aligned.json	2027	338f82badaf62e9a435a5e5871a1fcc4012376085aee71ca6c8d2e95b4aa6848	source_doc_config	configs/problem2_retrain_v3_aligned.json
supporting_code/configs/problem2_retrain_v3_unaligned.json	1398	d1392a7256d3da697f4f727be03bebf41a3088be05970f9c611a8afcbc7b872b	source_doc_config	configs/problem2_retrain_v3_unaligned.json
supporting_code/configs/problem2_unaligned.json	1174	afef71238bf44d37446ab60673bdf748827c0e7c71c097ea6e358fcb9e363fd1	source_doc_config	configs/problem2_unaligned.json
supporting_code/configs/problem2_v3_po.json	1436	1c4ec6065f08f81f26ad16796cc0aea11b232d707e62c029290abe315bab3f6d	source_doc_config	configs/problem2_v3_po.json
supporting_code/configs/problem2_v4_ablation/A_cw0.json	1596	d89183dd78f234ab1925ed4ef95cdc5e2f196f779f03aaeef7f69e0fd8d00a3a	source_doc_config	configs/problem2_v4_ablation/A_cw0.json
supporting_code/configs/problem2_v4_ablation/A_cw05.json	1601	a618e817e7898c64cf196065b26198fa7abfc530ace9d5b7699783ed08426a9f	source_doc_config	configs/problem2_v4_ablation/A_cw05.json
supporting_code/configs/problem2_v4_ablation/B_reg005.json	1654	e3cda5bf934de2798ac2ca2fd0ee849f8646acaf9e51e253dc115714b3a2609c	source_doc_config	configs/problem2_v4_ablation/B_reg005.json
supporting_code/configs/problem2_v4_ablation/C_miss01.json	1606	0fc03bf2664771164ec742a5711df055ab9740c7f1a2cda5c36eb14e3a47922d	source_doc_config	configs/problem2_v4_ablation/C_miss01.json
supporting_code/configs/problem2_v4_ablation/D_rec001.json	1594	e5bf37a61b32b38e6269f9181ffcab48135164567ffe8d5512a30b779471ceac	source_doc_config	configs/problem2_v4_ablation/D_rec001.json
supporting_code/configs/problem2_v4_ablation/D_rec015_002.json	1644	f44829db1fcef5f0740f5c79e141f5bd0a6e8f192e0e0485f61c32be5db32348	source_doc_config	configs/problem2_v4_ablation/D_rec015_002.json
supporting_code/configs/problem2_v4_fusion/F0_additive.json	1719	46373b8900d50aec3b4a04a36a670f68f6cf755dd2028542f62b37df2c327202	source_doc_config	configs/problem2_v4_fusion/F0_additive.json
supporting_code/configs/problem2_v4_fusion/F1_concat_mlp.json	1736	a7a79060e493506f831c3abcf4d584d7c91ff303a192f2d8ba7a7fdc8c6347dd	source_doc_config	configs/problem2_v4_fusion/F1_concat_mlp.json
supporting_code/configs/problem2_v4_fusion/F2_cross_before_pool.json	1758	260e9e988df69fe25d708d2bfeab029cb90f83eb1047dc5e0ff389e2827b3b02	source_doc_config	configs/problem2_v4_fusion/F2_cross_before_pool.json
supporting_code/configs/problem2_v4_fusion/F3_cross_concat.json	1725	7f569404efcebf88d050177f73c6a5b8a831d17c6089a299a5f8a3ddfe03befb	source_doc_config	configs/problem2_v4_fusion/F3_cross_concat.json
supporting_code/configs/problem2_v4_fusion/LR_F0_1e3.json	1690	1eebcb7859750de4bc7f23dce10292a964e82a294b308d0c3aec6e38d118c3ac	source_doc_config	configs/problem2_v4_fusion/LR_F0_1e3.json
supporting_code/configs/problem2_v4_fusion/LR_F0_1e4.json	1691	d1e48473cdf2df08f10b36d6774eb97c772d299d2ef19460663d98ea42a12308	source_doc_config	configs/problem2_v4_fusion/LR_F0_1e4.json
supporting_code/configs/problem2_v4_fusion/LR_F0_3e4.json	1691	136a8692bbd1baf064c0a41c4b986d16c24443f012c0512e3d85651ec713f6a2	source_doc_config	configs/problem2_v4_fusion/LR_F0_3e4.json
supporting_code/configs/problem2_v4_opt/G0_F3_1e4_plateau.json	1783	a86e3e117becffede447aebd3dfd7c386b89315b959b41c8e12768caf07d1f2a	source_doc_config	configs/problem2_v4_opt/G0_F3_1e4_plateau.json
supporting_code/configs/problem2_v4_opt/G1_F3_1e4_warmup_cosine.json	1805	f52c7371e3d29b70e8e4a8aca51b2e9f030c59231a0f7e6908ba227b90f7cab1	source_doc_config	configs/problem2_v4_opt/G1_F3_1e4_warmup_cosine.json
supporting_code/configs/problem2_v4_opt/G2_F3_5e5_warmup_cosine.json	1804	4353fb79c69f2bfac4d4a3af2766335dfb3cc1b2ab2e01b4ac394490e52aeec2	source_doc_config	configs/problem2_v4_opt/G2_F3_5e5_warmup_cosine.json
supporting_code/configs/problem2_v4_opt/G2_bert_full.json	1920	deea459a1788b06fb708074ff0ee2e172191b8ecb42c7a5e4a677461100d81e0	source_doc_config	configs/problem2_v4_opt/G2_bert_full.json
supporting_code/configs/problem2_v4_opt/G3_F3_3e5_warmup_cosine.json	1804	b051ec15da65a7b41e79fd33d14ecb284953e62fb4564eb042a47a1929a530ea	source_doc_config	configs/problem2_v4_opt/G3_F3_3e5_warmup_cosine.json
supporting_code/shared/__init__.py	55	b5264b514e3e78bc7e33dd25c14d57283a4c4f4da83543a5632753d27c2dbeca	source_doc_config	shared/__init__.py
supporting_code/shared/common.py	2402	219517594e0f80e3ac3260659157361922835f48899ed16b44795f7f8a2ce105	source_doc_config	shared/common.py
supporting_code/shared/data.py	8627	9f932951c9b6928420f2530252107a74c0b73b35d0f450424148184cdc00f8be	source_doc_config	shared/data.py
supporting_code/shared/plotting.py	339	74199dc3ad56818f27541eb582742a8b53af174bfbd977bb86bca82cb6d7d8e4	source_doc_config	shared/plotting.py
supporting_code/tests/__init__.py	0	e3b0c44298fc1c149afbf4c8996fb92427ae41e4649b934ca495991b7852b855	source_doc_config	tests/__init__.py
supporting_code/tests/test_aligned_pipeline.py	7305	cb0be6824d780b67528b255979803563066c326d7ce27a0f4f9906c76bd704be	source_doc_config	tests/test_aligned_pipeline.py
supporting_code/tests/test_bert_finetune.py	3232	68dc914df9df2ca96478d4c6af8ee16c1d9fae38fe6f54d56b0d96b9c4676cb5	source_doc_config	tests/test_bert_finetune.py
supporting_code/tests/test_class_balance.py	6551	5b3e2d521e8fe39c968c4dba7bece39fdcb2430eb9d0b97c9bb831e78b254088	source_doc_config	tests/test_class_balance.py
supporting_code/tests/test_local_missingness.py	2409	f116b4f81834c6e22489231b0fd4bf6d62e7eac916c6d02d29cfd976def9cd10	source_doc_config	tests/test_local_missingness.py
supporting_code/tests/test_neutral_boundary.py	2300	17ec18faf7c07f81703c8d749b86a2c1089044343c1c96189d81904da9aec2d1	source_doc_config	tests/test_neutral_boundary.py
supporting_code/tests/test_problem2_model.py	4597	87c1cac2618df7e62a934f93ec7e1497dddb55508c1017d5fa66e9d97cdd5365	source_doc_config	tests/test_problem2_model.py
supporting_code/tests/test_run_problem2.py	10801	9e71eb0bd386ee9542554b54353945147fd1d6846263d82beee1b73512704f05	source_doc_config	tests/test_run_problem2.py
supporting_code/tests/test_scenario_evaluation.py	2095	3629a043b99f64144a66473a6dae26f3175d2bf80102af3432000fc430d0410d	source_doc_config	tests/test_scenario_evaluation.py
supporting_code/tests/test_unaligned_model.py	3578	7e30187c6f4444daf07c5b85247db3fb35235e538a337e950e6348ab05d19ff9	source_doc_config	tests/test_unaligned_model.py
