id,seed,dataset,neutral_weight,true_class,true_intensity,class,intensity,raw_intensity,balance_beta,weight_negative,weight_neutral,weight_positive,p_negative,p_neutral,p_positive,baseline_class
-AUZQgSxyPQ$_$2,2026,processed_po,1.0,2,0.6666666865348816,2,0.9067813158035278,0.9067813158035278,1.0,1.1702861082385383,1.4929639401934915,0.6776447105788423,0.024260314,0.21945319,0.75628656,2
-HeZS2-Prhc$_$2,2026,processed_po,1.0,2,0.6666666865348816,2,0.3887016773223877,0.3887016773223877,1.0,1.1702861082385383,1.4929639401934915,0.6776447105788423,0.2523194,0.24202572,0.5056549,2
-MeTTeMJBNc$_$0,2026,processed_po,1.0,2,0.3333333432674408,2,0.1292436122894287,0.1292436122894287,1.0,1.1702861082385383,1.4929639401934915,0.6776447105788423,0.07183966,0.4178506,0.5103097,2
-RfYyzHpjk4$_$2,2026,processed_po,1.0,2,0.3333333432674408,0,-1e-06,0.0134356431663036,1.0,1.1702861082385383,1.4929639401934915,0.6776447105788423,0.42744982,0.19910552,0.37344468,2
-s9qJ7ATP7w$_$2,2026,processed_po,1.0,2,1.3333333730697632,2,0.4058163166046142,0.4058163166046142,1.0,1.1702861082385383,1.4929639401934915,0.6776447105788423,0.046737894,0.07544012,0.877822,2
-s9qJ7ATP7w$_$5,2026,processed_po,1.0,0,-2.0,0,-0.1511435806751251,-0.1511435806751251,1.0,1.1702861082385383,1.4929639401934915,0.6776447105788423,0.85436547,0.061045676,0.08458891,0
-s9qJ7ATP7w$_$6,2026,processed_po,1.0,1,0.0,0,-0.7291265726089478,-0.7291265726089478,1.0,1.1702861082385383,1.4929639401934915,0.6776447105788423,0.7854859,0.13961828,0.074895844,0
-yRb-Jum7EQ$_$1,2026,processed_po,1.0,1,0.0,0,-0.2046359777450561,-0.2046359777450561,1.0,1.1702861082385383,1.4929639401934915,0.6776447105788423,0.43370673,0.36829254,0.1980008,0
0K7dCp80n9c$_$6,2026,processed_po,1.0,1,0.0,1,0.0,-0.1388487368822097,1.0,1.1702861082385383,1.4929639401934915,0.6776447105788423,0.3607737,0.42317498,0.2160513,0
0YiAKqU36KE$_$1,2026,processed_po,1.0,2,1.3333333730697632,0,-1e-06,0.1128030940890312,1.0,1.1702861082385383,1.4929639401934915,0.6776447105788423,0.43547472,0.2489433,0.315582,0
0YiAKqU36KE$_$0,2026,processed_po,1.0,0,-1.0,0,-0.2599024176597595,-0.2599024176597595,1.0,1.1702861082385383,1.4929639401934915,0.6776447105788423,0.7993914,0.13805833,0.06255027,0
0bxhZ-LIfZY$_$4,2026,processed_po,1.0,0,-0.3333333432674408,0,-1e-06,0.1674054712057113,1.0,1.1702861082385383,1.4929639401934915,0.6776447105788423,0.5446757,0.193127,0.26219732,0
100178$_$15,2026,processed_po,1.0,1,0.0,1,0.0,-0.3114771842956543,1.0,1.1702861082385383,1.4929639401934915,0.6776447105788423,0.44888934,0.4830212,0.06808943,0
10219$_$10,2026,processed_po,1.0,2,2.0,0,-0.1058975309133529,-0.1058975309133529,1.0,1.1702861082385383,1.4929639401934915,0.6776447105788423,0.45579618,0.21043615,0.33376762,2
10219$_$1,2026,processed_po,1.0,1,0.0,1,0.0,0.0768603831529617,1.0,1.1702861082385383,1.4929639401934915,0.6776447105788423,0.26099598,0.5171089,0.22189508,1
10219$_$5,2026,processed_po,1.0,2,1.6666666269302368,2,0.8397719264030457,0.8397719264030457,1.0,1.1702861082385383,1.4929639401934915,0.6776447105788423,0.06574672,0.14617136,0.78808194,2
102213$_$2,2026,processed_po,1.0,2,1.3333333730697632,2,0.3092764914035797,0.3092764914035797,1.0,1.1702861082385383,1.4929639401934915,0.6776447105788423,0.27970147,0.16115583,0.5591427,2
102213$_$5,2026,processed_po,1.0,0,-1.0,0,-1.0364441871643066,-1.0364441871643066,1.0,1.1702861082385383,1.4929639401934915,0.6776447105788423,0.74462545,0.13294551,0.12242902,0
102213$_$7,2026,processed_po,1.0,0,-1.0,0,-0.3208647072315216,-0.3208647072315216,1.0,1.1702861082385383,1.4929639401934915,0.6776447105788423,0.69540066,0.13652456,0.16807471,0
102389$_$5,2026,processed_po,1.0,0,-1.6666666269302368,0,-1e-06,0.1603989452123642,1.0,1.1702861082385383,1.4929639401934915,0.6776447105788423,0.52518684,0.2638883,0.2109248,0
104741$_$0,2026,processed_po,1.0,1,0.0,1,0.0,0.3181734085083008,1.0,1.1702861082385383,1.4929639401934915,0.6776447105788423,0.07541409,0.52107066,0.40351525,1
104741$_$5,2026,processed_po,1.0,1,0.0,0,-1e-06,0.331398606300354,1.0,1.1702861082385383,1.4929639401934915,0.6776447105788423,0.4073274,0.39553976,0.19713287,0
107585$_$12,2026,processed_po,1.0,0,-2.0,0,-1.9496395587921145,-1.9496395587921145,1.0,1.1702861082385383,1.4929639401934915,0.6776447105788423,0.96866626,0.017091233,0.0142426,0
107585$_$18,2026,processed_po,1.0,0,-2.0,0,-1.4411693811416626,-1.4411693811416626,1.0,1.1702861082385383,1.4929639401934915,0.6776447105788423,0.94036555,0.038069043,0.021565402,0
107585$_$1,2026,processed_po,1.0,0,-0.6666666865348816,2,0.8910332322120667,0.8910332322120667,1.0,1.1702861082385383,1.4929639401934915,0.6776447105788423,0.3318157,0.113545336,0.554639,2
108146$_$3,2026,processed_po,1.0,0,-1.6666666269302368,0,-0.3901262283325195,-0.3901262283325195,1.0,1.1702861082385383,1.4929639401934915,0.6776447105788423,0.6909476,0.13650474,0.17254773,0
110565$_$1,2026,processed_po,1.0,0,-1.0,2,0.1759978532791137,0.1759978532791137,1.0,1.1702861082385383,1.4929639401934915,0.6776447105788423,0.32439756,0.10874251,0.5668599,2
110565$_$5,2026,processed_po,1.0,2,1.0,2,0.7729121446609497,0.7729121446609497,1.0,1.1702861082385383,1.4929639401934915,0.6776447105788423,0.20333165,0.10500555,0.6916628,2
111881$_$11,2026,processed_po,1.0,0,-1.0,0,-0.2192730605602264,-0.2192730605602264,1.0,1.1702861082385383,1.4929639401934915,0.6776447105788423,0.5318762,0.38012668,0.08799705,0
111881$_$10,2026,processed_po,1.0,0,-2.0,2,0.562981128692627,0.562981128692627,1.0,1.1702861082385383,1.4929639401934915,0.6776447105788423,0.3894178,0.10392705,0.50665516,2
111881$_$15,2026,processed_po,1.0,0,-2.0,0,-1e-06,0.0571269504725933,1.0,1.1702861082385383,1.4929639401934915,0.6776447105788423,0.73544616,0.1520048,0.11254903,0
111881$_$4,2026,processed_po,1.0,0,-1.3333333730697632,0,-1e-06,0.1630926877260208,1.0,1.1702861082385383,1.4929639401934915,0.6776447105788423,0.65154034,0.07353242,0.27492723,0
111881$_$7,2026,processed_po,1.0,0,-2.0,0,-0.5419838428497314,-0.5419838428497314,1.0,1.1702861082385383,1.4929639401934915,0.6776447105788423,0.8448656,0.06941434,0.08572006,0
111881$_$6,2026,processed_po,1.0,2,0.3333333432674408,2,0.3978081345558166,0.3978081345558166,1.0,1.1702861082385383,1.4929639401934915,0.6776447105788423,0.050661463,0.26179752,0.687541,2
112425$_$10,2026,processed_po,1.0,2,2.3333332538604736,2,0.1166234016418457,0.1166234016418457,1.0,1.1702861082385383,1.4929639401934915,0.6776447105788423,0.29741752,0.26816654,0.43441594,2
112425$_$1,2026,processed_po,1.0,2,0.6666666865348816,1,0.0,0.0073697231709957,1.0,1.1702861082385383,1.4929639401934915,0.6776447105788423,0.06335059,0.5939276,0.3427218,1
112425$_$7,2026,processed_po,1.0,2,1.3333333730697632,2,0.2403684258460998,0.2403684258460998,1.0,1.1702861082385383,1.4929639401934915,0.6776447105788423,0.28709224,0.12812194,0.58478576,2
112509$_$4,2026,processed_po,1.0,0,-2.0,0,-1.0296881198883057,-1.0296881198883057,1.0,1.1702861082385383,1.4929639401934915,0.6776447105788423,0.8533188,0.10086806,0.04581312,0
116213$_$3,2026,processed_po,1.0,0,-0.6666666865348816,1,0.0,0.142708420753479,1.0,1.1702861082385383,1.4929639401934915,0.6776447105788423,0.24516773,0.58660823,0.16822407,0
121400$_$0,2026,processed_po,1.0,1,0.0,1,0.0,0.1019804030656814,1.0,1.1702861082385383,1.4929639401934915,0.6776447105788423,0.056455504,0.52241796,0.42112657,2
126872$_$11,2026,processed_po,1.0,0,-2.0,0,-0.2670996487140655,-0.2670996487140655,1.0,1.1702861082385383,1.4929639401934915,0.6776447105788423,0.48690355,0.43297625,0.08012024,0
130366$_$11,2026,processed_po,1.0,0,-1.3333333730697632,0,-0.4972875714302063,-0.4972875714302063,1.0,1.1702861082385383,1.4929639401934915,0.6776447105788423,0.7002904,0.16619812,0.13351154,0
130366$_$2,2026,processed_po,1.0,2,0.3333333432674408,1,0.0,-0.1440818607807159,1.0,1.1702861082385383,1.4929639401934915,0.6776447105788423,0.27804482,0.52812755,0.19382758,0
130366$_$4,2026,processed_po,1.0,0,-0.3333333432674408,1,0.0,0.0591237768530845,1.0,1.1702861082385383,1.4929639401934915,0.6776447105788423,0.33717656,0.36935458,0.29346892,0
132028$_$7,2026,processed_po,1.0,2,0.3333333432674408,0,-1e-06,0.2044692635536193,1.0,1.1702861082385383,1.4929639401934915,0.6776447105788423,0.44544685,0.15060768,0.40394548,2
135623$_$5,2026,processed_po,1.0,0,-2.3333332538604736,0,-0.9879648685455322,-0.9879648685455322,1.0,1.1702861082385383,1.4929639401934915,0.6776447105788423,0.9218051,0.03363349,0.04456142,0
135623$_$8,2026,processed_po,1.0,0,-1.3333333730697632,2,0.4890809655189514,0.4890809655189514,1.0,1.1702861082385383,1.4929639401934915,0.6776447105788423,0.19929694,0.1125276,0.6881755,2
136196$_$0,2026,processed_po,1.0,2,0.3333333432674408,1,0.0,0.0360956639051437,1.0,1.1702861082385383,1.4929639401934915,0.6776447105788423,0.030391213,0.57012093,0.39948788,1
136196$_$9,2026,processed_po,1.0,0,-2.0,0,-1.1388006210327148,-1.1388006210327148,1.0,1.1702861082385383,1.4929639401934915,0.6776447105788423,0.86023813,0.086086474,0.053675383,0
136196$_$8,2026,processed_po,1.0,0,-1.6666666269302368,0,-1.1482563018798828,-1.1482563018798828,1.0,1.1702861082385383,1.4929639401934915,0.6776447105788423,0.897264,0.04885667,0.053879313,0
167521$_$17,2026,processed_po,1.0,2,1.3333333730697632,0,-0.0036652702838182,-0.0036652702838182,1.0,1.1702861082385383,1.4929639401934915,0.6776447105788423,0.45260808,0.20643774,0.34095415,0
167521$_$16,2026,processed_po,1.0,2,2.0,2,0.7630925178527832,0.7630925178527832,1.0,1.1702861082385383,1.4929639401934915,0.6776447105788423,0.09470275,0.08737754,0.8179197,2
167521$_$5,2026,processed_po,1.0,2,0.3333333432674408,0,-0.9568852186203004,-0.9568852186203004,1.0,1.1702861082385383,1.4929639401934915,0.6776447105788423,0.88121176,0.057940856,0.06084746,0
190743$_$13,2026,processed_po,1.0,0,-2.0,0,-0.6693460941314697,-0.6693460941314697,1.0,1.1702861082385383,1.4929639401934915,0.6776447105788423,0.69809544,0.12480145,0.17710306,0
190743$_$17,2026,processed_po,1.0,0,-2.0,0,-0.7160541415214539,-0.7160541415214539,1.0,1.1702861082385383,1.4929639401934915,0.6776447105788423,0.72331357,0.1993521,0.077334374,0
190743$_$5,2026,processed_po,1.0,0,-2.0,0,-1.8876324892044067,-1.8876324892044067,1.0,1.1702861082385383,1.4929639401934915,0.6776447105788423,0.9490431,0.036293853,0.014663091,0
194299$_$14,2026,processed_po,1.0,1,0.0,2,0.8675048351287842,0.8675048351287842,1.0,1.1702861082385383,1.4929639401934915,0.6776447105788423,0.026254028,0.32272154,0.6510244,2
194299$_$4,2026,processed_po,1.0,0,-1.0,0,-0.554500162601471,-0.554500162601471,1.0,1.1702861082385383,1.4929639401934915,0.6776447105788423,0.7246747,0.09827079,0.1770545,0
194299$_$9,2026,processed_po,1.0,1,0.0,1,0.0,0.116316482424736,1.0,1.1702861082385383,1.4929639401934915,0.6776447105788423,0.15906097,0.5342231,0.3067159,1
198112$_$12,2026,processed_po,1.0,2,2.0,0,-1e-06,0.5017743110656738,1.0,1.1702861082385383,1.4929639401934915,0.6776447105788423,0.5303428,0.080910705,0.38874647,2
198112$_$0,2026,processed_po,1.0,2,0.3333333432674408,2,0.0986332073807716,0.0986332073807716,1.0,1.1702861082385383,1.4929639401934915,0.6776447105788423,0.06684081,0.390274,0.5428852,2
198112$_$5,2026,processed_po,1.0,2,1.0,0,-1e-06,0.1400126665830612,1.0,1.1702861082385383,1.4929639401934915,0.6776447105788423,0.4702935,0.16588248,0.363824,2
198112$_$9,2026,processed_po,1.0,2,2.3333332538604736,0,-0.3320817351341247,-0.3320817351341247,1.0,1.1702861082385383,1.4929639401934915,0.6776447105788423,0.7839394,0.09550625,0.120554276,0
198112$_$8,2026,processed_po,1.0,2,2.0,0,-0.0024843397550284,-0.0024843397550284,1.0,1.1702861082385383,1.4929639401934915,0.6776447105788423,0.59645545,0.24046862,0.16307595,0
1HS2HcN2LDo$_$1,2026,processed_po,1.0,2,0.3333333432674408,1,0.0,0.3835335373878479,1.0,1.1702861082385383,1.4929639401934915,0.6776447105788423,0.18282796,0.46890655,0.34826544,2
1HS2HcN2LDo$_$9,2026,processed_po,1.0,2,1.3333333730697632,1,0.0,0.3559402227401733,1.0,1.1702861082385383,1.4929639401934915,0.6776447105788423,0.2516206,0.4326991,0.31568027,2
1S6ji_d4OLI$_$9,2026,processed_po,1.0,2,0.6666666865348816,2,0.2932397723197937,0.2932397723197937,1.0,1.1702861082385383,1.4929639401934915,0.6776447105788423,0.05836461,0.37872952,0.56290585,2
1jogeKX0wGw$_$4,2026,processed_po,1.0,2,1.0,2,0.5730119943618774,0.5730119943618774,1.0,1.1702861082385383,1.4929639401934915,0.6776447105788423,0.007875482,0.09203494,0.90008956,2
1pl2FVdQWj0$_$2,2026,processed_po,1.0,2,0.6666666865348816,2,0.561674952507019,0.561674952507019,1.0,1.1702861082385383,1.4929639401934915,0.6776447105788423,0.06871321,0.16254583,0.768741,2
200941$_$10,2026,processed_po,1.0,0,-1.0,0,-1.1019409894943235,-1.1019409894943235,1.0,1.1702861082385383,1.4929639401934915,0.6776447105788423,0.9560987,0.02324173,0.02065959,0
202826$_$10,2026,processed_po,1.0,0,-1.6666666269302368,0,-1e-06,0.0891686081886291,1.0,1.1702861082385383,1.4929639401934915,0.6776447105788423,0.63760126,0.14218764,0.22021107,0
202826$_$7,2026,processed_po,1.0,2,1.0,0,-1e-06,0.2269692718982696,1.0,1.1702861082385383,1.4929639401934915,0.6776447105788423,0.36435276,0.2768839,0.35876334,2
206585$_$3,2026,processed_po,1.0,1,0.0,2,0.3945993781089782,0.3945993781089782,1.0,1.1702861082385383,1.4929639401934915,0.6776447105788423,0.08909448,0.2946033,0.61630225,2
208322$_$12,2026,processed_po,1.0,0,-2.3333332538604736,2,0.4463017880916595,0.4463017880916595,1.0,1.1702861082385383,1.4929639401934915,0.6776447105788423,0.17865877,0.16632964,0.6550116,2
208592$_$2,2026,processed_po,1.0,1,0.0,1,0.0,-0.1015578061342239,1.0,1.1702861082385383,1.4929639401934915,0.6776447105788423,0.032386243,0.7329282,0.23468551,1
208592$_$9,2026,processed_po,1.0,0,-2.6666667461395264,0,-0.6477534174919128,-0.6477534174919128,1.0,1.1702861082385383,1.4929639401934915,0.6776447105788423,0.68289286,0.21041632,0.10669085,0
209758$_$15,2026,processed_po,1.0,2,1.3333333730697632,2,0.3751171231269836,0.3751171231269836,1.0,1.1702861082385383,1.4929639401934915,0.6776447105788423,0.047745697,0.12034395,0.8319104,2
209758$_$3,2026,processed_po,1.0,1,0.0,2,0.0394574552774429,0.0394574552774429,1.0,1.1702861082385383,1.4929639401934915,0.6776447105788423,0.12694857,0.42850205,0.4445493,2
209758$_$5,2026,processed_po,1.0,1,0.0,1,0.0,0.2422168254852295,1.0,1.1702861082385383,1.4929639401934915,0.6776447105788423,0.07950617,0.4941081,0.42638573,1
20LfN8ENbhM$_$1,2026,processed_po,1.0,2,2.0,2,0.9077101349830629,0.9077101349830629,1.0,1.1702861082385383,1.4929639401934915,0.6776447105788423,0.013213137,0.06491918,0.9218677,2
210259$_$11,2026,processed_po,1.0,0,-3.0,0,-1.4522477388381958,-1.4522477388381958,1.0,1.1702861082385383,1.4929639401934915,0.6776447105788423,0.88639945,0.081146084,0.032454427,0
210259$_$16,2026,processed_po,1.0,0,-2.3333332538604736,0,-1.6092424392700195,-1.6092424392700195,1.0,1.1702861082385383,1.4929639401934915,0.6776447105788423,0.94223607,0.042847212,0.0149168,0
210259$_$0,2026,processed_po,1.0,1,0.0,2,0.1905334293842315,0.1905334293842315,1.0,1.1702861082385383,1.4929639401934915,0.6776447105788423,0.053871084,0.39204776,0.55408114,1
210259$_$8,2026,processed_po,1.0,0,-2.3333332538604736,0,-1.853244423866272,-1.853244423866272,1.0,1.1702861082385383,1.4929639401934915,0.6776447105788423,0.97807306,0.015563662,0.0063633383,0
210433$_$0,2026,processed_po,1.0,1,0.0,1,0.0,0.1841551661491394,1.0,1.1702861082385383,1.4929639401934915,0.6776447105788423,0.15791391,0.5449317,0.29715437,1
210433$_$7,2026,processed_po,1.0,0,-2.0,0,-1.3918788433074951,-1.3918788433074951,1.0,1.1702861082385383,1.4929639401934915,0.6776447105788423,0.9427133,0.030957742,0.02632894,0
211875$_$4,2026,processed_po,1.0,0,-1.6666666269302368,2,0.2923311591148376,0.2923311591148376,1.0,1.1702861082385383,1.4929639401934915,0.6776447105788423,0.20495118,0.28568956,0.5093592,2
211875$_$8,2026,processed_po,1.0,0,-1.3333333730697632,0,-0.3409789502620697,-0.3409789502620697,1.0,1.1702861082385383,1.4929639401934915,0.6776447105788423,0.553628,0.24347718,0.20289482,0
213327$_$6,2026,processed_po,1.0,0,-2.3333332538604736,0,-0.3089214861392975,-0.3089214861392975,1.0,1.1702861082385383,1.4929639401934915,0.6776447105788423,0.60556906,0.17297123,0.22145973,0
213327$_$8,2026,processed_po,1.0,0,-2.0,0,-0.363948255777359,-0.363948255777359,1.0,1.1702861082385383,1.4929639401934915,0.6776447105788423,0.59146464,0.20204028,0.20649509,0
215318$_$12,2026,processed_po,1.0,1,0.0,0,-0.3171808123588562,-0.3171808123588562,1.0,1.1702861082385383,1.4929639401934915,0.6776447105788423,0.5554191,0.29279223,0.15178871,0
221137$_$2,2026,processed_po,1.0,1,0.0,0,-1e-06,0.1437234729528427,1.0,1.1702861082385383,1.4929639401934915,0.6776447105788423,0.39626092,0.30623388,0.2975052,0
221137$_$5,2026,processed_po,1.0,0,-2.0,0,-1.0696370601654053,-1.0696370601654053,1.0,1.1702861082385383,1.4929639401934915,0.6776447105788423,0.8860206,0.06211397,0.05186536,0
221153$_$14,2026,processed_po,1.0,0,-1.6666666269302368,0,-0.952872633934021,-0.952872633934021,1.0,1.1702861082385383,1.4929639401934915,0.6776447105788423,0.9091791,0.06306055,0.027760323,0
221153$_$16,2026,processed_po,1.0,0,-0.6666666865348816,0,-0.250046044588089,-0.250046044588089,1.0,1.1702861082385383,1.4929639401934915,0.6776447105788423,0.70385885,0.197697,0.09844419,0
221153$_$6,2026,processed_po,1.0,1,0.0,1,0.0,-0.0368707291781902,1.0,1.1702861082385383,1.4929639401934915,0.6776447105788423,0.20696463,0.48839363,0.3046418,1
221153$_$20,2026,processed_po,1.0,2,0.3333333432674408,1,0.0,0.2309826910495758,1.0,1.1702861082385383,1.4929639401934915,0.6776447105788423,0.1539914,0.5582085,0.28780004,1
22373$_$10,2026,processed_po,1.0,0,-2.6666667461395264,0,-1.355904459953308,-1.355904459953308,1.0,1.1702861082385383,1.4929639401934915,0.6776447105788423,0.93948627,0.035607547,0.024906242,0
22373$_$1,2026,processed_po,1.0,1,0.0,1,0.0,-0.201267197728157,1.0,1.1702861082385383,1.4929639401934915,0.6776447105788423,0.23230518,0.6911359,0.07655892,1
22373$_$2,2026,processed_po,1.0,0,-2.3333332538604736,0,-0.6966114640235901,-0.6966114640235901,1.0,1.1702861082385383,1.4929639401934915,0.6776447105788423,0.73029095,0.16980901,0.09990011,0
22373$_$7,2026,processed_po,1.0,1,0.0,0,-0.7676646709442139,-0.7676646709442139,1.0,1.1702861082385383,1.4929639401934915,0.6776447105788423,0.80954164,0.13761029,0.052848082,0
224263$_$13,2026,processed_po,1.0,2,0.6666666865348816,2,0.2914898693561554,0.2914898693561554,1.0,1.1702861082385383,1.4929639401934915,0.6776447105788423,0.07374966,0.16105118,0.76519907,2
224263$_$14,2026,processed_po,1.0,0,-2.3333332538604736,0,-0.4158166944980621,-0.4158166944980621,1.0,1.1702861082385383,1.4929639401934915,0.6776447105788423,0.7761182,0.11809254,0.105789214,0
224263$_$3,2026,processed_po,1.0,0,-2.3333332538604736,0,-1.4610564708709717,-1.4610564708709717,1.0,1.1702861082385383,1.4929639401934915,0.6776447105788423,0.9735093,0.015171431,0.011319333,0
224370$_$3,2026,processed_po,1.0,0,-2.0,0,-0.4483428001403808,-0.4483428001403808,1.0,1.1702861082385383,1.4929639401934915,0.6776447105788423,0.70895517,0.24775445,0.043290347,0
224370$_$5,2026,processed_po,1.0,0,-2.6666667461395264,2,0.1072265058755874,0.1072265058755874,1.0,1.1702861082385383,1.4929639401934915,0.6776447105788423,0.31599197,0.2969999,0.3870081,2
224370$_$11,2026,processed_po,1.0,2,0.3333333432674408,0,-1e-06,0.058190993964672,1.0,1.1702861082385383,1.4929639401934915,0.6776447105788423,0.4448786,0.35519525,0.19992608,0
224370$_$15,2026,processed_po,1.0,0,-1.6666666269302368,0,-0.6546264886856079,-0.6546264886856079,1.0,1.1702861082385383,1.4929639401934915,0.6776447105788423,0.7574505,0.17464207,0.0679074,0
224631$_$5,2026,processed_po,1.0,2,0.3333333432674408,2,0.075210765004158,0.075210765004158,1.0,1.1702861082385383,1.4929639401934915,0.6776447105788423,0.105049305,0.41866416,0.4762866,2
226601$_$11,2026,processed_po,1.0,0,-1.3333333730697632,0,-1.1664960384368896,-1.1664960384368896,1.0,1.1702861082385383,1.4929639401934915,0.6776447105788423,0.7795472,0.17057072,0.04988204,0
226601$_$18,2026,processed_po,1.0,0,-2.0,0,-0.8937779664993286,-0.8937779664993286,1.0,1.1702861082385383,1.4929639401934915,0.6776447105788423,0.84655863,0.078985095,0.074456245,0
226601$_$0,2026,processed_po,1.0,2,0.3333333432674408,1,0.0,0.0992694348096847,1.0,1.1702861082385383,1.4929639401934915,0.6776447105788423,0.13157068,0.62039864,0.24803068,1
226640$_$9,2026,processed_po,1.0,1,0.0,2,0.2649152874946594,0.2649152874946594,1.0,1.1702861082385383,1.4929639401934915,0.6776447105788423,0.39380032,0.13370642,0.47249323,2
22689$_$1,2026,processed_po,1.0,0,-2.0,0,-1.031318187713623,-1.031318187713623,1.0,1.1702861082385383,1.4929639401934915,0.6776447105788423,0.79507387,0.061961554,0.1429646,0
22689$_$0,2026,processed_po,1.0,1,0.0,1,0.0,0.1220329105854034,1.0,1.1702861082385383,1.4929639401934915,0.6776447105788423,0.2535348,0.42850652,0.31795868,1
234046$_$1,2026,processed_po,1.0,1,0.0,1,0.0,-0.1423687785863876,1.0,1.1702861082385383,1.4929639401934915,0.6776447105788423,0.26519072,0.6256783,0.10913099,1
236442$_$3,2026,processed_po,1.0,0,-1.3333333730697632,0,-0.2638698816299438,-0.2638698816299438,1.0,1.1702861082385383,1.4929639401934915,0.6776447105788423,0.5692076,0.2284966,0.20229581,0
23656$_$1,2026,processed_po,1.0,1,0.0,1,0.0,-0.0348195768892765,1.0,1.1702861082385383,1.4929639401934915,0.6776447105788423,0.17034104,0.4226503,0.40700865,2
23656$_$0,2026,processed_po,1.0,2,0.3333333432674408,1,0.0,0.1703113466501236,1.0,1.1702861082385383,1.4929639401934915,0.6776447105788423,0.054680437,0.6321078,0.3132118,1
23656$_$2,2026,processed_po,1.0,2,1.0,2,1e-06,-0.0616196542978286,1.0,1.1702861082385383,1.4929639401934915,0.6776447105788423,0.12667929,0.20980285,0.66351795,2
23656$_$7,2026,processed_po,1.0,0,-2.0,0,-0.2914217710494995,-0.2914217710494995,1.0,1.1702861082385383,1.4929639401934915,0.6776447105788423,0.6014629,0.22198026,0.17655683,0
23656$_$9,2026,processed_po,1.0,0,-1.3333333730697632,0,-0.9532183408737184,-0.9532183408737184,1.0,1.1702861082385383,1.4929639401934915,0.6776447105788423,0.79120255,0.14273253,0.06606487,0
23656$_$15,2026,processed_po,1.0,2,0.3333333432674408,2,0.2679191529750824,0.2679191529750824,1.0,1.1702861082385383,1.4929639401934915,0.6776447105788423,0.026235323,0.123679765,0.85008496,2
237363$_$10,2026,processed_po,1.0,1,0.0,0,-0.3394699990749359,-0.3394699990749359,1.0,1.1702861082385383,1.4929639401934915,0.6776447105788423,0.5752074,0.38282332,0.041969277,0
237363$_$4,2026,processed_po,1.0,1,0.0,1,0.0,0.0402157977223396,1.0,1.1702861082385383,1.4929639401934915,0.6776447105788423,0.16860864,0.6192263,0.2121651,1
238063$_$15,2026,processed_po,1.0,0,-1.3333333730697632,0,-0.904341995716095,-0.904341995716095,1.0,1.1702861082385383,1.4929639401934915,0.6776447105788423,0.8570231,0.043295797,0.09968104,0
238063$_$17,2026,processed_po,1.0,2,1.0,0,-0.4840165376663208,-0.4840165376663208,1.0,1.1702861082385383,1.4929639401934915,0.6776447105788423,0.58672905,0.26617867,0.1470923,0
238063$_$16,2026,processed_po,1.0,0,-1.0,0,-1e-06,0.1050205826759338,1.0,1.1702861082385383,1.4929639401934915,0.6776447105788423,0.493019,0.11808258,0.38889846,2
238063$_$7,2026,processed_po,1.0,0,-0.3333333432674408,0,-0.4327172935009002,-0.4327172935009002,1.0,1.1702861082385383,1.4929639401934915,0.6776447105788423,0.42179304,0.27565098,0.302556,0
24196$_$0,2026,processed_po,1.0,2,0.3333333432674408,1,0.0,0.4392476677894592,1.0,1.1702861082385383,1.4929639401934915,0.6776447105788423,0.13418947,0.57672113,0.2890894,1
24196$_$3,2026,processed_po,1.0,0,-0.3333333432674408,0,-1.8027870655059812,-1.8027870655059812,1.0,1.1702861082385383,1.4929639401934915,0.6776447105788423,0.9472016,0.04204434,0.01075401,0
243981$_$10,2026,processed_po,1.0,0,-2.3333332538604736,0,-1.2902038097381592,-1.2902038097381592,1.0,1.1702861082385383,1.4929639401934915,0.6776447105788423,0.8900576,0.057489306,0.052453015,0
243981$_$1,2026,processed_po,1.0,1,0.0,2,0.2732934057712555,0.2732934057712555,1.0,1.1702861082385383,1.4929639401934915,0.6776447105788423,0.1784154,0.22797851,0.5936061,2
243981$_$4,2026,processed_po,1.0,0,-2.3333332538604736,0,-0.5596752166748047,-0.5596752166748047,1.0,1.1702861082385383,1.4929639401934915,0.6776447105788423,0.727012,0.11332425,0.15966375,0
243981$_$6,2026,processed_po,1.0,0,-2.0,0,-0.5527903437614441,-0.5527903437614441,1.0,1.1702861082385383,1.4929639401934915,0.6776447105788423,0.77361566,0.101894625,0.124489665,0
24504$_$10,2026,processed_po,1.0,2,0.6666666865348816,2,0.3750844001770019,0.3750844001770019,1.0,1.1702861082385383,1.4929639401934915,0.6776447105788423,0.159146,0.24650283,0.5943512,2
245582$_$11,2026,processed_po,1.0,0,-1.6666666269302368,0,-1.169389247894287,-1.169389247894287,1.0,1.1702861082385383,1.4929639401934915,0.6776447105788423,0.92986107,0.0384091,0.031729825,0
245582$_$13,2026,processed_po,1.0,2,0.3333333432674408,1,0.0,-0.0120294084772467,1.0,1.1702861082385383,1.4929639401934915,0.6776447105788423,0.37242702,0.44657847,0.18099451,2
245582$_$16,2026,processed_po,1.0,2,1.0,0,-1.3359748125076294,-1.3359748125076294,1.0,1.1702861082385383,1.4929639401934915,0.6776447105788423,0.9387957,0.0437893,0.017415019,0
245582$_$4,2026,processed_po,1.0,0,-1.3333333730697632,0,-1.3756414651870728,-1.3756414651870728,1.0,1.1702861082385383,1.4929639401934915,0.6776447105788423,0.92381626,0.037467696,0.038716037,0
252097$_$12,2026,processed_po,1.0,0,-2.3333332538604736,0,-0.922167181968689,-0.922167181968689,1.0,1.1702861082385383,1.4929639401934915,0.6776447105788423,0.9397921,0.028176595,0.032031234,0
252097$_$4,2026,processed_po,1.0,0,-1.3333333730697632,0,-0.7043259143829346,-0.7043259143829346,1.0,1.1702861082385383,1.4929639401934915,0.6776447105788423,0.92693144,0.03059856,0.042470016,0
252912$_$13,2026,processed_po,1.0,0,-1.6666666269302368,0,-0.8285049200057983,-0.8285049200057983,1.0,1.1702861082385383,1.4929639401934915,0.6776447105788423,0.79939395,0.09303437,0.10757165,0
257277$_$1,2026,processed_po,1.0,2,0.3333333432674408,2,0.0962379723787307,0.0962379723787307,1.0,1.1702861082385383,1.4929639401934915,0.6776447105788423,0.19292267,0.36819628,0.43888107,2
257277$_$3,2026,processed_po,1.0,2,1.0,1,0.0,0.0520109981298446,1.0,1.1702861082385383,1.4929639401934915,0.6776447105788423,0.36435154,0.46869,0.16695844,1
257277$_$5,2026,processed_po,1.0,0,-2.0,1,0.0,-0.0886590406298637,1.0,1.1702861082385383,1.4929639401934915,0.6776447105788423,0.38979602,0.48967096,0.12053297,1
257534$_$4,2026,processed_po,1.0,1,0.0,1,0.0,0.0247223787009716,1.0,1.1702861082385383,1.4929639401934915,0.6776447105788423,0.17204271,0.6887951,0.13916221,1
267466$_$24,2026,processed_po,1.0,2,0.6666666865348816,0,-0.2178463041782379,-0.2178463041782379,1.0,1.1702861082385383,1.4929639401934915,0.6776447105788423,0.54324174,0.26186168,0.19489658,0
267466$_$44,2026,processed_po,1.0,0,-2.6666667461395264,0,-0.8993369340896606,-0.8993369340896606,1.0,1.1702861082385383,1.4929639401934915,0.6776447105788423,0.77354527,0.16964449,0.05681024,0
267466$_$42,2026,processed_po,1.0,0,-2.3333332538604736,0,-0.8163172602653503,-0.8163172602653503,1.0,1.1702861082385383,1.4929639401934915,0.6776447105788423,0.85893947,0.0629156,0.07814492,0
267466$_$9,2026,processed_po,1.0,0,-1.0,1,0.0,-0.0212220326066017,1.0,1.1702861082385383,1.4929639401934915,0.6776447105788423,0.23622762,0.56676155,0.19701083,0
267466$_$13,2026,processed_po,1.0,1,0.0,1,0.0,0.0560232102870941,1.0,1.1702861082385383,1.4929639401934915,0.6776447105788423,0.34395888,0.5263543,0.12968682,1
267466$_$38,2026,processed_po,1.0,1,0.0,0,-1.1343979835510254,-1.1343979835510254,1.0,1.1702861082385383,1.4929639401934915,0.6776447105788423,0.9146105,0.06428636,0.021103172,0
267466$_$35,2026,processed_po,1.0,0,-1.0,0,-1.0972135066986084,-1.0972135066986084,1.0,1.1702861082385383,1.4929639401934915,0.6776447105788423,0.9151512,0.039575253,0.04527356,0
267466$_$34,2026,processed_po,1.0,0,-2.3333332538604736,0,-1.3020567893981934,-1.3020567893981934,1.0,1.1702861082385383,1.4929639401934915,0.6776447105788423,0.88519883,0.064376734,0.05042435,0
267694$_$14,2026,processed_po,1.0,0,-2.3333332538604736,0,-1.2682338953018188,-1.2682338953018188,1.0,1.1702861082385383,1.4929639401934915,0.6776447105788423,0.9018296,0.06265528,0.035515036,0
267694$_$16,2026,processed_po,1.0,0,-1.0,0,-0.5526469945907593,-0.5526469945907593,1.0,1.1702861082385383,1.4929639401934915,0.6776447105788423,0.634799,0.31390578,0.051295184,0
267694$_$3,2026,processed_po,1.0,0,-0.3333333432674408,0,-1.0810447931289673,-1.0810447931289673,1.0,1.1702861082385383,1.4929639401934915,0.6776447105788423,0.855476,0.11598515,0.028538827,0
267694$_$5,2026,processed_po,1.0,1,0.0,1,0.0,0.074683628976345,1.0,1.1702861082385383,1.4929639401934915,0.6776447105788423,0.29171297,0.38556892,0.32271808,2
267694$_$4,2026,processed_po,1.0,1,0.0,0,-0.0763959884643554,-0.0763959884643554,1.0,1.1702861082385383,1.4929639401934915,0.6776447105788423,0.46438175,0.27645653,0.2591617,0
267694$_$7,2026,processed_po,1.0,0,-2.0,0,-1.3838138580322266,-1.3838138580322266,1.0,1.1702861082385383,1.4929639401934915,0.6776447105788423,0.9118801,0.051090635,0.037029345,0
267694$_$6,2026,processed_po,1.0,0,-1.6666666269302368,0,-1.3105119466781616,-1.3105119466781616,1.0,1.1702861082385383,1.4929639401934915,0.6776447105788423,0.89077556,0.061113015,0.04811147,0
273207$_$0,2026,processed_po,1.0,1,0.0,1,0.0,-0.0663425773382186,1.0,1.1702861082385383,1.4929639401934915,0.6776447105788423,0.07670049,0.82607937,0.097220175,1
273207$_$5,2026,processed_po,1.0,2,0.3333333432674408,0,-0.1970100998878479,-0.1970100998878479,1.0,1.1702861082385383,1.4929639401934915,0.6776447105788423,0.58034015,0.20049773,0.21916214,0
273207$_$7,2026,processed_po,1.0,0,-0.3333333432674408,0,-1.3509509563446045,-1.3509509563446045,1.0,1.1702861082385383,1.4929639401934915,0.6776447105788423,0.88774973,0.08433895,0.027911434,0
273207$_$9,2026,processed_po,1.0,0,-0.3333333432674408,2,0.4890899062156677,0.4890899062156677,1.0,1.1702861082385383,1.4929639401934915,0.6776447105788423,0.09116954,0.3984562,0.51037425,2
273250$_$20,2026,processed_po,1.0,0,-0.3333333432674408,0,-0.707292914390564,-0.707292914390564,1.0,1.1702861082385383,1.4929639401934915,0.6776447105788423,0.5141745,0.32818148,0.15764402,0
273250$_$3,2026,processed_po,1.0,0,-0.6666666865348816,1,0.0,-0.4402715563774109,1.0,1.1702861082385383,1.4929639401934915,0.6776447105788423,0.41734505,0.4782023,0.10445263,1
273250$_$7,2026,processed_po,1.0,0,-0.3333333432674408,1,0.0,0.0693850964307785,1.0,1.1702861082385383,1.4929639401934915,0.6776447105788423,0.100142315,0.5315562,0.36830154,1
273250$_$11,2026,processed_po,1.0,0,-1.3333333730697632,1,0.0,-0.2578631937503814,1.0,1.1702861082385383,1.4929639401934915,0.6776447105788423,0.10195841,0.7101165,0.18792506,1
273250$_$12,2026,processed_po,1.0,0,-2.6666667461395264,1,0.0,-0.1127566918730735,1.0,1.1702861082385383,1.4929639401934915,0.6776447105788423,0.1440622,0.60447484,0.25146294,1
273250$_$16,2026,processed_po,1.0,0,-2.3333332538604736,1,0.0,-0.2462490797042846,1.0,1.1702861082385383,1.4929639401934915,0.6776447105788423,0.27811718,0.49710423,0.22477856,2
273250$_$19,2026,processed_po,1.0,1,0.0,1,0.0,0.1550937592983245,1.0,1.1702861082385383,1.4929639401934915,0.6776447105788423,0.235329,0.49857062,0.26610038,0
275267$_$5,2026,processed_po,1.0,1,0.0,0,-0.8539155721664429,-0.8539155721664429,1.0,1.1702861082385383,1.4929639401934915,0.6776447105788423,0.73376036,0.22144528,0.04479432,0
27v7Blr0vjw$_$0,2026,processed_po,1.0,0,-0.3333333432674408,1,0.0,0.0013840867904946,1.0,1.1702861082385383,1.4929639401934915,0.6776447105788423,0.16222288,0.6100038,0.22777331,2
27v7Blr0vjw$_$3,2026,processed_po,1.0,1,0.0,2,0.3095262348651886,0.3095262348651886,1.0,1.1702861082385383,1.4929639401934915,0.6776447105788423,0.051505007,0.45775193,0.49074307,2
28006$_$22,2026,processed_po,1.0,0,-2.3333332538604736,0,-0.6893948912620544,-0.6893948912620544,1.0,1.1702861082385383,1.4929639401934915,0.6776447105788423,0.81303364,0.085622735,0.10134355,0
28006$_$0,2026,processed_po,1.0,0,-2.6666667461395264,1,0.0,-0.1291882693767547,1.0,1.1702861082385383,1.4929639401934915,0.6776447105788423,0.24294224,0.47776797,0.27928972,0
28006$_$5,2026,processed_po,1.0,0,-1.6666666269302368,0,-0.996457576751709,-0.996457576751709,1.0,1.1702861082385383,1.4929639401934915,0.6776447105788423,0.75428593,0.1883242,0.057389807,0
28006$_$7,2026,processed_po,1.0,0,-2.3333332538604736,0,-1.052944540977478,-1.052944540977478,1.0,1.1702861082385383,1.4929639401934915,0.6776447105788423,0.87710154,0.08753164,0.035366908,0
28006$_$13,2026,processed_po,1.0,0,-2.3333332538604736,0,-0.7416154742240906,-0.7416154742240906,1.0,1.1702861082385383,1.4929639401934915,0.6776447105788423,0.7122783,0.08892227,0.1987994,0
28006$_$15,2026,processed_po,1.0,0,-1.6666666269302368,0,-1.345292091369629,-1.345292091369629,1.0,1.1702861082385383,1.4929639401934915,0.6776447105788423,0.9550363,0.031507723,0.013455909,0
28006$_$17,2026,processed_po,1.0,0,-2.0,1,0.0,-0.035095740109682,1.0,1.1702861082385383,1.4929639401934915,0.6776447105788423,0.29685166,0.5269709,0.17617743,1
28006$_$16,2026,processed_po,1.0,0,-1.3333333730697632,0,-1.1085952520370483,-1.1085952520370483,1.0,1.1702861082385383,1.4929639401934915,0.6776447105788423,0.8041219,0.11236,0.08351806,0
286943$_$5,2026,processed_po,1.0,0,-1.3333333730697632,0,-0.2040642499923706,-0.2040642499923706,1.0,1.1702861082385383,1.4929639401934915,0.6776447105788423,0.7783933,0.07446472,0.14714195,0
29751$_$10,2026,processed_po,1.0,1,0.0,0,-0.3275602161884308,-0.3275602161884308,1.0,1.1702861082385383,1.4929639401934915,0.6776447105788423,0.5315927,0.29489085,0.17351648,0
29751$_$1,2026,processed_po,1.0,1,0.0,1,0.0,0.0941679030656814,1.0,1.1702861082385383,1.4929639401934915,0.6776447105788423,0.09624817,0.6925975,0.21115431,1
29751$_$9,2026,processed_po,1.0,1,0.0,0,-0.6196271777153015,-0.6196271777153015,1.0,1.1702861082385383,1.4929639401934915,0.6776447105788423,0.77572846,0.17860007,0.045671437,0
2BuFtglEcaY$_$11,2026,processed_po,1.0,2,2.3333332538604736,2,0.7047619223594666,0.7047619223594666,1.0,1.1702861082385383,1.4929639401934915,0.6776447105788423,0.016755594,0.0688892,0.91435516,2
2BuFtglEcaY$_$6,2026,processed_po,1.0,2,1.0,2,0.4241229295730591,0.4241229295730591,1.0,1.1702861082385383,1.4929639401934915,0.6776447105788423,0.03150752,0.21290746,0.75558496,2
2ItiGjefTRA$_$3,2026,processed_po,1.0,1,0.0,0,-0.3897937536239624,-0.3897937536239624,1.0,1.1702861082385383,1.4929639401934915,0.6776447105788423,0.510161,0.34301296,0.14682607,0
2ItiGjefTRA$_$4,2026,processed_po,1.0,0,-0.6666666865348816,0,-0.4856822490692138,-0.4856822490692138,1.0,1.1702861082385383,1.4929639401934915,0.6776447105788423,0.6662556,0.2508381,0.08290633,0
2W-U94hXuK0$_$3,2026,processed_po,1.0,0,-3.0,0,-0.3270259201526642,-0.3270259201526642,1.0,1.1702861082385383,1.4929639401934915,0.6776447105788423,0.78844315,0.16280733,0.04874944,0
2W-U94hXuK0$_$4,2026,processed_po,1.0,0,-2.0,0,-0.009328905493021,-0.009328905493021,1.0,1.1702861082385383,1.4929639401934915,0.6776447105788423,0.71385735,0.20448576,0.08165686,0
2fbBrB1nJEQ$_$0,2026,processed_po,1.0,2,2.0,2,0.552067756652832,0.552067756652832,1.0,1.1702861082385383,1.4929639401934915,0.6776447105788423,0.08086893,0.20575032,0.7133807,2
2m58ShI1QSI$_$2,2026,processed_po,1.0,2,0.3333333432674408,2,0.177789568901062,0.177789568901062,1.0,1.1702861082385383,1.4929639401934915,0.6776447105788423,0.027737906,0.33742177,0.6348403,2
2vsgDSlJ9pU$_$0,2026,processed_po,1.0,1,0.0,1,0.0,0.2611898481845855,1.0,1.1702861082385383,1.4929639401934915,0.6776447105788423,0.03311465,0.52146536,0.44541994,2
2vsgDSlJ9pU$_$13,2026,processed_po,1.0,2,0.6666666865348816,2,0.6802991628646851,0.6802991628646851,1.0,1.1702861082385383,1.4929639401934915,0.6776447105788423,0.115352586,0.19014797,0.6944995,2
2ze94yo2aPo$_$0,2026,processed_po,1.0,2,2.0,2,0.4793122708797455,0.4793122708797455,1.0,1.1702861082385383,1.4929639401934915,0.6776447105788423,0.031166082,0.25174698,0.717087,2
2ze94yo2aPo$_$5,2026,processed_po,1.0,2,1.0,1,0.0,0.312530905008316,1.0,1.1702861082385383,1.4929639401934915,0.6776447105788423,0.08117675,0.4670935,0.45172974,2
35694$_$10,2026,processed_po,1.0,1,0.0,0,-0.3356661796569824,-0.3356661796569824,1.0,1.1702861082385383,1.4929639401934915,0.6776447105788423,0.5405686,0.3393191,0.12011231,0
35694$_$17,2026,processed_po,1.0,0,-1.6666666269302368,0,-0.8062744140625,-0.8062744140625,1.0,1.1702861082385383,1.4929639401934915,0.6776447105788423,0.73241323,0.094884545,0.17270224,0
3At-BKm9eYk$_$5,2026,processed_po,1.0,0,-0.3333333432674408,2,0.922571301460266,0.922571301460266,1.0,1.1702861082385383,1.4929639401934915,0.6776447105788423,0.3069935,0.043127622,0.6498788,2
3HyAaqre_Fk$_$2,2026,processed_po,1.0,2,1.0,2,0.2971157133579254,0.2971157133579254,1.0,1.1702861082385383,1.4929639401934915,0.6776447105788423,0.24446608,0.2512968,0.5042372,2
3HyAaqre_Fk$_$6,2026,processed_po,1.0,2,1.3333333730697632,2,1.0191831588745115,1.0191831588745115,1.0,1.1702861082385383,1.4929639401934915,0.6776447105788423,0.03654352,0.08552704,0.87792945,2
3OYY5Tsz_2k$_$7,2026,processed_po,1.0,1,0.0,1,0.0,0.1571421921253204,1.0,1.1702861082385383,1.4929639401934915,0.6776447105788423,0.044636246,0.6284634,0.32690036,2
3REPHw7oLWo$_$13,2026,processed_po,1.0,2,0.3333333432674408,2,0.5618157386779785,0.5618157386779785,1.0,1.1702861082385383,1.4929639401934915,0.6776447105788423,0.08514754,0.16961518,0.7452373,2
3wHE78v9zr4$_$24,2026,processed_po,1.0,2,1.3333333730697632,2,0.366998940706253,0.366998940706253,1.0,1.1702861082385383,1.4929639401934915,0.6776447105788423,0.11191351,0.20449623,0.68359023,2
3wHE78v9zr4$_$7,2026,processed_po,1.0,2,1.6666666269302368,2,0.3901994228363037,0.3901994228363037,1.0,1.1702861082385383,1.4929639401934915,0.6776447105788423,0.045279205,0.26432973,0.69039106,2
3wHE78v9zr4$_$9,2026,processed_po,1.0,2,0.3333333432674408,2,0.3174653053283691,0.3174653053283691,1.0,1.1702861082385383,1.4929639401934915,0.6776447105788423,0.07841161,0.15892395,0.7626644,2
3wHE78v9zr4$_$12,2026,processed_po,1.0,2,1.0,2,1e-06,-0.1046208441257476,1.0,1.1702861082385383,1.4929639401934915,0.6776447105788423,0.13632871,0.2216912,0.6419801,2
41381$_$7,2026,processed_po,1.0,1,0.0,1,0.0,-0.2923558056354522,1.0,1.1702861082385383,1.4929639401934915,0.6776447105788423,0.45734194,0.46524566,0.077412456,1
41381$_$8,2026,processed_po,1.0,2,1.0,0,-0.2114166021347046,-0.2114166021347046,1.0,1.1702861082385383,1.4929639401934915,0.6776447105788423,0.44354218,0.27081144,0.2856464,2
424SXFTCFsA$_$3,2026,processed_po,1.0,2,1.3333333730697632,2,1.0811785459518433,1.0811785459518433,1.0,1.1702861082385383,1.4929639401934915,0.6776447105788423,0.01608243,0.1086648,0.87525284,2
424SXFTCFsA$_$2,2026,processed_po,1.0,2,1.3333333730697632,2,0.2004881501197815,0.2004881501197815,1.0,1.1702861082385383,1.4929639401934915,0.6776447105788423,0.13275534,0.31455967,0.55268496,2
424SXFTCFsA$_$4,2026,processed_po,1.0,2,2.0,2,0.6733208894729614,0.6733208894729614,1.0,1.1702861082385383,1.4929639401934915,0.6776447105788423,0.0071053538,0.19478852,0.79810613,2
46495$_$9,2026,processed_po,1.0,0,-2.0,0,-1.1959333419799805,-1.1959333419799805,1.0,1.1702861082385383,1.4929639401934915,0.6776447105788423,0.93533736,0.026691467,0.037971187,0
46615$_$1,2026,processed_po,1.0,0,-1.3333333730697632,0,-0.5598117113113403,-0.5598117113113403,1.0,1.1702861082385383,1.4929639401934915,0.6776447105788423,0.6551476,0.22011739,0.124735065,0
4EDblUpJieU$_$7,2026,processed_po,1.0,2,1.3333333730697632,2,1.145430326461792,1.145430326461792,1.0,1.1702861082385383,1.4929639401934915,0.6776447105788423,0.06823745,0.1425988,0.7891638,2
53609$_$10,2026,processed_po,1.0,0,-2.0,0,-1.5190634727478027,-1.5190634727478027,1.0,1.1702861082385383,1.4929639401934915,0.6776447105788423,0.9339281,0.03973279,0.02633917,0
53609$_$13,2026,processed_po,1.0,0,-2.0,0,-0.8752188682556152,-0.8752188682556152,1.0,1.1702861082385383,1.4929639401934915,0.6776447105788423,0.9175244,0.055353615,0.027122034,0
53609$_$3,2026,processed_po,1.0,1,0.0,0,-0.1178637742996215,-0.1178637742996215,1.0,1.1702861082385383,1.4929639401934915,0.6776447105788423,0.6815789,0.22063252,0.09778859,0
53609$_$7,2026,processed_po,1.0,0,-1.6666666269302368,0,-0.6699066162109375,-0.6699066162109375,1.0,1.1702861082385383,1.4929639401934915,0.6776447105788423,0.8810065,0.07513929,0.043854177,0
53766$_$4,2026,processed_po,1.0,2,2.3333332538604736,2,0.2452771067619323,0.2452771067619323,1.0,1.1702861082385383,1.4929639401934915,0.6776447105788423,0.09767314,0.32613677,0.5761901,2
53766$_$9,2026,processed_po,1.0,2,2.0,2,0.2285670787096023,0.2285670787096023,1.0,1.1702861082385383,1.4929639401934915,0.6776447105788423,0.078605324,0.18899179,0.7324028,2
56989$_$12,2026,processed_po,1.0,0,-0.6666666865348816,0,-1e-06,0.372791051864624,1.0,1.1702861082385383,1.4929639401934915,0.6776447105788423,0.5449282,0.185805,0.26926678,0
56989$_$5,2026,processed_po,1.0,0,-2.3333332538604736,0,-1.5020596981048584,-1.5020596981048584,1.0,1.1702861082385383,1.4929639401934915,0.6776447105788423,0.8405342,0.081928305,0.077537425,0
56989$_$9,2026,processed_po,1.0,2,1.0,2,0.0814957320690155,0.0814957320690155,1.0,1.1702861082385383,1.4929639401934915,0.6776447105788423,0.049196195,0.18052022,0.7702835,2
59673$_$4,2026,processed_po,1.0,2,1.0,0,-0.9624912738800048,-0.9624912738800048,1.0,1.1702861082385383,1.4929639401934915,0.6776447105788423,0.69939107,0.20774412,0.09286477,0
59673$_$6,2026,processed_po,1.0,0,-0.3333333432674408,0,-1.198326587677002,-1.198326587677002,1.0,1.1702861082385383,1.4929639401934915,0.6776447105788423,0.70423865,0.2713298,0.024431596,0
5eY4S1F62Z4$_$13,2026,processed_po,1.0,2,0.3333333432674408,0,-0.0609010607004165,-0.0609010607004165,1.0,1.1702861082385383,1.4929639401934915,0.6776447105788423,0.49910295,0.31355417,0.18734285,0
5eY4S1F62Z4$_$17,2026,processed_po,1.0,2,0.3333333432674408,1,0.0,0.0157507471740245,1.0,1.1702861082385383,1.4929639401934915,0.6776447105788423,0.13901219,0.5667711,0.2942167,1
5fKPJPFqPho$_$2,2026,processed_po,1.0,2,0.6666666865348816,2,0.1188823580741882,0.1188823580741882,1.0,1.1702861082385383,1.4929639401934915,0.6776447105788423,0.018706087,0.4306663,0.5506276,2
5lrDS7LluCA$_$4,2026,processed_po,1.0,2,1.0,2,0.718367338180542,0.718367338180542,1.0,1.1702861082385383,1.4929639401934915,0.6776447105788423,0.12471087,0.07548558,0.7998035,2
5pxFqJ5hKMU$_$2,2026,processed_po,1.0,1,0.0,2,0.2801222801208496,0.2801222801208496,1.0,1.1702861082385383,1.4929639401934915,0.6776447105788423,0.018085014,0.46620944,0.5157056,2
5vwXp27bCLw$_$16,2026,processed_po,1.0,1,0.0,1,0.0,-0.0313857197761535,1.0,1.1702861082385383,1.4929639401934915,0.6776447105788423,0.25250402,0.62517357,0.12232242,1
5xa0Ac2krGs$_$2,2026,processed_po,1.0,0,-0.3333333432674408,1,0.0,-0.071490965783596,1.0,1.1702861082385383,1.4929639401934915,0.6776447105788423,0.17893533,0.5446799,0.2763848,0
5xa0Ac2krGs$_$7,2026,processed_po,1.0,2,0.3333333432674408,1,0.0,0.1073882281780242,1.0,1.1702861082385383,1.4929639401934915,0.6776447105788423,0.025082,0.58275807,0.39215994,1
61531$_$3,2026,processed_po,1.0,1,0.0,1,0.0,0.2421763241291046,1.0,1.1702861082385383,1.4929639401934915,0.6776447105788423,0.028294379,0.52311224,0.44859335,1
61531$_$9,2026,processed_po,1.0,2,2.0,2,0.701155424118042,0.701155424118042,1.0,1.1702861082385383,1.4929639401934915,0.6776447105788423,0.14550641,0.3177176,0.53677595,2
63951$_$1,2026,processed_po,1.0,1,0.0,1,0.0,0.0763071030378341,1.0,1.1702861082385383,1.4929639401934915,0.6776447105788423,0.15641445,0.5135445,0.33004102,1
67uKYi7mslE$_$3,2026,processed_po,1.0,2,0.6666666865348816,1,0.0,0.1945484429597854,1.0,1.1702861082385383,1.4929639401934915,0.6776447105788423,0.10409376,0.53806573,0.35784048,2
67uKYi7mslE$_$4,2026,processed_po,1.0,1,0.0,1,0.0,-0.037568598985672,1.0,1.1702861082385383,1.4929639401934915,0.6776447105788423,0.22739653,0.51648825,0.25611517,2
69824$_$5,2026,processed_po,1.0,0,-2.6666667461395264,0,-0.8632488250732422,-0.8632488250732422,1.0,1.1702861082385383,1.4929639401934915,0.6776447105788423,0.91765976,0.019937618,0.062402584,0
6EDoVEm16fU$_$13,2026,processed_po,1.0,2,1.3333333730697632,2,1.0762825012207031,1.0762825012207031,1.0,1.1702861082385383,1.4929639401934915,0.6776447105788423,0.02943243,0.1393415,0.83122605,2
6EDoVEm16fU$_$4,2026,processed_po,1.0,2,1.6666666269302368,2,0.6830792427062988,0.6830792427062988,1.0,1.1702861082385383,1.4929639401934915,0.6776447105788423,0.07143455,0.14062509,0.7879403,2
6EDoVEm16fU$_$6,2026,processed_po,1.0,2,1.0,2,0.6699718832969666,0.6699718832969666,1.0,1.1702861082385383,1.4929639401934915,0.6776447105788423,0.2912615,0.17650822,0.53223026,2
6EJHA6IDLNk$_$3,2026,processed_po,1.0,2,0.6666666865348816,2,0.6466490030288696,0.6466490030288696,1.0,1.1702861082385383,1.4929639401934915,0.6776447105788423,0.07554848,0.45104036,0.4734112,2
6EJHA6IDLNk$_$4,2026,processed_po,1.0,1,0.0,2,0.5218313932418823,0.5218313932418823,1.0,1.1702861082385383,1.4929639401934915,0.6776447105788423,0.12562148,0.23305452,0.641324,2
6RFVsOWK1m4$_$7,2026,processed_po,1.0,0,-0.6666666865348816,0,-0.6834805011749268,-0.6834805011749268,1.0,1.1702861082385383,1.4929639401934915,0.6776447105788423,0.80992323,0.14248584,0.04759097,0
6RFVsOWK1m4$_$9,2026,processed_po,1.0,2,1.0,2,0.3380757868289947,0.3380757868289947,1.0,1.1702861082385383,1.4929639401934915,0.6776447105788423,0.042078424,0.25565848,0.7022632,2
6brtMLkjjYk$_$0,2026,processed_po,1.0,2,2.0,2,0.3731067776679992,0.3731067776679992,1.0,1.1702861082385383,1.4929639401934915,0.6776447105788423,0.11246477,0.34170115,0.54583406,2
6gtfeIqGasE$_$0,2026,processed_po,1.0,2,1.3333333730697632,2,1.1193526983261108,1.1193526983261108,1.0,1.1702861082385383,1.4929639401934915,0.6776447105788423,0.08778821,0.08762738,0.8245844,2
6uoM8-9d0zA$_$4,2026,processed_po,1.0,2,0.6666666865348816,2,0.5333452224731445,0.5333452224731445,1.0,1.1702861082385383,1.4929639401934915,0.6776447105788423,0.012887559,0.42807066,0.5590418,2
79356$_$7,2026,processed_po,1.0,2,2.6666667461395264,0,-0.3672167360782623,-0.3672167360782623,1.0,1.1702861082385383,1.4929639401934915,0.6776447105788423,0.61482656,0.2520548,0.1331186,0
79356$_$9,2026,processed_po,1.0,2,1.0,1,0.0,-0.1963972747325897,1.0,1.1702861082385383,1.4929639401934915,0.6776447105788423,0.43114555,0.4510829,0.11777154,0
7IxmlIwqigw$_$20,2026,processed_po,1.0,2,0.6666666865348816,2,0.2161861807107925,0.2161861807107925,1.0,1.1702861082385383,1.4929639401934915,0.6776447105788423,0.13901886,0.40725064,0.45373052,2
7IxmlIwqigw$_$16,2026,processed_po,1.0,2,0.6666666865348816,2,0.3350742757320404,0.3350742757320404,1.0,1.1702861082385383,1.4929639401934915,0.6776447105788423,0.07664356,0.23053731,0.6928191,2
7deoh0NoMs4$_$0,2026,processed_po,1.0,2,2.0,2,0.4617253541946411,0.4617253541946411,1.0,1.1702861082385383,1.4929639401934915,0.6776447105788423,0.018248798,0.24856555,0.73318565,2
7f3ndBCx_JE$_$19,2026,processed_po,1.0,2,2.0,2,0.7546471357345581,0.7546471357345581,1.0,1.1702861082385383,1.4929639401934915,0.6776447105788423,0.024806364,0.11172398,0.86346966,2
7mb8Y2AhXIY$_$6,2026,processed_po,1.0,2,2.0,2,0.2887521982192993,0.2887521982192993,1.0,1.1702861082385383,1.4929639401934915,0.6776447105788423,0.09346363,0.24232583,0.6642105,2
83400$_$5,2026,processed_po,1.0,1,0.0,0,-0.7830104827880859,-0.7830104827880859,1.0,1.1702861082385383,1.4929639401934915,0.6776447105788423,0.7329086,0.19981301,0.06727838,0
86c2OkQ3_U8$_$22,2026,processed_po,1.0,2,2.0,2,0.369614839553833,0.369614839553833,1.0,1.1702861082385383,1.4929639401934915,0.6776447105788423,0.024087407,0.16660328,0.80930936,2
86c2OkQ3_U8$_$3,2026,processed_po,1.0,2,0.6666666865348816,2,0.2721723318099975,0.2721723318099975,1.0,1.1702861082385383,1.4929639401934915,0.6776447105788423,0.03672972,0.26236957,0.70090073,2
88791$_$15,2026,processed_po,1.0,2,0.3333333432674408,2,0.148695707321167,0.148695707321167,1.0,1.1702861082385383,1.4929639401934915,0.6776447105788423,0.10168427,0.37151808,0.52679765,2
88791$_$1,2026,processed_po,1.0,0,-1.0,1,0.0,0.0799001678824424,1.0,1.1702861082385383,1.4929639401934915,0.6776447105788423,0.07951174,0.8067668,0.1137214,1
88791$_$2,2026,processed_po,1.0,1,0.0,1,0.0,-0.1369675695896148,1.0,1.1702861082385383,1.4929639401934915,0.6776447105788423,0.17169738,0.7931717,0.03513089,1
8XZszYrUSCQ$_$0,2026,processed_po,1.0,2,1.0,2,1.0031321048736572,1.0031321048736572,1.0,1.1702861082385383,1.4929639401934915,0.6776447105788423,0.0149608,0.27394798,0.71109116,2
8i7u3fl-hP8$_$0,2026,processed_po,1.0,2,1.3333333730697632,2,0.7534714937210083,0.7534714937210083,1.0,1.1702861082385383,1.4929639401934915,0.6776447105788423,0.12661295,0.22999012,0.6433969,2
8lfS97s2AKc$_$0,2026,processed_po,1.0,0,-1.3333333730697632,0,-0.8518186807632446,-0.8518186807632446,1.0,1.1702861082385383,1.4929639401934915,0.6776447105788423,0.86815655,0.06738426,0.06445911,0
8lfS97s2AKc$_$7,2026,processed_po,1.0,0,-1.0,1,0.0,0.216786116361618,1.0,1.1702861082385383,1.4929639401934915,0.6776447105788423,0.1840432,0.52602214,0.28993464,1
8wNr-NQImFg$_$8,2026,processed_po,1.0,2,0.3333333432674408,2,0.2852517962455749,0.2852517962455749,1.0,1.1702861082385383,1.4929639401934915,0.6776447105788423,0.023334539,0.42641518,0.5502503,2
8wQhzezNcUY$_$1,2026,processed_po,1.0,2,2.0,2,0.8794275522232056,0.8794275522232056,1.0,1.1702861082385383,1.4929639401934915,0.6776447105788423,0.016510606,0.09988942,0.88360006,2
8wQhzezNcUY$_$2,2026,processed_po,1.0,2,1.0,2,0.9849915504455566,0.9849915504455566,1.0,1.1702861082385383,1.4929639401934915,0.6776447105788423,0.02367392,0.08379374,0.89253235,2
91844$_$10,2026,processed_po,1.0,0,-0.3333333432674408,1,0.0,0.1109143942594528,1.0,1.1702861082385383,1.4929639401934915,0.6776447105788423,0.33084828,0.5197173,0.14943442,0
91844$_$5,2026,processed_po,1.0,2,3.0,0,-0.2983218431472778,-0.2983218431472778,1.0,1.1702861082385383,1.4929639401934915,0.6776447105788423,0.5785053,0.23536536,0.18612939,0
91844$_$7,2026,processed_po,1.0,2,0.6666666865348816,0,-0.688457727432251,-0.688457727432251,1.0,1.1702861082385383,1.4929639401934915,0.6776447105788423,0.79711235,0.10116092,0.10172666,0
91844$_$9,2026,processed_po,1.0,0,-0.3333333432674408,0,-1e-06,0.1227983981370925,1.0,1.1702861082385383,1.4929639401934915,0.6776447105788423,0.40268606,0.26050013,0.33681378,0
92291$_$1,2026,processed_po,1.0,2,1.3333333730697632,1,0.0,0.3043472468852997,1.0,1.1702861082385383,1.4929639401934915,0.6776447105788423,0.23624696,0.44635564,0.3173974,1
92291$_$2,2026,processed_po,1.0,1,0.0,2,0.2871140539646148,0.2871140539646148,1.0,1.1702861082385383,1.4929639401934915,0.6776447105788423,0.12893213,0.32001203,0.5510558,2
92291$_$5,2026,processed_po,1.0,0,-2.3333332538604736,0,-0.6263600587844849,-0.6263600587844849,1.0,1.1702861082385383,1.4929639401934915,0.6776447105788423,0.91231364,0.026015185,0.061671235,0
92496$_$0,2026,processed_po,1.0,0,-2.6666667461395264,0,-0.2535246908664703,-0.2535246908664703,1.0,1.1702861082385383,1.4929639401934915,0.6776447105788423,0.4713209,0.43342277,0.095256306,0
93iGT5oueTA$_$12,2026,processed_po,1.0,0,-2.0,0,-1.1335797309875488,-1.1335797309875488,1.0,1.1702861082385383,1.4929639401934915,0.6776447105788423,0.8875062,0.046907295,0.06558663,0
93iGT5oueTA$_$4,2026,processed_po,1.0,2,1.3333333730697632,1,0.0,0.5182417631149292,1.0,1.1702861082385383,1.4929639401934915,0.6776447105788423,0.097383514,0.5403066,0.3623099,2
94481$_$2,2026,processed_po,1.0,2,0.6666666865348816,1,0.0,0.0319454558193683,1.0,1.1702861082385383,1.4929639401934915,0.6776447105788423,0.12151014,0.512632,0.36585784,0
94481$_$4,2026,processed_po,1.0,2,2.6666667461395264,1,0.0,0.0049206307157874,1.0,1.1702861082385383,1.4929639401934915,0.6776447105788423,0.28948054,0.39664546,0.313874,2
97ENTofrmNo$_$0,2026,processed_po,1.0,2,1.3333333730697632,2,0.4566903114318847,0.4566903114318847,1.0,1.1702861082385383,1.4929639401934915,0.6776447105788423,0.07383772,0.27025047,0.6559118,2
9GzFQBljNIY$_$0,2026,processed_po,1.0,1,0.0,1,0.0,0.0292787551879882,1.0,1.1702861082385383,1.4929639401934915,0.6776447105788423,0.17047326,0.71394634,0.115580365,1
9PzZSheh10U$_$24,2026,processed_po,1.0,2,2.3333332538604736,2,0.2562320828437805,0.2562320828437805,1.0,1.1702861082385383,1.4929639401934915,0.6776447105788423,0.021011371,0.17838304,0.80060554,2
9PzZSheh10U$_$23,2026,processed_po,1.0,2,0.6666666865348816,2,0.0726741701364517,0.0726741701364517,1.0,1.1702861082385383,1.4929639401934915,0.6776447105788423,0.13743384,0.34070137,0.5218648,2
9PzZSheh10U$_$5,2026,processed_po,1.0,1,0.0,1,0.0,0.1504871100187301,1.0,1.1702861082385383,1.4929639401934915,0.6776447105788423,0.06425665,0.51941335,0.41633,1
9PzZSheh10U$_$19,2026,processed_po,1.0,2,0.3333333432674408,2,0.3714516162872314,0.3714516162872314,1.0,1.1702861082385383,1.4929639401934915,0.6776447105788423,0.023027955,0.44786465,0.52910745,1
9cYNT_YSo8o$_$2,2026,processed_po,1.0,0,-1.0,0,-0.0683937892317771,-0.0683937892317771,1.0,1.1702861082385383,1.4929639401934915,0.6776447105788423,0.71773446,0.124865584,0.15739998,0
9orb0lQnVW4$_$0,2026,processed_po,1.0,1,0.0,1,0.0,0.1191751658916473,1.0,1.1702861082385383,1.4929639401934915,0.6776447105788423,0.10633679,0.6511517,0.24251145,1
A1lFJXUpxZo$_$7,2026,processed_po,1.0,2,1.6666666269302368,2,0.5995885729789734,0.5995885729789734,1.0,1.1702861082385383,1.4929639401934915,0.6776447105788423,0.008954567,0.10021976,0.8908257,2
AB1PbMaW03s$_$13,2026,processed_po,1.0,1,0.0,1,0.0,-0.0476022958755493,1.0,1.1702861082385383,1.4929639401934915,0.6776447105788423,0.28712928,0.54253393,0.17033677,1
AB1PbMaW03s$_$3,2026,processed_po,1.0,2,0.3333333432674408,2,0.0576546937227249,0.0576546937227249,1.0,1.1702861082385383,1.4929639401934915,0.6776447105788423,0.024940927,0.478307,0.49675205,2
AB1PbMaW03s$_$8,2026,processed_po,1.0,1,0.0,1,0.0,-0.0510220415890216,1.0,1.1702861082385383,1.4929639401934915,0.6776447105788423,0.18799058,0.6641036,0.1479058,1
AHiA9hohKr8$_$0,2026,processed_po,1.0,1,0.0,2,0.3384746313095093,0.3384746313095093,1.0,1.1702861082385383,1.4929639401934915,0.6776447105788423,0.033267017,0.28419012,0.68254286,2
C5-cY1nPQ20$_$11,2026,processed_po,1.0,2,0.6666666865348816,2,0.9171621799468994,0.9171621799468994,1.0,1.1702861082385383,1.4929639401934915,0.6776447105788423,0.06348625,0.16966605,0.76684767,2
C5-cY1nPQ20$_$8,2026,processed_po,1.0,2,0.3333333432674408,2,0.8651574850082397,0.8651574850082397,1.0,1.1702861082385383,1.4929639401934915,0.6776447105788423,0.076791584,0.34915578,0.57405263,2
CKqDDh50gcU$_$14,2026,processed_po,1.0,2,1.3333333730697632,2,0.6956751346588135,0.6956751346588135,1.0,1.1702861082385383,1.4929639401934915,0.6776447105788423,0.017981093,0.14145844,0.8405605,2
CKqDDh50gcU$_$6,2026,processed_po,1.0,2,1.6666666269302368,2,0.5089800357818604,0.5089800357818604,1.0,1.1702861082385383,1.4929639401934915,0.6776447105788423,0.033250567,0.1475879,0.81916153,2
CO2YoTZbUr0$_$0,2026,processed_po,1.0,1,0.0,0,-0.4333889484405517,-0.4333889484405517,1.0,1.1702861082385383,1.4929639401934915,0.6776447105788423,0.73688906,0.1881665,0.07494438,0
CO6n-skQJss$_$0,2026,processed_po,1.0,1,0.0,2,0.46590256690979,0.46590256690979,1.0,1.1702861082385383,1.4929639401934915,0.6776447105788423,0.1670302,0.16801108,0.66495866,2
CO6n-skQJss$_$3,2026,processed_po,1.0,0,-1.3333333730697632,2,0.1774019300937652,0.1774019300937652,1.0,1.1702861082385383,1.4929639401934915,0.6776447105788423,0.28530207,0.26331416,0.45138377,2
CU6U-gS76K4$_$20,2026,processed_po,1.0,2,1.6666666269302368,2,0.4540678560733795,0.4540678560733795,1.0,1.1702861082385383,1.4929639401934915,0.6776447105788423,0.20015942,0.24651311,0.55332744,2
CbRexsp1HKw$_$7,2026,processed_po,1.0,1,0.0,2,0.4561951160430908,0.4561951160430908,1.0,1.1702861082385383,1.4929639401934915,0.6776447105788423,0.34873912,0.28716195,0.36409897,0
ChhZna-aBK4$_$10,2026,processed_po,1.0,2,0.3333333432674408,2,1e-06,-0.0415589176118373,1.0,1.1702861082385383,1.4929639401934915,0.6776447105788423,0.14409131,0.3999063,0.45600244,2
ChhZna-aBK4$_$16,2026,processed_po,1.0,1,0.0,1,0.0,0.0975054651498794,1.0,1.1702861082385383,1.4929639401934915,0.6776447105788423,0.021232279,0.50825363,0.47051406,2
ChhZna-aBK4$_$8,2026,processed_po,1.0,2,0.6666666865348816,2,0.241252988576889,0.241252988576889,1.0,1.1702861082385383,1.4929639401934915,0.6776447105788423,0.02386643,0.34414726,0.63198626,2
DVAY-u_cJWU$_$5,2026,processed_po,1.0,2,1.0,2,0.5825548768043518,0.5825548768043518,1.0,1.1702861082385383,1.4929639401934915,0.6776447105788423,0.040549558,0.13702016,0.8224303,2
DjcZrtcBZi4$_$10,2026,processed_po,1.0,2,0.3333333432674408,2,0.2797585725784302,0.2797585725784302,1.0,1.1702861082385383,1.4929639401934915,0.6776447105788423,0.09467372,0.23045771,0.6748686,2
DjcZrtcBZi4$_$8,2026,processed_po,1.0,1,0.0,2,0.2220517694950103,0.2220517694950103,1.0,1.1702861082385383,1.4929639401934915,0.6776447105788423,0.044449598,0.38205338,0.57349706,2
DnBHq5I52LM$_$5,2026,processed_po,1.0,0,-1.3333333730697632,0,-0.4201087951660156,-0.4201087951660156,1.0,1.1702861082385383,1.4929639401934915,0.6776447105788423,0.5048419,0.40876025,0.086397804,0
DtbT85s3i94$_$5,2026,processed_po,1.0,2,1.0,1,0.0,-0.184169739484787,1.0,1.1702861082385383,1.4929639401934915,0.6776447105788423,0.2040127,0.46255326,0.33343405,2
EMS14J0odIE$_$16,2026,processed_po,1.0,0,-0.3333333432674408,1,0.0,0.0799271911382675,1.0,1.1702861082385383,1.4929639401934915,0.6776447105788423,0.08758322,0.5427847,0.36963212,2
EO_5o9Gup6g$_$10,2026,processed_po,1.0,0,-0.6666666865348816,0,-0.0275518931448459,-0.0275518931448459,1.0,1.1702861082385383,1.4929639401934915,0.6776447105788423,0.62594086,0.24074905,0.1333101,0
EO_5o9Gup6g$_$4,2026,processed_po,1.0,0,-1.0,2,0.3601675033569336,0.3601675033569336,1.0,1.1702861082385383,1.4929639401934915,0.6776447105788423,0.28554374,0.2193756,0.4950807,2
EO_5o9Gup6g$_$6,2026,processed_po,1.0,0,-2.0,0,-0.4028192162513733,-0.4028192162513733,1.0,1.1702861082385383,1.4929639401934915,0.6776447105788423,0.60942996,0.26069286,0.12987718,0
EyoMU2yoJPY$_$11,2026,processed_po,1.0,2,1.6666666269302368,2,0.3512641191482544,0.3512641191482544,1.0,1.1702861082385383,1.4929639401934915,0.6776447105788423,0.023239575,0.19294555,0.7838149,2
EyoMU2yoJPY$_$7,2026,processed_po,1.0,0,-0.3333333432674408,0,-1e-06,0.4581591486930847,1.0,1.1702861082385383,1.4929639401934915,0.6776447105788423,0.4498112,0.17235644,0.37783238,0
F2hc2FLOdhI$_$3,2026,processed_po,1.0,2,1.0,0,-0.6998206973075867,-0.6998206973075867,1.0,1.1702861082385383,1.4929639401934915,0.6776447105788423,0.86741066,0.08871508,0.043874323,0
F2hc2FLOdhI$_$5,2026,processed_po,1.0,2,1.0,2,0.1415749937295913,0.1415749937295913,1.0,1.1702861082385383,1.4929639401934915,0.6776447105788423,0.34871414,0.27982527,0.37146056,0
F8eQI8E-6q4$_$3,2026,processed_po,1.0,0,-0.6666666865348816,0,-1.407837986946106,-1.407837986946106,1.0,1.1702861082385383,1.4929639401934915,0.6776447105788423,0.86011076,0.10944124,0.03044795,0
FHDVQkU-nGI$_$7,2026,processed_po,1.0,2,2.0,2,1.335362434387207,1.335362434387207,1.0,1.1702861082385383,1.4929639401934915,0.6776447105788423,0.08947638,0.085523754,0.82499987,2
F_YaG_pvZrA$_$11,2026,processed_po,1.0,1,0.0,2,0.6487396955490112,0.6487396955490112,1.0,1.1702861082385383,1.4929639401934915,0.6776447105788423,0.023810282,0.09586287,0.8803269,2
GAVpYuhMZAw$_$12,2026,processed_po,1.0,2,1.0,1,0.0,0.2511882483959198,1.0,1.1702861082385383,1.4929639401934915,0.6776447105788423,0.1720634,0.48466942,0.3432672,1
GAVpYuhMZAw$_$1,2026,processed_po,1.0,2,2.0,1,0.0,0.1807514727115631,1.0,1.1702861082385383,1.4929639401934915,0.6776447105788423,0.07080658,0.5785271,0.3506663,2
GAVpYuhMZAw$_$4,2026,processed_po,1.0,2,0.3333333432674408,1,0.0,0.0667431131005287,1.0,1.1702861082385383,1.4929639401934915,0.6776447105788423,0.070539154,0.62946945,0.29999137,1
GAVpYuhMZAw$_$6,2026,processed_po,1.0,0,-0.3333333432674408,1,0.0,-0.305595338344574,1.0,1.1702861082385383,1.4929639401934915,0.6776447105788423,0.40986735,0.4794389,0.110693835,0
GK-Pprzh0t0$_$1,2026,processed_po,1.0,0,-1.6666666269302368,0,-0.0745704025030136,-0.0745704025030136,1.0,1.1702861082385383,1.4929639401934915,0.6776447105788423,0.51822114,0.31160587,0.170173,0
GKsjv42t284$_$1,2026,processed_po,1.0,2,1.3333333730697632,2,0.5442491173744202,0.5442491173744202,1.0,1.1702861082385383,1.4929639401934915,0.6776447105788423,0.016050668,0.07442738,0.90952194,2
GMa0cIAltnw$_$3,2026,processed_po,1.0,2,0.3333333432674408,2,0.5094343423843384,0.5094343423843384,1.0,1.1702861082385383,1.4929639401934915,0.6776447105788423,0.13133533,0.23521863,0.63344604,2
GNP0PFas12Y$_$4,2026,processed_po,1.0,2,0.3333333432674408,0,-1e-06,0.2801045477390289,1.0,1.1702861082385383,1.4929639401934915,0.6776447105788423,0.48480982,0.1571682,0.358022,2
HFPGeaEPy9o$_$0,2026,processed_po,1.0,0,-0.3333333432674408,0,-0.5046770572662354,-0.5046770572662354,1.0,1.1702861082385383,1.4929639401934915,0.6776447105788423,0.8004309,0.14018442,0.05938466,0
HJTxq72GuMs$_$14,2026,processed_po,1.0,2,0.6666666865348816,2,0.3493477702140808,0.3493477702140808,1.0,1.1702861082385383,1.4929639401934915,0.6776447105788423,0.12614112,0.32662907,0.54722977,2
HMRqR-P68Ws$_$0,2026,processed_po,1.0,2,1.0,1,0.0,0.1177646964788436,1.0,1.1702861082385383,1.4929639401934915,0.6776447105788423,0.079269454,0.74044734,0.18028323,1
HR18U0yAlTc$_$10,2026,processed_po,1.0,1,0.0,2,0.6495664119720459,0.6495664119720459,1.0,1.1702861082385383,1.4929639401934915,0.6776447105788423,0.05948902,0.06727395,0.873237,2
HR18U0yAlTc$_$4,2026,processed_po,1.0,0,-0.3333333432674408,2,0.2217161804437637,0.2217161804437637,1.0,1.1702861082385383,1.4929639401934915,0.6776447105788423,0.08949134,0.24171083,0.66879785,2
HR18U0yAlTc$_$9,2026,processed_po,1.0,0,-0.3333333432674408,2,0.3608150482177734,0.3608150482177734,1.0,1.1702861082385383,1.4929639401934915,0.6776447105788423,0.0931354,0.13134503,0.7755196,2
HbaycY0VuZk$_$0,2026,processed_po,1.0,2,1.3333333730697632,2,0.5032107830047607,0.5032107830047607,1.0,1.1702861082385383,1.4929639401934915,0.6776447105788423,0.025706278,0.21461703,0.75967675,2
IHp8hd1jm6k$_$27,2026,processed_po,1.0,2,1.3333333730697632,2,0.2540626227855682,0.2540626227855682,1.0,1.1702861082385383,1.4929639401934915,0.6776447105788423,0.045064803,0.20251563,0.7524196,2
IHp8hd1jm6k$_$0,2026,processed_po,1.0,2,1.6666666269302368,2,0.2592153549194336,0.2592153549194336,1.0,1.1702861082385383,1.4929639401934915,0.6776447105788423,0.1662104,0.34472826,0.4890614,2
IHp8hd1jm6k$_$5,2026,processed_po,1.0,2,1.0,2,0.5309408903121948,0.5309408903121948,1.0,1.1702861082385383,1.4929639401934915,0.6776447105788423,0.06442976,0.16890267,0.76666754,2
IHp8hd1jm6k$_$7,2026,processed_po,1.0,1,0.0,0,-0.1765962243080139,-0.1765962243080139,1.0,1.1702861082385383,1.4929639401934915,0.6776447105788423,0.47335243,0.3503712,0.17627639,0
IHp8hd1jm6k$_$15,2026,processed_po,1.0,2,1.3333333730697632,2,0.2779104709625244,0.2779104709625244,1.0,1.1702861082385383,1.4929639401934915,0.6776447105788423,0.017856458,0.19376819,0.7883754,2
IIPYcCii7Sg$_$3,2026,processed_po,1.0,0,-0.3333333432674408,1,0.0,0.0883282050490379,1.0,1.1702861082385383,1.4929639401934915,0.6776447105788423,0.07526439,0.65926707,0.26546857,1
IRSxo_XXArg$_$12,2026,processed_po,1.0,1,0.0,2,1.322764873504639,1.322764873504639,1.0,1.1702861082385383,1.4929639401934915,0.6776447105788423,0.03867516,0.06867173,0.89265305,2
IRSxo_XXArg$_$7,2026,processed_po,1.0,1,0.0,2,1.3188297748565674,1.3188297748565674,1.0,1.1702861082385383,1.4929639401934915,0.6776447105788423,0.07835175,0.08242488,0.8392233,2
Iemw8vqt-54$_$13,2026,processed_po,1.0,2,0.3333333432674408,2,0.3346953392028808,0.3346953392028808,1.0,1.1702861082385383,1.4929639401934915,0.6776447105788423,0.22681817,0.34295103,0.43023083,2
Iemw8vqt-54$_$0,2026,processed_po,1.0,2,0.6666666865348816,2,0.7174385786056519,0.7174385786056519,1.0,1.1702861082385383,1.4929639401934915,0.6776447105788423,0.02454183,0.18196563,0.79349256,2
Iemw8vqt-54$_$9,2026,processed_po,1.0,2,1.0,2,0.2833475470542907,0.2833475470542907,1.0,1.1702861082385383,1.4929639401934915,0.6776447105788423,0.18206254,0.3642609,0.45367652,2
JKueLneBoik$_$0,2026,processed_po,1.0,2,1.0,2,0.8121834993362427,0.8121834993362427,1.0,1.1702861082385383,1.4929639401934915,0.6776447105788423,0.03874534,0.2510975,0.71015716,2
JKueLneBoik$_$4,2026,processed_po,1.0,1,0.0,1,0.0,0.0415985286235809,1.0,1.1702861082385383,1.4929639401934915,0.6776447105788423,0.02361496,0.55788994,0.4184951,2
JNhqI4JtPXA$_$3,2026,processed_po,1.0,2,2.0,2,1.6800174713134766,1.6800174713134766,1.0,1.1702861082385383,1.4929639401934915,0.6776447105788423,0.05291693,0.07685778,0.8702253,2
JXYot3NDQn0$_$2,2026,processed_po,1.0,2,0.6666666865348816,2,0.9149256944656372,0.9149256944656372,1.0,1.1702861082385383,1.4929639401934915,0.6776447105788423,0.01997639,0.107728295,0.8722954,2
KB5hSnV1emg$_$3,2026,processed_po,1.0,1,0.0,0,-1e-06,0.1347303837537765,1.0,1.1702861082385383,1.4929639401934915,0.6776447105788423,0.5427707,0.2645001,0.19272915,0
Kn5eKHlPD0k$_$12,2026,processed_po,1.0,2,1.0,2,0.3113237023353576,0.3113237023353576,1.0,1.1702861082385383,1.4929639401934915,0.6776447105788423,0.10364621,0.4338418,0.46251196,2
Kn99u05vlpA$_$5,2026,processed_po,1.0,2,1.6666666269302368,1,0.0,0.4441409111022949,1.0,1.1702861082385383,1.4929639401934915,0.6776447105788423,0.31479442,0.41785067,0.2673549,0
L-7oRnbi9-w$_$3,2026,processed_po,1.0,2,0.3333333432674408,2,0.3072252869606018,0.3072252869606018,1.0,1.1702861082385383,1.4929639401934915,0.6776447105788423,0.15689762,0.26016882,0.58293355,2
L-a4Sh6iAcw$_$7,2026,processed_po,1.0,2,0.6666666865348816,2,0.2074182331562042,0.2074182331562042,1.0,1.1702861082385383,1.4929639401934915,0.6776447105788423,0.070004284,0.24923562,0.6807601,2
L-a4Sh6iAcw$_$9,2026,processed_po,1.0,2,0.6666666865348816,2,0.2914910018444061,0.2914910018444061,1.0,1.1702861082385383,1.4929639401934915,0.6776447105788423,0.115757465,0.15760262,0.7266399,2
LD3HYOwk1Bc$_$0,2026,processed_po,1.0,1,0.0,2,0.2121347188949585,0.2121347188949585,1.0,1.1702861082385383,1.4929639401934915,0.6776447105788423,0.072840706,0.3731748,0.5539845,2
LJGL2sGvSS0$_$2,2026,processed_po,1.0,2,1.3333333730697632,1,0.0,0.120279386639595,1.0,1.1702861082385383,1.4929639401934915,0.6776447105788423,0.043683212,0.51643914,0.43987763,1
LJGL2sGvSS0$_$10,2026,processed_po,1.0,2,1.3333333730697632,2,0.3935620188713074,0.3935620188713074,1.0,1.1702861082385383,1.4929639401934915,0.6776447105788423,0.01149649,0.13045186,0.85805166,2
LJGL2sGvSS0$_$14,2026,processed_po,1.0,2,1.6666666269302368,2,0.6866186857223511,0.6866186857223511,1.0,1.1702861082385383,1.4929639401934915,0.6776447105788423,0.01220159,0.15519428,0.8326041,2
LJGL2sGvSS0$_$19,2026,processed_po,1.0,2,1.0,0,-0.07357157766819,-0.07357157766819,1.0,1.1702861082385383,1.4929639401934915,0.6776447105788423,0.53611803,0.16142185,0.30246016,0
LcfubBagG6Q$_$1,2026,processed_po,1.0,2,1.3333333730697632,2,0.4387824535369873,0.4387824535369873,1.0,1.1702861082385383,1.4929639401934915,0.6776447105788423,0.20711356,0.16708067,0.6258058,2
LcfubBagG6Q$_$3,2026,processed_po,1.0,2,0.3333333432674408,1,0.0,0.1237216517329216,1.0,1.1702861082385383,1.4929639401934915,0.6776447105788423,0.21650459,0.5311564,0.25233895,2
LyOq9mOEPuk$_$8,2026,processed_po,1.0,0,-0.6666666865348816,0,-0.0107459891587495,-0.0107459891587495,1.0,1.1702861082385383,1.4929639401934915,0.6776447105788423,0.6208331,0.14504446,0.23412244,0
MHVrwCEWLPI$_$4,2026,processed_po,1.0,2,1.0,2,0.8071238994598389,0.8071238994598389,1.0,1.1702861082385383,1.4929639401934915,0.6776447105788423,0.014560292,0.15854678,0.8268929,2
MHVrwCEWLPI$_$6,2026,processed_po,1.0,2,0.3333333432674408,2,0.2626823484897613,0.2626823484897613,1.0,1.1702861082385383,1.4929639401934915,0.6776447105788423,0.060158532,0.26865315,0.6711883,2
MHyW857u_X8$_$18,2026,processed_po,1.0,0,-0.3333333432674408,2,0.4422276616096496,0.4422276616096496,1.0,1.1702861082385383,1.4929639401934915,0.6776447105788423,0.33206794,0.1713031,0.49662906,2
MZUr1DfYNNw$_$1,2026,processed_po,1.0,2,1.3333333730697632,2,0.4897463321685791,0.4897463321685791,1.0,1.1702861082385383,1.4929639401934915,0.6776447105788423,0.04689793,0.43022314,0.5228789,2
NIpuKcoJhGM$_$0,2026,processed_po,1.0,2,2.0,2,0.2501471638679504,0.2501471638679504,1.0,1.1702861082385383,1.4929639401934915,0.6776447105788423,0.21260081,0.38929716,0.39810207,0
NVLPURuAVLU$_$2,2026,processed_po,1.0,0,-0.6666666865348816,0,-0.2376601994037628,-0.2376601994037628,1.0,1.1702861082385383,1.4929639401934915,0.6776447105788423,0.53651416,0.2951581,0.16832776,0
NaWmaHwjElo$_$5,2026,processed_po,1.0,1,0.0,1,0.0,-0.0656899958848953,1.0,1.1702861082385383,1.4929639401934915,0.6776447105788423,0.16158405,0.50438464,0.33403134,0
NiAjz4ciA60$_$1,2026,processed_po,1.0,2,1.0,2,0.9532651901245116,0.9532651901245116,1.0,1.1702861082385383,1.4929639401934915,0.6776447105788423,0.0116595775,0.081811875,0.90652865,2
NocexkPXja8$_$13,2026,processed_po,1.0,0,-1.0,0,-0.6060927510261536,-0.6060927510261536,1.0,1.1702861082385383,1.4929639401934915,0.6776447105788423,0.6731318,0.26694617,0.05992194,0
NocexkPXja8$_$4,2026,processed_po,1.0,0,-2.3333332538604736,0,-0.8356309533119202,-0.8356309533119202,1.0,1.1702861082385383,1.4929639401934915,0.6776447105788423,0.87041074,0.071906045,0.0576832,0
O-b3DQg0QmA$_$1,2026,processed_po,1.0,1,0.0,2,0.2146388888359069,0.2146388888359069,1.0,1.1702861082385383,1.4929639401934915,0.6776447105788423,0.03681507,0.3577619,0.6054231,2
OFia3dWgaoI$_$0,2026,processed_po,1.0,0,-1.3333333730697632,0,-0.3376728594303131,-0.3376728594303131,1.0,1.1702861082385383,1.4929639401934915,0.6776447105788423,0.67379177,0.21374837,0.11245982,0
OFia3dWgaoI$_$6,2026,processed_po,1.0,0,-0.6666666865348816,0,-0.5408138036727905,-0.5408138036727905,1.0,1.1702861082385383,1.4929639401934915,0.6776447105788423,0.8169065,0.10320068,0.07989275,0
OKJPFisBoPY$_$0,2026,processed_po,1.0,2,0.3333333432674408,2,0.5456265211105347,0.5456265211105347,1.0,1.1702861082385383,1.4929639401934915,0.6776447105788423,0.020142145,0.18080771,0.79905015,2
OORklkFql3k$_$10,2026,processed_po,1.0,0,-0.3333333432674408,0,-0.3175391852855682,-0.3175391852855682,1.0,1.1702861082385383,1.4929639401934915,0.6776447105788423,0.6324247,0.26273197,0.104843356,0
OORklkFql3k$_$4,2026,processed_po,1.0,0,-2.0,2,0.2439350485801696,0.2439350485801696,1.0,1.1702861082385383,1.4929639401934915,0.6776447105788423,0.16115342,0.34388915,0.49495733,2
OWWHjP3pX9o$_$0,2026,processed_po,1.0,0,-0.3333333432674408,1,0.0,0.1592113524675369,1.0,1.1702861082385383,1.4929639401934915,0.6776447105788423,0.23653421,0.4451375,0.3183283,2
OWWHjP3pX9o$_$4,2026,processed_po,1.0,2,0.6666666865348816,1,0.0,-0.0946878120303154,1.0,1.1702861082385383,1.4929639401934915,0.6776447105788423,0.29799932,0.3631948,0.33880588,2
OXsTIPdytiw$_$0,2026,processed_po,1.0,2,0.6666666865348816,1,0.0,0.308491975069046,1.0,1.1702861082385383,1.4929639401934915,0.6776447105788423,0.045674022,0.60374916,0.35057682,2
OXsTIPdytiw$_$7,2026,processed_po,1.0,2,0.6666666865348816,2,0.3444094061851501,0.3444094061851501,1.0,1.1702861082385383,1.4929639401934915,0.6776447105788423,0.029737474,0.15407093,0.81619155,2
Oa2xVjzAMFc$_$9,2026,processed_po,1.0,0,-0.3333333432674408,1,0.0,0.2658714354038238,1.0,1.1702861082385383,1.4929639401934915,0.6776447105788423,0.13267592,0.6618849,0.2054392,2
OctOcfI4KSs$_$3,2026,processed_po,1.0,2,0.3333333432674408,1,0.0,0.1427347213029861,1.0,1.1702861082385383,1.4929639401934915,0.6776447105788423,0.3686485,0.46640676,0.16494478,0
OctOcfI4KSs$_$7,2026,processed_po,1.0,2,0.3333333432674408,1,0.0,0.1888149380683899,1.0,1.1702861082385383,1.4929639401934915,0.6776447105788423,0.14666009,0.5972134,0.25612652,1
P0UHzR4CmYg$_$1,2026,processed_po,1.0,2,1.0,1,0.0,0.5602738261222839,1.0,1.1702861082385383,1.4929639401934915,0.6776447105788423,0.043392636,0.5541401,0.40246728,2
P0UHzR4CmYg$_$3,2026,processed_po,1.0,2,0.6666666865348816,2,0.7050161957740784,0.7050161957740784,1.0,1.1702861082385383,1.4929639401934915,0.6776447105788423,0.018775094,0.19350842,0.7877165,2
P0UHzR4CmYg$_$4,2026,processed_po,1.0,2,1.0,2,0.8842105865478516,0.8842105865478516,1.0,1.1702861082385383,1.4929639401934915,0.6776447105788423,0.012574665,0.15945365,0.82797176,2
P0UHzR4CmYg$_$8,2026,processed_po,1.0,2,0.6666666865348816,0,-1e-06,0.3134939074516296,1.0,1.1702861082385383,1.4929639401934915,0.6776447105788423,0.3883392,0.26874208,0.34291878,2
P0UHzR4CmYg$_$11,2026,processed_po,1.0,0,-1.0,0,-1e-06,0.2499515116214752,1.0,1.1702861082385383,1.4929639401934915,0.6776447105788423,0.4236121,0.39274552,0.18364243,0
PcqKFt1p3UQ$_$10,2026,processed_po,1.0,2,0.3333333432674408,1,0.0,0.032708790153265,1.0,1.1702861082385383,1.4929639401934915,0.6776447105788423,0.2854678,0.387535,0.3269972,2
PzI6yY9Y2xQ$_$0,2026,processed_po,1.0,2,1.6666666269302368,2,0.4533752799034118,0.4533752799034118,1.0,1.1702861082385383,1.4929639401934915,0.6776447105788423,0.037906434,0.070583016,0.89151055,2
PzI6yY9Y2xQ$_$2,2026,processed_po,1.0,2,1.3333333730697632,2,0.0895214825868606,0.0895214825868606,1.0,1.1702861082385383,1.4929639401934915,0.6776447105788423,0.025924113,0.17009377,0.803982,2
QBc7X5jj8oA$_$4,2026,processed_po,1.0,2,1.3333333730697632,0,-1e-06,0.2686074376106262,1.0,1.1702861082385383,1.4929639401934915,0.6776447105788423,0.35023907,0.31059867,0.3391623,0
QCR7uyowjhM$_$10,2026,processed_po,1.0,2,0.3333333432674408,1,0.0,0.2171355485916137,1.0,1.1702861082385383,1.4929639401934915,0.6776447105788423,0.1516765,0.42923823,0.41908523,2
QCR7uyowjhM$_$8,2026,processed_po,1.0,1,0.0,0,-0.5073383450508118,-0.5073383450508118,1.0,1.1702861082385383,1.4929639401934915,0.6776447105788423,0.56087095,0.36115727,0.0779718,0
QIonRUsCqBs$_$1,2026,processed_po,1.0,2,1.3333333730697632,2,0.8534966111183167,0.8534966111183167,1.0,1.1702861082385383,1.4929639401934915,0.6776447105788423,0.019193029,0.12522274,0.8555842,2
Qfa1fY_07bQ$_$5,2026,processed_po,1.0,2,1.3333333730697632,1,0.0,0.1674809455871582,1.0,1.1702861082385383,1.4929639401934915,0.6776447105788423,0.049473595,0.5312043,0.4193221,2
R9xTBw3MCWI$_$5,2026,processed_po,1.0,2,0.3333333432674408,2,1.024167776107788,1.024167776107788,1.0,1.1702861082385383,1.4929639401934915,0.6776447105788423,0.010359657,0.03948515,0.95015526,2
ROC2YI3tDsk$_$13,2026,processed_po,1.0,2,0.3333333432674408,2,0.8339633345603943,0.8339633345603943,1.0,1.1702861082385383,1.4929639401934915,0.6776447105788423,0.029990459,0.19400643,0.7760031,2
ROC2YI3tDsk$_$3,2026,processed_po,1.0,2,1.0,2,0.5301783680915833,0.5301783680915833,1.0,1.1702861082385383,1.4929639401934915,0.6776447105788423,0.17493127,0.32388437,0.5011844,2
RVC8l5hf2Eg$_$13,2026,processed_po,1.0,0,-0.6666666865348816,1,0.0,0.0879657939076423,1.0,1.1702861082385383,1.4929639401934915,0.6776447105788423,0.25755483,0.4495922,0.29285297,2
RVC8l5hf2Eg$_$8,2026,processed_po,1.0,0,-0.3333333432674408,1,0.0,-0.1280238926410675,1.0,1.1702861082385383,1.4929639401934915,0.6776447105788423,0.42334566,0.4981826,0.07847166,0
Rb1uzHNcYcA$_$4,2026,processed_po,1.0,2,1.6666666269302368,2,1.1795002222061155,1.1795002222061155,1.0,1.1702861082385383,1.4929639401934915,0.6776447105788423,0.017813466,0.05632014,0.9258664,2
RvmTZVNAAuQ$_$2,2026,processed_po,1.0,1,0.0,2,0.5886403322219849,0.5886403322219849,1.0,1.1702861082385383,1.4929639401934915,0.6776447105788423,0.04352936,0.15812536,0.7983453,2
SKTyBOhDX6U$_$11,2026,processed_po,1.0,2,1.6666666269302368,2,0.6488171815872192,0.6488171815872192,1.0,1.1702861082385383,1.4929639401934915,0.6776447105788423,0.03706082,0.19597009,0.7669691,2
SKTyBOhDX6U$_$12,2026,processed_po,1.0,2,0.6666666865348816,1,0.0,0.2731994092464447,1.0,1.1702861082385383,1.4929639401934915,0.6776447105788423,0.26098934,0.42398944,0.31502122,0
SKTyBOhDX6U$_$9,2026,processed_po,1.0,2,1.0,2,0.615912914276123,0.615912914276123,1.0,1.1702861082385383,1.4929639401934915,0.6776447105788423,0.020334465,0.112409495,0.867256,2
SYQ_zv8dWng$_$0,2026,processed_po,1.0,2,0.3333333432674408,1,0.0,0.3012201488018036,1.0,1.1702861082385383,1.4929639401934915,0.6776447105788423,0.033327326,0.5279256,0.43874705,2
SYQ_zv8dWng$_$5,2026,processed_po,1.0,2,0.6666666865348816,0,-1e-06,0.1421165913343429,1.0,1.1702861082385383,1.4929639401934915,0.6776447105788423,0.4185912,0.19915326,0.3822555,2
SYQ_zv8dWng$_$6,2026,processed_po,1.0,2,0.6666666865348816,1,0.0,-0.0443254970014095,1.0,1.1702861082385383,1.4929639401934915,0.6776447105788423,0.036540147,0.6553981,0.30806175,2
SYQ_zv8dWng$_$9,2026,processed_po,1.0,1,0.0,2,0.3024795651435852,0.3024795651435852,1.0,1.1702861082385383,1.4929639401934915,0.6776447105788423,0.102316804,0.397471,0.5002122,2
SZ7HK5ns6mE$_$11,2026,processed_po,1.0,2,1.6666666269302368,2,0.1139985173940658,0.1139985173940658,1.0,1.1702861082385383,1.4929639401934915,0.6776447105788423,0.08712136,0.26928172,0.64359695,2
Sq6DIhFxPqQ$_$4,2026,processed_po,1.0,1,0.0,0,-1e-06,0.0970292836427688,1.0,1.1702861082385383,1.4929639401934915,0.6776447105788423,0.50738543,0.3399143,0.15270028,0
SwT0gh0V8fI$_$10,2026,processed_po,1.0,1,0.0,0,-0.1596620976924896,-0.1596620976924896,1.0,1.1702861082385383,1.4929639401934915,0.6776447105788423,0.53656983,0.16434595,0.2990842,0
SwT0gh0V8fI$_$19,2026,processed_po,1.0,2,0.6666666865348816,2,0.5067635178565979,0.5067635178565979,1.0,1.1702861082385383,1.4929639401934915,0.6776447105788423,0.35350344,0.10836949,0.53812706,2
SwT0gh0V8fI$_$5,2026,processed_po,1.0,1,0.0,0,-0.3325034976005554,-0.3325034976005554,1.0,1.1702861082385383,1.4929639401934915,0.6776447105788423,0.5063799,0.44641012,0.047209993,0
TXiOSZdaLJ8$_$2,2026,processed_po,1.0,2,0.6666666865348816,2,0.3803679049015045,0.3803679049015045,1.0,1.1702861082385383,1.4929639401934915,0.6776447105788423,0.08458918,0.19472235,0.7206885,2
TcTGCIh6e5s$_$4,2026,processed_po,1.0,1,0.0,1,0.0,0.329748123884201,1.0,1.1702861082385383,1.4929639401934915,0.6776447105788423,0.0899465,0.7107318,0.19932172,1
TxRtSItpGMo$_$4,2026,processed_po,1.0,2,2.0,2,0.4470841288566589,0.4470841288566589,1.0,1.1702861082385383,1.4929639401934915,0.6776447105788423,0.014216537,0.15825161,0.8275318,2
U-KihZeIfKI$_$20,2026,processed_po,1.0,2,1.3333333730697632,2,0.4328090250492096,0.4328090250492096,1.0,1.1702861082385383,1.4929639401934915,0.6776447105788423,0.07648669,0.23980589,0.68370736,2
U-KihZeIfKI$_$1,2026,processed_po,1.0,2,0.6666666865348816,2,0.300541877746582,0.300541877746582,1.0,1.1702861082385383,1.4929639401934915,0.6776447105788423,0.1966457,0.23872781,0.5646265,2
U-KihZeIfKI$_$6,2026,processed_po,1.0,0,-1.0,0,-0.2954939007759094,-0.2954939007759094,1.0,1.1702861082385383,1.4929639401934915,0.6776447105788423,0.6020518,0.3205581,0.077390105,0
U-KihZeIfKI$_$15,2026,processed_po,1.0,2,0.6666666865348816,1,0.0,0.3049654364585876,1.0,1.1702861082385383,1.4929639401934915,0.6776447105788423,0.30806562,0.52596265,0.16597174,0
U-KihZeIfKI$_$16,2026,processed_po,1.0,2,1.0,2,0.5132532119750977,0.5132532119750977,1.0,1.1702861082385383,1.4929639401934915,0.6776447105788423,0.031702228,0.20001315,0.76828456,2
UiurP5k-f1A$_$4,2026,processed_po,1.0,2,1.0,2,0.4899601340293884,0.4899601340293884,1.0,1.1702861082385383,1.4929639401934915,0.6776447105788423,0.028765792,0.18578988,0.7854443,2
UjqA6KVW2m8$_$0,2026,processed_po,1.0,0,-0.3333333432674408,0,-0.052331194281578,-0.052331194281578,1.0,1.1702861082385383,1.4929639401934915,0.6776447105788423,0.5546429,0.32724532,0.11811171,0
UjqA6KVW2m8$_$3,2026,processed_po,1.0,0,-0.6666666865348816,1,0.0,0.1045293807983398,1.0,1.1702861082385383,1.4929639401934915,0.6776447105788423,0.25086942,0.45266742,0.29646322,2
UjqA6KVW2m8$_$2,2026,processed_po,1.0,0,-1.3333333730697632,0,-0.6510106921195984,-0.6510106921195984,1.0,1.1702861082385383,1.4929639401934915,0.6776447105788423,0.6922007,0.24359624,0.06420303,0
UjqA6KVW2m8$_$4,2026,processed_po,1.0,2,1.0,2,0.7744959592819214,0.7744959592819214,1.0,1.1702861082385383,1.4929639401934915,0.6776447105788423,0.051000606,0.116640136,0.83235925,2
UweZVaFqruU$_$1,2026,processed_po,1.0,2,0.3333333432674408,1,0.0,0.073394164443016,1.0,1.1702861082385383,1.4929639401934915,0.6776447105788423,0.041802928,0.56042725,0.3977699,2
UweZVaFqruU$_$5,2026,processed_po,1.0,1,0.0,1,0.0,0.1366729438304901,1.0,1.1702861082385383,1.4929639401934915,0.6776447105788423,0.13360636,0.6354615,0.23093218,1
V27mmEkN80g$_$0,2026,processed_po,1.0,1,0.0,2,0.2226021587848663,0.2226021587848663,1.0,1.1702861082385383,1.4929639401934915,0.6776447105788423,0.14611699,0.24779083,0.6060922,2
VDkBM0ZG4q8$_$4,2026,processed_po,1.0,1,0.0,1,0.0,-0.1132737323641777,1.0,1.1702861082385383,1.4929639401934915,0.6776447105788423,0.15272278,0.71676046,0.13051678,1
VDkBM0ZG4q8$_$7,2026,processed_po,1.0,2,0.3333333432674408,2,0.3334130048751831,0.3334130048751831,1.0,1.1702861082385383,1.4929639401934915,0.6776447105788423,0.015421481,0.15024449,0.83433396,2
VLQgw-88v4Q$_$2,2026,processed_po,1.0,2,1.0,2,0.3745571374893188,0.3745571374893188,1.0,1.1702861082385383,1.4929639401934915,0.6776447105788423,0.01564485,0.46714258,0.5172125,2
VLQgw-88v4Q$_$6,2026,processed_po,1.0,2,1.6666666269302368,2,0.4739447832107544,0.4739447832107544,1.0,1.1702861082385383,1.4929639401934915,0.6776447105788423,0.011914448,0.38682166,0.6012639,2
VLQgw-88v4Q$_$8,2026,processed_po,1.0,2,1.3333333730697632,2,0.3005545139312744,0.3005545139312744,1.0,1.1702861082385383,1.4929639401934915,0.6776447105788423,0.06641063,0.3089863,0.62460303,2
VXy21GwGs8o$_$0,2026,processed_po,1.0,1,0.0,2,0.4880030155181885,0.4880030155181885,1.0,1.1702861082385383,1.4929639401934915,0.6776447105788423,0.16931981,0.30395973,0.52672046,2
Vdf1McvE9ao$_$9,2026,processed_po,1.0,1,0.0,0,-0.4498884677886963,-0.4498884677886963,1.0,1.1702861082385383,1.4929639401934915,0.6776447105788423,0.49625164,0.471254,0.03249429,0
Vlas-mPydcg$_$17,2026,processed_po,1.0,2,0.6666666865348816,0,-1e-06,0.1245277673006057,1.0,1.1702861082385383,1.4929639401934915,0.6776447105788423,0.47768027,0.23003922,0.29228058,2
Vlas-mPydcg$_$3,2026,processed_po,1.0,2,1.0,2,0.3545437157154083,0.3545437157154083,1.0,1.1702861082385383,1.4929639401934915,0.6776447105788423,0.014740102,0.23452114,0.7507388,2
VsXGwSZazwA$_$4,2026,processed_po,1.0,1,0.0,1,0.0,0.2340046465396881,1.0,1.1702861082385383,1.4929639401934915,0.6776447105788423,0.16747555,0.6125179,0.22000656,1
VsXGwSZazwA$_$6,2026,processed_po,1.0,2,1.6666666269302368,1,0.0,0.312790036201477,1.0,1.1702861082385383,1.4929639401934915,0.6776447105788423,0.039818697,0.52884585,0.43133548,2
VwGPIUNayKM$_$1,2026,processed_po,1.0,1,0.0,1,0.0,0.1325050294399261,1.0,1.1702861082385383,1.4929639401934915,0.6776447105788423,0.043898355,0.56102484,0.39507684,1
VwGPIUNayKM$_$5,2026,processed_po,1.0,0,-1.0,0,-0.0171869713813066,-0.0171869713813066,1.0,1.1702861082385383,1.4929639401934915,0.6776447105788423,0.4117957,0.31426203,0.27394217,0
VwGPIUNayKM$_$8,2026,processed_po,1.0,2,1.0,2,0.2640881836414337,0.2640881836414337,1.0,1.1702861082385383,1.4929639401934915,0.6776447105788423,0.038163282,0.20688084,0.7549559,2
W1CWpktWtTs$_$5,2026,processed_po,1.0,2,1.0,2,0.9735158681869508,0.9735158681869508,1.0,1.1702861082385383,1.4929639401934915,0.6776447105788423,0.021215234,0.09459165,0.8841932,2
W1CWpktWtTs$_$9,2026,processed_po,1.0,2,0.6666666865348816,2,0.52076256275177,0.52076256275177,1.0,1.1702861082385383,1.4929639401934915,0.6776447105788423,0.33255374,0.1279601,0.53948617,2
WfNiQBXmPw8$_$3,2026,processed_po,1.0,0,-0.3333333432674408,0,-0.2813064157962799,-0.2813064157962799,1.0,1.1702861082385383,1.4929639401934915,0.6776447105788423,0.5699197,0.21825919,0.21182114,0
WfNiQBXmPw8$_$5,2026,processed_po,1.0,2,0.3333333432674408,0,-0.0678063929080963,-0.0678063929080963,1.0,1.1702861082385383,1.4929639401934915,0.6776447105788423,0.5969659,0.20856172,0.19447237,0
WgI8IbJtXHw$_$0,2026,processed_po,1.0,1,0.0,2,0.8652001619338989,0.8652001619338989,1.0,1.1702861082385383,1.4929639401934915,0.6776447105788423,0.03239355,0.06520142,0.902405,2
X2Hs89fZ2-c$_$4,2026,processed_po,1.0,2,1.0,2,0.1436574757099151,0.1436574757099151,1.0,1.1702861082385383,1.4929639401934915,0.6776447105788423,0.035267033,0.47322643,0.4915066,1
X6N7UEFJLNY$_$0,2026,processed_po,1.0,2,0.3333333432674408,2,0.4524478018283844,0.4524478018283844,1.0,1.1702861082385383,1.4929639401934915,0.6776447105788423,0.08394825,0.3542606,0.5617911,2
X6N7UEFJLNY$_$2,2026,processed_po,1.0,1,0.0,2,0.3151315450668335,0.3151315450668335,1.0,1.1702861082385383,1.4929639401934915,0.6776447105788423,0.09018356,0.42210668,0.4877097,2
X6N7UEFJLNY$_$4,2026,processed_po,1.0,2,0.6666666865348816,2,0.8087985515594482,0.8087985515594482,1.0,1.1702861082385383,1.4929639401934915,0.6776447105788423,0.01567217,0.12128338,0.8630445,2
XDVit9ASVUg$_$2,2026,processed_po,1.0,2,0.3333333432674408,1,0.0,-0.0070382938720285,1.0,1.1702861082385383,1.4929639401934915,0.6776447105788423,0.081938796,0.5076874,0.4103738,1
XKyumlBmix8$_$0,2026,processed_po,1.0,1,0.0,2,0.3149560093879699,0.3149560093879699,1.0,1.1702861082385383,1.4929639401934915,0.6776447105788423,0.17047165,0.3912241,0.43830422,2
XKyumlBmix8$_$2,2026,processed_po,1.0,0,-0.6666666865348816,1,0.0,0.0478670448064804,1.0,1.1702861082385383,1.4929639401934915,0.6776447105788423,0.3956896,0.44805387,0.15625645,0
XVWiAArXYpE$_$3,2026,processed_po,1.0,0,-0.6666666865348816,2,0.0806507989764213,0.0806507989764213,1.0,1.1702861082385383,1.4929639401934915,0.6776447105788423,0.24377488,0.33241433,0.4238108,2
XVWiAArXYpE$_$4,2026,processed_po,1.0,0,-2.0,0,-0.3214950561523437,-0.3214950561523437,1.0,1.1702861082385383,1.4929639401934915,0.6776447105788423,0.46090078,0.3421293,0.19696997,0
XVWiAArXYpE$_$9,2026,processed_po,1.0,0,-0.3333333432674408,1,0.0,-0.1451346576213836,1.0,1.1702861082385383,1.4929639401934915,0.6776447105788423,0.2369759,0.44946578,0.31355828,2
X_TusmBIlC0$_$5,2026,processed_po,1.0,1,0.0,1,0.0,0.0607157684862613,1.0,1.1702861082385383,1.4929639401934915,0.6776447105788423,0.204601,0.5231128,0.2722862,2
Xa086gxLJ3Y$_$12,2026,processed_po,1.0,2,0.3333333432674408,1,0.0,0.1336277723312378,1.0,1.1702861082385383,1.4929639401934915,0.6776447105788423,0.01768437,0.64090735,0.34140825,1
XrNaL-MTjXg$_$3,2026,processed_po,1.0,1,0.0,0,-1e-06,0.0909389927983284,1.0,1.1702861082385383,1.4929639401934915,0.6776447105788423,0.37524718,0.36318988,0.26156294,2
Xy57UpKRNEo$_$7,2026,processed_po,1.0,0,-1.0,0,-0.2347259670495987,-0.2347259670495987,1.0,1.1702861082385383,1.4929639401934915,0.6776447105788423,0.62892073,0.2675669,0.10351233,0
Y8dI1GTWCk4$_$6,2026,processed_po,1.0,2,1.3333333730697632,2,0.2545894384384155,0.2545894384384155,1.0,1.1702861082385383,1.4929639401934915,0.6776447105788423,0.03431061,0.28862792,0.67706144,2
YLK58srjhNI$_$3,2026,processed_po,1.0,2,0.6666666865348816,0,-1e-06,0.5263769626617432,1.0,1.1702861082385383,1.4929639401934915,0.6776447105788423,0.46582818,0.114342235,0.41982964,2
YQZPnHZRp1w$_$1,2026,processed_po,1.0,2,0.3333333432674408,2,0.0296326279640197,0.0296326279640197,1.0,1.1702861082385383,1.4929639401934915,0.6776447105788423,0.013796441,0.3990748,0.58712876,2
YUNxD04EvfE$_$1,2026,processed_po,1.0,0,-0.3333333432674408,1,0.0,-0.109783336520195,1.0,1.1702861082385383,1.4929639401934915,0.6776447105788423,0.2362761,0.48627812,0.27744576,2
Z4iYSMMMycQ$_$4,2026,processed_po,1.0,2,0.6666666865348816,2,0.1693034917116165,0.1693034917116165,1.0,1.1702861082385383,1.4929639401934915,0.6776447105788423,0.043641873,0.47587058,0.48048753,2
ZKErPftd--w$_$6,2026,processed_po,1.0,2,0.6666666865348816,2,0.6373241543769836,0.6373241543769836,1.0,1.1702861082385383,1.4929639401934915,0.6776447105788423,0.13724257,0.29661375,0.5661437,2
ZKZ8UjaQQT4$_$7,2026,processed_po,1.0,1,0.0,2,0.1779967248439788,0.1779967248439788,1.0,1.1702861082385383,1.4929639401934915,0.6776447105788423,0.25147283,0.24361068,0.5049165,2
ZS1Nb0OWYNE$_$11,2026,processed_po,1.0,2,0.6666666865348816,2,0.943405270576477,0.943405270576477,1.0,1.1702861082385383,1.4929639401934915,0.6776447105788423,0.017911429,0.096768446,0.88532007,2
ZS1Nb0OWYNE$_$15,2026,processed_po,1.0,1,0.0,2,1.405407190322876,1.405407190322876,1.0,1.1702861082385383,1.4929639401934915,0.6776447105788423,0.0059958547,0.03444633,0.95955783,2
ZS1Nb0OWYNE$_$5,2026,processed_po,1.0,2,0.6666666865348816,1,0.0,0.3089791536331177,1.0,1.1702861082385383,1.4929639401934915,0.6776447105788423,0.15615709,0.5711983,0.27264458,2
ZS1Nb0OWYNE$_$9,2026,processed_po,1.0,2,2.6666667461395264,2,0.745750367641449,0.745750367641449,1.0,1.1702861082385383,1.4929639401934915,0.6776447105788423,0.0330558,0.16538487,0.80155927,2
ZcFzcd4ZoMg$_$4,2026,processed_po,1.0,0,-0.3333333432674408,1,0.0,0.2613380551338196,1.0,1.1702861082385383,1.4929639401934915,0.6776447105788423,0.3152737,0.38583353,0.2988928,0
ZeH7gZw94k0$_$1,2026,processed_po,1.0,2,1.6666666269302368,2,1.024036884307861,1.024036884307861,1.0,1.1702861082385383,1.4929639401934915,0.6776447105788423,0.14241187,0.26651642,0.59107167,2
ZtocGyL3Tfc$_$13,2026,processed_po,1.0,2,1.0,2,0.4013170301914215,0.4013170301914215,1.0,1.1702861082385383,1.4929639401934915,0.6776447105788423,0.09196993,0.14387293,0.7641571,2
ZtocGyL3Tfc$_$10,2026,processed_po,1.0,2,1.0,2,0.3691053390502929,0.3691053390502929,1.0,1.1702861082385383,1.4929639401934915,0.6776447105788423,0.061596565,0.28128412,0.65711933,2
ZtocGyL3Tfc$_$9,2026,processed_po,1.0,2,1.6666666269302368,2,0.7479604482650757,0.7479604482650757,1.0,1.1702861082385383,1.4929639401934915,0.6776447105788423,0.023450019,0.1269881,0.84956187,2
ZznoGQVwTtw$_$4,2026,processed_po,1.0,2,1.6666666269302368,2,0.1014062464237213,0.1014062464237213,1.0,1.1702861082385383,1.4929639401934915,0.6776447105788423,0.028728303,0.23358536,0.7376864,2
_1nvuNk7EFY$_$10,2026,processed_po,1.0,0,-0.3333333432674408,0,-0.3066244721412658,-0.3066244721412658,1.0,1.1702861082385383,1.4929639401934915,0.6776447105788423,0.71656555,0.22262485,0.060809605,0
_OmWVs0-6UM$_$0,2026,processed_po,1.0,1,0.0,1,0.0,0.2811573147773742,1.0,1.1702861082385383,1.4929639401934915,0.6776447105788423,0.05456566,0.48240972,0.46302465,2
_on_E-ZWy0I$_$21,2026,processed_po,1.0,2,1.3333333730697632,2,0.6207238435745239,0.6207238435745239,1.0,1.1702861082385383,1.4929639401934915,0.6776447105788423,0.10332442,0.12515417,0.7715214,2
_on_E-ZWy0I$_$3,2026,processed_po,1.0,1,0.0,1,0.0,-0.2881903946399688,1.0,1.1702861082385383,1.4929639401934915,0.6776447105788423,0.36000004,0.54555845,0.09444151,0
_on_E-ZWy0I$_$12,2026,processed_po,1.0,0,-1.0,1,0.0,0.0690221488475799,1.0,1.1702861082385383,1.4929639401934915,0.6776447105788423,0.16344942,0.4435322,0.39301834,2
_q7DM8WkzAQ$_$3,2026,processed_po,1.0,2,0.6666666865348816,2,0.5268847942352295,0.5268847942352295,1.0,1.1702861082385383,1.4929639401934915,0.6776447105788423,0.029970488,0.20842214,0.7616074,2
a4PHWxILDp0$_$15,2026,processed_po,1.0,1,0.0,0,-1e-06,0.2373987883329391,1.0,1.1702861082385383,1.4929639401934915,0.6776447105788423,0.45271578,0.4333835,0.1139007,0
ahG9c_uaf8s$_$1,2026,processed_po,1.0,2,0.3333333432674408,2,0.5913162231445312,0.5913162231445312,1.0,1.1702861082385383,1.4929639401934915,0.6776447105788423,0.011876135,0.133111,0.85501283,2
ahG9c_uaf8s$_$3,2026,processed_po,1.0,2,0.3333333432674408,2,0.5766624808311462,0.5766624808311462,1.0,1.1702861082385383,1.4929639401934915,0.6776447105788423,0.019075755,0.10140772,0.8795164,2
b92iw0OAnI4$_$7,2026,processed_po,1.0,2,1.3333333730697632,2,0.6285457611083984,0.6285457611083984,1.0,1.1702861082385383,1.4929639401934915,0.6776447105788423,0.18741156,0.14177829,0.6708101,2
bNQOeiAotbk$_$8,2026,processed_po,1.0,1,0.0,1,0.0,0.2824416160583496,1.0,1.1702861082385383,1.4929639401934915,0.6776447105788423,0.16629285,0.4783125,0.35539472,2
bdFCD-3BCRg$_$2,2026,processed_po,1.0,2,1.0,2,0.9644638895988464,0.9644638895988464,1.0,1.1702861082385383,1.4929639401934915,0.6776447105788423,0.011304211,0.07855597,0.91013986,2
bdFCD-3BCRg$_$11,2026,processed_po,1.0,2,0.6666666865348816,2,0.6989970207214355,0.6989970207214355,1.0,1.1702861082385383,1.4929639401934915,0.6776447105788423,0.032096848,0.25046828,0.71743494,2
bdFCD-3BCRg$_$12,2026,processed_po,1.0,2,1.0,2,0.6289358735084534,0.6289358735084534,1.0,1.1702861082385383,1.4929639401934915,0.6776447105788423,0.0068337996,0.15539037,0.8377759,2
c5VEvmutmVg$_$13,2026,processed_po,1.0,2,1.0,2,0.3725448548793793,0.3725448548793793,1.0,1.1702861082385383,1.4929639401934915,0.6776447105788423,0.15578376,0.41042084,0.43379545,2
c5VEvmutmVg$_$19,2026,processed_po,1.0,1,0.0,1,0.0,0.4095891416072845,1.0,1.1702861082385383,1.4929639401934915,0.6776447105788423,0.042657353,0.5997961,0.35754657,2
c5VEvmutmVg$_$0,2026,processed_po,1.0,2,1.6666666269302368,2,0.972023606300354,0.972023606300354,1.0,1.1702861082385383,1.4929639401934915,0.6776447105788423,0.13729833,0.2805765,0.5821252,2
c5zxqITn3ZM$_$5,2026,processed_po,1.0,2,0.6666666865348816,0,-0.0593422278761863,-0.0593422278761863,1.0,1.1702861082385383,1.4929639401934915,0.6776447105788423,0.712377,0.09770742,0.18991561,0
c5zxqITn3ZM$_$6,2026,processed_po,1.0,2,1.0,2,0.4597955346107483,0.4597955346107483,1.0,1.1702861082385383,1.4929639401934915,0.6776447105788423,0.019690359,0.18691786,0.79339176,2
c9hE1ghElrM$_$2,2026,processed_po,1.0,1,0.0,1,0.0,-0.1691502034664154,1.0,1.1702861082385383,1.4929639401934915,0.6776447105788423,0.11170628,0.75288945,0.13540426,1
c9hE1ghElrM$_$4,2026,processed_po,1.0,1,0.0,0,-0.4212390184402466,-0.4212390184402466,1.0,1.1702861082385383,1.4929639401934915,0.6776447105788423,0.5026228,0.39823487,0.099142335,0
cW-aX4dPVfk$_$4,2026,processed_po,1.0,0,-0.3333333432674408,1,0.0,0.1072075590491294,1.0,1.1702861082385383,1.4929639401934915,0.6776447105788423,0.11266602,0.49904588,0.38828817,1
cW-aX4dPVfk$_$11,2026,processed_po,1.0,2,0.3333333432674408,2,0.208982914686203,0.208982914686203,1.0,1.1702861082385383,1.4929639401934915,0.6776447105788423,0.20131075,0.28416073,0.5145285,2
cW-aX4dPVfk$_$32,2026,processed_po,1.0,2,1.6666666269302368,0,-1e-06,0.0172869805246591,1.0,1.1702861082385383,1.4929639401934915,0.6776447105788423,0.61700803,0.14326851,0.23972349,2
cW-aX4dPVfk$_$30,2026,processed_po,1.0,2,2.3333332538604736,2,0.629431962966919,0.629431962966919,1.0,1.1702861082385383,1.4929639401934915,0.6776447105788423,0.040004656,0.091102704,0.8688926,2
cml9rShionM$_$3,2026,processed_po,1.0,0,-0.3333333432674408,2,1.2075262069702148,1.2075262069702148,1.0,1.1702861082385383,1.4929639401934915,0.6776447105788423,0.010255676,0.045544803,0.94419956,2
d-Uw_uZyUys$_$1,2026,processed_po,1.0,0,-2.3333332538604736,1,0.0,0.1818958818912506,1.0,1.1702861082385383,1.4929639401934915,0.6776447105788423,0.23475452,0.5399854,0.2252601,1
d-Uw_uZyUys$_$6,2026,processed_po,1.0,0,-2.3333332538604736,0,-0.1238652020692825,-0.1238652020692825,1.0,1.1702861082385383,1.4929639401934915,0.6776447105788423,0.51830804,0.26890594,0.21278603,0
dHk--ExZbHs$_$7,2026,processed_po,1.0,2,0.6666666865348816,2,0.094980388879776,0.094980388879776,1.0,1.1702861082385383,1.4929639401934915,0.6776447105788423,0.05069717,0.3354077,0.61389524,2
dR68gbeOWOc$_$1,2026,processed_po,1.0,2,0.3333333432674408,2,0.2614724040031433,0.2614724040031433,1.0,1.1702861082385383,1.4929639401934915,0.6776447105788423,0.03884314,0.18662573,0.7745311,2
dTcz1am1eUw$_$2,2026,processed_po,1.0,2,1.3333333730697632,2,0.657597005367279,0.657597005367279,1.0,1.1702861082385383,1.4929639401934915,0.6776447105788423,0.007385459,0.11792429,0.8746903,2
ddWHTdJz2O8$_$1,2026,processed_po,1.0,0,-0.3333333432674408,2,0.4019673466682434,0.4019673466682434,1.0,1.1702861082385383,1.4929639401934915,0.6776447105788423,0.041891664,0.3033757,0.6547327,2
dlE05KC95uk$_$11,2026,processed_po,1.0,2,0.3333333432674408,1,0.0,0.1223125532269477,1.0,1.1702861082385383,1.4929639401934915,0.6776447105788423,0.081108585,0.57097983,0.34791157,1
eE8Qr9fOvVA$_$2,2026,processed_po,1.0,0,-1.3333333730697632,1,0.0,0.2838897407054901,1.0,1.1702861082385383,1.4929639401934915,0.6776447105788423,0.07110996,0.54903215,0.3798579,2
eFV7iFPYZB4$_$12,2026,processed_po,1.0,2,1.6666666269302368,2,0.3182603120803833,0.3182603120803833,1.0,1.1702861082385383,1.4929639401934915,0.6776447105788423,0.0062562064,0.09815435,0.8955895,2
eFV7iFPYZB4$_$14,2026,processed_po,1.0,2,1.3333333730697632,2,0.5051802396774292,0.5051802396774292,1.0,1.1702861082385383,1.4929639401934915,0.6776447105788423,0.017513858,0.21456908,0.76791704,2
eJfT7-dDqzA$_$3,2026,processed_po,1.0,2,0.6666666865348816,0,-1e-06,0.1161757409572601,1.0,1.1702861082385383,1.4929639401934915,0.6776447105788423,0.3519196,0.3308155,0.3172649,2
eJfT7-dDqzA$_$2,2026,processed_po,1.0,2,0.6666666865348816,2,0.8219921588897705,0.8219921588897705,1.0,1.1702861082385383,1.4929639401934915,0.6776447105788423,0.012365651,0.15838188,0.8292525,2
eJfT7-dDqzA$_$7,2026,processed_po,1.0,2,0.6666666865348816,2,0.7381111979484558,0.7381111979484558,1.0,1.1702861082385383,1.4929639401934915,0.6776447105788423,0.038229793,0.21061485,0.7511554,2
eKQKEi2-0Ws$_$0,2026,processed_po,1.0,1,0.0,0,-0.2952549159526825,-0.2952549159526825,1.0,1.1702861082385383,1.4929639401934915,0.6776447105788423,0.5101594,0.23917729,0.25066337,0
eQc5uI7FKCU$_$5,2026,processed_po,1.0,2,0.3333333432674408,2,0.1416826844215393,0.1416826844215393,1.0,1.1702861082385383,1.4929639401934915,0.6776447105788423,0.059026137,0.41386527,0.52710855,2
ey1lr8wFFDc$_$0,2026,processed_po,1.0,2,0.6666666865348816,2,0.48207688331604,0.48207688331604,1.0,1.1702861082385383,1.4929639401934915,0.6776447105788423,0.053224254,0.24778725,0.69898844,2
f-VdKweez2U$_$4,2026,processed_po,1.0,1,0.0,2,0.5603868961334229,0.5603868961334229,1.0,1.1702861082385383,1.4929639401934915,0.6776447105788423,0.06176691,0.26389223,0.67434084,2
f8Puta8k8fU$_$1,2026,processed_po,1.0,1,0.0,0,-0.1424615085124969,-0.1424615085124969,1.0,1.1702861082385383,1.4929639401934915,0.6776447105788423,0.6690106,0.25063476,0.08035461,0
fT6SrlsWV7M$_$12,2026,processed_po,1.0,0,-1.3333333730697632,1,0.0,0.2596345543861389,1.0,1.1702861082385383,1.4929639401934915,0.6776447105788423,0.072749265,0.4808759,0.4463748,2
fWAKek8jA5M$_$0,2026,processed_po,1.0,0,-1.6666666269302368,0,-1.219124436378479,-1.219124436378479,1.0,1.1702861082385383,1.4929639401934915,0.6776447105788423,0.85957825,0.12007394,0.020347796,0
fWAKek8jA5M$_$3,2026,processed_po,1.0,0,-1.3333333730697632,1,0.0,0.17609903216362,1.0,1.1702861082385383,1.4929639401934915,0.6776447105788423,0.21962824,0.50449187,0.2758799,2
fWAKek8jA5M$_$4,2026,processed_po,1.0,1,0.0,0,-1e-06,0.0286592356860637,1.0,1.1702861082385383,1.4929639401934915,0.6776447105788423,0.42416716,0.40113714,0.17469572,0
frCWtiam4tE$_$0,2026,processed_po,1.0,2,1.6666666269302368,2,0.5520199537277222,0.5520199537277222,1.0,1.1702861082385383,1.4929639401934915,0.6776447105788423,0.2651304,0.21172658,0.523143,2
fsBzpr4k3rY$_$0,2026,processed_po,1.0,2,2.0,0,-0.2014133781194687,-0.2014133781194687,1.0,1.1702861082385383,1.4929639401934915,0.6776447105788423,0.7295156,0.07886585,0.19161856,0
fz-MzQcOBwQ$_$1,2026,processed_po,1.0,2,1.3333333730697632,2,0.3933249115943908,0.3933249115943908,1.0,1.1702861082385383,1.4929639401934915,0.6776447105788423,0.031093895,0.2963421,0.67256397,2
gE7kUqMqQ9g$_$2,2026,processed_po,1.0,0,-0.6666666865348816,0,-0.130374863743782,-0.130374863743782,1.0,1.1702861082385383,1.4929639401934915,0.6776447105788423,0.6507231,0.27693895,0.07233798,0
gJjkCPO7iXg$_$1,2026,processed_po,1.0,2,1.0,2,0.6283659338951111,0.6283659338951111,1.0,1.1702861082385383,1.4929639401934915,0.6776447105788423,0.034127712,0.3058127,0.66005963,2
gJjkCPO7iXg$_$0,2026,processed_po,1.0,2,1.0,2,0.3982889950275421,0.3982889950275421,1.0,1.1702861082385383,1.4929639401934915,0.6776447105788423,0.05694985,0.44393104,0.49911916,2
gLTxaEcx41E$_$2,2026,processed_po,1.0,1,0.0,2,0.3542048931121826,0.3542048931121826,1.0,1.1702861082385383,1.4929639401934915,0.6776447105788423,0.0910954,0.43330896,0.47559562,2
gLTxaEcx41E$_$4,2026,processed_po,1.0,1,0.0,0,-0.2235931456089019,-0.2235931456089019,1.0,1.1702861082385383,1.4929639401934915,0.6776447105788423,0.53158516,0.21458969,0.2538252,0
gLTxaEcx41E$_$7,2026,processed_po,1.0,1,0.0,2,0.1816661208868026,0.1816661208868026,1.0,1.1702861082385383,1.4929639401934915,0.6776447105788423,0.1976732,0.30255502,0.49977168,2
gLTxaEcx41E$_$6,2026,processed_po,1.0,2,0.3333333432674408,2,0.5574402809143066,0.5574402809143066,1.0,1.1702861082385383,1.4929639401934915,0.6776447105788423,0.080704056,0.19039953,0.72889644,2
gcFECfN4BCU$_$23,2026,processed_po,1.0,2,2.0,2,1.0210185050964355,1.0210185050964355,1.0,1.1702861082385383,1.4929639401934915,0.6776447105788423,0.0072901603,0.041890908,0.95081896,2
gcFECfN4BCU$_$10,2026,processed_po,1.0,2,0.6666666865348816,2,0.8366583585739136,0.8366583585739136,1.0,1.1702861082385383,1.4929639401934915,0.6776447105788423,0.026017297,0.12207887,0.8519038,2
gcFECfN4BCU$_$15,2026,processed_po,1.0,2,1.3333333730697632,2,0.5967371463775635,0.5967371463775635,1.0,1.1702861082385383,1.4929639401934915,0.6776447105788423,0.051466685,0.20347327,0.74505997,2
gpn71-aKWwQ$_$2,2026,processed_po,1.0,2,1.6666666269302368,2,0.6630164980888367,0.6630164980888367,1.0,1.1702861082385383,1.4929639401934915,0.6776447105788423,0.17903456,0.124205664,0.6967597,2
h1ZZHUU4j0k$_$3,2026,processed_po,1.0,2,0.6666666865348816,2,0.5492663383483887,0.5492663383483887,1.0,1.1702861082385383,1.4929639401934915,0.6776447105788423,0.04429671,0.26741537,0.6882879,2
h1ZZHUU4j0k$_$4,2026,processed_po,1.0,2,0.6666666865348816,0,-0.2556961178779602,-0.2556961178779602,1.0,1.1702861082385383,1.4929639401934915,0.6776447105788423,0.61872494,0.17655563,0.20471935,0
h1ZZHUU4j0k$_$10,2026,processed_po,1.0,2,1.0,2,0.2634492814540863,0.2634492814540863,1.0,1.1702861082385383,1.4929639401934915,0.6776447105788423,0.014496052,0.22516009,0.7603438,2
h1ZZHUU4j0k$_$13,2026,processed_po,1.0,0,-1.0,0,-0.4940053820610046,-0.4940053820610046,1.0,1.1702861082385383,1.4929639401934915,0.6776447105788423,0.563433,0.3053107,0.13125633,0
iQDB_OkAQWs$_$4,2026,processed_po,1.0,1,0.0,0,-1e-06,0.098098874092102,1.0,1.1702861082385383,1.4929639401934915,0.6776447105788423,0.55594075,0.2427856,0.20127364,0
iXiMifHNKPI$_$8,2026,processed_po,1.0,2,0.3333333432674408,2,0.0424279607832431,0.0424279607832431,1.0,1.1702861082385383,1.4929639401934915,0.6776447105788423,0.024499714,0.48253372,0.49296662,2
j1m6ctAgjsM$_$1,2026,processed_po,1.0,2,1.3333333730697632,2,0.8258891105651855,0.8258891105651855,1.0,1.1702861082385383,1.4929639401934915,0.6776447105788423,0.035037924,0.0763249,0.8886372,2
j1m6ctAgjsM$_$2,2026,processed_po,1.0,2,1.0,2,0.5266416072845459,0.5266416072845459,1.0,1.1702861082385383,1.4929639401934915,0.6776447105788423,0.014809736,0.086531974,0.8986582,2
j1m6ctAgjsM$_$4,2026,processed_po,1.0,2,0.3333333432674408,2,0.2293194830417633,0.2293194830417633,1.0,1.1702861082385383,1.4929639401934915,0.6776447105788423,0.022824725,0.2662255,0.7109497,2
j1m6ctAgjsM$_$14,2026,processed_po,1.0,1,0.0,1,0.0,0.2429386377334594,1.0,1.1702861082385383,1.4929639401934915,0.6776447105788423,0.020675493,0.532952,0.44637248,2
j1m6ctAgjsM$_$18,2026,processed_po,1.0,2,1.0,2,0.1554535031318664,0.1554535031318664,1.0,1.1702861082385383,1.4929639401934915,0.6776447105788423,0.3691226,0.25330177,0.37757564,2
j1m6ctAgjsM$_$30,2026,processed_po,1.0,2,0.3333333432674408,1,0.0,0.1454376578330993,1.0,1.1702861082385383,1.4929639401934915,0.6776447105788423,0.29599628,0.43118227,0.27282146,2
j1m6ctAgjsM$_$35,2026,processed_po,1.0,2,1.0,2,0.3773946762084961,0.3773946762084961,1.0,1.1702861082385383,1.4929639401934915,0.6776447105788423,0.01970952,0.26964805,0.7106425,2
j1m6ctAgjsM$_$33,2026,processed_po,1.0,2,0.3333333432674408,2,0.2457529753446579,0.2457529753446579,1.0,1.1702861082385383,1.4929639401934915,0.6776447105788423,0.024505857,0.38425234,0.59124184,2
j1m6ctAgjsM$_$37,2026,processed_po,1.0,1,0.0,2,0.0265900194644927,0.0265900194644927,1.0,1.1702861082385383,1.4929639401934915,0.6776447105788423,0.06444689,0.451432,0.48412108,2
jXQmVFcOiUI$_$0,2026,processed_po,1.0,2,1.0,2,0.3567268252372741,0.3567268252372741,1.0,1.1702861082385383,1.4929639401934915,0.6776447105788423,0.022713888,0.109072246,0.86821383,2
jj8aSNPHMw8$_$14,2026,processed_po,1.0,1,0.0,1,0.0,-0.2537280917167663,1.0,1.1702861082385383,1.4929639401934915,0.6776447105788423,0.27753937,0.5130313,0.20942934,0
jj8aSNPHMw8$_$5,2026,processed_po,1.0,0,-1.3333333730697632,1,0.0,0.3190038502216339,1.0,1.1702861082385383,1.4929639401934915,0.6776447105788423,0.31162095,0.35659057,0.33178842,0
jqutn5ou8_0$_$6,2026,processed_po,1.0,2,0.6666666865348816,2,0.4482657015323639,0.4482657015323639,1.0,1.1702861082385383,1.4929639401934915,0.6776447105788423,0.010783115,0.24700637,0.74221045,2
jscKL5jS-SQ$_$17,2026,processed_po,1.0,2,1.0,2,0.8935906887054443,0.8935906887054443,1.0,1.1702861082385383,1.4929639401934915,0.6776447105788423,0.16721429,0.16839617,0.66438955,2
kaudsLIvYC8$_$0,2026,processed_po,1.0,2,1.6666666269302368,2,0.4861431121826172,0.4861431121826172,1.0,1.1702861082385383,1.4929639401934915,0.6776447105788423,0.060755998,0.12686427,0.81237966,2
kg-W6-hP2Do$_$3,2026,processed_po,1.0,1,0.0,2,0.5016413927078247,0.5016413927078247,1.0,1.1702861082385383,1.4929639401934915,0.6776447105788423,0.24068499,0.18321323,0.5761018,2
kpS4BXif_Sw$_$12,2026,processed_po,1.0,0,-2.0,0,-0.2960252463817596,-0.2960252463817596,1.0,1.1702861082385383,1.4929639401934915,0.6776447105788423,0.6093584,0.24572845,0.14491318,0
kpS4BXif_Sw$_$15,2026,processed_po,1.0,2,1.3333333730697632,2,0.2728970944881439,0.2728970944881439,1.0,1.1702861082385383,1.4929639401934915,0.6776447105788423,0.17751281,0.25974986,0.56273735,2
kpS4BXif_Sw$_$4,2026,processed_po,1.0,1,0.0,2,0.4211625456809997,0.4211625456809997,1.0,1.1702861082385383,1.4929639401934915,0.6776447105788423,0.039199635,0.22172776,0.7390726,2
kpS4BXif_Sw$_$8,2026,processed_po,1.0,0,-1.0,0,-0.4177592992782593,-0.4177592992782593,1.0,1.1702861082385383,1.4929639401934915,0.6776447105788423,0.6613654,0.26172605,0.07690852,0
ktblaVOnFVE$_$4,2026,processed_po,1.0,2,1.3333333730697632,2,0.3054747581481933,0.3054747581481933,1.0,1.1702861082385383,1.4929639401934915,0.6776447105788423,0.17953022,0.39229056,0.42817926,2
l0vCKpk6Aes$_$24,2026,processed_po,1.0,1,0.0,2,0.8958982229232788,0.8958982229232788,1.0,1.1702861082385383,1.4929639401934915,0.6776447105788423,0.07268693,0.15374468,0.7735684,2
l0vCKpk6Aes$_$12,2026,processed_po,1.0,2,1.0,2,0.2185522615909576,0.2185522615909576,1.0,1.1702861082385383,1.4929639401934915,0.6776447105788423,0.065726414,0.31017104,0.62410253,2
l0vCKpk6Aes$_$19,2026,processed_po,1.0,1,0.0,2,0.1740681231021881,0.1740681231021881,1.0,1.1702861082385383,1.4929639401934915,0.6776447105788423,0.2611616,0.23160233,0.50723606,2
l4oMbKDuW3Y$_$3,2026,processed_po,1.0,0,-0.6666666865348816,0,-0.7707772254943848,-0.7707772254943848,1.0,1.1702861082385383,1.4929639401934915,0.6776447105788423,0.814895,0.1125138,0.07259122,0
lD4xtQ6NpDY$_$2,2026,processed_po,1.0,1,0.0,1,0.0,-0.0801226943731308,1.0,1.1702861082385383,1.4929639401934915,0.6776447105788423,0.18341665,0.47604164,0.34054166,2
lYwgLa4R5XQ$_$1,2026,processed_po,1.0,1,0.0,1,0.0,-0.0180712435394525,1.0,1.1702861082385383,1.4929639401934915,0.6776447105788423,0.24994561,0.47307077,0.27698368,2
lkIe41StoGI$_$10,2026,processed_po,1.0,1,0.0,1,0.0,0.0444520451128482,1.0,1.1702861082385383,1.4929639401934915,0.6776447105788423,0.1286704,0.6339571,0.2373725,1
lkIe41StoGI$_$3,2026,processed_po,1.0,2,0.6666666865348816,2,0.3870583176612854,0.3870583176612854,1.0,1.1702861082385383,1.4929639401934915,0.6776447105788423,0.06372622,0.24594544,0.6903283,2
lkIe41StoGI$_$2,2026,processed_po,1.0,2,0.6666666865348816,1,0.0,0.1325401812791824,1.0,1.1702861082385383,1.4929639401934915,0.6776447105788423,0.36337054,0.40545034,0.23117915,0
lkIe41StoGI$_$8,2026,processed_po,1.0,1,0.0,1,0.0,0.1005704998970031,1.0,1.1702861082385383,1.4929639401934915,0.6776447105788423,0.07180734,0.6070117,0.32118097,1
lwL4hjhkid4$_$1,2026,processed_po,1.0,1,0.0,1,0.0,0.1426866799592971,1.0,1.1702861082385383,1.4929639401934915,0.6776447105788423,0.109387,0.63767976,0.25293323,1
lwL4hjhkid4$_$3,2026,processed_po,1.0,2,2.0,2,0.2039002329111099,0.2039002329111099,1.0,1.1702861082385383,1.4929639401934915,0.6776447105788423,0.04632418,0.33625543,0.61742043,2
lwL4hjhkid4$_$6,2026,processed_po,1.0,2,0.3333333432674408,2,0.4819883704185486,0.4819883704185486,1.0,1.1702861082385383,1.4929639401934915,0.6776447105788423,0.102335565,0.2779204,0.61974406,2
m-7yRWZLwLY$_$0,2026,processed_po,1.0,1,0.0,1,0.0,-0.1938541233539581,1.0,1.1702861082385383,1.4929639401934915,0.6776447105788423,0.32129037,0.3882061,0.29050353,2
mVnqP-vLpuo$_$0,2026,processed_po,1.0,2,0.6666666865348816,2,0.8221372961997986,0.8221372961997986,1.0,1.1702861082385383,1.4929639401934915,0.6776447105788423,0.013624151,0.12004079,0.86633503,2
mZ_8em_-CGc$_$7,2026,processed_po,1.0,2,0.6666666865348816,2,0.0046366974711418,0.0046366974711418,1.0,1.1702861082385383,1.4929639401934915,0.6776447105788423,0.068326294,0.43143913,0.5002346,2
mgsvwAVQAQo$_$4,2026,processed_po,1.0,2,0.3333333432674408,2,0.3566193282604217,0.3566193282604217,1.0,1.1702861082385383,1.4929639401934915,0.6776447105788423,0.16884704,0.30889797,0.522255,2
mmg_eTDHjkk$_$5,2026,processed_po,1.0,2,0.3333333432674408,2,0.0224404167383909,0.0224404167383909,1.0,1.1702861082385383,1.4929639401934915,0.6776447105788423,0.03521358,0.44641164,0.51837474,2
mmg_eTDHjkk$_$8,2026,processed_po,1.0,2,0.6666666865348816,2,0.2325405776500702,0.2325405776500702,1.0,1.1702861082385383,1.4929639401934915,0.6776447105788423,0.081955284,0.44601727,0.47202736,2
mmg_eTDHjkk$_$15,2026,processed_po,1.0,2,1.0,2,0.171107143163681,0.171107143163681,1.0,1.1702861082385383,1.4929639401934915,0.6776447105788423,0.23130439,0.33520764,0.43348795,2
mzAu5gxjE-w$_$2,2026,processed_po,1.0,2,1.6666666269302368,2,1.1905527114868164,1.1905527114868164,1.0,1.1702861082385383,1.4929639401934915,0.6776447105788423,0.024892122,0.05070967,0.92439824,2
nFTo-Lz4Fr8$_$1,2026,processed_po,1.0,2,0.6666666865348816,2,0.6692886352539062,0.6692886352539062,1.0,1.1702861082385383,1.4929639401934915,0.6776447105788423,0.010742113,0.1329445,0.8563134,2
nZFPKP9kBkw$_$4,2026,processed_po,1.0,1,0.0,2,0.6961030960083008,0.6961030960083008,1.0,1.1702861082385383,1.4929639401934915,0.6776447105788423,0.014459113,0.052671134,0.93286973,2
namehdJxRIM$_$1,2026,processed_po,1.0,2,0.3333333432674408,1,0.0,0.2064306437969207,1.0,1.1702861082385383,1.4929639401934915,0.6776447105788423,0.023034383,0.53713953,0.4398261,2
o2XbNJDpOlc$_$6,2026,processed_po,1.0,2,1.6666666269302368,2,0.4135698974132538,0.4135698974132538,1.0,1.1702861082385383,1.4929639401934915,0.6776447105788423,0.14297467,0.30656987,0.5504554,2
oBS-IW-BO00$_$3,2026,processed_po,1.0,1,0.0,2,0.2259709239006042,0.2259709239006042,1.0,1.1702861082385383,1.4929639401934915,0.6776447105788423,0.08449382,0.33986142,0.57564473,2
oHff2W51wZ8$_$1,2026,processed_po,1.0,2,1.3333333730697632,2,0.7926514148712158,0.7926514148712158,1.0,1.1702861082385383,1.4929639401934915,0.6776447105788423,0.010188967,0.08938846,0.90042263,2
oHff2W51wZ8$_$2,2026,processed_po,1.0,2,2.0,2,0.8716744184494019,0.8716744184494019,1.0,1.1702861082385383,1.4929639401934915,0.6776447105788423,0.026538117,0.074013315,0.8994486,2
oHff2W51wZ8$_$5,2026,processed_po,1.0,2,2.6666667461395264,2,0.7297676801681519,0.7297676801681519,1.0,1.1702861082385383,1.4929639401934915,0.6776447105788423,0.0074110227,0.15086006,0.8417289,2
oPlnhc0DkcU$_$1,2026,processed_po,1.0,0,-0.3333333432674408,2,0.0266987085342407,0.0266987085342407,1.0,1.1702861082385383,1.4929639401934915,0.6776447105788423,0.23512264,0.31984347,0.44503388,0
oZxMx8e0x2U$_$2,2026,processed_po,1.0,2,0.3333333432674408,0,-0.93239426612854,-0.93239426612854,1.0,1.1702861082385383,1.4929639401934915,0.6776447105788423,0.6007328,0.36123094,0.03803631,0
obGF3RfWQKE$_$24,2026,processed_po,1.0,1,0.0,0,-0.0200530476868152,-0.0200530476868152,1.0,1.1702861082385383,1.4929639401934915,0.6776447105788423,0.55761814,0.19789003,0.24449182,0
obGF3RfWQKE$_$3,2026,processed_po,1.0,2,1.3333333730697632,2,1.0910170078277588,1.0910170078277588,1.0,1.1702861082385383,1.4929639401934915,0.6776447105788423,0.03510193,0.10030741,0.86459064,2
ossKC1VrusE$_$3,2026,processed_po,1.0,2,0.6666666865348816,2,0.2675669491291046,0.2675669491291046,1.0,1.1702861082385383,1.4929639401934915,0.6776447105788423,0.018993326,0.40626344,0.5747433,2
ossKC1VrusE$_$2,2026,processed_po,1.0,2,1.6666666269302368,2,0.4977260828018188,0.4977260828018188,1.0,1.1702861082385383,1.4929639401934915,0.6776447105788423,0.02256522,0.2634489,0.71398586,2
ozA7pRW4gFM$_$7,2026,processed_po,1.0,1,0.0,1,0.0,0.2364634573459625,1.0,1.1702861082385383,1.4929639401934915,0.6776447105788423,0.29624388,0.4810962,0.22265989,0
p4WmcxrXkc4$_$0,2026,processed_po,1.0,2,0.3333333432674408,2,0.4322126805782318,0.4322126805782318,1.0,1.1702861082385383,1.4929639401934915,0.6776447105788423,0.026173044,0.20284133,0.77098566,2
p7zuPEZgtY4$_$0,2026,processed_po,1.0,2,0.3333333432674408,1,0.0,0.2382635772228241,1.0,1.1702861082385383,1.4929639401934915,0.6776447105788423,0.07950857,0.5757508,0.3447406,1
pIaEcqnzI-s$_$3,2026,processed_po,1.0,2,0.3333333432674408,1,0.0,0.2054736614227295,1.0,1.1702861082385383,1.4929639401934915,0.6776447105788423,0.06079243,0.501623,0.4375846,2
pIaEcqnzI-s$_$5,2026,processed_po,1.0,0,-0.3333333432674408,1,0.0,0.154338076710701,1.0,1.1702861082385383,1.4929639401934915,0.6776447105788423,0.08650475,0.6357818,0.2777134,1
pIaEcqnzI-s$_$7,2026,processed_po,1.0,0,-0.3333333432674408,1,0.0,0.1244196593761444,1.0,1.1702861082385383,1.4929639401934915,0.6776447105788423,0.11391427,0.73443323,0.15165251,1
pIaEcqnzI-s$_$6,2026,processed_po,1.0,1,0.0,1,0.0,0.2478490471839904,1.0,1.1702861082385383,1.4929639401934915,0.6776447105788423,0.06358593,0.6727033,0.26371077,2
pQpy7RSfWzM$_$19,2026,processed_po,1.0,2,0.3333333432674408,2,0.6833320260047913,0.6833320260047913,1.0,1.1702861082385383,1.4929639401934915,0.6776447105788423,0.038045704,0.17406394,0.7878904,2
pQpy7RSfWzM$_$8,2026,processed_po,1.0,1,0.0,2,0.0356977246701717,0.0356977246701717,1.0,1.1702861082385383,1.4929639401934915,0.6776447105788423,0.27254614,0.29849613,0.42895782,2
pSxte-ms0t8$_$33,2026,processed_po,1.0,0,-0.3333333432674408,0,-1e-06,0.1701509654521942,1.0,1.1702861082385383,1.4929639401934915,0.6776447105788423,0.4766806,0.2274741,0.2958452,0
pSxte-ms0t8$_$2,2026,processed_po,1.0,2,0.6666666865348816,0,-1e-06,0.2738518714904785,1.0,1.1702861082385383,1.4929639401934915,0.6776447105788423,0.3689223,0.3302802,0.30079746,2
pSxte-ms0t8$_$7,2026,processed_po,1.0,0,-2.0,0,-0.6355465650558472,-0.6355465650558472,1.0,1.1702861082385383,1.4929639401934915,0.6776447105788423,0.86824167,0.078649655,0.053108696,0
pSxte-ms0t8$_$6,2026,processed_po,1.0,2,1.0,2,0.6097205281257629,0.6097205281257629,1.0,1.1702861082385383,1.4929639401934915,0.6776447105788423,0.051665742,0.3808186,0.5675157,2
pZye4zFzk3o$_$2,2026,processed_po,1.0,0,-0.6666666865348816,2,0.5915895104408264,0.5915895104408264,1.0,1.1702861082385383,1.4929639401934915,0.6776447105788423,0.06969878,0.20340364,0.72689766,2
pZye4zFzk3o$_$5,2026,processed_po,1.0,0,-0.6666666865348816,0,-0.3085551857948303,-0.3085551857948303,1.0,1.1702861082385383,1.4929639401934915,0.6776447105788423,0.7578814,0.18534163,0.05677696,0
pnpFPX34Agk$_$2,2026,processed_po,1.0,2,0.3333333432674408,1,0.0,0.1070422530174255,1.0,1.1702861082385383,1.4929639401934915,0.6776447105788423,0.12603785,0.603114,0.27084816,2
q5M1God4M6Y$_$9,2026,processed_po,1.0,2,0.6666666865348816,1,0.0,0.1210890412330627,1.0,1.1702861082385383,1.4929639401934915,0.6776447105788423,0.035511453,0.67937165,0.2851169,1
qDfSYz0PX9g$_$0,2026,processed_po,1.0,0,-2.0,0,-0.1843615025281906,-0.1843615025281906,1.0,1.1702861082385383,1.4929639401934915,0.6776447105788423,0.6354057,0.07795236,0.28664193,0
qDfSYz0PX9g$_$8,2026,processed_po,1.0,0,-0.6666666865348816,0,-0.1464393436908722,-0.1464393436908722,1.0,1.1702861082385383,1.4929639401934915,0.6776447105788423,0.551614,0.3120134,0.13637263,0
qEuJj4uW93E$_$1,2026,processed_po,1.0,1,0.0,1,0.0,0.6307063102722168,1.0,1.1702861082385383,1.4929639401934915,0.6776447105788423,0.047080893,0.49921346,0.45370564,2
qgC8_emxSIU$_$6,2026,processed_po,1.0,1,0.0,2,0.0832397863268852,0.0832397863268852,1.0,1.1702861082385383,1.4929639401934915,0.6776447105788423,0.07961106,0.43935823,0.4810307,2
r46amqjpWgg$_$26,2026,processed_po,1.0,2,0.6666666865348816,2,0.4842752516269684,0.4842752516269684,1.0,1.1702861082385383,1.4929639401934915,0.6776447105788423,0.1285259,0.16789788,0.70357627,2
r46amqjpWgg$_$22,2026,processed_po,1.0,2,0.6666666865348816,2,0.4583148658275604,0.4583148658275604,1.0,1.1702861082385383,1.4929639401934915,0.6776447105788423,0.07698384,0.20761101,0.71540517,2
r46amqjpWgg$_$6,2026,processed_po,1.0,2,1.3333333730697632,2,0.4565061628818512,0.4565061628818512,1.0,1.1702861082385383,1.4929639401934915,0.6776447105788423,0.020081393,0.24947049,0.73044807,2
r46amqjpWgg$_$15,2026,processed_po,1.0,1,0.0,1,0.0,0.2254533171653747,1.0,1.1702861082385383,1.4929639401934915,0.6776447105788423,0.21660893,0.496965,0.2864261,1
r46amqjpWgg$_$32,2026,processed_po,1.0,2,1.0,2,0.5799255967140198,0.5799255967140198,1.0,1.1702861082385383,1.4929639401934915,0.6776447105788423,0.054009017,0.09173764,0.8542534,2
rcfnqiD0y8o$_$0,2026,processed_po,1.0,2,1.6666666269302368,2,1.5377122163772583,1.5377122163772583,1.0,1.1702861082385383,1.4929639401934915,0.6776447105788423,0.008289379,0.02475892,0.9669517,2
rhQB8e999-Q$_$10,2026,processed_po,1.0,2,1.0,2,0.5368973612785339,0.5368973612785339,1.0,1.1702861082385383,1.4929639401934915,0.6776447105788423,0.047852706,0.1173138,0.8348335,2
rhQB8e999-Q$_$0,2026,processed_po,1.0,2,0.6666666865348816,2,0.5450905561447144,0.5450905561447144,1.0,1.1702861082385383,1.4929639401934915,0.6776447105788423,0.012717476,0.12542811,0.8618544,2
rhQB8e999-Q$_$5,2026,processed_po,1.0,1,0.0,2,0.471710205078125,0.471710205078125,1.0,1.1702861082385383,1.4929639401934915,0.6776447105788423,0.010838435,0.12133474,0.86782676,2
rhQB8e999-Q$_$7,2026,processed_po,1.0,2,0.6666666865348816,2,0.6018397808074951,0.6018397808074951,1.0,1.1702861082385383,1.4929639401934915,0.6776447105788423,0.009176699,0.06937447,0.92144877,2
rhQB8e999-Q$_$8,2026,processed_po,1.0,1,0.0,2,0.2986479997634887,0.2986479997634887,1.0,1.1702861082385383,1.4929639401934915,0.6776447105788423,0.012809453,0.22654906,0.76064146,2
svsbGQn389o$_$8,2026,processed_po,1.0,0,-1.3333333730697632,0,-0.0156048499047756,-0.0156048499047756,1.0,1.1702861082385383,1.4929639401934915,0.6776447105788423,0.6830857,0.20615433,0.11075995,0
tC2KicUHB9Q$_$7,2026,processed_po,1.0,0,-0.3333333432674408,1,0.0,0.4134813547134399,1.0,1.1702861082385383,1.4929639401934915,0.6776447105788423,0.05260629,0.58099914,0.36639458,1
tNd3--lvSXE$_$6,2026,processed_po,1.0,2,0.6666666865348816,1,0.0,0.4223033785820007,1.0,1.1702861082385383,1.4929639401934915,0.6776447105788423,0.30082142,0.41155607,0.2876225,1
teQqaAmqqx0$_$0,2026,processed_po,1.0,1,0.0,2,0.400314450263977,0.400314450263977,1.0,1.1702861082385383,1.4929639401934915,0.6776447105788423,0.11571004,0.23058212,0.6537078,2
teQqaAmqqx0$_$3,2026,processed_po,1.0,1,0.0,2,0.3202058672904968,0.3202058672904968,1.0,1.1702861082385383,1.4929639401934915,0.6776447105788423,0.10477238,0.1929545,0.7022731,2
tnWmVXZ87h0$_$0,2026,processed_po,1.0,2,2.0,2,0.939518928527832,0.939518928527832,1.0,1.1702861082385383,1.4929639401934915,0.6776447105788423,0.08359997,0.12324943,0.79315066,2
tnWmVXZ87h0$_$3,2026,processed_po,1.0,2,1.6666666269302368,2,0.6857385635375977,0.6857385635375977,1.0,1.1702861082385383,1.4929639401934915,0.6776447105788423,0.1412477,0.10937841,0.74937385,2
ttfaZ8IIWCo$_$2,2026,processed_po,1.0,2,2.3333332538604736,2,0.4876818358898163,0.4876818358898163,1.0,1.1702861082385383,1.4929639401934915,0.6776447105788423,0.016702205,0.20877932,0.77451855,2
ttfaZ8IIWCo$_$5,2026,processed_po,1.0,2,2.3333332538604736,2,0.5616844296455383,0.5616844296455383,1.0,1.1702861082385383,1.4929639401934915,0.6776447105788423,0.015123107,0.09176221,0.89311475,2
ttfaZ8IIWCo$_$4,2026,processed_po,1.0,2,2.3333332538604736,2,0.5176844596862793,0.5176844596862793,1.0,1.1702861082385383,1.4929639401934915,0.6776447105788423,0.013678805,0.21098849,0.7753327,2
tymso_pAxhk$_$12,2026,processed_po,1.0,0,-1.0,2,0.5217773914337158,0.5217773914337158,1.0,1.1702861082385383,1.4929639401934915,0.6776447105788423,0.20701985,0.33150923,0.4614709,2
u9ZV8jb_-U0$_$0,2026,processed_po,1.0,0,-1.6666666269302368,0,-0.2664364874362945,-0.2664364874362945,1.0,1.1702861082385383,1.4929639401934915,0.6776447105788423,0.6251683,0.17704076,0.19779095,0
um8WVjZMLUc$_$1,2026,processed_po,1.0,1,0.0,0,-0.5610718727111816,-0.5610718727111816,1.0,1.1702861082385383,1.4929639401934915,0.6776447105788423,0.87617654,0.10691787,0.016905632,0
unOeTDc2rlY$_$27,2026,processed_po,1.0,2,1.0,2,0.3926839828491211,0.3926839828491211,1.0,1.1702861082385383,1.4929639401934915,0.6776447105788423,0.29525587,0.17575294,0.5289912,2
unOeTDc2rlY$_$31,2026,processed_po,1.0,2,1.0,1,0.0,0.1793922781944275,1.0,1.1702861082385383,1.4929639401934915,0.6776447105788423,0.18541881,0.49288455,0.32169664,2
unOeTDc2rlY$_$29,2026,processed_po,1.0,0,-0.3333333432674408,2,0.4540784060955047,0.4540784060955047,1.0,1.1702861082385383,1.4929639401934915,0.6776447105788423,0.3294293,0.21828078,0.45229,0
uogwnZGb-iE$_$26,2026,processed_po,1.0,2,2.0,2,0.7574299573898315,0.7574299573898315,1.0,1.1702861082385383,1.4929639401934915,0.6776447105788423,0.11023324,0.1834541,0.70631266,2
uogwnZGb-iE$_$21,2026,processed_po,1.0,2,0.3333333432674408,2,0.3481991291046142,0.3481991291046142,1.0,1.1702861082385383,1.4929639401934915,0.6776447105788423,0.34647214,0.16326205,0.49026588,2
uogwnZGb-iE$_$22,2026,processed_po,1.0,2,2.0,2,1.5022187232971191,1.5022187232971191,1.0,1.1702861082385383,1.4929639401934915,0.6776447105788423,0.008734225,0.046207555,0.9450581,2
uogwnZGb-iE$_$28,2026,processed_po,1.0,2,2.3333332538604736,2,1.6857757568359375,1.6857757568359375,1.0,1.1702861082385383,1.4929639401934915,0.6776447105788423,0.012546832,0.040778942,0.9466742,2
uogwnZGb-iE$_$13,2026,processed_po,1.0,2,2.3333332538604736,2,1.2235946655273438,1.2235946655273438,1.0,1.1702861082385383,1.4929639401934915,0.6776447105788423,0.025580592,0.06753373,0.9068857,2
uogwnZGb-iE$_$6,2026,processed_po,1.0,2,1.0,2,1.2604246139526367,1.2604246139526367,1.0,1.1702861082385383,1.4929639401934915,0.6776447105788423,0.027203543,0.12078889,0.8520075,2
vB_kZocHtYo$_$8,2026,processed_po,1.0,1,0.0,1,0.0,0.0484913773834705,1.0,1.1702861082385383,1.4929639401934915,0.6776447105788423,0.09684328,0.5710073,0.3321494,2
vGkIaClHKDg$_$6,2026,processed_po,1.0,2,1.3333333730697632,2,1.1322985887527466,1.1322985887527466,1.0,1.1702861082385383,1.4929639401934915,0.6776447105788423,0.009645851,0.046090376,0.94426376,2
vR90Pdx9wxs$_$3,2026,processed_po,1.0,2,0.3333333432674408,2,0.253888726234436,0.253888726234436,1.0,1.1702861082385383,1.4929639401934915,0.6776447105788423,0.09403679,0.4228364,0.4831269,2
v_8QeoNc4QY$_$5,2026,processed_po,1.0,2,0.3333333432674408,1,0.0,-0.0052270726300776,1.0,1.1702861082385383,1.4929639401934915,0.6776447105788423,0.14471313,0.7485052,0.106781736,1
veA6ECsGFxI$_$0,2026,processed_po,1.0,2,0.6666666865348816,2,0.4980716705322265,0.4980716705322265,1.0,1.1702861082385383,1.4929639401934915,0.6776447105788423,0.03993759,0.2669992,0.6930632,2
wC_1M7KIv9s$_$24,2026,processed_po,1.0,1,0.0,1,0.0,0.230085477232933,1.0,1.1702861082385383,1.4929639401934915,0.6776447105788423,0.089485586,0.46934623,0.44116813,2
wC_1M7KIv9s$_$12,2026,processed_po,1.0,2,0.3333333432674408,2,0.4914750456809997,0.4914750456809997,1.0,1.1702861082385383,1.4929639401934915,0.6776447105788423,0.073597595,0.28968847,0.6367139,2
wC_1M7KIv9s$_$23,2026,processed_po,1.0,1,0.0,1,0.0,-0.1251451522111892,1.0,1.1702861082385383,1.4929639401934915,0.6776447105788423,0.32103172,0.51737577,0.16159251,0
wC_1M7KIv9s$_$1,2026,processed_po,1.0,2,0.6666666865348816,1,0.0,0.3609944880008697,1.0,1.1702861082385383,1.4929639401934915,0.6776447105788423,0.0767778,0.6016008,0.3216214,1
wC_1M7KIv9s$_$5,2026,processed_po,1.0,1,0.0,1,0.0,0.0198054127395153,1.0,1.1702861082385383,1.4929639401934915,0.6776447105788423,0.18386884,0.716977,0.099154174,1
wC_1M7KIv9s$_$25,2026,processed_po,1.0,2,2.0,2,0.418753981590271,0.418753981590271,1.0,1.1702861082385383,1.4929639401934915,0.6776447105788423,0.11141351,0.3385793,0.5500072,2
wC_1M7KIv9s$_$21,2026,processed_po,1.0,0,-0.3333333432674408,0,-1e-06,0.0332689024507999,1.0,1.1702861082385383,1.4929639401934915,0.6776447105788423,0.48299646,0.32378566,0.19321793,0
wHeZHLv9wGI$_$12,2026,processed_po,1.0,0,-0.6666666865348816,2,0.2463058531284332,0.2463058531284332,1.0,1.1702861082385383,1.4929639401934915,0.6776447105788423,0.33922258,0.1012455,0.5595319,2
wnL3ld9bM2o$_$25,2026,processed_po,1.0,2,2.0,0,-0.963437795639038,-0.963437795639038,1.0,1.1702861082385383,1.4929639401934915,0.6776447105788423,0.8578043,0.087332696,0.05486294,0
wnL3ld9bM2o$_$21,2026,processed_po,1.0,2,0.3333333432674408,1,0.0,-0.0291648283600807,1.0,1.1702861082385383,1.4929639401934915,0.6776447105788423,0.34775838,0.45100218,0.2012394,0
wnL3ld9bM2o$_$4,2026,processed_po,1.0,2,0.3333333432674408,2,0.969199538230896,0.969199538230896,1.0,1.1702861082385383,1.4929639401934915,0.6776447105788423,0.10902315,0.086206235,0.8047705,2
wnL3ld9bM2o$_$9,2026,processed_po,1.0,2,1.0,2,0.5584572553634644,0.5584572553634644,1.0,1.1702861082385383,1.4929639401934915,0.6776447105788423,0.059915457,0.1861723,0.75391227,2
wnL3ld9bM2o$_$15,2026,processed_po,1.0,1,0.0,0,-0.0400274842977523,-0.0400274842977523,1.0,1.1702861082385383,1.4929639401934915,0.6776447105788423,0.4163662,0.26462147,0.3190123,0
wnL3ld9bM2o$_$14,2026,processed_po,1.0,1,0.0,1,0.0,0.1286701112985611,1.0,1.1702861082385383,1.4929639401934915,0.6776447105788423,0.029705942,0.80165535,0.1686387,1
wznRBN1fWj4$_$0,2026,processed_po,1.0,1,0.0,1,0.0,0.0036074463278055,1.0,1.1702861082385383,1.4929639401934915,0.6776447105788423,0.16244888,0.556813,0.28073815,1
wznRBN1fWj4$_$6,2026,processed_po,1.0,1,0.0,2,0.1071795672178268,0.1071795672178268,1.0,1.1702861082385383,1.4929639401934915,0.6776447105788423,0.044816196,0.34856153,0.6066223,2
x0rLwBIocuI$_$7,2026,processed_po,1.0,0,-0.6666666865348816,0,-0.6175767183303833,-0.6175767183303833,1.0,1.1702861082385383,1.4929639401934915,0.6776447105788423,0.8409662,0.118203096,0.040830657,0
xBE9YWYGjtk$_$7,2026,processed_po,1.0,2,2.0,2,0.907300353050232,0.907300353050232,1.0,1.1702861082385383,1.4929639401934915,0.6776447105788423,0.05461113,0.11950565,0.8258832,2
xSCvspXYU9k$_$19,2026,processed_po,1.0,0,-1.0,0,-1e-06,0.368983507156372,1.0,1.1702861082385383,1.4929639401934915,0.6776447105788423,0.3857457,0.32089692,0.29335737,0
xSCvspXYU9k$_$7,2026,processed_po,1.0,1,0.0,2,1.0225327014923096,1.0225327014923096,1.0,1.1702861082385383,1.4929639401934915,0.6776447105788423,0.030415505,0.18754582,0.7820386,2
xXXcgb9eZ9Y$_$7,2026,processed_po,1.0,0,-0.3333333432674408,0,-1e-06,0.0781639367341995,1.0,1.1702861082385383,1.4929639401934915,0.6776447105788423,0.44933394,0.41701278,0.13365325,0
xmLJHru6Z1M$_$12,2026,processed_po,1.0,2,1.0,1,0.0,0.1248979866504669,1.0,1.1702861082385383,1.4929639401934915,0.6776447105788423,0.29434678,0.39463964,0.31101358,2
xmLJHru6Z1M$_$14,2026,processed_po,1.0,2,1.0,0,-0.0280550085008144,-0.0280550085008144,1.0,1.1702861082385383,1.4929639401934915,0.6776447105788423,0.5181248,0.27295864,0.20891652,2
xmLJHru6Z1M$_$8,2026,processed_po,1.0,2,0.3333333432674408,2,0.3391564190387726,0.3391564190387726,1.0,1.1702861082385383,1.4929639401934915,0.6776447105788423,0.09680083,0.3833882,0.519811,2
xobMRm5Vs44$_$1,2026,processed_po,1.0,1,0.0,2,0.903437614440918,0.903437614440918,1.0,1.1702861082385383,1.4929639401934915,0.6776447105788423,0.011283367,0.10154746,0.8871691,2
yCpHmPSshKY$_$1,2026,processed_po,1.0,2,1.6666666269302368,2,0.3369463682174682,0.3369463682174682,1.0,1.1702861082385383,1.4929639401934915,0.6776447105788423,0.29772687,0.29528883,0.4069843,0
yCpHmPSshKY$_$0,2026,processed_po,1.0,2,0.6666666865348816,1,0.0,0.3447939455509186,1.0,1.1702861082385383,1.4929639401934915,0.6776447105788423,0.15420927,0.4400235,0.40576726,2
yLo-Jl8nBXU$_$11,2026,processed_po,1.0,2,0.6666666865348816,2,0.8053393363952637,0.8053393363952637,1.0,1.1702861082385383,1.4929639401934915,0.6776447105788423,0.036180623,0.10478573,0.85903364,2
yLo-Jl8nBXU$_$0,2026,processed_po,1.0,1,0.0,1,0.0,0.1340354681015014,1.0,1.1702861082385383,1.4929639401934915,0.6776447105788423,0.35444295,0.4041786,0.24137846,0
yLo-Jl8nBXU$_$6,2026,processed_po,1.0,2,1.3333333730697632,2,0.9633888602256776,0.9633888602256776,1.0,1.1702861082385383,1.4929639401934915,0.6776447105788423,0.04529389,0.09262172,0.8620844,2
ySblgk7T7eQ$_$12,2026,processed_po,1.0,0,-0.3333333432674408,2,0.0940077826380729,0.0940077826380729,1.0,1.1702861082385383,1.4929639401934915,0.6776447105788423,0.25361523,0.2933727,0.4530121,2
ySblgk7T7eQ$_$0,2026,processed_po,1.0,2,1.0,2,1.1288926601409912,1.1288926601409912,1.0,1.1702861082385383,1.4929639401934915,0.6776447105788423,0.014943086,0.09884167,0.88621527,2
ySblgk7T7eQ$_$4,2026,processed_po,1.0,2,0.6666666865348816,1,0.0,0.3644014000892639,1.0,1.1702861082385383,1.4929639401934915,0.6776447105788423,0.15879476,0.48933968,0.35186556,2
ySblgk7T7eQ$_$9,2026,processed_po,1.0,2,1.0,0,-0.3647898733615875,-0.3647898733615875,1.0,1.1702861082385383,1.4929639401934915,0.6776447105788423,0.643999,0.23918591,0.116815135,0
yUqNp-poh9M$_$2,2026,processed_po,1.0,0,-0.3333333432674408,0,-0.2484494745731353,-0.2484494745731353,1.0,1.1702861082385383,1.4929639401934915,0.6776447105788423,0.786501,0.11272461,0.10077441,0
yUqNp-poh9M$_$9,2026,processed_po,1.0,1,0.0,0,-0.6793891787528992,-0.6793891787528992,1.0,1.1702861082385383,1.4929639401934915,0.6776447105788423,0.83093494,0.10471895,0.06434616,0
ydzNAuqUAnc$_$6,2026,processed_po,1.0,0,-1.0,2,0.2648533582687378,0.2648533582687378,1.0,1.1702861082385383,1.4929639401934915,0.6776447105788423,0.28553736,0.26876864,0.44569403,0
yoDMh8FlHR8$_$0,2026,processed_po,1.0,2,1.6666666269302368,2,0.5709158182144165,0.5709158182144165,1.0,1.1702861082385383,1.4929639401934915,0.6776447105788423,0.0701387,0.4110388,0.51882255,2
yzCHa2qchpg$_$1,2026,processed_po,1.0,0,-2.0,0,-0.0302795134484767,-0.0302795134484767,1.0,1.1702861082385383,1.4929639401934915,0.6776447105788423,0.56673104,0.09628472,0.3369842,2
yzCHa2qchpg$_$2,2026,processed_po,1.0,2,1.3333333730697632,2,0.6826848387718201,0.6826848387718201,1.0,1.1702861082385383,1.4929639401934915,0.6776447105788423,0.06697823,0.091456674,0.8415651,2
z441aDJvAcU$_$20,2026,processed_po,1.0,2,1.0,2,0.8658819198608398,0.8658819198608398,1.0,1.1702861082385383,1.4929639401934915,0.6776447105788423,0.010281787,0.121864736,0.8678535,2
z441aDJvAcU$_$21,2026,processed_po,1.0,2,0.3333333432674408,2,0.5992773175239563,0.5992773175239563,1.0,1.1702861082385383,1.4929639401934915,0.6776447105788423,0.020629382,0.14667149,0.8326992,2
z441aDJvAcU$_$22,2026,processed_po,1.0,1,0.0,1,0.0,-0.0092204771935939,1.0,1.1702861082385383,1.4929639401934915,0.6776447105788423,0.3521585,0.38675645,0.2610851,0
zfZUOvZZTuk$_$1,2026,processed_po,1.0,1,0.0,1,0.0,0.0712271779775619,1.0,1.1702861082385383,1.4929639401934915,0.6776447105788423,0.14272533,0.6281131,0.22916155,1
zfZUOvZZTuk$_$8,2026,processed_po,1.0,1,0.0,2,0.2732983827590942,0.2732983827590942,1.0,1.1702861082385383,1.4929639401934915,0.6776447105788423,0.1410227,0.42211893,0.4368584,2
zhNksSReaQk$_$27,2026,processed_po,1.0,1,0.0,2,0.2542923092842102,0.2542923092842102,1.0,1.1702861082385383,1.4929639401934915,0.6776447105788423,0.24269122,0.3287659,0.42854285,2
zhNksSReaQk$_$44,2026,processed_po,1.0,0,-1.0,2,0.398155927658081,0.398155927658081,1.0,1.1702861082385383,1.4929639401934915,0.6776447105788423,0.057388123,0.14245632,0.8001555,2
zhNksSReaQk$_$28,2026,processed_po,1.0,0,-1.0,0,-1e-06,0.7446240186691284,1.0,1.1702861082385383,1.4929639401934915,0.6776447105788423,0.46806863,0.12512401,0.40680736,0
zhNksSReaQk$_$1,2026,processed_po,1.0,1,0.0,2,0.3829472661018371,0.3829472661018371,1.0,1.1702861082385383,1.4929639401934915,0.6776447105788423,0.18278873,0.22311173,0.5940995,2
zhNksSReaQk$_$4,2026,processed_po,1.0,0,-0.3333333432674408,0,-0.4931043684482574,-0.4931043684482574,1.0,1.1702861082385383,1.4929639401934915,0.6776447105788423,0.77328706,0.13667348,0.09003943,0
zhNksSReaQk$_$15,2026,processed_po,1.0,1,0.0,2,0.3963016271591186,0.3963016271591186,1.0,1.1702861082385383,1.4929639401934915,0.6776447105788423,0.08762692,0.29245695,0.6199161,2
zhNksSReaQk$_$36,2026,processed_po,1.0,1,0.0,2,0.0398285165429115,0.0398285165429115,1.0,1.1702861082385383,1.4929639401934915,0.6776447105788423,0.4320193,0.12786561,0.44011515,0
