id,seed,dataset,neutral_weight,true_class,true_intensity,class,intensity,raw_intensity,balance_beta,boundary_weight,boundary_margin,boundary_warmup_epochs,boundary_max_intensity,weight_negative,weight_neutral,weight_positive,p_negative,p_neutral,p_positive,baseline_class
-AUZQgSxyPQ$_$2,2026,processed_po,1.0,2,0.6666666865348816,2,1.3923406600952148,1.3923406600952148,0.0,0.03,0.5,3,0.5,1.0,1.0,1.0,0.009246968,0.08345961,0.9072934,2
-HeZS2-Prhc$_$2,2026,processed_po,1.0,2,0.6666666865348816,2,0.5858096480369568,0.5858096480369568,0.0,0.03,0.5,3,0.5,1.0,1.0,1.0,0.41056335,0.074158885,0.5152778,2
-MeTTeMJBNc$_$0,2026,processed_po,1.0,2,0.3333333432674408,2,1e-06,-0.0640033408999443,0.0,0.03,0.5,3,0.5,1.0,1.0,1.0,0.09449145,0.4259139,0.47959465,2
-RfYyzHpjk4$_$2,2026,processed_po,1.0,2,0.3333333432674408,2,0.1891258209943771,0.1891258209943771,0.0,0.03,0.5,3,0.5,1.0,1.0,1.0,0.3515257,0.13274813,0.51572615,2
-s9qJ7ATP7w$_$2,2026,processed_po,1.0,2,1.3333333730697632,2,1.1101229190826416,1.1101229190826416,0.0,0.03,0.5,3,0.5,1.0,1.0,1.0,0.054631263,0.030696185,0.9146725,2
-s9qJ7ATP7w$_$5,2026,processed_po,1.0,0,-2.0,0,-1.6537950038909912,-1.6537950038909912,0.0,0.03,0.5,3,0.5,1.0,1.0,1.0,0.9607509,0.01548122,0.02376795,0
-s9qJ7ATP7w$_$6,2026,processed_po,1.0,1,0.0,0,-1.07417893409729,-1.07417893409729,0.0,0.03,0.5,3,0.5,1.0,1.0,1.0,0.8364416,0.095351644,0.06820679,0
-yRb-Jum7EQ$_$1,2026,processed_po,1.0,1,0.0,0,-0.5973944664001465,-0.5973944664001465,0.0,0.03,0.5,3,0.5,1.0,1.0,1.0,0.72052914,0.12761682,0.15185402,0
0K7dCp80n9c$_$6,2026,processed_po,1.0,1,0.0,0,-0.6776918768882751,-0.6776918768882751,0.0,0.03,0.5,3,0.5,1.0,1.0,1.0,0.57500005,0.2754508,0.14954925,0
0YiAKqU36KE$_$1,2026,processed_po,1.0,2,1.3333333730697632,0,-0.8671882152557373,-0.8671882152557373,0.0,0.03,0.5,3,0.5,1.0,1.0,1.0,0.72497314,0.1111194,0.1639074,0
0YiAKqU36KE$_$0,2026,processed_po,1.0,0,-1.0,0,-1.4966601133346558,-1.4966601133346558,0.0,0.03,0.5,3,0.5,1.0,1.0,1.0,0.931754,0.046388183,0.021857891,0
0bxhZ-LIfZY$_$4,2026,processed_po,1.0,0,-0.3333333432674408,0,-0.6984685063362122,-0.6984685063362122,0.0,0.03,0.5,3,0.5,1.0,1.0,1.0,0.68431205,0.057543207,0.25814468,0
100178$_$15,2026,processed_po,1.0,1,0.0,0,-0.687129020690918,-0.687129020690918,0.0,0.03,0.5,3,0.5,1.0,1.0,1.0,0.59316945,0.355865,0.05096551,0
10219$_$10,2026,processed_po,1.0,2,2.0,2,1e-06,-0.1089430451393127,0.0,0.03,0.5,3,0.5,1.0,1.0,1.0,0.27183944,0.1251603,0.60300016,2
10219$_$1,2026,processed_po,1.0,1,0.0,1,0.0,0.002599048661068,0.0,0.03,0.5,3,0.5,1.0,1.0,1.0,0.21023893,0.47536564,0.31439543,1
10219$_$5,2026,processed_po,1.0,2,1.6666666269302368,2,1.3518534898757937,1.3518534898757937,0.0,0.03,0.5,3,0.5,1.0,1.0,1.0,0.03054763,0.06353689,0.9059155,2
102213$_$2,2026,processed_po,1.0,2,1.3333333730697632,2,1.1753648519515991,1.1753648519515991,0.0,0.03,0.5,3,0.5,1.0,1.0,1.0,0.11722411,0.088043235,0.79473263,2
102213$_$5,2026,processed_po,1.0,0,-1.0,0,-1.939403057098389,-1.939403057098389,0.0,0.03,0.5,3,0.5,1.0,1.0,1.0,0.8816377,0.036222182,0.082140096,0
102213$_$7,2026,processed_po,1.0,0,-1.0,0,-0.1508793383836746,-0.1508793383836746,0.0,0.03,0.5,3,0.5,1.0,1.0,1.0,0.59206367,0.09751094,0.3104254,0
102389$_$5,2026,processed_po,1.0,0,-1.6666666269302368,0,-0.6099638938903809,-0.6099638938903809,0.0,0.03,0.5,3,0.5,1.0,1.0,1.0,0.806261,0.092206165,0.10153277,0
104741$_$0,2026,processed_po,1.0,1,0.0,1,0.0,-0.0069745243526995,0.0,0.03,0.5,3,0.5,1.0,1.0,1.0,0.05425576,0.56566983,0.38007438,1
104741$_$5,2026,processed_po,1.0,1,0.0,0,-1e-06,0.0653937757015228,0.0,0.03,0.5,3,0.5,1.0,1.0,1.0,0.4423377,0.29152188,0.26614043,0
107585$_$12,2026,processed_po,1.0,0,-2.0,0,-2.510711431503296,-2.510711431503296,0.0,0.03,0.5,3,0.5,1.0,1.0,1.0,0.98437816,0.007282533,0.008339296,0
107585$_$18,2026,processed_po,1.0,0,-2.0,0,-2.160475254058838,-2.160475254058838,0.0,0.03,0.5,3,0.5,1.0,1.0,1.0,0.96999556,0.013595905,0.016408484,0
107585$_$1,2026,processed_po,1.0,0,-0.6666666865348816,2,0.8567442297935486,0.8567442297935486,0.0,0.03,0.5,3,0.5,1.0,1.0,1.0,0.17102884,0.042680554,0.7862906,2
108146$_$3,2026,processed_po,1.0,0,-1.6666666269302368,0,-0.992056131362915,-0.992056131362915,0.0,0.03,0.5,3,0.5,1.0,1.0,1.0,0.77604795,0.043925434,0.18002665,0
110565$_$1,2026,processed_po,1.0,0,-1.0,2,1.4285290241241455,1.4285290241241455,0.0,0.03,0.5,3,0.5,1.0,1.0,1.0,0.08480612,0.032487325,0.8827066,2
110565$_$5,2026,processed_po,1.0,2,1.0,2,1.5234899520874023,1.5234899520874023,0.0,0.03,0.5,3,0.5,1.0,1.0,1.0,0.069920994,0.035501886,0.894577,2
111881$_$11,2026,processed_po,1.0,0,-1.0,0,-0.8217812776565552,-0.8217812776565552,0.0,0.03,0.5,3,0.5,1.0,1.0,1.0,0.7534267,0.1458483,0.10072504,0
111881$_$10,2026,processed_po,1.0,0,-2.0,2,0.7183094024658203,0.7183094024658203,0.0,0.03,0.5,3,0.5,1.0,1.0,1.0,0.27521622,0.05996333,0.6648204,2
111881$_$15,2026,processed_po,1.0,0,-2.0,0,-0.1747514307498932,-0.1747514307498932,0.0,0.03,0.5,3,0.5,1.0,1.0,1.0,0.70150125,0.10751824,0.19098045,0
111881$_$4,2026,processed_po,1.0,0,-1.3333333730697632,0,-1e-06,0.0786989852786064,0.0,0.03,0.5,3,0.5,1.0,1.0,1.0,0.54284996,0.03518728,0.4219627,0
111881$_$7,2026,processed_po,1.0,0,-2.0,0,-0.5009809732437134,-0.5009809732437134,0.0,0.03,0.5,3,0.5,1.0,1.0,1.0,0.71524787,0.07118332,0.21356879,0
111881$_$6,2026,processed_po,1.0,2,0.3333333432674408,2,0.5844300985336304,0.5844300985336304,0.0,0.03,0.5,3,0.5,1.0,1.0,1.0,0.04558957,0.23621045,0.7182,2
112425$_$10,2026,processed_po,1.0,2,2.3333332538604736,2,0.3818313479423523,0.3818313479423523,0.0,0.03,0.5,3,0.5,1.0,1.0,1.0,0.15661998,0.19073296,0.6526471,2
112425$_$1,2026,processed_po,1.0,2,0.6666666865348816,1,0.0,0.0626906082034111,0.0,0.03,0.5,3,0.5,1.0,1.0,1.0,0.047599602,0.62678,0.3256204,1
112425$_$7,2026,processed_po,1.0,2,1.3333333730697632,2,1.3069822788238523,1.3069822788238523,0.0,0.03,0.5,3,0.5,1.0,1.0,1.0,0.11360295,0.043613702,0.8427834,2
112509$_$4,2026,processed_po,1.0,0,-2.0,0,-1.586336374282837,-1.586336374282837,0.0,0.03,0.5,3,0.5,1.0,1.0,1.0,0.9335058,0.04393627,0.02255802,0
116213$_$3,2026,processed_po,1.0,0,-0.6666666865348816,0,-0.2317017614841461,-0.2317017614841461,0.0,0.03,0.5,3,0.5,1.0,1.0,1.0,0.48000824,0.3763148,0.14367692,0
121400$_$0,2026,processed_po,1.0,1,0.0,2,0.3332200050354004,0.3332200050354004,0.0,0.03,0.5,3,0.5,1.0,1.0,1.0,0.05235187,0.34214434,0.60550374,2
126872$_$11,2026,processed_po,1.0,0,-2.0,0,-0.6367288827896118,-0.6367288827896118,0.0,0.03,0.5,3,0.5,1.0,1.0,1.0,0.78523624,0.13950399,0.07525984,0
130366$_$11,2026,processed_po,1.0,0,-1.3333333730697632,0,-1.0101814270019531,-1.0101814270019531,0.0,0.03,0.5,3,0.5,1.0,1.0,1.0,0.7793328,0.07789891,0.14276831,0
130366$_$2,2026,processed_po,1.0,2,0.3333333432674408,0,-0.4705460965633392,-0.4705460965633392,0.0,0.03,0.5,3,0.5,1.0,1.0,1.0,0.49479774,0.32584125,0.179361,0
130366$_$4,2026,processed_po,1.0,0,-0.3333333432674408,0,-0.3565301895141601,-0.3565301895141601,0.0,0.03,0.5,3,0.5,1.0,1.0,1.0,0.5327584,0.2654377,0.20180392,0
132028$_$7,2026,processed_po,1.0,2,0.3333333432674408,2,1.3530384302139282,1.3530384302139282,0.0,0.03,0.5,3,0.5,1.0,1.0,1.0,0.16548866,0.070476465,0.76403487,2
135623$_$5,2026,processed_po,1.0,0,-2.3333332538604736,0,-1.6693792343139648,-1.6693792343139648,0.0,0.03,0.5,3,0.5,1.0,1.0,1.0,0.91687983,0.018449483,0.064670645,0
135623$_$8,2026,processed_po,1.0,0,-1.3333333730697632,2,1.1481475830078125,1.1481475830078125,0.0,0.03,0.5,3,0.5,1.0,1.0,1.0,0.057564892,0.05063507,0.8918,2
136196$_$0,2026,processed_po,1.0,2,0.3333333432674408,1,0.0,-0.080947957932949,0.0,0.03,0.5,3,0.5,1.0,1.0,1.0,0.024371082,0.6463384,0.32929048,1
136196$_$9,2026,processed_po,1.0,0,-2.0,0,-1.5593788623809814,-1.5593788623809814,0.0,0.03,0.5,3,0.5,1.0,1.0,1.0,0.9194551,0.04653186,0.03401315,0
136196$_$8,2026,processed_po,1.0,0,-1.6666666269302368,0,-2.153151512145996,-2.153151512145996,0.0,0.03,0.5,3,0.5,1.0,1.0,1.0,0.945777,0.021839784,0.032383148,0
167521$_$17,2026,processed_po,1.0,2,1.3333333730697632,0,-0.5750348567962646,-0.5750348567962646,0.0,0.03,0.5,3,0.5,1.0,1.0,1.0,0.5301449,0.11242971,0.35742542,0
167521$_$16,2026,processed_po,1.0,2,2.0,2,1.641033172607422,1.641033172607422,0.0,0.03,0.5,3,0.5,1.0,1.0,1.0,0.05969802,0.028566329,0.91173565,2
167521$_$5,2026,processed_po,1.0,2,0.3333333432674408,0,-1.6155585050582886,-1.6155585050582886,0.0,0.03,0.5,3,0.5,1.0,1.0,1.0,0.86659104,0.037070658,0.09633831,0
190743$_$13,2026,processed_po,1.0,0,-2.0,0,-0.8539229035377502,-0.8539229035377502,0.0,0.03,0.5,3,0.5,1.0,1.0,1.0,0.6478131,0.09149952,0.26068744,0
190743$_$17,2026,processed_po,1.0,0,-2.0,0,-1.2652286291122437,-1.2652286291122437,0.0,0.03,0.5,3,0.5,1.0,1.0,1.0,0.7988745,0.1304695,0.07065604,0
190743$_$5,2026,processed_po,1.0,0,-2.0,0,-2.22339415550232,-2.22339415550232,0.0,0.03,0.5,3,0.5,1.0,1.0,1.0,0.978182,0.01181302,0.010004982,0
194299$_$14,2026,processed_po,1.0,1,0.0,2,0.6006923317909241,0.6006923317909241,0.0,0.03,0.5,3,0.5,1.0,1.0,1.0,0.039871886,0.35905188,0.60107625,2
194299$_$4,2026,processed_po,1.0,0,-1.0,0,-0.9419406652450562,-0.9419406652450562,0.0,0.03,0.5,3,0.5,1.0,1.0,1.0,0.7630333,0.056953333,0.18001345,0
194299$_$9,2026,processed_po,1.0,1,0.0,1,0.0,-0.1665313392877578,0.0,0.03,0.5,3,0.5,1.0,1.0,1.0,0.17070146,0.47560543,0.35369307,1
198112$_$12,2026,processed_po,1.0,2,2.0,2,1.379794359207153,1.379794359207153,0.0,0.03,0.5,3,0.5,1.0,1.0,1.0,0.24274342,0.034424584,0.722832,2
198112$_$0,2026,processed_po,1.0,2,0.3333333432674408,2,0.2008017897605896,0.2008017897605896,0.0,0.03,0.5,3,0.5,1.0,1.0,1.0,0.05815453,0.29400104,0.6478444,2
198112$_$5,2026,processed_po,1.0,2,1.0,2,1.1782900094985962,1.1782900094985962,0.0,0.03,0.5,3,0.5,1.0,1.0,1.0,0.22256579,0.11569927,0.66173494,2
198112$_$9,2026,processed_po,1.0,2,2.3333332538604736,0,-0.6767361164093018,-0.6767361164093018,0.0,0.03,0.5,3,0.5,1.0,1.0,1.0,0.74523896,0.066663824,0.1880972,0
198112$_$8,2026,processed_po,1.0,2,2.0,0,-0.1498371660709381,-0.1498371660709381,0.0,0.03,0.5,3,0.5,1.0,1.0,1.0,0.6316083,0.16429998,0.2040917,0
1HS2HcN2LDo$_$1,2026,processed_po,1.0,2,0.3333333432674408,2,0.488903284072876,0.488903284072876,0.0,0.03,0.5,3,0.5,1.0,1.0,1.0,0.07262501,0.22574519,0.7016299,2
1HS2HcN2LDo$_$9,2026,processed_po,1.0,2,1.3333333730697632,2,0.7338417768478394,0.7338417768478394,0.0,0.03,0.5,3,0.5,1.0,1.0,1.0,0.10041729,0.20596123,0.6936215,2
1S6ji_d4OLI$_$9,2026,processed_po,1.0,2,0.6666666865348816,2,0.6421124339103699,0.6421124339103699,0.0,0.03,0.5,3,0.5,1.0,1.0,1.0,0.07220341,0.30327928,0.62451726,2
1jogeKX0wGw$_$4,2026,processed_po,1.0,2,1.0,2,0.7979292869567871,0.7979292869567871,0.0,0.03,0.5,3,0.5,1.0,1.0,1.0,0.0041713105,0.033410046,0.9624186,2
1pl2FVdQWj0$_$2,2026,processed_po,1.0,2,0.6666666865348816,2,0.6371082067489624,0.6371082067489624,0.0,0.03,0.5,3,0.5,1.0,1.0,1.0,0.112545006,0.09775793,0.7896971,2
200941$_$10,2026,processed_po,1.0,0,-1.0,0,-1.987171649932861,-1.987171649932861,0.0,0.03,0.5,3,0.5,1.0,1.0,1.0,0.9771313,0.006936776,0.015931908,0
202826$_$10,2026,processed_po,1.0,0,-1.6666666269302368,0,-1e-06,0.2844119071960449,0.0,0.03,0.5,3,0.5,1.0,1.0,1.0,0.5341697,0.102420844,0.36340955,0
202826$_$7,2026,processed_po,1.0,2,1.0,2,0.6914522647857666,0.6914522647857666,0.0,0.03,0.5,3,0.5,1.0,1.0,1.0,0.24709676,0.13855258,0.6143507,2
206585$_$3,2026,processed_po,1.0,1,0.0,2,0.1817495673894882,0.1817495673894882,0.0,0.03,0.5,3,0.5,1.0,1.0,1.0,0.108879395,0.25896078,0.6321598,2
208322$_$12,2026,processed_po,1.0,0,-2.3333332538604736,2,0.8117765188217163,0.8117765188217163,0.0,0.03,0.5,3,0.5,1.0,1.0,1.0,0.12985899,0.06780113,0.8023399,2
208592$_$2,2026,processed_po,1.0,1,0.0,1,0.0,-0.0067052990198135,0.0,0.03,0.5,3,0.5,1.0,1.0,1.0,0.028016884,0.7983845,0.17359865,1
208592$_$9,2026,processed_po,1.0,0,-2.6666667461395264,0,-1.1433370113372805,-1.1433370113372805,0.0,0.03,0.5,3,0.5,1.0,1.0,1.0,0.86349165,0.07982447,0.056683846,0
209758$_$15,2026,processed_po,1.0,2,1.3333333730697632,2,0.1439207941293716,0.1439207941293716,0.0,0.03,0.5,3,0.5,1.0,1.0,1.0,0.06671658,0.09188946,0.841394,2
209758$_$3,2026,processed_po,1.0,1,0.0,2,0.1029830798506736,0.1029830798506736,0.0,0.03,0.5,3,0.5,1.0,1.0,1.0,0.090779684,0.16303407,0.74618626,2
209758$_$5,2026,processed_po,1.0,1,0.0,1,0.0,0.0179711543023586,0.0,0.03,0.5,3,0.5,1.0,1.0,1.0,0.07176314,0.47481555,0.45342124,1
20LfN8ENbhM$_$1,2026,processed_po,1.0,2,2.0,2,1.4850947856903076,1.4850947856903076,0.0,0.03,0.5,3,0.5,1.0,1.0,1.0,0.015596027,0.019458506,0.9649454,2
210259$_$11,2026,processed_po,1.0,0,-3.0,0,-2.248754501342773,-2.248754501342773,0.0,0.03,0.5,3,0.5,1.0,1.0,1.0,0.9317789,0.037147734,0.031073323,0
210259$_$16,2026,processed_po,1.0,0,-2.3333332538604736,0,-2.133389711380005,-2.133389711380005,0.0,0.03,0.5,3,0.5,1.0,1.0,1.0,0.9702964,0.019529212,0.010174361,0
210259$_$0,2026,processed_po,1.0,1,0.0,1,0.0,0.1048381477594375,0.0,0.03,0.5,3,0.5,1.0,1.0,1.0,0.039189916,0.48916715,0.471643,1
210259$_$8,2026,processed_po,1.0,0,-2.3333332538604736,0,-2.250267505645752,-2.250267505645752,0.0,0.03,0.5,3,0.5,1.0,1.0,1.0,0.9883002,0.006003065,0.0056966897,0
210433$_$0,2026,processed_po,1.0,1,0.0,1,0.0,0.0619361996650695,0.0,0.03,0.5,3,0.5,1.0,1.0,1.0,0.12133254,0.5590676,0.31959984,1
210433$_$7,2026,processed_po,1.0,0,-2.0,0,-2.227402210235596,-2.227402210235596,0.0,0.03,0.5,3,0.5,1.0,1.0,1.0,0.9639871,0.012254114,0.023758765,0
211875$_$4,2026,processed_po,1.0,0,-1.6666666269302368,2,1.43972909450531,1.43972909450531,0.0,0.03,0.5,3,0.5,1.0,1.0,1.0,0.04600882,0.085592605,0.8683985,2
211875$_$8,2026,processed_po,1.0,0,-1.3333333730697632,0,-0.884467363357544,-0.884467363357544,0.0,0.03,0.5,3,0.5,1.0,1.0,1.0,0.5787256,0.23944831,0.18182616,0
213327$_$6,2026,processed_po,1.0,0,-2.3333332538604736,0,-0.9226925373077391,-0.9226925373077391,0.0,0.03,0.5,3,0.5,1.0,1.0,1.0,0.6828599,0.12965053,0.18748955,0
213327$_$8,2026,processed_po,1.0,0,-2.0,0,-0.8786424398422241,-0.8786424398422241,0.0,0.03,0.5,3,0.5,1.0,1.0,1.0,0.6273016,0.13874698,0.23395146,0
215318$_$12,2026,processed_po,1.0,1,0.0,0,-0.5157368183135986,-0.5157368183135986,0.0,0.03,0.5,3,0.5,1.0,1.0,1.0,0.61341465,0.2260042,0.16058119,0
221137$_$2,2026,processed_po,1.0,1,0.0,0,-0.0204638540744781,-0.0204638540744781,0.0,0.03,0.5,3,0.5,1.0,1.0,1.0,0.39708906,0.32501766,0.27789333,0
221137$_$5,2026,processed_po,1.0,0,-2.0,0,-1.4501628875732422,-1.4501628875732422,0.0,0.03,0.5,3,0.5,1.0,1.0,1.0,0.9250347,0.034261376,0.040703826,0
221153$_$14,2026,processed_po,1.0,0,-1.6666666269302368,0,-1.319242238998413,-1.319242238998413,0.0,0.03,0.5,3,0.5,1.0,1.0,1.0,0.9374157,0.035804976,0.026779333,0
221153$_$16,2026,processed_po,1.0,0,-0.6666666865348816,0,-0.3199246227741241,-0.3199246227741241,0.0,0.03,0.5,3,0.5,1.0,1.0,1.0,0.794352,0.07182604,0.13382196,0
221153$_$6,2026,processed_po,1.0,1,0.0,1,0.0,-0.5408115983009338,0.0,0.03,0.5,3,0.5,1.0,1.0,1.0,0.28174022,0.5842136,0.13404615,1
221153$_$20,2026,processed_po,1.0,2,0.3333333432674408,1,0.0,0.0652065351605415,0.0,0.03,0.5,3,0.5,1.0,1.0,1.0,0.2507127,0.53631604,0.21297128,1
22373$_$10,2026,processed_po,1.0,0,-2.6666667461395264,0,-1.49899160861969,-1.49899160861969,0.0,0.03,0.5,3,0.5,1.0,1.0,1.0,0.92099714,0.021130878,0.057871915,0
22373$_$1,2026,processed_po,1.0,1,0.0,1,0.0,-0.2420015484094619,0.0,0.03,0.5,3,0.5,1.0,1.0,1.0,0.13192417,0.7928573,0.075218566,1
22373$_$2,2026,processed_po,1.0,0,-2.3333332538604736,0,-0.4486853778362274,-0.4486853778362274,0.0,0.03,0.5,3,0.5,1.0,1.0,1.0,0.58601385,0.109597206,0.30438897,0
22373$_$7,2026,processed_po,1.0,1,0.0,0,-0.7986606359481812,-0.7986606359481812,0.0,0.03,0.5,3,0.5,1.0,1.0,1.0,0.67371917,0.18962047,0.13666038,0
224263$_$13,2026,processed_po,1.0,2,0.6666666865348816,2,1.7028011083602903,1.7028011083602903,0.0,0.03,0.5,3,0.5,1.0,1.0,1.0,0.013484782,0.033066534,0.9534488,2
224263$_$14,2026,processed_po,1.0,0,-2.3333332538604736,0,-0.8700729608535767,-0.8700729608535767,0.0,0.03,0.5,3,0.5,1.0,1.0,1.0,0.88314104,0.05910811,0.05775082,0
224263$_$3,2026,processed_po,1.0,0,-2.3333332538604736,0,-1.9617681503295896,-1.9617681503295896,0.0,0.03,0.5,3,0.5,1.0,1.0,1.0,0.9869419,0.0067279516,0.006330128,0
224370$_$3,2026,processed_po,1.0,0,-2.0,0,-0.8717284202575684,-0.8717284202575684,0.0,0.03,0.5,3,0.5,1.0,1.0,1.0,0.87257516,0.0973089,0.03011588,0
224370$_$5,2026,processed_po,1.0,0,-2.6666667461395264,2,0.2646355628967285,0.2646355628967285,0.0,0.03,0.5,3,0.5,1.0,1.0,1.0,0.22049092,0.24925442,0.5302546,2
224370$_$11,2026,processed_po,1.0,2,0.3333333432674408,0,-1e-06,0.1613411903381347,0.0,0.03,0.5,3,0.5,1.0,1.0,1.0,0.51164526,0.21846609,0.2698887,0
224370$_$15,2026,processed_po,1.0,0,-1.6666666269302368,0,-1.1273211240768433,-1.1273211240768433,0.0,0.03,0.5,3,0.5,1.0,1.0,1.0,0.8255283,0.12418067,0.05029101,0
224631$_$5,2026,processed_po,1.0,2,0.3333333432674408,2,0.3254607319831848,0.3254607319831848,0.0,0.03,0.5,3,0.5,1.0,1.0,1.0,0.048807513,0.26526862,0.6859238,2
226601$_$11,2026,processed_po,1.0,0,-1.3333333730697632,0,-1.9282281398773196,-1.9282281398773196,0.0,0.03,0.5,3,0.5,1.0,1.0,1.0,0.90068585,0.080523655,0.018790497,0
226601$_$18,2026,processed_po,1.0,0,-2.0,0,-1.5769028663635254,-1.5769028663635254,0.0,0.03,0.5,3,0.5,1.0,1.0,1.0,0.82596403,0.06591986,0.10811619,0
226601$_$0,2026,processed_po,1.0,2,0.3333333432674408,1,0.0,0.0729356855154037,0.0,0.03,0.5,3,0.5,1.0,1.0,1.0,0.101199694,0.67479765,0.2240026,1
226640$_$9,2026,processed_po,1.0,1,0.0,2,0.7413700819015503,0.7413700819015503,0.0,0.03,0.5,3,0.5,1.0,1.0,1.0,0.19589506,0.049691103,0.75441384,2
22689$_$1,2026,processed_po,1.0,0,-2.0,0,-1.3400616645812988,-1.3400616645812988,0.0,0.03,0.5,3,0.5,1.0,1.0,1.0,0.68753904,0.046681784,0.2657791,0
22689$_$0,2026,processed_po,1.0,1,0.0,1,0.0,-0.3671322762966156,0.0,0.03,0.5,3,0.5,1.0,1.0,1.0,0.2367838,0.5387149,0.2245013,1
234046$_$1,2026,processed_po,1.0,1,0.0,1,0.0,-0.0378064513206481,0.0,0.03,0.5,3,0.5,1.0,1.0,1.0,0.15473916,0.7393269,0.1059339,1
236442$_$3,2026,processed_po,1.0,0,-1.3333333730697632,0,-0.0080670034512877,-0.0080670034512877,0.0,0.03,0.5,3,0.5,1.0,1.0,1.0,0.43803987,0.18160035,0.3803598,0
23656$_$1,2026,processed_po,1.0,1,0.0,2,0.1996634602546692,0.1996634602546692,0.0,0.03,0.5,3,0.5,1.0,1.0,1.0,0.09347458,0.31748423,0.58904123,2
23656$_$0,2026,processed_po,1.0,2,0.3333333432674408,1,0.0,0.3500860333442688,0.0,0.03,0.5,3,0.5,1.0,1.0,1.0,0.029332925,0.6122405,0.3584266,1
23656$_$2,2026,processed_po,1.0,2,1.0,2,0.797950267791748,0.797950267791748,0.0,0.03,0.5,3,0.5,1.0,1.0,1.0,0.026983116,0.04951148,0.9235053,2
23656$_$7,2026,processed_po,1.0,0,-2.0,0,-0.3681153953075409,-0.3681153953075409,0.0,0.03,0.5,3,0.5,1.0,1.0,1.0,0.4604452,0.18047716,0.35907763,0
23656$_$9,2026,processed_po,1.0,0,-1.3333333730697632,0,-1.201815128326416,-1.201815128326416,0.0,0.03,0.5,3,0.5,1.0,1.0,1.0,0.79888743,0.11891998,0.08219261,0
23656$_$15,2026,processed_po,1.0,2,0.3333333432674408,2,1.0432344675064087,1.0432344675064087,0.0,0.03,0.5,3,0.5,1.0,1.0,1.0,0.009628662,0.045310467,0.9450608,2
237363$_$10,2026,processed_po,1.0,1,0.0,0,-0.6423619985580444,-0.6423619985580444,0.0,0.03,0.5,3,0.5,1.0,1.0,1.0,0.6803493,0.28448224,0.035168458,0
237363$_$4,2026,processed_po,1.0,1,0.0,1,0.0,-0.0150740109384059,0.0,0.03,0.5,3,0.5,1.0,1.0,1.0,0.11611673,0.6387063,0.24517697,1
238063$_$15,2026,processed_po,1.0,0,-1.3333333730697632,0,-1.8507145643234253,-1.8507145643234253,0.0,0.03,0.5,3,0.5,1.0,1.0,1.0,0.92466694,0.019579912,0.055753093,0
238063$_$17,2026,processed_po,1.0,2,1.0,0,-0.57778000831604,-0.57778000831604,0.0,0.03,0.5,3,0.5,1.0,1.0,1.0,0.5070815,0.16184667,0.33107185,0
238063$_$16,2026,processed_po,1.0,0,-1.0,2,1.4303985834121704,1.4303985834121704,0.0,0.03,0.5,3,0.5,1.0,1.0,1.0,0.1945289,0.04844658,0.75702447,2
238063$_$7,2026,processed_po,1.0,0,-0.3333333432674408,0,-0.783677339553833,-0.783677339553833,0.0,0.03,0.5,3,0.5,1.0,1.0,1.0,0.7012291,0.09692741,0.20184349,0
24196$_$0,2026,processed_po,1.0,2,0.3333333432674408,1,0.0,0.4359763562679291,0.0,0.03,0.5,3,0.5,1.0,1.0,1.0,0.07889036,0.68248284,0.23862681,1
24196$_$3,2026,processed_po,1.0,0,-0.3333333432674408,0,-2.192620277404785,-2.192620277404785,0.0,0.03,0.5,3,0.5,1.0,1.0,1.0,0.97942585,0.015054233,0.005519936,0
243981$_$10,2026,processed_po,1.0,0,-2.3333332538604736,0,-2.250282287597656,-2.250282287597656,0.0,0.03,0.5,3,0.5,1.0,1.0,1.0,0.95337605,0.017680591,0.028943384,0
243981$_$1,2026,processed_po,1.0,1,0.0,2,0.0326778031885623,0.0326778031885623,0.0,0.03,0.5,3,0.5,1.0,1.0,1.0,0.19505993,0.13901965,0.66592044,2
243981$_$4,2026,processed_po,1.0,0,-2.3333332538604736,0,-1.2244138717651367,-1.2244138717651367,0.0,0.03,0.5,3,0.5,1.0,1.0,1.0,0.81334496,0.05744319,0.12921187,0
243981$_$6,2026,processed_po,1.0,0,-2.0,0,-1.2216461896896362,-1.2216461896896362,0.0,0.03,0.5,3,0.5,1.0,1.0,1.0,0.7615795,0.04126056,0.19715987,0
24504$_$10,2026,processed_po,1.0,2,0.6666666865348816,2,0.7065685391426086,0.7065685391426086,0.0,0.03,0.5,3,0.5,1.0,1.0,1.0,0.076372266,0.25190106,0.6717267,2
245582$_$11,2026,processed_po,1.0,0,-1.6666666269302368,0,-2.1129751205444336,-2.1129751205444336,0.0,0.03,0.5,3,0.5,1.0,1.0,1.0,0.9639861,0.0136658875,0.022347981,0
245582$_$13,2026,processed_po,1.0,2,0.3333333432674408,2,0.5363324284553528,0.5363324284553528,0.0,0.03,0.5,3,0.5,1.0,1.0,1.0,0.2590125,0.23538136,0.5056061,2
245582$_$16,2026,processed_po,1.0,2,1.0,0,-2.073415517807007,-2.073415517807007,0.0,0.03,0.5,3,0.5,1.0,1.0,1.0,0.9703874,0.015579088,0.014033501,0
245582$_$4,2026,processed_po,1.0,0,-1.3333333730697632,0,-1.8835426568984983,-1.8835426568984983,0.0,0.03,0.5,3,0.5,1.0,1.0,1.0,0.9267045,0.022486493,0.050809007,0
252097$_$12,2026,processed_po,1.0,0,-2.3333332538604736,0,-1.984538555145264,-1.984538555145264,0.0,0.03,0.5,3,0.5,1.0,1.0,1.0,0.9649049,0.009922755,0.025172332,0
252097$_$4,2026,processed_po,1.0,0,-1.3333333730697632,0,-2.0241129398345947,-2.0241129398345947,0.0,0.03,0.5,3,0.5,1.0,1.0,1.0,0.9628984,0.012609897,0.02449179,0
252912$_$13,2026,processed_po,1.0,0,-1.6666666269302368,0,-1.6155753135681152,-1.6155753135681152,0.0,0.03,0.5,3,0.5,1.0,1.0,1.0,0.8516572,0.049430344,0.09891251,0
257277$_$1,2026,processed_po,1.0,2,0.3333333432674408,2,0.0964533537626266,0.0964533537626266,0.0,0.03,0.5,3,0.5,1.0,1.0,1.0,0.12841685,0.2779575,0.5936256,2
257277$_$3,2026,processed_po,1.0,2,1.0,1,0.0,-0.1845399290323257,0.0,0.03,0.5,3,0.5,1.0,1.0,1.0,0.3943336,0.45663914,0.14902727,1
257277$_$5,2026,processed_po,1.0,0,-2.0,1,0.0,-0.2960317730903625,0.0,0.03,0.5,3,0.5,1.0,1.0,1.0,0.38096225,0.52986723,0.08917052,1
257534$_$4,2026,processed_po,1.0,1,0.0,1,0.0,-0.1863642930984497,0.0,0.03,0.5,3,0.5,1.0,1.0,1.0,0.1583021,0.73355937,0.10813853,1
267466$_$24,2026,processed_po,1.0,2,0.6666666865348816,0,-0.2158792316913604,-0.2158792316913604,0.0,0.03,0.5,3,0.5,1.0,1.0,1.0,0.43462524,0.22720823,0.3381665,0
267466$_$44,2026,processed_po,1.0,0,-2.6666667461395264,0,-1.768695592880249,-1.768695592880249,0.0,0.03,0.5,3,0.5,1.0,1.0,1.0,0.79985017,0.13628887,0.06386097,0
267466$_$42,2026,processed_po,1.0,0,-2.3333332538604736,0,-1.7516008615493774,-1.7516008615493774,0.0,0.03,0.5,3,0.5,1.0,1.0,1.0,0.91780424,0.033232085,0.048963655,0
267466$_$9,2026,processed_po,1.0,0,-1.0,0,-0.3341107368469238,-0.3341107368469238,0.0,0.03,0.5,3,0.5,1.0,1.0,1.0,0.4884735,0.38130352,0.13022298,0
267466$_$13,2026,processed_po,1.0,1,0.0,1,0.0,-0.0594551041722297,0.0,0.03,0.5,3,0.5,1.0,1.0,1.0,0.33282712,0.5413156,0.1258572,1
267466$_$38,2026,processed_po,1.0,1,0.0,0,-1.3249118328094482,-1.3249118328094482,0.0,0.03,0.5,3,0.5,1.0,1.0,1.0,0.9216388,0.0517174,0.026643887,0
267466$_$35,2026,processed_po,1.0,0,-1.0,0,-1.7012189626693726,-1.7012189626693726,0.0,0.03,0.5,3,0.5,1.0,1.0,1.0,0.91205543,0.023406712,0.06453784,0
267466$_$34,2026,processed_po,1.0,0,-2.3333332538604736,0,-2.048874855041504,-2.048874855041504,0.0,0.03,0.5,3,0.5,1.0,1.0,1.0,0.91490924,0.03795256,0.047138155,0
267694$_$14,2026,processed_po,1.0,0,-2.3333332538604736,0,-2.132504940032959,-2.132504940032959,0.0,0.03,0.5,3,0.5,1.0,1.0,1.0,0.95022607,0.0268487,0.022925215,0
267694$_$16,2026,processed_po,1.0,0,-1.0,0,-0.7435325384140015,-0.7435325384140015,0.0,0.03,0.5,3,0.5,1.0,1.0,1.0,0.6470905,0.2804133,0.072496235,0
267694$_$3,2026,processed_po,1.0,0,-0.3333333432674408,0,-1.8058587312698364,-1.8058587312698364,0.0,0.03,0.5,3,0.5,1.0,1.0,1.0,0.9052394,0.07802915,0.016731445,0
267694$_$5,2026,processed_po,1.0,1,0.0,2,1e-06,-0.2013139575719833,0.0,0.03,0.5,3,0.5,1.0,1.0,1.0,0.18600462,0.35548565,0.45850974,2
267694$_$4,2026,processed_po,1.0,1,0.0,0,-0.7750244736671448,-0.7750244736671448,0.0,0.03,0.5,3,0.5,1.0,1.0,1.0,0.49135193,0.24625035,0.26239777,0
267694$_$7,2026,processed_po,1.0,0,-2.0,0,-2.1187100410461426,-2.1187100410461426,0.0,0.03,0.5,3,0.5,1.0,1.0,1.0,0.9633128,0.015980706,0.020706486,0
267694$_$6,2026,processed_po,1.0,0,-1.6666666269302368,0,-2.0444798469543457,-2.0444798469543457,0.0,0.03,0.5,3,0.5,1.0,1.0,1.0,0.9185603,0.030638626,0.050801113,0
273207$_$0,2026,processed_po,1.0,1,0.0,1,0.0,-0.0858815759420394,0.0,0.03,0.5,3,0.5,1.0,1.0,1.0,0.051448956,0.8078779,0.14067318,1
273207$_$5,2026,processed_po,1.0,2,0.3333333432674408,0,-1.2271028757095337,-1.2271028757095337,0.0,0.03,0.5,3,0.5,1.0,1.0,1.0,0.6050559,0.18128194,0.21366215,0
273207$_$7,2026,processed_po,1.0,0,-0.3333333432674408,0,-2.309579849243164,-2.309579849243164,0.0,0.03,0.5,3,0.5,1.0,1.0,1.0,0.957213,0.03468611,0.008100969,0
273207$_$9,2026,processed_po,1.0,0,-0.3333333432674408,2,0.7384013533592224,0.7384013533592224,0.0,0.03,0.5,3,0.5,1.0,1.0,1.0,0.068884954,0.2179997,0.71311533,2
273250$_$20,2026,processed_po,1.0,0,-0.3333333432674408,0,-0.7394053339958191,-0.7394053339958191,0.0,0.03,0.5,3,0.5,1.0,1.0,1.0,0.54144096,0.2661019,0.1924571,0
273250$_$3,2026,processed_po,1.0,0,-0.6666666865348816,1,0.0,-0.7594642639160156,0.0,0.03,0.5,3,0.5,1.0,1.0,1.0,0.4524823,0.46626073,0.08125696,1
273250$_$7,2026,processed_po,1.0,0,-0.3333333432674408,1,0.0,0.1464357525110244,0.0,0.03,0.5,3,0.5,1.0,1.0,1.0,0.10932635,0.5452372,0.34543645,1
273250$_$11,2026,processed_po,1.0,0,-1.3333333730697632,1,0.0,-0.1045602858066558,0.0,0.03,0.5,3,0.5,1.0,1.0,1.0,0.17438091,0.52216375,0.30345535,1
273250$_$12,2026,processed_po,1.0,0,-2.6666667461395264,1,0.0,-0.2564058005809784,0.0,0.03,0.5,3,0.5,1.0,1.0,1.0,0.19372287,0.52161026,0.28466684,1
273250$_$16,2026,processed_po,1.0,0,-2.3333332538604736,2,1e-06,-0.2971721589565277,0.0,0.03,0.5,3,0.5,1.0,1.0,1.0,0.27586812,0.3413658,0.38276607,2
273250$_$19,2026,processed_po,1.0,1,0.0,0,-0.4117172360420227,-0.4117172360420227,0.0,0.03,0.5,3,0.5,1.0,1.0,1.0,0.5688314,0.2276623,0.20350629,0
275267$_$5,2026,processed_po,1.0,1,0.0,0,-1.4989302158355713,-1.4989302158355713,0.0,0.03,0.5,3,0.5,1.0,1.0,1.0,0.7780593,0.1743965,0.047544282,0
27v7Blr0vjw$_$0,2026,processed_po,1.0,0,-0.3333333432674408,2,0.105703204870224,0.105703204870224,0.0,0.03,0.5,3,0.5,1.0,1.0,1.0,0.12676689,0.38699725,0.4862358,2
27v7Blr0vjw$_$3,2026,processed_po,1.0,1,0.0,2,0.4000421166419983,0.4000421166419983,0.0,0.03,0.5,3,0.5,1.0,1.0,1.0,0.040007565,0.29668137,0.66331106,2
28006$_$22,2026,processed_po,1.0,0,-2.3333332538604736,0,-1.4873762130737305,-1.4873762130737305,0.0,0.03,0.5,3,0.5,1.0,1.0,1.0,0.88238144,0.031578716,0.086039826,0
28006$_$0,2026,processed_po,1.0,0,-2.6666667461395264,0,-0.6337435841560364,-0.6337435841560364,0.0,0.03,0.5,3,0.5,1.0,1.0,1.0,0.42421857,0.38837337,0.18740803,0
28006$_$5,2026,processed_po,1.0,0,-1.6666666269302368,0,-1.3574016094207764,-1.3574016094207764,0.0,0.03,0.5,3,0.5,1.0,1.0,1.0,0.7856623,0.15354708,0.060790643,0
28006$_$7,2026,processed_po,1.0,0,-2.3333332538604736,0,-1.736161708831787,-1.736161708831787,0.0,0.03,0.5,3,0.5,1.0,1.0,1.0,0.94022757,0.029610917,0.030161487,0
28006$_$13,2026,processed_po,1.0,0,-2.3333332538604736,0,-1.530298948287964,-1.530298948287964,0.0,0.03,0.5,3,0.5,1.0,1.0,1.0,0.82180125,0.043375965,0.13482276,0
28006$_$15,2026,processed_po,1.0,0,-1.6666666269302368,0,-1.968246936798096,-1.968246936798096,0.0,0.03,0.5,3,0.5,1.0,1.0,1.0,0.9772372,0.011096599,0.011666214,0
28006$_$17,2026,processed_po,1.0,0,-2.0,1,0.0,-0.2188106179237365,0.0,0.03,0.5,3,0.5,1.0,1.0,1.0,0.36425456,0.42771927,0.20802625,1
28006$_$16,2026,processed_po,1.0,0,-1.3333333730697632,0,-1.7924140691757202,-1.7924140691757202,0.0,0.03,0.5,3,0.5,1.0,1.0,1.0,0.88273764,0.06842148,0.048840884,0
286943$_$5,2026,processed_po,1.0,0,-1.3333333730697632,0,-1.0791053771972656,-1.0791053771972656,0.0,0.03,0.5,3,0.5,1.0,1.0,1.0,0.8102702,0.039233685,0.15049605,0
29751$_$10,2026,processed_po,1.0,1,0.0,0,-0.4750649034976959,-0.4750649034976959,0.0,0.03,0.5,3,0.5,1.0,1.0,1.0,0.58651316,0.23972611,0.17376073,0
29751$_$1,2026,processed_po,1.0,1,0.0,1,0.0,0.1388510763645172,0.0,0.03,0.5,3,0.5,1.0,1.0,1.0,0.047837943,0.698485,0.253677,1
29751$_$9,2026,processed_po,1.0,1,0.0,0,-0.9226239323616028,-0.9226239323616028,0.0,0.03,0.5,3,0.5,1.0,1.0,1.0,0.8132802,0.16051847,0.026201302,0
2BuFtglEcaY$_$11,2026,processed_po,1.0,2,2.3333332538604736,2,1.1071739196777344,1.1071739196777344,0.0,0.03,0.5,3,0.5,1.0,1.0,1.0,0.026226496,0.049089067,0.92468446,2
2BuFtglEcaY$_$6,2026,processed_po,1.0,2,1.0,2,0.7700835466384888,0.7700835466384888,0.0,0.03,0.5,3,0.5,1.0,1.0,1.0,0.024954615,0.1757911,0.7992543,2
2ItiGjefTRA$_$3,2026,processed_po,1.0,1,0.0,0,-0.3671585321426391,-0.3671585321426391,0.0,0.03,0.5,3,0.5,1.0,1.0,1.0,0.50935006,0.25118327,0.2394667,0
2ItiGjefTRA$_$4,2026,processed_po,1.0,0,-0.6666666865348816,0,-0.829470157623291,-0.829470157623291,0.0,0.03,0.5,3,0.5,1.0,1.0,1.0,0.77699983,0.1392139,0.08378627,0
2W-U94hXuK0$_$3,2026,processed_po,1.0,0,-3.0,0,-1.5032813549041748,-1.5032813549041748,0.0,0.03,0.5,3,0.5,1.0,1.0,1.0,0.9204651,0.05297077,0.026564151,0
2W-U94hXuK0$_$4,2026,processed_po,1.0,0,-2.0,0,-1.3095194101333618,-1.3095194101333618,0.0,0.03,0.5,3,0.5,1.0,1.0,1.0,0.8918303,0.063666135,0.044503503,0
2fbBrB1nJEQ$_$0,2026,processed_po,1.0,2,2.0,2,1.2933591604232788,1.2933591604232788,0.0,0.03,0.5,3,0.5,1.0,1.0,1.0,0.05937861,0.055192567,0.8854288,2
2m58ShI1QSI$_$2,2026,processed_po,1.0,2,0.3333333432674408,2,0.6012616157531738,0.6012616157531738,0.0,0.03,0.5,3,0.5,1.0,1.0,1.0,0.02878483,0.21314067,0.75807446,2
2vsgDSlJ9pU$_$0,2026,processed_po,1.0,1,0.0,2,0.2503215074539184,0.2503215074539184,0.0,0.03,0.5,3,0.5,1.0,1.0,1.0,0.031701542,0.4550539,0.51324457,2
2vsgDSlJ9pU$_$13,2026,processed_po,1.0,2,0.6666666865348816,2,0.9842350482940674,0.9842350482940674,0.0,0.03,0.5,3,0.5,1.0,1.0,1.0,0.0673296,0.06721026,0.8654601,2
2ze94yo2aPo$_$0,2026,processed_po,1.0,2,2.0,2,0.8586547374725342,0.8586547374725342,0.0,0.03,0.5,3,0.5,1.0,1.0,1.0,0.01879396,0.1517989,0.82940716,2
2ze94yo2aPo$_$5,2026,processed_po,1.0,2,1.0,2,0.2623061835765838,0.2623061835765838,0.0,0.03,0.5,3,0.5,1.0,1.0,1.0,0.06636537,0.2884145,0.64522004,2
35694$_$10,2026,processed_po,1.0,1,0.0,0,-0.4024004340171814,-0.4024004340171814,0.0,0.03,0.5,3,0.5,1.0,1.0,1.0,0.47288996,0.34838676,0.17872329,0
35694$_$17,2026,processed_po,1.0,0,-1.6666666269302368,0,-0.8351830244064331,-0.8351830244064331,0.0,0.03,0.5,3,0.5,1.0,1.0,1.0,0.68709207,0.06508137,0.24782659,0
3At-BKm9eYk$_$5,2026,processed_po,1.0,0,-0.3333333432674408,2,0.230796992778778,0.230796992778778,0.0,0.03,0.5,3,0.5,1.0,1.0,1.0,0.40240803,0.019846343,0.5777457,2
3HyAaqre_Fk$_$2,2026,processed_po,1.0,2,1.0,2,0.6439149975776672,0.6439149975776672,0.0,0.03,0.5,3,0.5,1.0,1.0,1.0,0.19995613,0.1149508,0.68509316,2
3HyAaqre_Fk$_$6,2026,processed_po,1.0,2,1.3333333730697632,2,1.7808952331542969,1.7808952331542969,0.0,0.03,0.5,3,0.5,1.0,1.0,1.0,0.015646446,0.023436053,0.9609175,2
3OYY5Tsz_2k$_$7,2026,processed_po,1.0,1,0.0,2,0.1482758373022079,0.1482758373022079,0.0,0.03,0.5,3,0.5,1.0,1.0,1.0,0.035223857,0.45726326,0.50751287,2
3REPHw7oLWo$_$13,2026,processed_po,1.0,2,0.3333333432674408,2,0.7780300378799438,0.7780300378799438,0.0,0.03,0.5,3,0.5,1.0,1.0,1.0,0.044330537,0.063815676,0.89185375,2
3wHE78v9zr4$_$24,2026,processed_po,1.0,2,1.3333333730697632,2,0.9857516884803772,0.9857516884803772,0.0,0.03,0.5,3,0.5,1.0,1.0,1.0,0.10071243,0.09709884,0.80218875,2
3wHE78v9zr4$_$7,2026,processed_po,1.0,2,1.6666666269302368,2,0.6218041777610779,0.6218041777610779,0.0,0.03,0.5,3,0.5,1.0,1.0,1.0,0.03319547,0.12990464,0.83689994,2
3wHE78v9zr4$_$9,2026,processed_po,1.0,2,0.3333333432674408,2,0.7739977240562439,0.7739977240562439,0.0,0.03,0.5,3,0.5,1.0,1.0,1.0,0.054524437,0.054149248,0.8913263,2
3wHE78v9zr4$_$12,2026,processed_po,1.0,2,1.0,2,0.1343456953763961,0.1343456953763961,0.0,0.03,0.5,3,0.5,1.0,1.0,1.0,0.22128108,0.06894926,0.70976967,2
41381$_$7,2026,processed_po,1.0,1,0.0,1,0.0,-0.6924465894699097,0.0,0.03,0.5,3,0.5,1.0,1.0,1.0,0.43323624,0.46991286,0.096850954,1
41381$_$8,2026,processed_po,1.0,2,1.0,2,1e-06,-0.1034906953573226,0.0,0.03,0.5,3,0.5,1.0,1.0,1.0,0.36829755,0.21446078,0.41724163,2
424SXFTCFsA$_$3,2026,processed_po,1.0,2,1.3333333730697632,2,1.407923936843872,1.407923936843872,0.0,0.03,0.5,3,0.5,1.0,1.0,1.0,0.014402795,0.06005442,0.9255428,2
424SXFTCFsA$_$2,2026,processed_po,1.0,2,1.3333333730697632,2,0.354560375213623,0.354560375213623,0.0,0.03,0.5,3,0.5,1.0,1.0,1.0,0.09376785,0.098968595,0.8072636,2
424SXFTCFsA$_$4,2026,processed_po,1.0,2,2.0,2,1.179804444313049,1.179804444313049,0.0,0.03,0.5,3,0.5,1.0,1.0,1.0,0.003575173,0.0787263,0.91769856,2
46495$_$9,2026,processed_po,1.0,0,-2.0,0,-1.975144624710083,-1.975144624710083,0.0,0.03,0.5,3,0.5,1.0,1.0,1.0,0.9612963,0.009203439,0.029500337,0
46615$_$1,2026,processed_po,1.0,0,-1.3333333730697632,0,-0.982633113861084,-0.982633113861084,0.0,0.03,0.5,3,0.5,1.0,1.0,1.0,0.7098142,0.17900723,0.111178614,0
4EDblUpJieU$_$7,2026,processed_po,1.0,2,1.3333333730697632,2,1.22147798538208,1.22147798538208,0.0,0.03,0.5,3,0.5,1.0,1.0,1.0,0.03476294,0.04537112,0.91986597,2
53609$_$10,2026,processed_po,1.0,0,-2.0,0,-2.324101209640503,-2.324101209640503,0.0,0.03,0.5,3,0.5,1.0,1.0,1.0,0.981427,0.00957236,0.009000636,0
53609$_$13,2026,processed_po,1.0,0,-2.0,0,-1.9071528911590576,-1.9071528911590576,0.0,0.03,0.5,3,0.5,1.0,1.0,1.0,0.9553579,0.021010408,0.023631662,0
53609$_$3,2026,processed_po,1.0,1,0.0,0,-1.1075741052627563,-1.1075741052627563,0.0,0.03,0.5,3,0.5,1.0,1.0,1.0,0.82012326,0.09567761,0.08419904,0
53609$_$7,2026,processed_po,1.0,0,-1.6666666269302368,0,-1.939994215965271,-1.939994215965271,0.0,0.03,0.5,3,0.5,1.0,1.0,1.0,0.94252104,0.026310226,0.031168712,0
53766$_$4,2026,processed_po,1.0,2,2.3333332538604736,2,1.2306742668151855,1.2306742668151855,0.0,0.03,0.5,3,0.5,1.0,1.0,1.0,0.03643776,0.113157056,0.8504052,2
53766$_$9,2026,processed_po,1.0,2,2.0,2,0.8017706871032715,0.8017706871032715,0.0,0.03,0.5,3,0.5,1.0,1.0,1.0,0.025375718,0.07364049,0.9009837,2
56989$_$12,2026,processed_po,1.0,0,-0.6666666865348816,0,-0.3320782780647278,-0.3320782780647278,0.0,0.03,0.5,3,0.5,1.0,1.0,1.0,0.62105733,0.11139552,0.26754713,0
56989$_$5,2026,processed_po,1.0,0,-2.3333332538604736,0,-2.197420835494995,-2.197420835494995,0.0,0.03,0.5,3,0.5,1.0,1.0,1.0,0.95397496,0.022873858,0.023151169,0
56989$_$9,2026,processed_po,1.0,2,1.0,2,0.937773585319519,0.937773585319519,0.0,0.03,0.5,3,0.5,1.0,1.0,1.0,0.014618707,0.052728347,0.93265295,2
59673$_$4,2026,processed_po,1.0,2,1.0,0,-1.1420862674713137,-1.1420862674713137,0.0,0.03,0.5,3,0.5,1.0,1.0,1.0,0.622796,0.22705017,0.15015388,0
59673$_$6,2026,processed_po,1.0,0,-0.3333333432674408,0,-1.6136643886566162,-1.6136643886566162,0.0,0.03,0.5,3,0.5,1.0,1.0,1.0,0.8045359,0.18137953,0.014084592,0
5eY4S1F62Z4$_$13,2026,processed_po,1.0,2,0.3333333432674408,0,-0.4630515575408935,-0.4630515575408935,0.0,0.03,0.5,3,0.5,1.0,1.0,1.0,0.67862123,0.16723919,0.15413953,0
5eY4S1F62Z4$_$17,2026,processed_po,1.0,2,0.3333333432674408,1,0.0,-0.1175277605652809,0.0,0.03,0.5,3,0.5,1.0,1.0,1.0,0.14944695,0.4506931,0.39986,1
5fKPJPFqPho$_$2,2026,processed_po,1.0,2,0.6666666865348816,2,0.2871585786342621,0.2871585786342621,0.0,0.03,0.5,3,0.5,1.0,1.0,1.0,0.011885912,0.23227414,0.75584,2
5lrDS7LluCA$_$4,2026,processed_po,1.0,2,1.0,2,1.680993676185608,1.680993676185608,0.0,0.03,0.5,3,0.5,1.0,1.0,1.0,0.059988853,0.020406343,0.91960484,2
5pxFqJ5hKMU$_$2,2026,processed_po,1.0,1,0.0,2,0.4301537275314331,0.4301537275314331,0.0,0.03,0.5,3,0.5,1.0,1.0,1.0,0.01203692,0.39891115,0.58905196,2
5vwXp27bCLw$_$16,2026,processed_po,1.0,1,0.0,1,0.0,-0.1640533059835434,0.0,0.03,0.5,3,0.5,1.0,1.0,1.0,0.392075,0.47213235,0.1357926,1
5xa0Ac2krGs$_$2,2026,processed_po,1.0,0,-0.3333333432674408,0,-0.3066911399364471,-0.3066911399364471,0.0,0.03,0.5,3,0.5,1.0,1.0,1.0,0.36492053,0.3205878,0.31449163,0
5xa0Ac2krGs$_$7,2026,processed_po,1.0,2,0.3333333432674408,1,0.0,0.1804353892803192,0.0,0.03,0.5,3,0.5,1.0,1.0,1.0,0.016731305,0.5037365,0.4795322,1
61531$_$3,2026,processed_po,1.0,1,0.0,1,0.0,-0.1114430353045463,0.0,0.03,0.5,3,0.5,1.0,1.0,1.0,0.04980599,0.5851192,0.36507478,1
61531$_$9,2026,processed_po,1.0,2,2.0,2,1.7479803562164309,1.7479803562164309,0.0,0.03,0.5,3,0.5,1.0,1.0,1.0,0.05799953,0.13000749,0.81199294,2
63951$_$1,2026,processed_po,1.0,1,0.0,1,0.0,-0.0011761373607441,0.0,0.03,0.5,3,0.5,1.0,1.0,1.0,0.24065691,0.41014624,0.34919682,1
67uKYi7mslE$_$3,2026,processed_po,1.0,2,0.6666666865348816,2,0.2382345646619796,0.2382345646619796,0.0,0.03,0.5,3,0.5,1.0,1.0,1.0,0.08656238,0.38834468,0.52509296,2
67uKYi7mslE$_$4,2026,processed_po,1.0,1,0.0,2,0.1323676109313964,0.1323676109313964,0.0,0.03,0.5,3,0.5,1.0,1.0,1.0,0.18710032,0.30344674,0.50945294,2
69824$_$5,2026,processed_po,1.0,0,-2.6666667461395264,0,-2.02953577041626,-2.02953577041626,0.0,0.03,0.5,3,0.5,1.0,1.0,1.0,0.95173883,0.0074706683,0.04079058,0
6EDoVEm16fU$_$13,2026,processed_po,1.0,2,1.3333333730697632,2,1.511564016342163,1.511564016342163,0.0,0.03,0.5,3,0.5,1.0,1.0,1.0,0.015839757,0.07761001,0.9065503,2
6EDoVEm16fU$_$4,2026,processed_po,1.0,2,1.6666666269302368,2,1.1372967958450315,1.1372967958450315,0.0,0.03,0.5,3,0.5,1.0,1.0,1.0,0.03336197,0.04698957,0.9196485,2
6EDoVEm16fU$_$6,2026,processed_po,1.0,2,1.0,2,0.546558141708374,0.546558141708374,0.0,0.03,0.5,3,0.5,1.0,1.0,1.0,0.26228136,0.08185894,0.6558597,2
6EJHA6IDLNk$_$3,2026,processed_po,1.0,2,0.6666666865348816,2,0.3920207619667053,0.3920207619667053,0.0,0.03,0.5,3,0.5,1.0,1.0,1.0,0.09156125,0.45305663,0.4553822,2
6EJHA6IDLNk$_$4,2026,processed_po,1.0,1,0.0,2,0.7855175733566284,0.7855175733566284,0.0,0.03,0.5,3,0.5,1.0,1.0,1.0,0.093983464,0.112780534,0.79323596,2
6RFVsOWK1m4$_$7,2026,processed_po,1.0,0,-0.6666666865348816,0,-1.4126992225646973,-1.4126992225646973,0.0,0.03,0.5,3,0.5,1.0,1.0,1.0,0.91224736,0.050125074,0.037627548,0
6RFVsOWK1m4$_$9,2026,processed_po,1.0,2,1.0,2,0.520958423614502,0.520958423614502,0.0,0.03,0.5,3,0.5,1.0,1.0,1.0,0.021380957,0.14509758,0.8335215,2
6brtMLkjjYk$_$0,2026,processed_po,1.0,2,2.0,2,0.5113271474838257,0.5113271474838257,0.0,0.03,0.5,3,0.5,1.0,1.0,1.0,0.09783219,0.11772344,0.7844444,2
6gtfeIqGasE$_$0,2026,processed_po,1.0,2,1.3333333730697632,2,1.2767605781555176,1.2767605781555176,0.0,0.03,0.5,3,0.5,1.0,1.0,1.0,0.061439976,0.046995472,0.89156455,2
6uoM8-9d0zA$_$4,2026,processed_po,1.0,2,0.6666666865348816,2,0.4827640950679779,0.4827640950679779,0.0,0.03,0.5,3,0.5,1.0,1.0,1.0,0.007923686,0.28924322,0.702833,2
79356$_$7,2026,processed_po,1.0,2,2.6666667461395264,0,-0.1362678259611129,-0.1362678259611129,0.0,0.03,0.5,3,0.5,1.0,1.0,1.0,0.4877683,0.17092413,0.34130758,0
79356$_$9,2026,processed_po,1.0,2,1.0,0,-0.1835952848196029,-0.1835952848196029,0.0,0.03,0.5,3,0.5,1.0,1.0,1.0,0.45922974,0.41701412,0.12375621,0
7IxmlIwqigw$_$20,2026,processed_po,1.0,2,0.6666666865348816,2,0.2860032916069031,0.2860032916069031,0.0,0.03,0.5,3,0.5,1.0,1.0,1.0,0.1417147,0.23447809,0.62380713,2
7IxmlIwqigw$_$16,2026,processed_po,1.0,2,0.6666666865348816,2,0.6247348785400391,0.6247348785400391,0.0,0.03,0.5,3,0.5,1.0,1.0,1.0,0.024143348,0.077850066,0.89800656,2
7deoh0NoMs4$_$0,2026,processed_po,1.0,2,2.0,2,0.7548116445541382,0.7548116445541382,0.0,0.03,0.5,3,0.5,1.0,1.0,1.0,0.012151532,0.07991756,0.9079309,2
7f3ndBCx_JE$_$19,2026,processed_po,1.0,2,2.0,2,1.477873682975769,1.477873682975769,0.0,0.03,0.5,3,0.5,1.0,1.0,1.0,0.0086367745,0.029563947,0.9617993,2
7mb8Y2AhXIY$_$6,2026,processed_po,1.0,2,2.0,2,0.6133912205696106,0.6133912205696106,0.0,0.03,0.5,3,0.5,1.0,1.0,1.0,0.042963866,0.08352105,0.87351507,2
83400$_$5,2026,processed_po,1.0,1,0.0,0,-0.624482274055481,-0.624482274055481,0.0,0.03,0.5,3,0.5,1.0,1.0,1.0,0.60923827,0.24417965,0.14658213,0
86c2OkQ3_U8$_$22,2026,processed_po,1.0,2,2.0,2,0.9222081899642944,0.9222081899642944,0.0,0.03,0.5,3,0.5,1.0,1.0,1.0,0.024405057,0.042981427,0.93261355,2
86c2OkQ3_U8$_$3,2026,processed_po,1.0,2,0.6666666865348816,2,0.5577129125595093,0.5577129125595093,0.0,0.03,0.5,3,0.5,1.0,1.0,1.0,0.02536655,0.18096213,0.7936713,2
88791$_$15,2026,processed_po,1.0,2,0.3333333432674408,2,0.6911236047744751,0.6911236047744751,0.0,0.03,0.5,3,0.5,1.0,1.0,1.0,0.036871627,0.19286793,0.7702604,2
88791$_$1,2026,processed_po,1.0,0,-1.0,1,0.0,-0.055771954357624,0.0,0.03,0.5,3,0.5,1.0,1.0,1.0,0.066752434,0.8432579,0.08998965,1
88791$_$2,2026,processed_po,1.0,1,0.0,1,0.0,-0.3069806694984436,0.0,0.03,0.5,3,0.5,1.0,1.0,1.0,0.27901965,0.68606526,0.03491506,1
8XZszYrUSCQ$_$0,2026,processed_po,1.0,2,1.0,2,1.219350814819336,1.219350814819336,0.0,0.03,0.5,3,0.5,1.0,1.0,1.0,0.007475725,0.14870122,0.84382296,2
8i7u3fl-hP8$_$0,2026,processed_po,1.0,2,1.3333333730697632,2,1.3611419200897217,1.3611419200897217,0.0,0.03,0.5,3,0.5,1.0,1.0,1.0,0.10820965,0.07485936,0.816931,2
8lfS97s2AKc$_$0,2026,processed_po,1.0,0,-1.3333333730697632,0,-1.662055492401123,-1.662055492401123,0.0,0.03,0.5,3,0.5,1.0,1.0,1.0,0.9012466,0.02685571,0.071897686,0
8lfS97s2AKc$_$7,2026,processed_po,1.0,0,-1.0,1,0.0,0.1654125154018402,0.0,0.03,0.5,3,0.5,1.0,1.0,1.0,0.14358063,0.45553917,0.40088013,1
8wNr-NQImFg$_$8,2026,processed_po,1.0,2,0.3333333432674408,2,0.609266459941864,0.609266459941864,0.0,0.03,0.5,3,0.5,1.0,1.0,1.0,0.02890734,0.25842908,0.71266353,2
8wQhzezNcUY$_$1,2026,processed_po,1.0,2,2.0,2,1.4575140476226809,1.4575140476226809,0.0,0.03,0.5,3,0.5,1.0,1.0,1.0,0.016847158,0.08255872,0.9005942,2
8wQhzezNcUY$_$2,2026,processed_po,1.0,2,1.0,2,1.4009952545166016,1.4009952545166016,0.0,0.03,0.5,3,0.5,1.0,1.0,1.0,0.02699841,0.039230444,0.9337712,2
91844$_$10,2026,processed_po,1.0,0,-0.3333333432674408,0,-0.4355387687683105,-0.4355387687683105,0.0,0.03,0.5,3,0.5,1.0,1.0,1.0,0.6212213,0.24330054,0.1354781,0
91844$_$5,2026,processed_po,1.0,2,3.0,0,-1.1039289236068726,-1.1039289236068726,0.0,0.03,0.5,3,0.5,1.0,1.0,1.0,0.59895724,0.21334748,0.18769531,0
91844$_$7,2026,processed_po,1.0,2,0.6666666865348816,0,-0.9690028429031372,-0.9690028429031372,0.0,0.03,0.5,3,0.5,1.0,1.0,1.0,0.73397785,0.08067095,0.18535113,0
91844$_$9,2026,processed_po,1.0,0,-0.3333333432674408,0,-0.5179582834243774,-0.5179582834243774,0.0,0.03,0.5,3,0.5,1.0,1.0,1.0,0.4351539,0.264585,0.3002611,0
92291$_$1,2026,processed_po,1.0,2,1.3333333730697632,1,0.0,-0.0021151001565158,0.0,0.03,0.5,3,0.5,1.0,1.0,1.0,0.24635771,0.41739276,0.33624956,1
92291$_$2,2026,processed_po,1.0,1,0.0,2,0.1959650963544845,0.1959650963544845,0.0,0.03,0.5,3,0.5,1.0,1.0,1.0,0.20884882,0.3033808,0.4877704,2
92291$_$5,2026,processed_po,1.0,0,-2.3333332538604736,0,-1.6888251304626465,-1.6888251304626465,0.0,0.03,0.5,3,0.5,1.0,1.0,1.0,0.9109575,0.0127074085,0.07633503,0
92496$_$0,2026,processed_po,1.0,0,-2.6666667461395264,0,-0.4320102632045746,-0.4320102632045746,0.0,0.03,0.5,3,0.5,1.0,1.0,1.0,0.5863215,0.35574234,0.05793613,0
93iGT5oueTA$_$12,2026,processed_po,1.0,0,-2.0,0,-2.117327928543091,-2.117327928543091,0.0,0.03,0.5,3,0.5,1.0,1.0,1.0,0.9350686,0.015930722,0.049000677,0
93iGT5oueTA$_$4,2026,processed_po,1.0,2,1.3333333730697632,2,0.452837586402893,0.452837586402893,0.0,0.03,0.5,3,0.5,1.0,1.0,1.0,0.14208762,0.4065031,0.45140928,2
94481$_$2,2026,processed_po,1.0,2,0.6666666865348816,0,-0.6991540193557739,-0.6991540193557739,0.0,0.03,0.5,3,0.5,1.0,1.0,1.0,0.4707265,0.28623667,0.2430369,0
94481$_$4,2026,processed_po,1.0,2,2.6666667461395264,2,0.1778813898563385,0.1778813898563385,0.0,0.03,0.5,3,0.5,1.0,1.0,1.0,0.15969378,0.2144913,0.6258149,2
97ENTofrmNo$_$0,2026,processed_po,1.0,2,1.3333333730697632,2,0.7937498688697815,0.7937498688697815,0.0,0.03,0.5,3,0.5,1.0,1.0,1.0,0.05642698,0.18672176,0.75685126,2
9GzFQBljNIY$_$0,2026,processed_po,1.0,1,0.0,1,0.0,-0.328071653842926,0.0,0.03,0.5,3,0.5,1.0,1.0,1.0,0.31426698,0.53991574,0.1458173,1
9PzZSheh10U$_$24,2026,processed_po,1.0,2,2.3333332538604736,2,0.5549617409706116,0.5549617409706116,0.0,0.03,0.5,3,0.5,1.0,1.0,1.0,0.013678332,0.10542384,0.8808979,2
9PzZSheh10U$_$23,2026,processed_po,1.0,2,0.6666666865348816,2,1e-06,-0.0554156117141246,0.0,0.03,0.5,3,0.5,1.0,1.0,1.0,0.17562175,0.2362001,0.58817816,2
9PzZSheh10U$_$5,2026,processed_po,1.0,1,0.0,1,0.0,0.1224461942911148,0.0,0.03,0.5,3,0.5,1.0,1.0,1.0,0.09144015,0.48616523,0.42239457,1
9PzZSheh10U$_$19,2026,processed_po,1.0,2,0.3333333432674408,1,0.0,0.1897116303443908,0.0,0.03,0.5,3,0.5,1.0,1.0,1.0,0.028937673,0.5587413,0.41232112,1
9cYNT_YSo8o$_$2,2026,processed_po,1.0,0,-1.0,0,-0.9774397015571594,-0.9774397015571594,0.0,0.03,0.5,3,0.5,1.0,1.0,1.0,0.8300278,0.04731968,0.12265253,0
9orb0lQnVW4$_$0,2026,processed_po,1.0,1,0.0,1,0.0,-0.0508336424827575,0.0,0.03,0.5,3,0.5,1.0,1.0,1.0,0.31098577,0.41114235,0.2778719,1
A1lFJXUpxZo$_$7,2026,processed_po,1.0,2,1.6666666269302368,2,1.030138611793518,1.030138611793518,0.0,0.03,0.5,3,0.5,1.0,1.0,1.0,0.010095515,0.06169965,0.9282048,2
AB1PbMaW03s$_$13,2026,processed_po,1.0,1,0.0,1,0.0,-0.1468184441328048,0.0,0.03,0.5,3,0.5,1.0,1.0,1.0,0.2997614,0.4073804,0.2928582,1
AB1PbMaW03s$_$3,2026,processed_po,1.0,2,0.3333333432674408,2,0.0932056456804275,0.0932056456804275,0.0,0.03,0.5,3,0.5,1.0,1.0,1.0,0.014884172,0.42491192,0.56020385,2
AB1PbMaW03s$_$8,2026,processed_po,1.0,1,0.0,1,0.0,-0.0944801643490791,0.0,0.03,0.5,3,0.5,1.0,1.0,1.0,0.16961344,0.6429067,0.1874799,1
AHiA9hohKr8$_$0,2026,processed_po,1.0,1,0.0,2,0.8376511931419373,0.8376511931419373,0.0,0.03,0.5,3,0.5,1.0,1.0,1.0,0.043286532,0.1136388,0.8430747,2
C5-cY1nPQ20$_$11,2026,processed_po,1.0,2,0.6666666865348816,2,1.2258964776992798,1.2258964776992798,0.0,0.03,0.5,3,0.5,1.0,1.0,1.0,0.050574686,0.08497919,0.86444616,2
C5-cY1nPQ20$_$8,2026,processed_po,1.0,2,0.3333333432674408,2,0.8633687496185303,0.8633687496185303,0.0,0.03,0.5,3,0.5,1.0,1.0,1.0,0.07999346,0.22499035,0.69501615,2
CKqDDh50gcU$_$14,2026,processed_po,1.0,2,1.3333333730697632,2,0.909254550933838,0.909254550933838,0.0,0.03,0.5,3,0.5,1.0,1.0,1.0,0.010736111,0.068142295,0.92112154,2
CKqDDh50gcU$_$6,2026,processed_po,1.0,2,1.6666666269302368,2,0.6126536130905151,0.6126536130905151,0.0,0.03,0.5,3,0.5,1.0,1.0,1.0,0.027953152,0.073554195,0.8984927,2
CO2YoTZbUr0$_$0,2026,processed_po,1.0,1,0.0,0,-1.2456876039505005,-1.2456876039505005,0.0,0.03,0.5,3,0.5,1.0,1.0,1.0,0.87585545,0.073289,0.050855547,0
CO6n-skQJss$_$0,2026,processed_po,1.0,1,0.0,2,0.0774600654840469,0.0774600654840469,0.0,0.03,0.5,3,0.5,1.0,1.0,1.0,0.1515991,0.11279808,0.7356028,2
CO6n-skQJss$_$3,2026,processed_po,1.0,0,-1.3333333730697632,2,1e-06,-0.4313671588897705,0.0,0.03,0.5,3,0.5,1.0,1.0,1.0,0.22962542,0.18355681,0.58681774,2
CU6U-gS76K4$_$20,2026,processed_po,1.0,2,1.6666666269302368,2,0.7998439073562622,0.7998439073562622,0.0,0.03,0.5,3,0.5,1.0,1.0,1.0,0.05639984,0.078515954,0.8650842,2
CbRexsp1HKw$_$7,2026,processed_po,1.0,1,0.0,0,-0.0736138597130775,-0.0736138597130775,0.0,0.03,0.5,3,0.5,1.0,1.0,1.0,0.51494086,0.115138166,0.36992103,0
ChhZna-aBK4$_$10,2026,processed_po,1.0,2,0.3333333432674408,2,1e-06,-0.0333523750305175,0.0,0.03,0.5,3,0.5,1.0,1.0,1.0,0.1198979,0.16249503,0.7176071,2
ChhZna-aBK4$_$16,2026,processed_po,1.0,1,0.0,2,0.2028441131114959,0.2028441131114959,0.0,0.03,0.5,3,0.5,1.0,1.0,1.0,0.012244596,0.35481024,0.6329452,2
ChhZna-aBK4$_$8,2026,processed_po,1.0,2,0.6666666865348816,2,0.4580020308494568,0.4580020308494568,0.0,0.03,0.5,3,0.5,1.0,1.0,1.0,0.012046655,0.15618029,0.8317731,2
DVAY-u_cJWU$_$5,2026,processed_po,1.0,2,1.0,2,1.3176871538162231,1.3176871538162231,0.0,0.03,0.5,3,0.5,1.0,1.0,1.0,0.026839668,0.039100304,0.93406004,2
DjcZrtcBZi4$_$10,2026,processed_po,1.0,2,0.3333333432674408,2,0.298498123884201,0.298498123884201,0.0,0.03,0.5,3,0.5,1.0,1.0,1.0,0.13690595,0.15694721,0.70614684,2
DjcZrtcBZi4$_$8,2026,processed_po,1.0,1,0.0,2,0.2836831510066986,0.2836831510066986,0.0,0.03,0.5,3,0.5,1.0,1.0,1.0,0.030330298,0.22870545,0.7409642,2
DnBHq5I52LM$_$5,2026,processed_po,1.0,0,-1.3333333730697632,0,-1.3962749242782593,-1.3962749242782593,0.0,0.03,0.5,3,0.5,1.0,1.0,1.0,0.6924344,0.25575352,0.051812213,0
DtbT85s3i94$_$5,2026,processed_po,1.0,2,1.0,2,0.0687871277332305,0.0687871277332305,0.0,0.03,0.5,3,0.5,1.0,1.0,1.0,0.30457258,0.16589871,0.52952874,2
EMS14J0odIE$_$16,2026,processed_po,1.0,0,-0.3333333432674408,2,0.1168978661298751,0.1168978661298751,0.0,0.03,0.5,3,0.5,1.0,1.0,1.0,0.11485789,0.35639438,0.52874774,2
EO_5o9Gup6g$_$10,2026,processed_po,1.0,0,-0.6666666865348816,0,-0.8328810930252075,-0.8328810930252075,0.0,0.03,0.5,3,0.5,1.0,1.0,1.0,0.6075266,0.11918269,0.2732907,0
EO_5o9Gup6g$_$4,2026,processed_po,1.0,0,-1.0,2,1e-06,-0.5910770893096924,0.0,0.03,0.5,3,0.5,1.0,1.0,1.0,0.4093021,0.060863655,0.5298343,2
EO_5o9Gup6g$_$6,2026,processed_po,1.0,0,-2.0,0,-1.2843029499053955,-1.2843029499053955,0.0,0.03,0.5,3,0.5,1.0,1.0,1.0,0.67686504,0.12400656,0.19912831,0
EyoMU2yoJPY$_$11,2026,processed_po,1.0,2,1.6666666269302368,2,1.4492063522338867,1.4492063522338867,0.0,0.03,0.5,3,0.5,1.0,1.0,1.0,0.009844971,0.051036842,0.93911815,2
EyoMU2yoJPY$_$7,2026,processed_po,1.0,0,-0.3333333432674408,0,-0.1949265897274017,-0.1949265897274017,0.0,0.03,0.5,3,0.5,1.0,1.0,1.0,0.70268714,0.063825466,0.23348743,0
F2hc2FLOdhI$_$3,2026,processed_po,1.0,2,1.0,0,-1.1405856609344482,-1.1405856609344482,0.0,0.03,0.5,3,0.5,1.0,1.0,1.0,0.90151334,0.03853725,0.05994945,0
F2hc2FLOdhI$_$5,2026,processed_po,1.0,2,1.0,2,0.1124335080385208,0.1124335080385208,0.0,0.03,0.5,3,0.5,1.0,1.0,1.0,0.42747417,0.14176692,0.4307589,0
F8eQI8E-6q4$_$3,2026,processed_po,1.0,0,-0.6666666865348816,0,-1.9708075523376465,-1.9708075523376465,0.0,0.03,0.5,3,0.5,1.0,1.0,1.0,0.9404633,0.036792826,0.022743925,0
FHDVQkU-nGI$_$7,2026,processed_po,1.0,2,2.0,2,1.8697192668914795,1.8697192668914795,0.0,0.03,0.5,3,0.5,1.0,1.0,1.0,0.032233525,0.020119876,0.94764656,2
F_YaG_pvZrA$_$11,2026,processed_po,1.0,1,0.0,2,0.8984918594360352,0.8984918594360352,0.0,0.03,0.5,3,0.5,1.0,1.0,1.0,0.018742437,0.050738633,0.93051887,2
GAVpYuhMZAw$_$12,2026,processed_po,1.0,2,1.0,1,0.0,0.0329507663846015,0.0,0.03,0.5,3,0.5,1.0,1.0,1.0,0.26358753,0.42004526,0.31636715,1
GAVpYuhMZAw$_$1,2026,processed_po,1.0,2,2.0,2,0.1230954080820083,0.1230954080820083,0.0,0.03,0.5,3,0.5,1.0,1.0,1.0,0.1258762,0.3446101,0.5295137,2
GAVpYuhMZAw$_$4,2026,processed_po,1.0,2,0.3333333432674408,1,0.0,-0.0350039526820182,0.0,0.03,0.5,3,0.5,1.0,1.0,1.0,0.0974443,0.45961425,0.44294143,1
GAVpYuhMZAw$_$6,2026,processed_po,1.0,0,-0.3333333432674408,0,-0.0915295854210853,-0.0915295854210853,0.0,0.03,0.5,3,0.5,1.0,1.0,1.0,0.4931092,0.33496842,0.17192245,0
GK-Pprzh0t0$_$1,2026,processed_po,1.0,0,-1.6666666269302368,0,-0.7483242154121399,-0.7483242154121399,0.0,0.03,0.5,3,0.5,1.0,1.0,1.0,0.79761136,0.08498318,0.117405415,0
GKsjv42t284$_$1,2026,processed_po,1.0,2,1.3333333730697632,2,1.0323232412338257,1.0323232412338257,0.0,0.03,0.5,3,0.5,1.0,1.0,1.0,0.009606523,0.023018373,0.96737516,2
GMa0cIAltnw$_$3,2026,processed_po,1.0,2,0.3333333432674408,2,0.4583195447921753,0.4583195447921753,0.0,0.03,0.5,3,0.5,1.0,1.0,1.0,0.17965718,0.11789786,0.7024449,2
GNP0PFas12Y$_$4,2026,processed_po,1.0,2,0.3333333432674408,2,0.3014333546161651,0.3014333546161651,0.0,0.03,0.5,3,0.5,1.0,1.0,1.0,0.3637621,0.10312424,0.53311366,2
HFPGeaEPy9o$_$0,2026,processed_po,1.0,0,-0.3333333432674408,0,-1.7353098392486572,-1.7353098392486572,0.0,0.03,0.5,3,0.5,1.0,1.0,1.0,0.9267637,0.03455058,0.038685665,0
HJTxq72GuMs$_$14,2026,processed_po,1.0,2,0.6666666865348816,2,0.5046465396881104,0.5046465396881104,0.0,0.03,0.5,3,0.5,1.0,1.0,1.0,0.07186047,0.13387498,0.7942645,2
HMRqR-P68Ws$_$0,2026,processed_po,1.0,2,1.0,1,0.0,0.0266706272959709,0.0,0.03,0.5,3,0.5,1.0,1.0,1.0,0.10588002,0.6960815,0.19803841,1
HR18U0yAlTc$_$10,2026,processed_po,1.0,1,0.0,2,1.6044692993164062,1.6044692993164062,0.0,0.03,0.5,3,0.5,1.0,1.0,1.0,0.04893787,0.02346203,0.92760015,2
HR18U0yAlTc$_$4,2026,processed_po,1.0,0,-0.3333333432674408,2,0.4140707850456238,0.4140707850456238,0.0,0.03,0.5,3,0.5,1.0,1.0,1.0,0.03104093,0.12884954,0.8401095,2
HR18U0yAlTc$_$9,2026,processed_po,1.0,0,-0.3333333432674408,2,1.0024045705795288,1.0024045705795288,0.0,0.03,0.5,3,0.5,1.0,1.0,1.0,0.06539492,0.07049701,0.86410815,2
HbaycY0VuZk$_$0,2026,processed_po,1.0,2,1.3333333730697632,2,0.6813437938690186,0.6813437938690186,0.0,0.03,0.5,3,0.5,1.0,1.0,1.0,0.022281578,0.21158014,0.76613826,2
IHp8hd1jm6k$_$27,2026,processed_po,1.0,2,1.3333333730697632,2,0.5858749747276306,0.5858749747276306,0.0,0.03,0.5,3,0.5,1.0,1.0,1.0,0.019744491,0.11108719,0.86916834,2
IHp8hd1jm6k$_$0,2026,processed_po,1.0,2,1.6666666269302368,2,0.4458462595939636,0.4458462595939636,0.0,0.03,0.5,3,0.5,1.0,1.0,1.0,0.08064205,0.1532472,0.7661108,2
IHp8hd1jm6k$_$5,2026,processed_po,1.0,2,1.0,2,1.0082361698150637,1.0082361698150637,0.0,0.03,0.5,3,0.5,1.0,1.0,1.0,0.038687807,0.075201266,0.8861109,2
IHp8hd1jm6k$_$7,2026,processed_po,1.0,1,0.0,0,-0.0583072006702423,-0.0583072006702423,0.0,0.03,0.5,3,0.5,1.0,1.0,1.0,0.49992448,0.15551063,0.34456488,0
IHp8hd1jm6k$_$15,2026,processed_po,1.0,2,1.3333333730697632,2,0.7461159825325012,0.7461159825325012,0.0,0.03,0.5,3,0.5,1.0,1.0,1.0,0.00679708,0.05671008,0.9364928,2
IIPYcCii7Sg$_$3,2026,processed_po,1.0,0,-0.3333333432674408,1,0.0,0.0759201124310493,0.0,0.03,0.5,3,0.5,1.0,1.0,1.0,0.07231355,0.50984776,0.41783872,1
IRSxo_XXArg$_$12,2026,processed_po,1.0,1,0.0,2,1.8124669790267944,1.8124669790267944,0.0,0.03,0.5,3,0.5,1.0,1.0,1.0,0.032957282,0.03127614,0.9357665,2
IRSxo_XXArg$_$7,2026,processed_po,1.0,1,0.0,2,1.7366005182266235,1.7366005182266235,0.0,0.03,0.5,3,0.5,1.0,1.0,1.0,0.040826093,0.02763294,0.9315409,2
Iemw8vqt-54$_$13,2026,processed_po,1.0,2,0.3333333432674408,2,0.2576661109924316,0.2576661109924316,0.0,0.03,0.5,3,0.5,1.0,1.0,1.0,0.35928786,0.14697799,0.49373412,2
Iemw8vqt-54$_$0,2026,processed_po,1.0,2,0.6666666865348816,2,1.1801942586898804,1.1801942586898804,0.0,0.03,0.5,3,0.5,1.0,1.0,1.0,0.0103300745,0.062978625,0.9266913,2
Iemw8vqt-54$_$9,2026,processed_po,1.0,2,1.0,2,0.548438310623169,0.548438310623169,0.0,0.03,0.5,3,0.5,1.0,1.0,1.0,0.082117245,0.13240601,0.7854768,2
JKueLneBoik$_$0,2026,processed_po,1.0,2,1.0,2,1.3495423793792725,1.3495423793792725,0.0,0.03,0.5,3,0.5,1.0,1.0,1.0,0.027597545,0.065195926,0.9072066,2
JKueLneBoik$_$4,2026,processed_po,1.0,1,0.0,2,0.1358750015497207,0.1358750015497207,0.0,0.03,0.5,3,0.5,1.0,1.0,1.0,0.015173145,0.28740978,0.6974171,2
JNhqI4JtPXA$_$3,2026,processed_po,1.0,2,2.0,2,2.1398634910583496,2.1398634910583496,0.0,0.03,0.5,3,0.5,1.0,1.0,1.0,0.026701309,0.022358565,0.95094025,2
JXYot3NDQn0$_$2,2026,processed_po,1.0,2,0.6666666865348816,2,1.6774613857269287,1.6774613857269287,0.0,0.03,0.5,3,0.5,1.0,1.0,1.0,0.014012954,0.033488344,0.95249873,2
KB5hSnV1emg$_$3,2026,processed_po,1.0,1,0.0,0,-0.0892407894134521,-0.0892407894134521,0.0,0.03,0.5,3,0.5,1.0,1.0,1.0,0.5986746,0.16403027,0.23729518,0
Kn5eKHlPD0k$_$12,2026,processed_po,1.0,2,1.0,2,0.4366258084774017,0.4366258084774017,0.0,0.03,0.5,3,0.5,1.0,1.0,1.0,0.07084248,0.28767225,0.6414852,2
Kn99u05vlpA$_$5,2026,processed_po,1.0,2,1.6666666269302368,0,-1e-06,0.1404994428157806,0.0,0.03,0.5,3,0.5,1.0,1.0,1.0,0.39274374,0.24352282,0.3637334,0
L-7oRnbi9-w$_$3,2026,processed_po,1.0,2,0.3333333432674408,2,0.3085275292396545,0.3085275292396545,0.0,0.03,0.5,3,0.5,1.0,1.0,1.0,0.10521336,0.15502322,0.7397635,2
L-a4Sh6iAcw$_$7,2026,processed_po,1.0,2,0.6666666865348816,2,0.5703563094139099,0.5703563094139099,0.0,0.03,0.5,3,0.5,1.0,1.0,1.0,0.030168252,0.09152351,0.87830824,2
L-a4Sh6iAcw$_$9,2026,processed_po,1.0,2,0.6666666865348816,2,0.9962410926818848,0.9962410926818848,0.0,0.03,0.5,3,0.5,1.0,1.0,1.0,0.047516033,0.05175496,0.900729,2
LD3HYOwk1Bc$_$0,2026,processed_po,1.0,1,0.0,2,0.6450219750404358,0.6450219750404358,0.0,0.03,0.5,3,0.5,1.0,1.0,1.0,0.054845147,0.12666883,0.81848603,2
LJGL2sGvSS0$_$2,2026,processed_po,1.0,2,1.3333333730697632,1,0.0,-0.0548841096460819,0.0,0.03,0.5,3,0.5,1.0,1.0,1.0,0.030350711,0.5796968,0.38995254,1
LJGL2sGvSS0$_$10,2026,processed_po,1.0,2,1.3333333730697632,2,0.7240605354309082,0.7240605354309082,0.0,0.03,0.5,3,0.5,1.0,1.0,1.0,0.0050998367,0.052100312,0.94279987,2
LJGL2sGvSS0$_$14,2026,processed_po,1.0,2,1.6666666269302368,2,1.3748400211334229,1.3748400211334229,0.0,0.03,0.5,3,0.5,1.0,1.0,1.0,0.010225122,0.07516209,0.9146129,2
LJGL2sGvSS0$_$19,2026,processed_po,1.0,2,1.0,0,-0.3991212248802185,-0.3991212248802185,0.0,0.03,0.5,3,0.5,1.0,1.0,1.0,0.49172527,0.12052677,0.38774794,0
LcfubBagG6Q$_$1,2026,processed_po,1.0,2,1.3333333730697632,2,0.8228632807731628,0.8228632807731628,0.0,0.03,0.5,3,0.5,1.0,1.0,1.0,0.113081135,0.099172235,0.7877466,2
LcfubBagG6Q$_$3,2026,processed_po,1.0,2,0.3333333432674408,2,0.0603919588029384,0.0603919588029384,0.0,0.03,0.5,3,0.5,1.0,1.0,1.0,0.21335179,0.35538912,0.43125916,2
LyOq9mOEPuk$_$8,2026,processed_po,1.0,0,-0.6666666865348816,0,-1.178186535835266,-1.178186535835266,0.0,0.03,0.5,3,0.5,1.0,1.0,1.0,0.8736634,0.04466975,0.081666864,0
MHVrwCEWLPI$_$4,2026,processed_po,1.0,2,1.0,2,1.317537784576416,1.317537784576416,0.0,0.03,0.5,3,0.5,1.0,1.0,1.0,0.008936291,0.064488515,0.92657524,2
MHVrwCEWLPI$_$6,2026,processed_po,1.0,2,0.3333333432674408,2,0.2203225791454315,0.2203225791454315,0.0,0.03,0.5,3,0.5,1.0,1.0,1.0,0.044034492,0.090079986,0.86588544,2
MHyW857u_X8$_$18,2026,processed_po,1.0,0,-0.3333333432674408,2,0.2468798458576202,0.2468798458576202,0.0,0.03,0.5,3,0.5,1.0,1.0,1.0,0.30492705,0.0933949,0.601678,2
MZUr1DfYNNw$_$1,2026,processed_po,1.0,2,1.3333333730697632,2,0.1363810747861862,0.1363810747861862,0.0,0.03,0.5,3,0.5,1.0,1.0,1.0,0.07335664,0.3199112,0.6067322,2
NIpuKcoJhGM$_$0,2026,processed_po,1.0,2,2.0,0,-1e-06,0.4314262270927429,0.0,0.03,0.5,3,0.5,1.0,1.0,1.0,0.44390815,0.11963104,0.4364608,0
NVLPURuAVLU$_$2,2026,processed_po,1.0,0,-0.6666666865348816,0,-0.072882629930973,-0.072882629930973,0.0,0.03,0.5,3,0.5,1.0,1.0,1.0,0.43635005,0.21728589,0.34636408,0
NaWmaHwjElo$_$5,2026,processed_po,1.0,1,0.0,0,-0.2913917601108551,-0.2913917601108551,0.0,0.03,0.5,3,0.5,1.0,1.0,1.0,0.46955934,0.27317986,0.25726083,0
NiAjz4ciA60$_$1,2026,processed_po,1.0,2,1.0,2,1.1720106601715088,1.1720106601715088,0.0,0.03,0.5,3,0.5,1.0,1.0,1.0,0.009528978,0.04163921,0.94883174,2
NocexkPXja8$_$13,2026,processed_po,1.0,0,-1.0,0,-1.0053483247756958,-1.0053483247756958,0.0,0.03,0.5,3,0.5,1.0,1.0,1.0,0.8302477,0.11010321,0.059649106,0
NocexkPXja8$_$4,2026,processed_po,1.0,0,-2.3333332538604736,0,-1.7570793628692627,-1.7570793628692627,0.0,0.03,0.5,3,0.5,1.0,1.0,1.0,0.93691725,0.029379103,0.033703685,0
O-b3DQg0QmA$_$1,2026,processed_po,1.0,1,0.0,2,0.2437697649002075,0.2437697649002075,0.0,0.03,0.5,3,0.5,1.0,1.0,1.0,0.026979562,0.31151566,0.66150475,2
OFia3dWgaoI$_$0,2026,processed_po,1.0,0,-1.3333333730697632,0,-0.2989977300167084,-0.2989977300167084,0.0,0.03,0.5,3,0.5,1.0,1.0,1.0,0.5737036,0.19045822,0.23583822,0
OFia3dWgaoI$_$6,2026,processed_po,1.0,0,-0.6666666865348816,0,-0.49415123462677,-0.49415123462677,0.0,0.03,0.5,3,0.5,1.0,1.0,1.0,0.7661619,0.060563426,0.17327471,0
OKJPFisBoPY$_$0,2026,processed_po,1.0,2,0.3333333432674408,2,0.911644697189331,0.911644697189331,0.0,0.03,0.5,3,0.5,1.0,1.0,1.0,0.015254154,0.10386646,0.88087946,2
OORklkFql3k$_$10,2026,processed_po,1.0,0,-0.3333333432674408,0,-0.8525235056877136,-0.8525235056877136,0.0,0.03,0.5,3,0.5,1.0,1.0,1.0,0.8648326,0.074380316,0.06078706,0
OORklkFql3k$_$4,2026,processed_po,1.0,0,-2.0,2,0.1757629513740539,0.1757629513740539,0.0,0.03,0.5,3,0.5,1.0,1.0,1.0,0.27444217,0.14472523,0.58083266,2
OWWHjP3pX9o$_$0,2026,processed_po,1.0,0,-0.3333333432674408,2,0.0853826105594635,0.0853826105594635,0.0,0.03,0.5,3,0.5,1.0,1.0,1.0,0.3251118,0.19207081,0.48281738,2
OWWHjP3pX9o$_$4,2026,processed_po,1.0,2,0.6666666865348816,2,1e-06,-0.0423682518303394,0.0,0.03,0.5,3,0.5,1.0,1.0,1.0,0.37079394,0.169986,0.45922002,2
OXsTIPdytiw$_$0,2026,processed_po,1.0,2,0.6666666865348816,2,0.2514591813087463,0.2514591813087463,0.0,0.03,0.5,3,0.5,1.0,1.0,1.0,0.033351563,0.43146202,0.53518647,2
OXsTIPdytiw$_$7,2026,processed_po,1.0,2,0.6666666865348816,2,0.95248281955719,0.95248281955719,0.0,0.03,0.5,3,0.5,1.0,1.0,1.0,0.012131053,0.053316426,0.93455255,2
Oa2xVjzAMFc$_$9,2026,processed_po,1.0,0,-0.3333333432674408,2,0.251128077507019,0.251128077507019,0.0,0.03,0.5,3,0.5,1.0,1.0,1.0,0.16917196,0.3649078,0.4659202,2
OctOcfI4KSs$_$3,2026,processed_po,1.0,2,0.3333333432674408,0,-0.3024854958057403,-0.3024854958057403,0.0,0.03,0.5,3,0.5,1.0,1.0,1.0,0.5279025,0.29240006,0.17969744,0
OctOcfI4KSs$_$7,2026,processed_po,1.0,2,0.3333333432674408,1,0.0,-0.009064263664186,0.0,0.03,0.5,3,0.5,1.0,1.0,1.0,0.16875419,0.4656213,0.36562452,1
P0UHzR4CmYg$_$1,2026,processed_po,1.0,2,1.0,2,0.4380584955215454,0.4380584955215454,0.0,0.03,0.5,3,0.5,1.0,1.0,1.0,0.042801447,0.43370256,0.52349603,2
P0UHzR4CmYg$_$3,2026,processed_po,1.0,2,0.6666666865348816,2,1.176672339439392,1.176672339439392,0.0,0.03,0.5,3,0.5,1.0,1.0,1.0,0.011576486,0.0996067,0.88881683,2
P0UHzR4CmYg$_$4,2026,processed_po,1.0,2,1.0,2,1.2058453559875488,1.2058453559875488,0.0,0.03,0.5,3,0.5,1.0,1.0,1.0,0.0041348524,0.06288119,0.93298393,2
P0UHzR4CmYg$_$8,2026,processed_po,1.0,2,0.6666666865348816,2,1e-06,-0.0055346312001347,0.0,0.03,0.5,3,0.5,1.0,1.0,1.0,0.34988442,0.19572161,0.454394,2
P0UHzR4CmYg$_$11,2026,processed_po,1.0,0,-1.0,0,-0.4346992373466491,-0.4346992373466491,0.0,0.03,0.5,3,0.5,1.0,1.0,1.0,0.55273664,0.21333128,0.23393208,0
PcqKFt1p3UQ$_$10,2026,processed_po,1.0,2,0.3333333432674408,2,1e-06,-0.0175473820418119,0.0,0.03,0.5,3,0.5,1.0,1.0,1.0,0.33902627,0.2550886,0.4058852,2
PzI6yY9Y2xQ$_$0,2026,processed_po,1.0,2,1.6666666269302368,2,1.0577164888381958,1.0577164888381958,0.0,0.03,0.5,3,0.5,1.0,1.0,1.0,0.028059881,0.022476755,0.9494634,2
PzI6yY9Y2xQ$_$2,2026,processed_po,1.0,2,1.3333333730697632,2,0.7746620178222656,0.7746620178222656,0.0,0.03,0.5,3,0.5,1.0,1.0,1.0,0.030166142,0.058965784,0.9108681,2
QBc7X5jj8oA$_$4,2026,processed_po,1.0,2,1.3333333730697632,2,0.207617238163948,0.207617238163948,0.0,0.03,0.5,3,0.5,1.0,1.0,1.0,0.4136852,0.16201706,0.4242977,0
QCR7uyowjhM$_$10,2026,processed_po,1.0,2,0.3333333432674408,2,0.5461065769195557,0.5461065769195557,0.0,0.03,0.5,3,0.5,1.0,1.0,1.0,0.06897462,0.20395091,0.72707456,2
QCR7uyowjhM$_$8,2026,processed_po,1.0,1,0.0,0,-1.183815836906433,-1.183815836906433,0.0,0.03,0.5,3,0.5,1.0,1.0,1.0,0.7733528,0.16711713,0.059530135,0
QIonRUsCqBs$_$1,2026,processed_po,1.0,2,1.3333333730697632,2,1.2111696004867554,1.2111696004867554,0.0,0.03,0.5,3,0.5,1.0,1.0,1.0,0.010355988,0.054738875,0.9349051,2
Qfa1fY_07bQ$_$5,2026,processed_po,1.0,2,1.3333333730697632,2,0.2320299446582794,0.2320299446582794,0.0,0.03,0.5,3,0.5,1.0,1.0,1.0,0.07761477,0.25390747,0.6684778,2
R9xTBw3MCWI$_$5,2026,processed_po,1.0,2,0.3333333432674408,2,1.4982945919036863,1.4982945919036863,0.0,0.03,0.5,3,0.5,1.0,1.0,1.0,0.008754931,0.01525687,0.9759881,2
ROC2YI3tDsk$_$13,2026,processed_po,1.0,2,0.3333333432674408,2,0.939494252204895,0.939494252204895,0.0,0.03,0.5,3,0.5,1.0,1.0,1.0,0.0121718235,0.11110167,0.8767265,2
ROC2YI3tDsk$_$3,2026,processed_po,1.0,2,1.0,2,0.5967405438423157,0.5967405438423157,0.0,0.03,0.5,3,0.5,1.0,1.0,1.0,0.08365756,0.12643984,0.78990257,2
RVC8l5hf2Eg$_$13,2026,processed_po,1.0,0,-0.6666666865348816,2,0.164787545800209,0.164787545800209,0.0,0.03,0.5,3,0.5,1.0,1.0,1.0,0.24914059,0.28360602,0.46725336,2
RVC8l5hf2Eg$_$8,2026,processed_po,1.0,0,-0.3333333432674408,0,-0.1832934468984604,-0.1832934468984604,0.0,0.03,0.5,3,0.5,1.0,1.0,1.0,0.522792,0.31713176,0.1600763,0
Rb1uzHNcYcA$_$4,2026,processed_po,1.0,2,1.6666666269302368,2,1.530334234237671,1.530334234237671,0.0,0.03,0.5,3,0.5,1.0,1.0,1.0,0.011340037,0.02871109,0.95994884,2
RvmTZVNAAuQ$_$2,2026,processed_po,1.0,1,0.0,2,0.46087247133255,0.46087247133255,0.0,0.03,0.5,3,0.5,1.0,1.0,1.0,0.062332064,0.13774997,0.799918,2
SKTyBOhDX6U$_$11,2026,processed_po,1.0,2,1.6666666269302368,2,0.8986774682998657,0.8986774682998657,0.0,0.03,0.5,3,0.5,1.0,1.0,1.0,0.027709255,0.09566735,0.8766234,2
SKTyBOhDX6U$_$12,2026,processed_po,1.0,2,0.6666666865348816,0,-0.0390494503080844,-0.0390494503080844,0.0,0.03,0.5,3,0.5,1.0,1.0,1.0,0.43648037,0.2698874,0.29363224,0
SKTyBOhDX6U$_$9,2026,processed_po,1.0,2,1.0,2,1.055859088897705,1.055859088897705,0.0,0.03,0.5,3,0.5,1.0,1.0,1.0,0.009579949,0.03340312,0.9570169,2
SYQ_zv8dWng$_$0,2026,processed_po,1.0,2,0.3333333432674408,2,0.3468874394893646,0.3468874394893646,0.0,0.03,0.5,3,0.5,1.0,1.0,1.0,0.02781433,0.46064678,0.5115389,2
SYQ_zv8dWng$_$5,2026,processed_po,1.0,2,0.6666666865348816,2,0.2921140789985657,0.2921140789985657,0.0,0.03,0.5,3,0.5,1.0,1.0,1.0,0.3752634,0.08738021,0.53735644,2
SYQ_zv8dWng$_$6,2026,processed_po,1.0,2,0.6666666865348816,2,0.0755670890212059,0.0755670890212059,0.0,0.03,0.5,3,0.5,1.0,1.0,1.0,0.046557855,0.4486305,0.5048116,2
SYQ_zv8dWng$_$9,2026,processed_po,1.0,1,0.0,2,0.3309354484081268,0.3309354484081268,0.0,0.03,0.5,3,0.5,1.0,1.0,1.0,0.14067507,0.30665183,0.55267316,2
SZ7HK5ns6mE$_$11,2026,processed_po,1.0,2,1.6666666269302368,2,0.1928777694702148,0.1928777694702148,0.0,0.03,0.5,3,0.5,1.0,1.0,1.0,0.22487381,0.17986402,0.59526217,2
Sq6DIhFxPqQ$_$4,2026,processed_po,1.0,1,0.0,0,-0.300580084323883,-0.300580084323883,0.0,0.03,0.5,3,0.5,1.0,1.0,1.0,0.59329003,0.18340607,0.22330387,0
SwT0gh0V8fI$_$10,2026,processed_po,1.0,1,0.0,0,-0.1717327833175659,-0.1717327833175659,0.0,0.03,0.5,3,0.5,1.0,1.0,1.0,0.4810925,0.07737215,0.44153532,0
SwT0gh0V8fI$_$19,2026,processed_po,1.0,2,0.6666666865348816,2,1.4701383113861084,1.4701383113861084,0.0,0.03,0.5,3,0.5,1.0,1.0,1.0,0.20799695,0.04939925,0.74260384,2
SwT0gh0V8fI$_$5,2026,processed_po,1.0,1,0.0,0,-0.9939860701560974,-0.9939860701560974,0.0,0.03,0.5,3,0.5,1.0,1.0,1.0,0.7009754,0.26132214,0.037702464,0
TXiOSZdaLJ8$_$2,2026,processed_po,1.0,2,0.6666666865348816,2,0.7783685922622681,0.7783685922622681,0.0,0.03,0.5,3,0.5,1.0,1.0,1.0,0.09068456,0.065140024,0.84417546,2
TcTGCIh6e5s$_$4,2026,processed_po,1.0,1,0.0,1,0.0,0.2108820676803589,0.0,0.03,0.5,3,0.5,1.0,1.0,1.0,0.08598729,0.6462955,0.26771718,1
TxRtSItpGMo$_$4,2026,processed_po,1.0,2,2.0,2,0.7559183835983276,0.7559183835983276,0.0,0.03,0.5,3,0.5,1.0,1.0,1.0,0.008710477,0.08081987,0.9104696,2
U-KihZeIfKI$_$20,2026,processed_po,1.0,2,1.3333333730697632,2,0.9691792130470276,0.9691792130470276,0.0,0.03,0.5,3,0.5,1.0,1.0,1.0,0.02680397,0.069858536,0.9033375,2
U-KihZeIfKI$_$1,2026,processed_po,1.0,2,0.6666666865348816,2,0.5231792330741882,0.5231792330741882,0.0,0.03,0.5,3,0.5,1.0,1.0,1.0,0.29607785,0.108676285,0.59524584,2
U-KihZeIfKI$_$6,2026,processed_po,1.0,0,-1.0,0,-1.6262857913970947,-1.6262857913970947,0.0,0.03,0.5,3,0.5,1.0,1.0,1.0,0.88293636,0.081201404,0.03586222,0
U-KihZeIfKI$_$15,2026,processed_po,1.0,2,0.6666666865348816,0,-0.1921934634447097,-0.1921934634447097,0.0,0.03,0.5,3,0.5,1.0,1.0,1.0,0.44872454,0.3057323,0.24554317,0
U-KihZeIfKI$_$16,2026,processed_po,1.0,2,1.0,2,1.0088326930999756,1.0088326930999756,0.0,0.03,0.5,3,0.5,1.0,1.0,1.0,0.019681627,0.10759541,0.872723,2
UiurP5k-f1A$_$4,2026,processed_po,1.0,2,1.0,2,0.8859426975250244,0.8859426975250244,0.0,0.03,0.5,3,0.5,1.0,1.0,1.0,0.01819713,0.07580158,0.90600127,2
UjqA6KVW2m8$_$0,2026,processed_po,1.0,0,-0.3333333432674408,0,-0.7933174967765808,-0.7933174967765808,0.0,0.03,0.5,3,0.5,1.0,1.0,1.0,0.88901,0.07135857,0.039631434,0
UjqA6KVW2m8$_$3,2026,processed_po,1.0,0,-0.6666666865348816,2,0.1478325128555297,0.1478325128555297,0.0,0.03,0.5,3,0.5,1.0,1.0,1.0,0.18000448,0.2687453,0.5512502,2
UjqA6KVW2m8$_$2,2026,processed_po,1.0,0,-1.3333333730697632,0,-1.0874238014221191,-1.0874238014221191,0.0,0.03,0.5,3,0.5,1.0,1.0,1.0,0.75770766,0.15812534,0.08416698,0
UjqA6KVW2m8$_$4,2026,processed_po,1.0,2,1.0,2,1.2355597019195557,1.2355597019195557,0.0,0.03,0.5,3,0.5,1.0,1.0,1.0,0.019748036,0.04207357,0.9381783,2
UweZVaFqruU$_$1,2026,processed_po,1.0,2,0.3333333432674408,2,0.2398400604724884,0.2398400604724884,0.0,0.03,0.5,3,0.5,1.0,1.0,1.0,0.041273985,0.37388733,0.5848387,2
UweZVaFqruU$_$5,2026,processed_po,1.0,1,0.0,1,0.0,0.0548779852688312,0.0,0.03,0.5,3,0.5,1.0,1.0,1.0,0.18710788,0.48446107,0.32843104,1
V27mmEkN80g$_$0,2026,processed_po,1.0,1,0.0,2,0.6404297947883606,0.6404297947883606,0.0,0.03,0.5,3,0.5,1.0,1.0,1.0,0.05108361,0.14259733,0.80631906,2
VDkBM0ZG4q8$_$4,2026,processed_po,1.0,1,0.0,1,0.0,-0.110163927078247,0.0,0.03,0.5,3,0.5,1.0,1.0,1.0,0.24089819,0.5734203,0.18568149,1
VDkBM0ZG4q8$_$7,2026,processed_po,1.0,2,0.3333333432674408,2,0.857599675655365,0.857599675655365,0.0,0.03,0.5,3,0.5,1.0,1.0,1.0,0.011186849,0.07225846,0.9165547,2
VLQgw-88v4Q$_$2,2026,processed_po,1.0,2,1.0,2,0.4239307343959808,0.4239307343959808,0.0,0.03,0.5,3,0.5,1.0,1.0,1.0,0.010050543,0.21149439,0.7784551,2
VLQgw-88v4Q$_$6,2026,processed_po,1.0,2,1.6666666269302368,2,0.4565008878707886,0.4565008878707886,0.0,0.03,0.5,3,0.5,1.0,1.0,1.0,0.007834518,0.17869227,0.8134733,2
VLQgw-88v4Q$_$8,2026,processed_po,1.0,2,1.3333333730697632,2,0.5964752435684204,0.5964752435684204,0.0,0.03,0.5,3,0.5,1.0,1.0,1.0,0.044943925,0.115232766,0.8398233,2
VXy21GwGs8o$_$0,2026,processed_po,1.0,1,0.0,2,0.5463815927505493,0.5463815927505493,0.0,0.03,0.5,3,0.5,1.0,1.0,1.0,0.06759941,0.12557721,0.8068233,2
Vdf1McvE9ao$_$9,2026,processed_po,1.0,1,0.0,0,-0.5355086326599121,-0.5355086326599121,0.0,0.03,0.5,3,0.5,1.0,1.0,1.0,0.56579036,0.3975143,0.036695324,0
Vlas-mPydcg$_$17,2026,processed_po,1.0,2,0.6666666865348816,2,1e-06,-0.406758964061737,0.0,0.03,0.5,3,0.5,1.0,1.0,1.0,0.40800884,0.13264035,0.45935082,2
Vlas-mPydcg$_$3,2026,processed_po,1.0,2,1.0,2,0.5399662852287292,0.5399662852287292,0.0,0.03,0.5,3,0.5,1.0,1.0,1.0,0.007878531,0.1326487,0.85947275,2
VsXGwSZazwA$_$4,2026,processed_po,1.0,1,0.0,1,0.0,0.1398893892765045,0.0,0.03,0.5,3,0.5,1.0,1.0,1.0,0.114354074,0.5304043,0.35524157,1
VsXGwSZazwA$_$6,2026,processed_po,1.0,2,1.6666666269302368,2,0.2429310977458953,0.2429310977458953,0.0,0.03,0.5,3,0.5,1.0,1.0,1.0,0.02192938,0.33643606,0.6416345,2
VwGPIUNayKM$_$1,2026,processed_po,1.0,1,0.0,1,0.0,0.2365830242633819,0.0,0.03,0.5,3,0.5,1.0,1.0,1.0,0.0350607,0.4918635,0.47307587,1
VwGPIUNayKM$_$5,2026,processed_po,1.0,0,-1.0,0,-0.026378970593214,-0.026378970593214,0.0,0.03,0.5,3,0.5,1.0,1.0,1.0,0.52212846,0.12561047,0.3522611,0
VwGPIUNayKM$_$8,2026,processed_po,1.0,2,1.0,2,1.0204042196273804,1.0204042196273804,0.0,0.03,0.5,3,0.5,1.0,1.0,1.0,0.083535105,0.10281749,0.8136474,2
W1CWpktWtTs$_$5,2026,processed_po,1.0,2,1.0,2,1.224777340888977,1.224777340888977,0.0,0.03,0.5,3,0.5,1.0,1.0,1.0,0.027532503,0.060232177,0.91223526,2
W1CWpktWtTs$_$9,2026,processed_po,1.0,2,0.6666666865348816,2,0.2712417244911194,0.2712417244911194,0.0,0.03,0.5,3,0.5,1.0,1.0,1.0,0.4245149,0.07214607,0.50333905,2
WfNiQBXmPw8$_$3,2026,processed_po,1.0,0,-0.3333333432674408,0,-0.6721742749214172,-0.6721742749214172,0.0,0.03,0.5,3,0.5,1.0,1.0,1.0,0.7101442,0.1634237,0.12643205,0
WfNiQBXmPw8$_$5,2026,processed_po,1.0,2,0.3333333432674408,0,-0.2703947424888611,-0.2703947424888611,0.0,0.03,0.5,3,0.5,1.0,1.0,1.0,0.61055255,0.12773496,0.26171252,0
WgI8IbJtXHw$_$0,2026,processed_po,1.0,1,0.0,2,1.6284810304641724,1.6284810304641724,0.0,0.03,0.5,3,0.5,1.0,1.0,1.0,0.070154935,0.026919425,0.9029256,2
X2Hs89fZ2-c$_$4,2026,processed_po,1.0,2,1.0,1,0.0,0.0586152672767639,0.0,0.03,0.5,3,0.5,1.0,1.0,1.0,0.03309357,0.53158754,0.4353189,1
X6N7UEFJLNY$_$0,2026,processed_po,1.0,2,0.3333333432674408,2,0.4386599659919739,0.4386599659919739,0.0,0.03,0.5,3,0.5,1.0,1.0,1.0,0.03836499,0.19236627,0.76926875,2
X6N7UEFJLNY$_$2,2026,processed_po,1.0,1,0.0,2,0.5125324726104736,0.5125324726104736,0.0,0.03,0.5,3,0.5,1.0,1.0,1.0,0.030341508,0.18775652,0.78190196,2
X6N7UEFJLNY$_$4,2026,processed_po,1.0,2,0.6666666865348816,2,1.1916091442108154,1.1916091442108154,0.0,0.03,0.5,3,0.5,1.0,1.0,1.0,0.005764883,0.040166248,0.9540689,2
XDVit9ASVUg$_$2,2026,processed_po,1.0,2,0.3333333432674408,1,0.0,-0.1816165447235107,0.0,0.03,0.5,3,0.5,1.0,1.0,1.0,0.14765397,0.5430596,0.30928648,1
XKyumlBmix8$_$0,2026,processed_po,1.0,1,0.0,2,0.5016083121299744,0.5016083121299744,0.0,0.03,0.5,3,0.5,1.0,1.0,1.0,0.07783114,0.19154505,0.7306238,2
XKyumlBmix8$_$2,2026,processed_po,1.0,0,-0.6666666865348816,0,-0.4170618653297424,-0.4170618653297424,0.0,0.03,0.5,3,0.5,1.0,1.0,1.0,0.72348326,0.15277608,0.12374067,0
XVWiAArXYpE$_$3,2026,processed_po,1.0,0,-0.6666666865348816,2,0.1964388787746429,0.1964388787746429,0.0,0.03,0.5,3,0.5,1.0,1.0,1.0,0.21788491,0.21166243,0.5704527,2
XVWiAArXYpE$_$4,2026,processed_po,1.0,0,-2.0,0,-1.1435703039169312,-1.1435703039169312,0.0,0.03,0.5,3,0.5,1.0,1.0,1.0,0.72538596,0.1629511,0.111662984,0
XVWiAArXYpE$_$9,2026,processed_po,1.0,0,-0.3333333432674408,2,0.0051261996850371,0.0051261996850371,0.0,0.03,0.5,3,0.5,1.0,1.0,1.0,0.27192417,0.2976786,0.43039718,2
X_TusmBIlC0$_$5,2026,processed_po,1.0,1,0.0,2,0.1352189779281616,0.1352189779281616,0.0,0.03,0.5,3,0.5,1.0,1.0,1.0,0.16904715,0.28600624,0.5449467,2
Xa086gxLJ3Y$_$12,2026,processed_po,1.0,2,0.3333333432674408,1,0.0,0.2427391409873962,0.0,0.03,0.5,3,0.5,1.0,1.0,1.0,0.011341441,0.50023896,0.48841956,1
XrNaL-MTjXg$_$3,2026,processed_po,1.0,1,0.0,2,1e-06,-0.4042152762413025,0.0,0.03,0.5,3,0.5,1.0,1.0,1.0,0.29214606,0.21951681,0.4883371,2
Xy57UpKRNEo$_$7,2026,processed_po,1.0,0,-1.0,0,-0.966299057006836,-0.966299057006836,0.0,0.03,0.5,3,0.5,1.0,1.0,1.0,0.63477486,0.12780702,0.2374181,0
Y8dI1GTWCk4$_$6,2026,processed_po,1.0,2,1.3333333730697632,2,0.7845089435577393,0.7845089435577393,0.0,0.03,0.5,3,0.5,1.0,1.0,1.0,0.008984631,0.11263362,0.8783817,2
YLK58srjhNI$_$3,2026,processed_po,1.0,2,0.6666666865348816,2,1.0840375423431396,1.0840375423431396,0.0,0.03,0.5,3,0.5,1.0,1.0,1.0,0.26135778,0.040563717,0.6980785,2
YQZPnHZRp1w$_$1,2026,processed_po,1.0,2,0.3333333432674408,2,0.1175179779529571,0.1175179779529571,0.0,0.03,0.5,3,0.5,1.0,1.0,1.0,0.01659718,0.2937913,0.68961155,2
YUNxD04EvfE$_$1,2026,processed_po,1.0,0,-0.3333333432674408,2,1e-06,-0.0530607774853706,0.0,0.03,0.5,3,0.5,1.0,1.0,1.0,0.23643394,0.32996646,0.43359965,2
Z4iYSMMMycQ$_$4,2026,processed_po,1.0,2,0.6666666865348816,2,0.4641249179840088,0.4641249179840088,0.0,0.03,0.5,3,0.5,1.0,1.0,1.0,0.02673282,0.23590665,0.7373605,2
ZKErPftd--w$_$6,2026,processed_po,1.0,2,0.6666666865348816,2,1.557510495185852,1.557510495185852,0.0,0.03,0.5,3,0.5,1.0,1.0,1.0,0.060420115,0.08845362,0.8511263,2
ZKZ8UjaQQT4$_$7,2026,processed_po,1.0,1,0.0,2,0.2273226380348205,0.2273226380348205,0.0,0.03,0.5,3,0.5,1.0,1.0,1.0,0.21672449,0.12608273,0.6571928,2
ZS1Nb0OWYNE$_$11,2026,processed_po,1.0,2,0.6666666865348816,2,1.5159671306610107,1.5159671306610107,0.0,0.03,0.5,3,0.5,1.0,1.0,1.0,0.014120724,0.04328812,0.9425912,2
ZS1Nb0OWYNE$_$15,2026,processed_po,1.0,1,0.0,2,1.7780910730361938,1.7780910730361938,0.0,0.03,0.5,3,0.5,1.0,1.0,1.0,0.003829221,0.011493894,0.9846769,2
ZS1Nb0OWYNE$_$5,2026,processed_po,1.0,2,0.6666666865348816,2,0.3348969221115112,0.3348969221115112,0.0,0.03,0.5,3,0.5,1.0,1.0,1.0,0.06917277,0.1548538,0.7759734,2
ZS1Nb0OWYNE$_$9,2026,processed_po,1.0,2,2.6666667461395264,2,1.1970092058181765,1.1970092058181765,0.0,0.03,0.5,3,0.5,1.0,1.0,1.0,0.03016911,0.041380644,0.9284502,2
ZcFzcd4ZoMg$_$4,2026,processed_po,1.0,0,-0.3333333432674408,0,-0.2036309838294983,-0.2036309838294983,0.0,0.03,0.5,3,0.5,1.0,1.0,1.0,0.42196968,0.20104353,0.37698683,0
ZeH7gZw94k0$_$1,2026,processed_po,1.0,2,1.6666666269302368,2,1.4626766443252563,1.4626766443252563,0.0,0.03,0.5,3,0.5,1.0,1.0,1.0,0.112891465,0.18736285,0.6997457,2
ZtocGyL3Tfc$_$13,2026,processed_po,1.0,2,1.0,2,0.7399682998657227,0.7399682998657227,0.0,0.03,0.5,3,0.5,1.0,1.0,1.0,0.11571543,0.05976799,0.82451653,2
ZtocGyL3Tfc$_$10,2026,processed_po,1.0,2,1.0,2,0.6127591729164124,0.6127591729164124,0.0,0.03,0.5,3,0.5,1.0,1.0,1.0,0.076375894,0.12951313,0.79411095,2
ZtocGyL3Tfc$_$9,2026,processed_po,1.0,2,1.6666666269302368,2,1.4189541339874268,1.4189541339874268,0.0,0.03,0.5,3,0.5,1.0,1.0,1.0,0.016933188,0.03692233,0.9461445,2
ZznoGQVwTtw$_$4,2026,processed_po,1.0,2,1.6666666269302368,2,0.4203174114227295,0.4203174114227295,0.0,0.03,0.5,3,0.5,1.0,1.0,1.0,0.03589637,0.08799724,0.8761064,2
_1nvuNk7EFY$_$10,2026,processed_po,1.0,0,-0.3333333432674408,0,-1.17149019241333,-1.17149019241333,0.0,0.03,0.5,3,0.5,1.0,1.0,1.0,0.87232447,0.08100093,0.0466746,0
_OmWVs0-6UM$_$0,2026,processed_po,1.0,1,0.0,2,0.376913845539093,0.376913845539093,0.0,0.03,0.5,3,0.5,1.0,1.0,1.0,0.030149173,0.35090193,0.618949,2
_on_E-ZWy0I$_$21,2026,processed_po,1.0,2,1.3333333730697632,2,0.7363144159317017,0.7363144159317017,0.0,0.03,0.5,3,0.5,1.0,1.0,1.0,0.17188907,0.068385884,0.75972503,2
_on_E-ZWy0I$_$3,2026,processed_po,1.0,1,0.0,0,-0.4288984537124634,-0.4288984537124634,0.0,0.03,0.5,3,0.5,1.0,1.0,1.0,0.5872834,0.3040015,0.10871511,0
_on_E-ZWy0I$_$12,2026,processed_po,1.0,0,-1.0,2,0.1166799142956733,0.1166799142956733,0.0,0.03,0.5,3,0.5,1.0,1.0,1.0,0.15680732,0.23963219,0.6035605,2
_q7DM8WkzAQ$_$3,2026,processed_po,1.0,2,0.6666666865348816,2,0.582170844078064,0.582170844078064,0.0,0.03,0.5,3,0.5,1.0,1.0,1.0,0.022916446,0.13073367,0.84634984,2
a4PHWxILDp0$_$15,2026,processed_po,1.0,1,0.0,0,-0.1873503774404525,-0.1873503774404525,0.0,0.03,0.5,3,0.5,1.0,1.0,1.0,0.5074565,0.32789052,0.16465294,0
ahG9c_uaf8s$_$1,2026,processed_po,1.0,2,0.3333333432674408,2,0.7571381330490112,0.7571381330490112,0.0,0.03,0.5,3,0.5,1.0,1.0,1.0,0.0077536344,0.06909237,0.9231541,2
ahG9c_uaf8s$_$3,2026,processed_po,1.0,2,0.3333333432674408,2,1.0270313024520874,1.0270313024520874,0.0,0.03,0.5,3,0.5,1.0,1.0,1.0,0.015046925,0.057178684,0.9277744,2
b92iw0OAnI4$_$7,2026,processed_po,1.0,2,1.3333333730697632,2,0.9588950872421264,0.9588950872421264,0.0,0.03,0.5,3,0.5,1.0,1.0,1.0,0.17418888,0.077839114,0.747972,2
bNQOeiAotbk$_$8,2026,processed_po,1.0,1,0.0,2,1e-06,-0.0370057560503482,0.0,0.03,0.5,3,0.5,1.0,1.0,1.0,0.25123912,0.35812157,0.3906393,2
bdFCD-3BCRg$_$2,2026,processed_po,1.0,2,1.0,2,1.3949085474014282,1.3949085474014282,0.0,0.03,0.5,3,0.5,1.0,1.0,1.0,0.010600018,0.04197339,0.9474265,2
bdFCD-3BCRg$_$11,2026,processed_po,1.0,2,0.6666666865348816,2,0.8870607614517212,0.8870607614517212,0.0,0.03,0.5,3,0.5,1.0,1.0,1.0,0.017125484,0.1269884,0.85588616,2
bdFCD-3BCRg$_$12,2026,processed_po,1.0,2,1.0,2,1.0623289346694946,1.0623289346694946,0.0,0.03,0.5,3,0.5,1.0,1.0,1.0,0.0066181757,0.11879729,0.8745846,2
c5VEvmutmVg$_$13,2026,processed_po,1.0,2,1.0,2,0.5882581472396851,0.5882581472396851,0.0,0.03,0.5,3,0.5,1.0,1.0,1.0,0.066518806,0.18006699,0.7534142,2
c5VEvmutmVg$_$19,2026,processed_po,1.0,1,0.0,2,0.422228991985321,0.422228991985321,0.0,0.03,0.5,3,0.5,1.0,1.0,1.0,0.015317522,0.36286658,0.62181586,2
c5VEvmutmVg$_$0,2026,processed_po,1.0,2,1.6666666269302368,2,1.61612069606781,1.61612069606781,0.0,0.03,0.5,3,0.5,1.0,1.0,1.0,0.052712582,0.07814623,0.86914116,2
c5zxqITn3ZM$_$5,2026,processed_po,1.0,2,0.6666666865348816,0,-1.6276785135269165,-1.6276785135269165,0.0,0.03,0.5,3,0.5,1.0,1.0,1.0,0.81829304,0.04129959,0.14040735,0
c5zxqITn3ZM$_$6,2026,processed_po,1.0,2,1.0,2,0.7748256921768188,0.7748256921768188,0.0,0.03,0.5,3,0.5,1.0,1.0,1.0,0.01146532,0.10470198,0.88383275,2
c9hE1ghElrM$_$2,2026,processed_po,1.0,1,0.0,1,0.0,-0.2524351477622986,0.0,0.03,0.5,3,0.5,1.0,1.0,1.0,0.05435227,0.73193437,0.2137134,1
c9hE1ghElrM$_$4,2026,processed_po,1.0,1,0.0,0,-0.7560122013092041,-0.7560122013092041,0.0,0.03,0.5,3,0.5,1.0,1.0,1.0,0.593484,0.31225592,0.094260104,0
cW-aX4dPVfk$_$4,2026,processed_po,1.0,0,-0.3333333432674408,1,0.0,0.064985416829586,0.0,0.03,0.5,3,0.5,1.0,1.0,1.0,0.1393897,0.4435627,0.41704765,1
cW-aX4dPVfk$_$11,2026,processed_po,1.0,2,0.3333333432674408,2,0.7779228687286377,0.7779228687286377,0.0,0.03,0.5,3,0.5,1.0,1.0,1.0,0.06954434,0.13033082,0.8001249,2
cW-aX4dPVfk$_$32,2026,processed_po,1.0,2,1.6666666269302368,2,0.5018529891967773,0.5018529891967773,0.0,0.03,0.5,3,0.5,1.0,1.0,1.0,0.34878182,0.092638806,0.5585794,2
cW-aX4dPVfk$_$30,2026,processed_po,1.0,2,2.3333332538604736,2,1.8720972537994385,1.8720972537994385,0.0,0.03,0.5,3,0.5,1.0,1.0,1.0,0.01967964,0.027260855,0.95305943,2
cml9rShionM$_$3,2026,processed_po,1.0,0,-0.3333333432674408,2,1.8260958194732664,1.8260958194732664,0.0,0.03,0.5,3,0.5,1.0,1.0,1.0,0.0060572783,0.013724665,0.98021805,2
d-Uw_uZyUys$_$1,2026,processed_po,1.0,0,-2.3333332538604736,1,0.0,0.1300438940525055,0.0,0.03,0.5,3,0.5,1.0,1.0,1.0,0.19321874,0.5278868,0.27889445,1
d-Uw_uZyUys$_$6,2026,processed_po,1.0,0,-2.3333332538604736,0,-0.4746974110603332,-0.4746974110603332,0.0,0.03,0.5,3,0.5,1.0,1.0,1.0,0.69753104,0.14266205,0.15980697,0
dHk--ExZbHs$_$7,2026,processed_po,1.0,2,0.6666666865348816,2,0.2184167057275772,0.2184167057275772,0.0,0.03,0.5,3,0.5,1.0,1.0,1.0,0.041241255,0.19506092,0.7636978,2
dR68gbeOWOc$_$1,2026,processed_po,1.0,2,0.3333333432674408,2,0.4214761257171631,0.4214761257171631,0.0,0.03,0.5,3,0.5,1.0,1.0,1.0,0.034584813,0.09444222,0.870973,2
dTcz1am1eUw$_$2,2026,processed_po,1.0,2,1.3333333730697632,2,1.2330774068832395,1.2330774068832395,0.0,0.03,0.5,3,0.5,1.0,1.0,1.0,0.0048919003,0.044548333,0.95055974,2
ddWHTdJz2O8$_$1,2026,processed_po,1.0,0,-0.3333333432674408,2,0.2497887313365936,0.2497887313365936,0.0,0.03,0.5,3,0.5,1.0,1.0,1.0,0.052537534,0.15927164,0.7881908,2
dlE05KC95uk$_$11,2026,processed_po,1.0,2,0.3333333432674408,1,0.0,0.1841521859169006,0.0,0.03,0.5,3,0.5,1.0,1.0,1.0,0.048219394,0.49910575,0.45267493,1
eE8Qr9fOvVA$_$2,2026,processed_po,1.0,0,-1.3333333730697632,2,0.3345383703708648,0.3345383703708648,0.0,0.03,0.5,3,0.5,1.0,1.0,1.0,0.037771128,0.39283133,0.5693976,2
eFV7iFPYZB4$_$12,2026,processed_po,1.0,2,1.6666666269302368,2,0.9467499256134032,0.9467499256134032,0.0,0.03,0.5,3,0.5,1.0,1.0,1.0,0.0053754216,0.024051113,0.97057354,2
eFV7iFPYZB4$_$14,2026,processed_po,1.0,2,1.3333333730697632,2,0.9945479035377502,0.9945479035377502,0.0,0.03,0.5,3,0.5,1.0,1.0,1.0,0.0076020374,0.07870637,0.9136916,2
eJfT7-dDqzA$_$3,2026,processed_po,1.0,2,0.6666666865348816,2,1e-06,-0.0658338665962219,0.0,0.03,0.5,3,0.5,1.0,1.0,1.0,0.31690678,0.32522187,0.35787135,2
eJfT7-dDqzA$_$2,2026,processed_po,1.0,2,0.6666666865348816,2,0.985702395439148,0.985702395439148,0.0,0.03,0.5,3,0.5,1.0,1.0,1.0,0.010045897,0.10596905,0.88398504,2
eJfT7-dDqzA$_$7,2026,processed_po,1.0,2,0.6666666865348816,2,0.7687945365905762,0.7687945365905762,0.0,0.03,0.5,3,0.5,1.0,1.0,1.0,0.012314147,0.1018503,0.8858356,2
eKQKEi2-0Ws$_$0,2026,processed_po,1.0,1,0.0,0,-1e-06,0.2133499979972839,0.0,0.03,0.5,3,0.5,1.0,1.0,1.0,0.47844905,0.09189214,0.42965874,0
eQc5uI7FKCU$_$5,2026,processed_po,1.0,2,0.3333333432674408,2,0.3128937482833862,0.3128937482833862,0.0,0.03,0.5,3,0.5,1.0,1.0,1.0,0.047710806,0.2730823,0.6792069,2
ey1lr8wFFDc$_$0,2026,processed_po,1.0,2,0.6666666865348816,2,0.8930963277816772,0.8930963277816772,0.0,0.03,0.5,3,0.5,1.0,1.0,1.0,0.04316721,0.0863861,0.8704467,2
f-VdKweez2U$_$4,2026,processed_po,1.0,1,0.0,2,0.4515921473503113,0.4515921473503113,0.0,0.03,0.5,3,0.5,1.0,1.0,1.0,0.06808318,0.15712972,0.77478707,2
f8Puta8k8fU$_$1,2026,processed_po,1.0,1,0.0,0,-0.5350608229637146,-0.5350608229637146,0.0,0.03,0.5,3,0.5,1.0,1.0,1.0,0.64952236,0.25794277,0.09253487,0
fT6SrlsWV7M$_$12,2026,processed_po,1.0,0,-1.3333333730697632,2,0.4158487319946289,0.4158487319946289,0.0,0.03,0.5,3,0.5,1.0,1.0,1.0,0.04507174,0.21556275,0.7393655,2
fWAKek8jA5M$_$0,2026,processed_po,1.0,0,-1.6666666269302368,0,-1.577765703201294,-1.577765703201294,0.0,0.03,0.5,3,0.5,1.0,1.0,1.0,0.9374067,0.052998368,0.009594893,0
fWAKek8jA5M$_$3,2026,processed_po,1.0,0,-1.3333333730697632,2,0.1494003534317016,0.1494003534317016,0.0,0.03,0.5,3,0.5,1.0,1.0,1.0,0.16861151,0.36174852,0.46963993,2
fWAKek8jA5M$_$4,2026,processed_po,1.0,1,0.0,0,-0.6258546710014343,-0.6258546710014343,0.0,0.03,0.5,3,0.5,1.0,1.0,1.0,0.5430358,0.19163458,0.26532966,0
frCWtiam4tE$_$0,2026,processed_po,1.0,2,1.6666666269302368,2,0.5821351408958435,0.5821351408958435,0.0,0.03,0.5,3,0.5,1.0,1.0,1.0,0.24348857,0.10923136,0.6472801,2
fsBzpr4k3rY$_$0,2026,processed_po,1.0,2,2.0,0,-0.4881420731544494,-0.4881420731544494,0.0,0.03,0.5,3,0.5,1.0,1.0,1.0,0.771863,0.03101,0.19712698,0
fz-MzQcOBwQ$_$1,2026,processed_po,1.0,2,1.3333333730697632,2,0.6380652189254761,0.6380652189254761,0.0,0.03,0.5,3,0.5,1.0,1.0,1.0,0.025960345,0.18136057,0.7926791,2
gE7kUqMqQ9g$_$2,2026,processed_po,1.0,0,-0.6666666865348816,0,-0.7856618165969849,-0.7856618165969849,0.0,0.03,0.5,3,0.5,1.0,1.0,1.0,0.88816094,0.06419141,0.047647648,0
gJjkCPO7iXg$_$1,2026,processed_po,1.0,2,1.0,2,0.923230528831482,0.923230528831482,0.0,0.03,0.5,3,0.5,1.0,1.0,1.0,0.024423836,0.14978465,0.8257915,2
gJjkCPO7iXg$_$0,2026,processed_po,1.0,2,1.0,2,0.3580299019813537,0.3580299019813537,0.0,0.03,0.5,3,0.5,1.0,1.0,1.0,0.057708595,0.27359983,0.66869164,2
gLTxaEcx41E$_$2,2026,processed_po,1.0,1,0.0,2,0.5362957715988159,0.5362957715988159,0.0,0.03,0.5,3,0.5,1.0,1.0,1.0,0.076376185,0.26538137,0.6582424,2
gLTxaEcx41E$_$4,2026,processed_po,1.0,1,0.0,0,-0.8082144260406494,-0.8082144260406494,0.0,0.03,0.5,3,0.5,1.0,1.0,1.0,0.5189889,0.16627045,0.31474066,0
gLTxaEcx41E$_$7,2026,processed_po,1.0,1,0.0,2,1e-06,-0.1440838128328323,0.0,0.03,0.5,3,0.5,1.0,1.0,1.0,0.1880657,0.19846405,0.61347026,2
gLTxaEcx41E$_$6,2026,processed_po,1.0,2,0.3333333432674408,2,0.3874399065971374,0.3874399065971374,0.0,0.03,0.5,3,0.5,1.0,1.0,1.0,0.065013885,0.101574086,0.83341193,2
gcFECfN4BCU$_$23,2026,processed_po,1.0,2,2.0,2,1.528471827507019,1.528471827507019,0.0,0.03,0.5,3,0.5,1.0,1.0,1.0,0.0042639584,0.023167621,0.97256833,2
gcFECfN4BCU$_$10,2026,processed_po,1.0,2,0.6666666865348816,2,1.2572575807571411,1.2572575807571411,0.0,0.03,0.5,3,0.5,1.0,1.0,1.0,0.014968457,0.052887175,0.9321444,2
gcFECfN4BCU$_$15,2026,processed_po,1.0,2,1.3333333730697632,2,0.7993413805961609,0.7993413805961609,0.0,0.03,0.5,3,0.5,1.0,1.0,1.0,0.016098855,0.0694537,0.91444737,2
gpn71-aKWwQ$_$2,2026,processed_po,1.0,2,1.6666666269302368,2,0.9764769673347472,0.9764769673347472,0.0,0.03,0.5,3,0.5,1.0,1.0,1.0,0.11328696,0.08254199,0.8041711,2
h1ZZHUU4j0k$_$3,2026,processed_po,1.0,2,0.6666666865348816,2,0.5127535462379456,0.5127535462379456,0.0,0.03,0.5,3,0.5,1.0,1.0,1.0,0.03843149,0.16704607,0.7945224,2
h1ZZHUU4j0k$_$4,2026,processed_po,1.0,2,0.6666666865348816,0,-1.1157019138336182,-1.1157019138336182,0.0,0.03,0.5,3,0.5,1.0,1.0,1.0,0.8264342,0.07336899,0.100196816,0
h1ZZHUU4j0k$_$10,2026,processed_po,1.0,2,1.0,2,0.3804106414318084,0.3804106414318084,0.0,0.03,0.5,3,0.5,1.0,1.0,1.0,0.010201066,0.20046124,0.7893377,2
h1ZZHUU4j0k$_$13,2026,processed_po,1.0,0,-1.0,0,-0.8793333768844604,-0.8793333768844604,0.0,0.03,0.5,3,0.5,1.0,1.0,1.0,0.6476584,0.16936128,0.1829803,0
iQDB_OkAQWs$_$4,2026,processed_po,1.0,1,0.0,0,-0.7053366899490356,-0.7053366899490356,0.0,0.03,0.5,3,0.5,1.0,1.0,1.0,0.632432,0.13459994,0.23296814,0
iXiMifHNKPI$_$8,2026,processed_po,1.0,2,0.3333333432674408,2,0.1629713475704193,0.1629713475704193,0.0,0.03,0.5,3,0.5,1.0,1.0,1.0,0.012233448,0.25841418,0.7293524,2
j1m6ctAgjsM$_$1,2026,processed_po,1.0,2,1.3333333730697632,2,1.2557562589645386,1.2557562589645386,0.0,0.03,0.5,3,0.5,1.0,1.0,1.0,0.013770022,0.021089068,0.9651409,2
j1m6ctAgjsM$_$2,2026,processed_po,1.0,2,1.0,2,0.5869979858398438,0.5869979858398438,0.0,0.03,0.5,3,0.5,1.0,1.0,1.0,0.008760313,0.04116157,0.9500782,2
j1m6ctAgjsM$_$4,2026,processed_po,1.0,2,0.3333333432674408,2,0.3177449107170105,0.3177449107170105,0.0,0.03,0.5,3,0.5,1.0,1.0,1.0,0.023938239,0.21999775,0.756064,2
j1m6ctAgjsM$_$14,2026,processed_po,1.0,1,0.0,2,0.3229169845581054,0.3229169845581054,0.0,0.03,0.5,3,0.5,1.0,1.0,1.0,0.011505205,0.21264116,0.7758537,2
j1m6ctAgjsM$_$18,2026,processed_po,1.0,2,1.0,2,0.1751772761344909,0.1751772761344909,0.0,0.03,0.5,3,0.5,1.0,1.0,1.0,0.23854382,0.2683821,0.49307406,2
j1m6ctAgjsM$_$30,2026,processed_po,1.0,2,0.3333333432674408,2,0.0807846635580062,0.0807846635580062,0.0,0.03,0.5,3,0.5,1.0,1.0,1.0,0.18993223,0.31651706,0.49355072,2
j1m6ctAgjsM$_$35,2026,processed_po,1.0,2,1.0,2,0.3935633301734924,0.3935633301734924,0.0,0.03,0.5,3,0.5,1.0,1.0,1.0,0.010244366,0.18180586,0.8079498,2
j1m6ctAgjsM$_$33,2026,processed_po,1.0,2,0.3333333432674408,2,0.1130285412073135,0.1130285412073135,0.0,0.03,0.5,3,0.5,1.0,1.0,1.0,0.0386601,0.34035116,0.6209887,2
j1m6ctAgjsM$_$37,2026,processed_po,1.0,1,0.0,2,0.0595230795443058,0.0595230795443058,0.0,0.03,0.5,3,0.5,1.0,1.0,1.0,0.029452564,0.29149774,0.6790497,2
jXQmVFcOiUI$_$0,2026,processed_po,1.0,2,1.0,2,1.0195157527923584,1.0195157527923584,0.0,0.03,0.5,3,0.5,1.0,1.0,1.0,0.020052278,0.047151458,0.9327962,2
jj8aSNPHMw8$_$14,2026,processed_po,1.0,1,0.0,0,-0.3984572291374206,-0.3984572291374206,0.0,0.03,0.5,3,0.5,1.0,1.0,1.0,0.4037895,0.26690766,0.32930282,0
jj8aSNPHMw8$_$5,2026,processed_po,1.0,0,-1.3333333730697632,0,-0.189372718334198,-0.189372718334198,0.0,0.03,0.5,3,0.5,1.0,1.0,1.0,0.45997155,0.17042848,0.36959994,0
jqutn5ou8_0$_$6,2026,processed_po,1.0,2,0.6666666865348816,2,0.5300596356391907,0.5300596356391907,0.0,0.03,0.5,3,0.5,1.0,1.0,1.0,0.0069722077,0.1816324,0.8113954,2
jscKL5jS-SQ$_$17,2026,processed_po,1.0,2,1.0,2,0.9306412935256958,0.9306412935256958,0.0,0.03,0.5,3,0.5,1.0,1.0,1.0,0.2565084,0.0859679,0.6575237,2
kaudsLIvYC8$_$0,2026,processed_po,1.0,2,1.6666666269302368,2,0.9327569603919984,0.9327569603919984,0.0,0.03,0.5,3,0.5,1.0,1.0,1.0,0.04148363,0.06002401,0.8984924,2
kg-W6-hP2Do$_$3,2026,processed_po,1.0,1,0.0,2,0.9869637489318848,0.9869637489318848,0.0,0.03,0.5,3,0.5,1.0,1.0,1.0,0.24444465,0.12577611,0.6297793,2
kpS4BXif_Sw$_$12,2026,processed_po,1.0,0,-2.0,0,-1.206568717956543,-1.206568717956543,0.0,0.03,0.5,3,0.5,1.0,1.0,1.0,0.91478306,0.051837202,0.033379745,0
kpS4BXif_Sw$_$15,2026,processed_po,1.0,2,1.3333333730697632,2,0.158317893743515,0.158317893743515,0.0,0.03,0.5,3,0.5,1.0,1.0,1.0,0.41941988,0.121174335,0.45940578,2
kpS4BXif_Sw$_$4,2026,processed_po,1.0,1,0.0,2,0.7590115070343018,0.7590115070343018,0.0,0.03,0.5,3,0.5,1.0,1.0,1.0,0.028288024,0.07162752,0.90008444,2
kpS4BXif_Sw$_$8,2026,processed_po,1.0,0,-1.0,0,-0.9708240032196044,-0.9708240032196044,0.0,0.03,0.5,3,0.5,1.0,1.0,1.0,0.8733715,0.06517764,0.061450884,0
ktblaVOnFVE$_$4,2026,processed_po,1.0,2,1.3333333730697632,2,0.3288800418376922,0.3288800418376922,0.0,0.03,0.5,3,0.5,1.0,1.0,1.0,0.13432372,0.31043804,0.55523825,2
l0vCKpk6Aes$_$24,2026,processed_po,1.0,1,0.0,2,0.8906378746032715,0.8906378746032715,0.0,0.03,0.5,3,0.5,1.0,1.0,1.0,0.07164183,0.082540505,0.8458176,2
l0vCKpk6Aes$_$12,2026,processed_po,1.0,2,1.0,2,0.7666522264480591,0.7666522264480591,0.0,0.03,0.5,3,0.5,1.0,1.0,1.0,0.038615435,0.10390102,0.85748357,2
l0vCKpk6Aes$_$19,2026,processed_po,1.0,1,0.0,2,1e-06,-0.0225054025650024,0.0,0.03,0.5,3,0.5,1.0,1.0,1.0,0.42165413,0.11408973,0.46425614,2
l4oMbKDuW3Y$_$3,2026,processed_po,1.0,0,-0.6666666865348816,0,-1.9853553771972656,-1.9853553771972656,0.0,0.03,0.5,3,0.5,1.0,1.0,1.0,0.9458779,0.019921057,0.03420101,0
lD4xtQ6NpDY$_$2,2026,processed_po,1.0,1,0.0,2,1e-06,-0.0199213773012161,0.0,0.03,0.5,3,0.5,1.0,1.0,1.0,0.18022726,0.22278894,0.59698385,2
lYwgLa4R5XQ$_$1,2026,processed_po,1.0,1,0.0,2,1e-06,-0.0038903185632079,0.0,0.03,0.5,3,0.5,1.0,1.0,1.0,0.2862002,0.25202817,0.46177167,2
lkIe41StoGI$_$10,2026,processed_po,1.0,1,0.0,1,0.0,-0.1683765351772308,0.0,0.03,0.5,3,0.5,1.0,1.0,1.0,0.2417623,0.5843101,0.17392756,1
lkIe41StoGI$_$3,2026,processed_po,1.0,2,0.6666666865348816,2,0.4691616892814636,0.4691616892814636,0.0,0.03,0.5,3,0.5,1.0,1.0,1.0,0.03605932,0.10744372,0.856497,2
lkIe41StoGI$_$2,2026,processed_po,1.0,2,0.6666666865348816,0,-0.0345839112997055,-0.0345839112997055,0.0,0.03,0.5,3,0.5,1.0,1.0,1.0,0.41938305,0.19862787,0.3819891,0
lkIe41StoGI$_$8,2026,processed_po,1.0,1,0.0,1,0.0,0.0335717722773551,0.0,0.03,0.5,3,0.5,1.0,1.0,1.0,0.08294429,0.58766645,0.32938924,1
lwL4hjhkid4$_$1,2026,processed_po,1.0,1,0.0,1,0.0,0.0123884165659546,0.0,0.03,0.5,3,0.5,1.0,1.0,1.0,0.09041888,0.5405244,0.36905673,1
lwL4hjhkid4$_$3,2026,processed_po,1.0,2,2.0,2,0.3890380859375,0.3890380859375,0.0,0.03,0.5,3,0.5,1.0,1.0,1.0,0.026274337,0.17285512,0.80087054,2
lwL4hjhkid4$_$6,2026,processed_po,1.0,2,0.3333333432674408,2,0.6792775988578796,0.6792775988578796,0.0,0.03,0.5,3,0.5,1.0,1.0,1.0,0.040877935,0.09619708,0.86292493,2
m-7yRWZLwLY$_$0,2026,processed_po,1.0,1,0.0,2,0.0053843050263822,0.0053843050263822,0.0,0.03,0.5,3,0.5,1.0,1.0,1.0,0.28899246,0.22784764,0.48315987,2
mVnqP-vLpuo$_$0,2026,processed_po,1.0,2,0.6666666865348816,2,1.0698134899139404,1.0698134899139404,0.0,0.03,0.5,3,0.5,1.0,1.0,1.0,0.0076627,0.056072086,0.93626523,2
mZ_8em_-CGc$_$7,2026,processed_po,1.0,2,0.6666666865348816,2,0.3268320858478546,0.3268320858478546,0.0,0.03,0.5,3,0.5,1.0,1.0,1.0,0.031123728,0.23320442,0.7356719,2
mgsvwAVQAQo$_$4,2026,processed_po,1.0,2,0.3333333432674408,2,0.2392739206552505,0.2392739206552505,0.0,0.03,0.5,3,0.5,1.0,1.0,1.0,0.2633839,0.24517173,0.4914444,2
mmg_eTDHjkk$_$5,2026,processed_po,1.0,2,0.3333333432674408,2,1e-06,-0.0705587342381477,0.0,0.03,0.5,3,0.5,1.0,1.0,1.0,0.029633926,0.35501906,0.615347,2
mmg_eTDHjkk$_$8,2026,processed_po,1.0,2,0.6666666865348816,2,0.0037040393799543,0.0037040393799543,0.0,0.03,0.5,3,0.5,1.0,1.0,1.0,0.044574462,0.41844615,0.53697944,2
mmg_eTDHjkk$_$15,2026,processed_po,1.0,2,1.0,2,0.0715471059083938,0.0715471059083938,0.0,0.03,0.5,3,0.5,1.0,1.0,1.0,0.19935927,0.17532893,0.6253118,2
mzAu5gxjE-w$_$2,2026,processed_po,1.0,2,1.6666666269302368,2,1.974221348762512,1.974221348762512,0.0,0.03,0.5,3,0.5,1.0,1.0,1.0,0.018922651,0.014095709,0.9669816,2
nFTo-Lz4Fr8$_$1,2026,processed_po,1.0,2,0.6666666865348816,2,1.4419611692428589,1.4419611692428589,0.0,0.03,0.5,3,0.5,1.0,1.0,1.0,0.0073391963,0.056372665,0.9362881,2
nZFPKP9kBkw$_$4,2026,processed_po,1.0,1,0.0,2,1.5700006484985352,1.5700006484985352,0.0,0.03,0.5,3,0.5,1.0,1.0,1.0,0.00816341,0.017205315,0.9746313,2
namehdJxRIM$_$1,2026,processed_po,1.0,2,0.3333333432674408,2,0.5223515033721924,0.5223515033721924,0.0,0.03,0.5,3,0.5,1.0,1.0,1.0,0.015957586,0.42510766,0.55893475,2
o2XbNJDpOlc$_$6,2026,processed_po,1.0,2,1.6666666269302368,2,0.3317272365093231,0.3317272365093231,0.0,0.03,0.5,3,0.5,1.0,1.0,1.0,0.20989509,0.19318657,0.59691834,2
oBS-IW-BO00$_$3,2026,processed_po,1.0,1,0.0,2,0.047597736120224,0.047597736120224,0.0,0.03,0.5,3,0.5,1.0,1.0,1.0,0.08504704,0.32774952,0.58720344,2
oHff2W51wZ8$_$1,2026,processed_po,1.0,2,1.3333333730697632,2,1.000867486000061,1.000867486000061,0.0,0.03,0.5,3,0.5,1.0,1.0,1.0,0.0050412277,0.03418832,0.96077037,2
oHff2W51wZ8$_$2,2026,processed_po,1.0,2,2.0,2,1.1955854892730713,1.1955854892730713,0.0,0.03,0.5,3,0.5,1.0,1.0,1.0,0.008685449,0.021035803,0.97027874,2
oHff2W51wZ8$_$5,2026,processed_po,1.0,2,2.6666667461395264,2,0.7852517366409302,0.7852517366409302,0.0,0.03,0.5,3,0.5,1.0,1.0,1.0,0.0054886574,0.088558026,0.90595335,2
oPlnhc0DkcU$_$1,2026,processed_po,1.0,0,-0.3333333432674408,0,-0.5654518604278564,-0.5654518604278564,0.0,0.03,0.5,3,0.5,1.0,1.0,1.0,0.5860439,0.09553567,0.31842035,0
oZxMx8e0x2U$_$2,2026,processed_po,1.0,2,0.3333333432674408,0,-0.9807098507881165,-0.9807098507881165,0.0,0.03,0.5,3,0.5,1.0,1.0,1.0,0.74431854,0.19913366,0.056547765,0
obGF3RfWQKE$_$24,2026,processed_po,1.0,1,0.0,0,-0.6216717958450317,-0.6216717958450317,0.0,0.03,0.5,3,0.5,1.0,1.0,1.0,0.60472107,0.106200464,0.28907847,0
obGF3RfWQKE$_$3,2026,processed_po,1.0,2,1.3333333730697632,2,1.5588816404342651,1.5588816404342651,0.0,0.03,0.5,3,0.5,1.0,1.0,1.0,0.028721798,0.043089785,0.9281883,2
ossKC1VrusE$_$3,2026,processed_po,1.0,2,0.6666666865348816,2,0.2464978098869323,0.2464978098869323,0.0,0.03,0.5,3,0.5,1.0,1.0,1.0,0.013009717,0.24167204,0.7453183,2
ossKC1VrusE$_$2,2026,processed_po,1.0,2,1.6666666269302368,2,0.6745741367340088,0.6745741367340088,0.0,0.03,0.5,3,0.5,1.0,1.0,1.0,0.012176781,0.099188484,0.88863474,2
ozA7pRW4gFM$_$7,2026,processed_po,1.0,1,0.0,0,-0.1590483486652374,-0.1590483486652374,0.0,0.03,0.5,3,0.5,1.0,1.0,1.0,0.3920992,0.2827016,0.32519922,0
p4WmcxrXkc4$_$0,2026,processed_po,1.0,2,0.3333333432674408,2,0.567045271396637,0.567045271396637,0.0,0.03,0.5,3,0.5,1.0,1.0,1.0,0.010691431,0.08734283,0.90196574,2
p7zuPEZgtY4$_$0,2026,processed_po,1.0,2,0.3333333432674408,1,0.0,-0.0672371610999107,0.0,0.03,0.5,3,0.5,1.0,1.0,1.0,0.17869408,0.4131482,0.4081577,1
pIaEcqnzI-s$_$3,2026,processed_po,1.0,2,0.3333333432674408,2,0.3717938661575317,0.3717938661575317,0.0,0.03,0.5,3,0.5,1.0,1.0,1.0,0.041897874,0.21590503,0.7421972,2
pIaEcqnzI-s$_$5,2026,processed_po,1.0,0,-0.3333333432674408,1,0.0,0.1931240111589431,0.0,0.03,0.5,3,0.5,1.0,1.0,1.0,0.08692916,0.49025214,0.42281866,1
pIaEcqnzI-s$_$7,2026,processed_po,1.0,0,-0.3333333432674408,1,0.0,0.0522634461522102,0.0,0.03,0.5,3,0.5,1.0,1.0,1.0,0.12176262,0.5915557,0.28668162,1
pIaEcqnzI-s$_$6,2026,processed_po,1.0,1,0.0,2,0.1692611426115036,0.1692611426115036,0.0,0.03,0.5,3,0.5,1.0,1.0,1.0,0.04731691,0.46597457,0.4867085,2
pQpy7RSfWzM$_$19,2026,processed_po,1.0,2,0.3333333432674408,2,1.0449268817901611,1.0449268817901611,0.0,0.03,0.5,3,0.5,1.0,1.0,1.0,0.013804936,0.080294654,0.9059004,2
pQpy7RSfWzM$_$8,2026,processed_po,1.0,1,0.0,2,1e-06,-0.0778298377990722,0.0,0.03,0.5,3,0.5,1.0,1.0,1.0,0.23177887,0.21365856,0.5545626,2
pSxte-ms0t8$_$33,2026,processed_po,1.0,0,-0.3333333432674408,0,-1e-06,0.032006736844778,0.0,0.03,0.5,3,0.5,1.0,1.0,1.0,0.5158601,0.075863674,0.4082762,0
pSxte-ms0t8$_$2,2026,processed_po,1.0,2,0.6666666865348816,2,0.139535903930664,0.139535903930664,0.0,0.03,0.5,3,0.5,1.0,1.0,1.0,0.42145556,0.14658268,0.43196183,2
pSxte-ms0t8$_$7,2026,processed_po,1.0,0,-2.0,0,-1.6276134252548218,-1.6276134252548218,0.0,0.03,0.5,3,0.5,1.0,1.0,1.0,0.9538871,0.01711662,0.028996225,0
pSxte-ms0t8$_$6,2026,processed_po,1.0,2,1.0,2,0.6604359149932861,0.6604359149932861,0.0,0.03,0.5,3,0.5,1.0,1.0,1.0,0.09414522,0.28730598,0.6185488,2
pZye4zFzk3o$_$2,2026,processed_po,1.0,0,-0.6666666865348816,2,0.5042723417282104,0.5042723417282104,0.0,0.03,0.5,3,0.5,1.0,1.0,1.0,0.07546627,0.14992197,0.7746118,2
pZye4zFzk3o$_$5,2026,processed_po,1.0,0,-0.6666666865348816,0,-0.6692743301391602,-0.6692743301391602,0.0,0.03,0.5,3,0.5,1.0,1.0,1.0,0.79146343,0.085266605,0.123269945,0
pnpFPX34Agk$_$2,2026,processed_po,1.0,2,0.3333333432674408,2,0.0500486195087432,0.0500486195087432,0.0,0.03,0.5,3,0.5,1.0,1.0,1.0,0.13472806,0.3856029,0.47966906,2
q5M1God4M6Y$_$9,2026,processed_po,1.0,2,0.6666666865348816,1,0.0,0.0966334640979766,0.0,0.03,0.5,3,0.5,1.0,1.0,1.0,0.030184543,0.5685814,0.40123406,1
qDfSYz0PX9g$_$0,2026,processed_po,1.0,0,-2.0,0,-1.3850014209747314,-1.3850014209747314,0.0,0.03,0.5,3,0.5,1.0,1.0,1.0,0.72949237,0.026994925,0.2435127,0
qDfSYz0PX9g$_$8,2026,processed_po,1.0,0,-0.6666666865348816,0,-0.2393830120563507,-0.2393830120563507,0.0,0.03,0.5,3,0.5,1.0,1.0,1.0,0.5201772,0.15056275,0.32926002,0
qEuJj4uW93E$_$1,2026,processed_po,1.0,1,0.0,2,0.2370855212211609,0.2370855212211609,0.0,0.03,0.5,3,0.5,1.0,1.0,1.0,0.04084071,0.391449,0.5677103,2
qgC8_emxSIU$_$6,2026,processed_po,1.0,1,0.0,2,0.0096578411757946,0.0096578411757946,0.0,0.03,0.5,3,0.5,1.0,1.0,1.0,0.04724157,0.398682,0.5540765,2
r46amqjpWgg$_$26,2026,processed_po,1.0,2,0.6666666865348816,2,0.8256251811981201,0.8256251811981201,0.0,0.03,0.5,3,0.5,1.0,1.0,1.0,0.082950674,0.0853505,0.8316988,2
r46amqjpWgg$_$22,2026,processed_po,1.0,2,0.6666666865348816,2,1.0032367706298828,1.0032367706298828,0.0,0.03,0.5,3,0.5,1.0,1.0,1.0,0.044923883,0.117895596,0.83718055,2
r46amqjpWgg$_$6,2026,processed_po,1.0,2,1.3333333730697632,2,0.5697476267814636,0.5697476267814636,0.0,0.03,0.5,3,0.5,1.0,1.0,1.0,0.0081590535,0.16093041,0.83091056,2
r46amqjpWgg$_$15,2026,processed_po,1.0,1,0.0,1,0.0,-0.0100478418171405,0.0,0.03,0.5,3,0.5,1.0,1.0,1.0,0.30042017,0.3615021,0.33807772,1
r46amqjpWgg$_$32,2026,processed_po,1.0,2,1.0,2,1.589921474456787,1.589921474456787,0.0,0.03,0.5,3,0.5,1.0,1.0,1.0,0.023759281,0.032960787,0.9432799,2
rcfnqiD0y8o$_$0,2026,processed_po,1.0,2,1.6666666269302368,2,2.1846423149108887,2.1846423149108887,0.0,0.03,0.5,3,0.5,1.0,1.0,1.0,0.0072528035,0.007811703,0.9849355,2
rhQB8e999-Q$_$10,2026,processed_po,1.0,2,1.0,2,0.7555886507034302,0.7555886507034302,0.0,0.03,0.5,3,0.5,1.0,1.0,1.0,0.01743559,0.06798935,0.914575,2
rhQB8e999-Q$_$0,2026,processed_po,1.0,2,0.6666666865348816,2,1.0450985431671145,1.0450985431671145,0.0,0.03,0.5,3,0.5,1.0,1.0,1.0,0.0057317233,0.056048423,0.9382199,2
rhQB8e999-Q$_$5,2026,processed_po,1.0,1,0.0,2,0.7010937929153442,0.7010937929153442,0.0,0.03,0.5,3,0.5,1.0,1.0,1.0,0.0045696027,0.075799264,0.91963106,2
rhQB8e999-Q$_$7,2026,processed_po,1.0,2,0.6666666865348816,2,0.956134796142578,0.956134796142578,0.0,0.03,0.5,3,0.5,1.0,1.0,1.0,0.0047352538,0.033934716,0.96133,2
rhQB8e999-Q$_$8,2026,processed_po,1.0,1,0.0,2,0.4975720345973968,0.4975720345973968,0.0,0.03,0.5,3,0.5,1.0,1.0,1.0,0.0047590546,0.119474225,0.87576675,2
svsbGQn389o$_$8,2026,processed_po,1.0,0,-1.3333333730697632,0,-1.01953125,-1.01953125,0.0,0.03,0.5,3,0.5,1.0,1.0,1.0,0.9084008,0.03904397,0.052555177,0
tC2KicUHB9Q$_$7,2026,processed_po,1.0,0,-0.3333333432674408,1,0.0,0.2384509146213531,0.0,0.03,0.5,3,0.5,1.0,1.0,1.0,0.062774904,0.5087848,0.4284403,1
tNd3--lvSXE$_$6,2026,processed_po,1.0,2,0.6666666865348816,1,0.0,0.3160102963447571,0.0,0.03,0.5,3,0.5,1.0,1.0,1.0,0.3113052,0.38110426,0.3075905,1
teQqaAmqqx0$_$0,2026,processed_po,1.0,1,0.0,2,0.4679946303367615,0.4679946303367615,0.0,0.03,0.5,3,0.5,1.0,1.0,1.0,0.16160281,0.11356145,0.72483575,2
teQqaAmqqx0$_$3,2026,processed_po,1.0,1,0.0,2,0.3750240206718445,0.3750240206718445,0.0,0.03,0.5,3,0.5,1.0,1.0,1.0,0.12328303,0.085522294,0.7911946,2
tnWmVXZ87h0$_$0,2026,processed_po,1.0,2,2.0,2,1.406823754310608,1.406823754310608,0.0,0.03,0.5,3,0.5,1.0,1.0,1.0,0.042672623,0.035144277,0.9221831,2
tnWmVXZ87h0$_$3,2026,processed_po,1.0,2,1.6666666269302368,2,0.8498706817626953,0.8498706817626953,0.0,0.03,0.5,3,0.5,1.0,1.0,1.0,0.28809613,0.056278236,0.65562564,2
ttfaZ8IIWCo$_$2,2026,processed_po,1.0,2,2.3333332538604736,2,0.9266582727432252,0.9266582727432252,0.0,0.03,0.5,3,0.5,1.0,1.0,1.0,0.0062017166,0.092972144,0.9008261,2
ttfaZ8IIWCo$_$5,2026,processed_po,1.0,2,2.3333332538604736,2,1.3415604829788208,1.3415604829788208,0.0,0.03,0.5,3,0.5,1.0,1.0,1.0,0.0064779376,0.02308152,0.9704405,2
ttfaZ8IIWCo$_$4,2026,processed_po,1.0,2,2.3333332538604736,2,1.076157808303833,1.076157808303833,0.0,0.03,0.5,3,0.5,1.0,1.0,1.0,0.006042202,0.07731104,0.9166467,2
tymso_pAxhk$_$12,2026,processed_po,1.0,0,-1.0,2,0.2415556013584137,0.2415556013584137,0.0,0.03,0.5,3,0.5,1.0,1.0,1.0,0.2439389,0.19320908,0.56285197,2
u9ZV8jb_-U0$_$0,2026,processed_po,1.0,0,-1.6666666269302368,0,-1.0330559015274048,-1.0330559015274048,0.0,0.03,0.5,3,0.5,1.0,1.0,1.0,0.6543582,0.088652596,0.25698918,0
um8WVjZMLUc$_$1,2026,processed_po,1.0,1,0.0,0,-1.1556439399719238,-1.1556439399719238,0.0,0.03,0.5,3,0.5,1.0,1.0,1.0,0.96100163,0.029526316,0.009472103,0
unOeTDc2rlY$_$27,2026,processed_po,1.0,2,1.0,2,0.4093904495239258,0.4093904495239258,0.0,0.03,0.5,3,0.5,1.0,1.0,1.0,0.16939086,0.08945741,0.7411518,2
unOeTDc2rlY$_$31,2026,processed_po,1.0,2,1.0,2,0.0894166827201843,0.0894166827201843,0.0,0.03,0.5,3,0.5,1.0,1.0,1.0,0.17238815,0.28973648,0.5378754,2
unOeTDc2rlY$_$29,2026,processed_po,1.0,0,-0.3333333432674408,0,-0.5130062699317932,-0.5130062699317932,0.0,0.03,0.5,3,0.5,1.0,1.0,1.0,0.49873406,0.10163381,0.39963216,0
uogwnZGb-iE$_$26,2026,processed_po,1.0,2,2.0,2,0.8671204447746277,0.8671204447746277,0.0,0.03,0.5,3,0.5,1.0,1.0,1.0,0.04700408,0.1159807,0.8370153,2
uogwnZGb-iE$_$21,2026,processed_po,1.0,2,0.3333333432674408,2,0.3809078931808471,0.3809078931808471,0.0,0.03,0.5,3,0.5,1.0,1.0,1.0,0.19682708,0.111067235,0.69210565,2
uogwnZGb-iE$_$22,2026,processed_po,1.0,2,2.0,2,2.118064641952514,2.118064641952514,0.0,0.03,0.5,3,0.5,1.0,1.0,1.0,0.0038854475,0.018732617,0.9773819,2
uogwnZGb-iE$_$28,2026,processed_po,1.0,2,2.3333332538604736,2,2.116116523742676,2.116116523742676,0.0,0.03,0.5,3,0.5,1.0,1.0,1.0,0.008828769,0.019302234,0.97186893,2
uogwnZGb-iE$_$13,2026,processed_po,1.0,2,2.3333332538604736,2,1.9394406080245967,1.9394406080245967,0.0,0.03,0.5,3,0.5,1.0,1.0,1.0,0.009287468,0.018732226,0.97198033,2
uogwnZGb-iE$_$6,2026,processed_po,1.0,2,1.0,2,1.599367380142212,1.599367380142212,0.0,0.03,0.5,3,0.5,1.0,1.0,1.0,0.025255194,0.056411535,0.9183333,2
vB_kZocHtYo$_$8,2026,processed_po,1.0,1,0.0,2,1e-06,-0.0154261533170938,0.0,0.03,0.5,3,0.5,1.0,1.0,1.0,0.12481132,0.3368124,0.5383763,2
vGkIaClHKDg$_$6,2026,processed_po,1.0,2,1.3333333730697632,2,1.6786906719207764,1.6786906719207764,0.0,0.03,0.5,3,0.5,1.0,1.0,1.0,0.007840618,0.020202048,0.97195745,2
vR90Pdx9wxs$_$3,2026,processed_po,1.0,2,0.3333333432674408,2,0.130686342716217,0.130686342716217,0.0,0.03,0.5,3,0.5,1.0,1.0,1.0,0.054165263,0.32416144,0.62167335,2
v_8QeoNc4QY$_$5,2026,processed_po,1.0,2,0.3333333432674408,1,0.0,-0.2450995445251464,0.0,0.03,0.5,3,0.5,1.0,1.0,1.0,0.30605575,0.57681215,0.11713208,1
veA6ECsGFxI$_$0,2026,processed_po,1.0,2,0.6666666865348816,2,0.5850517749786377,0.5850517749786377,0.0,0.03,0.5,3,0.5,1.0,1.0,1.0,0.029800039,0.13381656,0.83638346,2
wC_1M7KIv9s$_$24,2026,processed_po,1.0,1,0.0,2,0.2887974083423614,0.2887974083423614,0.0,0.03,0.5,3,0.5,1.0,1.0,1.0,0.05568031,0.20281026,0.7415094,2
wC_1M7KIv9s$_$12,2026,processed_po,1.0,2,0.3333333432674408,2,0.8804929256439209,0.8804929256439209,0.0,0.03,0.5,3,0.5,1.0,1.0,1.0,0.029652586,0.08647952,0.88386786,2
wC_1M7KIv9s$_$23,2026,processed_po,1.0,1,0.0,0,-0.564404308795929,-0.564404308795929,0.0,0.03,0.5,3,0.5,1.0,1.0,1.0,0.48335797,0.29330602,0.22333598,0
wC_1M7KIv9s$_$1,2026,processed_po,1.0,2,0.6666666865348816,1,0.0,0.2928960025310516,0.0,0.03,0.5,3,0.5,1.0,1.0,1.0,0.06717349,0.55531347,0.37751305,1
wC_1M7KIv9s$_$5,2026,processed_po,1.0,1,0.0,1,0.0,-0.0849635899066925,0.0,0.03,0.5,3,0.5,1.0,1.0,1.0,0.1612424,0.6797654,0.15899217,1
wC_1M7KIv9s$_$25,2026,processed_po,1.0,2,2.0,2,0.680821418762207,0.680821418762207,0.0,0.03,0.5,3,0.5,1.0,1.0,1.0,0.03313428,0.10005655,0.86680925,2
wC_1M7KIv9s$_$21,2026,processed_po,1.0,0,-0.3333333432674408,0,-0.6702961921691895,-0.6702961921691895,0.0,0.03,0.5,3,0.5,1.0,1.0,1.0,0.6622737,0.13607047,0.2016558,0
wHeZHLv9wGI$_$12,2026,processed_po,1.0,0,-0.6666666865348816,2,0.0823669806122779,0.0823669806122779,0.0,0.03,0.5,3,0.5,1.0,1.0,1.0,0.37993026,0.06406169,0.55600804,2
wnL3ld9bM2o$_$25,2026,processed_po,1.0,2,2.0,0,-1.3219115734100342,-1.3219115734100342,0.0,0.03,0.5,3,0.5,1.0,1.0,1.0,0.7252026,0.049670286,0.22512715,0
wnL3ld9bM2o$_$21,2026,processed_po,1.0,2,0.3333333432674408,0,-0.7714521288871765,-0.7714521288871765,0.0,0.03,0.5,3,0.5,1.0,1.0,1.0,0.67695075,0.19219229,0.13085695,0
wnL3ld9bM2o$_$4,2026,processed_po,1.0,2,0.3333333432674408,2,1.5004745721817017,1.5004745721817017,0.0,0.03,0.5,3,0.5,1.0,1.0,1.0,0.03328137,0.03346688,0.93325174,2
wnL3ld9bM2o$_$9,2026,processed_po,1.0,2,1.0,2,0.8751333951950073,0.8751333951950073,0.0,0.03,0.5,3,0.5,1.0,1.0,1.0,0.029895738,0.053317033,0.91678727,2
wnL3ld9bM2o$_$15,2026,processed_po,1.0,1,0.0,0,-0.381999671459198,-0.381999671459198,0.0,0.03,0.5,3,0.5,1.0,1.0,1.0,0.5660305,0.10980882,0.32416064,0
wnL3ld9bM2o$_$14,2026,processed_po,1.0,1,0.0,1,0.0,-0.0207791998982429,0.0,0.03,0.5,3,0.5,1.0,1.0,1.0,0.03135976,0.7856398,0.18300043,1
wznRBN1fWj4$_$0,2026,processed_po,1.0,1,0.0,1,0.0,-0.1056834608316421,0.0,0.03,0.5,3,0.5,1.0,1.0,1.0,0.27111658,0.47455546,0.25432792,1
wznRBN1fWj4$_$6,2026,processed_po,1.0,1,0.0,2,0.3525323271751404,0.3525323271751404,0.0,0.03,0.5,3,0.5,1.0,1.0,1.0,0.022853734,0.09697509,0.8801712,2
x0rLwBIocuI$_$7,2026,processed_po,1.0,0,-0.6666666865348816,0,-1.160137176513672,-1.160137176513672,0.0,0.03,0.5,3,0.5,1.0,1.0,1.0,0.9026014,0.057721883,0.039676756,0
xBE9YWYGjtk$_$7,2026,processed_po,1.0,2,2.0,2,1.4882116317749023,1.4882116317749023,0.0,0.03,0.5,3,0.5,1.0,1.0,1.0,0.02486564,0.034035668,0.94109875,2
xSCvspXYU9k$_$19,2026,processed_po,1.0,0,-1.0,0,-0.7674109935760498,-0.7674109935760498,0.0,0.03,0.5,3,0.5,1.0,1.0,1.0,0.6337226,0.1381589,0.22811848,0
xSCvspXYU9k$_$7,2026,processed_po,1.0,1,0.0,2,1.2389802932739258,1.2389802932739258,0.0,0.03,0.5,3,0.5,1.0,1.0,1.0,0.021465285,0.068716764,0.90981793,2
xXXcgb9eZ9Y$_$7,2026,processed_po,1.0,0,-0.3333333432674408,0,-0.2172553241252899,-0.2172553241252899,0.0,0.03,0.5,3,0.5,1.0,1.0,1.0,0.68904537,0.17925227,0.13170235,0
xmLJHru6Z1M$_$12,2026,processed_po,1.0,2,1.0,2,1e-06,-0.0905135795474052,0.0,0.03,0.5,3,0.5,1.0,1.0,1.0,0.33988088,0.28394037,0.3761788,2
xmLJHru6Z1M$_$14,2026,processed_po,1.0,2,1.0,2,1e-06,-0.2161732017993927,0.0,0.03,0.5,3,0.5,1.0,1.0,1.0,0.3866878,0.21410535,0.39920682,2
xmLJHru6Z1M$_$8,2026,processed_po,1.0,2,0.3333333432674408,2,0.4351305365562439,0.4351305365562439,0.0,0.03,0.5,3,0.5,1.0,1.0,1.0,0.04412715,0.13988838,0.8159844,2
xobMRm5Vs44$_$1,2026,processed_po,1.0,1,0.0,2,1.1241382360458374,1.1241382360458374,0.0,0.03,0.5,3,0.5,1.0,1.0,1.0,0.005828715,0.02752662,0.96664464,2
yCpHmPSshKY$_$1,2026,processed_po,1.0,2,1.6666666269302368,0,-0.3654790222644806,-0.3654790222644806,0.0,0.03,0.5,3,0.5,1.0,1.0,1.0,0.56173176,0.13363968,0.30462855,0
yCpHmPSshKY$_$0,2026,processed_po,1.0,2,0.6666666865348816,2,0.0609719231724739,0.0609719231724739,0.0,0.03,0.5,3,0.5,1.0,1.0,1.0,0.1912937,0.30330417,0.50540215,2
yLo-Jl8nBXU$_$11,2026,processed_po,1.0,2,0.6666666865348816,2,1.447255253791809,1.447255253791809,0.0,0.03,0.5,3,0.5,1.0,1.0,1.0,0.029103214,0.036030274,0.9348664,2
yLo-Jl8nBXU$_$0,2026,processed_po,1.0,1,0.0,0,-0.4399215281009674,-0.4399215281009674,0.0,0.03,0.5,3,0.5,1.0,1.0,1.0,0.6794241,0.17299123,0.14758472,0
yLo-Jl8nBXU$_$6,2026,processed_po,1.0,2,1.3333333730697632,2,1.7354629039764404,1.7354629039764404,0.0,0.03,0.5,3,0.5,1.0,1.0,1.0,0.026089404,0.02712813,0.94678247,2
ySblgk7T7eQ$_$12,2026,processed_po,1.0,0,-0.3333333432674408,2,1e-06,-0.3414323329925537,0.0,0.03,0.5,3,0.5,1.0,1.0,1.0,0.29409915,0.15840816,0.54749274,2
ySblgk7T7eQ$_$0,2026,processed_po,1.0,2,1.0,2,1.709702968597412,1.709702968597412,0.0,0.03,0.5,3,0.5,1.0,1.0,1.0,0.008565117,0.039696272,0.9517386,2
ySblgk7T7eQ$_$4,2026,processed_po,1.0,2,0.6666666865348816,2,1e-06,-0.0571877472102642,0.0,0.03,0.5,3,0.5,1.0,1.0,1.0,0.18210408,0.26648697,0.55140895,2
ySblgk7T7eQ$_$9,2026,processed_po,1.0,2,1.0,0,-1.588813066482544,-1.588813066482544,0.0,0.03,0.5,3,0.5,1.0,1.0,1.0,0.8383859,0.09246431,0.06914985,0
yUqNp-poh9M$_$2,2026,processed_po,1.0,0,-0.3333333432674408,0,-1.210171818733215,-1.210171818733215,0.0,0.03,0.5,3,0.5,1.0,1.0,1.0,0.8286855,0.054943196,0.11637127,0
yUqNp-poh9M$_$9,2026,processed_po,1.0,1,0.0,0,-1.7086899280548096,-1.7086899280548096,0.0,0.03,0.5,3,0.5,1.0,1.0,1.0,0.9285909,0.025034443,0.046374608,0
ydzNAuqUAnc$_$6,2026,processed_po,1.0,0,-1.0,0,-1e-06,0.0505389980971813,0.0,0.03,0.5,3,0.5,1.0,1.0,1.0,0.47295573,0.08571631,0.44132793,0
yoDMh8FlHR8$_$0,2026,processed_po,1.0,2,1.6666666269302368,2,0.5382804870605469,0.5382804870605469,0.0,0.03,0.5,3,0.5,1.0,1.0,1.0,0.021060714,0.15836127,0.820578,2
yzCHa2qchpg$_$1,2026,processed_po,1.0,0,-2.0,2,1e-06,-0.0380765944719314,0.0,0.03,0.5,3,0.5,1.0,1.0,1.0,0.42380184,0.047301188,0.5288969,2
yzCHa2qchpg$_$2,2026,processed_po,1.0,2,1.3333333730697632,2,1.3858903646469116,1.3858903646469116,0.0,0.03,0.5,3,0.5,1.0,1.0,1.0,0.06501261,0.037165176,0.8978222,2
z441aDJvAcU$_$20,2026,processed_po,1.0,2,1.0,2,1.0455384254455566,1.0455384254455566,0.0,0.03,0.5,3,0.5,1.0,1.0,1.0,0.0072184335,0.061093852,0.9316877,2
z441aDJvAcU$_$21,2026,processed_po,1.0,2,0.3333333432674408,2,1.046478509902954,1.046478509902954,0.0,0.03,0.5,3,0.5,1.0,1.0,1.0,0.01718044,0.050302282,0.93251735,2
z441aDJvAcU$_$22,2026,processed_po,1.0,1,0.0,0,-0.0505745261907577,-0.0505745261907577,0.0,0.03,0.5,3,0.5,1.0,1.0,1.0,0.41057318,0.19393067,0.3954962,0
zfZUOvZZTuk$_$1,2026,processed_po,1.0,1,0.0,1,0.0,0.1146694272756576,0.0,0.03,0.5,3,0.5,1.0,1.0,1.0,0.15719719,0.44589442,0.39690834,1
zfZUOvZZTuk$_$8,2026,processed_po,1.0,1,0.0,2,0.5569185018539429,0.5569185018539429,0.0,0.03,0.5,3,0.5,1.0,1.0,1.0,0.121653624,0.25648314,0.6218632,2
zhNksSReaQk$_$27,2026,processed_po,1.0,1,0.0,2,0.8479158282279968,0.8479158282279968,0.0,0.03,0.5,3,0.5,1.0,1.0,1.0,0.084170446,0.060818635,0.8550109,2
zhNksSReaQk$_$44,2026,processed_po,1.0,0,-1.0,2,0.8049906492233276,0.8049906492233276,0.0,0.03,0.5,3,0.5,1.0,1.0,1.0,0.04878744,0.04345718,0.9077554,2
zhNksSReaQk$_$28,2026,processed_po,1.0,0,-1.0,0,-0.0069618732668459,-0.0069618732668459,0.0,0.03,0.5,3,0.5,1.0,1.0,1.0,0.68223345,0.050262228,0.2675044,0
zhNksSReaQk$_$1,2026,processed_po,1.0,1,0.0,2,0.3446375727653503,0.3446375727653503,0.0,0.03,0.5,3,0.5,1.0,1.0,1.0,0.19002183,0.15516698,0.6548112,2
zhNksSReaQk$_$4,2026,processed_po,1.0,0,-0.3333333432674408,0,-1.5942959785461426,-1.5942959785461426,0.0,0.03,0.5,3,0.5,1.0,1.0,1.0,0.89752686,0.050785065,0.051688198,0
zhNksSReaQk$_$15,2026,processed_po,1.0,1,0.0,2,0.1330933272838592,0.1330933272838592,0.0,0.03,0.5,3,0.5,1.0,1.0,1.0,0.19734156,0.17675012,0.62590826,2
zhNksSReaQk$_$36,2026,processed_po,1.0,1,0.0,0,-0.7216059565544128,-0.7216059565544128,0.0,0.03,0.5,3,0.5,1.0,1.0,1.0,0.55081797,0.03563215,0.4135499,0
