id,seed,dataset,neutral_weight,true_class,true_intensity,class,intensity,raw_intensity,balance_beta,boundary_weight,boundary_margin,boundary_warmup_epochs,boundary_max_intensity,weight_negative,weight_neutral,weight_positive,p_negative,p_neutral,p_positive,baseline_class
-AUZQgSxyPQ$_$2,2026,processed_po,1.0,2,0.6666666865348816,2,1.3829346895217896,1.3829346895217896,0.5,0.0,0.5,3,0.5,1.097310163917268,1.239390138123173,0.8349960160446925,0.010623881,0.10840025,0.88097584,2
-HeZS2-Prhc$_$2,2026,processed_po,1.0,2,0.6666666865348816,0,-1e-06,0.6026682257652283,0.5,0.0,0.5,3,0.5,1.097310163917268,1.239390138123173,0.8349960160446925,0.4615708,0.08743882,0.45099044,2
-MeTTeMJBNc$_$0,2026,processed_po,1.0,2,0.3333333432674408,1,0.0,-0.0449784845113754,0.5,0.0,0.5,3,0.5,1.097310163917268,1.239390138123173,0.8349960160446925,0.08785741,0.51859915,0.39354345,2
-RfYyzHpjk4$_$2,2026,processed_po,1.0,2,0.3333333432674408,2,0.0989193990826606,0.0989193990826606,0.5,0.0,0.5,3,0.5,1.097310163917268,1.239390138123173,0.8349960160446925,0.40703282,0.1828949,0.4100723,2
-s9qJ7ATP7w$_$2,2026,processed_po,1.0,2,1.3333333730697632,2,1.1791542768478394,1.1791542768478394,0.5,0.0,0.5,3,0.5,1.097310163917268,1.239390138123173,0.8349960160446925,0.069758385,0.03947308,0.89076847,2
-s9qJ7ATP7w$_$5,2026,processed_po,1.0,0,-2.0,0,-1.6794204711914062,-1.6794204711914062,0.5,0.0,0.5,3,0.5,1.097310163917268,1.239390138123173,0.8349960160446925,0.9652614,0.015886985,0.018851634,0
-s9qJ7ATP7w$_$6,2026,processed_po,1.0,1,0.0,0,-1.0451678037643433,-1.0451678037643433,0.5,0.0,0.5,3,0.5,1.097310163917268,1.239390138123173,0.8349960160446925,0.829993,0.112412944,0.057594027,0
-yRb-Jum7EQ$_$1,2026,processed_po,1.0,1,0.0,0,-0.6063841581344604,-0.6063841581344604,0.5,0.0,0.5,3,0.5,1.097310163917268,1.239390138123173,0.8349960160446925,0.73631936,0.14453168,0.119148925,0
0K7dCp80n9c$_$6,2026,processed_po,1.0,1,0.0,0,-0.7072532773017883,-0.7072532773017883,0.5,0.0,0.5,3,0.5,1.097310163917268,1.239390138123173,0.8349960160446925,0.5724687,0.31407496,0.11345638,0
0YiAKqU36KE$_$1,2026,processed_po,1.0,2,1.3333333730697632,0,-0.9414452314376832,-0.9414452314376832,0.5,0.0,0.5,3,0.5,1.097310163917268,1.239390138123173,0.8349960160446925,0.7568469,0.11743324,0.12571989,0
0YiAKqU36KE$_$0,2026,processed_po,1.0,0,-1.0,0,-1.468549728393555,-1.468549728393555,0.5,0.0,0.5,3,0.5,1.097310163917268,1.239390138123173,0.8349960160446925,0.9311945,0.05130822,0.01749726,0
0bxhZ-LIfZY$_$4,2026,processed_po,1.0,0,-0.3333333432674408,0,-0.7722600698471069,-0.7722600698471069,0.5,0.0,0.5,3,0.5,1.097310163917268,1.239390138123173,0.8349960160446925,0.7336558,0.06241196,0.2039323,0
100178$_$15,2026,processed_po,1.0,1,0.0,0,-0.6659298539161682,-0.6659298539161682,0.5,0.0,0.5,3,0.5,1.097310163917268,1.239390138123173,0.8349960160446925,0.57097995,0.38595608,0.043064028,0
10219$_$10,2026,processed_po,1.0,2,2.0,2,1e-06,-0.1405838727951049,0.5,0.0,0.5,3,0.5,1.097310163917268,1.239390138123173,0.8349960160446925,0.31978163,0.16003063,0.52018774,2
10219$_$1,2026,processed_po,1.0,1,0.0,1,0.0,-0.0239683352410793,0.5,0.0,0.5,3,0.5,1.097310163917268,1.239390138123173,0.8349960160446925,0.21092916,0.54687077,0.2422001,1
10219$_$5,2026,processed_po,1.0,2,1.6666666269302368,2,1.4125940799713137,1.4125940799713137,0.5,0.0,0.5,3,0.5,1.097310163917268,1.239390138123173,0.8349960160446925,0.03283042,0.07737482,0.88979477,2
102213$_$2,2026,processed_po,1.0,2,1.3333333730697632,2,1.1954913139343262,1.1954913139343262,0.5,0.0,0.5,3,0.5,1.097310163917268,1.239390138123173,0.8349960160446925,0.15905534,0.1131034,0.7278413,2
102213$_$5,2026,processed_po,1.0,0,-1.0,0,-1.9264923334121704,-1.9264923334121704,0.5,0.0,0.5,3,0.5,1.097310163917268,1.239390138123173,0.8349960160446925,0.8900759,0.040911153,0.06901288,0
102213$_$7,2026,processed_po,1.0,0,-1.0,0,-0.1850980818271637,-0.1850980818271637,0.5,0.0,0.5,3,0.5,1.097310163917268,1.239390138123173,0.8349960160446925,0.65387785,0.113315,0.23280713,0
102389$_$5,2026,processed_po,1.0,0,-1.6666666269302368,0,-0.5595559477806091,-0.5595559477806091,0.5,0.0,0.5,3,0.5,1.097310163917268,1.239390138123173,0.8349960160446925,0.8067354,0.10649186,0.08677276,0
104741$_$0,2026,processed_po,1.0,1,0.0,1,0.0,0.0128069221973419,0.5,0.0,0.5,3,0.5,1.097310163917268,1.239390138123173,0.8349960160446925,0.049449887,0.66837204,0.2821781,1
104741$_$5,2026,processed_po,1.0,1,0.0,0,-1e-06,0.0132083073258399,0.5,0.0,0.5,3,0.5,1.097310163917268,1.239390138123173,0.8349960160446925,0.45501998,0.3371876,0.20779249,0
107585$_$12,2026,processed_po,1.0,0,-2.0,0,-2.513347625732422,-2.513347625732422,0.5,0.0,0.5,3,0.5,1.097310163917268,1.239390138123173,0.8349960160446925,0.98540604,0.007374925,0.0072189886,0
107585$_$18,2026,processed_po,1.0,0,-2.0,0,-2.182079315185547,-2.182079315185547,0.5,0.0,0.5,3,0.5,1.097310163917268,1.239390138123173,0.8349960160446925,0.9722749,0.0140570905,0.013668046,0
107585$_$1,2026,processed_po,1.0,0,-0.6666666865348816,2,0.794208288192749,0.794208288192749,0.5,0.0,0.5,3,0.5,1.097310163917268,1.239390138123173,0.8349960160446925,0.21854028,0.053997558,0.7274621,2
108146$_$3,2026,processed_po,1.0,0,-1.6666666269302368,0,-1.0396207571029663,-1.0396207571029663,0.5,0.0,0.5,3,0.5,1.097310163917268,1.239390138123173,0.8349960160446925,0.818092,0.046355613,0.13555244,0
110565$_$1,2026,processed_po,1.0,0,-1.0,2,1.4690757989883425,1.4690757989883425,0.5,0.0,0.5,3,0.5,1.097310163917268,1.239390138123173,0.8349960160446925,0.11016536,0.043777306,0.84605736,2
110565$_$5,2026,processed_po,1.0,2,1.0,2,1.5215590000152588,1.5215590000152588,0.5,0.0,0.5,3,0.5,1.097310163917268,1.239390138123173,0.8349960160446925,0.09604137,0.046400823,0.8575578,2
111881$_$11,2026,processed_po,1.0,0,-1.0,0,-0.7058190107345581,-0.7058190107345581,0.5,0.0,0.5,3,0.5,1.097310163917268,1.239390138123173,0.8349960160446925,0.7457019,0.16660108,0.08769699,0
111881$_$10,2026,processed_po,1.0,0,-2.0,2,0.7135149836540222,0.7135149836540222,0.5,0.0,0.5,3,0.5,1.097310163917268,1.239390138123173,0.8349960160446925,0.33359298,0.079744756,0.58666223,2
111881$_$15,2026,processed_po,1.0,0,-2.0,0,-0.191334530711174,-0.191334530711174,0.5,0.0,0.5,3,0.5,1.097310163917268,1.239390138123173,0.8349960160446925,0.7383586,0.117205985,0.1444354,0
111881$_$4,2026,processed_po,1.0,0,-1.3333333730697632,0,-1e-06,0.0842503756284713,0.5,0.0,0.5,3,0.5,1.097310163917268,1.239390138123173,0.8349960160446925,0.6104596,0.040057544,0.34948286,0
111881$_$7,2026,processed_po,1.0,0,-2.0,0,-0.5552804470062256,-0.5552804470062256,0.5,0.0,0.5,3,0.5,1.097310163917268,1.239390138123173,0.8349960160446925,0.74696344,0.08181778,0.1712187,0
111881$_$6,2026,processed_po,1.0,2,0.3333333432674408,2,0.4737838506698608,0.4737838506698608,0.5,0.0,0.5,3,0.5,1.097310163917268,1.239390138123173,0.8349960160446925,0.05356329,0.32468438,0.62175226,2
112425$_$10,2026,processed_po,1.0,2,2.3333332538604736,2,0.3800455331802368,0.3800455331802368,0.5,0.0,0.5,3,0.5,1.097310163917268,1.239390138123173,0.8349960160446925,0.18336168,0.24662097,0.57001734,2
112425$_$1,2026,processed_po,1.0,2,0.6666666865348816,1,0.0,0.0492770597338676,0.5,0.0,0.5,3,0.5,1.097310163917268,1.239390138123173,0.8349960160446925,0.044228856,0.7065345,0.2492366,1
112425$_$7,2026,processed_po,1.0,2,1.3333333730697632,2,1.4469926357269287,1.4469926357269287,0.5,0.0,0.5,3,0.5,1.097310163917268,1.239390138123173,0.8349960160446925,0.12732041,0.049614195,0.82306546,2
112509$_$4,2026,processed_po,1.0,0,-2.0,0,-1.5621864795684814,-1.5621864795684814,0.5,0.0,0.5,3,0.5,1.097310163917268,1.239390138123173,0.8349960160446925,0.92848617,0.050544962,0.020968905,0
116213$_$3,2026,processed_po,1.0,0,-0.6666666865348816,0,-0.3019640445709228,-0.3019640445709228,0.5,0.0,0.5,3,0.5,1.097310163917268,1.239390138123173,0.8349960160446925,0.48214048,0.4194089,0.09845061,0
121400$_$0,2026,processed_po,1.0,1,0.0,2,0.2703772187232971,0.2703772187232971,0.5,0.0,0.5,3,0.5,1.097310163917268,1.239390138123173,0.8349960160446925,0.056351554,0.4496765,0.49397194,2
126872$_$11,2026,processed_po,1.0,0,-2.0,0,-0.7083004713058472,-0.7083004713058472,0.5,0.0,0.5,3,0.5,1.097310163917268,1.239390138123173,0.8349960160446925,0.81693983,0.13139404,0.051666126,0
130366$_$11,2026,processed_po,1.0,0,-1.3333333730697632,0,-1.0056216716766355,-1.0056216716766355,0.5,0.0,0.5,3,0.5,1.097310163917268,1.239390138123173,0.8349960160446925,0.7952415,0.085329466,0.11942909,0
130366$_$2,2026,processed_po,1.0,2,0.3333333432674408,0,-0.4673726558685303,-0.4673726558685303,0.5,0.0,0.5,3,0.5,1.097310163917268,1.239390138123173,0.8349960160446925,0.48966444,0.36794284,0.14239267,0
130366$_$4,2026,processed_po,1.0,0,-0.3333333432674408,0,-0.3266845047473907,-0.3266845047473907,0.5,0.0,0.5,3,0.5,1.097310163917268,1.239390138123173,0.8349960160446925,0.5377328,0.29685858,0.16540869,0
132028$_$7,2026,processed_po,1.0,2,0.3333333432674408,2,1.3808207511901855,1.3808207511901855,0.5,0.0,0.5,3,0.5,1.097310163917268,1.239390138123173,0.8349960160446925,0.21733885,0.08827046,0.6943907,2
135623$_$5,2026,processed_po,1.0,0,-2.3333332538604736,0,-1.6134477853775024,-1.6134477853775024,0.5,0.0,0.5,3,0.5,1.097310163917268,1.239390138123173,0.8349960160446925,0.9271381,0.021175854,0.051686056,0
135623$_$8,2026,processed_po,1.0,0,-1.3333333730697632,2,1.1636919975280762,1.1636919975280762,0.5,0.0,0.5,3,0.5,1.097310163917268,1.239390138123173,0.8349960160446925,0.072338834,0.06532681,0.8623343,2
136196$_$0,2026,processed_po,1.0,2,0.3333333432674408,1,0.0,-0.0838049575686454,0.5,0.0,0.5,3,0.5,1.097310163917268,1.239390138123173,0.8349960160446925,0.02332934,0.7217661,0.25490457,1
136196$_$9,2026,processed_po,1.0,0,-2.0,0,-1.563483476638794,-1.563483476638794,0.5,0.0,0.5,3,0.5,1.097310163917268,1.239390138123173,0.8349960160446925,0.92475796,0.047913145,0.02732886,0
136196$_$8,2026,processed_po,1.0,0,-1.6666666269302368,0,-2.1465611457824707,-2.1465611457824707,0.5,0.0,0.5,3,0.5,1.097310163917268,1.239390138123173,0.8349960160446925,0.9511752,0.02336455,0.025460182,0
167521$_$17,2026,processed_po,1.0,2,1.3333333730697632,0,-0.5088579058647156,-0.5088579058647156,0.5,0.0,0.5,3,0.5,1.097310163917268,1.239390138123173,0.8349960160446925,0.5553608,0.13177985,0.31285936,0
167521$_$16,2026,processed_po,1.0,2,2.0,2,1.7216548919677734,1.7216548919677734,0.5,0.0,0.5,3,0.5,1.097310163917268,1.239390138123173,0.8349960160446925,0.08075431,0.03478527,0.8844604,2
167521$_$5,2026,processed_po,1.0,2,0.3333333432674408,0,-1.6538574695587158,-1.6538574695587158,0.5,0.0,0.5,3,0.5,1.097310163917268,1.239390138123173,0.8349960160446925,0.88685906,0.038133185,0.07500771,0
190743$_$13,2026,processed_po,1.0,0,-2.0,0,-0.8163352012634277,-0.8163352012634277,0.5,0.0,0.5,3,0.5,1.097310163917268,1.239390138123173,0.8349960160446925,0.6521131,0.10526143,0.24262549,0
190743$_$17,2026,processed_po,1.0,0,-2.0,0,-1.2831825017929075,-1.2831825017929075,0.5,0.0,0.5,3,0.5,1.097310163917268,1.239390138123173,0.8349960160446925,0.80957603,0.13683064,0.05359333,0
190743$_$5,2026,processed_po,1.0,0,-2.0,0,-2.2197628021240234,-2.2197628021240234,0.5,0.0,0.5,3,0.5,1.097310163917268,1.239390138123173,0.8349960160446925,0.9789089,0.012352229,0.008738779,0
194299$_$14,2026,processed_po,1.0,1,0.0,2,0.5101739764213562,0.5101739764213562,0.5,0.0,0.5,3,0.5,1.097310163917268,1.239390138123173,0.8349960160446925,0.04056564,0.4784225,0.48101184,2
194299$_$4,2026,processed_po,1.0,0,-1.0,0,-0.9322723746299744,-0.9322723746299744,0.5,0.0,0.5,3,0.5,1.097310163917268,1.239390138123173,0.8349960160446925,0.78201205,0.064661704,0.15332623,0
194299$_$9,2026,processed_po,1.0,1,0.0,1,0.0,-0.1432988345623016,0.5,0.0,0.5,3,0.5,1.097310163917268,1.239390138123173,0.8349960160446925,0.16866855,0.54502517,0.28630623,1
198112$_$12,2026,processed_po,1.0,2,2.0,2,1.497502326965332,1.497502326965332,0.5,0.0,0.5,3,0.5,1.097310163917268,1.239390138123173,0.8349960160446925,0.29161102,0.041574426,0.66681457,2
198112$_$0,2026,processed_po,1.0,2,0.3333333432674408,2,0.1884038150310516,0.1884038150310516,0.5,0.0,0.5,3,0.5,1.097310163917268,1.239390138123173,0.8349960160446925,0.063098975,0.3973738,0.53952724,2
198112$_$5,2026,processed_po,1.0,2,1.0,2,1.1694389581680298,1.1694389581680298,0.5,0.0,0.5,3,0.5,1.097310163917268,1.239390138123173,0.8349960160446925,0.27018896,0.14414623,0.5856648,2
198112$_$9,2026,processed_po,1.0,2,2.3333332538604736,0,-0.7770096659660339,-0.7770096659660339,0.5,0.0,0.5,3,0.5,1.097310163917268,1.239390138123173,0.8349960160446925,0.7885565,0.06865151,0.14279196,0
198112$_$8,2026,processed_po,1.0,2,2.0,0,-0.1999479234218597,-0.1999479234218597,0.5,0.0,0.5,3,0.5,1.097310163917268,1.239390138123173,0.8349960160446925,0.6696708,0.171398,0.15893117,0
1HS2HcN2LDo$_$1,2026,processed_po,1.0,2,0.3333333432674408,2,0.4710299670696258,0.4710299670696258,0.5,0.0,0.5,3,0.5,1.097310163917268,1.239390138123173,0.8349960160446925,0.08555084,0.314333,0.6001162,2
1HS2HcN2LDo$_$9,2026,processed_po,1.0,2,1.3333333730697632,2,0.6716632843017578,0.6716632843017578,0.5,0.0,0.5,3,0.5,1.097310163917268,1.239390138123173,0.8349960160446925,0.12175285,0.2780859,0.60016125,2
1S6ji_d4OLI$_$9,2026,processed_po,1.0,2,0.6666666865348816,2,0.6113649010658264,0.6113649010658264,0.5,0.0,0.5,3,0.5,1.097310163917268,1.239390138123173,0.8349960160446925,0.0736655,0.3780824,0.5482521,2
1jogeKX0wGw$_$4,2026,processed_po,1.0,2,1.0,2,0.8304028511047363,0.8304028511047363,0.5,0.0,0.5,3,0.5,1.097310163917268,1.239390138123173,0.8349960160446925,0.004686836,0.042255078,0.953058,2
1pl2FVdQWj0$_$2,2026,processed_po,1.0,2,0.6666666865348816,2,0.6220538020133972,0.6220538020133972,0.5,0.0,0.5,3,0.5,1.097310163917268,1.239390138123173,0.8349960160446925,0.13425033,0.12801072,0.73773897,2
200941$_$10,2026,processed_po,1.0,0,-1.0,0,-1.9861552715301516,-1.9861552715301516,0.5,0.0,0.5,3,0.5,1.097310163917268,1.239390138123173,0.8349960160446925,0.9796566,0.007204965,0.013138452,0
202826$_$10,2026,processed_po,1.0,0,-1.6666666269302368,0,-1e-06,0.3195533156394958,0.5,0.0,0.5,3,0.5,1.097310163917268,1.239390138123173,0.8349960160446925,0.5831875,0.11501371,0.30179882,0
202826$_$7,2026,processed_po,1.0,2,1.0,2,0.7444002628326416,0.7444002628326416,0.5,0.0,0.5,3,0.5,1.097310163917268,1.239390138123173,0.8349960160446925,0.28294483,0.1660143,0.5510409,2
206585$_$3,2026,processed_po,1.0,1,0.0,2,0.1750464886426925,0.1750464886426925,0.5,0.0,0.5,3,0.5,1.097310163917268,1.239390138123173,0.8349960160446925,0.11317,0.31978032,0.5670497,2
208322$_$12,2026,processed_po,1.0,0,-2.3333332538604736,2,0.8485220670700073,0.8485220670700073,0.5,0.0,0.5,3,0.5,1.097310163917268,1.239390138123173,0.8349960160446925,0.15859677,0.08498712,0.75641614,2
208592$_$2,2026,processed_po,1.0,1,0.0,1,0.0,-0.0250776670873165,0.5,0.0,0.5,3,0.5,1.097310163917268,1.239390138123173,0.8349960160446925,0.024756385,0.8479369,0.12730663,1
208592$_$9,2026,processed_po,1.0,0,-2.6666667461395264,0,-1.1792336702346802,-1.1792336702346802,0.5,0.0,0.5,3,0.5,1.097310163917268,1.239390138123173,0.8349960160446925,0.86658514,0.086840235,0.046574652,0
209758$_$15,2026,processed_po,1.0,2,1.3333333730697632,2,0.1069322228431701,0.1069322228431701,0.5,0.0,0.5,3,0.5,1.097310163917268,1.239390138123173,0.8349960160446925,0.08418146,0.13281147,0.7830071,2
209758$_$3,2026,processed_po,1.0,1,0.0,2,0.1622259318828582,0.1622259318828582,0.5,0.0,0.5,3,0.5,1.097310163917268,1.239390138123173,0.8349960160446925,0.1021441,0.19356167,0.7042942,2
209758$_$5,2026,processed_po,1.0,1,0.0,1,0.0,0.039459366351366,0.5,0.0,0.5,3,0.5,1.097310163917268,1.239390138123173,0.8349960160446925,0.06911173,0.5656403,0.36524796,1
20LfN8ENbhM$_$1,2026,processed_po,1.0,2,2.0,2,1.4974019527435305,1.4974019527435305,0.5,0.0,0.5,3,0.5,1.097310163917268,1.239390138123173,0.8349960160446925,0.0172378,0.024908334,0.95785385,2
210259$_$11,2026,processed_po,1.0,0,-3.0,0,-2.256131887435913,-2.256131887435913,0.5,0.0,0.5,3,0.5,1.097310163917268,1.239390138123173,0.8349960160446925,0.93612987,0.038822655,0.025047485,0
210259$_$16,2026,processed_po,1.0,0,-2.3333332538604736,0,-2.161906242370605,-2.161906242370605,0.5,0.0,0.5,3,0.5,1.097310163917268,1.239390138123173,0.8349960160446925,0.9723904,0.019044999,0.008564612,0
210259$_$0,2026,processed_po,1.0,1,0.0,1,0.0,0.0595779418945312,0.5,0.0,0.5,3,0.5,1.097310163917268,1.239390138123173,0.8349960160446925,0.03821769,0.58734304,0.37443924,1
210259$_$8,2026,processed_po,1.0,0,-2.3333332538604736,0,-2.2720866203308105,-2.2720866203308105,0.5,0.0,0.5,3,0.5,1.097310163917268,1.239390138123173,0.8349960160446925,0.9888581,0.0061172466,0.0050247074,0
210433$_$0,2026,processed_po,1.0,1,0.0,1,0.0,0.0272227376699447,0.5,0.0,0.5,3,0.5,1.097310163917268,1.239390138123173,0.8349960160446925,0.12582065,0.64246583,0.2317135,1
210433$_$7,2026,processed_po,1.0,0,-2.0,0,-2.234917163848877,-2.234917163848877,0.5,0.0,0.5,3,0.5,1.097310163917268,1.239390138123173,0.8349960160446925,0.9687149,0.012247455,0.019037694,0
211875$_$4,2026,processed_po,1.0,0,-1.6666666269302368,2,1.4563632011413574,1.4563632011413574,0.5,0.0,0.5,3,0.5,1.097310163917268,1.239390138123173,0.8349960160446925,0.060967416,0.11965058,0.81938195,2
211875$_$8,2026,processed_po,1.0,0,-1.3333333730697632,0,-0.8628544807434082,-0.8628544807434082,0.5,0.0,0.5,3,0.5,1.097310163917268,1.239390138123173,0.8349960160446925,0.56446886,0.2726194,0.16291177,0
213327$_$6,2026,processed_po,1.0,0,-2.3333332538604736,0,-0.8766610622406006,-0.8766610622406006,0.5,0.0,0.5,3,0.5,1.097310163917268,1.239390138123173,0.8349960160446925,0.6939699,0.15069875,0.15533134,0
213327$_$8,2026,processed_po,1.0,0,-2.0,0,-0.8510593771934509,-0.8510593771934509,0.5,0.0,0.5,3,0.5,1.097310163917268,1.239390138123173,0.8349960160446925,0.64586234,0.1647821,0.18935554,0
215318$_$12,2026,processed_po,1.0,1,0.0,0,-0.5267044305801392,-0.5267044305801392,0.5,0.0,0.5,3,0.5,1.097310163917268,1.239390138123173,0.8349960160446925,0.6021184,0.264716,0.13316563,0
221137$_$2,2026,processed_po,1.0,1,0.0,0,-0.0239160358905792,-0.0239160358905792,0.5,0.0,0.5,3,0.5,1.097310163917268,1.239390138123173,0.8349960160446925,0.41434416,0.36701718,0.2186386,0
221137$_$5,2026,processed_po,1.0,0,-2.0,0,-1.4757598638534546,-1.4757598638534546,0.5,0.0,0.5,3,0.5,1.097310163917268,1.239390138123173,0.8349960160446925,0.93383425,0.034364164,0.031801652,0
221153$_$14,2026,processed_po,1.0,0,-1.6666666269302368,0,-1.324159860610962,-1.324159860610962,0.5,0.0,0.5,3,0.5,1.097310163917268,1.239390138123173,0.8349960160446925,0.943332,0.035930276,0.020737754,0
221153$_$16,2026,processed_po,1.0,0,-0.6666666865348816,0,-0.3680034577846527,-0.3680034577846527,0.5,0.0,0.5,3,0.5,1.097310163917268,1.239390138123173,0.8349960160446925,0.825945,0.0733127,0.10074235,0
221153$_$6,2026,processed_po,1.0,1,0.0,1,0.0,-0.5174117684364319,0.5,0.0,0.5,3,0.5,1.097310163917268,1.239390138123173,0.8349960160446925,0.25616255,0.64483726,0.099000245,1
221153$_$20,2026,processed_po,1.0,2,0.3333333432674408,1,0.0,0.0341967940330505,0.5,0.0,0.5,3,0.5,1.097310163917268,1.239390138123173,0.8349960160446925,0.2547607,0.58034897,0.16489033,1
22373$_$10,2026,processed_po,1.0,0,-2.6666667461395264,0,-1.511298894882202,-1.511298894882202,0.5,0.0,0.5,3,0.5,1.097310163917268,1.239390138123173,0.8349960160446925,0.9342104,0.021980383,0.043809116,0
22373$_$1,2026,processed_po,1.0,1,0.0,1,0.0,-0.230565145611763,0.5,0.0,0.5,3,0.5,1.097310163917268,1.239390138123173,0.8349960160446925,0.13184485,0.8154196,0.052735608,1
22373$_$2,2026,processed_po,1.0,0,-2.3333332538604736,0,-0.529571533203125,-0.529571533203125,0.5,0.0,0.5,3,0.5,1.097310163917268,1.239390138123173,0.8349960160446925,0.646329,0.12098961,0.23268148,0
22373$_$7,2026,processed_po,1.0,1,0.0,0,-0.7682034969329834,-0.7682034969329834,0.5,0.0,0.5,3,0.5,1.097310163917268,1.239390138123173,0.8349960160446925,0.68648744,0.21221088,0.101301715,0
224263$_$13,2026,processed_po,1.0,2,0.6666666865348816,2,1.7856166362762451,1.7856166362762451,0.5,0.0,0.5,3,0.5,1.097310163917268,1.239390138123173,0.8349960160446925,0.019175068,0.04199439,0.93883055,2
224263$_$14,2026,processed_po,1.0,0,-2.3333332538604736,0,-0.9373505115509032,-0.9373505115509032,0.5,0.0,0.5,3,0.5,1.097310163917268,1.239390138123173,0.8349960160446925,0.89169914,0.061368663,0.046932187,0
224263$_$3,2026,processed_po,1.0,0,-2.3333332538604736,0,-1.983955979347229,-1.983955979347229,0.5,0.0,0.5,3,0.5,1.097310163917268,1.239390138123173,0.8349960160446925,0.98797977,0.006670771,0.0053495443,0
224370$_$3,2026,processed_po,1.0,0,-2.0,0,-0.8790408968925476,-0.8790408968925476,0.5,0.0,0.5,3,0.5,1.097310163917268,1.239390138123173,0.8349960160446925,0.8770865,0.09883111,0.024082404,0
224370$_$5,2026,processed_po,1.0,0,-2.6666667461395264,2,0.3040365278720855,0.3040365278720855,0.5,0.0,0.5,3,0.5,1.097310163917268,1.239390138123173,0.8349960160446925,0.23943773,0.2960654,0.46449685,2
224370$_$11,2026,processed_po,1.0,2,0.3333333432674408,0,-1e-06,0.1234410107135772,0.5,0.0,0.5,3,0.5,1.097310163917268,1.239390138123173,0.8349960160446925,0.5285573,0.24414052,0.22730225,0
224370$_$15,2026,processed_po,1.0,0,-1.6666666269302368,0,-1.1742078065872192,-1.1742078065872192,0.5,0.0,0.5,3,0.5,1.097310163917268,1.239390138123173,0.8349960160446925,0.8338173,0.12649858,0.039684147,0
224631$_$5,2026,processed_po,1.0,2,0.3333333432674408,2,0.2833082675933838,0.2833082675933838,0.5,0.0,0.5,3,0.5,1.097310163917268,1.239390138123173,0.8349960160446925,0.058313448,0.33624017,0.6054464,2
226601$_$11,2026,processed_po,1.0,0,-1.3333333730697632,0,-1.872879266738892,-1.872879266738892,0.5,0.0,0.5,3,0.5,1.097310163917268,1.239390138123173,0.8349960160446925,0.8877772,0.095206775,0.017016008,0
226601$_$18,2026,processed_po,1.0,0,-2.0,0,-1.5909359455108645,-1.5909359455108645,0.5,0.0,0.5,3,0.5,1.097310163917268,1.239390138123173,0.8349960160446925,0.83374894,0.07436039,0.091890715,0
226601$_$0,2026,processed_po,1.0,2,0.3333333432674408,1,0.0,0.0412798300385475,0.5,0.0,0.5,3,0.5,1.097310163917268,1.239390138123173,0.8349960160446925,0.09381698,0.741916,0.16426703,1
226640$_$9,2026,processed_po,1.0,1,0.0,2,0.73051518201828,0.73051518201828,0.5,0.0,0.5,3,0.5,1.097310163917268,1.239390138123173,0.8349960160446925,0.23278084,0.06018877,0.70703036,2
22689$_$1,2026,processed_po,1.0,0,-2.0,0,-1.35857093334198,-1.35857093334198,0.5,0.0,0.5,3,0.5,1.097310163917268,1.239390138123173,0.8349960160446925,0.73551136,0.05083309,0.21365555,0
22689$_$0,2026,processed_po,1.0,1,0.0,1,0.0,-0.3318626582622528,0.5,0.0,0.5,3,0.5,1.097310163917268,1.239390138123173,0.8349960160446925,0.22827317,0.5980459,0.1736809,1
234046$_$1,2026,processed_po,1.0,1,0.0,1,0.0,-0.0783577710390091,0.5,0.0,0.5,3,0.5,1.097310163917268,1.239390138123173,0.8349960160446925,0.14929694,0.77937824,0.071324795,1
236442$_$3,2026,processed_po,1.0,0,-1.3333333730697632,0,-1e-06,0.0312167480587959,0.5,0.0,0.5,3,0.5,1.097310163917268,1.239390138123173,0.8349960160446925,0.45400545,0.2445074,0.30148712,0
23656$_$1,2026,processed_po,1.0,1,0.0,2,0.2394979596138,0.2394979596138,0.5,0.0,0.5,3,0.5,1.097310163917268,1.239390138123173,0.8349960160446925,0.10242205,0.35774752,0.53983045,2
23656$_$0,2026,processed_po,1.0,2,0.3333333432674408,1,0.0,0.3366678357124328,0.5,0.0,0.5,3,0.5,1.097310163917268,1.239390138123173,0.8349960160446925,0.028182253,0.70070577,0.27111197,1
23656$_$2,2026,processed_po,1.0,2,1.0,2,0.782480001449585,0.782480001449585,0.5,0.0,0.5,3,0.5,1.097310163917268,1.239390138123173,0.8349960160446925,0.03319114,0.06839746,0.8984114,2
23656$_$7,2026,processed_po,1.0,0,-2.0,0,-0.3683158457279205,-0.3683158457279205,0.5,0.0,0.5,3,0.5,1.097310163917268,1.239390138123173,0.8349960160446925,0.48961625,0.21322268,0.29716104,0
23656$_$9,2026,processed_po,1.0,0,-1.3333333730697632,0,-1.2081971168518066,-1.2081971168518066,0.5,0.0,0.5,3,0.5,1.097310163917268,1.239390138123173,0.8349960160446925,0.80711424,0.1255953,0.067290425,0
23656$_$15,2026,processed_po,1.0,2,0.3333333432674408,2,1.0152477025985718,1.0152477025985718,0.5,0.0,0.5,3,0.5,1.097310163917268,1.239390138123173,0.8349960160446925,0.011119684,0.062247854,0.92663246,2
237363$_$10,2026,processed_po,1.0,1,0.0,0,-0.6366977691650391,-0.6366977691650391,0.5,0.0,0.5,3,0.5,1.097310163917268,1.239390138123173,0.8349960160446925,0.67734516,0.29614547,0.026509434,0
237363$_$4,2026,processed_po,1.0,1,0.0,1,0.0,-0.0118777658790349,0.5,0.0,0.5,3,0.5,1.097310163917268,1.239390138123173,0.8349960160446925,0.1134965,0.7068136,0.17968988,1
238063$_$15,2026,processed_po,1.0,0,-1.3333333730697632,0,-1.8525856733322144,-1.8525856733322144,0.5,0.0,0.5,3,0.5,1.097310163917268,1.239390138123173,0.8349960160446925,0.9293023,0.021976274,0.048721496,0
238063$_$17,2026,processed_po,1.0,2,1.0,0,-0.5920031666755676,-0.5920031666755676,0.5,0.0,0.5,3,0.5,1.097310163917268,1.239390138123173,0.8349960160446925,0.55381876,0.18121831,0.26496294,0
238063$_$16,2026,processed_po,1.0,0,-1.0,2,1.3963861465454102,1.3963861465454102,0.5,0.0,0.5,3,0.5,1.097310163917268,1.239390138123173,0.8349960160446925,0.25115898,0.060642626,0.6881984,2
238063$_$7,2026,processed_po,1.0,0,-0.3333333432674408,0,-0.8228344917297363,-0.8228344917297363,0.5,0.0,0.5,3,0.5,1.097310163917268,1.239390138123173,0.8349960160446925,0.7461199,0.09932524,0.15455492,0
24196$_$0,2026,processed_po,1.0,2,0.3333333432674408,1,0.0,0.3867111206054687,0.5,0.0,0.5,3,0.5,1.097310163917268,1.239390138123173,0.8349960160446925,0.0731222,0.7466158,0.18026203,1
24196$_$3,2026,processed_po,1.0,0,-0.3333333432674408,0,-2.1541905403137207,-2.1541905403137207,0.5,0.0,0.5,3,0.5,1.097310163917268,1.239390138123173,0.8349960160446925,0.9783699,0.016793089,0.004837032,0
243981$_$10,2026,processed_po,1.0,0,-2.3333332538604736,0,-2.268716096878052,-2.268716096878052,0.5,0.0,0.5,3,0.5,1.097310163917268,1.239390138123173,0.8349960160446925,0.9577154,0.01860691,0.023677655,0
243981$_$1,2026,processed_po,1.0,1,0.0,2,0.0811682641506195,0.0811682641506195,0.5,0.0,0.5,3,0.5,1.097310163917268,1.239390138123173,0.8349960160446925,0.20931731,0.17408107,0.61660165,2
243981$_$4,2026,processed_po,1.0,0,-2.3333332538604736,0,-1.2752114534378052,-1.2752114534378052,0.5,0.0,0.5,3,0.5,1.097310163917268,1.239390138123173,0.8349960160446925,0.8348133,0.06105335,0.10413332,0
243981$_$6,2026,processed_po,1.0,0,-2.0,0,-1.256771683692932,-1.256771683692932,0.5,0.0,0.5,3,0.5,1.097310163917268,1.239390138123173,0.8349960160446925,0.80036014,0.045711204,0.15392867,0
24504$_$10,2026,processed_po,1.0,2,0.6666666865348816,2,0.6277662515640259,0.6277662515640259,0.5,0.0,0.5,3,0.5,1.097310163917268,1.239390138123173,0.8349960160446925,0.084815525,0.3395217,0.5756628,2
245582$_$11,2026,processed_po,1.0,0,-1.6666666269302368,0,-2.1041746139526367,-2.1041746139526367,0.5,0.0,0.5,3,0.5,1.097310163917268,1.239390138123173,0.8349960160446925,0.9658052,0.015133561,0.019061336,0
245582$_$13,2026,processed_po,1.0,2,0.3333333432674408,2,0.4354994595050812,0.4354994595050812,0.5,0.0,0.5,3,0.5,1.097310163917268,1.239390138123173,0.8349960160446925,0.30898696,0.25839844,0.43261468,2
245582$_$16,2026,processed_po,1.0,2,1.0,0,-2.062528133392334,-2.062528133392334,0.5,0.0,0.5,3,0.5,1.097310163917268,1.239390138123173,0.8349960160446925,0.9726642,0.015933072,0.011402644,0
245582$_$4,2026,processed_po,1.0,0,-1.3333333730697632,0,-1.9363160133361816,-1.9363160133361816,0.5,0.0,0.5,3,0.5,1.097310163917268,1.239390138123173,0.8349960160446925,0.9375685,0.022783218,0.039648324,0
252097$_$12,2026,processed_po,1.0,0,-2.3333332538604736,0,-1.983933448791504,-1.983933448791504,0.5,0.0,0.5,3,0.5,1.097310163917268,1.239390138123173,0.8349960160446925,0.96859926,0.010930771,0.020469904,0
252097$_$4,2026,processed_po,1.0,0,-1.3333333730697632,0,-2.0443272590637207,-2.0443272590637207,0.5,0.0,0.5,3,0.5,1.097310163917268,1.239390138123173,0.8349960160446925,0.96840066,0.012138469,0.01946092,0
252912$_$13,2026,processed_po,1.0,0,-1.6666666269302368,0,-1.66392183303833,-1.66392183303833,0.5,0.0,0.5,3,0.5,1.097310163917268,1.239390138123173,0.8349960160446925,0.871018,0.051717527,0.0772644,0
257277$_$1,2026,processed_po,1.0,2,0.3333333432674408,2,0.0709225311875343,0.0709225311875343,0.5,0.0,0.5,3,0.5,1.097310163917268,1.239390138123173,0.8349960160446925,0.1408183,0.33666703,0.52251464,2
257277$_$3,2026,processed_po,1.0,2,1.0,1,0.0,-0.1657350659370422,0.5,0.0,0.5,3,0.5,1.097310163917268,1.239390138123173,0.8349960160446925,0.3740437,0.50800467,0.11795168,1
257277$_$5,2026,processed_po,1.0,0,-2.0,1,0.0,-0.3231611251831054,0.5,0.0,0.5,3,0.5,1.097310163917268,1.239390138123173,0.8349960160446925,0.3516964,0.5713027,0.07700087,1
257534$_$4,2026,processed_po,1.0,1,0.0,1,0.0,-0.1491542160511016,0.5,0.0,0.5,3,0.5,1.097310163917268,1.239390138123173,0.8349960160446925,0.14252163,0.7793114,0.07816695,1
267466$_$24,2026,processed_po,1.0,2,0.6666666865348816,0,-0.1918832063674926,-0.1918832063674926,0.5,0.0,0.5,3,0.5,1.097310163917268,1.239390138123173,0.8349960160446925,0.45152783,0.2526836,0.29578853,0
267466$_$44,2026,processed_po,1.0,0,-2.6666667461395264,0,-1.7148953676223757,-1.7148953676223757,0.5,0.0,0.5,3,0.5,1.097310163917268,1.239390138123173,0.8349960160446925,0.8100996,0.13781479,0.052085612,0
267466$_$42,2026,processed_po,1.0,0,-2.3333332538604736,0,-1.7908655405044556,-1.7908655405044556,0.5,0.0,0.5,3,0.5,1.097310163917268,1.239390138123173,0.8349960160446925,0.92424726,0.036035575,0.039717197,0
267466$_$9,2026,processed_po,1.0,0,-1.0,0,-0.3249146938323974,-0.3249146938323974,0.5,0.0,0.5,3,0.5,1.097310163917268,1.239390138123173,0.8349960160446925,0.50591934,0.40400916,0.0900715,0
267466$_$13,2026,processed_po,1.0,1,0.0,1,0.0,-0.0718805938959121,0.5,0.0,0.5,3,0.5,1.097310163917268,1.239390138123173,0.8349960160446925,0.31549662,0.58847,0.09603343,1
267466$_$38,2026,processed_po,1.0,1,0.0,0,-1.3590867519378662,-1.3590867519378662,0.5,0.0,0.5,3,0.5,1.097310163917268,1.239390138123173,0.8349960160446925,0.9224701,0.056213968,0.021315966,0
267466$_$35,2026,processed_po,1.0,0,-1.0,0,-1.75213623046875,-1.75213623046875,0.5,0.0,0.5,3,0.5,1.097310163917268,1.239390138123173,0.8349960160446925,0.9279261,0.02497933,0.047094557,0
267466$_$34,2026,processed_po,1.0,0,-2.3333332538604736,0,-2.1030821800231934,-2.1030821800231934,0.5,0.0,0.5,3,0.5,1.097310163917268,1.239390138123173,0.8349960160446925,0.9233701,0.03884503,0.03778484,0
267694$_$14,2026,processed_po,1.0,0,-2.3333332538604736,0,-2.115370750427246,-2.115370750427246,0.5,0.0,0.5,3,0.5,1.097310163917268,1.239390138123173,0.8349960160446925,0.9524795,0.029028516,0.018491993,0
267694$_$16,2026,processed_po,1.0,0,-1.0,0,-0.6999942660331726,-0.6999942660331726,0.5,0.0,0.5,3,0.5,1.097310163917268,1.239390138123173,0.8349960160446925,0.62297326,0.32158074,0.055445973,0
267694$_$3,2026,processed_po,1.0,0,-0.3333333432674408,0,-1.7580199241638184,-1.7580199241638184,0.5,0.0,0.5,3,0.5,1.097310163917268,1.239390138123173,0.8349960160446925,0.90184426,0.08299071,0.015164979,0
267694$_$5,2026,processed_po,1.0,1,0.0,1,0.0,-0.1562325656414032,0.5,0.0,0.5,3,0.5,1.097310163917268,1.239390138123173,0.8349960160446925,0.18442266,0.4334035,0.3821739,2
267694$_$4,2026,processed_po,1.0,1,0.0,0,-0.727584719657898,-0.727584719657898,0.5,0.0,0.5,3,0.5,1.097310163917268,1.239390138123173,0.8349960160446925,0.49626204,0.28207967,0.22165829,0
267694$_$7,2026,processed_po,1.0,0,-2.0,0,-2.108041524887085,-2.108041524887085,0.5,0.0,0.5,3,0.5,1.097310163917268,1.239390138123173,0.8349960160446925,0.9655118,0.01709881,0.017389292,0
267694$_$6,2026,processed_po,1.0,0,-1.6666666269302368,0,-2.058006763458252,-2.058006763458252,0.5,0.0,0.5,3,0.5,1.097310163917268,1.239390138123173,0.8349960160446925,0.93037945,0.031300776,0.038319856,0
273207$_$0,2026,processed_po,1.0,1,0.0,1,0.0,-0.0529110319912433,0.5,0.0,0.5,3,0.5,1.097310163917268,1.239390138123173,0.8349960160446925,0.046702795,0.85238385,0.100913346,1
273207$_$5,2026,processed_po,1.0,2,0.3333333432674408,0,-1.3247735500335691,-1.3247735500335691,0.5,0.0,0.5,3,0.5,1.097310163917268,1.239390138123173,0.8349960160446925,0.6228723,0.20612839,0.17099933,0
273207$_$7,2026,processed_po,1.0,0,-0.3333333432674408,0,-2.3037567138671875,-2.3037567138671875,0.5,0.0,0.5,3,0.5,1.097310163917268,1.239390138123173,0.8349960160446925,0.95691884,0.036370922,0.0067103035,0
273207$_$9,2026,processed_po,1.0,0,-0.3333333432674408,2,0.6549985408782959,0.6549985408782959,0.5,0.0,0.5,3,0.5,1.097310163917268,1.239390138123173,0.8349960160446925,0.07823105,0.28506583,0.63670313,2
273250$_$20,2026,processed_po,1.0,0,-0.3333333432674408,0,-0.7231342792510986,-0.7231342792510986,0.5,0.0,0.5,3,0.5,1.097310163917268,1.239390138123173,0.8349960160446925,0.5505734,0.3175394,0.13188721,0
273250$_$3,2026,processed_po,1.0,0,-0.6666666865348816,1,0.0,-0.7438033819198608,0.5,0.0,0.5,3,0.5,1.097310163917268,1.239390138123173,0.8349960160446925,0.42010316,0.52282035,0.0570765,1
273250$_$7,2026,processed_po,1.0,0,-0.3333333432674408,1,0.0,0.0989579781889915,0.5,0.0,0.5,3,0.5,1.097310163917268,1.239390138123173,0.8349960160446925,0.10902725,0.6378372,0.2531356,1
273250$_$11,2026,processed_po,1.0,0,-1.3333333730697632,1,0.0,-0.0806764960289001,0.5,0.0,0.5,3,0.5,1.097310163917268,1.239390138123173,0.8349960160446925,0.15808551,0.63421524,0.20769924,1
273250$_$12,2026,processed_po,1.0,0,-2.6666667461395264,1,0.0,-0.2374696135520935,0.5,0.0,0.5,3,0.5,1.097310163917268,1.239390138123173,0.8349960160446925,0.18686067,0.61216235,0.20097694,1
273250$_$16,2026,processed_po,1.0,0,-2.3333332538604736,1,0.0,-0.2953345775604248,0.5,0.0,0.5,3,0.5,1.097310163917268,1.239390138123173,0.8349960160446925,0.28915527,0.42388663,0.28695807,2
273250$_$19,2026,processed_po,1.0,1,0.0,0,-0.2885675728321075,-0.2885675728321075,0.5,0.0,0.5,3,0.5,1.097310163917268,1.239390138123173,0.8349960160446925,0.53563416,0.29045096,0.1739149,0
275267$_$5,2026,processed_po,1.0,1,0.0,0,-1.489408254623413,-1.489408254623413,0.5,0.0,0.5,3,0.5,1.097310163917268,1.239390138123173,0.8349960160446925,0.7715831,0.19145863,0.03695832,0
27v7Blr0vjw$_$0,2026,processed_po,1.0,0,-0.3333333432674408,1,0.0,0.1228653043508529,0.5,0.0,0.5,3,0.5,1.097310163917268,1.239390138123173,0.8349960160446925,0.12606554,0.48969302,0.38424146,2
27v7Blr0vjw$_$3,2026,processed_po,1.0,1,0.0,2,0.3978506326675415,0.3978506326675415,0.5,0.0,0.5,3,0.5,1.097310163917268,1.239390138123173,0.8349960160446925,0.04046451,0.39422387,0.5653117,2
28006$_$22,2026,processed_po,1.0,0,-2.3333332538604736,0,-1.5355169773101809,-1.5355169773101809,0.5,0.0,0.5,3,0.5,1.097310163917268,1.239390138123173,0.8349960160446925,0.89941275,0.033974607,0.0666126,0
28006$_$0,2026,processed_po,1.0,0,-2.6666667461395264,0,-0.7119953036308289,-0.7119953036308289,0.5,0.0,0.5,3,0.5,1.097310163917268,1.239390138123173,0.8349960160446925,0.42871016,0.41710907,0.15418074,0
28006$_$5,2026,processed_po,1.0,0,-1.6666666269302368,0,-1.3617236614227295,-1.3617236614227295,0.5,0.0,0.5,3,0.5,1.097310163917268,1.239390138123173,0.8349960160446925,0.78907603,0.16233523,0.04858867,0
28006$_$7,2026,processed_po,1.0,0,-2.3333332538604736,0,-1.7316802740097046,-1.7316802740097046,0.5,0.0,0.5,3,0.5,1.097310163917268,1.239390138123173,0.8349960160446925,0.9465491,0.028634587,0.02481635,0
28006$_$13,2026,processed_po,1.0,0,-2.3333332538604736,0,-1.5253396034240725,-1.5253396034240725,0.5,0.0,0.5,3,0.5,1.097310163917268,1.239390138123173,0.8349960160446925,0.83399284,0.04902735,0.116979785,0
28006$_$15,2026,processed_po,1.0,0,-1.6666666269302368,0,-1.936750411987305,-1.936750411987305,0.5,0.0,0.5,3,0.5,1.097310163917268,1.239390138123173,0.8349960160446925,0.9775595,0.012664369,0.00977614,0
28006$_$17,2026,processed_po,1.0,0,-2.0,1,0.0,-0.2490973174571991,0.5,0.0,0.5,3,0.5,1.097310163917268,1.239390138123173,0.8349960160446925,0.3518882,0.49117327,0.1569385,1
28006$_$16,2026,processed_po,1.0,0,-1.3333333730697632,0,-1.7643160820007324,-1.7643160820007324,0.5,0.0,0.5,3,0.5,1.097310163917268,1.239390138123173,0.8349960160446925,0.88667893,0.07261571,0.040705364,0
286943$_$5,2026,processed_po,1.0,0,-1.3333333730697632,0,-1.0527931451797483,-1.0527931451797483,0.5,0.0,0.5,3,0.5,1.097310163917268,1.239390138123173,0.8349960160446925,0.8319215,0.042307477,0.12577099,0
29751$_$10,2026,processed_po,1.0,1,0.0,0,-0.4762983620166778,-0.4762983620166778,0.5,0.0,0.5,3,0.5,1.097310163917268,1.239390138123173,0.8349960160446925,0.597113,0.26960835,0.13327867,0
29751$_$1,2026,processed_po,1.0,1,0.0,1,0.0,0.1242055222392082,0.5,0.0,0.5,3,0.5,1.097310163917268,1.239390138123173,0.8349960160446925,0.04281306,0.77366996,0.18351701,1
29751$_$9,2026,processed_po,1.0,1,0.0,0,-0.870374321937561,-0.870374321937561,0.5,0.0,0.5,3,0.5,1.097310163917268,1.239390138123173,0.8349960160446925,0.79676044,0.18130788,0.02193163,0
2BuFtglEcaY$_$11,2026,processed_po,1.0,2,2.3333332538604736,2,1.080434799194336,1.080434799194336,0.5,0.0,0.5,3,0.5,1.097310163917268,1.239390138123173,0.8349960160446925,0.02791015,0.06205036,0.9100394,2
2BuFtglEcaY$_$6,2026,processed_po,1.0,2,1.0,2,0.7028348445892334,0.7028348445892334,0.5,0.0,0.5,3,0.5,1.097310163917268,1.239390138123173,0.8349960160446925,0.027726892,0.24703196,0.7252412,2
2ItiGjefTRA$_$3,2026,processed_po,1.0,1,0.0,0,-0.34166020154953,-0.34166020154953,0.5,0.0,0.5,3,0.5,1.097310163917268,1.239390138123173,0.8349960160446925,0.5203114,0.28975955,0.18992911,0
2ItiGjefTRA$_$4,2026,processed_po,1.0,0,-0.6666666865348816,0,-0.7478148937225342,-0.7478148937225342,0.5,0.0,0.5,3,0.5,1.097310163917268,1.239390138123173,0.8349960160446925,0.7656464,0.16721372,0.06713991,0
2W-U94hXuK0$_$3,2026,processed_po,1.0,0,-3.0,0,-1.4892514944076538,-1.4892514944076538,0.5,0.0,0.5,3,0.5,1.097310163917268,1.239390138123173,0.8349960160446925,0.9236186,0.056138556,0.020242881,0
2W-U94hXuK0$_$4,2026,processed_po,1.0,0,-2.0,0,-1.3424108028411863,-1.3424108028411863,0.5,0.0,0.5,3,0.5,1.097310163917268,1.239390138123173,0.8349960160446925,0.90418714,0.06504108,0.030771868,0
2fbBrB1nJEQ$_$0,2026,processed_po,1.0,2,2.0,2,1.2677146196365356,1.2677146196365356,0.5,0.0,0.5,3,0.5,1.097310163917268,1.239390138123173,0.8349960160446925,0.07564701,0.07380145,0.8505516,2
2m58ShI1QSI$_$2,2026,processed_po,1.0,2,0.3333333432674408,2,0.5765600800514221,0.5765600800514221,0.5,0.0,0.5,3,0.5,1.097310163917268,1.239390138123173,0.8349960160446925,0.031995256,0.27027157,0.69773316,2
2vsgDSlJ9pU$_$0,2026,processed_po,1.0,1,0.0,1,0.0,0.244188979268074,0.5,0.0,0.5,3,0.5,1.097310163917268,1.239390138123173,0.8349960160446925,0.030854251,0.54543275,0.42371303,2
2vsgDSlJ9pU$_$13,2026,processed_po,1.0,2,0.6666666865348816,2,0.9915162920951844,0.9915162920951844,0.5,0.0,0.5,3,0.5,1.097310163917268,1.239390138123173,0.8349960160446925,0.08310138,0.09303294,0.8238657,2
2ze94yo2aPo$_$0,2026,processed_po,1.0,2,2.0,2,0.8513994216918945,0.8513994216918945,0.5,0.0,0.5,3,0.5,1.097310163917268,1.239390138123173,0.8349960160446925,0.020764822,0.19451888,0.7847163,2
2ze94yo2aPo$_$5,2026,processed_po,1.0,2,1.0,2,0.2760009169578552,0.2760009169578552,0.5,0.0,0.5,3,0.5,1.097310163917268,1.239390138123173,0.8349960160446925,0.07311328,0.37145445,0.5554323,2
35694$_$10,2026,processed_po,1.0,1,0.0,0,-0.3233746886253357,-0.3233746886253357,0.5,0.0,0.5,3,0.5,1.097310163917268,1.239390138123173,0.8349960160446925,0.43571144,0.42083254,0.14345595,0
35694$_$17,2026,processed_po,1.0,0,-1.6666666269302368,0,-0.8912392258644104,-0.8912392258644104,0.5,0.0,0.5,3,0.5,1.097310163917268,1.239390138123173,0.8349960160446925,0.7338604,0.0710533,0.1950863,0
3At-BKm9eYk$_$5,2026,processed_po,1.0,0,-0.3333333432674408,2,0.0668424814939498,0.0668424814939498,0.5,0.0,0.5,3,0.5,1.097310163917268,1.239390138123173,0.8349960160446925,0.47080237,0.022732776,0.50646484,2
3HyAaqre_Fk$_$2,2026,processed_po,1.0,2,1.0,2,0.6485773921012878,0.6485773921012878,0.5,0.0,0.5,3,0.5,1.097310163917268,1.239390138123173,0.8349960160446925,0.25045535,0.15822324,0.5913214,2
3HyAaqre_Fk$_$6,2026,processed_po,1.0,2,1.3333333730697632,2,1.793192982673645,1.793192982673645,0.5,0.0,0.5,3,0.5,1.097310163917268,1.239390138123173,0.8349960160446925,0.019190868,0.030856112,0.9499531,2
3OYY5Tsz_2k$_$7,2026,processed_po,1.0,1,0.0,1,0.0,0.1163953095674514,0.5,0.0,0.5,3,0.5,1.097310163917268,1.239390138123173,0.8349960160446925,0.035688475,0.56436837,0.3999432,2
3REPHw7oLWo$_$13,2026,processed_po,1.0,2,0.3333333432674408,2,0.8082101941108704,0.8082101941108704,0.5,0.0,0.5,3,0.5,1.097310163917268,1.239390138123173,0.8349960160446925,0.05221159,0.088693194,0.8590952,2
3wHE78v9zr4$_$24,2026,processed_po,1.0,2,1.3333333730697632,2,0.9654569625854492,0.9654569625854492,0.5,0.0,0.5,3,0.5,1.097310163917268,1.239390138123173,0.8349960160446925,0.118942544,0.1265376,0.7545198,2
3wHE78v9zr4$_$7,2026,processed_po,1.0,2,1.6666666269302368,2,0.590082585811615,0.590082585811615,0.5,0.0,0.5,3,0.5,1.097310163917268,1.239390138123173,0.8349960160446925,0.03602356,0.1721213,0.7918551,2
3wHE78v9zr4$_$9,2026,processed_po,1.0,2,0.3333333432674408,2,0.7590287923812866,0.7590287923812866,0.5,0.0,0.5,3,0.5,1.097310163917268,1.239390138123173,0.8349960160446925,0.060515977,0.07173686,0.8677471,2
3wHE78v9zr4$_$12,2026,processed_po,1.0,2,1.0,2,0.0657243877649307,0.0657243877649307,0.5,0.0,0.5,3,0.5,1.097310163917268,1.239390138123173,0.8349960160446925,0.26474652,0.09467193,0.64058155,2
41381$_$7,2026,processed_po,1.0,1,0.0,1,0.0,-0.6488170623779297,0.5,0.0,0.5,3,0.5,1.097310163917268,1.239390138123173,0.8349960160446925,0.42251423,0.5065471,0.07093868,1
41381$_$8,2026,processed_po,1.0,2,1.0,0,-0.0909681469202041,-0.0909681469202041,0.5,0.0,0.5,3,0.5,1.097310163917268,1.239390138123173,0.8349960160446925,0.39835945,0.23995939,0.36168116,2
424SXFTCFsA$_$3,2026,processed_po,1.0,2,1.3333333730697632,2,1.3484292030334473,1.3484292030334473,0.5,0.0,0.5,3,0.5,1.097310163917268,1.239390138123173,0.8349960160446925,0.015882075,0.07894934,0.90516865,2
424SXFTCFsA$_$2,2026,processed_po,1.0,2,1.3333333730697632,2,0.3775325417518616,0.3775325417518616,0.5,0.0,0.5,3,0.5,1.097310163917268,1.239390138123173,0.8349960160446925,0.11753675,0.14393158,0.7385317,2
424SXFTCFsA$_$4,2026,processed_po,1.0,2,2.0,2,1.0344433784484863,1.0344433784484863,0.5,0.0,0.5,3,0.5,1.097310163917268,1.239390138123173,0.8349960160446925,0.004022614,0.11589589,0.88008153,2
46495$_$9,2026,processed_po,1.0,0,-2.0,0,-1.9837721586227417,-1.9837721586227417,0.5,0.0,0.5,3,0.5,1.097310163917268,1.239390138123173,0.8349960160446925,0.9664579,0.009723497,0.023818651,0
46615$_$1,2026,processed_po,1.0,0,-1.3333333730697632,0,-0.9340275526046752,-0.9340275526046752,0.5,0.0,0.5,3,0.5,1.097310163917268,1.239390138123173,0.8349960160446925,0.704246,0.20293453,0.09281948,0
4EDblUpJieU$_$7,2026,processed_po,1.0,2,1.3333333730697632,2,1.165897250175476,1.165897250175476,0.5,0.0,0.5,3,0.5,1.097310163917268,1.239390138123173,0.8349960160446925,0.043682557,0.06278621,0.89353114,2
53609$_$10,2026,processed_po,1.0,0,-2.0,0,-2.342517137527466,-2.342517137527466,0.5,0.0,0.5,3,0.5,1.097310163917268,1.239390138123173,0.8349960160446925,0.9825379,0.010016769,0.007445375,0
53609$_$13,2026,processed_po,1.0,0,-2.0,0,-1.8907663822174072,-1.8907663822174072,0.5,0.0,0.5,3,0.5,1.097310163917268,1.239390138123173,0.8349960160446925,0.9585636,0.022406148,0.019030256,0
53609$_$3,2026,processed_po,1.0,1,0.0,0,-1.1451616287231443,-1.1451616287231443,0.5,0.0,0.5,3,0.5,1.097310163917268,1.239390138123173,0.8349960160446925,0.8383905,0.10179065,0.05981881,0
53609$_$7,2026,processed_po,1.0,0,-1.6666666269302368,0,-1.960908889770508,-1.960908889770508,0.5,0.0,0.5,3,0.5,1.097310163917268,1.239390138123173,0.8349960160446925,0.9488942,0.027962482,0.023143305,0
53766$_$4,2026,processed_po,1.0,2,2.3333332538604736,2,1.2371699810028076,1.2371699810028076,0.5,0.0,0.5,3,0.5,1.097310163917268,1.239390138123173,0.8349960160446925,0.042802423,0.14728247,0.8099152,2
53766$_$9,2026,processed_po,1.0,2,2.0,2,0.776126503944397,0.776126503944397,0.5,0.0,0.5,3,0.5,1.097310163917268,1.239390138123173,0.8349960160446925,0.031348303,0.103594854,0.8650568,2
56989$_$12,2026,processed_po,1.0,0,-0.6666666865348816,0,-0.3658733069896698,-0.3658733069896698,0.5,0.0,0.5,3,0.5,1.097310163917268,1.239390138123173,0.8349960160446925,0.6633787,0.12369722,0.21292411,0
56989$_$5,2026,processed_po,1.0,0,-2.3333332538604736,0,-2.237792015075684,-2.237792015075684,0.5,0.0,0.5,3,0.5,1.097310163917268,1.239390138123173,0.8349960160446925,0.95608854,0.02354444,0.020367058,0
56989$_$9,2026,processed_po,1.0,2,1.0,2,0.8869833946228027,0.8869833946228027,0.5,0.0,0.5,3,0.5,1.097310163917268,1.239390138123173,0.8349960160446925,0.018967992,0.068875864,0.9121562,2
59673$_$4,2026,processed_po,1.0,2,1.0,0,-1.180754780769348,-1.180754780769348,0.5,0.0,0.5,3,0.5,1.097310163917268,1.239390138123173,0.8349960160446925,0.6432686,0.24524847,0.11148289,0
59673$_$6,2026,processed_po,1.0,0,-0.3333333432674408,0,-1.5433427095413208,-1.5433427095413208,0.5,0.0,0.5,3,0.5,1.097310163917268,1.239390138123173,0.8349960160446925,0.7758658,0.21253413,0.01160004,0
5eY4S1F62Z4$_$13,2026,processed_po,1.0,2,0.3333333432674408,0,-0.419664978981018,-0.419664978981018,0.5,0.0,0.5,3,0.5,1.097310163917268,1.239390138123173,0.8349960160446925,0.68580884,0.18698867,0.12720253,0
5eY4S1F62Z4$_$17,2026,processed_po,1.0,2,0.3333333432674408,1,0.0,-0.0957229882478714,0.5,0.0,0.5,3,0.5,1.097310163917268,1.239390138123173,0.8349960160446925,0.15202765,0.5244762,0.32349616,1
5fKPJPFqPho$_$2,2026,processed_po,1.0,2,0.6666666865348816,2,0.2807644009590149,0.2807644009590149,0.5,0.0,0.5,3,0.5,1.097310163917268,1.239390138123173,0.8349960160446925,0.013521841,0.34192634,0.64455175,2
5lrDS7LluCA$_$4,2026,processed_po,1.0,2,1.0,2,1.7812539339065552,1.7812539339065552,0.5,0.0,0.5,3,0.5,1.097310163917268,1.239390138123173,0.8349960160446925,0.080311365,0.025441032,0.89424765,2
5pxFqJ5hKMU$_$2,2026,processed_po,1.0,1,0.0,2,0.4003562331199646,0.4003562331199646,0.5,0.0,0.5,3,0.5,1.097310163917268,1.239390138123173,0.8349960160446925,0.011874708,0.4913475,0.49677774,2
5vwXp27bCLw$_$16,2026,processed_po,1.0,1,0.0,1,0.0,-0.1366302222013473,0.5,0.0,0.5,3,0.5,1.097310163917268,1.239390138123173,0.8349960160446925,0.36939734,0.5273673,0.10323539,1
5xa0Ac2krGs$_$2,2026,processed_po,1.0,0,-0.3333333432674408,0,-0.308322548866272,-0.308322548866272,0.5,0.0,0.5,3,0.5,1.097310163917268,1.239390138123173,0.8349960160446925,0.3827672,0.37590528,0.24132751,0
5xa0Ac2krGs$_$7,2026,processed_po,1.0,2,0.3333333432674408,1,0.0,0.1234223097562789,0.5,0.0,0.5,3,0.5,1.097310163917268,1.239390138123173,0.8349960160446925,0.01679533,0.6108124,0.37239224,1
61531$_$3,2026,processed_po,1.0,1,0.0,1,0.0,-0.1259346604347229,0.5,0.0,0.5,3,0.5,1.097310163917268,1.239390138123173,0.8349960160446925,0.04843673,0.6822423,0.26932096,1
61531$_$9,2026,processed_po,1.0,2,2.0,2,1.7425235509872437,1.7425235509872437,0.5,0.0,0.5,3,0.5,1.097310163917268,1.239390138123173,0.8349960160446925,0.069589525,0.16213332,0.76827717,2
63951$_$1,2026,processed_po,1.0,1,0.0,1,0.0,-0.0044975690543651,0.5,0.0,0.5,3,0.5,1.097310163917268,1.239390138123173,0.8349960160446925,0.25849867,0.47008467,0.27141663,1
67uKYi7mslE$_$3,2026,processed_po,1.0,2,0.6666666865348816,1,0.0,0.2236734926700592,0.5,0.0,0.5,3,0.5,1.097310163917268,1.239390138123173,0.8349960160446925,0.095749974,0.498839,0.4054111,2
67uKYi7mslE$_$4,2026,processed_po,1.0,1,0.0,2,0.1238055080175399,0.1238055080175399,0.5,0.0,0.5,3,0.5,1.097310163917268,1.239390138123173,0.8349960160446925,0.2009338,0.3739417,0.42512444,2
69824$_$5,2026,processed_po,1.0,0,-2.6666667461395264,0,-2.039076805114746,-2.039076805114746,0.5,0.0,0.5,3,0.5,1.097310163917268,1.239390138123173,0.8349960160446925,0.9544982,0.0074108457,0.038091008,0
6EDoVEm16fU$_$13,2026,processed_po,1.0,2,1.3333333730697632,2,1.4593238830566406,1.4593238830566406,0.5,0.0,0.5,3,0.5,1.097310163917268,1.239390138123173,0.8349960160446925,0.01855834,0.109427415,0.8720143,2
6EDoVEm16fU$_$4,2026,processed_po,1.0,2,1.6666666269302368,2,1.0854229927062988,1.0854229927062988,0.5,0.0,0.5,3,0.5,1.097310163917268,1.239390138123173,0.8349960160446925,0.04386607,0.070271775,0.8858622,2
6EDoVEm16fU$_$6,2026,processed_po,1.0,2,1.0,2,0.4997967481613159,0.4997967481613159,0.5,0.0,0.5,3,0.5,1.097310163917268,1.239390138123173,0.8349960160446925,0.2994454,0.10707454,0.59348,2
6EJHA6IDLNk$_$3,2026,processed_po,1.0,2,0.6666666865348816,1,0.0,0.3652248978614807,0.5,0.0,0.5,3,0.5,1.097310163917268,1.239390138123173,0.8349960160446925,0.09006282,0.5437885,0.36614868,2
6EJHA6IDLNk$_$4,2026,processed_po,1.0,1,0.0,2,0.7424280643463135,0.7424280643463135,0.5,0.0,0.5,3,0.5,1.097310163917268,1.239390138123173,0.8349960160446925,0.11187378,0.15964594,0.7284802,2
6RFVsOWK1m4$_$7,2026,processed_po,1.0,0,-0.6666666865348816,0,-1.3710976839065552,-1.3710976839065552,0.5,0.0,0.5,3,0.5,1.097310163917268,1.239390138123173,0.8349960160446925,0.91166824,0.057674028,0.03065766,0
6RFVsOWK1m4$_$9,2026,processed_po,1.0,2,1.0,2,0.4805541038513183,0.4805541038513183,0.5,0.0,0.5,3,0.5,1.097310163917268,1.239390138123173,0.8349960160446925,0.023530211,0.18733269,0.78913707,2
6brtMLkjjYk$_$0,2026,processed_po,1.0,2,2.0,2,0.5243586301803589,0.5243586301803589,0.5,0.0,0.5,3,0.5,1.097310163917268,1.239390138123173,0.8349960160446925,0.10862889,0.15876053,0.7326106,2
6gtfeIqGasE$_$0,2026,processed_po,1.0,2,1.3333333730697632,2,1.2737663984298706,1.2737663984298706,0.5,0.0,0.5,3,0.5,1.097310163917268,1.239390138123173,0.8349960160446925,0.079438016,0.060511664,0.86005026,2
6uoM8-9d0zA$_$4,2026,processed_po,1.0,2,0.6666666865348816,2,0.4868820905685425,0.4868820905685425,0.5,0.0,0.5,3,0.5,1.097310163917268,1.239390138123173,0.8349960160446925,0.008575807,0.35230553,0.6391186,2
79356$_$7,2026,processed_po,1.0,2,2.6666667461395264,0,-0.2009479254484176,-0.2009479254484176,0.5,0.0,0.5,3,0.5,1.097310163917268,1.239390138123173,0.8349960160446925,0.5422762,0.18081054,0.27691326,0
79356$_$9,2026,processed_po,1.0,2,1.0,1,0.0,-0.229224145412445,0.5,0.0,0.5,3,0.5,1.097310163917268,1.239390138123173,0.8349960160446925,0.43264163,0.47350526,0.09385314,0
7IxmlIwqigw$_$20,2026,processed_po,1.0,2,0.6666666865348816,2,0.2634133994579315,0.2634133994579315,0.5,0.0,0.5,3,0.5,1.097310163917268,1.239390138123173,0.8349960160446925,0.15705197,0.31292033,0.5300277,2
7IxmlIwqigw$_$16,2026,processed_po,1.0,2,0.6666666865348816,2,0.6315317153930664,0.6315317153930664,0.5,0.0,0.5,3,0.5,1.097310163917268,1.239390138123173,0.8349960160446925,0.029417017,0.107798174,0.8627848,2
7deoh0NoMs4$_$0,2026,processed_po,1.0,2,2.0,2,0.7540683746337891,0.7540683746337891,0.5,0.0,0.5,3,0.5,1.097310163917268,1.239390138123173,0.8349960160446925,0.013728208,0.104734786,0.88153696,2
7f3ndBCx_JE$_$19,2026,processed_po,1.0,2,2.0,2,1.4698984622955322,1.4698984622955322,0.5,0.0,0.5,3,0.5,1.097310163917268,1.239390138123173,0.8349960160446925,0.010699167,0.040021177,0.94927955,2
7mb8Y2AhXIY$_$6,2026,processed_po,1.0,2,2.0,2,0.5636229515075684,0.5636229515075684,0.5,0.0,0.5,3,0.5,1.097310163917268,1.239390138123173,0.8349960160446925,0.053246018,0.12568158,0.82107234,2
83400$_$5,2026,processed_po,1.0,1,0.0,0,-0.6821598410606384,-0.6821598410606384,0.5,0.0,0.5,3,0.5,1.097310163917268,1.239390138123173,0.8349960160446925,0.6505453,0.24532685,0.10412786,0
86c2OkQ3_U8$_$22,2026,processed_po,1.0,2,2.0,2,0.8803748488426208,0.8803748488426208,0.5,0.0,0.5,3,0.5,1.097310163917268,1.239390138123173,0.8349960160446925,0.029165387,0.061233617,0.90960103,2
86c2OkQ3_U8$_$3,2026,processed_po,1.0,2,0.6666666865348816,2,0.5071752667427063,0.5071752667427063,0.5,0.0,0.5,3,0.5,1.097310163917268,1.239390138123173,0.8349960160446925,0.029134346,0.25362796,0.7172377,2
88791$_$15,2026,processed_po,1.0,2,0.3333333432674408,2,0.6907119154930115,0.6907119154930115,0.5,0.0,0.5,3,0.5,1.097310163917268,1.239390138123173,0.8349960160446925,0.036722932,0.24455428,0.7187228,2
88791$_$1,2026,processed_po,1.0,0,-1.0,1,0.0,-0.0367888323962688,0.5,0.0,0.5,3,0.5,1.097310163917268,1.239390138123173,0.8349960160446925,0.058399316,0.8790158,0.06258491,1
88791$_$2,2026,processed_po,1.0,1,0.0,1,0.0,-0.2989391386508941,0.5,0.0,0.5,3,0.5,1.097310163917268,1.239390138123173,0.8349960160446925,0.26344073,0.709068,0.027491262,1
8XZszYrUSCQ$_$0,2026,processed_po,1.0,2,1.0,2,1.1590509414672852,1.1590509414672852,0.5,0.0,0.5,3,0.5,1.097310163917268,1.239390138123173,0.8349960160446925,0.00834629,0.20391594,0.7877377,2
8i7u3fl-hP8$_$0,2026,processed_po,1.0,2,1.3333333730697632,2,1.3026890754699707,1.3026890754699707,0.5,0.0,0.5,3,0.5,1.097310163917268,1.239390138123173,0.8349960160446925,0.1306641,0.100153916,0.76918197,2
8lfS97s2AKc$_$0,2026,processed_po,1.0,0,-1.3333333730697632,0,-1.7560847997665403,-1.7560847997665403,0.5,0.0,0.5,3,0.5,1.097310163917268,1.239390138123173,0.8349960160446925,0.9159334,0.028378163,0.05568854,0
8lfS97s2AKc$_$7,2026,processed_po,1.0,0,-1.0,1,0.0,0.1688871383666992,0.5,0.0,0.5,3,0.5,1.097310163917268,1.239390138123173,0.8349960160446925,0.14184289,0.5482651,0.30989206,1
8wNr-NQImFg$_$8,2026,processed_po,1.0,2,0.3333333432674408,2,0.577794075012207,0.577794075012207,0.5,0.0,0.5,3,0.5,1.097310163917268,1.239390138123173,0.8349960160446925,0.03233562,0.33318698,0.6344774,2
8wQhzezNcUY$_$1,2026,processed_po,1.0,2,2.0,2,1.3966295719146729,1.3966295719146729,0.5,0.0,0.5,3,0.5,1.097310163917268,1.239390138123173,0.8349960160446925,0.018767143,0.10677167,0.8744612,2
8wQhzezNcUY$_$2,2026,processed_po,1.0,2,1.0,2,1.4093748331069946,1.4093748331069946,0.5,0.0,0.5,3,0.5,1.097310163917268,1.239390138123173,0.8349960160446925,0.030605013,0.050411195,0.91898376,2
91844$_$10,2026,processed_po,1.0,0,-0.3333333432674408,0,-0.3895786106586456,-0.3895786106586456,0.5,0.0,0.5,3,0.5,1.097310163917268,1.239390138123173,0.8349960160446925,0.6068576,0.2841553,0.108987145,0
91844$_$5,2026,processed_po,1.0,2,3.0,0,-1.0832524299621582,-1.0832524299621582,0.5,0.0,0.5,3,0.5,1.097310163917268,1.239390138123173,0.8349960160446925,0.60839957,0.23890999,0.15269044,0
91844$_$7,2026,processed_po,1.0,2,0.6666666865348816,0,-1.0131629705429075,-1.0131629705429075,0.5,0.0,0.5,3,0.5,1.097310163917268,1.239390138123173,0.8349960160446925,0.76979923,0.08965152,0.14054923,0
91844$_$9,2026,processed_po,1.0,0,-0.3333333432674408,0,-0.4852588772773742,-0.4852588772773742,0.5,0.0,0.5,3,0.5,1.097310163917268,1.239390138123173,0.8349960160446925,0.4408298,0.31431547,0.2448547,0
92291$_$1,2026,processed_po,1.0,2,1.3333333730697632,1,0.0,0.0015098375733941,0.5,0.0,0.5,3,0.5,1.097310163917268,1.239390138123173,0.8349960160446925,0.24437763,0.48096773,0.27465463,1
92291$_$2,2026,processed_po,1.0,1,0.0,2,0.171474739909172,0.171474739909172,0.5,0.0,0.5,3,0.5,1.097310163917268,1.239390138123173,0.8349960160446925,0.21942317,0.3685506,0.41202617,2
92291$_$5,2026,processed_po,1.0,0,-2.3333332538604736,0,-1.683910846710205,-1.683910846710205,0.5,0.0,0.5,3,0.5,1.097310163917268,1.239390138123173,0.8349960160446925,0.922402,0.013406434,0.06419154,0
92496$_$0,2026,processed_po,1.0,0,-2.6666667461395264,0,-0.4369565844535827,-0.4369565844535827,0.5,0.0,0.5,3,0.5,1.097310163917268,1.239390138123173,0.8349960160446925,0.5941929,0.36143768,0.044369433,0
93iGT5oueTA$_$12,2026,processed_po,1.0,0,-2.0,0,-2.1396801471710205,-2.1396801471710205,0.5,0.0,0.5,3,0.5,1.097310163917268,1.239390138123173,0.8349960160446925,0.94429696,0.01697754,0.038725547,0
93iGT5oueTA$_$4,2026,processed_po,1.0,2,1.3333333730697632,1,0.0,0.321318507194519,0.5,0.0,0.5,3,0.5,1.097310163917268,1.239390138123173,0.8349960160446925,0.1651736,0.5056038,0.32922262,2
94481$_$2,2026,processed_po,1.0,2,0.6666666865348816,0,-0.6668480634689331,-0.6668480634689331,0.5,0.0,0.5,3,0.5,1.097310163917268,1.239390138123173,0.8349960160446925,0.49260986,0.29907256,0.20831756,0
94481$_$4,2026,processed_po,1.0,2,2.6666667461395264,2,0.1504358798265457,0.1504358798265457,0.5,0.0,0.5,3,0.5,1.097310163917268,1.239390138123173,0.8349960160446925,0.19327998,0.26649716,0.5402229,2
97ENTofrmNo$_$0,2026,processed_po,1.0,2,1.3333333730697632,2,0.7924866676330566,0.7924866676330566,0.5,0.0,0.5,3,0.5,1.097310163917268,1.239390138123173,0.8349960160446925,0.06373162,0.23275048,0.7035179,2
9GzFQBljNIY$_$0,2026,processed_po,1.0,1,0.0,1,0.0,-0.2784211635589599,0.5,0.0,0.5,3,0.5,1.097310163917268,1.239390138123173,0.8349960160446925,0.29038757,0.5889313,0.120681174,1
9PzZSheh10U$_$24,2026,processed_po,1.0,2,2.3333332538604736,2,0.5003325939178467,0.5003325939178467,0.5,0.0,0.5,3,0.5,1.097310163917268,1.239390138123173,0.8349960160446925,0.0150662325,0.14918947,0.8357443,2
9PzZSheh10U$_$23,2026,processed_po,1.0,2,0.6666666865348816,2,1e-06,-0.0357408449053764,0.5,0.0,0.5,3,0.5,1.097310163917268,1.239390138123173,0.8349960160446925,0.19949345,0.30098897,0.49951762,2
9PzZSheh10U$_$5,2026,processed_po,1.0,1,0.0,1,0.0,0.1248803585767746,0.5,0.0,0.5,3,0.5,1.097310163917268,1.239390138123173,0.8349960160446925,0.09209617,0.5750664,0.33283746,1
9PzZSheh10U$_$19,2026,processed_po,1.0,2,0.3333333432674408,1,0.0,0.1654920578002929,0.5,0.0,0.5,3,0.5,1.097310163917268,1.239390138123173,0.8349960160446925,0.02727827,0.65170586,0.32101586,1
9cYNT_YSo8o$_$2,2026,processed_po,1.0,0,-1.0,0,-0.9709687232971193,-0.9709687232971193,0.5,0.0,0.5,3,0.5,1.097310163917268,1.239390138123173,0.8349960160446925,0.8529801,0.049626295,0.097393624,0
9orb0lQnVW4$_$0,2026,processed_po,1.0,1,0.0,1,0.0,-0.0450676009058952,0.5,0.0,0.5,3,0.5,1.097310163917268,1.239390138123173,0.8349960160446925,0.32253084,0.4602525,0.21721675,1
A1lFJXUpxZo$_$7,2026,processed_po,1.0,2,1.6666666269302368,2,1.0209981203079224,1.0209981203079224,0.5,0.0,0.5,3,0.5,1.097310163917268,1.239390138123173,0.8349960160446925,0.010522844,0.08309928,0.9063779,2
AB1PbMaW03s$_$13,2026,processed_po,1.0,1,0.0,1,0.0,-0.1315876543521881,0.5,0.0,0.5,3,0.5,1.097310163917268,1.239390138123173,0.8349960160446925,0.31216037,0.46055,0.2272896,1
AB1PbMaW03s$_$3,2026,processed_po,1.0,2,0.3333333432674408,1,0.0,0.0968968272209167,0.5,0.0,0.5,3,0.5,1.097310163917268,1.239390138123173,0.8349960160446925,0.015616233,0.5098827,0.4745011,2
AB1PbMaW03s$_$8,2026,processed_po,1.0,1,0.0,1,0.0,-0.0551306456327438,0.5,0.0,0.5,3,0.5,1.097310163917268,1.239390138123173,0.8349960160446925,0.15954408,0.7011476,0.13930829,1
AHiA9hohKr8$_$0,2026,processed_po,1.0,1,0.0,2,0.8189723491668701,0.8189723491668701,0.5,0.0,0.5,3,0.5,1.097310163917268,1.239390138123173,0.8349960160446925,0.047728177,0.15011278,0.8021591,2
C5-cY1nPQ20$_$11,2026,processed_po,1.0,2,0.6666666865348816,2,1.1925541162490845,1.1925541162490845,0.5,0.0,0.5,3,0.5,1.097310163917268,1.239390138123173,0.8349960160446925,0.05313345,0.11632161,0.83054495,2
C5-cY1nPQ20$_$8,2026,processed_po,1.0,2,0.3333333432674408,2,0.7811808586120605,0.7811808586120605,0.5,0.0,0.5,3,0.5,1.097310163917268,1.239390138123173,0.8349960160446925,0.09313495,0.31075382,0.59611124,2
CKqDDh50gcU$_$14,2026,processed_po,1.0,2,1.3333333730697632,2,0.904537320137024,0.904537320137024,0.5,0.0,0.5,3,0.5,1.097310163917268,1.239390138123173,0.8349960160446925,0.011736676,0.09001195,0.8982514,2
CKqDDh50gcU$_$6,2026,processed_po,1.0,2,1.6666666269302368,2,0.6190059781074524,0.6190059781074524,0.5,0.0,0.5,3,0.5,1.097310163917268,1.239390138123173,0.8349960160446925,0.03380661,0.10189431,0.8642991,2
CO2YoTZbUr0$_$0,2026,processed_po,1.0,1,0.0,0,-1.175531029701233,-1.175531029701233,0.5,0.0,0.5,3,0.5,1.097310163917268,1.239390138123173,0.8349960160446925,0.8698528,0.088881716,0.041265488,0
CO6n-skQJss$_$0,2026,processed_po,1.0,1,0.0,2,0.0138989295810461,0.0138989295810461,0.5,0.0,0.5,3,0.5,1.097310163917268,1.239390138123173,0.8349960160446925,0.18883085,0.1518265,0.65934265,2
CO6n-skQJss$_$3,2026,processed_po,1.0,0,-1.3333333730697632,2,1e-06,-0.4528708755970001,0.5,0.0,0.5,3,0.5,1.097310163917268,1.239390138123173,0.8349960160446925,0.2658632,0.23652172,0.4976151,2
CU6U-gS76K4$_$20,2026,processed_po,1.0,2,1.6666666269302368,2,0.7694883942604065,0.7694883942604065,0.5,0.0,0.5,3,0.5,1.097310163917268,1.239390138123173,0.8349960160446925,0.07033171,0.105496936,0.82417125,2
CbRexsp1HKw$_$7,2026,processed_po,1.0,1,0.0,0,-0.2040991783142089,-0.2040991783142089,0.5,0.0,0.5,3,0.5,1.097310163917268,1.239390138123173,0.8349960160446925,0.5702682,0.14755397,0.2821779,0
ChhZna-aBK4$_$10,2026,processed_po,1.0,2,0.3333333432674408,2,1e-06,-0.0077297966927289,0.5,0.0,0.5,3,0.5,1.097310163917268,1.239390138123173,0.8349960160446925,0.13465357,0.21410803,0.6512384,2
ChhZna-aBK4$_$16,2026,processed_po,1.0,1,0.0,2,0.1899733245372772,0.1899733245372772,0.5,0.0,0.5,3,0.5,1.097310163917268,1.239390138123173,0.8349960160446925,0.01257125,0.46154895,0.5258798,2
ChhZna-aBK4$_$8,2026,processed_po,1.0,2,0.6666666865348816,2,0.4461255669593811,0.4461255669593811,0.5,0.0,0.5,3,0.5,1.097310163917268,1.239390138123173,0.8349960160446925,0.013978758,0.21374561,0.7722756,2
DVAY-u_cJWU$_$5,2026,processed_po,1.0,2,1.0,2,1.3567615747451782,1.3567615747451782,0.5,0.0,0.5,3,0.5,1.097310163917268,1.239390138123173,0.8349960160446925,0.03180213,0.052667882,0.91553,2
DjcZrtcBZi4$_$10,2026,processed_po,1.0,2,0.3333333432674408,2,0.3070169985294342,0.3070169985294342,0.5,0.0,0.5,3,0.5,1.097310163917268,1.239390138123173,0.8349960160446925,0.13926522,0.20785473,0.6528801,2
DjcZrtcBZi4$_$8,2026,processed_po,1.0,1,0.0,2,0.2723111808300018,0.2723111808300018,0.5,0.0,0.5,3,0.5,1.097310163917268,1.239390138123173,0.8349960160446925,0.035153292,0.32484013,0.64000666,2
DnBHq5I52LM$_$5,2026,processed_po,1.0,0,-1.3333333730697632,0,-1.3404622077941897,-1.3404622077941897,0.5,0.0,0.5,3,0.5,1.097310163917268,1.239390138123173,0.8349960160446925,0.68580085,0.27376977,0.04042935,0
DtbT85s3i94$_$5,2026,processed_po,1.0,2,1.0,2,0.0339101143181324,0.0339101143181324,0.5,0.0,0.5,3,0.5,1.097310163917268,1.239390138123173,0.8349960160446925,0.3540066,0.19904698,0.44694644,2
EMS14J0odIE$_$16,2026,processed_po,1.0,0,-0.3333333432674408,1,0.0,0.0661476850509643,0.5,0.0,0.5,3,0.5,1.097310163917268,1.239390138123173,0.8349960160446925,0.11843558,0.4745733,0.40699112,2
EO_5o9Gup6g$_$10,2026,processed_po,1.0,0,-0.6666666865348816,0,-0.9007238745689392,-0.9007238745689392,0.5,0.0,0.5,3,0.5,1.097310163917268,1.239390138123173,0.8349960160446925,0.6460238,0.13754272,0.21643348,0
EO_5o9Gup6g$_$4,2026,processed_po,1.0,0,-1.0,0,-0.6783962249755859,-0.6783962249755859,0.5,0.0,0.5,3,0.5,1.097310163917268,1.239390138123173,0.8349960160446925,0.46749565,0.0718518,0.46065253,2
EO_5o9Gup6g$_$6,2026,processed_po,1.0,0,-2.0,0,-1.3617286682128906,-1.3617286682128906,0.5,0.0,0.5,3,0.5,1.097310163917268,1.239390138123173,0.8349960160446925,0.70444417,0.14151382,0.15404198,0
EyoMU2yoJPY$_$11,2026,processed_po,1.0,2,1.6666666269302368,2,1.474845290184021,1.474845290184021,0.5,0.0,0.5,3,0.5,1.097310163917268,1.239390138123173,0.8349960160446925,0.012841636,0.06716849,0.9199898,2
EyoMU2yoJPY$_$7,2026,processed_po,1.0,0,-0.3333333432674408,0,-0.2407792210578918,-0.2407792210578918,0.5,0.0,0.5,3,0.5,1.097310163917268,1.239390138123173,0.8349960160446925,0.7397766,0.07253978,0.18768366,0
F2hc2FLOdhI$_$3,2026,processed_po,1.0,2,1.0,0,-1.1822521686553955,-1.1822521686553955,0.5,0.0,0.5,3,0.5,1.097310163917268,1.239390138123173,0.8349960160446925,0.9134601,0.039731383,0.046808463,0
F2hc2FLOdhI$_$5,2026,processed_po,1.0,2,1.0,0,-1e-06,0.0954691618680954,0.5,0.0,0.5,3,0.5,1.097310163917268,1.239390138123173,0.8349960160446925,0.46524942,0.17708929,0.35766128,0
F8eQI8E-6q4$_$3,2026,processed_po,1.0,0,-0.6666666865348816,0,-1.9401226043701167,-1.9401226043701167,0.5,0.0,0.5,3,0.5,1.097310163917268,1.239390138123173,0.8349960160446925,0.9392233,0.041757364,0.019019367,0
FHDVQkU-nGI$_$7,2026,processed_po,1.0,2,2.0,2,1.854796886444092,1.854796886444092,0.5,0.0,0.5,3,0.5,1.097310163917268,1.239390138123173,0.8349960160446925,0.038743414,0.026674585,0.934582,2
F_YaG_pvZrA$_$11,2026,processed_po,1.0,1,0.0,2,0.8733272552490234,0.8733272552490234,0.5,0.0,0.5,3,0.5,1.097310163917268,1.239390138123173,0.8349960160446925,0.021639662,0.068434566,0.9099258,2
GAVpYuhMZAw$_$12,2026,processed_po,1.0,2,1.0,1,0.0,0.0378243513405323,0.5,0.0,0.5,3,0.5,1.097310163917268,1.239390138123173,0.8349960160446925,0.27286282,0.4955164,0.23162076,1
GAVpYuhMZAw$_$1,2026,processed_po,1.0,2,2.0,2,0.146431565284729,0.146431565284729,0.5,0.0,0.5,3,0.5,1.097310163917268,1.239390138123173,0.8349960160446925,0.12491334,0.41650614,0.45858052,2
GAVpYuhMZAw$_$4,2026,processed_po,1.0,2,0.3333333432674408,1,0.0,0.0077684530988335,0.5,0.0,0.5,3,0.5,1.097310163917268,1.239390138123173,0.8349960160446925,0.09323795,0.5695925,0.33716953,1
GAVpYuhMZAw$_$6,2026,processed_po,1.0,0,-0.3333333432674408,0,-0.072628453373909,-0.072628453373909,0.5,0.0,0.5,3,0.5,1.097310163917268,1.239390138123173,0.8349960160446925,0.4793115,0.3941173,0.12657125,0
GK-Pprzh0t0$_$1,2026,processed_po,1.0,0,-1.6666666269302368,0,-0.8000595569610596,-0.8000595569610596,0.5,0.0,0.5,3,0.5,1.097310163917268,1.239390138123173,0.8349960160446925,0.8234065,0.093277246,0.08331626,0
GKsjv42t284$_$1,2026,processed_po,1.0,2,1.3333333730697632,2,1.0419960021972656,1.0419960021972656,0.5,0.0,0.5,3,0.5,1.097310163917268,1.239390138123173,0.8349960160446925,0.010691944,0.03155727,0.9577508,2
GMa0cIAltnw$_$3,2026,processed_po,1.0,2,0.3333333432674408,2,0.4588388800621032,0.4588388800621032,0.5,0.0,0.5,3,0.5,1.097310163917268,1.239390138123173,0.8349960160446925,0.18990536,0.15575932,0.6543354,2
GNP0PFas12Y$_$4,2026,processed_po,1.0,2,0.3333333432674408,2,0.3204665184020996,0.3204665184020996,0.5,0.0,0.5,3,0.5,1.097310163917268,1.239390138123173,0.8349960160446925,0.4118974,0.1360958,0.4520068,2
HFPGeaEPy9o$_$0,2026,processed_po,1.0,0,-0.3333333432674408,0,-1.752472758293152,-1.752472758293152,0.5,0.0,0.5,3,0.5,1.097310163917268,1.239390138123173,0.8349960160446925,0.93590933,0.03648439,0.027606193,0
HJTxq72GuMs$_$14,2026,processed_po,1.0,2,0.6666666865348816,2,0.4652002453804016,0.4652002453804016,0.5,0.0,0.5,3,0.5,1.097310163917268,1.239390138123173,0.8349960160446925,0.089590356,0.19151503,0.7188946,2
HMRqR-P68Ws$_$0,2026,processed_po,1.0,2,1.0,1,0.0,0.0110862907022237,0.5,0.0,0.5,3,0.5,1.097310163917268,1.239390138123173,0.8349960160446925,0.10480228,0.7478522,0.14734551,1
HR18U0yAlTc$_$10,2026,processed_po,1.0,1,0.0,2,1.683730959892273,1.683730959892273,0.5,0.0,0.5,3,0.5,1.097310163917268,1.239390138123173,0.8349960160446925,0.058098592,0.02845611,0.91344535,2
HR18U0yAlTc$_$4,2026,processed_po,1.0,0,-0.3333333432674408,2,0.3550933301448822,0.3550933301448822,0.5,0.0,0.5,3,0.5,1.097310163917268,1.239390138123173,0.8349960160446925,0.03806351,0.18429036,0.7776461,2
HR18U0yAlTc$_$9,2026,processed_po,1.0,0,-0.3333333432674408,2,1.0051870346069336,1.0051870346069336,0.5,0.0,0.5,3,0.5,1.097310163917268,1.239390138123173,0.8349960160446925,0.075436346,0.093428455,0.83113515,2
HbaycY0VuZk$_$0,2026,processed_po,1.0,2,1.3333333730697632,2,0.6013621687889099,0.6013621687889099,0.5,0.0,0.5,3,0.5,1.097310163917268,1.239390138123173,0.8349960160446925,0.025076503,0.2855974,0.6893261,2
IHp8hd1jm6k$_$27,2026,processed_po,1.0,2,1.3333333730697632,2,0.5382575988769531,0.5382575988769531,0.5,0.0,0.5,3,0.5,1.097310163917268,1.239390138123173,0.8349960160446925,0.022190427,0.16452157,0.8132879,2
IHp8hd1jm6k$_$0,2026,processed_po,1.0,2,1.6666666269302368,2,0.3946914672851562,0.3946914672851562,0.5,0.0,0.5,3,0.5,1.097310163917268,1.239390138123173,0.8349960160446925,0.09953236,0.22099291,0.6794747,2
IHp8hd1jm6k$_$5,2026,processed_po,1.0,2,1.0,2,0.9633731842041016,0.9633731842041016,0.5,0.0,0.5,3,0.5,1.097310163917268,1.239390138123173,0.8349960160446925,0.047807623,0.10515606,0.8470363,2
IHp8hd1jm6k$_$7,2026,processed_po,1.0,1,0.0,0,-0.0669735968112945,-0.0669735968112945,0.5,0.0,0.5,3,0.5,1.097310163917268,1.239390138123173,0.8349960160446925,0.5334327,0.20406502,0.26250222,0
IHp8hd1jm6k$_$15,2026,processed_po,1.0,2,1.3333333730697632,2,0.7118663787841797,0.7118663787841797,0.5,0.0,0.5,3,0.5,1.097310163917268,1.239390138123173,0.8349960160446925,0.007841034,0.07722097,0.9149381,2
IIPYcCii7Sg$_$3,2026,processed_po,1.0,0,-0.3333333432674408,1,0.0,0.0979342609643936,0.5,0.0,0.5,3,0.5,1.097310163917268,1.239390138123173,0.8349960160446925,0.07832739,0.59230745,0.32936516,1
IRSxo_XXArg$_$12,2026,processed_po,1.0,1,0.0,2,1.8093276023864744,1.8093276023864744,0.5,0.0,0.5,3,0.5,1.097310163917268,1.239390138123173,0.8349960160446925,0.03828928,0.03956577,0.9221449,2
IRSxo_XXArg$_$7,2026,processed_po,1.0,1,0.0,2,1.6908023357391355,1.6908023357391355,0.5,0.0,0.5,3,0.5,1.097310163917268,1.239390138123173,0.8349960160446925,0.050999206,0.037983876,0.9110169,2
Iemw8vqt-54$_$13,2026,processed_po,1.0,2,0.3333333432674408,2,0.2126443982124328,0.2126443982124328,0.5,0.0,0.5,3,0.5,1.097310163917268,1.239390138123173,0.8349960160446925,0.40166613,0.18545772,0.41287613,2
Iemw8vqt-54$_$0,2026,processed_po,1.0,2,0.6666666865348816,2,1.1317052841186523,1.1317052841186523,0.5,0.0,0.5,3,0.5,1.097310163917268,1.239390138123173,0.8349960160446925,0.0122507615,0.08887709,0.89887214,2
Iemw8vqt-54$_$9,2026,processed_po,1.0,2,1.0,2,0.518940269947052,0.518940269947052,0.5,0.0,0.5,3,0.5,1.097310163917268,1.239390138123173,0.8349960160446925,0.09565098,0.18957463,0.71477437,2
JKueLneBoik$_$0,2026,processed_po,1.0,2,1.0,2,1.2743628025054932,1.2743628025054932,0.5,0.0,0.5,3,0.5,1.097310163917268,1.239390138123173,0.8349960160446925,0.035736915,0.088464685,0.8757984,2
JKueLneBoik$_$4,2026,processed_po,1.0,1,0.0,2,0.089811697602272,0.089811697602272,0.5,0.0,0.5,3,0.5,1.097310163917268,1.239390138123173,0.8349960160446925,0.016387347,0.38600695,0.5976057,2
JNhqI4JtPXA$_$3,2026,processed_po,1.0,2,2.0,2,2.142800807952881,2.142800807952881,0.5,0.0,0.5,3,0.5,1.097310163917268,1.239390138123173,0.8349960160446925,0.032027278,0.029495353,0.93847734,2
JXYot3NDQn0$_$2,2026,processed_po,1.0,2,0.6666666865348816,2,1.7108649015426636,1.7108649015426636,0.5,0.0,0.5,3,0.5,1.097310163917268,1.239390138123173,0.8349960160446925,0.016714081,0.045223452,0.9380625,2
KB5hSnV1emg$_$3,2026,processed_po,1.0,1,0.0,0,-0.038568440824747,-0.038568440824747,0.5,0.0,0.5,3,0.5,1.097310163917268,1.239390138123173,0.8349960160446925,0.6000182,0.19686517,0.20311663,0
Kn5eKHlPD0k$_$12,2026,processed_po,1.0,2,1.0,2,0.4718730747699737,0.4718730747699737,0.5,0.0,0.5,3,0.5,1.097310163917268,1.239390138123173,0.8349960160446925,0.073622674,0.37644282,0.54993445,2
Kn99u05vlpA$_$5,2026,processed_po,1.0,2,1.6666666269302368,0,-1e-06,0.1488404870033264,0.5,0.0,0.5,3,0.5,1.097310163917268,1.239390138123173,0.8349960160446925,0.41650036,0.30038744,0.2831122,0
L-7oRnbi9-w$_$3,2026,processed_po,1.0,2,0.3333333432674408,2,0.2790961861610412,0.2790961861610412,0.5,0.0,0.5,3,0.5,1.097310163917268,1.239390138123173,0.8349960160446925,0.12422109,0.21680509,0.6589739,2
L-a4Sh6iAcw$_$7,2026,processed_po,1.0,2,0.6666666865348816,2,0.5629742741584778,0.5629742741584778,0.5,0.0,0.5,3,0.5,1.097310163917268,1.239390138123173,0.8349960160446925,0.03573693,0.1282955,0.8359676,2
L-a4Sh6iAcw$_$9,2026,processed_po,1.0,2,0.6666666865348816,2,0.9747936129570008,0.9747936129570008,0.5,0.0,0.5,3,0.5,1.097310163917268,1.239390138123173,0.8349960160446925,0.0607594,0.07269358,0.86654705,2
LD3HYOwk1Bc$_$0,2026,processed_po,1.0,1,0.0,2,0.5989394783973694,0.5989394783973694,0.5,0.0,0.5,3,0.5,1.097310163917268,1.239390138123173,0.8349960160446925,0.06608301,0.17453761,0.7593794,2
LJGL2sGvSS0$_$2,2026,processed_po,1.0,2,1.3333333730697632,1,0.0,-0.0389770977199077,0.5,0.0,0.5,3,0.5,1.097310163917268,1.239390138123173,0.8349960160446925,0.029406806,0.6697054,0.30088776,1
LJGL2sGvSS0$_$10,2026,processed_po,1.0,2,1.3333333730697632,2,0.7342777252197266,0.7342777252197266,0.5,0.0,0.5,3,0.5,1.097310163917268,1.239390138123173,0.8349960160446925,0.005499066,0.066043444,0.9284575,2
LJGL2sGvSS0$_$14,2026,processed_po,1.0,2,1.6666666269302368,2,1.3674931526184082,1.3674931526184082,0.5,0.0,0.5,3,0.5,1.097310163917268,1.239390138123173,0.8349960160446925,0.01069526,0.08955268,0.8997521,2
LJGL2sGvSS0$_$19,2026,processed_po,1.0,2,1.0,0,-0.3988771140575409,-0.3988771140575409,0.5,0.0,0.5,3,0.5,1.097310163917268,1.239390138123173,0.8349960160446925,0.52214324,0.15388557,0.32397112,0
LcfubBagG6Q$_$1,2026,processed_po,1.0,2,1.3333333730697632,2,0.7172794342041016,0.7172794342041016,0.5,0.0,0.5,3,0.5,1.097310163917268,1.239390138123173,0.8349960160446925,0.13860235,0.14398178,0.71741587,2
LcfubBagG6Q$_$3,2026,processed_po,1.0,2,0.3333333432674408,1,0.0,0.0371153652667999,0.5,0.0,0.5,3,0.5,1.097310163917268,1.239390138123173,0.8349960160446925,0.23828933,0.43696475,0.32474586,2
LyOq9mOEPuk$_$8,2026,processed_po,1.0,0,-0.6666666865348816,0,-1.1532001495361328,-1.1532001495361328,0.5,0.0,0.5,3,0.5,1.097310163917268,1.239390138123173,0.8349960160446925,0.8804698,0.05379027,0.06573994,0
MHVrwCEWLPI$_$4,2026,processed_po,1.0,2,1.0,2,1.249382495880127,1.249382495880127,0.5,0.0,0.5,3,0.5,1.097310163917268,1.239390138123173,0.8349960160446925,0.009566364,0.08798665,0.90244704,2
MHVrwCEWLPI$_$6,2026,processed_po,1.0,2,0.3333333432674408,2,0.2230307757854461,0.2230307757854461,0.5,0.0,0.5,3,0.5,1.097310163917268,1.239390138123173,0.8349960160446925,0.051354244,0.117449634,0.83119607,2
MHyW857u_X8$_$18,2026,processed_po,1.0,0,-0.3333333432674408,2,0.2148195952177047,0.2148195952177047,0.5,0.0,0.5,3,0.5,1.097310163917268,1.239390138123173,0.8349960160446925,0.35942402,0.121023275,0.5195527,2
MZUr1DfYNNw$_$1,2026,processed_po,1.0,2,1.3333333730697632,2,0.1636359244585037,0.1636359244585037,0.5,0.0,0.5,3,0.5,1.097310163917268,1.239390138123173,0.8349960160446925,0.08160003,0.3889495,0.5294505,2
NIpuKcoJhGM$_$0,2026,processed_po,1.0,2,2.0,0,-1e-06,0.3057308197021484,0.5,0.0,0.5,3,0.5,1.097310163917268,1.239390138123173,0.8349960160446925,0.52574277,0.145965,0.32829213,0
NVLPURuAVLU$_$2,2026,processed_po,1.0,0,-0.6666666865348816,0,-0.0735024660825729,-0.0735024660825729,0.5,0.0,0.5,3,0.5,1.097310163917268,1.239390138123173,0.8349960160446925,0.46718487,0.26714748,0.26566768,0
NaWmaHwjElo$_$5,2026,processed_po,1.0,1,0.0,0,-0.2405619919300079,-0.2405619919300079,0.5,0.0,0.5,3,0.5,1.097310163917268,1.239390138123173,0.8349960160446925,0.46147308,0.33105332,0.20747355,0
NiAjz4ciA60$_$1,2026,processed_po,1.0,2,1.0,2,1.15226948261261,1.15226948261261,0.5,0.0,0.5,3,0.5,1.097310163917268,1.239390138123173,0.8349960160446925,0.010079782,0.052980542,0.9369398,2
NocexkPXja8$_$13,2026,processed_po,1.0,0,-1.0,0,-0.9965813159942628,-0.9965813159942628,0.5,0.0,0.5,3,0.5,1.097310163917268,1.239390138123173,0.8349960160446925,0.8301332,0.12306874,0.046798043,0
NocexkPXja8$_$4,2026,processed_po,1.0,0,-2.3333332538604736,0,-1.765749216079712,-1.765749216079712,0.5,0.0,0.5,3,0.5,1.097310163917268,1.239390138123173,0.8349960160446925,0.9419397,0.030642435,0.027417798,0
O-b3DQg0QmA$_$1,2026,processed_po,1.0,1,0.0,2,0.2119709998369217,0.2119709998369217,0.5,0.0,0.5,3,0.5,1.097310163917268,1.239390138123173,0.8349960160446925,0.026923515,0.40391353,0.56916296,2
OFia3dWgaoI$_$0,2026,processed_po,1.0,0,-1.3333333730697632,0,-0.2346238642930984,-0.2346238642930984,0.5,0.0,0.5,3,0.5,1.097310163917268,1.239390138123173,0.8349960160446925,0.5854511,0.22442333,0.19012547,0
OFia3dWgaoI$_$6,2026,processed_po,1.0,0,-0.6666666865348816,0,-0.5180469155311584,-0.5180469155311584,0.5,0.0,0.5,3,0.5,1.097310163917268,1.239390138123173,0.8349960160446925,0.8077163,0.06875963,0.12352406,0
OKJPFisBoPY$_$0,2026,processed_po,1.0,2,0.3333333432674408,2,0.8546352386474609,0.8546352386474609,0.5,0.0,0.5,3,0.5,1.097310163917268,1.239390138123173,0.8349960160446925,0.01706254,0.13870588,0.84423155,2
OORklkFql3k$_$10,2026,processed_po,1.0,0,-0.3333333432674408,0,-0.8835033774375916,-0.8835033774375916,0.5,0.0,0.5,3,0.5,1.097310163917268,1.239390138123173,0.8349960160446925,0.8726097,0.0804467,0.046943575,0
OORklkFql3k$_$4,2026,processed_po,1.0,0,-2.0,2,0.1600968539714813,0.1600968539714813,0.5,0.0,0.5,3,0.5,1.097310163917268,1.239390138123173,0.8349960160446925,0.32622313,0.17355432,0.50022256,2
OWWHjP3pX9o$_$0,2026,processed_po,1.0,0,-0.3333333432674408,0,-1e-06,0.0964944511651992,0.5,0.0,0.5,3,0.5,1.097310163917268,1.239390138123173,0.8349960160446925,0.3802872,0.24500802,0.37470484,2
OWWHjP3pX9o$_$4,2026,processed_po,1.0,2,0.6666666865348816,0,-0.0750604122877121,-0.0750604122877121,0.5,0.0,0.5,3,0.5,1.097310163917268,1.239390138123173,0.8349960160446925,0.44153586,0.19795454,0.36050954,2
OXsTIPdytiw$_$0,2026,processed_po,1.0,2,0.6666666865348816,1,0.0,0.2475616633892059,0.5,0.0,0.5,3,0.5,1.097310163917268,1.239390138123173,0.8349960160446925,0.03422785,0.53610903,0.42966312,2
OXsTIPdytiw$_$7,2026,processed_po,1.0,2,0.6666666865348816,2,0.9169687032699584,0.9169687032699584,0.5,0.0,0.5,3,0.5,1.097310163917268,1.239390138123173,0.8349960160446925,0.014310126,0.0736637,0.91202617,2
Oa2xVjzAMFc$_$9,2026,processed_po,1.0,0,-0.3333333432674408,1,0.0,0.2824288010597229,0.5,0.0,0.5,3,0.5,1.097310163917268,1.239390138123173,0.8349960160446925,0.18782124,0.44598678,0.36619192,2
OctOcfI4KSs$_$3,2026,processed_po,1.0,2,0.3333333432674408,0,-0.2260942608118057,-0.2260942608118057,0.5,0.0,0.5,3,0.5,1.097310163917268,1.239390138123173,0.8349960160446925,0.5089864,0.34432337,0.14669022,0
OctOcfI4KSs$_$7,2026,processed_po,1.0,2,0.3333333432674408,1,0.0,0.0303770899772644,0.5,0.0,0.5,3,0.5,1.097310163917268,1.239390138123173,0.8349960160446925,0.15708962,0.5616755,0.2812349,1
P0UHzR4CmYg$_$1,2026,processed_po,1.0,2,1.0,1,0.0,0.4313901364803314,0.5,0.0,0.5,3,0.5,1.097310163917268,1.239390138123173,0.8349960160446925,0.041348167,0.5220133,0.43663847,2
P0UHzR4CmYg$_$3,2026,processed_po,1.0,2,0.6666666865348816,2,1.1225557327270508,1.1225557327270508,0.5,0.0,0.5,3,0.5,1.097310163917268,1.239390138123173,0.8349960160446925,0.012726693,0.13206008,0.8552132,2
P0UHzR4CmYg$_$4,2026,processed_po,1.0,2,1.0,2,1.1908955574035645,1.1908955574035645,0.5,0.0,0.5,3,0.5,1.097310163917268,1.239390138123173,0.8349960160446925,0.0044634854,0.08125118,0.9142853,2
P0UHzR4CmYg$_$8,2026,processed_po,1.0,2,0.6666666865348816,0,-0.0641139224171638,-0.0641139224171638,0.5,0.0,0.5,3,0.5,1.097310163917268,1.239390138123173,0.8349960160446925,0.4010992,0.23595367,0.3629471,2
P0UHzR4CmYg$_$11,2026,processed_po,1.0,0,-1.0,0,-0.4372121691703796,-0.4372121691703796,0.5,0.0,0.5,3,0.5,1.097310163917268,1.239390138123173,0.8349960160446925,0.5678639,0.2370614,0.19507469,0
PcqKFt1p3UQ$_$10,2026,processed_po,1.0,2,0.3333333432674408,0,-0.0186284631490707,-0.0186284631490707,0.5,0.0,0.5,3,0.5,1.097310163917268,1.239390138123173,0.8349960160446925,0.35561228,0.30750954,0.3368782,2
PzI6yY9Y2xQ$_$0,2026,processed_po,1.0,2,1.6666666269302368,2,1.0473014116287231,1.0473014116287231,0.5,0.0,0.5,3,0.5,1.097310163917268,1.239390138123173,0.8349960160446925,0.03406033,0.0300065,0.9359332,2
PzI6yY9Y2xQ$_$2,2026,processed_po,1.0,2,1.3333333730697632,2,0.7362022399902344,0.7362022399902344,0.5,0.0,0.5,3,0.5,1.097310163917268,1.239390138123173,0.8349960160446925,0.032653846,0.0799809,0.88736534,2
QBc7X5jj8oA$_$4,2026,processed_po,1.0,2,1.3333333730697632,0,-1e-06,0.2823429703712463,0.5,0.0,0.5,3,0.5,1.097310163917268,1.239390138123173,0.8349960160446925,0.4497785,0.20229176,0.3479297,0
QCR7uyowjhM$_$10,2026,processed_po,1.0,2,0.3333333432674408,2,0.4897614121437073,0.4897614121437073,0.5,0.0,0.5,3,0.5,1.097310163917268,1.239390138123173,0.8349960160446925,0.084106304,0.29597884,0.6199148,2
QCR7uyowjhM$_$8,2026,processed_po,1.0,1,0.0,0,-1.1127703189849854,-1.1127703189849854,0.5,0.0,0.5,3,0.5,1.097310163917268,1.239390138123173,0.8349960160446925,0.7601505,0.19373362,0.046115898,0
QIonRUsCqBs$_$1,2026,processed_po,1.0,2,1.3333333730697632,2,1.190333127975464,1.190333127975464,0.5,0.0,0.5,3,0.5,1.097310163917268,1.239390138123173,0.8349960160446925,0.011844269,0.071165025,0.9169907,2
Qfa1fY_07bQ$_$5,2026,processed_po,1.0,2,1.3333333730697632,2,0.2399234771728515,0.2399234771728515,0.5,0.0,0.5,3,0.5,1.097310163917268,1.239390138123173,0.8349960160446925,0.08465216,0.3029041,0.61244375,2
R9xTBw3MCWI$_$5,2026,processed_po,1.0,2,0.3333333432674408,2,1.5001914501190186,1.5001914501190186,0.5,0.0,0.5,3,0.5,1.097310163917268,1.239390138123173,0.8349960160446925,0.009824955,0.019573636,0.9706014,2
ROC2YI3tDsk$_$13,2026,processed_po,1.0,2,0.3333333432674408,2,0.9012148976325988,0.9012148976325988,0.5,0.0,0.5,3,0.5,1.097310163917268,1.239390138123173,0.8349960160446925,0.012958411,0.15151142,0.8355301,2
ROC2YI3tDsk$_$3,2026,processed_po,1.0,2,1.0,2,0.5972511768341064,0.5972511768341064,0.5,0.0,0.5,3,0.5,1.097310163917268,1.239390138123173,0.8349960160446925,0.09615934,0.17619537,0.72764534,2
RVC8l5hf2Eg$_$13,2026,processed_po,1.0,0,-0.6666666865348816,2,0.1518711447715759,0.1518711447715759,0.5,0.0,0.5,3,0.5,1.097310163917268,1.239390138123173,0.8349960160446925,0.28014788,0.32741573,0.39243636,2
RVC8l5hf2Eg$_$8,2026,processed_po,1.0,0,-0.3333333432674408,0,-0.1953601241111755,-0.1953601241111755,0.5,0.0,0.5,3,0.5,1.097310163917268,1.239390138123173,0.8349960160446925,0.50859845,0.367659,0.123742506,0
Rb1uzHNcYcA$_$4,2026,processed_po,1.0,2,1.6666666269302368,2,1.505115032196045,1.505115032196045,0.5,0.0,0.5,3,0.5,1.097310163917268,1.239390138123173,0.8349960160446925,0.0131268,0.037579704,0.94929355,2
RvmTZVNAAuQ$_$2,2026,processed_po,1.0,1,0.0,2,0.4593105018138885,0.4593105018138885,0.5,0.0,0.5,3,0.5,1.097310163917268,1.239390138123173,0.8349960160446925,0.0672794,0.17335635,0.7593642,2
SKTyBOhDX6U$_$11,2026,processed_po,1.0,2,1.6666666269302368,2,0.8524751663208008,0.8524751663208008,0.5,0.0,0.5,3,0.5,1.097310163917268,1.239390138123173,0.8349960160446925,0.032957792,0.13187298,0.8351692,2
SKTyBOhDX6U$_$12,2026,processed_po,1.0,2,0.6666666865348816,0,-0.01232919562608,-0.01232919562608,0.5,0.0,0.5,3,0.5,1.097310163917268,1.239390138123173,0.8349960160446925,0.4241639,0.337668,0.23816818,0
SKTyBOhDX6U$_$9,2026,processed_po,1.0,2,1.0,2,1.0018789768218994,1.0018789768218994,0.5,0.0,0.5,3,0.5,1.097310163917268,1.239390138123173,0.8349960160446925,0.011400609,0.050191823,0.93840766,2
SYQ_zv8dWng$_$0,2026,processed_po,1.0,2,0.3333333432674408,1,0.0,0.305951178073883,0.5,0.0,0.5,3,0.5,1.097310163917268,1.239390138123173,0.8349960160446925,0.028497875,0.57091445,0.4005877,2
SYQ_zv8dWng$_$5,2026,processed_po,1.0,2,0.6666666865348816,0,-1e-06,0.2661622762680053,0.5,0.0,0.5,3,0.5,1.097310163917268,1.239390138123173,0.8349960160446925,0.46406928,0.110164106,0.4257666,2
SYQ_zv8dWng$_$6,2026,processed_po,1.0,2,0.6666666865348816,1,0.0,0.0666816681623458,0.5,0.0,0.5,3,0.5,1.097310163917268,1.239390138123173,0.8349960160446925,0.04610113,0.5317898,0.4221091,2
SYQ_zv8dWng$_$9,2026,processed_po,1.0,1,0.0,2,0.3219197988510132,0.3219197988510132,0.5,0.0,0.5,3,0.5,1.097310163917268,1.239390138123173,0.8349960160446925,0.15643367,0.3962502,0.44731614,2
SZ7HK5ns6mE$_$11,2026,processed_po,1.0,2,1.6666666269302368,2,0.1934978067874908,0.1934978067874908,0.5,0.0,0.5,3,0.5,1.097310163917268,1.239390138123173,0.8349960160446925,0.23869918,0.24551198,0.51578885,2
Sq6DIhFxPqQ$_$4,2026,processed_po,1.0,1,0.0,0,-0.3425529599189758,-0.3425529599189758,0.5,0.0,0.5,3,0.5,1.097310163917268,1.239390138123173,0.8349960160446925,0.62598723,0.21489163,0.1591211,0
SwT0gh0V8fI$_$10,2026,processed_po,1.0,1,0.0,0,-0.24908247590065,-0.24908247590065,0.5,0.0,0.5,3,0.5,1.097310163917268,1.239390138123173,0.8349960160446925,0.5446825,0.09653417,0.35878342,0
SwT0gh0V8fI$_$19,2026,processed_po,1.0,2,0.6666666865348816,2,1.3648430109024048,1.3648430109024048,0.5,0.0,0.5,3,0.5,1.097310163917268,1.239390138123173,0.8349960160446925,0.27051374,0.06896261,0.6605236,2
SwT0gh0V8fI$_$5,2026,processed_po,1.0,1,0.0,0,-0.9618432521820068,-0.9618432521820068,0.5,0.0,0.5,3,0.5,1.097310163917268,1.239390138123173,0.8349960160446925,0.696609,0.2757342,0.027656777,0
TXiOSZdaLJ8$_$2,2026,processed_po,1.0,2,0.6666666865348816,2,0.8597220182418823,0.8597220182418823,0.5,0.0,0.5,3,0.5,1.097310163917268,1.239390138123173,0.8349960160446925,0.09817136,0.07701826,0.8248103,2
TcTGCIh6e5s$_$4,2026,processed_po,1.0,1,0.0,1,0.0,0.2280950546264648,0.5,0.0,0.5,3,0.5,1.097310163917268,1.239390138123173,0.8349960160446925,0.08256033,0.72221094,0.19522873,1
TxRtSItpGMo$_$4,2026,processed_po,1.0,2,2.0,2,0.7247518301010132,0.7247518301010132,0.5,0.0,0.5,3,0.5,1.097310163917268,1.239390138123173,0.8349960160446925,0.008845849,0.117843635,0.87331057,2
U-KihZeIfKI$_$20,2026,processed_po,1.0,2,1.3333333730697632,2,0.9825444221496582,0.9825444221496582,0.5,0.0,0.5,3,0.5,1.097310163917268,1.239390138123173,0.8349960160446925,0.032735724,0.09723289,0.8700314,2
U-KihZeIfKI$_$1,2026,processed_po,1.0,2,0.6666666865348816,2,0.4991350471973419,0.4991350471973419,0.5,0.0,0.5,3,0.5,1.097310163917268,1.239390138123173,0.8349960160446925,0.3437718,0.1385557,0.51767254,2
U-KihZeIfKI$_$6,2026,processed_po,1.0,0,-1.0,0,-1.6589248180389404,-1.6589248180389404,0.5,0.0,0.5,3,0.5,1.097310163917268,1.239390138123173,0.8349960160446925,0.88889295,0.083205104,0.027901959,0
U-KihZeIfKI$_$15,2026,processed_po,1.0,2,0.6666666865348816,0,-0.1860577166080474,-0.1860577166080474,0.5,0.0,0.5,3,0.5,1.097310163917268,1.239390138123173,0.8349960160446925,0.4535668,0.35460398,0.19182922,0
U-KihZeIfKI$_$16,2026,processed_po,1.0,2,1.0,2,0.98846173286438,0.98846173286438,0.5,0.0,0.5,3,0.5,1.097310163917268,1.239390138123173,0.8349960160446925,0.022263821,0.14224713,0.83548903,2
UiurP5k-f1A$_$4,2026,processed_po,1.0,2,1.0,2,0.8537237048149109,0.8537237048149109,0.5,0.0,0.5,3,0.5,1.097310163917268,1.239390138123173,0.8349960160446925,0.0217592,0.09840867,0.8798322,2
UjqA6KVW2m8$_$0,2026,processed_po,1.0,0,-0.3333333432674408,0,-0.8616316318511963,-0.8616316318511963,0.5,0.0,0.5,3,0.5,1.097310163917268,1.239390138123173,0.8349960160446925,0.892926,0.07565168,0.031422406,0
UjqA6KVW2m8$_$3,2026,processed_po,1.0,0,-0.6666666865348816,2,0.1217083409428596,0.1217083409428596,0.5,0.0,0.5,3,0.5,1.097310163917268,1.239390138123173,0.8349960160446925,0.20783089,0.34548903,0.44668004,2
UjqA6KVW2m8$_$2,2026,processed_po,1.0,0,-1.3333333730697632,0,-1.0927231311798096,-1.0927231311798096,0.5,0.0,0.5,3,0.5,1.097310163917268,1.239390138123173,0.8349960160446925,0.7695947,0.16745968,0.06294562,0
UjqA6KVW2m8$_$4,2026,processed_po,1.0,2,1.0,2,1.248178243637085,1.248178243637085,0.5,0.0,0.5,3,0.5,1.097310163917268,1.239390138123173,0.8349960160446925,0.021939892,0.056932107,0.92112803,2
UweZVaFqruU$_$1,2026,processed_po,1.0,2,0.3333333432674408,2,0.2306516170501709,0.2306516170501709,0.5,0.0,0.5,3,0.5,1.097310163917268,1.239390138123173,0.8349960160446925,0.043568805,0.4580629,0.4983683,2
UweZVaFqruU$_$5,2026,processed_po,1.0,1,0.0,1,0.0,0.0800167694687843,0.5,0.0,0.5,3,0.5,1.097310163917268,1.239390138123173,0.8349960160446925,0.18875301,0.5648544,0.2463926,1
V27mmEkN80g$_$0,2026,processed_po,1.0,1,0.0,2,0.6114119291305542,0.6114119291305542,0.5,0.0,0.5,3,0.5,1.097310163917268,1.239390138123173,0.8349960160446925,0.06492941,0.2025703,0.7325003,2
VDkBM0ZG4q8$_$4,2026,processed_po,1.0,1,0.0,1,0.0,-0.0984209179878234,0.5,0.0,0.5,3,0.5,1.097310163917268,1.239390138123173,0.8349960160446925,0.24118511,0.6250575,0.13375734,1
VDkBM0ZG4q8$_$7,2026,processed_po,1.0,2,0.3333333432674408,2,0.8667929172515869,0.8667929172515869,0.5,0.0,0.5,3,0.5,1.097310163917268,1.239390138123173,0.8349960160446925,0.011869319,0.08853928,0.8995914,2
VLQgw-88v4Q$_$2,2026,processed_po,1.0,2,1.0,2,0.4407451748847961,0.4407451748847961,0.5,0.0,0.5,3,0.5,1.097310163917268,1.239390138123173,0.8349960160446925,0.010926564,0.26868144,0.72039205,2
VLQgw-88v4Q$_$6,2026,processed_po,1.0,2,1.6666666269302368,2,0.4569413065910339,0.4569413065910339,0.5,0.0,0.5,3,0.5,1.097310163917268,1.239390138123173,0.8349960160446925,0.008502419,0.23880516,0.7526924,2
VLQgw-88v4Q$_$8,2026,processed_po,1.0,2,1.3333333730697632,2,0.6284884214401245,0.6284884214401245,0.5,0.0,0.5,3,0.5,1.097310163917268,1.239390138123173,0.8349960160446925,0.048528835,0.14008778,0.8113833,2
VXy21GwGs8o$_$0,2026,processed_po,1.0,1,0.0,2,0.570858359336853,0.570858359336853,0.5,0.0,0.5,3,0.5,1.097310163917268,1.239390138123173,0.8349960160446925,0.07857118,0.17405613,0.74737275,2
Vdf1McvE9ao$_$9,2026,processed_po,1.0,1,0.0,0,-0.4886496663093567,-0.4886496663093567,0.5,0.0,0.5,3,0.5,1.097310163917268,1.239390138123173,0.8349960160446925,0.5370434,0.43262702,0.03032952,0
Vlas-mPydcg$_$17,2026,processed_po,1.0,2,0.6666666865348816,0,-0.4053476750850677,-0.4053476750850677,0.5,0.0,0.5,3,0.5,1.097310163917268,1.239390138123173,0.8349960160446925,0.43703574,0.17264365,0.39032063,2
Vlas-mPydcg$_$3,2026,processed_po,1.0,2,1.0,2,0.5207467079162598,0.5207467079162598,0.5,0.0,0.5,3,0.5,1.097310163917268,1.239390138123173,0.8349960160446925,0.008372341,0.1749641,0.81666356,2
VsXGwSZazwA$_$4,2026,processed_po,1.0,1,0.0,1,0.0,0.151820108294487,0.5,0.0,0.5,3,0.5,1.097310163917268,1.239390138123173,0.8349960160446925,0.108909026,0.6253051,0.2657859,1
VsXGwSZazwA$_$6,2026,processed_po,1.0,2,1.6666666269302368,2,0.2278390824794769,0.2278390824794769,0.5,0.0,0.5,3,0.5,1.097310163917268,1.239390138123173,0.8349960160446925,0.023233393,0.45106828,0.5256983,2
VwGPIUNayKM$_$1,2026,processed_po,1.0,1,0.0,1,0.0,0.2103206217288971,0.5,0.0,0.5,3,0.5,1.097310163917268,1.239390138123173,0.8349960160446925,0.03464434,0.57544184,0.38991386,1
VwGPIUNayKM$_$5,2026,processed_po,1.0,0,-1.0,0,-1e-06,0.0190932247787714,0.5,0.0,0.5,3,0.5,1.097310163917268,1.239390138123173,0.8349960160446925,0.5434348,0.15142977,0.3051355,0
VwGPIUNayKM$_$8,2026,processed_po,1.0,2,1.0,2,1.0042471885681152,1.0042471885681152,0.5,0.0,0.5,3,0.5,1.097310163917268,1.239390138123173,0.8349960160446925,0.09630353,0.1320884,0.77160805,2
W1CWpktWtTs$_$5,2026,processed_po,1.0,2,1.0,2,1.203993797302246,1.203993797302246,0.5,0.0,0.5,3,0.5,1.097310163917268,1.239390138123173,0.8349960160446925,0.03251877,0.082796976,0.88468426,2
W1CWpktWtTs$_$9,2026,processed_po,1.0,2,0.6666666865348816,0,-1e-06,0.248029738664627,0.5,0.0,0.5,3,0.5,1.097310163917268,1.239390138123173,0.8349960160446925,0.47059473,0.08792484,0.44148043,2
WfNiQBXmPw8$_$3,2026,processed_po,1.0,0,-0.3333333432674408,0,-0.6582236886024475,-0.6582236886024475,0.5,0.0,0.5,3,0.5,1.097310163917268,1.239390138123173,0.8349960160446925,0.7091396,0.18664373,0.10421667,0
WfNiQBXmPw8$_$5,2026,processed_po,1.0,2,0.3333333432674408,0,-0.2496346533298492,-0.2496346533298492,0.5,0.0,0.5,3,0.5,1.097310163917268,1.239390138123173,0.8349960160446925,0.65394557,0.14245754,0.20359689,0
WgI8IbJtXHw$_$0,2026,processed_po,1.0,1,0.0,2,1.6453653573989868,1.6453653573989868,0.5,0.0,0.5,3,0.5,1.097310163917268,1.239390138123173,0.8349960160446925,0.080472395,0.03244247,0.88708514,2
X2Hs89fZ2-c$_$4,2026,processed_po,1.0,2,1.0,1,0.0,0.0772500932216644,0.5,0.0,0.5,3,0.5,1.097310163917268,1.239390138123173,0.8349960160446925,0.03156458,0.5776248,0.39081058,1
X6N7UEFJLNY$_$0,2026,processed_po,1.0,2,0.3333333432674408,2,0.4311189651489258,0.4311189651489258,0.5,0.0,0.5,3,0.5,1.097310163917268,1.239390138123173,0.8349960160446925,0.04116111,0.27518603,0.6836529,2
X6N7UEFJLNY$_$2,2026,processed_po,1.0,1,0.0,2,0.4880693256855011,0.4880693256855011,0.5,0.0,0.5,3,0.5,1.097310163917268,1.239390138123173,0.8349960160446925,0.03611632,0.2666572,0.69722646,2
X6N7UEFJLNY$_$4,2026,processed_po,1.0,2,0.6666666865348816,2,1.1714489459991455,1.1714489459991455,0.5,0.0,0.5,3,0.5,1.097310163917268,1.239390138123173,0.8349960160446925,0.0064944825,0.055546235,0.9379593,2
XDVit9ASVUg$_$2,2026,processed_po,1.0,2,0.3333333432674408,1,0.0,-0.1023700386285781,0.5,0.0,0.5,3,0.5,1.097310163917268,1.239390138123173,0.8349960160446925,0.12443103,0.6365013,0.23906766,1
XKyumlBmix8$_$0,2026,processed_po,1.0,1,0.0,2,0.4403397738933563,0.4403397738933563,0.5,0.0,0.5,3,0.5,1.097310163917268,1.239390138123173,0.8349960160446925,0.093823135,0.27106148,0.6351153,2
XKyumlBmix8$_$2,2026,processed_po,1.0,0,-0.6666666865348816,0,-0.4336478412151336,-0.4336478412151336,0.5,0.0,0.5,3,0.5,1.097310163917268,1.239390138123173,0.8349960160446925,0.7321695,0.16640034,0.10143019,0
XVWiAArXYpE$_$3,2026,processed_po,1.0,0,-0.6666666865348816,2,0.0926526933908462,0.0926526933908462,0.5,0.0,0.5,3,0.5,1.097310163917268,1.239390138123173,0.8349960160446925,0.26855817,0.25932506,0.4721168,2
XVWiAArXYpE$_$4,2026,processed_po,1.0,0,-2.0,0,-1.1631556749343872,-1.1631556749343872,0.5,0.0,0.5,3,0.5,1.097310163917268,1.239390138123173,0.8349960160446925,0.7279997,0.1826568,0.08934347,0
XVWiAArXYpE$_$9,2026,processed_po,1.0,0,-0.3333333432674408,1,0.0,-0.00770297460258,0.5,0.0,0.5,3,0.5,1.097310163917268,1.239390138123173,0.8349960160446925,0.28707126,0.38008398,0.33284476,2
X_TusmBIlC0$_$5,2026,processed_po,1.0,1,0.0,2,0.1455668210983276,0.1455668210983276,0.5,0.0,0.5,3,0.5,1.097310163917268,1.239390138123173,0.8349960160446925,0.17744401,0.37200433,0.45055166,2
Xa086gxLJ3Y$_$12,2026,processed_po,1.0,2,0.3333333432674408,1,0.0,0.2317288666963577,0.5,0.0,0.5,3,0.5,1.097310163917268,1.239390138123173,0.8349960160446925,0.0110271415,0.6064072,0.38256562,1
XrNaL-MTjXg$_$3,2026,processed_po,1.0,1,0.0,2,1e-06,-0.3788761496543884,0.5,0.0,0.5,3,0.5,1.097310163917268,1.239390138123173,0.8349960160446925,0.3099678,0.26911166,0.4209205,2
Xy57UpKRNEo$_$7,2026,processed_po,1.0,0,-1.0,0,-0.9970255494117736,-0.9970255494117736,0.5,0.0,0.5,3,0.5,1.097310163917268,1.239390138123173,0.8349960160446925,0.6821679,0.14352822,0.17430395,0
Y8dI1GTWCk4$_$6,2026,processed_po,1.0,2,1.3333333730697632,2,0.7772260308265686,0.7772260308265686,0.5,0.0,0.5,3,0.5,1.097310163917268,1.239390138123173,0.8349960160446925,0.009870217,0.14557813,0.8445516,2
YLK58srjhNI$_$3,2026,processed_po,1.0,2,0.6666666865348816,2,1.1166012287139893,1.1166012287139893,0.5,0.0,0.5,3,0.5,1.097310163917268,1.239390138123173,0.8349960160446925,0.33081123,0.04943127,0.6197575,2
YQZPnHZRp1w$_$1,2026,processed_po,1.0,2,0.3333333432674408,2,0.0849592834711074,0.0849592834711074,0.5,0.0,0.5,3,0.5,1.097310163917268,1.239390138123173,0.8349960160446925,0.017931035,0.417267,0.564802,2
YUNxD04EvfE$_$1,2026,processed_po,1.0,0,-0.3333333432674408,1,0.0,-0.0582470409572124,0.5,0.0,0.5,3,0.5,1.097310163917268,1.239390138123173,0.8349960160446925,0.24723804,0.4025957,0.3501662,2
Z4iYSMMMycQ$_$4,2026,processed_po,1.0,2,0.6666666865348816,2,0.4755907952785492,0.4755907952785492,0.5,0.0,0.5,3,0.5,1.097310163917268,1.239390138123173,0.8349960160446925,0.027776815,0.31337434,0.65884894,2
ZKErPftd--w$_$6,2026,processed_po,1.0,2,0.6666666865348816,2,1.5657737255096436,1.5657737255096436,0.5,0.0,0.5,3,0.5,1.097310163917268,1.239390138123173,0.8349960160446925,0.072617956,0.108976446,0.81840557,2
ZKZ8UjaQQT4$_$7,2026,processed_po,1.0,1,0.0,2,0.2646256983280182,0.2646256983280182,0.5,0.0,0.5,3,0.5,1.097310163917268,1.239390138123173,0.8349960160446925,0.24039264,0.16635314,0.59325415,2
ZS1Nb0OWYNE$_$11,2026,processed_po,1.0,2,0.6666666865348816,2,1.4763734340667725,1.4763734340667725,0.5,0.0,0.5,3,0.5,1.097310163917268,1.239390138123173,0.8349960160446925,0.016755415,0.055697076,0.9275475,2
ZS1Nb0OWYNE$_$15,2026,processed_po,1.0,1,0.0,2,1.759387731552124,1.759387731552124,0.5,0.0,0.5,3,0.5,1.097310163917268,1.239390138123173,0.8349960160446925,0.0040428466,0.01452065,0.98143655,2
ZS1Nb0OWYNE$_$5,2026,processed_po,1.0,2,0.6666666865348816,2,0.2965845465660095,0.2965845465660095,0.5,0.0,0.5,3,0.5,1.097310163917268,1.239390138123173,0.8349960160446925,0.08170358,0.21946657,0.6988298,2
ZS1Nb0OWYNE$_$9,2026,processed_po,1.0,2,2.6666667461395264,2,1.1668115854263306,1.1668115854263306,0.5,0.0,0.5,3,0.5,1.097310163917268,1.239390138123173,0.8349960160446925,0.032021906,0.050811872,0.9171662,2
ZcFzcd4ZoMg$_$4,2026,processed_po,1.0,0,-0.3333333432674408,0,-0.2206940650939941,-0.2206940650939941,0.5,0.0,0.5,3,0.5,1.097310163917268,1.239390138123173,0.8349960160446925,0.43962005,0.24611878,0.3142612,0
ZeH7gZw94k0$_$1,2026,processed_po,1.0,2,1.6666666269302368,2,1.39947247505188,1.39947247505188,0.5,0.0,0.5,3,0.5,1.097310163917268,1.239390138123173,0.8349960160446925,0.11834242,0.23642294,0.64523464,2
ZtocGyL3Tfc$_$13,2026,processed_po,1.0,2,1.0,2,0.7044497728347778,0.7044497728347778,0.5,0.0,0.5,3,0.5,1.097310163917268,1.239390138123173,0.8349960160446925,0.13942894,0.08311776,0.77745336,2
ZtocGyL3Tfc$_$10,2026,processed_po,1.0,2,1.0,2,0.5756356120109558,0.5756356120109558,0.5,0.0,0.5,3,0.5,1.097310163917268,1.239390138123173,0.8349960160446925,0.08400132,0.1805202,0.7354784,2
ZtocGyL3Tfc$_$9,2026,processed_po,1.0,2,1.6666666269302368,2,1.4482916593551636,1.4482916593551636,0.5,0.0,0.5,3,0.5,1.097310163917268,1.239390138123173,0.8349960160446925,0.01925257,0.047638174,0.9331092,2
ZznoGQVwTtw$_$4,2026,processed_po,1.0,2,1.6666666269302368,2,0.3811768293380737,0.3811768293380737,0.5,0.0,0.5,3,0.5,1.097310163917268,1.239390138123173,0.8349960160446925,0.042693827,0.11804725,0.83925885,2
_1nvuNk7EFY$_$10,2026,processed_po,1.0,0,-0.3333333432674408,0,-1.1863631010055542,-1.1863631010055542,0.5,0.0,0.5,3,0.5,1.097310163917268,1.239390138123173,0.8349960160446925,0.88311726,0.07907756,0.037805185,0
_OmWVs0-6UM$_$0,2026,processed_po,1.0,1,0.0,2,0.3328671455383301,0.3328671455383301,0.5,0.0,0.5,3,0.5,1.097310163917268,1.239390138123173,0.8349960160446925,0.033607475,0.4555759,0.5108166,2
_on_E-ZWy0I$_$21,2026,processed_po,1.0,2,1.3333333730697632,2,0.7957436442375183,0.7957436442375183,0.5,0.0,0.5,3,0.5,1.097310163917268,1.239390138123173,0.8349960160446925,0.1771594,0.07940464,0.743436,2
_on_E-ZWy0I$_$3,2026,processed_po,1.0,1,0.0,0,-0.4130745530128479,-0.4130745530128479,0.5,0.0,0.5,3,0.5,1.097310163917268,1.239390138123173,0.8349960160446925,0.56563383,0.35029128,0.0840749,0
_on_E-ZWy0I$_$12,2026,processed_po,1.0,0,-1.0,2,0.1119792014360427,0.1119792014360427,0.5,0.0,0.5,3,0.5,1.097310163917268,1.239390138123173,0.8349960160446925,0.17583583,0.30105856,0.5231056,2
_q7DM8WkzAQ$_$3,2026,processed_po,1.0,2,0.6666666865348816,2,0.5308784246444702,0.5308784246444702,0.5,0.0,0.5,3,0.5,1.097310163917268,1.239390138123173,0.8349960160446925,0.025748994,0.18689232,0.78735864,2
a4PHWxILDp0$_$15,2026,processed_po,1.0,1,0.0,0,-0.1529603153467178,-0.1529603153467178,0.5,0.0,0.5,3,0.5,1.097310163917268,1.239390138123173,0.8349960160446925,0.4898189,0.3737844,0.1363967,0
ahG9c_uaf8s$_$1,2026,processed_po,1.0,2,0.3333333432674408,2,0.7172516584396362,0.7172516584396362,0.5,0.0,0.5,3,0.5,1.097310163917268,1.239390138123173,0.8349960160446925,0.008514977,0.09850535,0.8929797,2
ahG9c_uaf8s$_$3,2026,processed_po,1.0,2,0.3333333432674408,2,0.9326850771903992,0.9326850771903992,0.5,0.0,0.5,3,0.5,1.097310163917268,1.239390138123173,0.8349960160446925,0.017244587,0.08568736,0.897068,2
b92iw0OAnI4$_$7,2026,processed_po,1.0,2,1.3333333730697632,2,0.9330759048461914,0.9330759048461914,0.5,0.0,0.5,3,0.5,1.097310163917268,1.239390138123173,0.8349960160446925,0.21439174,0.1043741,0.6812341,2
bNQOeiAotbk$_$8,2026,processed_po,1.0,1,0.0,1,0.0,-0.0138192465528845,0.5,0.0,0.5,3,0.5,1.097310163917268,1.239390138123173,0.8349960160446925,0.24367628,0.41069564,0.34562814,2
bdFCD-3BCRg$_$2,2026,processed_po,1.0,2,1.0,2,1.4217554330825806,1.4217554330825806,0.5,0.0,0.5,3,0.5,1.097310163917268,1.239390138123173,0.8349960160446925,0.011516403,0.05184943,0.9366342,2
bdFCD-3BCRg$_$11,2026,processed_po,1.0,2,0.6666666865348816,2,0.8597321510314941,0.8597321510314941,0.5,0.0,0.5,3,0.5,1.097310163917268,1.239390138123173,0.8349960160446925,0.018630136,0.17559336,0.8057765,2
bdFCD-3BCRg$_$12,2026,processed_po,1.0,2,1.0,2,1.0527037382125854,1.0527037382125854,0.5,0.0,0.5,3,0.5,1.097310163917268,1.239390138123173,0.8349960160446925,0.0069804015,0.15032122,0.84269845,2
c5VEvmutmVg$_$13,2026,processed_po,1.0,2,1.0,2,0.5962534546852112,0.5962534546852112,0.5,0.0,0.5,3,0.5,1.097310163917268,1.239390138123173,0.8349960160446925,0.074047685,0.24150702,0.68444526,2
c5VEvmutmVg$_$19,2026,processed_po,1.0,1,0.0,2,0.4282569885253906,0.4282569885253906,0.5,0.0,0.5,3,0.5,1.097310163917268,1.239390138123173,0.8349960160446925,0.017264739,0.47418255,0.5085527,2
c5VEvmutmVg$_$0,2026,processed_po,1.0,2,1.6666666269302368,2,1.6139734983444214,1.6139734983444214,0.5,0.0,0.5,3,0.5,1.097310163917268,1.239390138123173,0.8349960160446925,0.06342304,0.100370884,0.8362061,2
c5zxqITn3ZM$_$5,2026,processed_po,1.0,2,0.6666666865348816,0,-1.6511610746383667,-1.6511610746383667,0.5,0.0,0.5,3,0.5,1.097310163917268,1.239390138123173,0.8349960160446925,0.8396045,0.048976813,0.11141866,0
c5zxqITn3ZM$_$6,2026,processed_po,1.0,2,1.0,2,0.7209135293960571,0.7209135293960571,0.5,0.0,0.5,3,0.5,1.097310163917268,1.239390138123173,0.8349960160446925,0.01298543,0.14604326,0.8409713,2
c9hE1ghElrM$_$2,2026,processed_po,1.0,1,0.0,1,0.0,-0.2036341726779937,0.5,0.0,0.5,3,0.5,1.097310163917268,1.239390138123173,0.8349960160446925,0.05048242,0.7879428,0.16157474,1
c9hE1ghElrM$_$4,2026,processed_po,1.0,1,0.0,0,-0.7889134883880615,-0.7889134883880615,0.5,0.0,0.5,3,0.5,1.097310163917268,1.239390138123173,0.8349960160446925,0.6003638,0.3255768,0.07405945,0
cW-aX4dPVfk$_$4,2026,processed_po,1.0,0,-0.3333333432674408,1,0.0,0.0496993325650692,0.5,0.0,0.5,3,0.5,1.097310163917268,1.239390138123173,0.8349960160446925,0.14285748,0.527488,0.32965454,1
cW-aX4dPVfk$_$11,2026,processed_po,1.0,2,0.3333333432674408,2,0.7076303958892822,0.7076303958892822,0.5,0.0,0.5,3,0.5,1.097310163917268,1.239390138123173,0.8349960160446925,0.087321885,0.18476664,0.72791153,2
cW-aX4dPVfk$_$32,2026,processed_po,1.0,2,1.6666666269302368,2,0.566718578338623,0.566718578338623,0.5,0.0,0.5,3,0.5,1.097310163917268,1.239390138123173,0.8349960160446925,0.40417972,0.1080601,0.4877602,2
cW-aX4dPVfk$_$30,2026,processed_po,1.0,2,2.3333332538604736,2,1.8963680267333984,1.8963680267333984,0.5,0.0,0.5,3,0.5,1.097310163917268,1.239390138123173,0.8349960160446925,0.026138205,0.032751333,0.9411105,2
cml9rShionM$_$3,2026,processed_po,1.0,0,-0.3333333432674408,2,1.867709398269653,1.867709398269653,0.5,0.0,0.5,3,0.5,1.097310163917268,1.239390138123173,0.8349960160446925,0.0070576495,0.017410025,0.9755323,2
d-Uw_uZyUys$_$1,2026,processed_po,1.0,0,-2.3333332538604736,1,0.0,0.1170935481786727,0.5,0.0,0.5,3,0.5,1.097310163917268,1.239390138123173,0.8349960160446925,0.19171378,0.60358167,0.20470452,1
d-Uw_uZyUys$_$6,2026,processed_po,1.0,0,-2.3333332538604736,0,-0.4728621244430542,-0.4728621244430542,0.5,0.0,0.5,3,0.5,1.097310163917268,1.239390138123173,0.8349960160446925,0.70858884,0.16920586,0.12220524,0
dHk--ExZbHs$_$7,2026,processed_po,1.0,2,0.6666666865348816,2,0.2495080828666687,0.2495080828666687,0.5,0.0,0.5,3,0.5,1.097310163917268,1.239390138123173,0.8349960160446925,0.04750568,0.24208438,0.71040994,2
dR68gbeOWOc$_$1,2026,processed_po,1.0,2,0.3333333432674408,2,0.3887064456939697,0.3887064456939697,0.5,0.0,0.5,3,0.5,1.097310163917268,1.239390138123173,0.8349960160446925,0.041257355,0.13482845,0.8239142,2
dTcz1am1eUw$_$2,2026,processed_po,1.0,2,1.3333333730697632,2,1.1814558506011963,1.1814558506011963,0.5,0.0,0.5,3,0.5,1.097310163917268,1.239390138123173,0.8349960160446925,0.0055039544,0.060854763,0.93364125,2
ddWHTdJz2O8$_$1,2026,processed_po,1.0,0,-0.3333333432674408,2,0.2953747510910034,0.2953747510910034,0.5,0.0,0.5,3,0.5,1.097310163917268,1.239390138123173,0.8349960160446925,0.056124914,0.20233586,0.7415392,2
dlE05KC95uk$_$11,2026,processed_po,1.0,2,0.3333333432674408,1,0.0,0.169053703546524,0.5,0.0,0.5,3,0.5,1.097310163917268,1.239390138123173,0.8349960160446925,0.047995776,0.60708296,0.34492123,1
eE8Qr9fOvVA$_$2,2026,processed_po,1.0,0,-1.3333333730697632,1,0.0,0.3032099306583404,0.5,0.0,0.5,3,0.5,1.097310163917268,1.239390138123173,0.8349960160446925,0.043589044,0.5102152,0.44619575,2
eFV7iFPYZB4$_$12,2026,processed_po,1.0,2,1.6666666269302368,2,0.945459008216858,0.945459008216858,0.5,0.0,0.5,3,0.5,1.097310163917268,1.239390138123173,0.8349960160446925,0.0057255286,0.0306345,0.96364003,2
eFV7iFPYZB4$_$14,2026,processed_po,1.0,2,1.3333333730697632,2,0.9594666957855223,0.9594666957855223,0.5,0.0,0.5,3,0.5,1.097310163917268,1.239390138123173,0.8349960160446925,0.008956919,0.10434391,0.8866991,2
eJfT7-dDqzA$_$3,2026,processed_po,1.0,2,0.6666666865348816,1,0.0,-0.0523145571351051,0.5,0.0,0.5,3,0.5,1.097310163917268,1.239390138123173,0.8349960160446925,0.31895167,0.3995622,0.2814861,2
eJfT7-dDqzA$_$2,2026,processed_po,1.0,2,0.6666666865348816,2,0.9976345896720886,0.9976345896720886,0.5,0.0,0.5,3,0.5,1.097310163917268,1.239390138123173,0.8349960160446925,0.010452289,0.146082,0.8434658,2
eJfT7-dDqzA$_$7,2026,processed_po,1.0,2,0.6666666865348816,2,0.746105432510376,0.746105432510376,0.5,0.0,0.5,3,0.5,1.097310163917268,1.239390138123173,0.8349960160446925,0.014611549,0.14293158,0.8424568,2
eKQKEi2-0Ws$_$0,2026,processed_po,1.0,1,0.0,0,-1e-06,0.2103956937789917,0.5,0.0,0.5,3,0.5,1.097310163917268,1.239390138123173,0.8349960160446925,0.5401191,0.10200328,0.35787764,0
eQc5uI7FKCU$_$5,2026,processed_po,1.0,2,0.3333333432674408,2,0.2812919616699219,0.2812919616699219,0.5,0.0,0.5,3,0.5,1.097310163917268,1.239390138123173,0.8349960160446925,0.05317055,0.35018158,0.5966478,2
ey1lr8wFFDc$_$0,2026,processed_po,1.0,2,0.6666666865348816,2,0.7771956920623779,0.7771956920623779,0.5,0.0,0.5,3,0.5,1.097310163917268,1.239390138123173,0.8349960160446925,0.05430669,0.13683204,0.80886126,2
f-VdKweez2U$_$4,2026,processed_po,1.0,1,0.0,2,0.4235473871231079,0.4235473871231079,0.5,0.0,0.5,3,0.5,1.097310163917268,1.239390138123173,0.8349960160446925,0.07389023,0.20871513,0.7173947,2
f8Puta8k8fU$_$1,2026,processed_po,1.0,1,0.0,0,-0.480040967464447,-0.480040967464447,0.5,0.0,0.5,3,0.5,1.097310163917268,1.239390138123173,0.8349960160446925,0.63359356,0.30027,0.06613637,0
fT6SrlsWV7M$_$12,2026,processed_po,1.0,0,-1.3333333730697632,2,0.3469274342060089,0.3469274342060089,0.5,0.0,0.5,3,0.5,1.097310163917268,1.239390138123173,0.8349960160446925,0.052157007,0.32043222,0.62741077,2
fWAKek8jA5M$_$0,2026,processed_po,1.0,0,-1.6666666269302368,0,-1.559140682220459,-1.559140682220459,0.5,0.0,0.5,3,0.5,1.097310163917268,1.239390138123173,0.8349960160446925,0.93069625,0.06035808,0.008945749,0
fWAKek8jA5M$_$3,2026,processed_po,1.0,0,-1.3333333730697632,1,0.0,0.1066413670778274,0.5,0.0,0.5,3,0.5,1.097310163917268,1.239390138123173,0.8349960160446925,0.1757005,0.46431673,0.35998285,2
fWAKek8jA5M$_$4,2026,processed_po,1.0,1,0.0,0,-0.6503628492355347,-0.6503628492355347,0.5,0.0,0.5,3,0.5,1.097310163917268,1.239390138123173,0.8349960160446925,0.56936693,0.23222865,0.1984044,0
frCWtiam4tE$_$0,2026,processed_po,1.0,2,1.6666666269302368,2,0.5106362104415894,0.5106362104415894,0.5,0.0,0.5,3,0.5,1.097310163917268,1.239390138123173,0.8349960160446925,0.27945107,0.13951941,0.58102953,2
fsBzpr4k3rY$_$0,2026,processed_po,1.0,2,2.0,0,-0.6789259314537048,-0.6789259314537048,0.5,0.0,0.5,3,0.5,1.097310163917268,1.239390138123173,0.8349960160446925,0.8095333,0.034430813,0.15603589,0
fz-MzQcOBwQ$_$1,2026,processed_po,1.0,2,1.3333333730697632,2,0.6141453981399536,0.6141453981399536,0.5,0.0,0.5,3,0.5,1.097310163917268,1.239390138123173,0.8349960160446925,0.028478306,0.23621762,0.73530406,2
gE7kUqMqQ9g$_$2,2026,processed_po,1.0,0,-0.6666666865348816,0,-0.8030459880828857,-0.8030459880828857,0.5,0.0,0.5,3,0.5,1.097310163917268,1.239390138123173,0.8349960160446925,0.890854,0.0710035,0.038142506,0
gJjkCPO7iXg$_$1,2026,processed_po,1.0,2,1.0,2,0.9104276895523072,0.9104276895523072,0.5,0.0,0.5,3,0.5,1.097310163917268,1.239390138123173,0.8349960160446925,0.027135145,0.19053072,0.7823341,2
gJjkCPO7iXg$_$0,2026,processed_po,1.0,2,1.0,2,0.3613258004188537,0.3613258004188537,0.5,0.0,0.5,3,0.5,1.097310163917268,1.239390138123173,0.8349960160446925,0.062946856,0.3412664,0.59578675,2
gLTxaEcx41E$_$2,2026,processed_po,1.0,1,0.0,2,0.4985605180263519,0.4985605180263519,0.5,0.0,0.5,3,0.5,1.097310163917268,1.239390138123173,0.8349960160446925,0.084016815,0.35503444,0.5609487,2
gLTxaEcx41E$_$4,2026,processed_po,1.0,1,0.0,0,-0.8000024557113647,-0.8000024557113647,0.5,0.0,0.5,3,0.5,1.097310163917268,1.239390138123173,0.8349960160446925,0.54792565,0.19447681,0.2575976,0
gLTxaEcx41E$_$7,2026,processed_po,1.0,1,0.0,2,1e-06,-0.1215285882353782,0.5,0.0,0.5,3,0.5,1.097310163917268,1.239390138123173,0.8349960160446925,0.2133359,0.27039924,0.5162649,2
gLTxaEcx41E$_$6,2026,processed_po,1.0,2,0.3333333432674408,2,0.3909803330898285,0.3909803330898285,0.5,0.0,0.5,3,0.5,1.097310163917268,1.239390138123173,0.8349960160446925,0.077293344,0.14641212,0.7762946,2
gcFECfN4BCU$_$23,2026,processed_po,1.0,2,2.0,2,1.5248103141784668,1.5248103141784668,0.5,0.0,0.5,3,0.5,1.097310163917268,1.239390138123173,0.8349960160446925,0.004666102,0.026977543,0.9683564,2
gcFECfN4BCU$_$10,2026,processed_po,1.0,2,0.6666666865348816,2,1.2047371864318848,1.2047371864318848,0.5,0.0,0.5,3,0.5,1.097310163917268,1.239390138123173,0.8349960160446925,0.01710268,0.07618458,0.9067128,2
gcFECfN4BCU$_$15,2026,processed_po,1.0,2,1.3333333730697632,2,0.704769492149353,0.704769492149353,0.5,0.0,0.5,3,0.5,1.097310163917268,1.239390138123173,0.8349960160446925,0.019906478,0.1125236,0.86757,2
gpn71-aKWwQ$_$2,2026,processed_po,1.0,2,1.6666666269302368,2,1.002842664718628,1.002842664718628,0.5,0.0,0.5,3,0.5,1.097310163917268,1.239390138123173,0.8349960160446925,0.12283257,0.10310614,0.7740613,2
h1ZZHUU4j0k$_$3,2026,processed_po,1.0,2,0.6666666865348816,2,0.5158849954605103,0.5158849954605103,0.5,0.0,0.5,3,0.5,1.097310163917268,1.239390138123173,0.8349960160446925,0.042481728,0.2204993,0.73701894,2
h1ZZHUU4j0k$_$4,2026,processed_po,1.0,2,0.6666666865348816,0,-1.1356282234191897,-1.1356282234191897,0.5,0.0,0.5,3,0.5,1.097310163917268,1.239390138123173,0.8349960160446925,0.83920103,0.08337426,0.07742465,0
h1ZZHUU4j0k$_$10,2026,processed_po,1.0,2,1.0,2,0.394406795501709,0.394406795501709,0.5,0.0,0.5,3,0.5,1.097310163917268,1.239390138123173,0.8349960160446925,0.010255632,0.23876159,0.7509828,2
h1ZZHUU4j0k$_$13,2026,processed_po,1.0,0,-1.0,0,-0.8883967399597168,-0.8883967399597168,0.5,0.0,0.5,3,0.5,1.097310163917268,1.239390138123173,0.8349960160446925,0.66507643,0.19177528,0.14314826,0
iQDB_OkAQWs$_$4,2026,processed_po,1.0,1,0.0,0,-0.6881277561187744,-0.6881277561187744,0.5,0.0,0.5,3,0.5,1.097310163917268,1.239390138123173,0.8349960160446925,0.66267294,0.15903533,0.1782917,0
iXiMifHNKPI$_$8,2026,processed_po,1.0,2,0.3333333432674408,2,0.1450207531452179,0.1450207531452179,0.5,0.0,0.5,3,0.5,1.097310163917268,1.239390138123173,0.8349960160446925,0.013177418,0.3468143,0.6400083,2
j1m6ctAgjsM$_$1,2026,processed_po,1.0,2,1.3333333730697632,2,1.2266712188720703,1.2266712188720703,0.5,0.0,0.5,3,0.5,1.097310163917268,1.239390138123173,0.8349960160446925,0.015751833,0.028784676,0.95546347,2
j1m6ctAgjsM$_$2,2026,processed_po,1.0,2,1.0,2,0.5679264664649963,0.5679264664649963,0.5,0.0,0.5,3,0.5,1.097310163917268,1.239390138123173,0.8349960160446925,0.009956526,0.05977882,0.9302647,2
j1m6ctAgjsM$_$4,2026,processed_po,1.0,2,0.3333333432674408,2,0.2694149315357208,0.2694149315357208,0.5,0.0,0.5,3,0.5,1.097310163917268,1.239390138123173,0.8349960160446925,0.026200203,0.3010228,0.67277694,2
j1m6ctAgjsM$_$14,2026,processed_po,1.0,1,0.0,2,0.3194581866264343,0.3194581866264343,0.5,0.0,0.5,3,0.5,1.097310163917268,1.239390138123173,0.8349960160446925,0.013663229,0.31385934,0.67247736,2
j1m6ctAgjsM$_$18,2026,processed_po,1.0,2,1.0,2,0.2047966718673706,0.2047966718673706,0.5,0.0,0.5,3,0.5,1.097310163917268,1.239390138123173,0.8349960160446925,0.26329648,0.32619533,0.41050822,2
j1m6ctAgjsM$_$30,2026,processed_po,1.0,2,0.3333333432674408,1,0.0,0.1051535904407501,0.5,0.0,0.5,3,0.5,1.097310163917268,1.239390138123173,0.8349960160446925,0.21611638,0.4010461,0.38283756,2
j1m6ctAgjsM$_$35,2026,processed_po,1.0,2,1.0,2,0.3822323083877563,0.3822323083877563,0.5,0.0,0.5,3,0.5,1.097310163917268,1.239390138123173,0.8349960160446925,0.01086826,0.24778354,0.74134815,2
j1m6ctAgjsM$_$33,2026,processed_po,1.0,2,0.3333333432674408,2,0.1322469711303711,0.1322469711303711,0.5,0.0,0.5,3,0.5,1.097310163917268,1.239390138123173,0.8349960160446925,0.040760487,0.44362664,0.5156129,2
j1m6ctAgjsM$_$37,2026,processed_po,1.0,1,0.0,2,0.066059798002243,0.066059798002243,0.5,0.0,0.5,3,0.5,1.097310163917268,1.239390138123173,0.8349960160446925,0.033012066,0.3804839,0.58650404,2
jXQmVFcOiUI$_$0,2026,processed_po,1.0,2,1.0,2,1.0200414657592771,1.0200414657592771,0.5,0.0,0.5,3,0.5,1.097310163917268,1.239390138123173,0.8349960160446925,0.022109902,0.064633675,0.9132564,2
jj8aSNPHMw8$_$14,2026,processed_po,1.0,1,0.0,0,-0.3729326128959656,-0.3729326128959656,0.5,0.0,0.5,3,0.5,1.097310163917268,1.239390138123173,0.8349960160446925,0.42577967,0.30506486,0.2691555,0
jj8aSNPHMw8$_$5,2026,processed_po,1.0,0,-1.3333333730697632,0,-0.10866279900074,-0.10866279900074,0.5,0.0,0.5,3,0.5,1.097310163917268,1.239390138123173,0.8349960160446925,0.45736036,0.19437443,0.3482652,0
jqutn5ou8_0$_$6,2026,processed_po,1.0,2,0.6666666865348816,2,0.4664540290832519,0.4664540290832519,0.5,0.0,0.5,3,0.5,1.097310163917268,1.239390138123173,0.8349960160446925,0.00782468,0.25348768,0.7386876,2
jscKL5jS-SQ$_$17,2026,processed_po,1.0,2,1.0,2,0.9234069585800172,0.9234069585800172,0.5,0.0,0.5,3,0.5,1.097310163917268,1.239390138123173,0.8349960160446925,0.28528476,0.10500419,0.60971105,2
kaudsLIvYC8$_$0,2026,processed_po,1.0,2,1.6666666269302368,2,0.9208285808563232,0.9208285808563232,0.5,0.0,0.5,3,0.5,1.097310163917268,1.239390138123173,0.8349960160446925,0.048070606,0.0823299,0.86959946,2
kg-W6-hP2Do$_$3,2026,processed_po,1.0,1,0.0,2,0.939732789993286,0.939732789993286,0.5,0.0,0.5,3,0.5,1.097310163917268,1.239390138123173,0.8349960160446925,0.29376787,0.16350506,0.5427271,2
kpS4BXif_Sw$_$12,2026,processed_po,1.0,0,-2.0,0,-1.2163562774658203,-1.2163562774658203,0.5,0.0,0.5,3,0.5,1.097310163917268,1.239390138123173,0.8349960160446925,0.9194317,0.05497408,0.025594205,0
kpS4BXif_Sw$_$15,2026,processed_po,1.0,2,1.3333333730697632,0,-1e-06,0.1929134428501129,0.5,0.0,0.5,3,0.5,1.097310163917268,1.239390138123173,0.8349960160446925,0.4485407,0.14120929,0.41024998,2
kpS4BXif_Sw$_$4,2026,processed_po,1.0,1,0.0,2,0.7719029188156128,0.7719029188156128,0.5,0.0,0.5,3,0.5,1.097310163917268,1.239390138123173,0.8349960160446925,0.03226178,0.096337706,0.8714005,2
kpS4BXif_Sw$_$8,2026,processed_po,1.0,0,-1.0,0,-0.9918420314788818,-0.9918420314788818,0.5,0.0,0.5,3,0.5,1.097310163917268,1.239390138123173,0.8349960160446925,0.8849184,0.06954373,0.04553785,0
ktblaVOnFVE$_$4,2026,processed_po,1.0,2,1.3333333730697632,2,0.3337489366531372,0.3337489366531372,0.5,0.0,0.5,3,0.5,1.097310163917268,1.239390138123173,0.8349960160446925,0.14028639,0.38720304,0.47251055,2
l0vCKpk6Aes$_$24,2026,processed_po,1.0,1,0.0,2,0.91247296333313,0.91247296333313,0.5,0.0,0.5,3,0.5,1.097310163917268,1.239390138123173,0.8349960160446925,0.083440825,0.10552938,0.81102973,2
l0vCKpk6Aes$_$12,2026,processed_po,1.0,2,1.0,2,0.768319845199585,0.768319845199585,0.5,0.0,0.5,3,0.5,1.097310163917268,1.239390138123173,0.8349960160446925,0.051892396,0.14028485,0.8078227,2
l0vCKpk6Aes$_$19,2026,processed_po,1.0,1,0.0,0,-0.0061165010556578,-0.0061165010556578,0.5,0.0,0.5,3,0.5,1.097310163917268,1.239390138123173,0.8349960160446925,0.47072276,0.13496251,0.3943147,2
l4oMbKDuW3Y$_$3,2026,processed_po,1.0,0,-0.6666666865348816,0,-1.999462008476257,-1.999462008476257,0.5,0.0,0.5,3,0.5,1.097310163917268,1.239390138123173,0.8349960160446925,0.9531436,0.02108444,0.02577197,0
lD4xtQ6NpDY$_$2,2026,processed_po,1.0,1,0.0,2,0.0031735217198729,0.0031735217198729,0.5,0.0,0.5,3,0.5,1.097310163917268,1.239390138123173,0.8349960160446925,0.19732988,0.29411003,0.50856006,2
lYwgLa4R5XQ$_$1,2026,processed_po,1.0,1,0.0,2,0.0242317877709865,0.0242317877709865,0.5,0.0,0.5,3,0.5,1.097310163917268,1.239390138123173,0.8349960160446925,0.31746745,0.30753675,0.37499577,2
lkIe41StoGI$_$10,2026,processed_po,1.0,1,0.0,1,0.0,-0.140210747718811,0.5,0.0,0.5,3,0.5,1.097310163917268,1.239390138123173,0.8349960160446925,0.20996603,0.65895814,0.13107581,1
lkIe41StoGI$_$3,2026,processed_po,1.0,2,0.6666666865348816,2,0.5174788236618042,0.5174788236618042,0.5,0.0,0.5,3,0.5,1.097310163917268,1.239390138123173,0.8349960160446925,0.04132188,0.14820361,0.8104745,2
lkIe41StoGI$_$2,2026,processed_po,1.0,2,0.6666666865348816,0,-0.0187331996858119,-0.0187331996858119,0.5,0.0,0.5,3,0.5,1.097310163917268,1.239390138123173,0.8349960160446925,0.45231727,0.23169938,0.31598333,0
lkIe41StoGI$_$8,2026,processed_po,1.0,1,0.0,1,0.0,0.0346862785518169,0.5,0.0,0.5,3,0.5,1.097310163917268,1.239390138123173,0.8349960160446925,0.08066934,0.67142683,0.24790387,1
lwL4hjhkid4$_$1,2026,processed_po,1.0,1,0.0,1,0.0,0.0377954542636871,0.5,0.0,0.5,3,0.5,1.097310163917268,1.239390138123173,0.8349960160446925,0.08904042,0.63046014,0.28049937,1
lwL4hjhkid4$_$3,2026,processed_po,1.0,2,2.0,2,0.3729396462440491,0.3729396462440491,0.5,0.0,0.5,3,0.5,1.097310163917268,1.239390138123173,0.8349960160446925,0.029396959,0.23995088,0.73065215,2
lwL4hjhkid4$_$6,2026,processed_po,1.0,2,0.3333333432674408,2,0.6250271797180176,0.6250271797180176,0.5,0.0,0.5,3,0.5,1.097310163917268,1.239390138123173,0.8349960160446925,0.05182957,0.1396173,0.80855316,2
m-7yRWZLwLY$_$0,2026,processed_po,1.0,1,0.0,2,1e-06,-0.0106243640184402,0.5,0.0,0.5,3,0.5,1.097310163917268,1.239390138123173,0.8349960160446925,0.31287852,0.29153425,0.3955872,2
mVnqP-vLpuo$_$0,2026,processed_po,1.0,2,0.6666666865348816,2,1.0157208442687988,1.0157208442687988,0.5,0.0,0.5,3,0.5,1.097310163917268,1.239390138123173,0.8349960160446925,0.008296693,0.07969614,0.91200715,2
mZ_8em_-CGc$_$7,2026,processed_po,1.0,2,0.6666666865348816,2,0.3073766231536865,0.3073766231536865,0.5,0.0,0.5,3,0.5,1.097310163917268,1.239390138123173,0.8349960160446925,0.032550573,0.3095144,0.65793496,2
mgsvwAVQAQo$_$4,2026,processed_po,1.0,2,0.3333333432674408,2,0.2175594717264175,0.2175594717264175,0.5,0.0,0.5,3,0.5,1.097310163917268,1.239390138123173,0.8349960160446925,0.26939854,0.33986866,0.39073282,2
mmg_eTDHjkk$_$5,2026,processed_po,1.0,2,0.3333333432674408,2,1e-06,-0.0607690215110778,0.5,0.0,0.5,3,0.5,1.097310163917268,1.239390138123173,0.8349960160446925,0.03108983,0.48135424,0.48755595,2
mmg_eTDHjkk$_$8,2026,processed_po,1.0,2,0.6666666865348816,1,0.0,0.0343371890485286,0.5,0.0,0.5,3,0.5,1.097310163917268,1.239390138123173,0.8349960160446925,0.042878304,0.49767318,0.45944852,2
mmg_eTDHjkk$_$15,2026,processed_po,1.0,2,1.0,2,0.0804958418011665,0.0804958418011665,0.5,0.0,0.5,3,0.5,1.097310163917268,1.239390138123173,0.8349960160446925,0.2332384,0.2307302,0.53603137,2
mzAu5gxjE-w$_$2,2026,processed_po,1.0,2,1.6666666269302368,2,1.996617078781128,1.996617078781128,0.5,0.0,0.5,3,0.5,1.097310163917268,1.239390138123173,0.8349960160446925,0.022149352,0.0169493,0.96090144,2
nFTo-Lz4Fr8$_$1,2026,processed_po,1.0,2,0.6666666865348816,2,1.4207793474197388,1.4207793474197388,0.5,0.0,0.5,3,0.5,1.097310163917268,1.239390138123173,0.8349960160446925,0.0084340945,0.078248516,0.91331744,2
nZFPKP9kBkw$_$4,2026,processed_po,1.0,1,0.0,2,1.5753182172775269,1.5753182172775269,0.5,0.0,0.5,3,0.5,1.097310163917268,1.239390138123173,0.8349960160446925,0.009452561,0.02369111,0.96685636,2
namehdJxRIM$_$1,2026,processed_po,1.0,2,0.3333333432674408,1,0.0,0.4461220800876617,0.5,0.0,0.5,3,0.5,1.097310163917268,1.239390138123173,0.8349960160446925,0.016160205,0.5169707,0.4668691,2
o2XbNJDpOlc$_$6,2026,processed_po,1.0,2,1.6666666269302368,2,0.3222929835319519,0.3222929835319519,0.5,0.0,0.5,3,0.5,1.097310163917268,1.239390138123173,0.8349960160446925,0.23486277,0.2607831,0.5043541,2
oBS-IW-BO00$_$3,2026,processed_po,1.0,1,0.0,2,0.04605009034276,0.04605009034276,0.5,0.0,0.5,3,0.5,1.097310163917268,1.239390138123173,0.8349960160446925,0.08558258,0.4329758,0.48144168,2
oHff2W51wZ8$_$1,2026,processed_po,1.0,2,1.3333333730697632,2,0.9915949702262878,0.9915949702262878,0.5,0.0,0.5,3,0.5,1.097310163917268,1.239390138123173,0.8349960160446925,0.0055212616,0.044646267,0.9498325,2
oHff2W51wZ8$_$2,2026,processed_po,1.0,2,2.0,2,1.2085967063903809,1.2085967063903809,0.5,0.0,0.5,3,0.5,1.097310163917268,1.239390138123173,0.8349960160446925,0.009593508,0.025499836,0.96490663,2
oHff2W51wZ8$_$5,2026,processed_po,1.0,2,2.6666667461395264,2,0.7659797668457031,0.7659797668457031,0.5,0.0,0.5,3,0.5,1.097310163917268,1.239390138123173,0.8349960160446925,0.005926635,0.12310084,0.8709725,2
oPlnhc0DkcU$_$1,2026,processed_po,1.0,0,-0.3333333432674408,0,-0.5666466355323792,-0.5666466355323792,0.5,0.0,0.5,3,0.5,1.097310163917268,1.239390138123173,0.8349960160446925,0.61462885,0.11301252,0.2723586,0
oZxMx8e0x2U$_$2,2026,processed_po,1.0,2,0.3333333432674408,0,-0.9864952564239502,-0.9864952564239502,0.5,0.0,0.5,3,0.5,1.097310163917268,1.239390138123173,0.8349960160446925,0.7455521,0.21389878,0.040549155,0
obGF3RfWQKE$_$24,2026,processed_po,1.0,1,0.0,0,-0.5782381892204285,-0.5782381892204285,0.5,0.0,0.5,3,0.5,1.097310163917268,1.239390138123173,0.8349960160446925,0.64718604,0.13548121,0.21733275,0
obGF3RfWQKE$_$3,2026,processed_po,1.0,2,1.3333333730697632,2,1.5773792266845703,1.5773792266845703,0.5,0.0,0.5,3,0.5,1.097310163917268,1.239390138123173,0.8349960160446925,0.03480947,0.054059196,0.9111314,2
ossKC1VrusE$_$3,2026,processed_po,1.0,2,0.6666666865348816,2,0.2468839287757873,0.2468839287757873,0.5,0.0,0.5,3,0.5,1.097310163917268,1.239390138123173,0.8349960160446925,0.014924848,0.33685303,0.6482221,2
ossKC1VrusE$_$2,2026,processed_po,1.0,2,1.6666666269302368,2,0.6421554088592529,0.6421554088592529,0.5,0.0,0.5,3,0.5,1.097310163917268,1.239390138123173,0.8349960160446925,0.014447298,0.14209533,0.8434573,2
ozA7pRW4gFM$_$7,2026,processed_po,1.0,1,0.0,0,-0.1722886115312576,-0.1722886115312576,0.5,0.0,0.5,3,0.5,1.097310163917268,1.239390138123173,0.8349960160446925,0.39480102,0.35749367,0.24770528,0
p4WmcxrXkc4$_$0,2026,processed_po,1.0,2,0.3333333432674408,2,0.5361997485160828,0.5361997485160828,0.5,0.0,0.5,3,0.5,1.097310163917268,1.239390138123173,0.8349960160446925,0.012611568,0.12549357,0.86189485,2
p7zuPEZgtY4$_$0,2026,processed_po,1.0,2,0.3333333432674408,1,0.0,-0.0872538387775421,0.5,0.0,0.5,3,0.5,1.097310163917268,1.239390138123173,0.8349960160446925,0.17498636,0.48857135,0.3364422,1
pIaEcqnzI-s$_$3,2026,processed_po,1.0,2,0.3333333432674408,2,0.3872968554496765,0.3872968554496765,0.5,0.0,0.5,3,0.5,1.097310163917268,1.239390138123173,0.8349960160446925,0.04321012,0.2712751,0.68551475,2
pIaEcqnzI-s$_$5,2026,processed_po,1.0,0,-0.3333333432674408,1,0.0,0.1943357437849044,0.5,0.0,0.5,3,0.5,1.097310163917268,1.239390138123173,0.8349960160446925,0.08822161,0.5849501,0.32682833,1
pIaEcqnzI-s$_$7,2026,processed_po,1.0,0,-0.3333333432674408,1,0.0,0.0814820751547813,0.5,0.0,0.5,3,0.5,1.097310163917268,1.239390138123173,0.8349960160446925,0.112993814,0.6805674,0.20643885,1
pIaEcqnzI-s$_$6,2026,processed_po,1.0,1,0.0,1,0.0,0.1878681182861328,0.5,0.0,0.5,3,0.5,1.097310163917268,1.239390138123173,0.8349960160446925,0.047904935,0.54620373,0.4058913,2
pQpy7RSfWzM$_$19,2026,processed_po,1.0,2,0.3333333432674408,2,1.016427993774414,1.016427993774414,0.5,0.0,0.5,3,0.5,1.097310163917268,1.239390138123173,0.8349960160446925,0.01629793,0.11670147,0.8670005,2
pQpy7RSfWzM$_$8,2026,processed_po,1.0,1,0.0,2,1e-06,-0.022331615909934,0.5,0.0,0.5,3,0.5,1.097310163917268,1.239390138123173,0.8349960160446925,0.2378564,0.2667914,0.49535212,2
pSxte-ms0t8$_$33,2026,processed_po,1.0,0,-0.3333333432674408,0,-1e-06,0.0501842759549617,0.5,0.0,0.5,3,0.5,1.097310163917268,1.239390138123173,0.8349960160446925,0.5723062,0.0891371,0.33855668,0
pSxte-ms0t8$_$2,2026,processed_po,1.0,2,0.6666666865348816,0,-1e-06,0.1453267037868499,0.5,0.0,0.5,3,0.5,1.097310163917268,1.239390138123173,0.8349960160446925,0.47330794,0.183139,0.34355307,2
pSxte-ms0t8$_$7,2026,processed_po,1.0,0,-2.0,0,-1.673541784286499,-1.673541784286499,0.5,0.0,0.5,3,0.5,1.097310163917268,1.239390138123173,0.8349960160446925,0.9635523,0.01682967,0.019618003,0
pSxte-ms0t8$_$6,2026,processed_po,1.0,2,1.0,2,0.6339461207389832,0.6339461207389832,0.5,0.0,0.5,3,0.5,1.097310163917268,1.239390138123173,0.8349960160446925,0.10543473,0.37130097,0.5232643,2
pZye4zFzk3o$_$2,2026,processed_po,1.0,0,-0.6666666865348816,2,0.4801334738731384,0.4801334738731384,0.5,0.0,0.5,3,0.5,1.097310163917268,1.239390138123173,0.8349960160446925,0.081304036,0.2191366,0.6995594,2
pZye4zFzk3o$_$5,2026,processed_po,1.0,0,-0.6666666865348816,0,-0.7561463117599487,-0.7561463117599487,0.5,0.0,0.5,3,0.5,1.097310163917268,1.239390138123173,0.8349960160446925,0.8274295,0.08874087,0.0838297,0
pnpFPX34Agk$_$2,2026,processed_po,1.0,2,0.3333333432674408,1,0.0,0.0783935040235519,0.5,0.0,0.5,3,0.5,1.097310163917268,1.239390138123173,0.8349960160446925,0.14200851,0.46988526,0.3881063,2
q5M1God4M6Y$_$9,2026,processed_po,1.0,2,0.6666666865348816,1,0.0,0.1133773550391197,0.5,0.0,0.5,3,0.5,1.097310163917268,1.239390138123173,0.8349960160446925,0.030447448,0.66222274,0.3073298,1
qDfSYz0PX9g$_$0,2026,processed_po,1.0,0,-2.0,0,-1.4526029825210571,-1.4526029825210571,0.5,0.0,0.5,3,0.5,1.097310163917268,1.239390138123173,0.8349960160446925,0.7583619,0.028305387,0.21333268,0
qDfSYz0PX9g$_$8,2026,processed_po,1.0,0,-0.6666666865348816,0,-0.1636776328086853,-0.1636776328086853,0.5,0.0,0.5,3,0.5,1.097310163917268,1.239390138123173,0.8349960160446925,0.56347126,0.17475942,0.26176932,0
qEuJj4uW93E$_$1,2026,processed_po,1.0,1,0.0,1,0.0,0.2574943602085113,0.5,0.0,0.5,3,0.5,1.097310163917268,1.239390138123173,0.8349960160446925,0.044142704,0.49552423,0.46033305,2
qgC8_emxSIU$_$6,2026,processed_po,1.0,1,0.0,1,0.0,0.036201748996973,0.5,0.0,0.5,3,0.5,1.097310163917268,1.239390138123173,0.8349960160446925,0.047356006,0.51518846,0.43745553,2
r46amqjpWgg$_$26,2026,processed_po,1.0,2,0.6666666865348816,2,0.804058849811554,0.804058849811554,0.5,0.0,0.5,3,0.5,1.097310163917268,1.239390138123173,0.8349960160446925,0.10693093,0.11327631,0.7797927,2
r46amqjpWgg$_$22,2026,processed_po,1.0,2,0.6666666865348816,2,0.9333741664886476,0.9333741664886476,0.5,0.0,0.5,3,0.5,1.097310163917268,1.239390138123173,0.8349960160446925,0.052194,0.16412841,0.7836776,2
r46amqjpWgg$_$6,2026,processed_po,1.0,2,1.3333333730697632,2,0.5127775073051453,0.5127775073051453,0.5,0.0,0.5,3,0.5,1.097310163917268,1.239390138123173,0.8349960160446925,0.009426715,0.22127303,0.7693002,2
r46amqjpWgg$_$15,2026,processed_po,1.0,1,0.0,1,0.0,0.012645031325519,0.5,0.0,0.5,3,0.5,1.097310163917268,1.239390138123173,0.8349960160446925,0.30529273,0.43775088,0.25695643,1
r46amqjpWgg$_$32,2026,processed_po,1.0,2,1.0,2,1.6249383687973022,1.6249383687973022,0.5,0.0,0.5,3,0.5,1.097310163917268,1.239390138123173,0.8349960160446925,0.028528247,0.042702105,0.9287696,2
rcfnqiD0y8o$_$0,2026,processed_po,1.0,2,1.6666666269302368,2,2.1837687492370605,2.1837687492370605,0.5,0.0,0.5,3,0.5,1.097310163917268,1.239390138123173,0.8349960160446925,0.0081941765,0.009498628,0.9823072,2
rhQB8e999-Q$_$10,2026,processed_po,1.0,2,1.0,2,0.7087228298187256,0.7087228298187256,0.5,0.0,0.5,3,0.5,1.097310163917268,1.239390138123173,0.8349960160446925,0.02033436,0.101105,0.87856066,2
rhQB8e999-Q$_$0,2026,processed_po,1.0,2,0.6666666865348816,2,1.0057581663131714,1.0057581663131714,0.5,0.0,0.5,3,0.5,1.097310163917268,1.239390138123173,0.8349960160446925,0.0064180703,0.074541666,0.91904026,2
rhQB8e999-Q$_$5,2026,processed_po,1.0,1,0.0,2,0.6307576894760132,0.6307576894760132,0.5,0.0,0.5,3,0.5,1.097310163917268,1.239390138123173,0.8349960160446925,0.0049440903,0.107806705,0.8872492,2
rhQB8e999-Q$_$7,2026,processed_po,1.0,2,0.6666666865348816,2,0.9098662734031676,0.9098662734031676,0.5,0.0,0.5,3,0.5,1.097310163917268,1.239390138123173,0.8349960160446925,0.0053151017,0.04719356,0.94749135,2
rhQB8e999-Q$_$8,2026,processed_po,1.0,1,0.0,2,0.4436984360218048,0.4436984360218048,0.5,0.0,0.5,3,0.5,1.097310163917268,1.239390138123173,0.8349960160446925,0.0053188186,0.17431085,0.8203703,2
svsbGQn389o$_$8,2026,processed_po,1.0,0,-1.3333333730697632,0,-1.071473479270935,-1.071473479270935,0.5,0.0,0.5,3,0.5,1.097310163917268,1.239390138123173,0.8349960160446925,0.91794026,0.04188009,0.04017968,0
tC2KicUHB9Q$_$7,2026,processed_po,1.0,0,-0.3333333432674408,1,0.0,0.2393425852060318,0.5,0.0,0.5,3,0.5,1.097310163917268,1.239390138123173,0.8349960160446925,0.06338153,0.59565264,0.34096584,1
tNd3--lvSXE$_$6,2026,processed_po,1.0,2,0.6666666865348816,1,0.0,0.3620136976242065,0.5,0.0,0.5,3,0.5,1.097310163917268,1.239390138123173,0.8349960160446925,0.32204077,0.4251723,0.25278687,1
teQqaAmqqx0$_$0,2026,processed_po,1.0,1,0.0,2,0.5082433223724365,0.5082433223724365,0.5,0.0,0.5,3,0.5,1.097310163917268,1.239390138123173,0.8349960160446925,0.18433654,0.14440525,0.6712583,2
teQqaAmqqx0$_$3,2026,processed_po,1.0,1,0.0,2,0.3730560839176178,0.3730560839176178,0.5,0.0,0.5,3,0.5,1.097310163917268,1.239390138123173,0.8349960160446925,0.14994368,0.110387914,0.7396684,2
tnWmVXZ87h0$_$0,2026,processed_po,1.0,2,2.0,2,1.402796506881714,1.402796506881714,0.5,0.0,0.5,3,0.5,1.097310163917268,1.239390138123173,0.8349960160446925,0.05488556,0.047890343,0.8972241,2
tnWmVXZ87h0$_$3,2026,processed_po,1.0,2,1.6666666269302368,2,0.8686174750328064,0.8686174750328064,0.5,0.0,0.5,3,0.5,1.097310163917268,1.239390138123173,0.8349960160446925,0.3168268,0.06990262,0.61327064,2
ttfaZ8IIWCo$_$2,2026,processed_po,1.0,2,2.3333332538604736,2,0.9480485916137696,0.9480485916137696,0.5,0.0,0.5,3,0.5,1.097310163917268,1.239390138123173,0.8349960160446925,0.0067922445,0.117944114,0.87526363,2
ttfaZ8IIWCo$_$5,2026,processed_po,1.0,2,2.3333332538604736,2,1.3116546869277954,1.3116546869277954,0.5,0.0,0.5,3,0.5,1.097310163917268,1.239390138123173,0.8349960160446925,0.007391427,0.03190704,0.9607016,2
ttfaZ8IIWCo$_$4,2026,processed_po,1.0,2,2.3333332538604736,2,1.132216215133667,1.132216215133667,0.5,0.0,0.5,3,0.5,1.097310163917268,1.239390138123173,0.8349960160446925,0.0064409217,0.09409548,0.8994636,2
tymso_pAxhk$_$12,2026,processed_po,1.0,0,-1.0,2,0.2113024592399597,0.2113024592399597,0.5,0.0,0.5,3,0.5,1.097310163917268,1.239390138123173,0.8349960160446925,0.2828511,0.24420466,0.4729443,2
u9ZV8jb_-U0$_$0,2026,processed_po,1.0,0,-1.6666666269302368,0,-1.0124733448028564,-1.0124733448028564,0.5,0.0,0.5,3,0.5,1.097310163917268,1.239390138123173,0.8349960160446925,0.6833819,0.10740121,0.20921688,0
um8WVjZMLUc$_$1,2026,processed_po,1.0,1,0.0,0,-1.209669589996338,-1.209669589996338,0.5,0.0,0.5,3,0.5,1.097310163917268,1.239390138123173,0.8349960160446925,0.9608803,0.03172443,0.0073953127,0
unOeTDc2rlY$_$27,2026,processed_po,1.0,2,1.0,2,0.3326665759086609,0.3326665759086609,0.5,0.0,0.5,3,0.5,1.097310163917268,1.239390138123173,0.8349960160446925,0.20960158,0.12378087,0.6666175,2
unOeTDc2rlY$_$31,2026,processed_po,1.0,2,1.0,2,0.1250830143690109,0.1250830143690109,0.5,0.0,0.5,3,0.5,1.097310163917268,1.239390138123173,0.8349960160446925,0.1820346,0.3757361,0.44222927,2
unOeTDc2rlY$_$29,2026,processed_po,1.0,0,-0.3333333432674408,0,-0.5700086951255798,-0.5700086951255798,0.5,0.0,0.5,3,0.5,1.097310163917268,1.239390138123173,0.8349960160446925,0.5481395,0.12129168,0.33056882,0
uogwnZGb-iE$_$26,2026,processed_po,1.0,2,2.0,2,0.8036680221557617,0.8036680221557617,0.5,0.0,0.5,3,0.5,1.097310163917268,1.239390138123173,0.8349960160446925,0.05571854,0.16223644,0.78204507,2
uogwnZGb-iE$_$21,2026,processed_po,1.0,2,0.3333333432674408,2,0.3283978700637817,0.3283978700637817,0.5,0.0,0.5,3,0.5,1.097310163917268,1.239390138123173,0.8349960160446925,0.21681619,0.14923202,0.6339518,2
uogwnZGb-iE$_$22,2026,processed_po,1.0,2,2.0,2,2.092156410217285,2.092156410217285,0.5,0.0,0.5,3,0.5,1.097310163917268,1.239390138123173,0.8349960160446925,0.004150381,0.023198983,0.97265065,2
uogwnZGb-iE$_$28,2026,processed_po,1.0,2,2.3333332538604736,2,2.088574886322021,2.088574886322021,0.5,0.0,0.5,3,0.5,1.097310163917268,1.239390138123173,0.8349960160446925,0.009608249,0.023597317,0.9667945,2
uogwnZGb-iE$_$13,2026,processed_po,1.0,2,2.3333332538604736,2,1.9357749223709104,1.9357749223709104,0.5,0.0,0.5,3,0.5,1.097310163917268,1.239390138123173,0.8349960160446925,0.011035599,0.024635274,0.96432906,2
uogwnZGb-iE$_$6,2026,processed_po,1.0,2,1.0,2,1.5233402252197266,1.5233402252197266,0.5,0.0,0.5,3,0.5,1.097310163917268,1.239390138123173,0.8349960160446925,0.029317807,0.076252885,0.89442927,2
vB_kZocHtYo$_$8,2026,processed_po,1.0,1,0.0,1,0.0,-0.0174068715423345,0.5,0.0,0.5,3,0.5,1.097310163917268,1.239390138123173,0.8349960160446925,0.13479762,0.44594538,0.41925701,2
vGkIaClHKDg$_$6,2026,processed_po,1.0,2,1.3333333730697632,2,1.6896296739578247,1.6896296739578247,0.5,0.0,0.5,3,0.5,1.097310163917268,1.239390138123173,0.8349960160446925,0.008812792,0.02529641,0.9658908,2
vR90Pdx9wxs$_$3,2026,processed_po,1.0,2,0.3333333432674408,2,0.1339311152696609,0.1339311152696609,0.5,0.0,0.5,3,0.5,1.097310163917268,1.239390138123173,0.8349960160446925,0.063275225,0.42222723,0.5144976,2
v_8QeoNc4QY$_$5,2026,processed_po,1.0,2,0.3333333432674408,1,0.0,-0.2544265389442444,0.5,0.0,0.5,3,0.5,1.097310163917268,1.239390138123173,0.8349960160446925,0.27118093,0.64347064,0.08534846,1
veA6ECsGFxI$_$0,2026,processed_po,1.0,2,0.6666666865348816,2,0.5678009986877441,0.5678009986877441,0.5,0.0,0.5,3,0.5,1.097310163917268,1.239390138123173,0.8349960160446925,0.03346292,0.173028,0.79350907,2
wC_1M7KIv9s$_$24,2026,processed_po,1.0,1,0.0,2,0.2713284194469452,0.2713284194469452,0.5,0.0,0.5,3,0.5,1.097310163917268,1.239390138123173,0.8349960160446925,0.06092508,0.29983076,0.6392441,2
wC_1M7KIv9s$_$12,2026,processed_po,1.0,2,0.3333333432674408,2,0.8640758991241455,0.8640758991241455,0.5,0.0,0.5,3,0.5,1.097310163917268,1.239390138123173,0.8349960160446925,0.035035018,0.12546992,0.8394951,2
wC_1M7KIv9s$_$23,2026,processed_po,1.0,1,0.0,0,-0.4776865243911743,-0.4776865243911743,0.5,0.0,0.5,3,0.5,1.097310163917268,1.239390138123173,0.8349960160446925,0.45075938,0.37900263,0.17023803,0
wC_1M7KIv9s$_$1,2026,processed_po,1.0,2,0.6666666865348816,1,0.0,0.2237681597471237,0.5,0.0,0.5,3,0.5,1.097310163917268,1.239390138123173,0.8349960160446925,0.06441053,0.67123044,0.26435903,1
wC_1M7KIv9s$_$5,2026,processed_po,1.0,1,0.0,1,0.0,-0.0494404360651969,0.5,0.0,0.5,3,0.5,1.097310163917268,1.239390138123173,0.8349960160446925,0.14229107,0.7464381,0.11127086,1
wC_1M7KIv9s$_$25,2026,processed_po,1.0,2,2.0,2,0.638357400894165,0.638357400894165,0.5,0.0,0.5,3,0.5,1.097310163917268,1.239390138123173,0.8349960160446925,0.040225536,0.15115166,0.80862284,2
wC_1M7KIv9s$_$21,2026,processed_po,1.0,0,-0.3333333432674408,0,-0.6007580161094666,-0.6007580161094666,0.5,0.0,0.5,3,0.5,1.097310163917268,1.239390138123173,0.8349960160446925,0.67487705,0.16371787,0.16140504,0
wHeZHLv9wGI$_$12,2026,processed_po,1.0,0,-0.6666666865348816,2,0.0443973317742347,0.0443973317742347,0.5,0.0,0.5,3,0.5,1.097310163917268,1.239390138123173,0.8349960160446925,0.43345127,0.077320024,0.48922867,2
wnL3ld9bM2o$_$25,2026,processed_po,1.0,2,2.0,0,-1.3150297403335571,-1.3150297403335571,0.5,0.0,0.5,3,0.5,1.097310163917268,1.239390138123173,0.8349960160446925,0.76730573,0.058081005,0.17461322,0
wnL3ld9bM2o$_$21,2026,processed_po,1.0,2,0.3333333432674408,0,-0.7552112340927124,-0.7552112340927124,0.5,0.0,0.5,3,0.5,1.097310163917268,1.239390138123173,0.8349960160446925,0.66732734,0.22880411,0.10386855,0
wnL3ld9bM2o$_$4,2026,processed_po,1.0,2,0.3333333432674408,2,1.512188196182251,1.512188196182251,0.5,0.0,0.5,3,0.5,1.097310163917268,1.239390138123173,0.8349960160446925,0.039152816,0.04503148,0.9158157,2
wnL3ld9bM2o$_$9,2026,processed_po,1.0,2,1.0,2,0.8619951009750366,0.8619951009750366,0.5,0.0,0.5,3,0.5,1.097310163917268,1.239390138123173,0.8349960160446925,0.034454785,0.07920623,0.88633895,2
wnL3ld9bM2o$_$15,2026,processed_po,1.0,1,0.0,0,-0.3965833783149719,-0.3965833783149719,0.5,0.0,0.5,3,0.5,1.097310163917268,1.239390138123173,0.8349960160446925,0.605956,0.13914162,0.25490233,0
wnL3ld9bM2o$_$14,2026,processed_po,1.0,1,0.0,1,0.0,-0.0182154849171638,0.5,0.0,0.5,3,0.5,1.097310163917268,1.239390138123173,0.8349960160446925,0.026511583,0.84324193,0.13024645,1
wznRBN1fWj4$_$0,2026,processed_po,1.0,1,0.0,1,0.0,-0.1258959621191024,0.5,0.0,0.5,3,0.5,1.097310163917268,1.239390138123173,0.8349960160446925,0.2768766,0.5407671,0.18235633,1
wznRBN1fWj4$_$6,2026,processed_po,1.0,1,0.0,2,0.3562005162239074,0.3562005162239074,0.5,0.0,0.5,3,0.5,1.097310163917268,1.239390138123173,0.8349960160446925,0.026897633,0.1361378,0.83696455,2
x0rLwBIocuI$_$7,2026,processed_po,1.0,0,-0.6666666865348816,0,-1.155547022819519,-1.155547022819519,0.5,0.0,0.5,3,0.5,1.097310163917268,1.239390138123173,0.8349960160446925,0.90432656,0.06388384,0.031789623,0
xBE9YWYGjtk$_$7,2026,processed_po,1.0,2,2.0,2,1.4521456956863403,1.4521456956863403,0.5,0.0,0.5,3,0.5,1.097310163917268,1.239390138123173,0.8349960160446925,0.032021604,0.048136972,0.9198414,2
xSCvspXYU9k$_$19,2026,processed_po,1.0,0,-1.0,0,-0.725387454032898,-0.725387454032898,0.5,0.0,0.5,3,0.5,1.097310163917268,1.239390138123173,0.8349960160446925,0.6399543,0.17915641,0.18088931,0
xSCvspXYU9k$_$7,2026,processed_po,1.0,1,0.0,2,1.3109469413757324,1.3109469413757324,0.5,0.0,0.5,3,0.5,1.097310163917268,1.239390138123173,0.8349960160446925,0.02452205,0.08868069,0.88679725,2
xXXcgb9eZ9Y$_$7,2026,processed_po,1.0,0,-0.3333333432674408,0,-0.2046658992767334,-0.2046658992767334,0.5,0.0,0.5,3,0.5,1.097310163917268,1.239390138123173,0.8349960160446925,0.70415443,0.19621482,0.09963068,0
xmLJHru6Z1M$_$12,2026,processed_po,1.0,2,1.0,0,-0.0918996185064315,-0.0918996185064315,0.5,0.0,0.5,3,0.5,1.097310163917268,1.239390138123173,0.8349960160446925,0.35313222,0.3437661,0.30310175,2
xmLJHru6Z1M$_$14,2026,processed_po,1.0,2,1.0,0,-0.2000989317893982,-0.2000989317893982,0.5,0.0,0.5,3,0.5,1.097310163917268,1.239390138123173,0.8349960160446925,0.40934303,0.26891464,0.32174236,2
xmLJHru6Z1M$_$8,2026,processed_po,1.0,2,0.3333333432674408,2,0.3744851052761078,0.3744851052761078,0.5,0.0,0.5,3,0.5,1.097310163917268,1.239390138123173,0.8349960160446925,0.05416661,0.22226411,0.7235693,2
xobMRm5Vs44$_$1,2026,processed_po,1.0,1,0.0,2,1.1323511600494385,1.1323511600494385,0.5,0.0,0.5,3,0.5,1.097310163917268,1.239390138123173,0.8349960160446925,0.0062067164,0.033963162,0.9598301,2
yCpHmPSshKY$_$1,2026,processed_po,1.0,2,1.6666666269302368,0,-0.4186297655105591,-0.4186297655105591,0.5,0.0,0.5,3,0.5,1.097310163917268,1.239390138123173,0.8349960160446925,0.597037,0.15207504,0.25088793,0
yCpHmPSshKY$_$0,2026,processed_po,1.0,2,0.6666666865348816,2,1e-06,-0.0081022633239626,0.5,0.0,0.5,3,0.5,1.097310163917268,1.239390138123173,0.8349960160446925,0.21214135,0.38316748,0.40469122,2
yLo-Jl8nBXU$_$11,2026,processed_po,1.0,2,0.6666666865348816,2,1.440595269203186,1.440595269203186,0.5,0.0,0.5,3,0.5,1.097310163917268,1.239390138123173,0.8349960160446925,0.032267496,0.04488173,0.9228507,2
yLo-Jl8nBXU$_$0,2026,processed_po,1.0,1,0.0,0,-0.4309397935867309,-0.4309397935867309,0.5,0.0,0.5,3,0.5,1.097310163917268,1.239390138123173,0.8349960160446925,0.68657184,0.19548288,0.11794525,0
yLo-Jl8nBXU$_$6,2026,processed_po,1.0,2,1.3333333730697632,2,1.6981801986694336,1.6981801986694336,0.5,0.0,0.5,3,0.5,1.097310163917268,1.239390138123173,0.8349960160446925,0.031176183,0.03471843,0.93410534,2
ySblgk7T7eQ$_$12,2026,processed_po,1.0,0,-0.3333333432674408,2,1e-06,-0.32073974609375,0.5,0.0,0.5,3,0.5,1.097310163917268,1.239390138123173,0.8349960160446925,0.34094715,0.22060801,0.43844482,2
ySblgk7T7eQ$_$0,2026,processed_po,1.0,2,1.0,2,1.630704045295715,1.630704045295715,0.5,0.0,0.5,3,0.5,1.097310163917268,1.239390138123173,0.8349960160446925,0.010908947,0.05527297,0.93381816,2
ySblgk7T7eQ$_$4,2026,processed_po,1.0,2,0.6666666865348816,2,1e-06,-0.1056536138057708,0.5,0.0,0.5,3,0.5,1.097310163917268,1.239390138123173,0.8349960160446925,0.21617904,0.34397772,0.43984327,2
ySblgk7T7eQ$_$9,2026,processed_po,1.0,2,1.0,0,-1.5142974853515625,-1.5142974853515625,0.5,0.0,0.5,3,0.5,1.097310163917268,1.239390138123173,0.8349960160446925,0.83142143,0.11168433,0.056894183,0
yUqNp-poh9M$_$2,2026,processed_po,1.0,0,-0.3333333432674408,0,-1.228971004486084,-1.228971004486084,0.5,0.0,0.5,3,0.5,1.097310163917268,1.239390138123173,0.8349960160446925,0.85280126,0.0602087,0.08698999,0
yUqNp-poh9M$_$9,2026,processed_po,1.0,1,0.0,0,-1.7291947603225708,-1.7291947603225708,0.5,0.0,0.5,3,0.5,1.097310163917268,1.239390138123173,0.8349960160446925,0.9375185,0.028020352,0.034461115,0
ydzNAuqUAnc$_$6,2026,processed_po,1.0,0,-1.0,0,-1e-06,0.0089564956724643,0.5,0.0,0.5,3,0.5,1.097310163917268,1.239390138123173,0.8349960160446925,0.5345832,0.107679814,0.357737,0
yoDMh8FlHR8$_$0,2026,processed_po,1.0,2,1.6666666269302368,2,0.4960750341415405,0.4960750341415405,0.5,0.0,0.5,3,0.5,1.097310163917268,1.239390138123173,0.8349960160446925,0.023998898,0.23899469,0.73700637,2
yzCHa2qchpg$_$1,2026,processed_po,1.0,0,-2.0,0,-0.1314711272716522,-0.1314711272716522,0.5,0.0,0.5,3,0.5,1.097310163917268,1.239390138123173,0.8349960160446925,0.5018757,0.055700928,0.44242343,2
yzCHa2qchpg$_$2,2026,processed_po,1.0,2,1.3333333730697632,2,1.306781768798828,1.306781768798828,0.5,0.0,0.5,3,0.5,1.097310163917268,1.239390138123173,0.8349960160446925,0.0820346,0.051909838,0.86605555,2
z441aDJvAcU$_$20,2026,processed_po,1.0,2,1.0,2,1.0379451513290403,1.0379451513290403,0.5,0.0,0.5,3,0.5,1.097310163917268,1.239390138123173,0.8349960160446925,0.007563916,0.07875368,0.91368246,2
z441aDJvAcU$_$21,2026,processed_po,1.0,2,0.3333333432674408,2,1.0847301483154297,1.0847301483154297,0.5,0.0,0.5,3,0.5,1.097310163917268,1.239390138123173,0.8349960160446925,0.018198164,0.059007887,0.922794,2
z441aDJvAcU$_$22,2026,processed_po,1.0,1,0.0,0,-0.0606127381324768,-0.0606127381324768,0.5,0.0,0.5,3,0.5,1.097310163917268,1.239390138123173,0.8349960160446925,0.43835852,0.23715827,0.32448325,0
zfZUOvZZTuk$_$1,2026,processed_po,1.0,1,0.0,1,0.0,0.1201012730598449,0.5,0.0,0.5,3,0.5,1.097310163917268,1.239390138123173,0.8349960160446925,0.1577619,0.5338452,0.30839297,1
zfZUOvZZTuk$_$8,2026,processed_po,1.0,1,0.0,2,0.5581769347190857,0.5581769347190857,0.5,0.0,0.5,3,0.5,1.097310163917268,1.239390138123173,0.8349960160446925,0.14700928,0.31198093,0.5410098,2
zhNksSReaQk$_$27,2026,processed_po,1.0,1,0.0,2,0.7461861371994019,0.7461861371994019,0.5,0.0,0.5,3,0.5,1.097310163917268,1.239390138123173,0.8349960160446925,0.11488621,0.08857888,0.7965349,2
zhNksSReaQk$_$44,2026,processed_po,1.0,0,-1.0,2,0.8015673160552979,0.8015673160552979,0.5,0.0,0.5,3,0.5,1.097310163917268,1.239390138123173,0.8349960160446925,0.059151474,0.05748553,0.88336307,2
zhNksSReaQk$_$28,2026,processed_po,1.0,0,-1.0,0,-0.1517945080995559,-0.1517945080995559,0.5,0.0,0.5,3,0.5,1.097310163917268,1.239390138123173,0.8349960160446925,0.7216408,0.058087878,0.22027129,0
zhNksSReaQk$_$1,2026,processed_po,1.0,1,0.0,2,0.4173094034194946,0.4173094034194946,0.5,0.0,0.5,3,0.5,1.097310163917268,1.239390138123173,0.8349960160446925,0.19625472,0.18877923,0.6149661,2
zhNksSReaQk$_$4,2026,processed_po,1.0,0,-0.3333333432674408,0,-1.5944616794586182,-1.5944616794586182,0.5,0.0,0.5,3,0.5,1.097310163917268,1.239390138123173,0.8349960160446925,0.90682006,0.054364815,0.03881509,0
zhNksSReaQk$_$15,2026,processed_po,1.0,1,0.0,2,0.1267847418785095,0.1267847418785095,0.5,0.0,0.5,3,0.5,1.097310163917268,1.239390138123173,0.8349960160446925,0.22471671,0.2194378,0.5558455,2
zhNksSReaQk$_$36,2026,processed_po,1.0,1,0.0,0,-0.823147177696228,-0.823147177696228,0.5,0.0,0.5,3,0.5,1.097310163917268,1.239390138123173,0.8349960160446925,0.6245498,0.039626062,0.3358242,0
