id,seed,dataset,neutral_weight,true_class,true_intensity,class,intensity,raw_intensity,balance_beta,boundary_weight,boundary_margin,boundary_warmup_epochs,boundary_max_intensity,weight_negative,weight_neutral,weight_positive,p_negative,p_neutral,p_positive,baseline_class
-AUZQgSxyPQ$_$2,2026,processed_po,1.0,2,0.6666666865348816,2,1.3645148277282717,1.3645148277282717,0.5,0.03,0.5,3,0.5,1.097310163917268,1.239390138123173,0.8349960160446925,0.01065883,0.11171648,0.8776248,2
-HeZS2-Prhc$_$2,2026,processed_po,1.0,2,0.6666666865348816,0,-1e-06,0.5993685722351074,0.5,0.03,0.5,3,0.5,1.097310163917268,1.239390138123173,0.8349960160446925,0.46292555,0.08505304,0.4520214,2
-MeTTeMJBNc$_$0,2026,processed_po,1.0,2,0.3333333432674408,1,0.0,-0.0461442023515701,0.5,0.03,0.5,3,0.5,1.097310163917268,1.239390138123173,0.8349960160446925,0.08806522,0.51607996,0.39585483,2
-RfYyzHpjk4$_$2,2026,processed_po,1.0,2,0.3333333432674408,2,0.097598135471344,0.097598135471344,0.5,0.03,0.5,3,0.5,1.097310163917268,1.239390138123173,0.8349960160446925,0.40892628,0.17926204,0.41181165,2
-s9qJ7ATP7w$_$2,2026,processed_po,1.0,2,1.3333333730697632,2,1.1587632894515991,1.1587632894515991,0.5,0.03,0.5,3,0.5,1.097310163917268,1.239390138123173,0.8349960160446925,0.06788736,0.040327284,0.8917853,2
-s9qJ7ATP7w$_$5,2026,processed_po,1.0,0,-2.0,0,-1.6485471725463867,-1.6485471725463867,0.5,0.03,0.5,3,0.5,1.097310163917268,1.239390138123173,0.8349960160446925,0.9639781,0.016400479,0.019621372,0
-s9qJ7ATP7w$_$6,2026,processed_po,1.0,1,0.0,0,-1.027354717254639,-1.027354717254639,0.5,0.03,0.5,3,0.5,1.097310163917268,1.239390138123173,0.8349960160446925,0.82811356,0.11405983,0.057826664,0
-yRb-Jum7EQ$_$1,2026,processed_po,1.0,1,0.0,0,-0.5889003276824951,-0.5889003276824951,0.5,0.03,0.5,3,0.5,1.097310163917268,1.239390138123173,0.8349960160446925,0.73291296,0.14303693,0.12405018,0
0K7dCp80n9c$_$6,2026,processed_po,1.0,1,0.0,0,-0.712471604347229,-0.712471604347229,0.5,0.03,0.5,3,0.5,1.097310163917268,1.239390138123173,0.8349960160446925,0.5734763,0.31293944,0.11358422,0
0YiAKqU36KE$_$1,2026,processed_po,1.0,2,1.3333333730697632,0,-0.914431929588318,-0.914431929588318,0.5,0.03,0.5,3,0.5,1.097310163917268,1.239390138123173,0.8349960160446925,0.75048506,0.11992911,0.12958594,0
0YiAKqU36KE$_$0,2026,processed_po,1.0,0,-1.0,0,-1.453136324882507,-1.453136324882507,0.5,0.03,0.5,3,0.5,1.097310163917268,1.239390138123173,0.8349960160446925,0.9307046,0.051543523,0.017751927,0
0bxhZ-LIfZY$_$4,2026,processed_po,1.0,0,-0.3333333432674408,0,-0.7357354760169983,-0.7357354760169983,0.5,0.03,0.5,3,0.5,1.097310163917268,1.239390138123173,0.8349960160446925,0.72802466,0.06286283,0.20911252,0
100178$_$15,2026,processed_po,1.0,1,0.0,0,-0.6543700098991394,-0.6543700098991394,0.5,0.03,0.5,3,0.5,1.097310163917268,1.239390138123173,0.8349960160446925,0.5631633,0.39352304,0.043313716,0
10219$_$10,2026,processed_po,1.0,2,2.0,2,1e-06,-0.1444748491048813,0.5,0.03,0.5,3,0.5,1.097310163917268,1.239390138123173,0.8349960160446925,0.31818658,0.16167995,0.52013344,2
10219$_$1,2026,processed_po,1.0,1,0.0,1,0.0,-0.0282489620149135,0.5,0.03,0.5,3,0.5,1.097310163917268,1.239390138123173,0.8349960160446925,0.21172196,0.5455389,0.24273916,1
10219$_$5,2026,processed_po,1.0,2,1.6666666269302368,2,1.3908523321151731,1.3908523321151731,0.5,0.03,0.5,3,0.5,1.097310163917268,1.239390138123173,0.8349960160446925,0.033304352,0.0785228,0.88817275,2
102213$_$2,2026,processed_po,1.0,2,1.3333333730697632,2,1.1580125093460083,1.1580125093460083,0.5,0.03,0.5,3,0.5,1.097310163917268,1.239390138123173,0.8349960160446925,0.16016757,0.11567948,0.7241529,2
102213$_$5,2026,processed_po,1.0,0,-1.0,0,-1.9170455932617188,-1.9170455932617188,0.5,0.03,0.5,3,0.5,1.097310163917268,1.239390138123173,0.8349960160446925,0.88782644,0.041002087,0.07117144,0
102213$_$7,2026,processed_po,1.0,0,-1.0,0,-0.1903396099805832,-0.1903396099805832,0.5,0.03,0.5,3,0.5,1.097310163917268,1.239390138123173,0.8349960160446925,0.6536832,0.111938015,0.2343788,0
102389$_$5,2026,processed_po,1.0,0,-1.6666666269302368,0,-0.5345193147659302,-0.5345193147659302,0.5,0.03,0.5,3,0.5,1.097310163917268,1.239390138123173,0.8349960160446925,0.80125254,0.108458206,0.0902892,0
104741$_$0,2026,processed_po,1.0,1,0.0,1,0.0,0.0026427016127854,0.5,0.03,0.5,3,0.5,1.097310163917268,1.239390138123173,0.8349960160446925,0.050054885,0.6676519,0.28229323,1
104741$_$5,2026,processed_po,1.0,1,0.0,0,-1e-06,0.00383080705069,0.5,0.03,0.5,3,0.5,1.097310163917268,1.239390138123173,0.8349960160446925,0.4551354,0.34075442,0.20411019,0
107585$_$12,2026,processed_po,1.0,0,-2.0,0,-2.506981372833252,-2.506981372833252,0.5,0.03,0.5,3,0.5,1.097310163917268,1.239390138123173,0.8349960160446925,0.9851335,0.0075541805,0.007312325,0
107585$_$18,2026,processed_po,1.0,0,-2.0,0,-2.170970916748047,-2.170970916748047,0.5,0.03,0.5,3,0.5,1.097310163917268,1.239390138123173,0.8349960160446925,0.9717316,0.01434158,0.013926821,0
107585$_$1,2026,processed_po,1.0,0,-0.6666666865348816,2,0.7726950645446777,0.7726950645446777,0.5,0.03,0.5,3,0.5,1.097310163917268,1.239390138123173,0.8349960160446925,0.21869658,0.055734996,0.7255684,2
108146$_$3,2026,processed_po,1.0,0,-1.6666666269302368,0,-1.025320053100586,-1.025320053100586,0.5,0.03,0.5,3,0.5,1.097310163917268,1.239390138123173,0.8349960160446925,0.81908464,0.04697179,0.1339435,0
110565$_$1,2026,processed_po,1.0,0,-1.0,2,1.4420454502105713,1.4420454502105713,0.5,0.03,0.5,3,0.5,1.097310163917268,1.239390138123173,0.8349960160446925,0.1118033,0.045034267,0.8431624,2
110565$_$5,2026,processed_po,1.0,2,1.0,2,1.4974185228347778,1.4974185228347778,0.5,0.03,0.5,3,0.5,1.097310163917268,1.239390138123173,0.8349960160446925,0.09702078,0.047491677,0.8554875,2
111881$_$11,2026,processed_po,1.0,0,-1.0,0,-0.6774407029151917,-0.6774407029151917,0.5,0.03,0.5,3,0.5,1.097310163917268,1.239390138123173,0.8349960160446925,0.73897505,0.17049038,0.09053459,0
111881$_$10,2026,processed_po,1.0,0,-2.0,2,0.6989284157752991,0.6989284157752991,0.5,0.03,0.5,3,0.5,1.097310163917268,1.239390138123173,0.8349960160446925,0.33910802,0.080677114,0.58021486,2
111881$_$15,2026,processed_po,1.0,0,-2.0,0,-0.1965140700340271,-0.1965140700340271,0.5,0.03,0.5,3,0.5,1.097310163917268,1.239390138123173,0.8349960160446925,0.73993546,0.11899684,0.1410677,0
111881$_$4,2026,processed_po,1.0,0,-1.3333333730697632,0,-1e-06,0.0768104791641235,0.5,0.03,0.5,3,0.5,1.097310163917268,1.239390138123173,0.8349960160446925,0.61006415,0.040840484,0.34909537,0
111881$_$7,2026,processed_po,1.0,0,-2.0,0,-0.5552598834037781,-0.5552598834037781,0.5,0.03,0.5,3,0.5,1.097310163917268,1.239390138123173,0.8349960160446925,0.7467608,0.0840976,0.16914159,0
111881$_$6,2026,processed_po,1.0,2,0.3333333432674408,2,0.4697673320770263,0.4697673320770263,0.5,0.03,0.5,3,0.5,1.097310163917268,1.239390138123173,0.8349960160446925,0.053137947,0.33133835,0.6155237,2
112425$_$10,2026,processed_po,1.0,2,2.3333332538604736,2,0.3607863783836365,0.3607863783836365,0.5,0.03,0.5,3,0.5,1.097310163917268,1.239390138123173,0.8349960160446925,0.18358597,0.2529096,0.56350446,2
112425$_$1,2026,processed_po,1.0,2,0.6666666865348816,1,0.0,0.047412522137165,0.5,0.03,0.5,3,0.5,1.097310163917268,1.239390138123173,0.8349960160446925,0.044853967,0.7063596,0.24878642,1
112425$_$7,2026,processed_po,1.0,2,1.3333333730697632,2,1.4039192199707031,1.4039192199707031,0.5,0.03,0.5,3,0.5,1.097310163917268,1.239390138123173,0.8349960160446925,0.12683988,0.051355947,0.8218041,2
112509$_$4,2026,processed_po,1.0,0,-2.0,0,-1.5423914194107056,-1.5423914194107056,0.5,0.03,0.5,3,0.5,1.097310163917268,1.239390138123173,0.8349960160446925,0.92521876,0.053232037,0.021549195,0
116213$_$3,2026,processed_po,1.0,0,-0.6666666865348816,0,-0.3011643588542938,-0.3011643588542938,0.5,0.03,0.5,3,0.5,1.097310163917268,1.239390138123173,0.8349960160446925,0.48566163,0.41387844,0.10045995,0
121400$_$0,2026,processed_po,1.0,1,0.0,2,0.2694153487682342,0.2694153487682342,0.5,0.03,0.5,3,0.5,1.097310163917268,1.239390138123173,0.8349960160446925,0.056759134,0.44613725,0.49710363,2
126872$_$11,2026,processed_po,1.0,0,-2.0,0,-0.7025711536407471,-0.7025711536407471,0.5,0.03,0.5,3,0.5,1.097310163917268,1.239390138123173,0.8349960160446925,0.8151033,0.1314593,0.053437375,0
130366$_$11,2026,processed_po,1.0,0,-1.3333333730697632,0,-0.9823898077011108,-0.9823898077011108,0.5,0.03,0.5,3,0.5,1.097310163917268,1.239390138123173,0.8349960160446925,0.79087263,0.087211445,0.121915966,0
130366$_$2,2026,processed_po,1.0,2,0.3333333432674408,0,-0.4614891409873962,-0.4614891409873962,0.5,0.03,0.5,3,0.5,1.097310163917268,1.239390138123173,0.8349960160446925,0.48857972,0.36566165,0.14575866,0
130366$_$4,2026,processed_po,1.0,0,-0.3333333432674408,0,-0.3177822232246399,-0.3177822232246399,0.5,0.03,0.5,3,0.5,1.097310163917268,1.239390138123173,0.8349960160446925,0.5305576,0.30330974,0.1661327,0
132028$_$7,2026,processed_po,1.0,2,0.3333333432674408,2,1.3532004356384275,1.3532004356384275,0.5,0.03,0.5,3,0.5,1.097310163917268,1.239390138123173,0.8349960160446925,0.21833153,0.09002902,0.6916395,2
135623$_$5,2026,processed_po,1.0,0,-2.3333332538604736,0,-1.5998880863189695,-1.5998880863189695,0.5,0.03,0.5,3,0.5,1.097310163917268,1.239390138123173,0.8349960160446925,0.9265063,0.021625342,0.051868405,0
135623$_$8,2026,processed_po,1.0,0,-1.3333333730697632,2,1.1390208005905151,1.1390208005905151,0.5,0.03,0.5,3,0.5,1.097310163917268,1.239390138123173,0.8349960160446925,0.07325302,0.067505665,0.8592413,2
136196$_$0,2026,processed_po,1.0,2,0.3333333432674408,1,0.0,-0.0880749747157096,0.5,0.03,0.5,3,0.5,1.097310163917268,1.239390138123173,0.8349960160446925,0.023419935,0.7212411,0.255339,1
136196$_$9,2026,processed_po,1.0,0,-2.0,0,-1.5661845207214355,-1.5661845207214355,0.5,0.03,0.5,3,0.5,1.097310163917268,1.239390138123173,0.8349960160446925,0.9240121,0.048280735,0.027707094,0
136196$_$8,2026,processed_po,1.0,0,-1.6666666269302368,0,-2.14243745803833,-2.14243745803833,0.5,0.03,0.5,3,0.5,1.097310163917268,1.239390138123173,0.8349960160446925,0.9511397,0.023497585,0.025362652,0
167521$_$17,2026,processed_po,1.0,2,1.3333333730697632,0,-0.494011640548706,-0.494011640548706,0.5,0.03,0.5,3,0.5,1.097310163917268,1.239390138123173,0.8349960160446925,0.548795,0.13456921,0.31663582,0
167521$_$16,2026,processed_po,1.0,2,2.0,2,1.7006278038024902,1.7006278038024902,0.5,0.03,0.5,3,0.5,1.097310163917268,1.239390138123173,0.8349960160446925,0.0810658,0.03569556,0.8832386,2
167521$_$5,2026,processed_po,1.0,2,0.3333333432674408,0,-1.6436330080032349,-1.6436330080032349,0.5,0.03,0.5,3,0.5,1.097310163917268,1.239390138123173,0.8349960160446925,0.8854204,0.039334152,0.07524549,0
190743$_$13,2026,processed_po,1.0,0,-2.0,0,-0.8090552091598511,-0.8090552091598511,0.5,0.03,0.5,3,0.5,1.097310163917268,1.239390138123173,0.8349960160446925,0.6496463,0.106914386,0.2434393,0
190743$_$17,2026,processed_po,1.0,0,-2.0,0,-1.271364450454712,-1.271364450454712,0.5,0.03,0.5,3,0.5,1.097310163917268,1.239390138123173,0.8349960160446925,0.8060369,0.13999817,0.053964913,0
190743$_$5,2026,processed_po,1.0,0,-2.0,0,-2.2085886001586914,-2.2085886001586914,0.5,0.03,0.5,3,0.5,1.097310163917268,1.239390138123173,0.8349960160446925,0.97865385,0.012667138,0.008679062,0
194299$_$14,2026,processed_po,1.0,1,0.0,2,0.5185506343841553,0.5185506343841553,0.5,0.03,0.5,3,0.5,1.097310163917268,1.239390138123173,0.8349960160446925,0.04069701,0.4775057,0.48179728,2
194299$_$4,2026,processed_po,1.0,0,-1.0,0,-0.9358816146850586,-0.9358816146850586,0.5,0.03,0.5,3,0.5,1.097310163917268,1.239390138123173,0.8349960160446925,0.7825221,0.066522144,0.15095578,0
194299$_$9,2026,processed_po,1.0,1,0.0,1,0.0,-0.1379233300685882,0.5,0.03,0.5,3,0.5,1.097310163917268,1.239390138123173,0.8349960160446925,0.16534418,0.54655737,0.2880985,1
198112$_$12,2026,processed_po,1.0,2,2.0,2,1.4726227521896362,1.4726227521896362,0.5,0.03,0.5,3,0.5,1.097310163917268,1.239390138123173,0.8349960160446925,0.29307145,0.04247316,0.66445535,2
198112$_$0,2026,processed_po,1.0,2,0.3333333432674408,2,0.1852532476186752,0.1852532476186752,0.5,0.03,0.5,3,0.5,1.097310163917268,1.239390138123173,0.8349960160446925,0.06279672,0.39640096,0.54080236,2
198112$_$5,2026,processed_po,1.0,2,1.0,2,1.1386125087738037,1.1386125087738037,0.5,0.03,0.5,3,0.5,1.097310163917268,1.239390138123173,0.8349960160446925,0.27142492,0.1473145,0.58126056,2
198112$_$9,2026,processed_po,1.0,2,2.3333332538604736,0,-0.771713137626648,-0.771713137626648,0.5,0.03,0.5,3,0.5,1.097310163917268,1.239390138123173,0.8349960160446925,0.7886775,0.07058215,0.1407403,0
198112$_$8,2026,processed_po,1.0,2,2.0,0,-0.196851834654808,-0.196851834654808,0.5,0.03,0.5,3,0.5,1.097310163917268,1.239390138123173,0.8349960160446925,0.6641531,0.17670405,0.15914282,0
1HS2HcN2LDo$_$1,2026,processed_po,1.0,2,0.3333333432674408,2,0.4681988954544067,0.4681988954544067,0.5,0.03,0.5,3,0.5,1.097310163917268,1.239390138123173,0.8349960160446925,0.08745848,0.308299,0.6042425,2
1HS2HcN2LDo$_$9,2026,processed_po,1.0,2,1.3333333730697632,2,0.6755526065826416,0.6755526065826416,0.5,0.03,0.5,3,0.5,1.097310163917268,1.239390138123173,0.8349960160446925,0.12314351,0.27233523,0.6045212,2
1S6ji_d4OLI$_$9,2026,processed_po,1.0,2,0.6666666865348816,2,0.6111466884613037,0.6111466884613037,0.5,0.03,0.5,3,0.5,1.097310163917268,1.239390138123173,0.8349960160446925,0.07538838,0.3750157,0.54959595,2
1jogeKX0wGw$_$4,2026,processed_po,1.0,2,1.0,2,0.8224995136260986,0.8224995136260986,0.5,0.03,0.5,3,0.5,1.097310163917268,1.239390138123173,0.8349960160446925,0.0046575526,0.043030906,0.9523116,2
1pl2FVdQWj0$_$2,2026,processed_po,1.0,2,0.6666666865348816,2,0.6205400824546814,0.6205400824546814,0.5,0.03,0.5,3,0.5,1.097310163917268,1.239390138123173,0.8349960160446925,0.13106884,0.12964407,0.739287,2
200941$_$10,2026,processed_po,1.0,0,-1.0,0,-1.9746840000152588,-1.9746840000152588,0.5,0.03,0.5,3,0.5,1.097310163917268,1.239390138123173,0.8349960160446925,0.97942996,0.007300963,0.0132691,0
202826$_$10,2026,processed_po,1.0,0,-1.6666666269302368,0,-1e-06,0.3140048384666443,0.5,0.03,0.5,3,0.5,1.097310163917268,1.239390138123173,0.8349960160446925,0.5828732,0.11803425,0.29909256,0
202826$_$7,2026,processed_po,1.0,2,1.0,2,0.7213291525840759,0.7213291525840759,0.5,0.03,0.5,3,0.5,1.097310163917268,1.239390138123173,0.8349960160446925,0.28619602,0.17079309,0.5430109,2
206585$_$3,2026,processed_po,1.0,1,0.0,2,0.1771183609962463,0.1771183609962463,0.5,0.03,0.5,3,0.5,1.097310163917268,1.239390138123173,0.8349960160446925,0.11185868,0.32062232,0.56751895,2
208322$_$12,2026,processed_po,1.0,0,-2.3333332538604736,2,0.8273448944091797,0.8273448944091797,0.5,0.03,0.5,3,0.5,1.097310163917268,1.239390138123173,0.8349960160446925,0.15761188,0.08783964,0.75454855,2
208592$_$2,2026,processed_po,1.0,1,0.0,1,0.0,-0.0288091115653514,0.5,0.03,0.5,3,0.5,1.097310163917268,1.239390138123173,0.8349960160446925,0.024576956,0.84910345,0.12631962,1
208592$_$9,2026,processed_po,1.0,0,-2.6666667461395264,0,-1.1591308116912842,-1.1591308116912842,0.5,0.03,0.5,3,0.5,1.097310163917268,1.239390138123173,0.8349960160446925,0.86202174,0.09094343,0.04703473,0
209758$_$15,2026,processed_po,1.0,2,1.3333333730697632,2,0.1015454605221748,0.1015454605221748,0.5,0.03,0.5,3,0.5,1.097310163917268,1.239390138123173,0.8349960160446925,0.08382002,0.13169809,0.7844818,2
209758$_$3,2026,processed_po,1.0,1,0.0,2,0.1563560515642166,0.1563560515642166,0.5,0.03,0.5,3,0.5,1.097310163917268,1.239390138123173,0.8349960160446925,0.09866808,0.19734055,0.7039914,2
209758$_$5,2026,processed_po,1.0,1,0.0,1,0.0,0.0339878238737583,0.5,0.03,0.5,3,0.5,1.097310163917268,1.239390138123173,0.8349960160446925,0.06963149,0.5665675,0.36380106,1
20LfN8ENbhM$_$1,2026,processed_po,1.0,2,2.0,2,1.485220432281494,1.485220432281494,0.5,0.03,0.5,3,0.5,1.097310163917268,1.239390138123173,0.8349960160446925,0.01710708,0.024818644,0.9580744,2
210259$_$11,2026,processed_po,1.0,0,-3.0,0,-2.2400026321411133,-2.2400026321411133,0.5,0.03,0.5,3,0.5,1.097310163917268,1.239390138123173,0.8349960160446925,0.9345615,0.040157724,0.025280796,0
210259$_$16,2026,processed_po,1.0,0,-2.3333332538604736,0,-2.152076244354248,-2.152076244354248,0.5,0.03,0.5,3,0.5,1.097310163917268,1.239390138123173,0.8349960160446925,0.97153735,0.019740554,0.008722178,0
210259$_$0,2026,processed_po,1.0,1,0.0,1,0.0,0.0558399148285388,0.5,0.03,0.5,3,0.5,1.097310163917268,1.239390138123173,0.8349960160446925,0.038258232,0.58872867,0.3730131,1
210259$_$8,2026,processed_po,1.0,0,-2.3333332538604736,0,-2.267153739929199,-2.267153739929199,0.5,0.03,0.5,3,0.5,1.097310163917268,1.239390138123173,0.8349960160446925,0.98879445,0.006115713,0.0050898343,0
210433$_$0,2026,processed_po,1.0,1,0.0,1,0.0,0.0258950237184762,0.5,0.03,0.5,3,0.5,1.097310163917268,1.239390138123173,0.8349960160446925,0.1262031,0.64204115,0.23175572,1
210433$_$7,2026,processed_po,1.0,0,-2.0,0,-2.2245001792907715,-2.2245001792907715,0.5,0.03,0.5,3,0.5,1.097310163917268,1.239390138123173,0.8349960160446925,0.9682567,0.012601174,0.019142091,0
211875$_$4,2026,processed_po,1.0,0,-1.6666666269302368,2,1.427950382232666,1.427950382232666,0.5,0.03,0.5,3,0.5,1.097310163917268,1.239390138123173,0.8349960160446925,0.06256091,0.12429417,0.8131449,2
211875$_$8,2026,processed_po,1.0,0,-1.3333333730697632,0,-0.8463190197944641,-0.8463190197944641,0.5,0.03,0.5,3,0.5,1.097310163917268,1.239390138123173,0.8349960160446925,0.55645984,0.2790156,0.16452456,0
213327$_$6,2026,processed_po,1.0,0,-2.3333332538604736,0,-0.8668663501739502,-0.8668663501739502,0.5,0.03,0.5,3,0.5,1.097310163917268,1.239390138123173,0.8349960160446925,0.6876678,0.15786304,0.15446913,0
213327$_$8,2026,processed_po,1.0,0,-2.0,0,-0.8535759449005127,-0.8535759449005127,0.5,0.03,0.5,3,0.5,1.097310163917268,1.239390138123173,0.8349960160446925,0.64551926,0.16672516,0.18775557,0
215318$_$12,2026,processed_po,1.0,1,0.0,0,-0.5214508771896362,-0.5214508771896362,0.5,0.03,0.5,3,0.5,1.097310163917268,1.239390138123173,0.8349960160446925,0.59667397,0.2714927,0.13183333,0
221137$_$2,2026,processed_po,1.0,1,0.0,0,-0.0279007963836193,-0.0279007963836193,0.5,0.03,0.5,3,0.5,1.097310163917268,1.239390138123173,0.8349960160446925,0.41148803,0.37450877,0.21400319,0
221137$_$5,2026,processed_po,1.0,0,-2.0,0,-1.4574577808380127,-1.4574577808380127,0.5,0.03,0.5,3,0.5,1.097310163917268,1.239390138123173,0.8349960160446925,0.93169385,0.036133047,0.03217309,0
221153$_$14,2026,processed_po,1.0,0,-1.6666666269302368,0,-1.315036058425903,-1.315036058425903,0.5,0.03,0.5,3,0.5,1.097310163917268,1.239390138123173,0.8349960160446925,0.94181925,0.03721814,0.020962637,0
221153$_$16,2026,processed_po,1.0,0,-0.6666666865348816,0,-0.3661316633224487,-0.3661316633224487,0.5,0.03,0.5,3,0.5,1.097310163917268,1.239390138123173,0.8349960160446925,0.8250948,0.07316538,0.10173972,0
221153$_$6,2026,processed_po,1.0,1,0.0,1,0.0,-0.5239779949188232,0.5,0.03,0.5,3,0.5,1.097310163917268,1.239390138123173,0.8349960160446925,0.25294805,0.6491306,0.097921334,1
221153$_$20,2026,processed_po,1.0,2,0.3333333432674408,1,0.0,0.0305018685758113,0.5,0.03,0.5,3,0.5,1.097310163917268,1.239390138123173,0.8349960160446925,0.2500229,0.5867653,0.16321178,1
22373$_$10,2026,processed_po,1.0,0,-2.6666667461395264,0,-1.495426058769226,-1.495426058769226,0.5,0.03,0.5,3,0.5,1.097310163917268,1.239390138123173,0.8349960160446925,0.9334907,0.022677336,0.043831933,0
22373$_$1,2026,processed_po,1.0,1,0.0,1,0.0,-0.2316502332687378,0.5,0.03,0.5,3,0.5,1.097310163917268,1.239390138123173,0.8349960160446925,0.12839897,0.82129854,0.050302476,1
22373$_$2,2026,processed_po,1.0,0,-2.3333332538604736,0,-0.5348602533340454,-0.5348602533340454,0.5,0.03,0.5,3,0.5,1.097310163917268,1.239390138123173,0.8349960160446925,0.64922523,0.122917086,0.22785771,0
22373$_$7,2026,processed_po,1.0,1,0.0,0,-0.7626648545265198,-0.7626648545265198,0.5,0.03,0.5,3,0.5,1.097310163917268,1.239390138123173,0.8349960160446925,0.68431777,0.21636872,0.09931348,0
224263$_$13,2026,processed_po,1.0,2,0.6666666865348816,2,1.7551782131195068,1.7551782131195068,0.5,0.03,0.5,3,0.5,1.097310163917268,1.239390138123173,0.8349960160446925,0.019459568,0.044094387,0.9364461,2
224263$_$14,2026,processed_po,1.0,0,-2.3333332538604736,0,-0.9303011298179626,-0.9303011298179626,0.5,0.03,0.5,3,0.5,1.097310163917268,1.239390138123173,0.8349960160446925,0.88926023,0.062689155,0.04805063,0
224263$_$3,2026,processed_po,1.0,0,-2.3333332538604736,0,-1.979644060134888,-1.979644060134888,0.5,0.03,0.5,3,0.5,1.097310163917268,1.239390138123173,0.8349960160446925,0.9877878,0.0068586622,0.0053536003,0
224370$_$3,2026,processed_po,1.0,0,-2.0,0,-0.8672182559967041,-0.8672182559967041,0.5,0.03,0.5,3,0.5,1.097310163917268,1.239390138123173,0.8349960160446925,0.8738133,0.10162401,0.024562677,0
224370$_$5,2026,processed_po,1.0,0,-2.6666667461395264,2,0.2968160808086395,0.2968160808086395,0.5,0.03,0.5,3,0.5,1.097310163917268,1.239390138123173,0.8349960160446925,0.23780012,0.2945611,0.46763876,2
224370$_$11,2026,processed_po,1.0,2,0.3333333432674408,0,-1e-06,0.1308058202266693,0.5,0.03,0.5,3,0.5,1.097310163917268,1.239390138123173,0.8349960160446925,0.51798636,0.24589616,0.23611751,0
224370$_$15,2026,processed_po,1.0,0,-1.6666666269302368,0,-1.1665419340133667,-1.1665419340133667,0.5,0.03,0.5,3,0.5,1.097310163917268,1.239390138123173,0.8349960160446925,0.8304081,0.1292754,0.040316496,0
224631$_$5,2026,processed_po,1.0,2,0.3333333432674408,2,0.2723986208438873,0.2723986208438873,0.5,0.03,0.5,3,0.5,1.097310163917268,1.239390138123173,0.8349960160446925,0.058206916,0.338646,0.6031471,2
226601$_$11,2026,processed_po,1.0,0,-1.3333333730697632,0,-1.856106519699097,-1.856106519699097,0.5,0.03,0.5,3,0.5,1.097310163917268,1.239390138123173,0.8349960160446925,0.881692,0.10119548,0.017112523,0
226601$_$18,2026,processed_po,1.0,0,-2.0,0,-1.570812702178955,-1.570812702178955,0.5,0.03,0.5,3,0.5,1.097310163917268,1.239390138123173,0.8349960160446925,0.83026636,0.077290684,0.09244291,0
226601$_$0,2026,processed_po,1.0,2,0.3333333432674408,1,0.0,0.0390564873814582,0.5,0.03,0.5,3,0.5,1.097310163917268,1.239390138123173,0.8349960160446925,0.09324943,0.7459393,0.16081126,1
226640$_$9,2026,processed_po,1.0,1,0.0,2,0.6995586156845093,0.6995586156845093,0.5,0.03,0.5,3,0.5,1.097310163917268,1.239390138123173,0.8349960160446925,0.23384589,0.061929088,0.704225,2
22689$_$1,2026,processed_po,1.0,0,-2.0,0,-1.366440773010254,-1.366440773010254,0.5,0.03,0.5,3,0.5,1.097310163917268,1.239390138123173,0.8349960160446925,0.73626375,0.05167537,0.21206087,0
22689$_$0,2026,processed_po,1.0,1,0.0,1,0.0,-0.3392391204833984,0.5,0.03,0.5,3,0.5,1.097310163917268,1.239390138123173,0.8349960160446925,0.22952531,0.597679,0.17279567,1
234046$_$1,2026,processed_po,1.0,1,0.0,1,0.0,-0.0823346152901649,0.5,0.03,0.5,3,0.5,1.097310163917268,1.239390138123173,0.8349960160446925,0.14959636,0.77957404,0.07082965,1
236442$_$3,2026,processed_po,1.0,0,-1.3333333730697632,0,-1e-06,0.0316063724458217,0.5,0.03,0.5,3,0.5,1.097310163917268,1.239390138123173,0.8349960160446925,0.451885,0.24706118,0.30105385,0
23656$_$1,2026,processed_po,1.0,1,0.0,2,0.2311775982379913,0.2311775982379913,0.5,0.03,0.5,3,0.5,1.097310163917268,1.239390138123173,0.8349960160446925,0.10343377,0.36225894,0.5343073,2
23656$_$0,2026,processed_po,1.0,2,0.3333333432674408,1,0.0,0.3358997106552124,0.5,0.03,0.5,3,0.5,1.097310163917268,1.239390138123173,0.8349960160446925,0.02859823,0.70011806,0.2712837,1
23656$_$2,2026,processed_po,1.0,2,1.0,2,0.7580186128616333,0.7580186128616333,0.5,0.03,0.5,3,0.5,1.097310163917268,1.239390138123173,0.8349960160446925,0.034165412,0.07108143,0.89475316,2
23656$_$7,2026,processed_po,1.0,0,-2.0,0,-0.3646095693111419,-0.3646095693111419,0.5,0.03,0.5,3,0.5,1.097310163917268,1.239390138123173,0.8349960160446925,0.48978245,0.21796744,0.29225013,0
23656$_$9,2026,processed_po,1.0,0,-1.3333333730697632,0,-1.1847691535949707,-1.1847691535949707,0.5,0.03,0.5,3,0.5,1.097310163917268,1.239390138123173,0.8349960160446925,0.8027455,0.13067396,0.066580534,0
23656$_$15,2026,processed_po,1.0,2,0.3333333432674408,2,1.0080547332763672,1.0080547332763672,0.5,0.03,0.5,3,0.5,1.097310163917268,1.239390138123173,0.8349960160446925,0.011287269,0.062375307,0.9263374,2
237363$_$10,2026,processed_po,1.0,1,0.0,0,-0.6382901668548584,-0.6382901668548584,0.5,0.03,0.5,3,0.5,1.097310163917268,1.239390138123173,0.8349960160446925,0.6722328,0.30161127,0.02615591,0
237363$_$4,2026,processed_po,1.0,1,0.0,1,0.0,-0.0157777369022369,0.5,0.03,0.5,3,0.5,1.097310163917268,1.239390138123173,0.8349960160446925,0.11413631,0.710145,0.17571864,1
238063$_$15,2026,processed_po,1.0,0,-1.3333333730697632,0,-1.8460628986358645,-1.8460628986358645,0.5,0.03,0.5,3,0.5,1.097310163917268,1.239390138123173,0.8349960160446925,0.92909837,0.021915585,0.04898596,0
238063$_$17,2026,processed_po,1.0,2,1.0,0,-0.5898430943489075,-0.5898430943489075,0.5,0.03,0.5,3,0.5,1.097310163917268,1.239390138123173,0.8349960160446925,0.55356914,0.184853,0.2615778,0
238063$_$16,2026,processed_po,1.0,0,-1.0,2,1.370038390159607,1.370038390159607,0.5,0.03,0.5,3,0.5,1.097310163917268,1.239390138123173,0.8349960160446925,0.25277963,0.061823394,0.68539697,2
238063$_$7,2026,processed_po,1.0,0,-0.3333333432674408,0,-0.8016926050186157,-0.8016926050186157,0.5,0.03,0.5,3,0.5,1.097310163917268,1.239390138123173,0.8349960160446925,0.73952585,0.10177147,0.15870267,0
24196$_$0,2026,processed_po,1.0,2,0.3333333432674408,1,0.0,0.3766950964927673,0.5,0.03,0.5,3,0.5,1.097310163917268,1.239390138123173,0.8349960160446925,0.0729278,0.75238264,0.17468955,1
24196$_$3,2026,processed_po,1.0,0,-0.3333333432674408,0,-2.1464881896972656,-2.1464881896972656,0.5,0.03,0.5,3,0.5,1.097310163917268,1.239390138123173,0.8349960160446925,0.97773355,0.017288735,0.004977689,0
243981$_$10,2026,processed_po,1.0,0,-2.3333332538604736,0,-2.2582335472106934,-2.2582335472106934,0.5,0.03,0.5,3,0.5,1.097310163917268,1.239390138123173,0.8349960160446925,0.9566171,0.019171307,0.024211535,0
243981$_$1,2026,processed_po,1.0,1,0.0,2,0.0763403177261352,0.0763403177261352,0.5,0.03,0.5,3,0.5,1.097310163917268,1.239390138123173,0.8349960160446925,0.20740172,0.17547056,0.6171277,2
243981$_$4,2026,processed_po,1.0,0,-2.3333332538604736,0,-1.259164571762085,-1.259164571762085,0.5,0.03,0.5,3,0.5,1.097310163917268,1.239390138123173,0.8349960160446925,0.8310197,0.062980525,0.105999775,0
243981$_$6,2026,processed_po,1.0,0,-2.0,0,-1.2386422157287598,-1.2386422157287598,0.5,0.03,0.5,3,0.5,1.097310163917268,1.239390138123173,0.8349960160446925,0.79778796,0.045770593,0.15644145,0
24504$_$10,2026,processed_po,1.0,2,0.6666666865348816,2,0.6193053126335144,0.6193053126335144,0.5,0.03,0.5,3,0.5,1.097310163917268,1.239390138123173,0.8349960160446925,0.085797474,0.3453644,0.5688381,2
245582$_$11,2026,processed_po,1.0,0,-1.6666666269302368,0,-2.0882701873779297,-2.0882701873779297,0.5,0.03,0.5,3,0.5,1.097310163917268,1.239390138123173,0.8349960160446925,0.9652385,0.015403093,0.01935838,0
245582$_$13,2026,processed_po,1.0,2,0.3333333432674408,2,0.4554145038127899,0.4554145038127899,0.5,0.03,0.5,3,0.5,1.097310163917268,1.239390138123173,0.8349960160446925,0.30705217,0.24947922,0.4434685,2
245582$_$16,2026,processed_po,1.0,2,1.0,0,-2.0524699687957764,-2.0524699687957764,0.5,0.03,0.5,3,0.5,1.097310163917268,1.239390138123173,0.8349960160446925,0.97231174,0.016257018,0.0114312135,0
245582$_$4,2026,processed_po,1.0,0,-1.3333333730697632,0,-1.926427960395813,-1.926427960395813,0.5,0.03,0.5,3,0.5,1.097310163917268,1.239390138123173,0.8349960160446925,0.93679255,0.023499493,0.03970794,0
252097$_$12,2026,processed_po,1.0,0,-2.3333332538604736,0,-1.9723953008651731,-1.9723953008651731,0.5,0.03,0.5,3,0.5,1.097310163917268,1.239390138123173,0.8349960160446925,0.9685259,0.0111192195,0.02035494,0
252097$_$4,2026,processed_po,1.0,0,-1.3333333730697632,0,-2.029158115386963,-2.029158115386963,0.5,0.03,0.5,3,0.5,1.097310163917268,1.239390138123173,0.8349960160446925,0.96768606,0.012738274,0.019575683,0
252912$_$13,2026,processed_po,1.0,0,-1.6666666269302368,0,-1.6610150337219238,-1.6610150337219238,0.5,0.03,0.5,3,0.5,1.097310163917268,1.239390138123173,0.8349960160446925,0.8710425,0.05205485,0.07690266,0
257277$_$1,2026,processed_po,1.0,2,0.3333333432674408,2,0.0547725036740303,0.0547725036740303,0.5,0.03,0.5,3,0.5,1.097310163917268,1.239390138123173,0.8349960160446925,0.14253154,0.344328,0.5131405,2
257277$_$3,2026,processed_po,1.0,2,1.0,1,0.0,-0.1674955338239669,0.5,0.03,0.5,3,0.5,1.097310163917268,1.239390138123173,0.8349960160446925,0.36935782,0.5130145,0.11762767,1
257277$_$5,2026,processed_po,1.0,0,-2.0,1,0.0,-0.3204949796199798,0.5,0.03,0.5,3,0.5,1.097310163917268,1.239390138123173,0.8349960160446925,0.33829692,0.58419704,0.07750602,1
257534$_$4,2026,processed_po,1.0,1,0.0,1,0.0,-0.1521987468004226,0.5,0.03,0.5,3,0.5,1.097310163917268,1.239390138123173,0.8349960160446925,0.14011432,0.7819346,0.07795103,1
267466$_$24,2026,processed_po,1.0,2,0.6666666865348816,0,-0.1943695843219757,-0.1943695843219757,0.5,0.03,0.5,3,0.5,1.097310163917268,1.239390138123173,0.8349960160446925,0.4452763,0.2611993,0.2935244,0
267466$_$44,2026,processed_po,1.0,0,-2.6666667461395264,0,-1.7029463052749634,-1.7029463052749634,0.5,0.03,0.5,3,0.5,1.097310163917268,1.239390138123173,0.8349960160446925,0.80840707,0.13987707,0.051715877,0
267466$_$42,2026,processed_po,1.0,0,-2.3333332538604736,0,-1.780118107795715,-1.780118107795715,0.5,0.03,0.5,3,0.5,1.097310163917268,1.239390138123173,0.8349960160446925,0.9229324,0.036839865,0.04022775,0
267466$_$9,2026,processed_po,1.0,0,-1.0,0,-0.3190773129463196,-0.3190773129463196,0.5,0.03,0.5,3,0.5,1.097310163917268,1.239390138123173,0.8349960160446925,0.50296706,0.40615934,0.09087366,0
267466$_$13,2026,processed_po,1.0,1,0.0,1,0.0,-0.0733816027641296,0.5,0.03,0.5,3,0.5,1.097310163917268,1.239390138123173,0.8349960160446925,0.3166319,0.5879461,0.095421925,1
267466$_$38,2026,processed_po,1.0,1,0.0,0,-1.3486765623092651,-1.3486765623092651,0.5,0.03,0.5,3,0.5,1.097310163917268,1.239390138123173,0.8349960160446925,0.9207637,0.057746455,0.021489797,0
267466$_$35,2026,processed_po,1.0,0,-1.0,0,-1.7476062774658203,-1.7476062774658203,0.5,0.03,0.5,3,0.5,1.097310163917268,1.239390138123173,0.8349960160446925,0.927777,0.024909154,0.047313917,0
267466$_$34,2026,processed_po,1.0,0,-2.3333332538604736,0,-2.0907974243164062,-2.0907974243164062,0.5,0.03,0.5,3,0.5,1.097310163917268,1.239390138123173,0.8349960160446925,0.921874,0.04010149,0.038024582,0
267694$_$14,2026,processed_po,1.0,0,-2.3333332538604736,0,-2.10801100730896,-2.10801100730896,0.5,0.03,0.5,3,0.5,1.097310163917268,1.239390138123173,0.8349960160446925,0.95193994,0.029599737,0.018460384,0
267694$_$16,2026,processed_po,1.0,0,-1.0,0,-0.7015965580940247,-0.7015965580940247,0.5,0.03,0.5,3,0.5,1.097310163917268,1.239390138123173,0.8349960160446925,0.61907804,0.32643068,0.054491278,0
267694$_$3,2026,processed_po,1.0,0,-0.3333333432674408,0,-1.7495274543762207,-1.7495274543762207,0.5,0.03,0.5,3,0.5,1.097310163917268,1.239390138123173,0.8349960160446925,0.8995452,0.08513691,0.015317868,0
267694$_$5,2026,processed_po,1.0,1,0.0,1,0.0,-0.1613976061344146,0.5,0.03,0.5,3,0.5,1.097310163917268,1.239390138123173,0.8349960160446925,0.18473178,0.439248,0.37602022,2
267694$_$4,2026,processed_po,1.0,1,0.0,0,-0.7285205125808716,-0.7285205125808716,0.5,0.03,0.5,3,0.5,1.097310163917268,1.239390138123173,0.8349960160446925,0.4929395,0.2882622,0.21879835,0
267694$_$7,2026,processed_po,1.0,0,-2.0,0,-2.104818344116211,-2.104818344116211,0.5,0.03,0.5,3,0.5,1.097310163917268,1.239390138123173,0.8349960160446925,0.9650567,0.017522097,0.017421197,0
267694$_$6,2026,processed_po,1.0,0,-1.6666666269302368,0,-2.049660444259644,-2.049660444259644,0.5,0.03,0.5,3,0.5,1.097310163917268,1.239390138123173,0.8349960160446925,0.93011564,0.031941652,0.037942693,0
273207$_$0,2026,processed_po,1.0,1,0.0,1,0.0,-0.0529249832034111,0.5,0.03,0.5,3,0.5,1.097310163917268,1.239390138123173,0.8349960160446925,0.046942666,0.8486048,0.10445251,1
273207$_$5,2026,processed_po,1.0,2,0.3333333432674408,0,-1.3287887573242188,-1.3287887573242188,0.5,0.03,0.5,3,0.5,1.097310163917268,1.239390138123173,0.8349960160446925,0.61900866,0.21108778,0.16990358,0
273207$_$7,2026,processed_po,1.0,0,-0.3333333432674408,0,-2.299047946929932,-2.299047946929932,0.5,0.03,0.5,3,0.5,1.097310163917268,1.239390138123173,0.8349960160446925,0.95534563,0.03789687,0.006757515,0
273207$_$9,2026,processed_po,1.0,0,-0.3333333432674408,2,0.6493069529533386,0.6493069529533386,0.5,0.03,0.5,3,0.5,1.097310163917268,1.239390138123173,0.8349960160446925,0.07772261,0.28715608,0.63512135,2
273250$_$20,2026,processed_po,1.0,0,-0.3333333432674408,0,-0.7276621460914612,-0.7276621460914612,0.5,0.03,0.5,3,0.5,1.097310163917268,1.239390138123173,0.8349960160446925,0.55258906,0.3153264,0.1320845,0
273250$_$3,2026,processed_po,1.0,0,-0.6666666865348816,1,0.0,-0.7476293444633484,0.5,0.03,0.5,3,0.5,1.097310163917268,1.239390138123173,0.8349960160446925,0.42362827,0.5197799,0.05659176,1
273250$_$7,2026,processed_po,1.0,0,-0.3333333432674408,1,0.0,0.0973322987556457,0.5,0.03,0.5,3,0.5,1.097310163917268,1.239390138123173,0.8349960160446925,0.10995238,0.63693506,0.25311255,1
273250$_$11,2026,processed_po,1.0,0,-1.3333333730697632,1,0.0,-0.0844817832112312,0.5,0.03,0.5,3,0.5,1.097310163917268,1.239390138123173,0.8349960160446925,0.16174677,0.62583077,0.21242246,1
273250$_$12,2026,processed_po,1.0,0,-2.6666667461395264,1,0.0,-0.2342686504125595,0.5,0.03,0.5,3,0.5,1.097310163917268,1.239390138123173,0.8349960160446925,0.18553342,0.6139179,0.20054868,1
273250$_$16,2026,processed_po,1.0,0,-2.3333332538604736,1,0.0,-0.2972967028617859,0.5,0.03,0.5,3,0.5,1.097310163917268,1.239390138123173,0.8349960160446925,0.28969344,0.42215434,0.28815222,2
273250$_$19,2026,processed_po,1.0,1,0.0,0,-0.266888827085495,-0.266888827085495,0.5,0.03,0.5,3,0.5,1.097310163917268,1.239390138123173,0.8349960160446925,0.5262427,0.29449123,0.17926611,0
275267$_$5,2026,processed_po,1.0,1,0.0,0,-1.488114595413208,-1.488114595413208,0.5,0.03,0.5,3,0.5,1.097310163917268,1.239390138123173,0.8349960160446925,0.7682525,0.19496529,0.03678227,0
27v7Blr0vjw$_$0,2026,processed_po,1.0,0,-0.3333333432674408,1,0.0,0.1233260706067085,0.5,0.03,0.5,3,0.5,1.097310163917268,1.239390138123173,0.8349960160446925,0.12884222,0.48154145,0.3896163,2
27v7Blr0vjw$_$3,2026,processed_po,1.0,1,0.0,2,0.401679128408432,0.401679128408432,0.5,0.03,0.5,3,0.5,1.097310163917268,1.239390138123173,0.8349960160446925,0.04097114,0.38984188,0.569187,2
28006$_$22,2026,processed_po,1.0,0,-2.3333332538604736,0,-1.5340436697006226,-1.5340436697006226,0.5,0.03,0.5,3,0.5,1.097310163917268,1.239390138123173,0.8349960160446925,0.89980435,0.033729184,0.06646643,0
28006$_$0,2026,processed_po,1.0,0,-2.6666667461395264,1,0.0,-0.7018768787384033,0.5,0.03,0.5,3,0.5,1.097310163917268,1.239390138123173,0.8349960160446925,0.4189085,0.42580855,0.15528296,0
28006$_$5,2026,processed_po,1.0,0,-1.6666666269302368,0,-1.360360026359558,-1.360360026359558,0.5,0.03,0.5,3,0.5,1.097310163917268,1.239390138123173,0.8349960160446925,0.7861128,0.16567421,0.04821306,0
28006$_$7,2026,processed_po,1.0,0,-2.3333332538604736,0,-1.7139842510223389,-1.7139842510223389,0.5,0.03,0.5,3,0.5,1.097310163917268,1.239390138123173,0.8349960160446925,0.94455117,0.03011976,0.025329128,0
28006$_$13,2026,processed_po,1.0,0,-2.3333332538604736,0,-1.5158281326293943,-1.5158281326293943,0.5,0.03,0.5,3,0.5,1.097310163917268,1.239390138123173,0.8349960160446925,0.8317134,0.050274376,0.1180122,0
28006$_$15,2026,processed_po,1.0,0,-1.6666666269302368,0,-1.932071685791016,-1.932071685791016,0.5,0.03,0.5,3,0.5,1.097310163917268,1.239390138123173,0.8349960160446925,0.9774099,0.012724252,0.009865753,0
28006$_$17,2026,processed_po,1.0,0,-2.0,1,0.0,-0.2417060583829879,0.5,0.03,0.5,3,0.5,1.097310163917268,1.239390138123173,0.8349960160446925,0.34649393,0.4952986,0.15820749,1
28006$_$16,2026,processed_po,1.0,0,-1.3333333730697632,0,-1.7532602548599243,-1.7532602548599243,0.5,0.03,0.5,3,0.5,1.097310163917268,1.239390138123173,0.8349960160446925,0.88373977,0.07528903,0.040971197,0
286943$_$5,2026,processed_po,1.0,0,-1.3333333730697632,0,-1.048110008239746,-1.048110008239746,0.5,0.03,0.5,3,0.5,1.097310163917268,1.239390138123173,0.8349960160446925,0.8303581,0.04340467,0.12623727,0
29751$_$10,2026,processed_po,1.0,1,0.0,0,-0.4783779382705688,-0.4783779382705688,0.5,0.03,0.5,3,0.5,1.097310163917268,1.239390138123173,0.8349960160446925,0.6005025,0.26677477,0.13272275,0
29751$_$1,2026,processed_po,1.0,1,0.0,1,0.0,0.1250717788934707,0.5,0.03,0.5,3,0.5,1.097310163917268,1.239390138123173,0.8349960160446925,0.043919608,0.7716281,0.1844523,1
29751$_$9,2026,processed_po,1.0,1,0.0,0,-0.8699827194213867,-0.8699827194213867,0.5,0.03,0.5,3,0.5,1.097310163917268,1.239390138123173,0.8349960160446925,0.79406476,0.18387038,0.022064876,0
2BuFtglEcaY$_$11,2026,processed_po,1.0,2,2.3333332538604736,2,1.0774973630905151,1.0774973630905151,0.5,0.03,0.5,3,0.5,1.097310163917268,1.239390138123173,0.8349960160446925,0.027166253,0.061685055,0.91114867,2
2BuFtglEcaY$_$6,2026,processed_po,1.0,2,1.0,2,0.6954548358917236,0.6954548358917236,0.5,0.03,0.5,3,0.5,1.097310163917268,1.239390138123173,0.8349960160446925,0.02815242,0.25143734,0.7204102,2
2ItiGjefTRA$_$3,2026,processed_po,1.0,1,0.0,0,-0.3382389545440674,-0.3382389545440674,0.5,0.03,0.5,3,0.5,1.097310163917268,1.239390138123173,0.8349960160446925,0.5221885,0.28620836,0.19160321,0
2ItiGjefTRA$_$4,2026,processed_po,1.0,0,-0.6666666865348816,0,-0.7483605146408081,-0.7483605146408081,0.5,0.03,0.5,3,0.5,1.097310163917268,1.239390138123173,0.8349960160446925,0.7680229,0.16331983,0.06865728,0
2W-U94hXuK0$_$3,2026,processed_po,1.0,0,-3.0,0,-1.466113567352295,-1.466113567352295,0.5,0.03,0.5,3,0.5,1.097310163917268,1.239390138123173,0.8349960160446925,0.9216396,0.057401385,0.020958973,0
2W-U94hXuK0$_$4,2026,processed_po,1.0,0,-2.0,0,-1.3166747093200684,-1.3166747093200684,0.5,0.03,0.5,3,0.5,1.097310163917268,1.239390138123173,0.8349960160446925,0.9015119,0.06691742,0.03157059,0
2fbBrB1nJEQ$_$0,2026,processed_po,1.0,2,2.0,2,1.2594234943389893,1.2594234943389893,0.5,0.03,0.5,3,0.5,1.097310163917268,1.239390138123173,0.8349960160446925,0.07304309,0.073468775,0.8534882,2
2m58ShI1QSI$_$2,2026,processed_po,1.0,2,0.3333333432674408,2,0.565855860710144,0.565855860710144,0.5,0.03,0.5,3,0.5,1.097310163917268,1.239390138123173,0.8349960160446925,0.032020845,0.27576873,0.6922105,2
2vsgDSlJ9pU$_$0,2026,processed_po,1.0,1,0.0,1,0.0,0.2471030354499817,0.5,0.03,0.5,3,0.5,1.097310163917268,1.239390138123173,0.8349960160446925,0.03098133,0.5439509,0.4250677,2
2vsgDSlJ9pU$_$13,2026,processed_po,1.0,2,0.6666666865348816,2,0.9770992398262024,0.9770992398262024,0.5,0.03,0.5,3,0.5,1.097310163917268,1.239390138123173,0.8349960160446925,0.08340991,0.09329074,0.8232993,2
2ze94yo2aPo$_$0,2026,processed_po,1.0,2,2.0,2,0.8373396992683411,0.8373396992683411,0.5,0.03,0.5,3,0.5,1.097310163917268,1.239390138123173,0.8349960160446925,0.020933308,0.1975049,0.7815618,2
2ze94yo2aPo$_$5,2026,processed_po,1.0,2,1.0,2,0.2676019370555877,0.2676019370555877,0.5,0.03,0.5,3,0.5,1.097310163917268,1.239390138123173,0.8349960160446925,0.07453545,0.3724155,0.553049,2
35694$_$10,2026,processed_po,1.0,1,0.0,1,0.0,-0.3092945218086242,0.5,0.03,0.5,3,0.5,1.097310163917268,1.239390138123173,0.8349960160446925,0.42495373,0.4299431,0.14510322,0
35694$_$17,2026,processed_po,1.0,0,-1.6666666269302368,0,-0.877689003944397,-0.877689003944397,0.5,0.03,0.5,3,0.5,1.097310163917268,1.239390138123173,0.8349960160446925,0.72952396,0.07290222,0.19757378,0
3At-BKm9eYk$_$5,2026,processed_po,1.0,0,-0.3333333432674408,2,0.0187083780765533,0.0187083780765533,0.5,0.03,0.5,3,0.5,1.097310163917268,1.239390138123173,0.8349960160446925,0.47808903,0.023733392,0.4981776,2
3HyAaqre_Fk$_$2,2026,processed_po,1.0,2,1.0,2,0.6315056085586548,0.6315056085586548,0.5,0.03,0.5,3,0.5,1.097310163917268,1.239390138123173,0.8349960160446925,0.25407636,0.15768133,0.58824235,2
3HyAaqre_Fk$_$6,2026,processed_po,1.0,2,1.3333333730697632,2,1.7803791761398315,1.7803791761398315,0.5,0.03,0.5,3,0.5,1.097310163917268,1.239390138123173,0.8349960160446925,0.019414762,0.030713113,0.9498721,2
3OYY5Tsz_2k$_$7,2026,processed_po,1.0,1,0.0,1,0.0,0.1161216348409652,0.5,0.03,0.5,3,0.5,1.097310163917268,1.239390138123173,0.8349960160446925,0.036473867,0.5598225,0.40370366,2
3REPHw7oLWo$_$13,2026,processed_po,1.0,2,0.3333333432674408,2,0.8051465749740601,0.8051465749740601,0.5,0.03,0.5,3,0.5,1.097310163917268,1.239390138123173,0.8349960160446925,0.05288744,0.088081196,0.8590314,2
3wHE78v9zr4$_$24,2026,processed_po,1.0,2,1.3333333730697632,2,0.9527376294136048,0.9527376294136048,0.5,0.03,0.5,3,0.5,1.097310163917268,1.239390138123173,0.8349960160446925,0.11907822,0.12682597,0.75409585,2
3wHE78v9zr4$_$7,2026,processed_po,1.0,2,1.6666666269302368,2,0.5934875011444092,0.5934875011444092,0.5,0.03,0.5,3,0.5,1.097310163917268,1.239390138123173,0.8349960160446925,0.036164388,0.16965762,0.79417795,2
3wHE78v9zr4$_$9,2026,processed_po,1.0,2,0.3333333432674408,2,0.7409000396728516,0.7409000396728516,0.5,0.03,0.5,3,0.5,1.097310163917268,1.239390138123173,0.8349960160446925,0.060298353,0.07195237,0.8677493,2
3wHE78v9zr4$_$12,2026,processed_po,1.0,2,1.0,2,0.0761542916297912,0.0761542916297912,0.5,0.03,0.5,3,0.5,1.097310163917268,1.239390138123173,0.8349960160446925,0.25956216,0.09362811,0.64680976,2
41381$_$7,2026,processed_po,1.0,1,0.0,1,0.0,-0.6486424207687378,0.5,0.03,0.5,3,0.5,1.097310163917268,1.239390138123173,0.8349960160446925,0.4238481,0.5052607,0.07089122,1
41381$_$8,2026,processed_po,1.0,2,1.0,0,-0.1085056811571121,-0.1085056811571121,0.5,0.03,0.5,3,0.5,1.097310163917268,1.239390138123173,0.8349960160446925,0.39697394,0.2452547,0.35777137,2
424SXFTCFsA$_$3,2026,processed_po,1.0,2,1.3333333730697632,2,1.3314988613128662,1.3314988613128662,0.5,0.03,0.5,3,0.5,1.097310163917268,1.239390138123173,0.8349960160446925,0.015801322,0.08157862,0.90261996,2
424SXFTCFsA$_$2,2026,processed_po,1.0,2,1.3333333730697632,2,0.3776044249534607,0.3776044249534607,0.5,0.03,0.5,3,0.5,1.097310163917268,1.239390138123173,0.8349960160446925,0.11922364,0.13976501,0.7410113,2
424SXFTCFsA$_$4,2026,processed_po,1.0,2,2.0,2,1.022798776626587,1.022798776626587,0.5,0.03,0.5,3,0.5,1.097310163917268,1.239390138123173,0.8349960160446925,0.0040767784,0.11920612,0.8767171,2
46495$_$9,2026,processed_po,1.0,0,-2.0,0,-1.9740747213363647,-1.9740747213363647,0.5,0.03,0.5,3,0.5,1.097310163917268,1.239390138123173,0.8349960160446925,0.96623945,0.00984505,0.02391543,0
46615$_$1,2026,processed_po,1.0,0,-1.3333333730697632,0,-0.9282734394073486,-0.9282734394073486,0.5,0.03,0.5,3,0.5,1.097310163917268,1.239390138123173,0.8349960160446925,0.6998919,0.20768856,0.092419535,0
4EDblUpJieU$_$7,2026,processed_po,1.0,2,1.3333333730697632,2,1.157284140586853,1.157284140586853,0.5,0.03,0.5,3,0.5,1.097310163917268,1.239390138123173,0.8349960160446925,0.0449311,0.06205042,0.89301854,2
53609$_$10,2026,processed_po,1.0,0,-2.0,0,-2.337405204772949,-2.337405204772949,0.5,0.03,0.5,3,0.5,1.097310163917268,1.239390138123173,0.8349960160446925,0.9821831,0.010334364,0.0074824295,0
53609$_$13,2026,processed_po,1.0,0,-2.0,0,-1.873778343200684,-1.873778343200684,0.5,0.03,0.5,3,0.5,1.097310163917268,1.239390138123173,0.8349960160446925,0.9577956,0.023096712,0.019107543,0
53609$_$3,2026,processed_po,1.0,1,0.0,0,-1.1208710670471191,-1.1208710670471191,0.5,0.03,0.5,3,0.5,1.097310163917268,1.239390138123173,0.8349960160446925,0.8331139,0.105849065,0.061037086,0
53609$_$7,2026,processed_po,1.0,0,-1.6666666269302368,0,-1.94526207447052,-1.94526207447052,0.5,0.03,0.5,3,0.5,1.097310163917268,1.239390138123173,0.8349960160446925,0.9481936,0.028680649,0.02312572,0
53766$_$4,2026,processed_po,1.0,2,2.3333332538604736,2,1.2106503248214722,1.2106503248214722,0.5,0.03,0.5,3,0.5,1.097310163917268,1.239390138123173,0.8349960160446925,0.043354344,0.15264788,0.80399776,2
53766$_$9,2026,processed_po,1.0,2,2.0,2,0.7615723013877869,0.7615723013877869,0.5,0.03,0.5,3,0.5,1.097310163917268,1.239390138123173,0.8349960160446925,0.03171251,0.10552179,0.8627657,2
56989$_$12,2026,processed_po,1.0,0,-0.6666666865348816,0,-0.3546824157238006,-0.3546824157238006,0.5,0.03,0.5,3,0.5,1.097310163917268,1.239390138123173,0.8349960160446925,0.6578292,0.12788346,0.21428728,0
56989$_$5,2026,processed_po,1.0,0,-2.3333332538604736,0,-2.2310121059417725,-2.2310121059417725,0.5,0.03,0.5,3,0.5,1.097310163917268,1.239390138123173,0.8349960160446925,0.95495564,0.024246266,0.020798106,0
56989$_$9,2026,processed_po,1.0,2,1.0,2,0.8574183583259583,0.8574183583259583,0.5,0.03,0.5,3,0.5,1.097310163917268,1.239390138123173,0.8349960160446925,0.018839328,0.0720232,0.9091375,2
59673$_$4,2026,processed_po,1.0,2,1.0,0,-1.180005669593811,-1.180005669593811,0.5,0.03,0.5,3,0.5,1.097310163917268,1.239390138123173,0.8349960160446925,0.6376509,0.2528832,0.10946591,0
59673$_$6,2026,processed_po,1.0,0,-0.3333333432674408,0,-1.5411376953125,-1.5411376953125,0.5,0.03,0.5,3,0.5,1.097310163917268,1.239390138123173,0.8349960160446925,0.7719774,0.21615049,0.01187201,0
5eY4S1F62Z4$_$13,2026,processed_po,1.0,2,0.3333333432674408,0,-0.4155683517456054,-0.4155683517456054,0.5,0.03,0.5,3,0.5,1.097310163917268,1.239390138123173,0.8349960160446925,0.68472975,0.18758436,0.1276859,0
5eY4S1F62Z4$_$17,2026,processed_po,1.0,2,0.3333333432674408,1,0.0,-0.0982389599084854,0.5,0.03,0.5,3,0.5,1.097310163917268,1.239390138123173,0.8349960160446925,0.15301259,0.52119964,0.32578775,1
5fKPJPFqPho$_$2,2026,processed_po,1.0,2,0.6666666865348816,2,0.277618944644928,0.277618944644928,0.5,0.03,0.5,3,0.5,1.097310163917268,1.239390138123173,0.8349960160446925,0.013792186,0.34526274,0.6409451,2
5lrDS7LluCA$_$4,2026,processed_po,1.0,2,1.0,2,1.757619023323059,1.757619023323059,0.5,0.03,0.5,3,0.5,1.097310163917268,1.239390138123173,0.8349960160446925,0.07874143,0.026310174,0.89494836,2
5pxFqJ5hKMU$_$2,2026,processed_po,1.0,1,0.0,1,0.0,0.3962219953536987,0.5,0.03,0.5,3,0.5,1.097310163917268,1.239390138123173,0.8349960160446925,0.012064113,0.49606517,0.49187073,2
5vwXp27bCLw$_$16,2026,processed_po,1.0,1,0.0,1,0.0,-0.134950652718544,0.5,0.03,0.5,3,0.5,1.097310163917268,1.239390138123173,0.8349960160446925,0.36487228,0.52952576,0.10560195,1
5xa0Ac2krGs$_$2,2026,processed_po,1.0,0,-0.3333333432674408,0,-0.3080247044563293,-0.3080247044563293,0.5,0.03,0.5,3,0.5,1.097310163917268,1.239390138123173,0.8349960160446925,0.38928273,0.3659785,0.24473871,0
5xa0Ac2krGs$_$7,2026,processed_po,1.0,2,0.3333333432674408,1,0.0,0.1207687556743621,0.5,0.03,0.5,3,0.5,1.097310163917268,1.239390138123173,0.8349960160446925,0.017375102,0.60871536,0.37390953,1
61531$_$3,2026,processed_po,1.0,1,0.0,1,0.0,-0.1286672949790954,0.5,0.03,0.5,3,0.5,1.097310163917268,1.239390138123173,0.8349960160446925,0.04892374,0.68024427,0.270832,1
61531$_$9,2026,processed_po,1.0,2,2.0,2,1.71791410446167,1.71791410446167,0.5,0.03,0.5,3,0.5,1.097310163917268,1.239390138123173,0.8349960160446925,0.06856347,0.16665494,0.76478153,2
63951$_$1,2026,processed_po,1.0,1,0.0,1,0.0,-0.0047370120882987,0.5,0.03,0.5,3,0.5,1.097310163917268,1.239390138123173,0.8349960160446925,0.24974969,0.48208174,0.2681686,1
67uKYi7mslE$_$3,2026,processed_po,1.0,2,0.6666666865348816,1,0.0,0.2222459018230438,0.5,0.03,0.5,3,0.5,1.097310163917268,1.239390138123173,0.8349960160446925,0.09854067,0.5003976,0.40106168,2
67uKYi7mslE$_$4,2026,processed_po,1.0,1,0.0,2,0.1227072477340698,0.1227072477340698,0.5,0.03,0.5,3,0.5,1.097310163917268,1.239390138123173,0.8349960160446925,0.20038474,0.3753161,0.42429915,2
69824$_$5,2026,processed_po,1.0,0,-2.6666667461395264,0,-2.0382564067840576,-2.0382564067840576,0.5,0.03,0.5,3,0.5,1.097310163917268,1.239390138123173,0.8349960160446925,0.95425874,0.007652883,0.038088366,0
6EDoVEm16fU$_$13,2026,processed_po,1.0,2,1.3333333730697632,2,1.4451954364776611,1.4451954364776611,0.5,0.03,0.5,3,0.5,1.097310163917268,1.239390138123173,0.8349960160446925,0.018581208,0.11338827,0.86803055,2
6EDoVEm16fU$_$4,2026,processed_po,1.0,2,1.6666666269302368,2,1.0787510871887207,1.0787510871887207,0.5,0.03,0.5,3,0.5,1.097310163917268,1.239390138123173,0.8349960160446925,0.04492198,0.06941576,0.8856623,2
6EDoVEm16fU$_$6,2026,processed_po,1.0,2,1.0,2,0.490520715713501,0.490520715713501,0.5,0.03,0.5,3,0.5,1.097310163917268,1.239390138123173,0.8349960160446925,0.304181,0.10821564,0.5876034,2
6EJHA6IDLNk$_$3,2026,processed_po,1.0,2,0.6666666865348816,1,0.0,0.3632977306842804,0.5,0.03,0.5,3,0.5,1.097310163917268,1.239390138123173,0.8349960160446925,0.08950941,0.5446608,0.36582977,2
6EJHA6IDLNk$_$4,2026,processed_po,1.0,1,0.0,2,0.7433373928070068,0.7433373928070068,0.5,0.03,0.5,3,0.5,1.097310163917268,1.239390138123173,0.8349960160446925,0.11277632,0.15699978,0.73022383,2
6RFVsOWK1m4$_$7,2026,processed_po,1.0,0,-0.6666666865348816,0,-1.3701529502868652,-1.3701529502868652,0.5,0.03,0.5,3,0.5,1.097310163917268,1.239390138123173,0.8349960160446925,0.9132902,0.055827655,0.030882195,0
6RFVsOWK1m4$_$9,2026,processed_po,1.0,2,1.0,2,0.4734628200531006,0.4734628200531006,0.5,0.03,0.5,3,0.5,1.097310163917268,1.239390138123173,0.8349960160446925,0.023676986,0.18930121,0.7870218,2
6brtMLkjjYk$_$0,2026,processed_po,1.0,2,2.0,2,0.5136860013008118,0.5136860013008118,0.5,0.03,0.5,3,0.5,1.097310163917268,1.239390138123173,0.8349960160446925,0.10858917,0.1605705,0.7308403,2
6gtfeIqGasE$_$0,2026,processed_po,1.0,2,1.3333333730697632,2,1.243980050086975,1.243980050086975,0.5,0.03,0.5,3,0.5,1.097310163917268,1.239390138123173,0.8349960160446925,0.08205362,0.063345805,0.85460055,2
6uoM8-9d0zA$_$4,2026,processed_po,1.0,2,0.6666666865348816,2,0.4807992875576019,0.4807992875576019,0.5,0.03,0.5,3,0.5,1.097310163917268,1.239390138123173,0.8349960160446925,0.008697841,0.36518142,0.6261207,2
79356$_$7,2026,processed_po,1.0,2,2.6666667461395264,0,-0.2072375267744064,-0.2072375267744064,0.5,0.03,0.5,3,0.5,1.097310163917268,1.239390138123173,0.8349960160446925,0.54082084,0.18553282,0.2736463,0
79356$_$9,2026,processed_po,1.0,2,1.0,1,0.0,-0.232548639178276,0.5,0.03,0.5,3,0.5,1.097310163917268,1.239390138123173,0.8349960160446925,0.42994347,0.4770222,0.09303432,0
7IxmlIwqigw$_$20,2026,processed_po,1.0,2,0.6666666865348816,2,0.2599563896656036,0.2599563896656036,0.5,0.03,0.5,3,0.5,1.097310163917268,1.239390138123173,0.8349960160446925,0.16114138,0.31172135,0.5271372,2
7IxmlIwqigw$_$16,2026,processed_po,1.0,2,0.6666666865348816,2,0.6341012716293335,0.6341012716293335,0.5,0.03,0.5,3,0.5,1.097310163917268,1.239390138123173,0.8349960160446925,0.029320937,0.106746785,0.8639323,2
7deoh0NoMs4$_$0,2026,processed_po,1.0,2,2.0,2,0.7435042262077332,0.7435042262077332,0.5,0.03,0.5,3,0.5,1.097310163917268,1.239390138123173,0.8349960160446925,0.013866218,0.10761504,0.8785187,2
7f3ndBCx_JE$_$19,2026,processed_po,1.0,2,2.0,2,1.4565821886062622,1.4565821886062622,0.5,0.03,0.5,3,0.5,1.097310163917268,1.239390138123173,0.8349960160446925,0.010803492,0.040379565,0.9488169,2
7mb8Y2AhXIY$_$6,2026,processed_po,1.0,2,2.0,2,0.5626553893089294,0.5626553893089294,0.5,0.03,0.5,3,0.5,1.097310163917268,1.239390138123173,0.8349960160446925,0.054227274,0.12417452,0.8215983,2
83400$_$5,2026,processed_po,1.0,1,0.0,0,-0.6731880903244019,-0.6731880903244019,0.5,0.03,0.5,3,0.5,1.097310163917268,1.239390138123173,0.8349960160446925,0.6458475,0.25045097,0.10370151,0
86c2OkQ3_U8$_$22,2026,processed_po,1.0,2,2.0,2,0.874367356300354,0.874367356300354,0.5,0.03,0.5,3,0.5,1.097310163917268,1.239390138123173,0.8349960160446925,0.028542578,0.061999165,0.90945834,2
86c2OkQ3_U8$_$3,2026,processed_po,1.0,2,0.6666666865348816,2,0.5007312297821045,0.5007312297821045,0.5,0.03,0.5,3,0.5,1.097310163917268,1.239390138123173,0.8349960160446925,0.028937487,0.25937572,0.71168685,2
88791$_$15,2026,processed_po,1.0,2,0.3333333432674408,2,0.6753872632980347,0.6753872632980347,0.5,0.03,0.5,3,0.5,1.097310163917268,1.239390138123173,0.8349960160446925,0.036256235,0.25073838,0.71300536,2
88791$_$1,2026,processed_po,1.0,0,-1.0,1,0.0,-0.0417637303471565,0.5,0.03,0.5,3,0.5,1.097310163917268,1.239390138123173,0.8349960160446925,0.05740802,0.88143545,0.0611565,1
88791$_$2,2026,processed_po,1.0,1,0.0,1,0.0,-0.3029399216175079,0.5,0.03,0.5,3,0.5,1.097310163917268,1.239390138123173,0.8349960160446925,0.2627862,0.70947486,0.027738955,1
8XZszYrUSCQ$_$0,2026,processed_po,1.0,2,1.0,2,1.1529781818389893,1.1529781818389893,0.5,0.03,0.5,3,0.5,1.097310163917268,1.239390138123173,0.8349960160446925,0.008414546,0.20567614,0.7859093,2
8i7u3fl-hP8$_$0,2026,processed_po,1.0,2,1.3333333730697632,2,1.3087403774261477,1.3087403774261477,0.5,0.03,0.5,3,0.5,1.097310163917268,1.239390138123173,0.8349960160446925,0.12699579,0.09929915,0.77370507,2
8lfS97s2AKc$_$0,2026,processed_po,1.0,0,-1.3333333730697632,0,-1.735539197921753,-1.735539197921753,0.5,0.03,0.5,3,0.5,1.097310163917268,1.239390138123173,0.8349960160446925,0.9144973,0.029077105,0.056425568,0
8lfS97s2AKc$_$7,2026,processed_po,1.0,0,-1.0,1,0.0,0.1669048219919204,0.5,0.03,0.5,3,0.5,1.097310163917268,1.239390138123173,0.8349960160446925,0.1392461,0.555524,0.30522993,1
8wNr-NQImFg$_$8,2026,processed_po,1.0,2,0.3333333432674408,2,0.5840811729431152,0.5840811729431152,0.5,0.03,0.5,3,0.5,1.097310163917268,1.239390138123173,0.8349960160446925,0.032274794,0.330104,0.6376212,2
8wQhzezNcUY$_$1,2026,processed_po,1.0,2,2.0,2,1.3873201608657837,1.3873201608657837,0.5,0.03,0.5,3,0.5,1.097310163917268,1.239390138123173,0.8349960160446925,0.018796494,0.108012244,0.8731913,2
8wQhzezNcUY$_$2,2026,processed_po,1.0,2,1.0,2,1.397770881652832,1.397770881652832,0.5,0.03,0.5,3,0.5,1.097310163917268,1.239390138123173,0.8349960160446925,0.030217841,0.051155508,0.9186266,2
91844$_$10,2026,processed_po,1.0,0,-0.3333333432674408,0,-0.384688138961792,-0.384688138961792,0.5,0.03,0.5,3,0.5,1.097310163917268,1.239390138123173,0.8349960160446925,0.60244185,0.28814125,0.109416924,0
91844$_$5,2026,processed_po,1.0,2,3.0,0,-1.0628252029418943,-1.0628252029418943,0.5,0.03,0.5,3,0.5,1.097310163917268,1.239390138123173,0.8349960160446925,0.5986205,0.24811922,0.15326029,0
91844$_$7,2026,processed_po,1.0,2,0.6666666865348816,0,-1.005018711090088,-1.005018711090088,0.5,0.03,0.5,3,0.5,1.097310163917268,1.239390138123173,0.8349960160446925,0.7693956,0.091300346,0.13930412,0
91844$_$9,2026,processed_po,1.0,0,-0.3333333432674408,0,-0.4711399376392364,-0.4711399376392364,0.5,0.03,0.5,3,0.5,1.097310163917268,1.239390138123173,0.8349960160446925,0.43447065,0.32079893,0.2447304,0
92291$_$1,2026,processed_po,1.0,2,1.3333333730697632,1,0.0,0.0024735662154853,0.5,0.03,0.5,3,0.5,1.097310163917268,1.239390138123173,0.8349960160446925,0.23986469,0.48748058,0.27265474,1
92291$_$2,2026,processed_po,1.0,1,0.0,2,0.1686968803405761,0.1686968803405761,0.5,0.03,0.5,3,0.5,1.097310163917268,1.239390138123173,0.8349960160446925,0.21509308,0.37432697,0.41057998,2
92291$_$5,2026,processed_po,1.0,0,-2.3333332538604736,0,-1.6810290813446045,-1.6810290813446045,0.5,0.03,0.5,3,0.5,1.097310163917268,1.239390138123173,0.8349960160446925,0.92233413,0.013674129,0.063991696,0
92496$_$0,2026,processed_po,1.0,0,-2.6666667461395264,0,-0.4294540882110595,-0.4294540882110595,0.5,0.03,0.5,3,0.5,1.097310163917268,1.239390138123173,0.8349960160446925,0.5850321,0.37057066,0.044397242,0
93iGT5oueTA$_$12,2026,processed_po,1.0,0,-2.0,0,-2.128267288208008,-2.128267288208008,0.5,0.03,0.5,3,0.5,1.097310163917268,1.239390138123173,0.8349960160446925,0.9426647,0.017575966,0.039759412,0
93iGT5oueTA$_$4,2026,processed_po,1.0,2,1.3333333730697632,1,0.0,0.3183309435844421,0.5,0.03,0.5,3,0.5,1.097310163917268,1.239390138123173,0.8349960160446925,0.16441554,0.5091282,0.32645625,2
94481$_$2,2026,processed_po,1.0,2,0.6666666865348816,0,-0.6268941164016724,-0.6268941164016724,0.5,0.03,0.5,3,0.5,1.097310163917268,1.239390138123173,0.8349960160446925,0.4672721,0.31654045,0.2161875,0
94481$_$4,2026,processed_po,1.0,2,2.6666667461395264,2,0.1361745446920395,0.1361745446920395,0.5,0.03,0.5,3,0.5,1.097310163917268,1.239390138123173,0.8349960160446925,0.19071512,0.2762749,0.53301,2
97ENTofrmNo$_$0,2026,processed_po,1.0,2,1.3333333730697632,2,0.7848227024078369,0.7848227024078369,0.5,0.03,0.5,3,0.5,1.097310163917268,1.239390138123173,0.8349960160446925,0.064833194,0.23506294,0.7001039,2
9GzFQBljNIY$_$0,2026,processed_po,1.0,1,0.0,1,0.0,-0.2805570363998413,0.5,0.03,0.5,3,0.5,1.097310163917268,1.239390138123173,0.8349960160446925,0.29264098,0.5857874,0.12157161,1
9PzZSheh10U$_$24,2026,processed_po,1.0,2,2.3333332538604736,2,0.4889924526214599,0.4889924526214599,0.5,0.03,0.5,3,0.5,1.097310163917268,1.239390138123173,0.8349960160446925,0.015380154,0.15304445,0.8315754,2
9PzZSheh10U$_$23,2026,processed_po,1.0,2,0.6666666865348816,2,1e-06,-0.0404849164187908,0.5,0.03,0.5,3,0.5,1.097310163917268,1.239390138123173,0.8349960160446925,0.20106964,0.29996678,0.4989636,2
9PzZSheh10U$_$5,2026,processed_po,1.0,1,0.0,1,0.0,0.1220466569066047,0.5,0.03,0.5,3,0.5,1.097310163917268,1.239390138123173,0.8349960160446925,0.0931368,0.57514465,0.3317186,1
9PzZSheh10U$_$19,2026,processed_po,1.0,2,0.3333333432674408,1,0.0,0.16460882127285,0.5,0.03,0.5,3,0.5,1.097310163917268,1.239390138123173,0.8349960160446925,0.027372794,0.65279764,0.31982958,1
9cYNT_YSo8o$_$2,2026,processed_po,1.0,0,-1.0,0,-0.9436846375465392,-0.9436846375465392,0.5,0.03,0.5,3,0.5,1.097310163917268,1.239390138123173,0.8349960160446925,0.8492691,0.051212765,0.09951818,0
9orb0lQnVW4$_$0,2026,processed_po,1.0,1,0.0,1,0.0,-0.0453116372227668,0.5,0.03,0.5,3,0.5,1.097310163917268,1.239390138123173,0.8349960160446925,0.32260692,0.45469806,0.22269501,1
A1lFJXUpxZo$_$7,2026,processed_po,1.0,2,1.6666666269302368,2,1.0051469802856443,1.0051469802856443,0.5,0.03,0.5,3,0.5,1.097310163917268,1.239390138123173,0.8349960160446925,0.010549567,0.08356703,0.9058835,2
AB1PbMaW03s$_$13,2026,processed_po,1.0,1,0.0,1,0.0,-0.1356501877307891,0.5,0.03,0.5,3,0.5,1.097310163917268,1.239390138123173,0.8349960160446925,0.31241095,0.46054095,0.22704805,1
AB1PbMaW03s$_$3,2026,processed_po,1.0,2,0.3333333432674408,1,0.0,0.0888406857848167,0.5,0.03,0.5,3,0.5,1.097310163917268,1.239390138123173,0.8349960160446925,0.01587627,0.51269925,0.4714245,2
AB1PbMaW03s$_$8,2026,processed_po,1.0,1,0.0,1,0.0,-0.058259829878807,0.5,0.03,0.5,3,0.5,1.097310163917268,1.239390138123173,0.8349960160446925,0.16153885,0.69773054,0.1407306,1
AHiA9hohKr8$_$0,2026,processed_po,1.0,1,0.0,2,0.814191460609436,0.814191460609436,0.5,0.03,0.5,3,0.5,1.097310163917268,1.239390138123173,0.8349960160446925,0.04804889,0.14814831,0.8038028,2
C5-cY1nPQ20$_$11,2026,processed_po,1.0,2,0.6666666865348816,2,1.172915816307068,1.172915816307068,0.5,0.03,0.5,3,0.5,1.097310163917268,1.239390138123173,0.8349960160446925,0.05367613,0.11945182,0.82687205,2
C5-cY1nPQ20$_$8,2026,processed_po,1.0,2,0.3333333432674408,2,0.7857831716537476,0.7857831716537476,0.5,0.03,0.5,3,0.5,1.097310163917268,1.239390138123173,0.8349960160446925,0.09215165,0.30676094,0.60108733,2
CKqDDh50gcU$_$14,2026,processed_po,1.0,2,1.3333333730697632,2,0.8995435237884521,0.8995435237884521,0.5,0.03,0.5,3,0.5,1.097310163917268,1.239390138123173,0.8349960160446925,0.01200059,0.08968041,0.898319,2
CKqDDh50gcU$_$6,2026,processed_po,1.0,2,1.6666666269302368,2,0.6042612195014954,0.6042612195014954,0.5,0.03,0.5,3,0.5,1.097310163917268,1.239390138123173,0.8349960160446925,0.033944283,0.10115575,0.8649,2
CO2YoTZbUr0$_$0,2026,processed_po,1.0,1,0.0,0,-1.1785142421722412,-1.1785142421722412,0.5,0.03,0.5,3,0.5,1.097310163917268,1.239390138123173,0.8349960160446925,0.8719207,0.08557129,0.042507965,0
CO6n-skQJss$_$0,2026,processed_po,1.0,1,0.0,2,1e-06,-0.006764106452465,0.5,0.03,0.5,3,0.5,1.097310163917268,1.239390138123173,0.8349960160446925,0.18977866,0.15310827,0.6571131,2
CO6n-skQJss$_$3,2026,processed_po,1.0,0,-1.3333333730697632,2,1e-06,-0.4627861976623535,0.5,0.03,0.5,3,0.5,1.097310163917268,1.239390138123173,0.8349960160446925,0.26903856,0.2343115,0.49664998,2
CU6U-gS76K4$_$20,2026,processed_po,1.0,2,1.6666666269302368,2,0.7639541625976562,0.7639541625976562,0.5,0.03,0.5,3,0.5,1.097310163917268,1.239390138123173,0.8349960160446925,0.070355505,0.10605062,0.82359385,2
CbRexsp1HKw$_$7,2026,processed_po,1.0,1,0.0,0,-0.2064976394176483,-0.2064976394176483,0.5,0.03,0.5,3,0.5,1.097310163917268,1.239390138123173,0.8349960160446925,0.5709711,0.15118371,0.27784517,0
ChhZna-aBK4$_$10,2026,processed_po,1.0,2,0.3333333432674408,2,1e-06,-0.009976539760828,0.5,0.03,0.5,3,0.5,1.097310163917268,1.239390138123173,0.8349960160446925,0.13602988,0.21240386,0.6515662,2
ChhZna-aBK4$_$16,2026,processed_po,1.0,1,0.0,2,0.1876189559698104,0.1876189559698104,0.5,0.03,0.5,3,0.5,1.097310163917268,1.239390138123173,0.8349960160446925,0.012894331,0.46344924,0.5236564,2
ChhZna-aBK4$_$8,2026,processed_po,1.0,2,0.6666666865348816,2,0.4420856237411499,0.4420856237411499,0.5,0.03,0.5,3,0.5,1.097310163917268,1.239390138123173,0.8349960160446925,0.014308667,0.21569578,0.76999557,2
DVAY-u_cJWU$_$5,2026,processed_po,1.0,2,1.0,2,1.3440459966659546,1.3440459966659546,0.5,0.03,0.5,3,0.5,1.097310163917268,1.239390138123173,0.8349960160446925,0.031992856,0.052177053,0.9158301,2
DjcZrtcBZi4$_$10,2026,processed_po,1.0,2,0.3333333432674408,2,0.31012162566185,0.31012162566185,0.5,0.03,0.5,3,0.5,1.097310163917268,1.239390138123173,0.8349960160446925,0.13826887,0.20845103,0.65328,2
DjcZrtcBZi4$_$8,2026,processed_po,1.0,1,0.0,2,0.2734459936618805,0.2734459936618805,0.5,0.03,0.5,3,0.5,1.097310163917268,1.239390138123173,0.8349960160446925,0.035154995,0.32293233,0.64191264,2
DnBHq5I52LM$_$5,2026,processed_po,1.0,0,-1.3333333730697632,0,-1.3253082036972046,-1.3253082036972046,0.5,0.03,0.5,3,0.5,1.097310163917268,1.239390138123173,0.8349960160446925,0.67998976,0.27869374,0.041316546,0
DtbT85s3i94$_$5,2026,processed_po,1.0,2,1.0,2,0.0283565316349267,0.0283565316349267,0.5,0.03,0.5,3,0.5,1.097310163917268,1.239390138123173,0.8349960160446925,0.35382122,0.19895181,0.447227,2
EMS14J0odIE$_$16,2026,processed_po,1.0,0,-0.3333333432674408,1,0.0,0.0672539174556732,0.5,0.03,0.5,3,0.5,1.097310163917268,1.239390138123173,0.8349960160446925,0.11820438,0.472008,0.40978765,2
EO_5o9Gup6g$_$10,2026,processed_po,1.0,0,-0.6666666865348816,0,-0.8952590227127075,-0.8952590227127075,0.5,0.03,0.5,3,0.5,1.097310163917268,1.239390138123173,0.8349960160446925,0.6443668,0.13628013,0.21935302,0
EO_5o9Gup6g$_$4,2026,processed_po,1.0,0,-1.0,2,1e-06,-0.661247730255127,0.5,0.03,0.5,3,0.5,1.097310163917268,1.239390138123173,0.8349960160446925,0.4620495,0.07208719,0.46586326,2
EO_5o9Gup6g$_$6,2026,processed_po,1.0,0,-2.0,0,-1.3674283027648926,-1.3674283027648926,0.5,0.03,0.5,3,0.5,1.097310163917268,1.239390138123173,0.8349960160446925,0.7066726,0.13981389,0.1535135,0
EyoMU2yoJPY$_$11,2026,processed_po,1.0,2,1.6666666269302368,2,1.4508850574493408,1.4508850574493408,0.5,0.03,0.5,3,0.5,1.097310163917268,1.239390138123173,0.8349960160446925,0.012883938,0.0684266,0.9186895,2
EyoMU2yoJPY$_$7,2026,processed_po,1.0,0,-0.3333333432674408,0,-0.2336816042661667,-0.2336816042661667,0.5,0.03,0.5,3,0.5,1.097310163917268,1.239390138123173,0.8349960160446925,0.7381909,0.07277443,0.18903463,0
F2hc2FLOdhI$_$3,2026,processed_po,1.0,2,1.0,0,-1.1647498607635498,-1.1647498607635498,0.5,0.03,0.5,3,0.5,1.097310163917268,1.239390138123173,0.8349960160446925,0.9124814,0.03983121,0.047687337,0
F2hc2FLOdhI$_$5,2026,processed_po,1.0,2,1.0,0,-1e-06,0.0980949252843856,0.5,0.03,0.5,3,0.5,1.097310163917268,1.239390138123173,0.8349960160446925,0.46109787,0.1779832,0.36091897,0
F8eQI8E-6q4$_$3,2026,processed_po,1.0,0,-0.6666666865348816,0,-1.9326117038726809,-1.9326117038726809,0.5,0.03,0.5,3,0.5,1.097310163917268,1.239390138123173,0.8349960160446925,0.9394754,0.041033227,0.019491376,0
FHDVQkU-nGI$_$7,2026,processed_po,1.0,2,2.0,2,1.8436229228973389,1.8436229228973389,0.5,0.03,0.5,3,0.5,1.097310163917268,1.239390138123173,0.8349960160446925,0.03901018,0.026682412,0.9343074,2
F_YaG_pvZrA$_$11,2026,processed_po,1.0,1,0.0,2,0.8630324006080627,0.8630324006080627,0.5,0.03,0.5,3,0.5,1.097310163917268,1.239390138123173,0.8349960160446925,0.021669403,0.06845892,0.90987176,2
GAVpYuhMZAw$_$12,2026,processed_po,1.0,2,1.0,1,0.0,0.0372709780931472,0.5,0.03,0.5,3,0.5,1.097310163917268,1.239390138123173,0.8349960160446925,0.27374712,0.49246937,0.23378351,1
GAVpYuhMZAw$_$1,2026,processed_po,1.0,2,2.0,2,0.1430901885032653,0.1430901885032653,0.5,0.03,0.5,3,0.5,1.097310163917268,1.239390138123173,0.8349960160446925,0.12676157,0.41560048,0.45763797,2
GAVpYuhMZAw$_$4,2026,processed_po,1.0,2,0.3333333432674408,1,0.0,0.0060701323673129,0.5,0.03,0.5,3,0.5,1.097310163917268,1.239390138123173,0.8349960160446925,0.09346775,0.56613797,0.34039432,1
GAVpYuhMZAw$_$6,2026,processed_po,1.0,0,-0.3333333432674408,0,-0.0765939354896545,-0.0765939354896545,0.5,0.03,0.5,3,0.5,1.097310163917268,1.239390138123173,0.8349960160446925,0.4846132,0.3883757,0.12701114,0
GK-Pprzh0t0$_$1,2026,processed_po,1.0,0,-1.6666666269302368,0,-0.7856929302215576,-0.7856929302215576,0.5,0.03,0.5,3,0.5,1.097310163917268,1.239390138123173,0.8349960160446925,0.8206089,0.092593506,0.08679759,0
GKsjv42t284$_$1,2026,processed_po,1.0,2,1.3333333730697632,2,1.03452730178833,1.03452730178833,0.5,0.03,0.5,3,0.5,1.097310163917268,1.239390138123173,0.8349960160446925,0.010729398,0.031213082,0.9580575,2
GMa0cIAltnw$_$3,2026,processed_po,1.0,2,0.3333333432674408,2,0.4641677141189575,0.4641677141189575,0.5,0.03,0.5,3,0.5,1.097310163917268,1.239390138123173,0.8349960160446925,0.1879146,0.1509126,0.66117287,2
GNP0PFas12Y$_$4,2026,processed_po,1.0,2,0.3333333432674408,2,0.2973154783248901,0.2973154783248901,0.5,0.03,0.5,3,0.5,1.097310163917268,1.239390138123173,0.8349960160446925,0.418912,0.1386435,0.44244444,2
HFPGeaEPy9o$_$0,2026,processed_po,1.0,0,-0.3333333432674408,0,-1.736800193786621,-1.736800193786621,0.5,0.03,0.5,3,0.5,1.097310163917268,1.239390138123173,0.8349960160446925,0.9355381,0.036131088,0.028330859,0
HJTxq72GuMs$_$14,2026,processed_po,1.0,2,0.6666666865348816,2,0.4583103060722351,0.4583103060722351,0.5,0.03,0.5,3,0.5,1.097310163917268,1.239390138123173,0.8349960160446925,0.09031877,0.1937061,0.71597505,2
HMRqR-P68Ws$_$0,2026,processed_po,1.0,2,1.0,1,0.0,0.0098301824182271,0.5,0.03,0.5,3,0.5,1.097310163917268,1.239390138123173,0.8349960160446925,0.103569105,0.7502411,0.1461898,1
HR18U0yAlTc$_$10,2026,processed_po,1.0,1,0.0,2,1.652552604675293,1.652552604675293,0.5,0.03,0.5,3,0.5,1.097310163917268,1.239390138123173,0.8349960160446925,0.058095835,0.029136958,0.9127672,2
HR18U0yAlTc$_$4,2026,processed_po,1.0,0,-0.3333333432674408,2,0.3473808765411377,0.3473808765411377,0.5,0.03,0.5,3,0.5,1.097310163917268,1.239390138123173,0.8349960160446925,0.038235806,0.18721026,0.77455395,2
HR18U0yAlTc$_$9,2026,processed_po,1.0,0,-0.3333333432674408,2,0.9674186706542968,0.9674186706542968,0.5,0.03,0.5,3,0.5,1.097310163917268,1.239390138123173,0.8349960160446925,0.07477091,0.0973884,0.8278407,2
HbaycY0VuZk$_$0,2026,processed_po,1.0,2,1.3333333730697632,2,0.6027584671974182,0.6027584671974182,0.5,0.03,0.5,3,0.5,1.097310163917268,1.239390138123173,0.8349960160446925,0.025451852,0.28410792,0.69044024,2
IHp8hd1jm6k$_$27,2026,processed_po,1.0,2,1.3333333730697632,2,0.5397660136222839,0.5397660136222839,0.5,0.03,0.5,3,0.5,1.097310163917268,1.239390138123173,0.8349960160446925,0.022429021,0.16261443,0.81495655,2
IHp8hd1jm6k$_$0,2026,processed_po,1.0,2,1.6666666269302368,2,0.3932796120643616,0.3932796120643616,0.5,0.03,0.5,3,0.5,1.097310163917268,1.239390138123173,0.8349960160446925,0.10153838,0.22137617,0.67708546,2
IHp8hd1jm6k$_$5,2026,processed_po,1.0,2,1.0,2,0.9537690877914428,0.9537690877914428,0.5,0.03,0.5,3,0.5,1.097310163917268,1.239390138123173,0.8349960160446925,0.04831228,0.10589853,0.8457892,2
IHp8hd1jm6k$_$7,2026,processed_po,1.0,1,0.0,0,-0.0670783668756485,-0.0670783668756485,0.5,0.03,0.5,3,0.5,1.097310163917268,1.239390138123173,0.8349960160446925,0.53505987,0.2026988,0.26224133,0
IHp8hd1jm6k$_$15,2026,processed_po,1.0,2,1.3333333730697632,2,0.7016646862030029,0.7016646862030029,0.5,0.03,0.5,3,0.5,1.097310163917268,1.239390138123173,0.8349960160446925,0.007909783,0.07823322,0.9138569,2
IIPYcCii7Sg$_$3,2026,processed_po,1.0,0,-0.3333333432674408,1,0.0,0.0947420448064804,0.5,0.03,0.5,3,0.5,1.097310163917268,1.239390138123173,0.8349960160446925,0.07785501,0.59479696,0.32734802,1
IRSxo_XXArg$_$12,2026,processed_po,1.0,1,0.0,2,1.7931514978408811,1.7931514978408811,0.5,0.03,0.5,3,0.5,1.097310163917268,1.239390138123173,0.8349960160446925,0.037849158,0.040244576,0.9219063,2
IRSxo_XXArg$_$7,2026,processed_po,1.0,1,0.0,2,1.6726174354553225,1.6726174354553225,0.5,0.03,0.5,3,0.5,1.097310163917268,1.239390138123173,0.8349960160446925,0.052153327,0.038263734,0.909583,2
Iemw8vqt-54$_$13,2026,processed_po,1.0,2,0.3333333432674408,2,0.2061217278242111,0.2061217278242111,0.5,0.03,0.5,3,0.5,1.097310163917268,1.239390138123173,0.8349960160446925,0.40268442,0.18506785,0.41224772,2
Iemw8vqt-54$_$0,2026,processed_po,1.0,2,0.6666666865348816,2,1.132767915725708,1.132767915725708,0.5,0.03,0.5,3,0.5,1.097310163917268,1.239390138123173,0.8349960160446925,0.012278179,0.088363394,0.8993584,2
Iemw8vqt-54$_$9,2026,processed_po,1.0,2,1.0,2,0.5140216946601868,0.5140216946601868,0.5,0.03,0.5,3,0.5,1.097310163917268,1.239390138123173,0.8349960160446925,0.09753977,0.18990614,0.7125541,2
JKueLneBoik$_$0,2026,processed_po,1.0,2,1.0,2,1.2677844762802124,1.2677844762802124,0.5,0.03,0.5,3,0.5,1.097310163917268,1.239390138123173,0.8349960160446925,0.035343394,0.08989084,0.87476575,2
JKueLneBoik$_$4,2026,processed_po,1.0,1,0.0,2,0.0949430167675018,0.0949430167675018,0.5,0.03,0.5,3,0.5,1.097310163917268,1.239390138123173,0.8349960160446925,0.016273642,0.38283113,0.6008952,2
JNhqI4JtPXA$_$3,2026,processed_po,1.0,2,2.0,2,2.131417751312256,2.131417751312256,0.5,0.03,0.5,3,0.5,1.097310163917268,1.239390138123173,0.8349960160446925,0.032263696,0.0303387,0.9373976,2
JXYot3NDQn0$_$2,2026,processed_po,1.0,2,0.6666666865348816,2,1.7041579484939575,1.7041579484939575,0.5,0.03,0.5,3,0.5,1.097310163917268,1.239390138123173,0.8349960160446925,0.016543185,0.044882193,0.9385747,2
KB5hSnV1emg$_$3,2026,processed_po,1.0,1,0.0,0,-0.0396899841725826,-0.0396899841725826,0.5,0.03,0.5,3,0.5,1.097310163917268,1.239390138123173,0.8349960160446925,0.60360444,0.19581582,0.20057975,0
Kn5eKHlPD0k$_$12,2026,processed_po,1.0,2,1.0,2,0.4592248201370239,0.4592248201370239,0.5,0.03,0.5,3,0.5,1.097310163917268,1.239390138123173,0.8349960160446925,0.073418446,0.3844093,0.5421723,2
Kn99u05vlpA$_$5,2026,processed_po,1.0,2,1.6666666269302368,0,-1e-06,0.1463864594697952,0.5,0.03,0.5,3,0.5,1.097310163917268,1.239390138123173,0.8349960160446925,0.42526895,0.29061332,0.28411767,0
L-7oRnbi9-w$_$3,2026,processed_po,1.0,2,0.3333333432674408,2,0.273647129535675,0.273647129535675,0.5,0.03,0.5,3,0.5,1.097310163917268,1.239390138123173,0.8349960160446925,0.12723015,0.2138755,0.65889436,2
L-a4Sh6iAcw$_$7,2026,processed_po,1.0,2,0.6666666865348816,2,0.5641591548919678,0.5641591548919678,0.5,0.03,0.5,3,0.5,1.097310163917268,1.239390138123173,0.8349960160446925,0.035914432,0.12567839,0.83840716,2
L-a4Sh6iAcw$_$9,2026,processed_po,1.0,2,0.6666666865348816,2,0.9514195919036864,0.9514195919036864,0.5,0.03,0.5,3,0.5,1.097310163917268,1.239390138123173,0.8349960160446925,0.06216927,0.07292096,0.8649097,2
LD3HYOwk1Bc$_$0,2026,processed_po,1.0,1,0.0,2,0.5921297073364258,0.5921297073364258,0.5,0.03,0.5,3,0.5,1.097310163917268,1.239390138123173,0.8349960160446925,0.06511849,0.17530155,0.75957996,2
LJGL2sGvSS0$_$2,2026,processed_po,1.0,2,1.3333333730697632,1,0.0,-0.0454444214701652,0.5,0.03,0.5,3,0.5,1.097310163917268,1.239390138123173,0.8349960160446925,0.029596163,0.67360973,0.29679412,1
LJGL2sGvSS0$_$10,2026,processed_po,1.0,2,1.3333333730697632,2,0.7265810966491699,0.7265810966491699,0.5,0.03,0.5,3,0.5,1.097310163917268,1.239390138123173,0.8349960160446925,0.0055458643,0.06632264,0.9281316,2
LJGL2sGvSS0$_$14,2026,processed_po,1.0,2,1.6666666269302368,2,1.3536148071289062,1.3536148071289062,0.5,0.03,0.5,3,0.5,1.097310163917268,1.239390138123173,0.8349960160446925,0.010620989,0.09149645,0.8978826,2
LJGL2sGvSS0$_$19,2026,processed_po,1.0,2,1.0,0,-0.4039777815341949,-0.4039777815341949,0.5,0.03,0.5,3,0.5,1.097310163917268,1.239390138123173,0.8349960160446925,0.52315146,0.15362339,0.32322514,0
LcfubBagG6Q$_$1,2026,processed_po,1.0,2,1.3333333730697632,2,0.7350967526435852,0.7350967526435852,0.5,0.03,0.5,3,0.5,1.097310163917268,1.239390138123173,0.8349960160446925,0.13586107,0.13875605,0.72538286,2
LcfubBagG6Q$_$3,2026,processed_po,1.0,2,0.3333333432674408,1,0.0,0.0403836816549301,0.5,0.03,0.5,3,0.5,1.097310163917268,1.239390138123173,0.8349960160446925,0.24024601,0.43156657,0.3281874,2
LyOq9mOEPuk$_$8,2026,processed_po,1.0,0,-0.6666666865348816,0,-1.1487956047058103,-1.1487956047058103,0.5,0.03,0.5,3,0.5,1.097310163917268,1.239390138123173,0.8349960160446925,0.88075274,0.053357698,0.06588954,0
MHVrwCEWLPI$_$4,2026,processed_po,1.0,2,1.0,2,1.2346811294555664,1.2346811294555664,0.5,0.03,0.5,3,0.5,1.097310163917268,1.239390138123173,0.8349960160446925,0.009562127,0.09090933,0.8995286,2
MHVrwCEWLPI$_$6,2026,processed_po,1.0,2,0.3333333432674408,2,0.2181897461414337,0.2181897461414337,0.5,0.03,0.5,3,0.5,1.097310163917268,1.239390138123173,0.8349960160446925,0.050962448,0.116872296,0.8321653,2
MHyW857u_X8$_$18,2026,processed_po,1.0,0,-0.3333333432674408,2,0.2177228927612304,0.2177228927612304,0.5,0.03,0.5,3,0.5,1.097310163917268,1.239390138123173,0.8349960160446925,0.35798553,0.118497975,0.52351654,2
MZUr1DfYNNw$_$1,2026,processed_po,1.0,2,1.3333333730697632,2,0.1452398151159286,0.1452398151159286,0.5,0.03,0.5,3,0.5,1.097310163917268,1.239390138123173,0.8349960160446925,0.0831093,0.39676878,0.5201219,2
NIpuKcoJhGM$_$0,2026,processed_po,1.0,2,2.0,0,-1e-06,0.3131036162376404,0.5,0.03,0.5,3,0.5,1.097310163917268,1.239390138123173,0.8349960160446925,0.5221402,0.1454097,0.33245012,0
NVLPURuAVLU$_$2,2026,processed_po,1.0,0,-0.6666666865348816,0,-0.0751917660236358,-0.0751917660236358,0.5,0.03,0.5,3,0.5,1.097310163917268,1.239390138123173,0.8349960160446925,0.4701945,0.26484686,0.26495874,0
NaWmaHwjElo$_$5,2026,processed_po,1.0,1,0.0,0,-0.2416062951087951,-0.2416062951087951,0.5,0.03,0.5,3,0.5,1.097310163917268,1.239390138123173,0.8349960160446925,0.46127978,0.327932,0.21078825,0
NiAjz4ciA60$_$1,2026,processed_po,1.0,2,1.0,2,1.1386038064956665,1.1386038064956665,0.5,0.03,0.5,3,0.5,1.097310163917268,1.239390138123173,0.8349960160446925,0.010143246,0.053884912,0.9359719,2
NocexkPXja8$_$13,2026,processed_po,1.0,0,-1.0,0,-1.0016623735427856,-1.0016623735427856,0.5,0.03,0.5,3,0.5,1.097310163917268,1.239390138123173,0.8349960160446925,0.8348316,0.11808353,0.04708486,0
NocexkPXja8$_$4,2026,processed_po,1.0,0,-2.3333332538604736,0,-1.7564663887023926,-1.7564663887023926,0.5,0.03,0.5,3,0.5,1.097310163917268,1.239390138123173,0.8349960160446925,0.94077337,0.031234741,0.027991936,0
O-b3DQg0QmA$_$1,2026,processed_po,1.0,1,0.0,2,0.2052485942840576,0.2052485942840576,0.5,0.03,0.5,3,0.5,1.097310163917268,1.239390138123173,0.8349960160446925,0.027034275,0.40502378,0.56794196,2
OFia3dWgaoI$_$0,2026,processed_po,1.0,0,-1.3333333730697632,0,-0.2321408540010452,-0.2321408540010452,0.5,0.03,0.5,3,0.5,1.097310163917268,1.239390138123173,0.8349960160446925,0.58701587,0.22530012,0.18768403,0
OFia3dWgaoI$_$6,2026,processed_po,1.0,0,-0.6666666865348816,0,-0.5235648155212402,-0.5235648155212402,0.5,0.03,0.5,3,0.5,1.097310163917268,1.239390138123173,0.8349960160446925,0.8118293,0.066376254,0.121794365,0
OKJPFisBoPY$_$0,2026,processed_po,1.0,2,0.3333333432674408,2,0.8515268564224243,0.8515268564224243,0.5,0.03,0.5,3,0.5,1.097310163917268,1.239390138123173,0.8349960160446925,0.017328868,0.13959733,0.8430738,2
OORklkFql3k$_$10,2026,processed_po,1.0,0,-0.3333333432674408,0,-0.8789701461791992,-0.8789701461791992,0.5,0.03,0.5,3,0.5,1.097310163917268,1.239390138123173,0.8349960160446925,0.8731241,0.078559816,0.04831601,0
OORklkFql3k$_$4,2026,processed_po,1.0,0,-2.0,2,0.1673347353935241,0.1673347353935241,0.5,0.03,0.5,3,0.5,1.097310163917268,1.239390138123173,0.8349960160446925,0.32214054,0.17173013,0.50612926,2
OWWHjP3pX9o$_$0,2026,processed_po,1.0,0,-0.3333333432674408,2,0.0974615290760994,0.0974615290760994,0.5,0.03,0.5,3,0.5,1.097310163917268,1.239390138123173,0.8349960160446925,0.37803963,0.24232844,0.379632,2
OWWHjP3pX9o$_$4,2026,processed_po,1.0,2,0.6666666865348816,0,-0.0610006377100944,-0.0610006377100944,0.5,0.03,0.5,3,0.5,1.097310163917268,1.239390138123173,0.8349960160446925,0.4331525,0.19556938,0.37127814,2
OXsTIPdytiw$_$0,2026,processed_po,1.0,2,0.6666666865348816,1,0.0,0.2471128553152084,0.5,0.03,0.5,3,0.5,1.097310163917268,1.239390138123173,0.8349960160446925,0.034435667,0.53167117,0.43389314,2
OXsTIPdytiw$_$7,2026,processed_po,1.0,2,0.6666666865348816,2,0.9138731956481934,0.9138731956481934,0.5,0.03,0.5,3,0.5,1.097310163917268,1.239390138123173,0.8349960160446925,0.01450778,0.072865814,0.9126265,2
Oa2xVjzAMFc$_$9,2026,processed_po,1.0,0,-0.3333333432674408,1,0.0,0.2811393737792969,0.5,0.03,0.5,3,0.5,1.097310163917268,1.239390138123173,0.8349960160446925,0.19468512,0.436585,0.36872986,2
OctOcfI4KSs$_$3,2026,processed_po,1.0,2,0.3333333432674408,0,-0.2272350192070007,-0.2272350192070007,0.5,0.03,0.5,3,0.5,1.097310163917268,1.239390138123173,0.8349960160446925,0.5143919,0.3340765,0.15153165,0
OctOcfI4KSs$_$7,2026,processed_po,1.0,2,0.3333333432674408,1,0.0,0.032004602253437,0.5,0.03,0.5,3,0.5,1.097310163917268,1.239390138123173,0.8349960160446925,0.15910336,0.5485578,0.29233882,1
P0UHzR4CmYg$_$1,2026,processed_po,1.0,2,1.0,1,0.0,0.4238188862800598,0.5,0.03,0.5,3,0.5,1.097310163917268,1.239390138123173,0.8349960160446925,0.041575644,0.52681494,0.43160945,2
P0UHzR4CmYg$_$3,2026,processed_po,1.0,2,0.6666666865348816,2,1.1085281372070312,1.1085281372070312,0.5,0.03,0.5,3,0.5,1.097310163917268,1.239390138123173,0.8349960160446925,0.012939323,0.13639104,0.8506696,2
P0UHzR4CmYg$_$4,2026,processed_po,1.0,2,1.0,2,1.186347484588623,1.186347484588623,0.5,0.03,0.5,3,0.5,1.097310163917268,1.239390138123173,0.8349960160446925,0.004465589,0.08239466,0.9131398,2
P0UHzR4CmYg$_$8,2026,processed_po,1.0,2,0.6666666865348816,0,-0.0624008253216743,-0.0624008253216743,0.5,0.03,0.5,3,0.5,1.097310163917268,1.239390138123173,0.8349960160446925,0.39750335,0.24213389,0.36036277,2
P0UHzR4CmYg$_$11,2026,processed_po,1.0,0,-1.0,0,-0.4328292310237884,-0.4328292310237884,0.5,0.03,0.5,3,0.5,1.097310163917268,1.239390138123173,0.8349960160446925,0.56610477,0.23831351,0.1955818,0
PcqKFt1p3UQ$_$10,2026,processed_po,1.0,2,0.3333333432674408,0,-0.0128669813275337,-0.0128669813275337,0.5,0.03,0.5,3,0.5,1.097310163917268,1.239390138123173,0.8349960160446925,0.3538504,0.30842546,0.33772418,2
PzI6yY9Y2xQ$_$0,2026,processed_po,1.0,2,1.6666666269302368,2,1.0406279563903809,1.0406279563903809,0.5,0.03,0.5,3,0.5,1.097310163917268,1.239390138123173,0.8349960160446925,0.033658523,0.029851042,0.9364904,2
PzI6yY9Y2xQ$_$2,2026,processed_po,1.0,2,1.3333333730697632,2,0.7373813390731812,0.7373813390731812,0.5,0.03,0.5,3,0.5,1.097310163917268,1.239390138123173,0.8349960160446925,0.031852443,0.078098476,0.89004904,2
QBc7X5jj8oA$_$4,2026,processed_po,1.0,2,1.3333333730697632,0,-1e-06,0.2895838618278503,0.5,0.03,0.5,3,0.5,1.097310163917268,1.239390138123173,0.8349960160446925,0.4451195,0.20030288,0.35457763,0
QCR7uyowjhM$_$10,2026,processed_po,1.0,2,0.3333333432674408,2,0.4963811039924621,0.4963811039924621,0.5,0.03,0.5,3,0.5,1.097310163917268,1.239390138123173,0.8349960160446925,0.08251397,0.29450512,0.6229809,2
QCR7uyowjhM$_$8,2026,processed_po,1.0,1,0.0,0,-1.1021087169647217,-1.1021087169647217,0.5,0.03,0.5,3,0.5,1.097310163917268,1.239390138123173,0.8349960160446925,0.758258,0.1948864,0.046855617,0
QIonRUsCqBs$_$1,2026,processed_po,1.0,2,1.3333333730697632,2,1.1875622272491455,1.1875622272491455,0.5,0.03,0.5,3,0.5,1.097310163917268,1.239390138123173,0.8349960160446925,0.012016348,0.07175257,0.9162311,2
Qfa1fY_07bQ$_$5,2026,processed_po,1.0,2,1.3333333730697632,2,0.2377970516681671,0.2377970516681671,0.5,0.03,0.5,3,0.5,1.097310163917268,1.239390138123173,0.8349960160446925,0.08387725,0.3022564,0.6138663,2
R9xTBw3MCWI$_$5,2026,processed_po,1.0,2,0.3333333432674408,2,1.4847102165222168,1.4847102165222168,0.5,0.03,0.5,3,0.5,1.097310163917268,1.239390138123173,0.8349960160446925,0.009752336,0.019895721,0.97035193,2
ROC2YI3tDsk$_$13,2026,processed_po,1.0,2,0.3333333432674408,2,0.901633322238922,0.901633322238922,0.5,0.03,0.5,3,0.5,1.097310163917268,1.239390138123173,0.8349960160446925,0.013255805,0.15106848,0.8356757,2
ROC2YI3tDsk$_$3,2026,processed_po,1.0,2,1.0,2,0.5876362323760986,0.5876362323760986,0.5,0.03,0.5,3,0.5,1.097310163917268,1.239390138123173,0.8349960160446925,0.09854605,0.17774461,0.7237093,2
RVC8l5hf2Eg$_$13,2026,processed_po,1.0,0,-0.6666666865348816,2,0.147142231464386,0.147142231464386,0.5,0.03,0.5,3,0.5,1.097310163917268,1.239390138123173,0.8349960160446925,0.28072253,0.32843727,0.3908402,2
RVC8l5hf2Eg$_$8,2026,processed_po,1.0,0,-0.3333333432674408,0,-0.2049651145935058,-0.2049651145935058,0.5,0.03,0.5,3,0.5,1.097310163917268,1.239390138123173,0.8349960160446925,0.5164533,0.36017755,0.12336917,0
Rb1uzHNcYcA$_$4,2026,processed_po,1.0,2,1.6666666269302368,2,1.4969799518585205,1.4969799518585205,0.5,0.03,0.5,3,0.5,1.097310163917268,1.239390138123173,0.8349960160446925,0.013051542,0.038608592,0.94833994,2
RvmTZVNAAuQ$_$2,2026,processed_po,1.0,1,0.0,2,0.4603369832038879,0.4603369832038879,0.5,0.03,0.5,3,0.5,1.097310163917268,1.239390138123173,0.8349960160446925,0.06784692,0.17027636,0.76187676,2
SKTyBOhDX6U$_$11,2026,processed_po,1.0,2,1.6666666269302368,2,0.8463741540908813,0.8463741540908813,0.5,0.03,0.5,3,0.5,1.097310163917268,1.239390138123173,0.8349960160446925,0.032526623,0.13354713,0.8339263,2
SKTyBOhDX6U$_$12,2026,processed_po,1.0,2,0.6666666865348816,0,-0.0122956354171037,-0.0122956354171037,0.5,0.03,0.5,3,0.5,1.097310163917268,1.239390138123173,0.8349960160446925,0.42322963,0.33754635,0.23922399,0
SKTyBOhDX6U$_$9,2026,processed_po,1.0,2,1.0,2,0.9972635507583618,0.9972635507583618,0.5,0.03,0.5,3,0.5,1.097310163917268,1.239390138123173,0.8349960160446925,0.011297621,0.049766086,0.9389363,2
SYQ_zv8dWng$_$0,2026,processed_po,1.0,2,0.3333333432674408,1,0.0,0.3074532747268677,0.5,0.03,0.5,3,0.5,1.097310163917268,1.239390138123173,0.8349960160446925,0.028856417,0.56791675,0.40322682,2
SYQ_zv8dWng$_$5,2026,processed_po,1.0,2,0.6666666865348816,0,-1e-06,0.2608413398265838,0.5,0.03,0.5,3,0.5,1.097310163917268,1.239390138123173,0.8349960160446925,0.46745104,0.109661855,0.42288715,2
SYQ_zv8dWng$_$6,2026,processed_po,1.0,2,0.6666666865348816,1,0.0,0.0649177730083465,0.5,0.03,0.5,3,0.5,1.097310163917268,1.239390138123173,0.8349960160446925,0.046376288,0.52986115,0.42376253,2
SYQ_zv8dWng$_$9,2026,processed_po,1.0,1,0.0,2,0.3206529021263122,0.3206529021263122,0.5,0.03,0.5,3,0.5,1.097310163917268,1.239390138123173,0.8349960160446925,0.15848044,0.3928633,0.44865626,2
SZ7HK5ns6mE$_$11,2026,processed_po,1.0,2,1.6666666269302368,2,0.1960357427597046,0.1960357427597046,0.5,0.03,0.5,3,0.5,1.097310163917268,1.239390138123173,0.8349960160446925,0.23356214,0.24056637,0.52587146,2
Sq6DIhFxPqQ$_$4,2026,processed_po,1.0,1,0.0,0,-0.3607657253742218,-0.3607657253742218,0.5,0.03,0.5,3,0.5,1.097310163917268,1.239390138123173,0.8349960160446925,0.6382408,0.20816685,0.15359241,0
SwT0gh0V8fI$_$10,2026,processed_po,1.0,1,0.0,0,-0.2459639012813568,-0.2459639012813568,0.5,0.03,0.5,3,0.5,1.097310163917268,1.239390138123173,0.8349960160446925,0.5473003,0.09592019,0.35677952,0
SwT0gh0V8fI$_$19,2026,processed_po,1.0,2,0.6666666865348816,2,1.338996171951294,1.338996171951294,0.5,0.03,0.5,3,0.5,1.097310163917268,1.239390138123173,0.8349960160446925,0.27346015,0.06899977,0.6575401,2
SwT0gh0V8fI$_$5,2026,processed_po,1.0,1,0.0,0,-0.9608365297317504,-0.9608365297317504,0.5,0.03,0.5,3,0.5,1.097310163917268,1.239390138123173,0.8349960160446925,0.69703084,0.2747286,0.028240575,0
TXiOSZdaLJ8$_$2,2026,processed_po,1.0,2,0.6666666865348816,2,0.8419352173805237,0.8419352173805237,0.5,0.03,0.5,3,0.5,1.097310163917268,1.239390138123173,0.8349960160446925,0.09764028,0.07879157,0.8235682,2
TcTGCIh6e5s$_$4,2026,processed_po,1.0,1,0.0,1,0.0,0.2237472534179687,0.5,0.03,0.5,3,0.5,1.097310163917268,1.239390138123173,0.8349960160446925,0.08365797,0.7214336,0.19490844,1
TxRtSItpGMo$_$4,2026,processed_po,1.0,2,2.0,2,0.7222378849983215,0.7222378849983215,0.5,0.03,0.5,3,0.5,1.097310163917268,1.239390138123173,0.8349960160446925,0.009037266,0.120037824,0.87092495,2
U-KihZeIfKI$_$20,2026,processed_po,1.0,2,1.3333333730697632,2,0.972996473312378,0.972996473312378,0.5,0.03,0.5,3,0.5,1.097310163917268,1.239390138123173,0.8349960160446925,0.03380918,0.09727204,0.8689188,2
U-KihZeIfKI$_$1,2026,processed_po,1.0,2,0.6666666865348816,2,0.4880897104740143,0.4880897104740143,0.5,0.03,0.5,3,0.5,1.097310163917268,1.239390138123173,0.8349960160446925,0.34783226,0.13775855,0.51440924,2
U-KihZeIfKI$_$6,2026,processed_po,1.0,0,-1.0,0,-1.631670355796814,-1.631670355796814,0.5,0.03,0.5,3,0.5,1.097310163917268,1.239390138123173,0.8349960160446925,0.8877147,0.08257041,0.029714873,0
U-KihZeIfKI$_$15,2026,processed_po,1.0,2,0.6666666865348816,0,-0.1768644154071808,-0.1768644154071808,0.5,0.03,0.5,3,0.5,1.097310163917268,1.239390138123173,0.8349960160446925,0.45362186,0.34898302,0.19739507,0
U-KihZeIfKI$_$16,2026,processed_po,1.0,2,1.0,2,0.9803813695907592,0.9803813695907592,0.5,0.03,0.5,3,0.5,1.097310163917268,1.239390138123173,0.8349960160446925,0.022191675,0.14283802,0.83497024,2
UiurP5k-f1A$_$4,2026,processed_po,1.0,2,1.0,2,0.8452854156494141,0.8452854156494141,0.5,0.03,0.5,3,0.5,1.097310163917268,1.239390138123173,0.8349960160446925,0.021818243,0.09857031,0.87961155,2
UjqA6KVW2m8$_$0,2026,processed_po,1.0,0,-0.3333333432674408,0,-0.8528961539268494,-0.8528961539268494,0.5,0.03,0.5,3,0.5,1.097310163917268,1.239390138123173,0.8349960160446925,0.8930016,0.075663626,0.031334765,0
UjqA6KVW2m8$_$3,2026,processed_po,1.0,0,-0.6666666865348816,2,0.1189648061990737,0.1189648061990737,0.5,0.03,0.5,3,0.5,1.097310163917268,1.239390138123173,0.8349960160446925,0.21075249,0.34360355,0.445644,2
UjqA6KVW2m8$_$2,2026,processed_po,1.0,0,-1.3333333730697632,0,-1.0794870853424072,-1.0794870853424072,0.5,0.03,0.5,3,0.5,1.097310163917268,1.239390138123173,0.8349960160446925,0.76595354,0.17026253,0.06378391,0
UjqA6KVW2m8$_$4,2026,processed_po,1.0,2,1.0,2,1.2357782125473022,1.2357782125473022,0.5,0.03,0.5,3,0.5,1.097310163917268,1.239390138123173,0.8349960160446925,0.02154492,0.05782643,0.92062867,2
UweZVaFqruU$_$1,2026,processed_po,1.0,2,0.3333333432674408,2,0.2305891811847686,0.2305891811847686,0.5,0.03,0.5,3,0.5,1.097310163917268,1.239390138123173,0.8349960160446925,0.04357707,0.45980483,0.49661812,2
UweZVaFqruU$_$5,2026,processed_po,1.0,1,0.0,1,0.0,0.0782384276390075,0.5,0.03,0.5,3,0.5,1.097310163917268,1.239390138123173,0.8349960160446925,0.18987277,0.5627669,0.24736036,1
V27mmEkN80g$_$0,2026,processed_po,1.0,1,0.0,2,0.5989636182785034,0.5989636182785034,0.5,0.03,0.5,3,0.5,1.097310163917268,1.239390138123173,0.8349960160446925,0.0652363,0.20361948,0.73114425,2
VDkBM0ZG4q8$_$4,2026,processed_po,1.0,1,0.0,1,0.0,-0.0989708974957466,0.5,0.03,0.5,3,0.5,1.097310163917268,1.239390138123173,0.8349960160446925,0.24406277,0.6212324,0.13470484,1
VDkBM0ZG4q8$_$7,2026,processed_po,1.0,2,0.3333333432674408,2,0.8589854836463928,0.8589854836463928,0.5,0.03,0.5,3,0.5,1.097310163917268,1.239390138123173,0.8349960160446925,0.011728674,0.08874619,0.8995251,2
VLQgw-88v4Q$_$2,2026,processed_po,1.0,2,1.0,2,0.432639479637146,0.432639479637146,0.5,0.03,0.5,3,0.5,1.097310163917268,1.239390138123173,0.8349960160446925,0.011094918,0.273413,0.71549207,2
VLQgw-88v4Q$_$6,2026,processed_po,1.0,2,1.6666666269302368,2,0.4509945809841156,0.4509945809841156,0.5,0.03,0.5,3,0.5,1.097310163917268,1.239390138123173,0.8349960160446925,0.008598215,0.24227628,0.7491255,2
VLQgw-88v4Q$_$8,2026,processed_po,1.0,2,1.3333333730697632,2,0.619717001914978,0.619717001914978,0.5,0.03,0.5,3,0.5,1.097310163917268,1.239390138123173,0.8349960160446925,0.047831584,0.14211765,0.81005085,2
VXy21GwGs8o$_$0,2026,processed_po,1.0,1,0.0,2,0.5704649686813354,0.5704649686813354,0.5,0.03,0.5,3,0.5,1.097310163917268,1.239390138123173,0.8349960160446925,0.07985559,0.17264946,0.74749494,2
Vdf1McvE9ao$_$9,2026,processed_po,1.0,1,0.0,0,-0.4893776178359985,-0.4893776178359985,0.5,0.03,0.5,3,0.5,1.097310163917268,1.239390138123173,0.8349960160446925,0.54541034,0.42363834,0.030951325,0
Vlas-mPydcg$_$17,2026,processed_po,1.0,2,0.6666666865348816,0,-0.4005860388278961,-0.4005860388278961,0.5,0.03,0.5,3,0.5,1.097310163917268,1.239390138123173,0.8349960160446925,0.43423185,0.1713383,0.3944299,2
Vlas-mPydcg$_$3,2026,processed_po,1.0,2,1.0,2,0.5101348161697388,0.5101348161697388,0.5,0.03,0.5,3,0.5,1.097310163917268,1.239390138123173,0.8349960160446925,0.008457896,0.1798628,0.81167936,2
VsXGwSZazwA$_$4,2026,processed_po,1.0,1,0.0,1,0.0,0.1548298299312591,0.5,0.03,0.5,3,0.5,1.097310163917268,1.239390138123173,0.8349960160446925,0.110942334,0.61926657,0.26979107,1
VsXGwSZazwA$_$6,2026,processed_po,1.0,2,1.6666666269302368,2,0.2289969325065612,0.2289969325065612,0.5,0.03,0.5,3,0.5,1.097310163917268,1.239390138123173,0.8349960160446925,0.023302125,0.450105,0.5265929,2
VwGPIUNayKM$_$1,2026,processed_po,1.0,1,0.0,1,0.0,0.2029909491539001,0.5,0.03,0.5,3,0.5,1.097310163917268,1.239390138123173,0.8349960160446925,0.03519279,0.5796145,0.38519266,1
VwGPIUNayKM$_$5,2026,processed_po,1.0,0,-1.0,0,-1e-06,0.0139492079615592,0.5,0.03,0.5,3,0.5,1.097310163917268,1.239390138123173,0.8349960160446925,0.5459407,0.14963377,0.30442548,0
VwGPIUNayKM$_$8,2026,processed_po,1.0,2,1.0,2,0.9798014163970948,0.9798014163970948,0.5,0.03,0.5,3,0.5,1.097310163917268,1.239390138123173,0.8349960160446925,0.09668124,0.13577673,0.767542,2
W1CWpktWtTs$_$5,2026,processed_po,1.0,2,1.0,2,1.193280577659607,1.193280577659607,0.5,0.03,0.5,3,0.5,1.097310163917268,1.239390138123173,0.8349960160446925,0.032785818,0.08607913,0.8811351,2
W1CWpktWtTs$_$9,2026,processed_po,1.0,2,0.6666666865348816,0,-1e-06,0.2527207434177398,0.5,0.03,0.5,3,0.5,1.097310163917268,1.239390138123173,0.8349960160446925,0.46619,0.0894623,0.4443477,2
WfNiQBXmPw8$_$3,2026,processed_po,1.0,0,-0.3333333432674408,0,-0.6345241665840149,-0.6345241665840149,0.5,0.03,0.5,3,0.5,1.097310163917268,1.239390138123173,0.8349960160446925,0.7000996,0.19246835,0.107432045,0
WfNiQBXmPw8$_$5,2026,processed_po,1.0,2,0.3333333432674408,0,-0.231163203716278,-0.231163203716278,0.5,0.03,0.5,3,0.5,1.097310163917268,1.239390138123173,0.8349960160446925,0.64690375,0.14603025,0.20706597,0
WgI8IbJtXHw$_$0,2026,processed_po,1.0,1,0.0,2,1.6271013021469116,1.6271013021469116,0.5,0.03,0.5,3,0.5,1.097310163917268,1.239390138123173,0.8349960160446925,0.07891513,0.03276516,0.8883197,2
X2Hs89fZ2-c$_$4,2026,processed_po,1.0,2,1.0,1,0.0,0.0688497871160507,0.5,0.03,0.5,3,0.5,1.097310163917268,1.239390138123173,0.8349960160446925,0.031630874,0.5851501,0.38321897,1
X6N7UEFJLNY$_$0,2026,processed_po,1.0,2,0.3333333432674408,2,0.4335407018661499,0.4335407018661499,0.5,0.03,0.5,3,0.5,1.097310163917268,1.239390138123173,0.8349960160446925,0.04127805,0.26934987,0.68937206,2
X6N7UEFJLNY$_$2,2026,processed_po,1.0,1,0.0,2,0.4931500554084778,0.4931500554084778,0.5,0.03,0.5,3,0.5,1.097310163917268,1.239390138123173,0.8349960160446925,0.036578637,0.25940418,0.7040172,2
X6N7UEFJLNY$_$4,2026,processed_po,1.0,2,0.6666666865348816,2,1.1685560941696167,1.1685560941696167,0.5,0.03,0.5,3,0.5,1.097310163917268,1.239390138123173,0.8349960160446925,0.006513946,0.05516191,0.9383241,2
XDVit9ASVUg$_$2,2026,processed_po,1.0,2,0.3333333432674408,1,0.0,-0.1054194420576095,0.5,0.03,0.5,3,0.5,1.097310163917268,1.239390138123173,0.8349960160446925,0.12325733,0.6414899,0.23525275,1
XKyumlBmix8$_$0,2026,processed_po,1.0,1,0.0,2,0.4396708607673645,0.4396708607673645,0.5,0.03,0.5,3,0.5,1.097310163917268,1.239390138123173,0.8349960160446925,0.094183035,0.27064946,0.63516754,2
XKyumlBmix8$_$2,2026,processed_po,1.0,0,-0.6666666865348816,0,-0.411092609167099,-0.411092609167099,0.5,0.03,0.5,3,0.5,1.097310163917268,1.239390138123173,0.8349960160446925,0.72818667,0.16554923,0.106264025,0
XVWiAArXYpE$_$3,2026,processed_po,1.0,0,-0.6666666865348816,2,0.0941469073295593,0.0941469073295593,0.5,0.03,0.5,3,0.5,1.097310163917268,1.239390138123173,0.8349960160446925,0.2666351,0.2586976,0.47466725,2
XVWiAArXYpE$_$4,2026,processed_po,1.0,0,-2.0,0,-1.1610021591186523,-1.1610021591186523,0.5,0.03,0.5,3,0.5,1.097310163917268,1.239390138123173,0.8349960160446925,0.72860354,0.18191098,0.08948549,0
XVWiAArXYpE$_$9,2026,processed_po,1.0,0,-0.3333333432674408,1,0.0,-0.0031593618914484,0.5,0.03,0.5,3,0.5,1.097310163917268,1.239390138123173,0.8349960160446925,0.28849941,0.373303,0.33819762,2
X_TusmBIlC0$_$5,2026,processed_po,1.0,1,0.0,2,0.1421743631362915,0.1421743631362915,0.5,0.03,0.5,3,0.5,1.097310163917268,1.239390138123173,0.8349960160446925,0.18264213,0.364217,0.45314083,2
Xa086gxLJ3Y$_$12,2026,processed_po,1.0,2,0.3333333432674408,1,0.0,0.2305412292480468,0.5,0.03,0.5,3,0.5,1.097310163917268,1.239390138123173,0.8349960160446925,0.011258783,0.60832214,0.38041905,1
XrNaL-MTjXg$_$3,2026,processed_po,1.0,1,0.0,2,1e-06,-0.3773560523986816,0.5,0.03,0.5,3,0.5,1.097310163917268,1.239390138123173,0.8349960160446925,0.30744797,0.27533308,0.417219,2
Xy57UpKRNEo$_$7,2026,processed_po,1.0,0,-1.0,0,-0.9856797456741332,-0.9856797456741332,0.5,0.03,0.5,3,0.5,1.097310163917268,1.239390138123173,0.8349960160446925,0.6826743,0.14151125,0.17581442,0
Y8dI1GTWCk4$_$6,2026,processed_po,1.0,2,1.3333333730697632,2,0.7678508758544922,0.7678508758544922,0.5,0.03,0.5,3,0.5,1.097310163917268,1.239390138123173,0.8349960160446925,0.009781499,0.14658877,0.8436298,2
YLK58srjhNI$_$3,2026,processed_po,1.0,2,0.6666666865348816,2,1.0815335512161257,1.0815335512161257,0.5,0.03,0.5,3,0.5,1.097310163917268,1.239390138123173,0.8349960160446925,0.3364388,0.049779262,0.613782,2
YQZPnHZRp1w$_$1,2026,processed_po,1.0,2,0.3333333432674408,2,0.0902913659811019,0.0902913659811019,0.5,0.03,0.5,3,0.5,1.097310163917268,1.239390138123173,0.8349960160446925,0.017675625,0.40538564,0.5769387,2
YUNxD04EvfE$_$1,2026,processed_po,1.0,0,-0.3333333432674408,1,0.0,-0.0563917756080627,0.5,0.03,0.5,3,0.5,1.097310163917268,1.239390138123173,0.8349960160446925,0.24854673,0.3943753,0.35707796,2
Z4iYSMMMycQ$_$4,2026,processed_po,1.0,2,0.6666666865348816,2,0.4790005087852478,0.4790005087852478,0.5,0.03,0.5,3,0.5,1.097310163917268,1.239390138123173,0.8349960160446925,0.027824458,0.3058579,0.66631764,2
ZKErPftd--w$_$6,2026,processed_po,1.0,2,0.6666666865348816,2,1.54278302192688,1.54278302192688,0.5,0.03,0.5,3,0.5,1.097310163917268,1.239390138123173,0.8349960160446925,0.07279615,0.11215492,0.8150489,2
ZKZ8UjaQQT4$_$7,2026,processed_po,1.0,1,0.0,2,0.2623377740383148,0.2623377740383148,0.5,0.03,0.5,3,0.5,1.097310163917268,1.239390138123173,0.8349960160446925,0.24087255,0.16552334,0.59360415,2
ZS1Nb0OWYNE$_$11,2026,processed_po,1.0,2,0.6666666865348816,2,1.449059009552002,1.449059009552002,0.5,0.03,0.5,3,0.5,1.097310163917268,1.239390138123173,0.8349960160446925,0.016684188,0.05717195,0.9261438,2
ZS1Nb0OWYNE$_$15,2026,processed_po,1.0,1,0.0,2,1.7425332069396973,1.7425332069396973,0.5,0.03,0.5,3,0.5,1.097310163917268,1.239390138123173,0.8349960160446925,0.004059303,0.014792936,0.9811478,2
ZS1Nb0OWYNE$_$5,2026,processed_po,1.0,2,0.6666666865348816,2,0.2922098040580749,0.2922098040580749,0.5,0.03,0.5,3,0.5,1.097310163917268,1.239390138123173,0.8349960160446925,0.082172506,0.22176968,0.6960578,2
ZS1Nb0OWYNE$_$9,2026,processed_po,1.0,2,2.6666667461395264,2,1.138063669204712,1.138063669204712,0.5,0.03,0.5,3,0.5,1.097310163917268,1.239390138123173,0.8349960160446925,0.031897165,0.052478414,0.9156244,2
ZcFzcd4ZoMg$_$4,2026,processed_po,1.0,0,-0.3333333432674408,0,-0.2020701766014099,-0.2020701766014099,0.5,0.03,0.5,3,0.5,1.097310163917268,1.239390138123173,0.8349960160446925,0.43040785,0.24839804,0.32119408,0
ZeH7gZw94k0$_$1,2026,processed_po,1.0,2,1.6666666269302368,2,1.3940380811691284,1.3940380811691284,0.5,0.03,0.5,3,0.5,1.097310163917268,1.239390138123173,0.8349960160446925,0.116125666,0.23723401,0.64664036,2
ZtocGyL3Tfc$_$13,2026,processed_po,1.0,2,1.0,2,0.709281325340271,0.709281325340271,0.5,0.03,0.5,3,0.5,1.097310163917268,1.239390138123173,0.8349960160446925,0.13677128,0.080981255,0.7822474,2
ZtocGyL3Tfc$_$10,2026,processed_po,1.0,2,1.0,2,0.5753012299537659,0.5753012299537659,0.5,0.03,0.5,3,0.5,1.097310163917268,1.239390138123173,0.8349960160446925,0.08290394,0.17548847,0.7416076,2
ZtocGyL3Tfc$_$9,2026,processed_po,1.0,2,1.6666666269302368,2,1.4314401149749756,1.4314401149749756,0.5,0.03,0.5,3,0.5,1.097310163917268,1.239390138123173,0.8349960160446925,0.018956922,0.04870353,0.9323395,2
ZznoGQVwTtw$_$4,2026,processed_po,1.0,2,1.6666666269302368,2,0.3818455934524536,0.3818455934524536,0.5,0.03,0.5,3,0.5,1.097310163917268,1.239390138123173,0.8349960160446925,0.041843202,0.11629341,0.8418634,2
_1nvuNk7EFY$_$10,2026,processed_po,1.0,0,-0.3333333432674408,0,-1.180742263793945,-1.180742263793945,0.5,0.03,0.5,3,0.5,1.097310163917268,1.239390138123173,0.8349960160446925,0.8846793,0.07671562,0.038605068,0
_OmWVs0-6UM$_$0,2026,processed_po,1.0,1,0.0,2,0.3287308514118194,0.3287308514118194,0.5,0.03,0.5,3,0.5,1.097310163917268,1.239390138123173,0.8349960160446925,0.034405027,0.45647123,0.5091237,2
_on_E-ZWy0I$_$21,2026,processed_po,1.0,2,1.3333333730697632,2,0.789431095123291,0.789431095123291,0.5,0.03,0.5,3,0.5,1.097310163917268,1.239390138123173,0.8349960160446925,0.17517786,0.08098202,0.74384016,2
_on_E-ZWy0I$_$3,2026,processed_po,1.0,1,0.0,0,-0.4124331474304199,-0.4124331474304199,0.5,0.03,0.5,3,0.5,1.097310163917268,1.239390138123173,0.8349960160446925,0.5698095,0.34414643,0.0860441,0
_on_E-ZWy0I$_$12,2026,processed_po,1.0,0,-1.0,2,0.11299829185009,0.11299829185009,0.5,0.03,0.5,3,0.5,1.097310163917268,1.239390138123173,0.8349960160446925,0.17859522,0.29334867,0.5280561,2
_q7DM8WkzAQ$_$3,2026,processed_po,1.0,2,0.6666666865348816,2,0.5328856706619263,0.5328856706619263,0.5,0.03,0.5,3,0.5,1.097310163917268,1.239390138123173,0.8349960160446925,0.025943289,0.18345529,0.79060143,2
a4PHWxILDp0$_$15,2026,processed_po,1.0,1,0.0,0,-0.1572256386280059,-0.1572256386280059,0.5,0.03,0.5,3,0.5,1.097310163917268,1.239390138123173,0.8349960160446925,0.4938322,0.36763594,0.13853188,0
ahG9c_uaf8s$_$1,2026,processed_po,1.0,2,0.3333333432674408,2,0.7211845517158508,0.7211845517158508,0.5,0.03,0.5,3,0.5,1.097310163917268,1.239390138123173,0.8349960160446925,0.008478031,0.09591485,0.8956071,2
ahG9c_uaf8s$_$3,2026,processed_po,1.0,2,0.3333333432674408,2,0.9349653720855712,0.9349653720855712,0.5,0.03,0.5,3,0.5,1.097310163917268,1.239390138123173,0.8349960160446925,0.017333025,0.08455593,0.89811105,2
b92iw0OAnI4$_$7,2026,processed_po,1.0,2,1.3333333730697632,2,0.9316836595535278,0.9316836595535278,0.5,0.03,0.5,3,0.5,1.097310163917268,1.239390138123173,0.8349960160446925,0.2135296,0.10358286,0.6828875,2
bNQOeiAotbk$_$8,2026,processed_po,1.0,1,0.0,1,0.0,-0.0142943784594535,0.5,0.03,0.5,3,0.5,1.097310163917268,1.239390138123173,0.8349960160446925,0.24357578,0.40868962,0.3477346,2
bdFCD-3BCRg$_$2,2026,processed_po,1.0,2,1.0,2,1.402663230895996,1.402663230895996,0.5,0.03,0.5,3,0.5,1.097310163917268,1.239390138123173,0.8349960160446925,0.011721168,0.054082613,0.9341963,2
bdFCD-3BCRg$_$11,2026,processed_po,1.0,2,0.6666666865348816,2,0.8545589447021484,0.8545589447021484,0.5,0.03,0.5,3,0.5,1.097310163917268,1.239390138123173,0.8349960160446925,0.01885065,0.1754661,0.80568326,2
bdFCD-3BCRg$_$12,2026,processed_po,1.0,2,1.0,2,1.0585449934005735,1.0585449934005735,0.5,0.03,0.5,3,0.5,1.097310163917268,1.239390138123173,0.8349960160446925,0.00691412,0.14562252,0.8474634,2
c5VEvmutmVg$_$13,2026,processed_po,1.0,2,1.0,2,0.5959962010383606,0.5959962010383606,0.5,0.03,0.5,3,0.5,1.097310163917268,1.239390138123173,0.8349960160446925,0.07440725,0.23718901,0.6884037,2
c5VEvmutmVg$_$19,2026,processed_po,1.0,1,0.0,2,0.4294452667236328,0.4294452667236328,0.5,0.03,0.5,3,0.5,1.097310163917268,1.239390138123173,0.8349960160446925,0.017533874,0.4722339,0.51023227,2
c5VEvmutmVg$_$0,2026,processed_po,1.0,2,1.6666666269302368,2,1.59267258644104,1.59267258644104,0.5,0.03,0.5,3,0.5,1.097310163917268,1.239390138123173,0.8349960160446925,0.06369967,0.10265588,0.83364445,2
c5zxqITn3ZM$_$5,2026,processed_po,1.0,2,0.6666666865348816,0,-1.636282444000244,-1.636282444000244,0.5,0.03,0.5,3,0.5,1.097310163917268,1.239390138123173,0.8349960160446925,0.83841467,0.04919932,0.11238605,0
c5zxqITn3ZM$_$6,2026,processed_po,1.0,2,1.0,2,0.7190701961517334,0.7190701961517334,0.5,0.03,0.5,3,0.5,1.097310163917268,1.239390138123173,0.8349960160446925,0.013150916,0.14729506,0.83955395,2
c9hE1ghElrM$_$2,2026,processed_po,1.0,1,0.0,1,0.0,-0.2135361433029174,0.5,0.03,0.5,3,0.5,1.097310163917268,1.239390138123173,0.8349960160446925,0.051099237,0.79077464,0.15812607,1
c9hE1ghElrM$_$4,2026,processed_po,1.0,1,0.0,0,-0.7982334494590759,-0.7982334494590759,0.5,0.03,0.5,3,0.5,1.097310163917268,1.239390138123173,0.8349960160446925,0.60701895,0.31979576,0.073185295,0
cW-aX4dPVfk$_$4,2026,processed_po,1.0,0,-0.3333333432674408,1,0.0,0.0458511188626289,0.5,0.03,0.5,3,0.5,1.097310163917268,1.239390138123173,0.8349960160446925,0.1409196,0.5317017,0.32737872,1
cW-aX4dPVfk$_$11,2026,processed_po,1.0,2,0.3333333432674408,2,0.6877367496490479,0.6877367496490479,0.5,0.03,0.5,3,0.5,1.097310163917268,1.239390138123173,0.8349960160446925,0.087147616,0.18921168,0.7236407,2
cW-aX4dPVfk$_$32,2026,processed_po,1.0,2,1.6666666269302368,2,0.531585693359375,0.531585693359375,0.5,0.03,0.5,3,0.5,1.097310163917268,1.239390138123173,0.8349960160446925,0.40620154,0.11294629,0.48085225,2
cW-aX4dPVfk$_$30,2026,processed_po,1.0,2,2.3333332538604736,2,1.879918098449707,1.879918098449707,0.5,0.03,0.5,3,0.5,1.097310163917268,1.239390138123173,0.8349960160446925,0.026348198,0.033833023,0.93981874,2
cml9rShionM$_$3,2026,processed_po,1.0,0,-0.3333333432674408,2,1.853684663772583,1.853684663772583,0.5,0.03,0.5,3,0.5,1.097310163917268,1.239390138123173,0.8349960160446925,0.0070870756,0.01747762,0.9754353,2
d-Uw_uZyUys$_$1,2026,processed_po,1.0,0,-2.3333332538604736,1,0.0,0.1139760613441467,0.5,0.03,0.5,3,0.5,1.097310163917268,1.239390138123173,0.8349960160446925,0.19191325,0.60501385,0.20307289,1
d-Uw_uZyUys$_$6,2026,processed_po,1.0,0,-2.3333332538604736,0,-0.4580085873603821,-0.4580085873603821,0.5,0.03,0.5,3,0.5,1.097310163917268,1.239390138123173,0.8349960160446925,0.70452815,0.16850607,0.12696575,0
dHk--ExZbHs$_$7,2026,processed_po,1.0,2,0.6666666865348816,2,0.231664776802063,0.231664776802063,0.5,0.03,0.5,3,0.5,1.097310163917268,1.239390138123173,0.8349960160446925,0.047465775,0.2472959,0.7052383,2
dR68gbeOWOc$_$1,2026,processed_po,1.0,2,0.3333333432674408,2,0.3901687264442444,0.3901687264442444,0.5,0.03,0.5,3,0.5,1.097310163917268,1.239390138123173,0.8349960160446925,0.041199364,0.13226214,0.82653844,2
dTcz1am1eUw$_$2,2026,processed_po,1.0,2,1.3333333730697632,2,1.1781949996948242,1.1781949996948242,0.5,0.03,0.5,3,0.5,1.097310163917268,1.239390138123173,0.8349960160446925,0.005520215,0.060963288,0.9335165,2
ddWHTdJz2O8$_$1,2026,processed_po,1.0,0,-0.3333333432674408,2,0.2868730425834656,0.2868730425834656,0.5,0.03,0.5,3,0.5,1.097310163917268,1.239390138123173,0.8349960160446925,0.056522973,0.20569097,0.73778605,2
dlE05KC95uk$_$11,2026,processed_po,1.0,2,0.3333333432674408,1,0.0,0.16770800948143,0.5,0.03,0.5,3,0.5,1.097310163917268,1.239390138123173,0.8349960160446925,0.04827619,0.6088603,0.34286356,1
eE8Qr9fOvVA$_$2,2026,processed_po,1.0,0,-1.3333333730697632,1,0.0,0.302274078130722,0.5,0.03,0.5,3,0.5,1.097310163917268,1.239390138123173,0.8349960160446925,0.04316675,0.515992,0.44084126,2
eFV7iFPYZB4$_$12,2026,processed_po,1.0,2,1.6666666269302368,2,0.9400285482406616,0.9400285482406616,0.5,0.03,0.5,3,0.5,1.097310163917268,1.239390138123173,0.8349960160446925,0.0056918054,0.030997293,0.96331084,2
eFV7iFPYZB4$_$14,2026,processed_po,1.0,2,1.3333333730697632,2,0.965227484703064,0.965227484703064,0.5,0.03,0.5,3,0.5,1.097310163917268,1.239390138123173,0.8349960160446925,0.008821012,0.102383085,0.8887959,2
eJfT7-dDqzA$_$3,2026,processed_po,1.0,2,0.6666666865348816,1,0.0,-0.0556842312216758,0.5,0.03,0.5,3,0.5,1.097310163917268,1.239390138123173,0.8349960160446925,0.32331905,0.3998014,0.2768796,2
eJfT7-dDqzA$_$2,2026,processed_po,1.0,2,0.6666666865348816,2,0.9957376718521118,0.9957376718521118,0.5,0.03,0.5,3,0.5,1.097310163917268,1.239390138123173,0.8349960160446925,0.0104001295,0.14472292,0.8448769,2
eJfT7-dDqzA$_$7,2026,processed_po,1.0,2,0.6666666865348816,2,0.7433539628982544,0.7433539628982544,0.5,0.03,0.5,3,0.5,1.097310163917268,1.239390138123173,0.8349960160446925,0.014800114,0.14459151,0.8406084,2
eKQKEi2-0Ws$_$0,2026,processed_po,1.0,1,0.0,0,-1e-06,0.2039645910263061,0.5,0.03,0.5,3,0.5,1.097310163917268,1.239390138123173,0.8349960160446925,0.53762764,0.10323833,0.35913408,0
eQc5uI7FKCU$_$5,2026,processed_po,1.0,2,0.3333333432674408,2,0.2733325362205505,0.2733325362205505,0.5,0.03,0.5,3,0.5,1.097310163917268,1.239390138123173,0.8349960160446925,0.053174593,0.3534819,0.5933435,2
ey1lr8wFFDc$_$0,2026,processed_po,1.0,2,0.6666666865348816,2,0.7670422792434692,0.7670422792434692,0.5,0.03,0.5,3,0.5,1.097310163917268,1.239390138123173,0.8349960160446925,0.055202477,0.13575165,0.80904585,2
f-VdKweez2U$_$4,2026,processed_po,1.0,1,0.0,2,0.4179751873016357,0.4179751873016357,0.5,0.03,0.5,3,0.5,1.097310163917268,1.239390138123173,0.8349960160446925,0.07444701,0.21057299,0.71498007,2
f8Puta8k8fU$_$1,2026,processed_po,1.0,1,0.0,0,-0.486270546913147,-0.486270546913147,0.5,0.03,0.5,3,0.5,1.097310163917268,1.239390138123173,0.8349960160446925,0.6307967,0.30354252,0.06566081,0
fT6SrlsWV7M$_$12,2026,processed_po,1.0,0,-1.3333333730697632,2,0.3492917716503143,0.3492917716503143,0.5,0.03,0.5,3,0.5,1.097310163917268,1.239390138123173,0.8349960160446925,0.052828614,0.31330383,0.63386756,2
fWAKek8jA5M$_$0,2026,processed_po,1.0,0,-1.6666666269302368,0,-1.5403307676315308,-1.5403307676315308,0.5,0.03,0.5,3,0.5,1.097310163917268,1.239390138123173,0.8349960160446925,0.92836833,0.062574565,0.0090570785,0
fWAKek8jA5M$_$3,2026,processed_po,1.0,0,-1.3333333730697632,1,0.0,0.1105881929397583,0.5,0.03,0.5,3,0.5,1.097310163917268,1.239390138123173,0.8349960160446925,0.17899518,0.45608374,0.3649211,2
fWAKek8jA5M$_$4,2026,processed_po,1.0,1,0.0,0,-0.63443922996521,-0.63443922996521,0.5,0.03,0.5,3,0.5,1.097310163917268,1.239390138123173,0.8349960160446925,0.56749713,0.23070258,0.20180027,0
frCWtiam4tE$_$0,2026,processed_po,1.0,2,1.6666666269302368,2,0.4996398091316223,0.4996398091316223,0.5,0.03,0.5,3,0.5,1.097310163917268,1.239390138123173,0.8349960160446925,0.28253722,0.13776849,0.5796943,2
fsBzpr4k3rY$_$0,2026,processed_po,1.0,2,2.0,0,-0.6723350882530212,-0.6723350882530212,0.5,0.03,0.5,3,0.5,1.097310163917268,1.239390138123173,0.8349960160446925,0.80809385,0.034725595,0.15718062,0
fz-MzQcOBwQ$_$1,2026,processed_po,1.0,2,1.3333333730697632,2,0.6114172339439392,0.6114172339439392,0.5,0.03,0.5,3,0.5,1.097310163917268,1.239390138123173,0.8349960160446925,0.028405191,0.23621818,0.73537666,2
gE7kUqMqQ9g$_$2,2026,processed_po,1.0,0,-0.6666666865348816,0,-0.7900271415710449,-0.7900271415710449,0.5,0.03,0.5,3,0.5,1.097310163917268,1.239390138123173,0.8349960160446925,0.89083034,0.070280895,0.038888756,0
gJjkCPO7iXg$_$1,2026,processed_po,1.0,2,1.0,2,0.8979582786560059,0.8979582786560059,0.5,0.03,0.5,3,0.5,1.097310163917268,1.239390138123173,0.8349960160446925,0.026890986,0.19321874,0.77989024,2
gJjkCPO7iXg$_$0,2026,processed_po,1.0,2,1.0,2,0.3572060465812683,0.3572060465812683,0.5,0.03,0.5,3,0.5,1.097310163917268,1.239390138123173,0.8349960160446925,0.062465426,0.34764266,0.58989185,2
gLTxaEcx41E$_$2,2026,processed_po,1.0,1,0.0,2,0.4875937700271606,0.4875937700271606,0.5,0.03,0.5,3,0.5,1.097310163917268,1.239390138123173,0.8349960160446925,0.08686363,0.35398877,0.55914766,2
gLTxaEcx41E$_$4,2026,processed_po,1.0,1,0.0,0,-0.7918919324874878,-0.7918919324874878,0.5,0.03,0.5,3,0.5,1.097310163917268,1.239390138123173,0.8349960160446925,0.54736686,0.19393234,0.25870085,0
gLTxaEcx41E$_$7,2026,processed_po,1.0,1,0.0,2,1e-06,-0.1187654882669448,0.5,0.03,0.5,3,0.5,1.097310163917268,1.239390138123173,0.8349960160446925,0.21141614,0.268016,0.52056783,2
gLTxaEcx41E$_$6,2026,processed_po,1.0,2,0.3333333432674408,2,0.3874354362487793,0.3874354362487793,0.5,0.03,0.5,3,0.5,1.097310163917268,1.239390138123173,0.8349960160446925,0.07823773,0.1469491,0.7748132,2
gcFECfN4BCU$_$23,2026,processed_po,1.0,2,2.0,2,1.5097723007202148,1.5097723007202148,0.5,0.03,0.5,3,0.5,1.097310163917268,1.239390138123173,0.8349960160446925,0.004670868,0.027486969,0.9678421,2
gcFECfN4BCU$_$10,2026,processed_po,1.0,2,0.6666666865348816,2,1.1910805702209473,1.1910805702209473,0.5,0.03,0.5,3,0.5,1.097310163917268,1.239390138123173,0.8349960160446925,0.017257817,0.077501416,0.90524083,2
gcFECfN4BCU$_$15,2026,processed_po,1.0,2,1.3333333730697632,2,0.7031785249710083,0.7031785249710083,0.5,0.03,0.5,3,0.5,1.097310163917268,1.239390138123173,0.8349960160446925,0.020326136,0.11150085,0.868173,2
gpn71-aKWwQ$_$2,2026,processed_po,1.0,2,1.6666666269302368,2,0.9912136793136596,0.9912136793136596,0.5,0.03,0.5,3,0.5,1.097310163917268,1.239390138123173,0.8349960160446925,0.122736014,0.105589285,0.77167463,2
h1ZZHUU4j0k$_$3,2026,processed_po,1.0,2,0.6666666865348816,2,0.5103626251220703,0.5103626251220703,0.5,0.03,0.5,3,0.5,1.097310163917268,1.239390138123173,0.8349960160446925,0.042726748,0.22321312,0.73406005,2
h1ZZHUU4j0k$_$4,2026,processed_po,1.0,2,0.6666666865348816,0,-1.1191734075546265,-1.1191734075546265,0.5,0.03,0.5,3,0.5,1.097310163917268,1.239390138123173,0.8349960160446925,0.83485955,0.084799096,0.08034131,0
h1ZZHUU4j0k$_$10,2026,processed_po,1.0,2,1.0,2,0.3896682262420654,0.3896682262420654,0.5,0.03,0.5,3,0.5,1.097310163917268,1.239390138123173,0.8349960160446925,0.010274642,0.23762177,0.7521036,2
h1ZZHUU4j0k$_$13,2026,processed_po,1.0,0,-1.0,0,-0.8902403116226196,-0.8902403116226196,0.5,0.03,0.5,3,0.5,1.097310163917268,1.239390138123173,0.8349960160446925,0.66840017,0.18687181,0.14472806,0
iQDB_OkAQWs$_$4,2026,processed_po,1.0,1,0.0,0,-0.6864120960235596,-0.6864120960235596,0.5,0.03,0.5,3,0.5,1.097310163917268,1.239390138123173,0.8349960160446925,0.66749054,0.15335278,0.1791567,0
iXiMifHNKPI$_$8,2026,processed_po,1.0,2,0.3333333432674408,2,0.1466786116361618,0.1466786116361618,0.5,0.03,0.5,3,0.5,1.097310163917268,1.239390138123173,0.8349960160446925,0.013311441,0.3363481,0.65034044,2
j1m6ctAgjsM$_$1,2026,processed_po,1.0,2,1.3333333730697632,2,1.2115328311920166,1.2115328311920166,0.5,0.03,0.5,3,0.5,1.097310163917268,1.239390138123173,0.8349960160446925,0.015942788,0.02946979,0.95458746,2
j1m6ctAgjsM$_$2,2026,processed_po,1.0,2,1.0,2,0.5638906359672546,0.5638906359672546,0.5,0.03,0.5,3,0.5,1.097310163917268,1.239390138123173,0.8349960160446925,0.010140362,0.060620554,0.92923903,2
j1m6ctAgjsM$_$4,2026,processed_po,1.0,2,0.3333333432674408,2,0.2607558965682983,0.2607558965682983,0.5,0.03,0.5,3,0.5,1.097310163917268,1.239390138123173,0.8349960160446925,0.026349677,0.3114955,0.66215485,2
j1m6ctAgjsM$_$14,2026,processed_po,1.0,1,0.0,2,0.31951504945755,0.31951504945755,0.5,0.03,0.5,3,0.5,1.097310163917268,1.239390138123173,0.8349960160446925,0.013852543,0.3094686,0.6766789,2
j1m6ctAgjsM$_$18,2026,processed_po,1.0,2,1.0,2,0.2110047042369842,0.2110047042369842,0.5,0.03,0.5,3,0.5,1.097310163917268,1.239390138123173,0.8349960160446925,0.25953627,0.3220791,0.4183846,2
j1m6ctAgjsM$_$30,2026,processed_po,1.0,2,0.3333333432674408,1,0.0,0.103579431772232,0.5,0.03,0.5,3,0.5,1.097310163917268,1.239390138123173,0.8349960160446925,0.21864706,0.39970085,0.38165212,2
j1m6ctAgjsM$_$35,2026,processed_po,1.0,2,1.0,2,0.3829507827758789,0.3829507827758789,0.5,0.03,0.5,3,0.5,1.097310163917268,1.239390138123173,0.8349960160446925,0.011001082,0.24499856,0.7440004,2
j1m6ctAgjsM$_$33,2026,processed_po,1.0,2,0.3333333432674408,2,0.1314699947834015,0.1314699947834015,0.5,0.03,0.5,3,0.5,1.097310163917268,1.239390138123173,0.8349960160446925,0.04059246,0.43851227,0.52089524,2
j1m6ctAgjsM$_$37,2026,processed_po,1.0,1,0.0,2,0.0643108710646629,0.0643108710646629,0.5,0.03,0.5,3,0.5,1.097310163917268,1.239390138123173,0.8349960160446925,0.033812173,0.3771293,0.5890585,2
jXQmVFcOiUI$_$0,2026,processed_po,1.0,2,1.0,2,0.9938769936561584,0.9938769936561584,0.5,0.03,0.5,3,0.5,1.097310163917268,1.239390138123173,0.8349960160446925,0.022405699,0.06526745,0.9123268,2
jj8aSNPHMw8$_$14,2026,processed_po,1.0,1,0.0,0,-0.3622324168682098,-0.3622324168682098,0.5,0.03,0.5,3,0.5,1.097310163917268,1.239390138123173,0.8349960160446925,0.42436546,0.29994005,0.2756945,0
jj8aSNPHMw8$_$5,2026,processed_po,1.0,0,-1.3333333730697632,0,-0.089936539530754,-0.089936539530754,0.5,0.03,0.5,3,0.5,1.097310163917268,1.239390138123173,0.8349960160446925,0.453077,0.19191423,0.3550088,0
jqutn5ou8_0$_$6,2026,processed_po,1.0,2,0.6666666865348816,2,0.4630410671234131,0.4630410671234131,0.5,0.03,0.5,3,0.5,1.097310163917268,1.239390138123173,0.8349960160446925,0.007968721,0.25536197,0.7366693,2
jscKL5jS-SQ$_$17,2026,processed_po,1.0,2,1.0,2,0.913063108921051,0.913063108921051,0.5,0.03,0.5,3,0.5,1.097310163917268,1.239390138123173,0.8349960160446925,0.28504795,0.10689862,0.60805345,2
kaudsLIvYC8$_$0,2026,processed_po,1.0,2,1.6666666269302368,2,0.9253727197647096,0.9253727197647096,0.5,0.03,0.5,3,0.5,1.097310163917268,1.239390138123173,0.8349960160446925,0.047102984,0.08002121,0.8728758,2
kg-W6-hP2Do$_$3,2026,processed_po,1.0,1,0.0,2,0.9214218854904176,0.9214218854904176,0.5,0.03,0.5,3,0.5,1.097310163917268,1.239390138123173,0.8349960160446925,0.29264197,0.16082478,0.5465332,2
kpS4BXif_Sw$_$12,2026,processed_po,1.0,0,-2.0,0,-1.2020061016082764,-1.2020061016082764,0.5,0.03,0.5,3,0.5,1.097310163917268,1.239390138123173,0.8349960160446925,0.9177218,0.055943098,0.026335092,0
kpS4BXif_Sw$_$15,2026,processed_po,1.0,2,1.3333333730697632,0,-1e-06,0.2003609538078308,0.5,0.03,0.5,3,0.5,1.097310163917268,1.239390138123173,0.8349960160446925,0.4434683,0.14034873,0.416183,2
kpS4BXif_Sw$_$4,2026,processed_po,1.0,1,0.0,2,0.771255612373352,0.771255612373352,0.5,0.03,0.5,3,0.5,1.097310163917268,1.239390138123173,0.8349960160446925,0.031924717,0.09396457,0.8741107,2
kpS4BXif_Sw$_$8,2026,processed_po,1.0,0,-1.0,0,-0.9768791198730468,-0.9768791198730468,0.5,0.03,0.5,3,0.5,1.097310163917268,1.239390138123173,0.8349960160446925,0.8851379,0.06812394,0.046738066,0
ktblaVOnFVE$_$4,2026,processed_po,1.0,2,1.3333333730697632,2,0.328897088766098,0.328897088766098,0.5,0.03,0.5,3,0.5,1.097310163917268,1.239390138123173,0.8349960160446925,0.14172114,0.390507,0.4677718,2
l0vCKpk6Aes$_$24,2026,processed_po,1.0,1,0.0,2,0.9019648432731628,0.9019648432731628,0.5,0.03,0.5,3,0.5,1.097310163917268,1.239390138123173,0.8349960160446925,0.08310584,0.10716107,0.8097331,2
l0vCKpk6Aes$_$12,2026,processed_po,1.0,2,1.0,2,0.7543891668319702,0.7543891668319702,0.5,0.03,0.5,3,0.5,1.097310163917268,1.239390138123173,0.8349960160446925,0.05182602,0.14362393,0.80455005,2
l0vCKpk6Aes$_$19,2026,processed_po,1.0,1,0.0,0,-1e-06,0.0034664855338633,0.5,0.03,0.5,3,0.5,1.097310163917268,1.239390138123173,0.8349960160446925,0.46775064,0.13470376,0.39754564,2
l4oMbKDuW3Y$_$3,2026,processed_po,1.0,0,-0.6666666865348816,0,-1.9865541458129885,-1.9865541458129885,0.5,0.03,0.5,3,0.5,1.097310163917268,1.239390138123173,0.8349960160446925,0.9522623,0.020744821,0.02699285,0
lD4xtQ6NpDY$_$2,2026,processed_po,1.0,1,0.0,2,0.005793809890747,0.005793809890747,0.5,0.03,0.5,3,0.5,1.097310163917268,1.239390138123173,0.8349960160446925,0.19556196,0.29422718,0.5102108,2
lYwgLa4R5XQ$_$1,2026,processed_po,1.0,1,0.0,2,0.0209725312888622,0.0209725312888622,0.5,0.03,0.5,3,0.5,1.097310163917268,1.239390138123173,0.8349960160446925,0.32282493,0.29996157,0.37721357,2
lkIe41StoGI$_$10,2026,processed_po,1.0,1,0.0,1,0.0,-0.1413403153419494,0.5,0.03,0.5,3,0.5,1.097310163917268,1.239390138123173,0.8349960160446925,0.20561688,0.663086,0.13129716,1
lkIe41StoGI$_$3,2026,processed_po,1.0,2,0.6666666865348816,2,0.51748126745224,0.51748126745224,0.5,0.03,0.5,3,0.5,1.097310163917268,1.239390138123173,0.8349960160446925,0.041161474,0.1440896,0.81474894,2
lkIe41StoGI$_$2,2026,processed_po,1.0,2,0.6666666865348816,0,-0.0263156723231077,-0.0263156723231077,0.5,0.03,0.5,3,0.5,1.097310163917268,1.239390138123173,0.8349960160446925,0.45898107,0.2248737,0.3161452,0
lkIe41StoGI$_$8,2026,processed_po,1.0,1,0.0,1,0.0,0.0342555828392505,0.5,0.03,0.5,3,0.5,1.097310163917268,1.239390138123173,0.8349960160446925,0.08221033,0.66844976,0.24933991,1
lwL4hjhkid4$_$1,2026,processed_po,1.0,1,0.0,1,0.0,0.0387590155005455,0.5,0.03,0.5,3,0.5,1.097310163917268,1.239390138123173,0.8349960160446925,0.0905639,0.6250582,0.2843779,1
lwL4hjhkid4$_$3,2026,processed_po,1.0,2,2.0,2,0.3732582926750183,0.3732582926750183,0.5,0.03,0.5,3,0.5,1.097310163917268,1.239390138123173,0.8349960160446925,0.02962653,0.2380648,0.7323087,2
lwL4hjhkid4$_$6,2026,processed_po,1.0,2,0.3333333432674408,2,0.6215569972991943,0.6215569972991943,0.5,0.03,0.5,3,0.5,1.097310163917268,1.239390138123173,0.8349960160446925,0.052906778,0.1389181,0.80817515,2
m-7yRWZLwLY$_$0,2026,processed_po,1.0,1,0.0,2,1e-06,-0.0133385267108678,0.5,0.03,0.5,3,0.5,1.097310163917268,1.239390138123173,0.8349960160446925,0.31641126,0.29064178,0.392947,2
mVnqP-vLpuo$_$0,2026,processed_po,1.0,2,0.6666666865348816,2,1.005889058113098,1.005889058113098,0.5,0.03,0.5,3,0.5,1.097310163917268,1.239390138123173,0.8349960160446925,0.008406037,0.08096057,0.9106334,2
mZ_8em_-CGc$_$7,2026,processed_po,1.0,2,0.6666666865348816,2,0.3049623668193817,0.3049623668193817,0.5,0.03,0.5,3,0.5,1.097310163917268,1.239390138123173,0.8349960160446925,0.033337362,0.31078246,0.65588015,2
mgsvwAVQAQo$_$4,2026,processed_po,1.0,2,0.3333333432674408,2,0.2220358848571777,0.2220358848571777,0.5,0.03,0.5,3,0.5,1.097310163917268,1.239390138123173,0.8349960160446925,0.2724716,0.32989714,0.3976313,2
mmg_eTDHjkk$_$5,2026,processed_po,1.0,2,0.3333333432674408,2,1e-06,-0.0638613998889923,0.5,0.03,0.5,3,0.5,1.097310163917268,1.239390138123173,0.8349960160446925,0.03114808,0.4784067,0.49044526,2
mmg_eTDHjkk$_$8,2026,processed_po,1.0,2,0.6666666865348816,1,0.0,0.0307305119931697,0.5,0.03,0.5,3,0.5,1.097310163917268,1.239390138123173,0.8349960160446925,0.043100674,0.49696758,0.45993182,2
mmg_eTDHjkk$_$15,2026,processed_po,1.0,2,1.0,2,0.0746984705328941,0.0746984705328941,0.5,0.03,0.5,3,0.5,1.097310163917268,1.239390138123173,0.8349960160446925,0.23432042,0.22868754,0.536992,2
mzAu5gxjE-w$_$2,2026,processed_po,1.0,2,1.6666666269302368,2,1.980404019355774,1.980404019355774,0.5,0.03,0.5,3,0.5,1.097310163917268,1.239390138123173,0.8349960160446925,0.022202639,0.01705814,0.9607392,2
nFTo-Lz4Fr8$_$1,2026,processed_po,1.0,2,0.6666666865348816,2,1.402483582496643,1.402483582496643,0.5,0.03,0.5,3,0.5,1.097310163917268,1.239390138123173,0.8349960160446925,0.008444518,0.08027574,0.91127974,2
nZFPKP9kBkw$_$4,2026,processed_po,1.0,1,0.0,2,1.567399978637695,1.567399978637695,0.5,0.03,0.5,3,0.5,1.097310163917268,1.239390138123173,0.8349960160446925,0.00949198,0.023699885,0.9668082,2
namehdJxRIM$_$1,2026,processed_po,1.0,2,0.3333333432674408,1,0.0,0.4410906434059143,0.5,0.03,0.5,3,0.5,1.097310163917268,1.239390138123173,0.8349960160446925,0.01612471,0.52475655,0.45911878,2
o2XbNJDpOlc$_$6,2026,processed_po,1.0,2,1.6666666269302368,2,0.3249924778938293,0.3249924778938293,0.5,0.03,0.5,3,0.5,1.097310163917268,1.239390138123173,0.8349960160446925,0.2339099,0.25751063,0.5085795,2
oBS-IW-BO00$_$3,2026,processed_po,1.0,1,0.0,2,0.0454184561967849,0.0454184561967849,0.5,0.03,0.5,3,0.5,1.097310163917268,1.239390138123173,0.8349960160446925,0.08653474,0.4280748,0.48539045,2
oHff2W51wZ8$_$1,2026,processed_po,1.0,2,1.3333333730697632,2,0.9853508472442628,0.9853508472442628,0.5,0.03,0.5,3,0.5,1.097310163917268,1.239390138123173,0.8349960160446925,0.005544589,0.044755142,0.94970024,2
oHff2W51wZ8$_$2,2026,processed_po,1.0,2,2.0,2,1.197337627410889,1.197337627410889,0.5,0.03,0.5,3,0.5,1.097310163917268,1.239390138123173,0.8349960160446925,0.0095243845,0.026096713,0.96437895,2
oHff2W51wZ8$_$5,2026,processed_po,1.0,2,2.6666667461395264,2,0.7616207599639893,0.7616207599639893,0.5,0.03,0.5,3,0.5,1.097310163917268,1.239390138123173,0.8349960160446925,0.0058839903,0.12133402,0.872782,2
oPlnhc0DkcU$_$1,2026,processed_po,1.0,0,-0.3333333432674408,0,-0.5538290739059448,-0.5538290739059448,0.5,0.03,0.5,3,0.5,1.097310163917268,1.239390138123173,0.8349960160446925,0.6079748,0.11073595,0.28128925,0
oZxMx8e0x2U$_$2,2026,processed_po,1.0,2,0.3333333432674408,0,-0.996260941028595,-0.996260941028595,0.5,0.03,0.5,3,0.5,1.097310163917268,1.239390138123173,0.8349960160446925,0.7502482,0.20925665,0.040495146,0
obGF3RfWQKE$_$24,2026,processed_po,1.0,1,0.0,0,-0.5894964933395386,-0.5894964933395386,0.5,0.03,0.5,3,0.5,1.097310163917268,1.239390138123173,0.8349960160446925,0.6529166,0.13205901,0.21502438,0
obGF3RfWQKE$_$3,2026,processed_po,1.0,2,1.3333333730697632,2,1.550895094871521,1.550895094871521,0.5,0.03,0.5,3,0.5,1.097310163917268,1.239390138123173,0.8349960160446925,0.034531653,0.05571811,0.90975016,2
ossKC1VrusE$_$3,2026,processed_po,1.0,2,0.6666666865348816,2,0.2397467494010925,0.2397467494010925,0.5,0.03,0.5,3,0.5,1.097310163917268,1.239390138123173,0.8349960160446925,0.014941371,0.34333774,0.64172095,2
ossKC1VrusE$_$2,2026,processed_po,1.0,2,1.6666666269302368,2,0.6398272514343262,0.6398272514343262,0.5,0.03,0.5,3,0.5,1.097310163917268,1.239390138123173,0.8349960160446925,0.014582817,0.14322208,0.84219503,2
ozA7pRW4gFM$_$7,2026,processed_po,1.0,1,0.0,0,-0.174936294555664,-0.174936294555664,0.5,0.03,0.5,3,0.5,1.097310163917268,1.239390138123173,0.8349960160446925,0.39697778,0.35348505,0.24953713,0
p4WmcxrXkc4$_$0,2026,processed_po,1.0,2,0.3333333432674408,2,0.5308770537376404,0.5308770537376404,0.5,0.03,0.5,3,0.5,1.097310163917268,1.239390138123173,0.8349960160446925,0.012698722,0.1269517,0.8603496,2
p7zuPEZgtY4$_$0,2026,processed_po,1.0,2,0.3333333432674408,1,0.0,-0.0723129957914352,0.5,0.03,0.5,3,0.5,1.097310163917268,1.239390138123173,0.8349960160446925,0.1727193,0.4798372,0.34744355,1
pIaEcqnzI-s$_$3,2026,processed_po,1.0,2,0.3333333432674408,2,0.3907976746559143,0.3907976746559143,0.5,0.03,0.5,3,0.5,1.097310163917268,1.239390138123173,0.8349960160446925,0.043105718,0.2683119,0.6885824,2
pIaEcqnzI-s$_$5,2026,processed_po,1.0,0,-0.3333333432674408,1,0.0,0.196309357881546,0.5,0.03,0.5,3,0.5,1.097310163917268,1.239390138123173,0.8349960160446925,0.08953698,0.5822102,0.32825285,1
pIaEcqnzI-s$_$7,2026,processed_po,1.0,0,-0.3333333432674408,1,0.0,0.0817998126149177,0.5,0.03,0.5,3,0.5,1.097310163917268,1.239390138123173,0.8349960160446925,0.11445602,0.678207,0.20733704,1
pIaEcqnzI-s$_$6,2026,processed_po,1.0,1,0.0,1,0.0,0.1854061335325241,0.5,0.03,0.5,3,0.5,1.097310163917268,1.239390138123173,0.8349960160446925,0.047561083,0.5484776,0.4039613,2
pQpy7RSfWzM$_$19,2026,processed_po,1.0,2,0.3333333432674408,2,1.003024339675903,1.003024339675903,0.5,0.03,0.5,3,0.5,1.097310163917268,1.239390138123173,0.8349960160446925,0.016489796,0.118018284,0.8654919,2
pQpy7RSfWzM$_$8,2026,processed_po,1.0,1,0.0,2,1e-06,-0.028066698461771,0.5,0.03,0.5,3,0.5,1.097310163917268,1.239390138123173,0.8349960160446925,0.23745045,0.26975188,0.49279767,2
pSxte-ms0t8$_$33,2026,processed_po,1.0,0,-0.3333333432674408,0,-1e-06,0.0545953214168548,0.5,0.03,0.5,3,0.5,1.097310163917268,1.239390138123173,0.8349960160446925,0.57060474,0.088176034,0.34121925,0
pSxte-ms0t8$_$2,2026,processed_po,1.0,2,0.6666666865348816,0,-1e-06,0.1440490931272506,0.5,0.03,0.5,3,0.5,1.097310163917268,1.239390138123173,0.8349960160446925,0.47376552,0.18423936,0.34199515,2
pSxte-ms0t8$_$7,2026,processed_po,1.0,0,-2.0,0,-1.6659196615219116,-1.6659196615219116,0.5,0.03,0.5,3,0.5,1.097310163917268,1.239390138123173,0.8349960160446925,0.96279967,0.01688719,0.020313198,0
pSxte-ms0t8$_$6,2026,processed_po,1.0,2,1.0,2,0.6295070648193359,0.6295070648193359,0.5,0.03,0.5,3,0.5,1.097310163917268,1.239390138123173,0.8349960160446925,0.1056188,0.37189358,0.5224876,2
pZye4zFzk3o$_$2,2026,processed_po,1.0,0,-0.6666666865348816,2,0.4805734753608703,0.4805734753608703,0.5,0.03,0.5,3,0.5,1.097310163917268,1.239390138123173,0.8349960160446925,0.08333593,0.21223335,0.70443064,2
pZye4zFzk3o$_$5,2026,processed_po,1.0,0,-0.6666666865348816,0,-0.7362608909606934,-0.7362608909606934,0.5,0.03,0.5,3,0.5,1.097310163917268,1.239390138123173,0.8349960160446925,0.82758415,0.08717433,0.08524148,0
pnpFPX34Agk$_$2,2026,processed_po,1.0,2,0.3333333432674408,1,0.0,0.0777145624160766,0.5,0.03,0.5,3,0.5,1.097310163917268,1.239390138123173,0.8349960160446925,0.1445101,0.4606745,0.39481544,2
q5M1God4M6Y$_$9,2026,processed_po,1.0,2,0.6666666865348816,1,0.0,0.1102499514818191,0.5,0.03,0.5,3,0.5,1.097310163917268,1.239390138123173,0.8349960160446925,0.030744148,0.6598207,0.3094351,1
qDfSYz0PX9g$_$0,2026,processed_po,1.0,0,-2.0,0,-1.420815110206604,-1.420815110206604,0.5,0.03,0.5,3,0.5,1.097310163917268,1.239390138123173,0.8349960160446925,0.7497564,0.028761484,0.22148216,0
qDfSYz0PX9g$_$8,2026,processed_po,1.0,0,-0.6666666865348816,0,-0.1677043735980987,-0.1677043735980987,0.5,0.03,0.5,3,0.5,1.097310163917268,1.239390138123173,0.8349960160446925,0.56893444,0.16643043,0.26463518,0
qEuJj4uW93E$_$1,2026,processed_po,1.0,1,0.0,1,0.0,0.2539005875587463,0.5,0.03,0.5,3,0.5,1.097310163917268,1.239390138123173,0.8349960160446925,0.04417733,0.5024994,0.4533233,2
qgC8_emxSIU$_$6,2026,processed_po,1.0,1,0.0,1,0.0,0.0353082306683063,0.5,0.03,0.5,3,0.5,1.097310163917268,1.239390138123173,0.8349960160446925,0.048471596,0.510739,0.44078934,2
r46amqjpWgg$_$26,2026,processed_po,1.0,2,0.6666666865348816,2,0.7900338172912598,0.7900338172912598,0.5,0.03,0.5,3,0.5,1.097310163917268,1.239390138123173,0.8349960160446925,0.10708523,0.11401007,0.7789047,2
r46amqjpWgg$_$22,2026,processed_po,1.0,2,0.6666666865348816,2,0.9224794507026672,0.9224794507026672,0.5,0.03,0.5,3,0.5,1.097310163917268,1.239390138123173,0.8349960160446925,0.052510772,0.16517797,0.78231126,2
r46amqjpWgg$_$6,2026,processed_po,1.0,2,1.3333333730697632,2,0.5064445734024048,0.5064445734024048,0.5,0.03,0.5,3,0.5,1.097310163917268,1.239390138123173,0.8349960160446925,0.009526231,0.22462742,0.7658464,2
r46amqjpWgg$_$15,2026,processed_po,1.0,1,0.0,1,0.0,0.0092143872752785,0.5,0.03,0.5,3,0.5,1.097310163917268,1.239390138123173,0.8349960160446925,0.30880064,0.4331408,0.25805852,1
r46amqjpWgg$_$32,2026,processed_po,1.0,2,1.0,2,1.5943470001220703,1.5943470001220703,0.5,0.03,0.5,3,0.5,1.097310163917268,1.239390138123173,0.8349960160446925,0.028751047,0.044138595,0.9271104,2
rcfnqiD0y8o$_$0,2026,processed_po,1.0,2,1.6666666269302368,2,2.171783447265625,2.171783447265625,0.5,0.03,0.5,3,0.5,1.097310163917268,1.239390138123173,0.8349960160446925,0.008103741,0.009685908,0.9822104,2
rhQB8e999-Q$_$10,2026,processed_po,1.0,2,1.0,2,0.7015603184700012,0.7015603184700012,0.5,0.03,0.5,3,0.5,1.097310163917268,1.239390138123173,0.8349960160446925,0.020807471,0.10226792,0.8769246,2
rhQB8e999-Q$_$0,2026,processed_po,1.0,2,0.6666666865348816,2,1.000177979469299,1.000177979469299,0.5,0.03,0.5,3,0.5,1.097310163917268,1.239390138123173,0.8349960160446925,0.006441898,0.07367004,0.919888,2
rhQB8e999-Q$_$5,2026,processed_po,1.0,1,0.0,2,0.6196959614753723,0.6196959614753723,0.5,0.03,0.5,3,0.5,1.097310163917268,1.239390138123173,0.8349960160446925,0.0049911384,0.11007845,0.88493043,2
rhQB8e999-Q$_$7,2026,processed_po,1.0,2,0.6666666865348816,2,0.9089585542678832,0.9089585542678832,0.5,0.03,0.5,3,0.5,1.097310163917268,1.239390138123173,0.8349960160446925,0.005313748,0.04684423,0.94784194,2
rhQB8e999-Q$_$8,2026,processed_po,1.0,1,0.0,2,0.4441238045692444,0.4441238045692444,0.5,0.03,0.5,3,0.5,1.097310163917268,1.239390138123173,0.8349960160446925,0.0053759585,0.17275591,0.8218682,2
svsbGQn389o$_$8,2026,processed_po,1.0,0,-1.3333333730697632,0,-1.0510131120681765,-1.0510131120681765,0.5,0.03,0.5,3,0.5,1.097310163917268,1.239390138123173,0.8349960160446925,0.91620797,0.04227613,0.04151595,0
tC2KicUHB9Q$_$7,2026,processed_po,1.0,0,-0.3333333432674408,1,0.0,0.2434310764074325,0.5,0.03,0.5,3,0.5,1.097310163917268,1.239390138123173,0.8349960160446925,0.06462536,0.58947986,0.34589475,1
tNd3--lvSXE$_$6,2026,processed_po,1.0,2,0.6666666865348816,1,0.0,0.362937718629837,0.5,0.03,0.5,3,0.5,1.097310163917268,1.239390138123173,0.8349960160446925,0.31883764,0.43005472,0.2511076,1
teQqaAmqqx0$_$0,2026,processed_po,1.0,1,0.0,2,0.503607988357544,0.503607988357544,0.5,0.03,0.5,3,0.5,1.097310163917268,1.239390138123173,0.8349960160446925,0.18307087,0.14503345,0.6718957,2
teQqaAmqqx0$_$3,2026,processed_po,1.0,1,0.0,2,0.364877700805664,0.364877700805664,0.5,0.03,0.5,3,0.5,1.097310163917268,1.239390138123173,0.8349960160446925,0.14849417,0.11202857,0.7394772,2
tnWmVXZ87h0$_$0,2026,processed_po,1.0,2,2.0,2,1.3899232149124146,1.3899232149124146,0.5,0.03,0.5,3,0.5,1.097310163917268,1.239390138123173,0.8349960160446925,0.055304907,0.048951603,0.8957435,2
tnWmVXZ87h0$_$3,2026,processed_po,1.0,2,1.6666666269302368,2,0.8661841154098511,0.8661841154098511,0.5,0.03,0.5,3,0.5,1.097310163917268,1.239390138123173,0.8349960160446925,0.3121384,0.06989966,0.61796194,2
ttfaZ8IIWCo$_$2,2026,processed_po,1.0,2,2.3333332538604736,2,0.939241111278534,0.939241111278534,0.5,0.03,0.5,3,0.5,1.097310163917268,1.239390138123173,0.8349960160446925,0.006876798,0.11963897,0.87348425,2
ttfaZ8IIWCo$_$5,2026,processed_po,1.0,2,2.3333332538604736,2,1.3020414113998413,1.3020414113998413,0.5,0.03,0.5,3,0.5,1.097310163917268,1.239390138123173,0.8349960160446925,0.007441516,0.03183961,0.96071887,2
ttfaZ8IIWCo$_$4,2026,processed_po,1.0,2,2.3333332538604736,2,1.1042424440383911,1.1042424440383911,0.5,0.03,0.5,3,0.5,1.097310163917268,1.239390138123173,0.8349960160446925,0.006569923,0.09789791,0.89553213,2
tymso_pAxhk$_$12,2026,processed_po,1.0,0,-1.0,2,0.2066492289304733,0.2066492289304733,0.5,0.03,0.5,3,0.5,1.097310163917268,1.239390138123173,0.8349960160446925,0.2866641,0.2426072,0.47072873,2
u9ZV8jb_-U0$_$0,2026,processed_po,1.0,0,-1.6666666269302368,0,-1.0013706684112549,-1.0013706684112549,0.5,0.03,0.5,3,0.5,1.097310163917268,1.239390138123173,0.8349960160446925,0.6802765,0.1069242,0.21279927,0
um8WVjZMLUc$_$1,2026,processed_po,1.0,1,0.0,0,-1.2005906105041504,-1.2005906105041504,0.5,0.03,0.5,3,0.5,1.097310163917268,1.239390138123173,0.8349960160446925,0.9614632,0.030916054,0.007620741,0
unOeTDc2rlY$_$27,2026,processed_po,1.0,2,1.0,2,0.338464617729187,0.338464617729187,0.5,0.03,0.5,3,0.5,1.097310163917268,1.239390138123173,0.8349960160446925,0.20951451,0.12134136,0.6691441,2
unOeTDc2rlY$_$31,2026,processed_po,1.0,2,1.0,2,0.1256749033927917,0.1256749033927917,0.5,0.03,0.5,3,0.5,1.097310163917268,1.239390138123173,0.8349960160446925,0.18132359,0.36694464,0.45173174,2
unOeTDc2rlY$_$29,2026,processed_po,1.0,0,-0.3333333432674408,0,-0.546626091003418,-0.546626091003418,0.5,0.03,0.5,3,0.5,1.097310163917268,1.239390138123173,0.8349960160446925,0.5385068,0.123415455,0.33807775,0
uogwnZGb-iE$_$26,2026,processed_po,1.0,2,2.0,2,0.7960654497146606,0.7960654497146606,0.5,0.03,0.5,3,0.5,1.097310163917268,1.239390138123173,0.8349960160446925,0.056999616,0.1631945,0.77980584,2
uogwnZGb-iE$_$21,2026,processed_po,1.0,2,0.3333333432674408,2,0.318356841802597,0.318356841802597,0.5,0.03,0.5,3,0.5,1.097310163917268,1.239390138123173,0.8349960160446925,0.21688826,0.15593998,0.62717175,2
uogwnZGb-iE$_$22,2026,processed_po,1.0,2,2.0,2,2.0779943466186523,2.0779943466186523,0.5,0.03,0.5,3,0.5,1.097310163917268,1.239390138123173,0.8349960160446925,0.004152298,0.024048507,0.97179914,2
uogwnZGb-iE$_$28,2026,processed_po,1.0,2,2.3333332538604736,2,2.07759165763855,2.07759165763855,0.5,0.03,0.5,3,0.5,1.097310163917268,1.239390138123173,0.8349960160446925,0.009776527,0.024121592,0.96610194,2
uogwnZGb-iE$_$13,2026,processed_po,1.0,2,2.3333332538604736,2,1.92539644241333,1.92539644241333,0.5,0.03,0.5,3,0.5,1.097310163917268,1.239390138123173,0.8349960160446925,0.01107438,0.025568077,0.9633575,2
uogwnZGb-iE$_$6,2026,processed_po,1.0,2,1.0,2,1.516728401184082,1.516728401184082,0.5,0.03,0.5,3,0.5,1.097310163917268,1.239390138123173,0.8349960160446925,0.028971862,0.07832983,0.89269835,2
vB_kZocHtYo$_$8,2026,processed_po,1.0,1,0.0,1,0.0,-0.0248416401445865,0.5,0.03,0.5,3,0.5,1.097310163917268,1.239390138123173,0.8349960160446925,0.14235993,0.43512836,0.42251173,2
vGkIaClHKDg$_$6,2026,processed_po,1.0,2,1.3333333730697632,2,1.6740834712982178,1.6740834712982178,0.5,0.03,0.5,3,0.5,1.097310163917268,1.239390138123173,0.8349960160446925,0.008776993,0.025686545,0.9655365,2
vR90Pdx9wxs$_$3,2026,processed_po,1.0,2,0.3333333432674408,2,0.1308568716049194,0.1308568716049194,0.5,0.03,0.5,3,0.5,1.097310163917268,1.239390138123173,0.8349960160446925,0.064338386,0.4181836,0.51747805,2
v_8QeoNc4QY$_$5,2026,processed_po,1.0,2,0.3333333432674408,1,0.0,-0.2617939412593841,0.5,0.03,0.5,3,0.5,1.097310163917268,1.239390138123173,0.8349960160446925,0.27434143,0.63845426,0.08720426,1
veA6ECsGFxI$_$0,2026,processed_po,1.0,2,0.6666666865348816,2,0.5528289079666138,0.5528289079666138,0.5,0.03,0.5,3,0.5,1.097310163917268,1.239390138123173,0.8349960160446925,0.033898067,0.17942384,0.7866781,2
wC_1M7KIv9s$_$24,2026,processed_po,1.0,1,0.0,2,0.2756212651729584,0.2756212651729584,0.5,0.03,0.5,3,0.5,1.097310163917268,1.239390138123173,0.8349960160446925,0.061248615,0.2896705,0.64908093,2
wC_1M7KIv9s$_$12,2026,processed_po,1.0,2,0.3333333432674408,2,0.865576982498169,0.865576982498169,0.5,0.03,0.5,3,0.5,1.097310163917268,1.239390138123173,0.8349960160446925,0.035464626,0.123272866,0.84126246,2
wC_1M7KIv9s$_$23,2026,processed_po,1.0,1,0.0,0,-0.4776008129119873,-0.4776008129119873,0.5,0.03,0.5,3,0.5,1.097310163917268,1.239390138123173,0.8349960160446925,0.45587927,0.37108713,0.17303358,0
wC_1M7KIv9s$_$1,2026,processed_po,1.0,2,0.6666666865348816,1,0.0,0.2209365963935852,0.5,0.03,0.5,3,0.5,1.097310163917268,1.239390138123173,0.8349960160446925,0.06616449,0.67067814,0.2631574,1
wC_1M7KIv9s$_$5,2026,processed_po,1.0,1,0.0,1,0.0,-0.0515723377466201,0.5,0.03,0.5,3,0.5,1.097310163917268,1.239390138123173,0.8349960160446925,0.14290613,0.74479556,0.11229832,1
wC_1M7KIv9s$_$25,2026,processed_po,1.0,2,2.0,2,0.6359316110610962,0.6359316110610962,0.5,0.03,0.5,3,0.5,1.097310163917268,1.239390138123173,0.8349960160446925,0.041271906,0.1485168,0.8102113,2
wC_1M7KIv9s$_$21,2026,processed_po,1.0,0,-0.3333333432674408,0,-0.5763645172119141,-0.5763645172119141,0.5,0.03,0.5,3,0.5,1.097310163917268,1.239390138123173,0.8349960160446925,0.6695139,0.16385724,0.16662885,0
wHeZHLv9wGI$_$12,2026,processed_po,1.0,0,-0.6666666865348816,2,0.0432935580611228,0.0432935580611228,0.5,0.03,0.5,3,0.5,1.097310163917268,1.239390138123173,0.8349960160446925,0.43087518,0.07755444,0.4915704,2
wnL3ld9bM2o$_$25,2026,processed_po,1.0,2,2.0,0,-1.310789704322815,-1.310789704322815,0.5,0.03,0.5,3,0.5,1.097310163917268,1.239390138123173,0.8349960160446925,0.76855,0.056615517,0.17483445,0
wnL3ld9bM2o$_$21,2026,processed_po,1.0,2,0.3333333432674408,0,-0.7368183135986328,-0.7368183135986328,0.5,0.03,0.5,3,0.5,1.097310163917268,1.239390138123173,0.8349960160446925,0.66243476,0.23083766,0.106727585,0
wnL3ld9bM2o$_$4,2026,processed_po,1.0,2,0.3333333432674408,2,1.497014403343201,1.497014403343201,0.5,0.03,0.5,3,0.5,1.097310163917268,1.239390138123173,0.8349960160446925,0.03931221,0.04651524,0.91417253,2
wnL3ld9bM2o$_$9,2026,processed_po,1.0,2,1.0,2,0.8582455515861511,0.8582455515861511,0.5,0.03,0.5,3,0.5,1.097310163917268,1.239390138123173,0.8349960160446925,0.034535583,0.07780339,0.8876611,2
wnL3ld9bM2o$_$15,2026,processed_po,1.0,1,0.0,0,-0.387713611125946,-0.387713611125946,0.5,0.03,0.5,3,0.5,1.097310163917268,1.239390138123173,0.8349960160446925,0.6062048,0.13821611,0.25557914,0
wnL3ld9bM2o$_$14,2026,processed_po,1.0,1,0.0,1,0.0,-0.0210780501365661,0.5,0.03,0.5,3,0.5,1.097310163917268,1.239390138123173,0.8349960160446925,0.026724536,0.8418602,0.13141531,1
wznRBN1fWj4$_$0,2026,processed_po,1.0,1,0.0,1,0.0,-0.1305442750453949,0.5,0.03,0.5,3,0.5,1.097310163917268,1.239390138123173,0.8349960160446925,0.2843654,0.5289668,0.18666781,1
wznRBN1fWj4$_$6,2026,processed_po,1.0,1,0.0,2,0.3528561592102051,0.3528561592102051,0.5,0.03,0.5,3,0.5,1.097310163917268,1.239390138123173,0.8349960160446925,0.026645387,0.13820675,0.8351479,2
x0rLwBIocuI$_$7,2026,processed_po,1.0,0,-0.6666666865348816,0,-1.1536850929260254,-1.1536850929260254,0.5,0.03,0.5,3,0.5,1.097310163917268,1.239390138123173,0.8349960160446925,0.90489936,0.06281402,0.03228664,0
xBE9YWYGjtk$_$7,2026,processed_po,1.0,2,2.0,2,1.438927412033081,1.438927412033081,0.5,0.03,0.5,3,0.5,1.097310163917268,1.239390138123173,0.8349960160446925,0.031977825,0.048655998,0.9193661,2
xSCvspXYU9k$_$19,2026,processed_po,1.0,0,-1.0,0,-0.7029809951782227,-0.7029809951782227,0.5,0.03,0.5,3,0.5,1.097310163917268,1.239390138123173,0.8349960160446925,0.6333936,0.17879875,0.18780759,0
xSCvspXYU9k$_$7,2026,processed_po,1.0,1,0.0,2,1.2982648611068726,1.2982648611068726,0.5,0.03,0.5,3,0.5,1.097310163917268,1.239390138123173,0.8349960160446925,0.024392167,0.09003917,0.8855687,2
xXXcgb9eZ9Y$_$7,2026,processed_po,1.0,0,-0.3333333432674408,0,-0.1956476271152496,-0.1956476271152496,0.5,0.03,0.5,3,0.5,1.097310163917268,1.239390138123173,0.8349960160446925,0.70159316,0.1986965,0.09971031,0
xmLJHru6Z1M$_$12,2026,processed_po,1.0,2,1.0,0,-0.0944019854068756,-0.0944019854068756,0.5,0.03,0.5,3,0.5,1.097310163917268,1.239390138123173,0.8349960160446925,0.3553369,0.33956477,0.3050983,2
xmLJHru6Z1M$_$14,2026,processed_po,1.0,2,1.0,0,-0.1951318979263305,-0.1951318979263305,0.5,0.03,0.5,3,0.5,1.097310163917268,1.239390138123173,0.8349960160446925,0.40797997,0.2674253,0.32459474,2
xmLJHru6Z1M$_$8,2026,processed_po,1.0,2,0.3333333432674408,2,0.3798088431358337,0.3798088431358337,0.5,0.03,0.5,3,0.5,1.097310163917268,1.239390138123173,0.8349960160446925,0.054691963,0.21342216,0.73188585,2
xobMRm5Vs44$_$1,2026,processed_po,1.0,1,0.0,2,1.1149537563323977,1.1149537563323977,0.5,0.03,0.5,3,0.5,1.097310163917268,1.239390138123173,0.8349960160446925,0.006269446,0.035473116,0.9582575,2
yCpHmPSshKY$_$1,2026,processed_po,1.0,2,1.6666666269302368,0,-0.4011482000350952,-0.4011482000350952,0.5,0.03,0.5,3,0.5,1.097310163917268,1.239390138123173,0.8349960160446925,0.5873017,0.15481737,0.257881,0
yCpHmPSshKY$_$0,2026,processed_po,1.0,2,0.6666666865348816,2,1e-06,-0.0026802301872521,0.5,0.03,0.5,3,0.5,1.097310163917268,1.239390138123173,0.8349960160446925,0.20824414,0.3817525,0.4100034,2
yLo-Jl8nBXU$_$11,2026,processed_po,1.0,2,0.6666666865348816,2,1.4301376342773438,1.4301376342773438,0.5,0.03,0.5,3,0.5,1.097310163917268,1.239390138123173,0.8349960160446925,0.031898137,0.044916876,0.92318505,2
yLo-Jl8nBXU$_$0,2026,processed_po,1.0,1,0.0,0,-0.4220317304134369,-0.4220317304134369,0.5,0.03,0.5,3,0.5,1.097310163917268,1.239390138123173,0.8349960160446925,0.686792,0.19171986,0.121488154,0
yLo-Jl8nBXU$_$6,2026,processed_po,1.0,2,1.3333333730697632,2,1.6840362548828125,1.6840362548828125,0.5,0.03,0.5,3,0.5,1.097310163917268,1.239390138123173,0.8349960160446925,0.031480752,0.035624158,0.9328951,2
ySblgk7T7eQ$_$12,2026,processed_po,1.0,0,-0.3333333432674408,2,1e-06,-0.3246423602104187,0.5,0.03,0.5,3,0.5,1.097310163917268,1.239390138123173,0.8349960160446925,0.34415582,0.21540369,0.4404405,2
ySblgk7T7eQ$_$0,2026,processed_po,1.0,2,1.0,2,1.6153489351272583,1.6153489351272583,0.5,0.03,0.5,3,0.5,1.097310163917268,1.239390138123173,0.8349960160446925,0.011020232,0.055954255,0.93302554,2
ySblgk7T7eQ$_$4,2026,processed_po,1.0,2,0.6666666865348816,2,1e-06,-0.1071761548519134,0.5,0.03,0.5,3,0.5,1.097310163917268,1.239390138123173,0.8349960160446925,0.21494202,0.34584737,0.4392106,2
ySblgk7T7eQ$_$9,2026,processed_po,1.0,2,1.0,0,-1.5088932514190674,-1.5088932514190674,0.5,0.03,0.5,3,0.5,1.097310163917268,1.239390138123173,0.8349960160446925,0.8318883,0.1107601,0.057351563,0
yUqNp-poh9M$_$2,2026,processed_po,1.0,0,-0.3333333432674408,0,-1.207249879837036,-1.207249879837036,0.5,0.03,0.5,3,0.5,1.097310163917268,1.239390138123173,0.8349960160446925,0.85098416,0.06146235,0.08755348,0
yUqNp-poh9M$_$9,2026,processed_po,1.0,1,0.0,0,-1.7151260375976562,-1.7151260375976562,0.5,0.03,0.5,3,0.5,1.097310163917268,1.239390138123173,0.8349960160446925,0.9375862,0.02775729,0.0346565,0
ydzNAuqUAnc$_$6,2026,processed_po,1.0,0,-1.0,0,-1e-06,0.0232182461768388,0.5,0.03,0.5,3,0.5,1.097310163917268,1.239390138123173,0.8349960160446925,0.52623576,0.10662221,0.36714205,0
yoDMh8FlHR8$_$0,2026,processed_po,1.0,2,1.6666666269302368,2,0.4949707984924316,0.4949707984924316,0.5,0.03,0.5,3,0.5,1.097310163917268,1.239390138123173,0.8349960160446925,0.024812043,0.23548284,0.7397051,2
yzCHa2qchpg$_$1,2026,processed_po,1.0,0,-2.0,0,-0.1136448979377746,-0.1136448979377746,0.5,0.03,0.5,3,0.5,1.097310163917268,1.239390138123173,0.8349960160446925,0.49693674,0.05707196,0.44599137,2
yzCHa2qchpg$_$2,2026,processed_po,1.0,2,1.3333333730697632,2,1.2974278926849363,1.2974278926849363,0.5,0.03,0.5,3,0.5,1.097310163917268,1.239390138123173,0.8349960160446925,0.081734784,0.05210898,0.8661562,2
z441aDJvAcU$_$20,2026,processed_po,1.0,2,1.0,2,1.029182195663452,1.029182195663452,0.5,0.03,0.5,3,0.5,1.097310163917268,1.239390138123173,0.8349960160446925,0.007627488,0.08012744,0.9122451,2
z441aDJvAcU$_$21,2026,processed_po,1.0,2,0.3333333432674408,2,1.0672388076782229,1.0672388076782229,0.5,0.03,0.5,3,0.5,1.097310163917268,1.239390138123173,0.8349960160446925,0.018516421,0.060086753,0.92139673,2
z441aDJvAcU$_$22,2026,processed_po,1.0,1,0.0,0,-0.0618411339819431,-0.0618411339819431,0.5,0.03,0.5,3,0.5,1.097310163917268,1.239390138123173,0.8349960160446925,0.440169,0.23488925,0.32494175,0
zfZUOvZZTuk$_$1,2026,processed_po,1.0,1,0.0,1,0.0,0.1204972267150878,0.5,0.03,0.5,3,0.5,1.097310163917268,1.239390138123173,0.8349960160446925,0.1575602,0.5328415,0.30959827,1
zfZUOvZZTuk$_$8,2026,processed_po,1.0,1,0.0,2,0.5488907694816589,0.5488907694816589,0.5,0.03,0.5,3,0.5,1.097310163917268,1.239390138123173,0.8349960160446925,0.14506935,0.30932084,0.5456098,2
zhNksSReaQk$_$27,2026,processed_po,1.0,1,0.0,2,0.7543097734451294,0.7543097734451294,0.5,0.03,0.5,3,0.5,1.097310163917268,1.239390138123173,0.8349960160446925,0.1146129,0.0855025,0.79988456,2
zhNksSReaQk$_$44,2026,processed_po,1.0,0,-1.0,2,0.8020614385604858,0.8020614385604858,0.5,0.03,0.5,3,0.5,1.097310163917268,1.239390138123173,0.8349960160446925,0.057161238,0.05720257,0.8856362,2
zhNksSReaQk$_$28,2026,processed_po,1.0,0,-1.0,0,-0.1343242526054382,-0.1343242526054382,0.5,0.03,0.5,3,0.5,1.097310163917268,1.239390138123173,0.8349960160446925,0.7165976,0.05902152,0.22438076,0
zhNksSReaQk$_$1,2026,processed_po,1.0,1,0.0,2,0.4058927297592163,0.4058927297592163,0.5,0.03,0.5,3,0.5,1.097310163917268,1.239390138123173,0.8349960160446925,0.19351457,0.19057709,0.61590827,2
zhNksSReaQk$_$4,2026,processed_po,1.0,0,-0.3333333432674408,0,-1.5807991027832031,-1.5807991027832031,0.5,0.03,0.5,3,0.5,1.097310163917268,1.239390138123173,0.8349960160446925,0.90484184,0.055141043,0.040017072,0
zhNksSReaQk$_$15,2026,processed_po,1.0,1,0.0,2,0.1215427368879318,0.1215427368879318,0.5,0.03,0.5,3,0.5,1.097310163917268,1.239390138123173,0.8349960160446925,0.22416951,0.22069646,0.555134,2
zhNksSReaQk$_$36,2026,processed_po,1.0,1,0.0,0,-0.7852737903594971,-0.7852737903594971,0.5,0.03,0.5,3,0.5,1.097310163917268,1.239390138123173,0.8349960160446925,0.6139726,0.03916179,0.34686562,0
