variant,seed,modalities,rate,position,mask_seed,js,flip_rate,raw_intensity_shift
B0,2031,T,0.1,random,5026,0.0065961559303104,0.0907840430736541,0.1716556102037429
B0,2031,T,0.1,random,5027,0.0086623253300786,0.10591471940279,0.1813296824693679
B0,2031,T,0.1,random,5028,0.0096031557768583,0.0935350731015205,0.1779218316078186
B0,2031,T,0.2,random,5026,0.0149124804884195,0.1444291621446609,0.2623927295207977
B0,2031,T,0.2,random,5027,0.0146221816539764,0.1320495158433914,0.2589515149593353
B0,2031,T,0.2,random,5028,0.0157103855162858,0.1334250271320343,0.2542606294155121
B0,2031,T,0.3,start,5026,0.0175045542418956,0.1513067334890365,0.290602445602417
B0,2031,T,0.3,middle,5026,0.0229624211788177,0.1801925748586654,0.3144062459468841
B0,2031,T,0.3,end,5026,0.026256900280714,0.189821183681488,0.3490215241909027
B0,2031,T,0.3,random,5026,0.0222263485193252,0.1719394773244857,0.3187752962112427
B0,2031,T,0.3,random,5027,0.0219918992370367,0.1815680861473083,0.3324194252490997
B0,2031,T,0.3,random,5028,0.0228993780910968,0.1691884398460388,0.3172511160373688
B0,2031,T,0.4,random,5026,0.0325303561985492,0.2283356189727783,0.394127756357193
B0,2031,T,0.4,random,5027,0.0331346280872821,0.2324621677398681,0.4073524177074432
B0,2031,T,0.4,random,5028,0.0331769734621048,0.2104539275169372,0.3967073559761047
B0,2031,T,0.5,random,5026,0.0432045832276344,0.236588716506958,0.4594148099422455
B0,2031,T,0.5,random,5027,0.0425437800586223,0.2475928515195846,0.464944988489151
B0,2031,T,0.5,random,5028,0.0422234497964382,0.259972482919693,0.4643848538398742
B0,2031,A,0.1,random,5026,3.1093210850485775e-07,0.0,0.0033489014022052
B0,2031,A,0.1,random,5027,3.490196718303196e-07,0.0,0.0037653886247426
B0,2031,A,0.1,random,5028,3.031022686172946e-07,0.0,0.0036058479454368
B0,2031,A,0.2,random,5026,8.459853120257321e-07,0.0,0.0058413096703588
B0,2031,A,0.2,random,5027,9.191826393362136e-07,0.0,0.0063634780235588
B0,2031,A,0.2,random,5028,8.791416803433094e-07,0.0,0.0061450307257473
B0,2031,A,0.3,start,5026,1.7623177654968458e-06,0.0,0.0092327902093529
B0,2031,A,0.3,middle,5026,1.670204369474959e-06,0.0,0.008518561720848
B0,2031,A,0.3,end,5026,2.065907665382838e-06,0.0013755158288404,0.0083592263981699
B0,2031,A,0.3,random,5026,1.725169681776606e-06,0.0,0.0083038257434964
B0,2031,A,0.3,random,5027,1.8413486486679176e-06,0.0,0.0089496579021215
B0,2031,A,0.3,random,5028,1.709786374703981e-06,0.0,0.0085852714255452
B0,2031,A,0.4,random,5026,2.7398984911997104e-06,0.0,0.0106246583163738
B0,2031,A,0.4,random,5027,2.8484594167821342e-06,0.0,0.0111472131684422
B0,2031,A,0.4,random,5028,2.6469133445061743e-06,0.0,0.0108967190608382
B0,2031,A,0.5,random,5026,3.989168817497557e-06,0.0013755158288404,0.0126865562051534
B0,2031,A,0.5,random,5027,4.043986791657517e-06,0.0013755158288404,0.0132659301161766
B0,2031,A,0.5,random,5028,3.788555432038265e-06,0.0027510316576808,0.0131460633128881
B0,2031,V,0.1,random,5026,6.637645242335566e-07,0.0,0.0033754918258637
B0,2031,V,0.1,random,5027,6.19124989498232e-07,0.0,0.0031830247025936
B0,2031,V,0.1,random,5028,6.397673928404402e-07,0.0,0.0032773481216281
B0,2031,V,0.2,random,5026,2.0159300220257137e-06,0.0,0.006146861705929
B0,2031,V,0.2,random,5027,1.931953647726914e-06,0.0,0.0059410203248262
B0,2031,V,0.2,random,5028,2.108599119310384e-06,0.0,0.0061139850877225
B0,2031,V,0.3,start,5026,4.18125455325935e-06,0.0013755158288404,0.0087474109604954
B0,2031,V,0.3,middle,5026,4.218872618366731e-06,0.0,0.0086996182799339
B0,2031,V,0.3,end,5026,4.544678176898742e-06,0.0,0.0087929293513298
B0,2031,V,0.3,random,5026,4.315295427659294e-06,0.0013755158288404,0.0089982999488711
B0,2031,V,0.3,random,5027,4.118157903576503e-06,0.0,0.0087044956162571
B0,2031,V,0.3,random,5028,4.459310730453581e-06,0.0,0.0089311832562088
B0,2031,V,0.4,random,5026,7.212249329313636e-06,0.0013755158288404,0.0116986036300659
B0,2031,V,0.4,random,5027,7.125754564185627e-06,0.0013755158288404,0.0114021077752113
B0,2031,V,0.4,random,5028,7.5329603532736655e-06,0.0,0.011702274903655
B0,2031,V,0.5,random,5026,1.0281436516379472e-05,0.0013755158288404,0.0142864501103758
B0,2031,V,0.5,random,5027,1.0269511221849824e-05,0.0013755158288404,0.0139931915327906
B0,2031,V,0.5,random,5028,1.0585435120447071e-05,0.0,0.0142078325152397
B0,2031,TA,0.3,start,5026,0.0175078995525836,0.1485557109117508,0.2916981875896454
B0,2031,TA,0.3,middle,5026,0.0229209251701831,0.1788170635700225,0.3141109347343445
B0,2031,TA,0.3,end,5026,0.0261736214160919,0.189821183681488,0.3491575419902801
B0,2031,TA,0.3,random,5026,0.0222104974091053,0.1733149886131286,0.3184106647968292
B0,2031,TA,0.3,random,5027,0.0219466313719749,0.1843191236257553,0.3323243260383606
B0,2031,TA,0.3,random,5028,0.0228609815239906,0.1691884398460388,0.3169485032558441
B0,2031,TV,0.3,start,5026,0.0174205601215362,0.1485557109117508,0.2907295823097229
B0,2031,TV,0.3,middle,5026,0.0228986833244562,0.1788170635700225,0.3150062561035156
B0,2031,TV,0.3,end,5026,0.0261660870164632,0.1884456723928451,0.3490625917911529
B0,2031,TV,0.3,random,5026,0.0221922975033521,0.1705639660358429,0.3204261660575866
B0,2031,TV,0.3,random,5027,0.02196023799479,0.1856946349143982,0.332207441329956
B0,2031,TV,0.3,random,5028,0.0228169057518243,0.1691884398460388,0.3174000680446625
B0,2031,AV,0.3,start,5026,5.675009106198559e-06,0.0,0.0136069227010011
B0,2031,AV,0.3,middle,5026,5.651033461617772e-06,0.0,0.0127441585063934
B0,2031,AV,0.3,end,5026,6.741959623468574e-06,0.0013755158288404,0.0128185451030731
B0,2031,AV,0.3,random,5026,5.658506324834889e-06,0.0,0.0128021873533725
B0,2031,AV,0.3,random,5027,5.818931640533265e-06,0.0,0.0133545128628611
B0,2031,AV,0.3,random,5028,5.969405719952192e-06,0.0,0.0134198768064379
B0,2031,TAV,0.3,start,5026,0.0174281038343906,0.1499312222003936,0.2918887436389923
B0,2031,TAV,0.3,middle,5026,0.022860087454319,0.1774415373802185,0.3149281442165375
B0,2031,TAV,0.3,end,5026,0.026084354147315,0.189821183681488,0.349326878786087
B0,2031,TAV,0.3,random,5026,0.0221772175282239,0.1719394773244857,0.3203133940696716
B0,2031,TAV,0.3,random,5027,0.0219179913401603,0.1815680861473083,0.3323354721069336
B0,2031,TAV,0.3,random,5028,0.0227828882634639,0.1691884398460388,0.317353755235672
B0,2032,T,0.1,random,5026,0.0053688460029661,0.0701513066887855,0.1698917001485824
B0,2032,T,0.1,random,5027,0.0072740772739052,0.0866574943065643,0.1895366758108139
B0,2032,T,0.1,random,5028,0.0074675721116364,0.0825309455394744,0.1873612701892852
B0,2032,T,0.2,random,5026,0.0132045680657029,0.1072902306914329,0.2664247453212738
B0,2032,T,0.2,random,5027,0.0128922732546925,0.1045392006635665,0.2789922952651977
B0,2032,T,0.2,random,5028,0.0134245324879884,0.1127922981977462,0.2699034214019775
B0,2032,T,0.3,start,5026,0.0171107687056064,0.1224209070205688,0.3224895298480987
B0,2032,T,0.3,middle,5026,0.0217382106930017,0.1389271020889282,0.3604085743427276
B0,2032,T,0.3,end,5026,0.0235558412969112,0.1320495158433914,0.3639560341835022
B0,2032,T,0.3,random,5026,0.0200862735509872,0.1210453957319259,0.3494911193847656
B0,2032,T,0.3,random,5027,0.0205785855650901,0.1334250271320343,0.3576120436191559
B0,2032,T,0.3,random,5028,0.0203845389187335,0.1389271020889282,0.3401911854743957
B0,2032,T,0.4,random,5026,0.0310158152133226,0.1691884398460388,0.4387984871864319
B0,2032,T,0.4,random,5027,0.0313914082944393,0.1760660260915756,0.449707567691803
B0,2032,T,0.4,random,5028,0.0299359578639268,0.1609353572130203,0.434403508901596
B0,2032,T,0.5,random,5026,0.0428127832710742,0.1994497925043106,0.5176576972007751
B0,2032,T,0.5,random,5027,0.0417078919708728,0.1884456723928451,0.5196358561515808
B0,2032,T,0.5,random,5028,0.0409503616392612,0.1884456723928451,0.5038638710975647
B0,2032,A,0.1,random,5026,1.4414711131394142e-06,0.0027510316576808,0.0094748614355921
B0,2032,A,0.1,random,5027,1.367648110317532e-06,0.0027510316576808,0.009543570689857
B0,2032,A,0.1,random,5028,1.410805793966574e-06,0.0027510316576808,0.0092444829642772
B0,2032,A,0.2,random,5026,4.457720478967531e-06,0.0041265473701059,0.0162434801459312
B0,2032,A,0.2,random,5027,3.829848992609186e-06,0.0055020633153617,0.0168024618178606
B0,2032,A,0.2,random,5028,4.007320967502892e-06,0.0068775792606174,0.0163613185286521
B0,2032,A,0.3,start,5026,8.502136552124284e-06,0.0041265473701059,0.0243723876774311
B0,2032,A,0.3,middle,5026,7.919966265035328e-06,0.0041265473701059,0.0228516552597284
B0,2032,A,0.3,end,5026,9.381354175275192e-06,0.0110041266307234,0.0241692587733268
B0,2032,A,0.3,random,5026,8.947889000410214e-06,0.0055020633153617,0.0231780856847763
B0,2032,A,0.3,random,5027,7.788325092406012e-06,0.0055020633153617,0.0237399153411388
B0,2032,A,0.3,random,5028,8.228585102187935e-06,0.0082530947402119,0.0231596548110246
B0,2032,A,0.4,random,5026,1.428464111086214e-05,0.0068775792606174,0.0295492280274629
B0,2032,A,0.4,random,5027,1.270944903808413e-05,0.0055020633153617,0.0298319980502128
B0,2032,A,0.4,random,5028,1.3498939551936928e-05,0.0082530947402119,0.0298587474972009
B0,2032,A,0.5,random,5026,2.0512406990746967e-05,0.0082530947402119,0.0350298210978508
B0,2032,A,0.5,random,5027,1.886986865429208e-05,0.0068775792606174,0.0355945117771625
B0,2032,A,0.5,random,5028,1.9892042473657057e-05,0.0096286106854677,0.0356076844036579
B0,2032,V,0.1,random,5026,1.9436020011198707e-06,0.0,0.0092512657865881
B0,2032,V,0.1,random,5027,1.8678932747207e-06,0.0,0.0090563269332051
B0,2032,V,0.1,random,5028,1.9482845345919486e-06,0.0,0.0089776525273919
B0,2032,V,0.2,random,5026,6.3673446675238665e-06,0.0013755158288404,0.0171746015548706
B0,2032,V,0.2,random,5027,6.306420800683554e-06,0.0,0.0169823337346315
B0,2032,V,0.2,random,5028,6.481970103777712e-06,0.0013755158288404,0.0164280794560909
B0,2032,V,0.3,start,5026,1.3424992175714578e-05,0.0013755158288404,0.0246039759367704
B0,2032,V,0.3,middle,5026,1.302944747294532e-05,0.0027510316576808,0.0240803994238376
B0,2032,V,0.3,end,5026,1.3650745131599251e-05,0.0013755158288404,0.0244764890521764
B0,2032,V,0.3,random,5026,1.3428551937977318e-05,0.0027510316576808,0.0250773653388023
B0,2032,V,0.3,random,5027,1.3105498510412872e-05,0.0013755158288404,0.0245862826704978
B0,2032,V,0.3,random,5028,1.329780207015574e-05,0.0041265473701059,0.0237869042903184
B0,2032,V,0.4,random,5026,2.3208729544421655e-05,0.0041265473701059,0.0324859395623207
B0,2032,V,0.4,random,5027,2.2938966139918197e-05,0.0055020633153617,0.0318532735109329
B0,2032,V,0.4,random,5028,2.3202839656732976e-05,0.0068775792606174,0.0312561877071857
B0,2032,V,0.5,random,5026,3.408929114812054e-05,0.0068775792606174,0.0391319505870342
B0,2032,V,0.5,random,5027,3.417039260966703e-05,0.0096286106854677,0.0387875251471996
B0,2032,V,0.5,random,5028,3.444586764089763e-05,0.0096286106854677,0.0382425673305988
B0,2032,TA,0.3,start,5026,0.0171846747398376,0.1237964257597923,0.327823132276535
B0,2032,TA,0.3,middle,5026,0.021792683750391,0.1348005533218383,0.3613477647304535
B0,2032,TA,0.3,end,5026,0.0235538762062788,0.1320495158433914,0.3637224435806274
B0,2032,TA,0.3,random,5026,0.0201321505010128,0.118294358253479,0.3485821783542633
B0,2032,TA,0.3,random,5027,0.0206115469336509,0.1348005533218383,0.3582483232021332
B0,2032,TA,0.3,random,5028,0.0204433519393205,0.1375515758991241,0.3396292924880981
B0,2032,TV,0.3,start,5026,0.0170339923352003,0.1251719444990158,0.3201958537101745
B0,2032,TV,0.3,middle,5026,0.0217020343989133,0.1375515758991241,0.3574909567832947
B0,2032,TV,0.3,end,5026,0.0235057193785905,0.1375515758991241,0.3649644553661346
B0,2032,TV,0.3,random,5026,0.0200401917099952,0.1265474557876587,0.3502605259418487
B0,2032,TV,0.3,random,5027,0.0205385759472847,0.1334250271320343,0.3545034229755401
B0,2032,TV,0.3,random,5028,0.0203393213450908,0.1389271020889282,0.3378272950649261
B0,2032,AV,0.3,start,5026,2.495314038242213e-05,0.0068775792606174,0.0348144061863422
B0,2032,AV,0.3,middle,5026,2.4459473934257403e-05,0.0068775792606174,0.035062987357378
B0,2032,AV,0.3,end,5026,2.6763889763969928e-05,0.0082530947402119,0.0363802537322044
B0,2032,AV,0.3,random,5026,2.612877869978547e-05,0.0068775792606174,0.0353267006576061
B0,2032,AV,0.3,random,5027,2.4490342184435576e-05,0.0068775792606174,0.0363673940300941
B0,2032,AV,0.3,random,5028,2.4963723262771964e-05,0.0096286106854677,0.0353789515793323
B0,2032,TAV,0.3,start,5026,0.0171049069613218,0.1306740045547485,0.3252636194229126
B0,2032,TAV,0.3,middle,5026,0.0217516403645277,0.1334250271320343,0.3593601286411285
B0,2032,TAV,0.3,end,5026,0.02350047044456,0.1348005533218383,0.3648449182510376
B0,2032,TAV,0.3,random,5026,0.0200790874660015,0.1279229670763015,0.3496291041374206
B0,2032,TAV,0.3,random,5027,0.0205674953758716,0.1361760646104812,0.3554473519325256
B0,2032,TAV,0.3,random,5028,0.0203974321484565,0.1389271020889282,0.3370600938796997
B0,2033,T,0.1,random,5026,0.0051299487240612,0.0839064642786979,0.1636227816343307
B0,2033,T,0.1,random,5027,0.007236055098474,0.0962861105799675,0.1749111413955688
B0,2033,T,0.1,random,5028,0.0078109330497682,0.1141678094863891,0.1795661151409149
B0,2033,T,0.2,random,5026,0.0125191630795598,0.1210453957319259,0.2568114101886749
B0,2033,T,0.2,random,5027,0.0126320431008934,0.1334250271320343,0.2557750344276428
B0,2033,T,0.2,random,5028,0.0129747837781906,0.1581843197345733,0.2567245364189148
B0,2033,T,0.3,start,5026,0.0145948380231857,0.1265474557876587,0.290440022945404
B0,2033,T,0.3,middle,5026,0.0202201195061206,0.1581843197345733,0.3229647576808929
B0,2033,T,0.3,end,5026,0.0217911247164011,0.1678129285573959,0.3493128418922424
B0,2033,T,0.3,random,5026,0.019215352833271,0.1568088084459304,0.3265809118747711
B0,2033,T,0.3,random,5027,0.0192819535732269,0.1568088084459304,0.3295206725597381
B0,2033,T,0.3,random,5028,0.0193313490599393,0.1911966949701309,0.3211998343467712
B0,2033,T,0.4,random,5026,0.028734914958477,0.2049518525600433,0.4013405740261078
B0,2033,T,0.4,random,5027,0.0291349217295646,0.1801925748586654,0.4112765789031982
B0,2033,T,0.4,random,5028,0.0281912740319967,0.2159559875726699,0.4020009934902191
B0,2033,T,0.5,random,5026,0.0387594103813171,0.2228335589170456,0.4718263447284698
B0,2033,T,0.5,random,5027,0.0376475192606449,0.2090784013271331,0.4642210006713867
B0,2033,T,0.5,random,5028,0.0368210822343826,0.236588716506958,0.46328866481781
B0,2033,A,0.1,random,5026,2.623233058329788e-06,0.0041265473701059,0.0093255471438169
B0,2033,A,0.1,random,5027,2.2340548184729414e-06,0.0041265473701059,0.0089306887239217
B0,2033,A,0.1,random,5028,2.232964334325516e-06,0.0041265473701059,0.0091524804010987
B0,2033,A,0.2,random,5026,6.845360530860489e-06,0.0082530947402119,0.0165364574640989
B0,2033,A,0.2,random,5027,5.9626436268445104e-06,0.0068775792606174,0.0158173870295286
B0,2033,A,0.2,random,5028,6.554271749337204e-06,0.0082530947402119,0.0162948705255985
B0,2033,A,0.3,start,5026,1.2714212971332016e-05,0.0110041266307234,0.0233151484280824
B0,2033,A,0.3,middle,5026,1.1552012438187376e-05,0.0082530947402119,0.0223236009478569
B0,2033,A,0.3,end,5026,1.4601328075514177e-05,0.0110041266307234,0.024546381086111
B0,2033,A,0.3,random,5026,1.3653354471898638e-05,0.0096286106854677,0.0233396776020526
B0,2033,A,0.3,random,5027,1.2049495126120746e-05,0.0096286106854677,0.0225299559533596
B0,2033,A,0.3,random,5028,1.3179355846659746e-05,0.0110041266307234,0.0227541662752628
B0,2033,A,0.4,random,5026,2.0993518774048425e-05,0.0123796425759792,0.0293883327394723
B0,2033,A,0.4,random,5027,1.903544216474984e-05,0.0110041266307234,0.0286084245890378
B0,2033,A,0.4,random,5028,2.0498628146015108e-05,0.0137551585212349,0.0288609191775321
B0,2033,A,0.5,random,5026,2.9647553674294613e-05,0.0137551585212349,0.0344664901494979
B0,2033,A,0.5,random,5027,2.858223160728812e-05,0.0137551585212349,0.0339480601251125
B0,2033,A,0.5,random,5028,2.9399576305877417e-05,0.0137551585212349,0.0343777388334274
B0,2033,V,0.1,random,5026,3.2661355362506583e-06,0.0013755158288404,0.0072417687624692
B0,2033,V,0.1,random,5027,2.9833288408553926e-06,0.0013755158288404,0.0069971275515854
B0,2033,V,0.1,random,5028,3.15246279569692e-06,0.0013755158288404,0.0072030485607683
B0,2033,V,0.2,random,5026,1.115773102355888e-05,0.0041265473701059,0.0133604705333709
B0,2033,V,0.2,random,5027,1.056057863024762e-05,0.0027510316576808,0.0130431987345218
B0,2033,V,0.2,random,5028,1.1271967196080368e-05,0.0041265473701059,0.0131468251347541
B0,2033,V,0.3,start,5026,2.209307422162965e-05,0.0068775792606174,0.0190017390996217
B0,2033,V,0.3,middle,5026,2.2647860532742925e-05,0.0068775792606174,0.0191222429275512
B0,2033,V,0.3,end,5026,2.2382064344128597e-05,0.0041265473701059,0.0189332459121942
B0,2033,V,0.3,random,5026,2.29629258683417e-05,0.0041265473701059,0.0193660855293273
B0,2033,V,0.3,random,5027,2.175008376070764e-05,0.0027510316576808,0.0189987011253833
B0,2033,V,0.3,random,5028,2.288585892529227e-05,0.0055020633153617,0.0189729668200016
B0,2033,V,0.4,random,5026,3.9490285416832194e-05,0.0110041266307234,0.0250846780836582
B0,2033,V,0.4,random,5027,3.803145227720961e-05,0.0110041266307234,0.0247420482337474
B0,2033,V,0.4,random,5028,3.95211682189256e-05,0.0110041266307234,0.0248682312667369
B0,2033,V,0.5,random,5026,5.531901479116641e-05,0.0110041266307234,0.0306442901492118
B0,2033,V,0.5,random,5027,5.381992377806455e-05,0.0123796425759792,0.0303331390023231
B0,2033,V,0.5,random,5028,5.486436566570774e-05,0.0110041266307234,0.0304343234747648
B0,2033,TA,0.3,start,5026,0.0144722843542695,0.1320495158433914,0.2902721166610718
B0,2033,TA,0.3,middle,5026,0.0200807992368936,0.1526822596788406,0.322500467300415
B0,2033,TA,0.3,end,5026,0.0217096023261547,0.1678129285573959,0.3508628904819488
B0,2033,TA,0.3,random,5026,0.0190816242247819,0.1526822596788406,0.3251266777515411
B0,2033,TA,0.3,random,5027,0.019175961613655,0.1609353572130203,0.3288603723049164
B0,2033,TA,0.3,random,5028,0.019215265288949,0.1911966949701309,0.3213828504085541
B0,2033,TV,0.3,start,5026,0.0144975008442997,0.1306740045547485,0.2862226366996765
B0,2033,TV,0.3,middle,5026,0.0201628822833299,0.1609353572130203,0.3199912011623382
B0,2033,TV,0.3,end,5026,0.0217453110963106,0.1719394773244857,0.3486416339874267
B0,2033,TV,0.3,random,5026,0.0191485490649938,0.1609353572130203,0.3248213231563568
B0,2033,TV,0.3,random,5027,0.0192229487001895,0.1636863797903061,0.3278565108776092
B0,2033,TV,0.3,random,5028,0.0192843973636627,0.1953232437372207,0.3185897171497345
B0,2033,AV,0.3,start,5026,3.921705138054677e-05,0.0137551585212349,0.0283658597618341
B0,2033,AV,0.3,middle,5026,3.738916711881757e-05,0.0137551585212349,0.0286611951887607
B0,2033,AV,0.3,end,5026,4.145204366068356e-05,0.0110041266307234,0.031190525740385
B0,2033,AV,0.3,random,5026,4.0417515265289694e-05,0.0110041266307234,0.0294482503086328
B0,2033,AV,0.3,random,5027,3.716550418175757e-05,0.0110041266307234,0.0292101521044969
B0,2033,AV,0.3,random,5028,3.995292354375124e-05,0.0165061894804239,0.0290398262441158
B0,2033,TAV,0.3,start,5026,0.0143803777173161,0.1306740045547485,0.2867304980754852
B0,2033,TAV,0.3,middle,5026,0.0200302638113498,0.1540577709674835,0.3195961415767669
B0,2033,TAV,0.3,end,5026,0.0216728560626506,0.1760660260915756,0.3499349653720855
B0,2033,TAV,0.3,random,5026,0.0190175659954547,0.1568088084459304,0.3235348463058471
B0,2033,TAV,0.3,random,5027,0.0191231276839971,0.1609353572130203,0.3276276886463165
B0,2033,TAV,0.3,random,5028,0.0191743690520524,0.1911966949701309,0.3186402916908264
B0,2034,T,0.1,random,5026,0.0100553259253501,0.0852819830179214,0.1816891729831695
B0,2034,T,0.1,random,5027,0.0121553456410765,0.10591471940279,0.1992571204900741
B0,2034,T,0.1,random,5028,0.0133531223982572,0.10591471940279,0.1948657780885696
B0,2034,T,0.2,random,5026,0.0208894219249486,0.1334250271320343,0.2681259512901306
B0,2034,T,0.2,random,5027,0.0200738534331321,0.1334250271320343,0.2766138315200805
B0,2034,T,0.2,random,5028,0.022257350385189,0.1403026133775711,0.2728409469127655
B0,2034,T,0.3,start,5026,0.0252853166311979,0.1471801996231079,0.3120287954807281
B0,2034,T,0.3,middle,5026,0.030373640358448,0.1678129285573959,0.3331459462642669
B0,2034,T,0.3,end,5026,0.0347800515592098,0.166437417268753,0.3702326118946075
B0,2034,T,0.3,random,5026,0.0300690382719039,0.1568088084459304,0.3411046266555786
B0,2034,T,0.3,random,5027,0.0295064151287078,0.1650618910789489,0.338598370552063
B0,2034,T,0.3,random,5028,0.030401237308979,0.1636863797903061,0.3355652093887329
B0,2034,T,0.4,random,5026,0.0413213782012462,0.1815680861473083,0.4110419452190399
B0,2034,T,0.4,random,5027,0.0431308634579181,0.2022008299827575,0.4162129163742065
B0,2034,T,0.4,random,5028,0.0420134663581848,0.192572221159935,0.412993848323822
B0,2034,T,0.5,random,5026,0.0558249838650226,0.2173314988613128,0.4774386584758758
B0,2034,T,0.5,random,5027,0.0555960573256015,0.2187070101499557,0.4819912016391754
B0,2034,T,0.5,random,5028,0.0549571886658668,0.2173314988613128,0.4771803319454193
B0,2034,A,0.1,random,5026,8.14197790077742e-07,0.0,0.005388859193772
B0,2034,A,0.1,random,5027,7.859177344471391e-07,0.0013755158288404,0.0054741706699132
B0,2034,A,0.1,random,5028,6.011061373101256e-07,0.0,0.0053590424358844
B0,2034,A,0.2,random,5026,1.990074679270037e-06,0.0,0.0093721207231283
B0,2034,A,0.2,random,5027,2.089652070935699e-06,0.0013755158288404,0.0089366286993026
B0,2034,A,0.2,random,5028,2.0940290141879814e-06,0.0,0.00922092795372
B0,2034,A,0.3,start,5026,3.631109393609222e-06,0.0027510316576808,0.0118434801697731
B0,2034,A,0.3,middle,5026,3.961262336815707e-06,0.0013755158288404,0.0137351667508482
B0,2034,A,0.3,end,5026,7.398659818136366e-06,0.0027510316576808,0.0146774919703602
B0,2034,A,0.3,random,5026,3.784274667850696e-06,0.0013755158288404,0.0132196182385087
B0,2034,A,0.3,random,5027,3.9919304981594905e-06,0.0027510316576808,0.0129362717270851
B0,2034,A,0.3,random,5028,3.7993843307049247e-06,0.0027510316576808,0.0129230832681059
B0,2034,A,0.4,random,5026,5.627774044114631e-06,0.0013755158288404,0.0166991408914327
B0,2034,A,0.4,random,5027,5.7838578868540935e-06,0.0027510316576808,0.0164319444447755
B0,2034,A,0.4,random,5028,5.759606210631318e-06,0.0027510316576808,0.0164169687777757
B0,2034,A,0.5,random,5026,8.4214516391512e-06,0.0013755158288404,0.0199980698525905
B0,2034,A,0.5,random,5027,8.703676030563656e-06,0.0013755158288404,0.0201094131916761
B0,2034,A,0.5,random,5028,8.178572898032144e-06,0.0013755158288404,0.0202234033495187
B0,2034,V,0.1,random,5026,4.939502673551033e-07,0.0013755158288404,0.0043800072744488
B0,2034,V,0.1,random,5027,4.5916721091998635e-07,0.0013755158288404,0.0045142187736928
B0,2034,V,0.1,random,5028,5.074090836387768e-07,0.0013755158288404,0.0044992649927735
B0,2034,V,0.2,random,5026,1.4314751979327411e-06,0.0013755158288404,0.0081521794199943
B0,2034,V,0.2,random,5027,1.3733595096709903e-06,0.0013755158288404,0.0084220552816987
B0,2034,V,0.2,random,5028,1.4159296597426874e-06,0.0013755158288404,0.0084397476166486
B0,2034,V,0.3,start,5026,2.783896434266353e-06,0.0013755158288404,0.0120189785957336
B0,2034,V,0.3,middle,5026,2.9143639039830305e-06,0.0027510316576808,0.0121870236471295
B0,2034,V,0.3,end,5026,3.043433480343083e-06,0.0027510316576808,0.011997235007584
B0,2034,V,0.3,random,5026,2.9615964649565285e-06,0.0027510316576808,0.0119494590908288
B0,2034,V,0.3,random,5027,2.8968001970497426e-06,0.0013755158288404,0.0124208414927124
B0,2034,V,0.3,random,5028,2.9281229672051268e-06,0.0027510316576808,0.0122577939182519
B0,2034,V,0.4,random,5026,5.027011866332032e-06,0.0027510316576808,0.0156763084232807
B0,2034,V,0.4,random,5027,4.9236277845921e-06,0.0027510316576808,0.0162272583693265
B0,2034,V,0.4,random,5028,5.026845428801607e-06,0.0027510316576808,0.0160511434078216
B0,2034,V,0.5,random,5026,7.374727829301264e-06,0.0027510316576808,0.019299279898405
B0,2034,V,0.5,random,5027,7.274961717484984e-06,0.0027510316576808,0.0198121964931488
B0,2034,V,0.5,random,5028,7.30917599867098e-06,0.0027510316576808,0.0196335297077894
B0,2034,TA,0.3,start,5026,0.0252109821885824,0.1458046734333038,0.3120380342006683
B0,2034,TA,0.3,middle,5026,0.0303128566592931,0.1678129285573959,0.3319715857505798
B0,2034,TA,0.3,end,5026,0.0346426367759704,0.1678129285573959,0.3687781393527984
B0,2034,TA,0.3,random,5026,0.0299848932772874,0.1568088084459304,0.340574562549591
B0,2034,TA,0.3,random,5027,0.0294135622680187,0.1678129285573959,0.3364839255809784
B0,2034,TA,0.3,random,5028,0.0303552728146314,0.1678129285573959,0.3361343443393707
B0,2034,TV,0.3,start,5026,0.0251780245453119,0.1471801996231079,0.3107795119285583
B0,2034,TV,0.3,middle,5026,0.0303185600787401,0.1691884398460388,0.3330746293067932
B0,2034,TV,0.3,end,5026,0.0346599891781806,0.1678129285573959,0.3684499263763428
B0,2034,TV,0.3,random,5026,0.030025290325284,0.1568088084459304,0.3403896689414978
B0,2034,TV,0.3,random,5027,0.0294323302805423,0.1636863797903061,0.3388921618461609
B0,2034,TV,0.3,random,5028,0.0303588975220918,0.1623108685016632,0.3343572318553924
B0,2034,AV,0.3,start,5026,7.753378667985089e-06,0.0027510316576808,0.0179569628089666
B0,2034,AV,0.3,middle,5026,8.058960702328477e-06,0.0013755158288404,0.019602533429861
B0,2034,AV,0.3,end,5026,1.147653802036075e-05,0.0027510316576808,0.0210650973021984
B0,2034,AV,0.3,random,5026,7.947743142722175e-06,0.0013755158288404,0.019271858036518
B0,2034,AV,0.3,random,5027,8.054293175518978e-06,0.0027510316576808,0.019586507230997
B0,2034,AV,0.3,random,5028,7.77741297497414e-06,0.0027510316576808,0.0191206317394971
B0,2034,TAV,0.3,start,5026,0.0251087993383407,0.1458046734333038,0.3114074468612671
B0,2034,TAV,0.3,middle,5026,0.0302640050649642,0.1705639660358429,0.3323512375354767
B0,2034,TAV,0.3,end,5026,0.0345284789800643,0.1691884398460388,0.3673434853553772
B0,2034,TAV,0.3,random,5026,0.0299450159072875,0.1581843197345733,0.3403292894363403
B0,2034,TAV,0.3,random,5027,0.0293434038758277,0.1678129285573959,0.3373081982135772
B0,2034,TAV,0.3,random,5028,0.0303190741688013,0.1650618910789489,0.3357335031032562
B0,2035,T,0.1,random,5026,0.007142961025238,0.0756533667445182,0.1632486581802368
B0,2035,T,0.1,random,5027,0.0099538937211036,0.0921595618128776,0.173014685511589
B0,2035,T,0.1,random,5028,0.0104542467743158,0.0880330130457878,0.17835433781147
B0,2035,T,0.2,random,5026,0.0162492766976356,0.1169188469648361,0.2567935585975647
B0,2035,T,0.2,random,5027,0.0161977745592594,0.1224209070205688,0.2475363910198211
B0,2035,T,0.2,random,5028,0.0174130387604236,0.118294358253479,0.256069540977478
B0,2035,T,0.3,start,5026,0.0200757421553134,0.1292984932661056,0.3072537779808044
B0,2035,T,0.3,middle,5026,0.0250640176236629,0.1526822596788406,0.3097667098045349
B0,2035,T,0.3,end,5026,0.0292820930480957,0.1623108685016632,0.3399041891098022
B0,2035,T,0.3,random,5026,0.0241178534924983,0.1348005533218383,0.3232791721820831
B0,2035,T,0.3,random,5027,0.024472426623106,0.1568088084459304,0.3178534805774688
B0,2035,T,0.3,random,5028,0.0247571524232625,0.1526822596788406,0.3121945559978485
B0,2035,T,0.4,random,5026,0.036192700266838,0.1911966949701309,0.3951106965541839
B0,2035,T,0.4,random,5027,0.0356635190546512,0.1966987550258636,0.3923999369144439
B0,2035,T,0.4,random,5028,0.0355116166174411,0.1843191236257553,0.392758697271347
B0,2035,T,0.5,random,5026,0.0476987957954406,0.2090784013271331,0.4626020193099975
B0,2035,T,0.5,random,5027,0.0474865324795246,0.2214580476284027,0.4607320725917816
B0,2035,T,0.5,random,5028,0.0468346923589706,0.2145804613828659,0.4600253701210022
B0,2035,A,0.1,random,5026,1.163121282843349e-06,0.0013755158288404,0.0045733335427939
B0,2035,A,0.1,random,5027,1.9015537873201536e-06,0.0027510316576808,0.0048430594615638
B0,2035,A,0.1,random,5028,1.0531626912779757e-06,0.0027510316576808,0.0047946739941835
B0,2035,A,0.2,random,5026,2.5693632323964266e-06,0.0013755158288404,0.0080186715349555
B0,2035,A,0.2,random,5027,3.174515768478159e-06,0.0027510316576808,0.0081493565812706
B0,2035,A,0.2,random,5028,2.9280029139044927e-06,0.0027510316576808,0.0083955638110637
B0,2035,A,0.3,start,5026,4.94569167130976e-06,0.0027510316576808,0.011188973672688
B0,2035,A,0.3,middle,5026,4.756951966555789e-06,0.0041265473701059,0.0111593091860413
B0,2035,A,0.3,end,5026,1.2632262041734066e-05,0.0055020633153617,0.0130565855652093
B0,2035,A,0.3,random,5026,5.359370788937667e-06,0.0027510316576808,0.0114206708967685
B0,2035,A,0.3,random,5027,5.8780387917067856e-06,0.0041265473701059,0.0114034954458475
B0,2035,A,0.3,random,5028,6.164112619444495e-06,0.0055020633153617,0.0116414567455649
B0,2035,A,0.4,random,5026,7.843365892767906e-06,0.0055020633153617,0.0145776029676198
B0,2035,A,0.4,random,5027,8.501318006892689e-06,0.0041265473701059,0.0145541466772556
B0,2035,A,0.4,random,5028,9.065272024599835e-06,0.0055020633153617,0.0145922983065247
B0,2035,A,0.5,random,5026,1.015521411318332e-05,0.0055020633153617,0.0172749459743499
B0,2035,A,0.5,random,5027,1.4165579159453046e-05,0.0041265473701059,0.0174506194889545
B0,2035,A,0.5,random,5028,1.2037596206937453e-05,0.0068775792606174,0.0172430984675884
B0,2035,V,0.1,random,5026,1.031311285260017e-06,0.0013755158288404,0.0046240091323852
B0,2035,V,0.1,random,5027,8.63578861753922e-07,0.0013755158288404,0.0043867081403732
B0,2035,V,0.1,random,5028,1.0755260291261948e-06,0.0013755158288404,0.0046283914707601
B0,2035,V,0.2,random,5026,2.9929217362223426e-06,0.0013755158288404,0.0084849018603563
B0,2035,V,0.2,random,5027,2.685870640561916e-06,0.0013755158288404,0.0080369319766759
B0,2035,V,0.2,random,5028,3.042851403733948e-06,0.0013755158288404,0.0083615165203809
B0,2035,V,0.3,start,5026,5.514229087566491e-06,0.0013755158288404,0.0119974901899695
B0,2035,V,0.3,middle,5026,5.836640866618836e-06,0.0013755158288404,0.0118575310334563
B0,2035,V,0.3,end,5026,7.056601134536322e-06,0.0013755158288404,0.0126168169081211
B0,2035,V,0.3,random,5026,6.260376721911598e-06,0.0013755158288404,0.0123013090342283
B0,2035,V,0.3,random,5027,5.811212758999318e-06,0.0013755158288404,0.0118671534582972
B0,2035,V,0.3,random,5028,6.340861546050292e-06,0.0013755158288404,0.0121139669790863
B0,2035,V,0.4,random,5026,1.0605304851196706e-05,0.0027510316576808,0.0157634783536195
B0,2035,V,0.4,random,5027,9.979397873394191e-06,0.0027510316576808,0.0154096903279423
B0,2035,V,0.4,random,5028,1.0681223102437798e-05,0.0013755158288404,0.0158564522862434
B0,2035,V,0.5,random,5026,1.6163501641131006e-05,0.0041265473701059,0.0190900564193725
B0,2035,V,0.5,random,5027,1.531779344077222e-05,0.0041265473701059,0.0187202300876379
B0,2035,V,0.5,random,5028,1.6116891856654547e-05,0.0027510316576808,0.019182501360774
B0,2035,TA,0.3,start,5026,0.0199874062091112,0.1292984932661056,0.3060222864151001
B0,2035,TA,0.3,middle,5026,0.0249581895768642,0.1540577709674835,0.306941956281662
B0,2035,TA,0.3,end,5026,0.0290876366198062,0.1623108685016632,0.3376066982746124
B0,2035,TA,0.3,random,5026,0.0240188241004943,0.1361760646104812,0.3223056495189667
B0,2035,TA,0.3,random,5027,0.0243416223675012,0.1554332822561264,0.3158530592918396
B0,2035,TA,0.3,random,5028,0.0246711764484643,0.1526822596788406,0.3105867803096771
B0,2035,TV,0.3,start,5026,0.0199088864028453,0.1279229670763015,0.3057466745376587
B0,2035,TV,0.3,middle,5026,0.0249319318681955,0.1540577709674835,0.3079712092876434
B0,2035,TV,0.3,end,5026,0.0290888398885726,0.1650618910789489,0.3393396437168121
B0,2035,TV,0.3,random,5026,0.0239560436457395,0.1348005533218383,0.3228099942207336
B0,2035,TV,0.3,random,5027,0.0243334285914897,0.1554332822561264,0.3174624443054199
B0,2035,TV,0.3,random,5028,0.0246145594865083,0.1526822596788406,0.3102155029773712
B0,2035,AV,0.3,start,5026,1.3671921806235332e-05,0.0041265473701059,0.017586687579751
B0,2035,AV,0.3,middle,5026,1.3616770957014523e-05,0.0055020633153617,0.0175923705101013
B0,2035,AV,0.3,end,5026,2.3775597583153285e-05,0.0041265473701059,0.0194568652659654
B0,2035,AV,0.3,random,5026,1.5080172488524111e-05,0.0041265473701059,0.0180697590112686
B0,2035,AV,0.3,random,5027,1.5050642105052248e-05,0.0041265473701059,0.0180988907814025
B0,2035,AV,0.3,random,5028,1.605278521310538e-05,0.0041265473701059,0.0179869718849658
B0,2035,TAV,0.3,start,5026,0.0198257900774478,0.1251719444990158,0.3045622706413269
B0,2035,TAV,0.3,middle,5026,0.0248292367905378,0.1554332822561264,0.3051632940769195
B0,2035,TAV,0.3,end,5026,0.0288983602076768,0.1650618910789489,0.337161511182785
B0,2035,TAV,0.3,random,5026,0.0238596219569444,0.1361760646104812,0.3219489157199859
B0,2035,TAV,0.3,random,5027,0.0242063291370868,0.1554332822561264,0.3152956962585449
B0,2035,TAV,0.3,random,5028,0.0245335754007101,0.1526822596788406,0.3085571527481079
noB,2031,T,0.1,random,5026,0.0064343539997935,0.0976616218686103,0.1697720289230346
noB,2031,T,0.1,random,5027,0.0084803458303213,0.1127922981977462,0.1779032051563263
noB,2031,T,0.1,random,5028,0.0094995023682713,0.1086657494306564,0.1767357140779495
noB,2031,T,0.2,random,5026,0.014818400144577,0.1499312222003936,0.2623276710510254
noB,2031,T,0.2,random,5027,0.0142324268817901,0.1540577709674835,0.253833532333374
noB,2031,T,0.2,random,5028,0.0154333543032407,0.1471801996231079,0.2507201135158539
noB,2031,T,0.3,start,5026,0.0172750707715749,0.1554332822561264,0.2890866696834564
noB,2031,T,0.3,middle,5026,0.0228661932051181,0.1801925748586654,0.3171685636043548
noB,2031,T,0.3,end,5026,0.0259754955768585,0.1843191236257553,0.3503298461437225
noB,2031,T,0.3,random,5026,0.0220892168581485,0.166437417268753,0.3200889229774475
noB,2031,T,0.3,random,5027,0.0215842332690954,0.1829435974359512,0.3280885517597198
noB,2031,T,0.3,random,5028,0.0224809981882572,0.1733149886131286,0.3116345703601837
noB,2031,T,0.4,random,5026,0.0322401635348796,0.2187070101499557,0.3940913379192352
noB,2031,T,0.4,random,5027,0.0326127223670482,0.2173314988613128,0.4045899510383606
noB,2031,T,0.4,random,5028,0.0325576812028884,0.2228335589170456,0.3932325839996338
noB,2031,T,0.5,random,5026,0.0429821610450744,0.2448418140411377,0.4614900052547455
noB,2031,T,0.5,random,5027,0.0421021021902561,0.2530949115753174,0.4674278795719147
noB,2031,T,0.5,random,5028,0.0414825156331062,0.2558459341526031,0.4632283747196197
noB,2031,A,0.1,random,5026,3.5666687381308293e-07,0.0013755158288404,0.0035447746049612
noB,2031,A,0.1,random,5027,4.012989904822462e-07,0.0,0.0039887591265141
noB,2031,A,0.1,random,5028,3.47505647368962e-07,0.0013755158288404,0.0038277928251773
noB,2031,A,0.2,random,5026,9.752343430591282e-07,0.0013755158288404,0.0061591165140271
noB,2031,A,0.2,random,5027,1.0537427215240314e-06,0.0013755158288404,0.0067323758266866
noB,2031,A,0.2,random,5028,1.0228221754005062e-06,0.0013755158288404,0.0065046749077737
noB,2031,A,0.3,start,5026,2.016567805185332e-06,0.0013755158288404,0.0097825294360518
noB,2031,A,0.3,middle,5026,1.9425219761615158e-06,0.0041265473701059,0.0090121086686849
noB,2031,A,0.3,end,5026,2.4109031073749065e-06,0.0027510316576808,0.0088628297671675
noB,2031,A,0.3,random,5026,1.990717009903165e-06,0.0013755158288404,0.0087674660608172
noB,2031,A,0.3,random,5027,2.1291689336067066e-06,0.0013755158288404,0.0094585549086332
noB,2031,A,0.3,random,5028,1.9799128949671285e-06,0.0027510316576808,0.0090866517275571
noB,2031,A,0.4,random,5026,3.170697937093792e-06,0.0027510316576808,0.0112172355875372
noB,2031,A,0.4,random,5027,3.2908967568801017e-06,0.0013755158288404,0.0117768561467528
noB,2031,A,0.4,random,5028,3.0829005481791683e-06,0.0027510316576808,0.0115218441933393
noB,2031,A,0.5,random,5026,4.6132959141687024e-06,0.0041265473701059,0.0133963990956544
noB,2031,A,0.5,random,5027,4.687256023316877e-06,0.0027510316576808,0.0140016926452517
noB,2031,A,0.5,random,5028,4.419250672071939e-06,0.0041265473701059,0.0138918394222855
noB,2031,V,0.1,random,5026,7.056062258925522e-07,0.0013755158288404,0.0035618434194475
noB,2031,V,0.1,random,5027,6.52065864414908e-07,0.0013755158288404,0.0033624735660851
noB,2031,V,0.1,random,5028,6.725157959408534e-07,0.0013755158288404,0.0034480546601116
noB,2031,V,0.2,random,5026,2.116554242093116e-06,0.0027510316576808,0.0064912023954093
noB,2031,V,0.2,random,5027,2.0307245449657785e-06,0.0027510316576808,0.0062743630260229
noB,2031,V,0.2,random,5028,2.2082961095293285e-06,0.0027510316576808,0.0064389794133603
noB,2031,V,0.3,start,5026,4.410320798342582e-06,0.0013755158288404,0.0092700682580471
noB,2031,V,0.3,middle,5026,4.450380401976872e-06,0.0027510316576808,0.0091760037466883
noB,2031,V,0.3,end,5026,4.783634722116403e-06,0.0027510316576808,0.0092958752065896
noB,2031,V,0.3,random,5026,4.559598892228678e-06,0.0027510316576808,0.0095024863258004
noB,2031,V,0.3,random,5027,4.343476575741079e-06,0.0027510316576808,0.0092028779909014
noB,2031,V,0.3,random,5028,4.678143341152463e-06,0.0027510316576808,0.0094187781214714
noB,2031,V,0.4,random,5026,7.624140835105209e-06,0.0027510316576808,0.0123531650751829
noB,2031,V,0.4,random,5027,7.478926363546634e-06,0.0027510316576808,0.0120497867465019
noB,2031,V,0.4,random,5028,7.920227290014736e-06,0.0027510316576808,0.0123541755601763
noB,2031,V,0.5,random,5026,1.095607876777649e-05,0.0027510316576808,0.0151009308174252
noB,2031,V,0.5,random,5027,1.089712077373406e-05,0.0027510316576808,0.0147800855338573
noB,2031,V,0.5,random,5028,1.126430925069144e-05,0.0027510316576808,0.0150144649669528
noB,2031,TA,0.3,start,5026,0.0172706097364425,0.1554332822561264,0.2906080484390259
noB,2031,TA,0.3,middle,5026,0.0228148996829986,0.1801925748586654,0.3170203268527984
noB,2031,TA,0.3,end,5026,0.0258896760642528,0.1856946349143982,0.3507636487483978
noB,2031,TA,0.3,random,5026,0.0220697000622749,0.1678129285573959,0.3201479613780975
noB,2031,TA,0.3,random,5027,0.0215274188667535,0.1856946349143982,0.3284089267253876
noB,2031,TA,0.3,random,5028,0.0224378518760204,0.1760660260915756,0.3114316463470459
noB,2031,TV,0.3,start,5026,0.0171844717115163,0.1526822596788406,0.2898394465446472
noB,2031,TV,0.3,middle,5026,0.0227979775518178,0.1774415373802185,0.3173993527889251
noB,2031,TV,0.3,end,5026,0.0258902553468942,0.1856946349143982,0.3504503071308136
noB,2031,TV,0.3,random,5026,0.0220483671873807,0.1650618910789489,0.3221240043640136
noB,2031,TV,0.3,random,5027,0.0215442553162574,0.1815680861473083,0.328080952167511
noB,2031,TV,0.3,random,5028,0.022396607324481,0.1719394773244857,0.3117584586143493
noB,2031,AV,0.3,start,5026,6.078824299038388e-06,0.0027510316576808,0.0144133549183607
noB,2031,AV,0.3,middle,5026,6.111551556386985e-06,0.0041265473701059,0.0134756909683346
noB,2031,AV,0.3,end,5026,7.2851112236094195e-06,0.0027510316576808,0.0135681210085749
noB,2031,AV,0.3,random,5026,6.078414571675239e-06,0.0041265473701059,0.013535026460886
noB,2031,AV,0.3,random,5027,6.264991043281043e-06,0.0027510316576808,0.0141265504062175
noB,2031,AV,0.3,random,5028,6.420259069273016e-06,0.0041265473701059,0.01416727155447
noB,2031,TAV,0.3,start,5026,0.0171846393495798,0.1513067334890365,0.2913917899131775
noB,2031,TAV,0.3,middle,5026,0.022750062867999,0.1801925748586654,0.3174276947975158
noB,2031,TAV,0.3,end,5026,0.0258065350353717,0.187070146203041,0.350906103849411
noB,2031,TAV,0.3,random,5026,0.0220307894051074,0.1678129285573959,0.3223125040531158
noB,2031,TAV,0.3,random,5027,0.0214911513030529,0.1829435974359512,0.3284677565097809
noB,2031,TAV,0.3,random,5028,0.0223589744418859,0.1733149886131286,0.3114432692527771
noB,2032,T,0.1,random,5026,0.0068287914618849,0.1031636893749237,0.1567820161581039
noB,2032,T,0.1,random,5027,0.0093832481652498,0.1114167794585228,0.1742120683193206
noB,2032,T,0.1,random,5028,0.0096811559051275,0.1224209070205688,0.1715179830789566
noB,2032,T,0.2,random,5026,0.0164414588361978,0.1389271020889282,0.2314965277910232
noB,2032,T,0.2,random,5027,0.0160827115178108,0.1568088084459304,0.2469484359025955
noB,2032,T,0.2,random,5028,0.015758765861392,0.1499312222003936,0.2375351041555404
noB,2032,T,0.3,start,5026,0.0192638542503118,0.1540577709674835,0.2761817872524261
noB,2032,T,0.3,middle,5026,0.0248065441846847,0.166437417268753,0.3013018667697906
noB,2032,T,0.3,end,5026,0.0272810962051153,0.1829435974359512,0.3149074018001556
noB,2032,T,0.3,random,5026,0.0244041737169027,0.1650618910789489,0.3004721403121948
noB,2032,T,0.3,random,5027,0.0237105321139097,0.1856946349143982,0.310117244720459
noB,2032,T,0.3,random,5028,0.023500844836235,0.1939477324485778,0.2953447997570038
noB,2032,T,0.4,random,5026,0.0358464233577251,0.2310866564512252,0.3804656267166137
noB,2032,T,0.4,random,5027,0.0354524180293083,0.2407152652740478,0.3853790760040283
noB,2032,T,0.4,random,5028,0.0346474274992942,0.2407152652740478,0.3739433586597442
noB,2032,T,0.5,random,5026,0.047266524285078,0.2764786779880523,0.4421754479408264
noB,2032,T,0.5,random,5027,0.0449941642582416,0.2627235352993011,0.4462432265281677
noB,2032,T,0.5,random,5028,0.0454248636960983,0.2723521292209625,0.4323902130126953
noB,2032,A,0.1,random,5026,1.224806510435883e-06,0.0,0.0083310073241591
noB,2032,A,0.1,random,5027,1.0914977792708669e-06,0.0,0.0083160642534494
noB,2032,A,0.1,random,5028,1.073645762517117e-06,0.0,0.0080153960734605
noB,2032,A,0.2,random,5026,3.7776530916744377e-06,0.0,0.0142479594796895
noB,2032,A,0.2,random,5027,3.1367210340249585e-06,0.0,0.0145864868536591
noB,2032,A,0.2,random,5028,3.1814897738513537e-06,0.0,0.0142230754718184
noB,2032,A,0.3,start,5026,6.618894076382276e-06,0.0027510316576808,0.0210716314613819
noB,2032,A,0.3,middle,5026,6.2464123402605765e-06,0.0013755158288404,0.0199697725474834
noB,2032,A,0.3,end,5026,7.621513304911787e-06,0.0013755158288404,0.0211625695228576
noB,2032,A,0.3,random,5026,7.414524134219391e-06,0.0,0.0203515402972698
noB,2032,A,0.3,random,5027,6.345482233882649e-06,0.0,0.0206045284867286
noB,2032,A,0.3,random,5028,6.5757976699387655e-06,0.0,0.0201349351555109
noB,2032,A,0.4,random,5026,1.1763744623749515e-05,0.0013755158288404,0.0259620323777198
noB,2032,A,0.4,random,5027,1.04308337540715e-05,0.0013755158288404,0.0259430296719074
noB,2032,A,0.4,random,5028,1.0954548088193404e-05,0.0013755158288404,0.0260494202375412
noB,2032,A,0.5,random,5026,1.675527892075479e-05,0.0013755158288404,0.0307848658412694
noB,2032,A,0.5,random,5027,1.5442694348166697e-05,0.0027510316576808,0.0309948734939098
noB,2032,A,0.5,random,5028,1.6104297174024396e-05,0.0027510316576808,0.0311541501432657
noB,2032,V,0.1,random,5026,1.7669714225121425e-06,0.0013755158288404,0.0081444578245282
noB,2032,V,0.1,random,5027,1.6612831359452684e-06,0.0013755158288404,0.007930533029139
noB,2032,V,0.1,random,5028,1.7373374703311129e-06,0.0013755158288404,0.007897756062448
noB,2032,V,0.2,random,5026,5.5487216741312295e-06,0.0013755158288404,0.0151111371815204
noB,2032,V,0.2,random,5027,5.456888629851164e-06,0.0013755158288404,0.0148681681603193
noB,2032,V,0.2,random,5028,5.598235020443099e-06,0.0013755158288404,0.0144593780860304
noB,2032,V,0.3,start,5026,1.1726870980055535e-05,0.0013755158288404,0.0216243658214807
noB,2032,V,0.3,middle,5026,1.1366457329131665e-05,0.0013755158288404,0.0211443919688463
noB,2032,V,0.3,end,5026,1.1702062693075275e-05,0.0013755158288404,0.0214586295187473
noB,2032,V,0.3,random,5026,1.1643785910564476e-05,0.0013755158288404,0.0220681466162204
noB,2032,V,0.3,random,5027,1.1320821613480804e-05,0.0013755158288404,0.0215351078659296
noB,2032,V,0.3,random,5028,1.1478070518933237e-05,0.0013755158288404,0.0209224820137023
noB,2032,V,0.4,random,5026,2.0180588762741536e-05,0.0013755158288404,0.0285442937165498
noB,2032,V,0.4,random,5027,1.9887269445462152e-05,0.0013755158288404,0.0278523974120616
noB,2032,V,0.4,random,5028,2.0132725694566037e-05,0.0013755158288404,0.0274991206824779
noB,2032,V,0.5,random,5026,2.9728513254667632e-05,0.0027510316576808,0.0343808457255363
noB,2032,V,0.5,random,5027,2.96394428005442e-05,0.0027510316576808,0.0338571481406688
noB,2032,V,0.5,random,5028,2.9888911740272303e-05,0.0013755158288404,0.0335708186030387
noB,2032,TA,0.3,start,5026,0.0192518439143896,0.1540577709674835,0.2791135311126709
noB,2032,TA,0.3,middle,5026,0.0248080510646104,0.1691884398460388,0.3017522990703583
noB,2032,TA,0.3,end,5026,0.0272153560072183,0.189821183681488,0.3137207925319671
noB,2032,TA,0.3,random,5026,0.0243768189102411,0.1636863797903061,0.2993550598621368
noB,2032,TA,0.3,random,5027,0.0236734338104724,0.1856946349143982,0.3104329705238342
noB,2032,TA,0.3,random,5028,0.0235196650028228,0.1966987550258636,0.2943388819694519
noB,2032,TV,0.3,start,5026,0.0191246978938579,0.1568088084459304,0.2752487957477569
noB,2032,TV,0.3,middle,5026,0.0247311405837535,0.1623108685016632,0.2977809011936188
noB,2032,TV,0.3,end,5026,0.0271828304976224,0.189821183681488,0.3157115578651428
noB,2032,TV,0.3,random,5026,0.0243235994130373,0.1650618910789489,0.3014611303806305
noB,2032,TV,0.3,random,5027,0.0236092340201139,0.1815680861473083,0.3077281415462494
noB,2032,TV,0.3,random,5028,0.0234137661755085,0.192572221159935,0.2935092151165008
noB,2032,AV,0.3,start,5026,2.2059208276914436e-05,0.0013755158288404,0.0306434426456689
noB,2032,AV,0.3,middle,5026,2.1661899154423736e-05,0.0013755158288404,0.0310792755335569
noB,2032,AV,0.3,end,5026,2.3671102098887783e-05,0.0027510316576808,0.0319764353334903
noB,2032,AV,0.3,random,5026,2.3455413611372933e-05,0.0,0.0313436239957809
noB,2032,AV,0.3,random,5027,2.2061434719944373e-05,0.0,0.0320128500461578
noB,2032,AV,0.3,random,5028,2.207567376899533e-05,0.0,0.0312918350100517
noB,2032,TAV,0.3,start,5026,0.0191172417253255,0.1595598310232162,0.2785647511482239
noB,2032,TAV,0.3,middle,5026,0.0247360207140445,0.1678129285573959,0.2986948788166046
noB,2032,TAV,0.3,end,5026,0.0271233972162008,0.189821183681488,0.3141399621963501
noB,2032,TAV,0.3,random,5026,0.0242976285517215,0.1650618910789489,0.3002703785896301
noB,2032,TAV,0.3,random,5027,0.0235751289874315,0.1829435974359512,0.3085348010063171
noB,2032,TAV,0.3,random,5028,0.0234402175992727,0.1966987550258636,0.2927310466766357
noB,2033,T,0.1,random,5026,0.0133104734122753,0.10591471940279,0.1876293271780014
noB,2033,T,0.1,random,5027,0.0183434095233678,0.1224209070205688,0.2103178352117538
noB,2033,T,0.1,random,5028,0.0195678919553756,0.1292984932661056,0.2057231068611145
noB,2033,T,0.2,random,5026,0.0265564061701297,0.1540577709674835,0.2782665491104126
noB,2033,T,0.2,random,5027,0.0287609435617923,0.1485557109117508,0.2923278510570526
noB,2033,T,0.2,random,5028,0.0288189891725778,0.1719394773244857,0.2832156717777252
noB,2033,T,0.3,start,5026,0.0310426130890846,0.1554332822561264,0.316611498594284
noB,2033,T,0.3,middle,5026,0.0390674546360969,0.1994497925043106,0.3387845456600189
noB,2033,T,0.3,end,5026,0.0438393950462341,0.1939477324485778,0.372056782245636
noB,2033,T,0.3,random,5026,0.0373138859868049,0.1829435974359512,0.3435277640819549
noB,2033,T,0.3,random,5027,0.0384180843830108,0.1774415373802185,0.3494125008583069
noB,2033,T,0.3,random,5028,0.0397433079779148,0.1966987550258636,0.3481495380401611
noB,2033,T,0.4,random,5026,0.0519862957298755,0.2173314988613128,0.4240629374980926
noB,2033,T,0.4,random,5027,0.054889753460884,0.2255845963954925,0.4356900155544281
noB,2033,T,0.4,random,5028,0.0533845424652099,0.2255845963954925,0.4329395592212677
noB,2033,T,0.5,random,5026,0.0673489496111869,0.2544704377651214,0.4880613386631012
noB,2033,T,0.5,random,5027,0.0675307065248489,0.2393397539854049,0.498002827167511
noB,2033,T,0.5,random,5028,0.0678123384714126,0.2558459341526031,0.500808596611023
noB,2033,A,0.1,random,5026,1.2372217952361098e-06,0.0013755158288404,0.0051827901042997
noB,2033,A,0.1,random,5027,9.90475200524088e-07,0.0,0.0049536046572029
noB,2033,A,0.1,random,5028,9.896940582621028e-07,0.0,0.0050249882042407
noB,2033,A,0.2,random,5026,3.010566615557764e-06,0.0027510316576808,0.0092008402571082
noB,2033,A,0.2,random,5027,2.443104222038528e-06,0.0,0.0087371207773685
noB,2033,A,0.2,random,5028,3.495709052003804e-06,0.0013755158288404,0.0089389905333518
noB,2033,A,0.3,start,5026,4.921181698591681e-06,0.0013755158288404,0.0127387512475252
noB,2033,A,0.3,middle,5026,4.824436928174691e-06,0.0027510316576808,0.0122630475088953
noB,2033,A,0.3,end,5026,7.325164460780797e-06,0.0,0.0135304201394319
noB,2033,A,0.3,random,5026,5.970001893729204e-06,0.0027510316576808,0.0128214824944734
noB,2033,A,0.3,random,5027,4.835230811295332e-06,0.0027510316576808,0.0124767292290925
noB,2033,A,0.3,random,5028,6.812950687162811e-06,0.0013755158288404,0.0124263577163219
noB,2033,A,0.4,random,5026,9.21190803637728e-06,0.0027510316576808,0.0162259023636579
noB,2033,A,0.4,random,5027,7.83668383519398e-06,0.0041265473701059,0.0159024372696876
noB,2033,A,0.4,random,5028,1.0150495654670522e-05,0.0027510316576808,0.0157999917864799
noB,2033,A,0.5,random,5026,1.2969951967534143e-05,0.0027510316576808,0.0190914403647184
noB,2033,A,0.5,random,5027,1.2588185200002044e-05,0.0055020633153617,0.0187305361032485
noB,2033,A,0.5,random,5028,1.4030248166818636e-05,0.0027510316576808,0.0188970994204282
noB,2033,V,0.1,random,5026,1.5617891904184944e-06,0.0,0.0044501260854303
noB,2033,V,0.1,random,5027,1.5428104234160855e-06,0.0,0.0045140283182263
noB,2033,V,0.1,random,5028,1.4808181276748655e-06,0.0,0.0045826882123947
noB,2033,V,0.2,random,5026,5.41349754712428e-06,0.0013755158288404,0.0083703268319368
noB,2033,V,0.2,random,5027,5.215766123001231e-06,0.0041265473701059,0.008431164547801
noB,2033,V,0.2,random,5028,5.251543370832224e-06,0.0013755158288404,0.0084122400730848
noB,2033,V,0.3,start,5026,1.0438993740535809e-05,0.0013755158288404,0.0120221879333257
noB,2033,V,0.3,middle,5026,1.0565643606241792e-05,0.0055020633153617,0.0122579298913478
noB,2033,V,0.3,end,5026,1.0567500794422813e-05,0.0055020633153617,0.0119418865069746
noB,2033,V,0.3,random,5026,1.1125965102110058e-05,0.0027510316576808,0.0121720759198069
noB,2033,V,0.3,random,5027,1.0672901225916576e-05,0.0041265473701059,0.0123333949595689
noB,2033,V,0.3,random,5028,1.0774298061733134e-05,0.0027510316576808,0.012206083163619
noB,2033,V,0.4,random,5026,1.9230474208598025e-05,0.0055020633153617,0.0158943813294172
noB,2033,V,0.4,random,5027,1.890818566607777e-05,0.0055020633153617,0.0161180160939693
noB,2033,V,0.4,random,5028,1.8756541976472363e-05,0.0055020633153617,0.0160137340426445
noB,2033,V,0.5,random,5026,2.5768078558030535e-05,0.0055020633153617,0.0194300357252359
noB,2033,V,0.5,random,5027,2.536857937229797e-05,0.0055020633153617,0.0196526329964399
noB,2033,V,0.5,random,5028,2.495663102308754e-05,0.0055020633153617,0.0195856112986803
noB,2033,TA,0.3,start,5026,0.0310247987508773,0.1554332822561264,0.3164814710617065
noB,2033,TA,0.3,middle,5026,0.0389740206301212,0.2022008299827575,0.3385476469993591
noB,2033,TA,0.3,end,5026,0.0437818579375743,0.1939477324485778,0.3733947873115539
noB,2033,TA,0.3,random,5026,0.0371917225420475,0.1829435974359512,0.3425136506557464
noB,2033,TA,0.3,random,5027,0.0383417382836341,0.1760660260915756,0.3494526147842407
noB,2033,TA,0.3,random,5028,0.0396937020123004,0.1939477324485778,0.3485450446605682
noB,2033,TV,0.3,start,5026,0.0308493431657552,0.1581843197345733,0.3157743513584137
noB,2033,TV,0.3,middle,5026,0.0390126407146453,0.1966987550258636,0.3398332893848419
noB,2033,TV,0.3,end,5026,0.0437535569071769,0.1939477324485778,0.3732956647872925
noB,2033,TV,0.3,random,5026,0.0372184179723262,0.1843191236257553,0.3441065847873688
noB,2033,TV,0.3,random,5027,0.0383061431348323,0.1760660260915756,0.3492683172225952
noB,2033,TV,0.3,random,5028,0.0397070944309234,0.1980742812156677,0.3485828042030334
noB,2033,AV,0.3,start,5026,1.9161661839461885e-05,0.0013755158288404,0.0154153518378734
noB,2033,AV,0.3,middle,5026,1.898239861475304e-05,0.0055020633153617,0.015888899564743
noB,2033,AV,0.3,end,5026,2.224844320153352e-05,0.0068775792606174,0.0171059146523475
noB,2033,AV,0.3,random,5026,2.110582863679156e-05,0.0027510316576808,0.0160889960825443
noB,2033,AV,0.3,random,5027,1.9162318494636565e-05,0.0055020633153617,0.0165747292339801
noB,2033,AV,0.3,random,5028,2.1556299543590285e-05,0.0055020633153617,0.016115142032504
noB,2033,TAV,0.3,start,5026,0.0308369789272546,0.1568088084459304,0.3161578476428985
noB,2033,TAV,0.3,middle,5026,0.0389252565801143,0.1980742812156677,0.3401736319065094
noB,2033,TAV,0.3,end,5026,0.0436984561383724,0.1911966949701309,0.3741785585880279
noB,2033,TAV,0.3,random,5026,0.0370941199362278,0.1801925748586654,0.3434166312217712
noB,2033,TAV,0.3,random,5027,0.0382309928536415,0.1760660260915756,0.349465399980545
noB,2033,TAV,0.3,random,5028,0.0396634601056575,0.1980742812156677,0.3492761850357055
noB,2034,T,0.1,random,5026,0.0100732687860727,0.0866574943065643,0.1809394359588623
noB,2034,T,0.1,random,5027,0.0121417827904224,0.1086657494306564,0.1971183270215988
noB,2034,T,0.1,random,5028,0.0133037725463509,0.1017881706357002,0.1946660429239273
noB,2034,T,0.2,random,5026,0.0211039092391729,0.1306740045547485,0.2695007026195526
noB,2034,T,0.2,random,5027,0.020041886717081,0.1306740045547485,0.2745838463306427
noB,2034,T,0.2,random,5028,0.0223697628825902,0.143053650856018,0.2749528884887695
noB,2034,T,0.3,start,5026,0.025048142299056,0.1389271020889282,0.3122152984142303
noB,2034,T,0.3,middle,5026,0.0305809713900089,0.1746905148029327,0.3346247375011444
noB,2034,T,0.3,end,5026,0.0347921065986156,0.1636863797903061,0.3691200613975525
noB,2034,T,0.3,random,5026,0.0303726196289062,0.1540577709674835,0.344481885433197
noB,2034,T,0.3,random,5027,0.0296938549727201,0.1733149886131286,0.3386100232601166
noB,2034,T,0.3,random,5028,0.0303060691803693,0.1636863797903061,0.3378807604312897
noB,2034,T,0.4,random,5026,0.0414731800556182,0.1843191236257553,0.4125221073627472
noB,2034,T,0.4,random,5027,0.0430832393467426,0.2063273787498474,0.4166899621486664
noB,2034,T,0.4,random,5028,0.0417573079466819,0.1911966949701309,0.4133782982826233
noB,2034,T,0.5,random,5026,0.0561253614723682,0.213204950094223,0.4804155528545379
noB,2034,T,0.5,random,5027,0.0557812750339508,0.2200825363397598,0.4854703247547149
noB,2034,T,0.5,random,5028,0.054712701588869,0.2159559875726699,0.4793238639831543
noB,2034,A,0.1,random,5026,9.54537654251908e-07,0.0,0.005756536964327
noB,2034,A,0.1,random,5027,8.990131732389273e-07,0.0,0.0058408584445714
noB,2034,A,0.1,random,5028,7.114154527698702e-07,0.0,0.0057247709482908
noB,2034,A,0.2,random,5026,2.3606223749084165e-06,0.0,0.0100186336785554
noB,2034,A,0.2,random,5027,2.379661509621656e-06,0.0,0.009543428197503
noB,2034,A,0.2,random,5028,2.3913648874440696e-06,0.0,0.0098506156355142
noB,2034,A,0.3,start,5026,4.402842023409903e-06,0.0,0.0126417260617017
noB,2034,A,0.3,middle,5026,4.664573680202011e-06,0.0,0.0146599942818284
noB,2034,A,0.3,end,5026,8.28898737381678e-06,0.0,0.0156216509640216
noB,2034,A,0.3,random,5026,4.513833573582815e-06,0.0,0.0141366748139262
noB,2034,A,0.3,random,5027,4.6554914661101066e-06,0.0,0.0137885194271802
noB,2034,A,0.3,random,5028,4.460297532205004e-06,0.0,0.0138110881671309
noB,2034,A,0.4,random,5026,6.808765647292603e-06,0.0,0.0178365036845207
noB,2034,A,0.4,random,5027,6.869457138236612e-06,0.0,0.0175160802900791
noB,2034,A,0.4,random,5028,6.848683824500768e-06,0.0,0.0175299737602472
noB,2034,A,0.5,random,5026,1.0062625733553432e-05,0.0013755158288404,0.0213716700673103
noB,2034,A,0.5,random,5027,1.0304464922228362e-05,0.0,0.021417899057269
noB,2034,A,0.5,random,5028,9.802385648072232e-06,0.0,0.0215898156166076
noB,2034,V,0.1,random,5026,5.386668817664031e-07,0.0,0.0047174026258289
noB,2034,V,0.1,random,5027,5.09741255427798e-07,0.0,0.0048624761402606
noB,2034,V,0.1,random,5028,5.545289809560927e-07,0.0013755158288404,0.0048523214645683
noB,2034,V,0.2,random,5026,1.57298552494467e-06,0.0013755158288404,0.0087835825979709
noB,2034,V,0.2,random,5027,1.51304902828997e-06,0.0013755158288404,0.0090763419866561
noB,2034,V,0.2,random,5028,1.5667072830183315e-06,0.0013755158288404,0.009092254564166
noB,2034,V,0.3,start,5026,3.0780672659602715e-06,0.0013755158288404,0.0129515994340181
noB,2034,V,0.3,middle,5026,3.2183654639084125e-06,0.0013755158288404,0.0131792109459638
noB,2034,V,0.3,end,5026,3.3389135296602035e-06,0.0,0.0129348710179328
noB,2034,V,0.3,random,5026,3.2656992061674828e-06,0.0013755158288404,0.0128889279440045
noB,2034,V,0.3,random,5027,3.187704805895919e-06,0.0013755158288404,0.0133930649608373
noB,2034,V,0.3,random,5028,3.2316040687874192e-06,0.0013755158288404,0.0132170235738158
noB,2034,V,0.4,random,5026,5.553995833906811e-06,0.0013755158288404,0.0169139560312032
noB,2034,V,0.4,random,5027,5.41827375855064e-06,0.0013755158288404,0.0175103452056646
noB,2034,V,0.4,random,5028,5.549056822928833e-06,0.0013755158288404,0.0173263940960168
noB,2034,V,0.5,random,5026,8.129481102514546e-06,0.0013755158288404,0.0208442471921443
noB,2034,V,0.5,random,5027,8.00955604063347e-06,0.0013755158288404,0.0214017238467931
noB,2034,V,0.5,random,5028,8.061508196988143e-06,0.0013755158288404,0.0212161093950271
noB,2034,TA,0.3,start,5026,0.0249685477465391,0.143053650856018,0.3124672472476959
noB,2034,TA,0.3,middle,5026,0.0304979067295789,0.1719394773244857,0.3336915969848633
noB,2034,TA,0.3,end,5026,0.0346493795514106,0.1623108685016632,0.3682160675525665
noB,2034,TA,0.3,random,5026,0.0302813872694969,0.1513067334890365,0.3447336256504059
noB,2034,TA,0.3,random,5027,0.0295822210609912,0.1678129285573959,0.336582601070404
noB,2034,TA,0.3,random,5028,0.0302483867853879,0.1609353572130203,0.3386059403419494
noB,2034,TV,0.3,start,5026,0.0249375998973846,0.141678124666214,0.3109659850597381
noB,2034,TV,0.3,middle,5026,0.0305190552026033,0.1760660260915756,0.3346854150295257
noB,2034,TV,0.3,end,5026,0.03467383608222,0.1650618910789489,0.3676080405712127
noB,2034,TV,0.3,random,5026,0.0303244348615407,0.1554332822561264,0.3440307974815368
noB,2034,TV,0.3,random,5027,0.0296068303287029,0.1733149886131286,0.3388613760471344
noB,2034,TV,0.3,random,5028,0.0302564911544322,0.1650618910789489,0.3366284668445587
noB,2034,AV,0.3,start,5026,9.025604413182007e-06,0.0,0.0193116907030344
noB,2034,AV,0.3,middle,5026,9.271582712244708e-06,0.0,0.0210599582642316
noB,2034,AV,0.3,end,5026,1.288317253056448e-05,0.0,0.0225626863539218
noB,2034,AV,0.3,random,5026,9.189039701595902e-06,0.0,0.0207190997898578
noB,2034,AV,0.3,random,5027,9.185112503473649e-06,0.0,0.0210054162889719
noB,2034,AV,0.3,random,5028,8.912610610423144e-06,0.0,0.0205693189054727
noB,2034,TAV,0.3,start,5026,0.0248633045703172,0.143053650856018,0.311777800321579
noB,2034,TAV,0.3,middle,5026,0.0304418224841356,0.1746905148029327,0.334620863199234
noB,2034,TAV,0.3,end,5026,0.0345361120998859,0.1636863797903061,0.3670804500579834
noB,2034,TAV,0.3,random,5026,0.0302377231419086,0.1540577709674835,0.3451222777366638
noB,2034,TAV,0.3,random,5027,0.0294981934130191,0.1705639660358429,0.3373718559741974
noB,2034,TAV,0.3,random,5028,0.0302052609622478,0.1636863797903061,0.3378676772117615
noB,2035,T,0.1,random,5026,0.0051795430481433,0.068775787949562,0.1671778410673141
noB,2035,T,0.1,random,5027,0.0078904470428824,0.0866574943065643,0.1811630427837371
noB,2035,T,0.1,random,5028,0.0081479819491505,0.0880330130457878,0.1854610741138458
noB,2035,T,0.2,random,5026,0.0133140832185745,0.1169188469648361,0.2698144614696502
noB,2035,T,0.2,random,5027,0.0134254386648535,0.1141678094863891,0.2640575468540191
noB,2035,T,0.2,random,5028,0.013910299167037,0.1292984932661056,0.2739594876766205
noB,2035,T,0.3,start,5026,0.0167007204145193,0.143053650856018,0.3278079032897949
noB,2035,T,0.3,middle,5026,0.0215823762118816,0.1595598310232162,0.3391217887401581
noB,2035,T,0.3,end,5026,0.0245306529104709,0.1513067334890365,0.3687813878059387
noB,2035,T,0.3,random,5026,0.0202618725597858,0.1375515758991241,0.3460591435432434
noB,2035,T,0.3,random,5027,0.0201758313924074,0.1526822596788406,0.3425962328910827
noB,2035,T,0.3,random,5028,0.0207022912800312,0.1623108685016632,0.3431077599525451
noB,2035,T,0.4,random,5026,0.0311617888510227,0.1884456723928451,0.4313427805900574
noB,2035,T,0.4,random,5027,0.0299069639295339,0.1939477324485778,0.4297133088111877
noB,2035,T,0.4,random,5028,0.0302647948265075,0.1966987550258636,0.4303624927997589
noB,2035,T,0.5,random,5026,0.0413397997617721,0.2255845963954925,0.503961980342865
noB,2035,T,0.5,random,5027,0.0399075597524642,0.2090784013271331,0.4956726431846618
noB,2035,T,0.5,random,5028,0.0400717854499816,0.213204950094223,0.4996427297592163
noB,2035,A,0.1,random,5026,1.6123425439218408e-06,0.0,0.0057358597405254
noB,2035,A,0.1,random,5027,2.349567012061016e-06,0.0013755158288404,0.0059441714547574
noB,2035,A,0.1,random,5028,1.351484343103948e-06,0.0027510316576808,0.0060071111656725
noB,2035,A,0.2,random,5026,3.7977540614519967e-06,0.0,0.0100160026922822
noB,2035,A,0.2,random,5027,4.2223646232741885e-06,0.0027510316576808,0.0100662261247634
noB,2035,A,0.2,random,5028,3.885215392074315e-06,0.0027510316576808,0.0104776602238416
noB,2035,A,0.3,start,5026,6.8463687057374045e-06,0.0,0.0138650108128786
noB,2035,A,0.3,middle,5026,6.685966582153924e-06,0.0027510316576808,0.0138283036649227
noB,2035,A,0.3,end,5026,1.689092277956661e-05,0.0055020633153617,0.0161047652363777
noB,2035,A,0.3,random,5026,7.69110192777589e-06,0.0041265473701059,0.0141498390585184
noB,2035,A,0.3,random,5027,8.024796443351079e-06,0.0027510316576808,0.0140326181426644
noB,2035,A,0.3,random,5028,8.216980859288014e-06,0.0055020633153617,0.0144693115726113
noB,2035,A,0.4,random,5026,1.1289816029602662e-05,0.0041265473701059,0.0180459339171648
noB,2035,A,0.4,random,5027,1.1751402780646458e-05,0.0027510316576808,0.0178692135959863
noB,2035,A,0.4,random,5028,1.2359427273622714e-05,0.0055020633153617,0.0181248281151056
noB,2035,A,0.5,random,5026,1.4531216947943904e-05,0.0068775792606174,0.0213936623185873
noB,2035,A,0.5,random,5027,1.93104879144812e-05,0.0055020633153617,0.0214090123772621
noB,2035,A,0.5,random,5028,1.667774085944984e-05,0.0082530947402119,0.0212867930531501
noB,2035,V,0.1,random,5026,1.3344513263291446e-06,0.0,0.0058913710527122
noB,2035,V,0.1,random,5027,1.095793436434178e-06,0.0,0.0055667976848781
noB,2035,V,0.1,random,5028,1.3438811947708018e-06,0.0,0.0058461716398596
noB,2035,V,0.2,random,5026,3.999362888862379e-06,0.0,0.0109064420685172
noB,2035,V,0.2,random,5027,3.5630921502161077e-06,0.0,0.0102823367342352
noB,2035,V,0.2,random,5028,4.029345291201025e-06,0.0,0.0106519311666488
noB,2035,V,0.3,start,5026,7.134146017051535e-06,0.0,0.0152631849050521
noB,2035,V,0.3,middle,5026,7.5771790761791635e-06,0.0013755158288404,0.0151047939434647
noB,2035,V,0.3,end,5026,9.031895388034172e-06,0.0,0.0161426570266485
noB,2035,V,0.3,random,5026,8.177537893061526e-06,0.0013755158288404,0.0157578643411397
noB,2035,V,0.3,random,5027,7.539905709563754e-06,0.0013755158288404,0.0151452124118804
noB,2035,V,0.3,random,5028,8.273229468613863e-06,0.0013755158288404,0.0154316332191228
noB,2035,V,0.4,random,5026,1.3886085980630014e-05,0.0027510316576808,0.0202480684965848
noB,2035,V,0.4,random,5027,1.2982486623513978e-05,0.0027510316576808,0.0196844171732664
noB,2035,V,0.4,random,5028,1.3936482901044656e-05,0.0027510316576808,0.0202288944274187
noB,2035,V,0.5,random,5026,2.1217570974840783e-05,0.0027510316576808,0.0245246775448322
noB,2035,V,0.5,random,5027,1.9910128685296517e-05,0.0041265473701059,0.0239820070564746
noB,2035,V,0.5,random,5028,2.1122927137184888e-05,0.0041265473701059,0.024528045207262
noB,2035,TA,0.3,start,5026,0.0165881346911191,0.1458046734333038,0.3260897696018219
noB,2035,TA,0.3,middle,5026,0.0214679203927516,0.1623108685016632,0.3362216055393219
noB,2035,TA,0.3,end,5026,0.0243288017809391,0.1513067334890365,0.3668272793292999
noB,2035,TA,0.3,random,5026,0.0201466400176286,0.1444291621446609,0.3444715738296509
noB,2035,TA,0.3,random,5027,0.0200299173593521,0.1554332822561264,0.3403400778770447
noB,2035,TA,0.3,random,5028,0.0205969903618097,0.1636863797903061,0.3408226370811462
noB,2035,TV,0.3,start,5026,0.016531953588128,0.1444291621446609,0.3269343972206116
noB,2035,TV,0.3,middle,5026,0.0214500967413187,0.1568088084459304,0.3377118408679962
noB,2035,TV,0.3,end,5026,0.0243183113634586,0.1540577709674835,0.3695766031742096
noB,2035,TV,0.3,random,5026,0.0201108045876026,0.1403026133775711,0.3463160693645477
noB,2035,TV,0.3,random,5027,0.0200184043496847,0.1499312222003936,0.3425417244434356
noB,2035,TV,0.3,random,5028,0.0205312445759773,0.1581843197345733,0.3412597775459289
noB,2035,AV,0.3,start,5026,1.692711521172896e-05,0.0,0.0222763661295175
noB,2035,AV,0.3,middle,5026,1.7028172806021757e-05,0.0027510316576808,0.0223560482263565
noB,2035,AV,0.3,end,5026,2.9899018045398407e-05,0.0055020633153617,0.0246983170509338
noB,2035,AV,0.3,random,5026,1.916319888550788e-05,0.0013755158288404,0.02300008200109
noB,2035,AV,0.3,random,5027,1.8758501028059985e-05,0.0027510316576808,0.0228268913924694
noB,2035,AV,0.3,random,5028,1.9836808860418387e-05,0.0041265473701059,0.0229317583143711
noB,2035,TAV,0.3,start,5026,0.0164224412292242,0.143053650856018,0.325089544057846
noB,2035,TAV,0.3,middle,5026,0.0213379003107547,0.1540577709674835,0.3347115516662597
noB,2035,TAV,0.3,end,5026,0.0241181533783674,0.1513067334890365,0.3672786653041839
noB,2035,TAV,0.3,random,5026,0.0199978277087211,0.141678124666214,0.3449155688285827
noB,2035,TAV,0.3,random,5027,0.0198748037219047,0.1540577709674835,0.3401065468788147
noB,2035,TAV,0.3,random,5028,0.0204288940876722,0.1595598310232162,0.3387632966041565
noBeta,2031,T,0.1,random,5026,0.0062009231187403,0.0866574943065643,0.1694533079862594
noBeta,2031,T,0.1,random,5027,0.0082560274749994,0.094910591840744,0.1776271164417266
noBeta,2031,T,0.1,random,5028,0.0092578306794166,0.0921595618128776,0.1763705462217331
noBeta,2031,T,0.2,random,5026,0.0143541730940341,0.1348005533218383,0.2618356943130493
noBeta,2031,T,0.2,random,5027,0.0140491053462028,0.1224209070205688,0.2602649629116058
noBeta,2031,T,0.2,random,5028,0.015003920532763,0.1265474557876587,0.2527964115142822
noBeta,2031,T,0.3,start,5026,0.0166746508330106,0.1292984932661056,0.2895346581935882
noBeta,2031,T,0.3,middle,5026,0.0220035798847675,0.1581843197345733,0.3173592984676361
noBeta,2031,T,0.3,end,5026,0.0252523403614759,0.166437417268753,0.3493226170539856
noBeta,2031,T,0.3,random,5026,0.0214980728924274,0.1499312222003936,0.3193619549274444
noBeta,2031,T,0.3,random,5027,0.0210884883999824,0.1595598310232162,0.3332874774932861
noBeta,2031,T,0.3,random,5028,0.0219489429146051,0.1609353572130203,0.3190264403820038
noBeta,2031,T,0.4,random,5026,0.03142561763525,0.213204950094223,0.3946435749530792
noBeta,2031,T,0.4,random,5027,0.0318178609013557,0.2063273787498474,0.409142255783081
noBeta,2031,T,0.4,random,5028,0.0316130593419075,0.1994497925043106,0.3977558016777038
noBeta,2031,T,0.5,random,5026,0.0416441410779953,0.2310866564512252,0.4607692658901214
noBeta,2031,T,0.5,random,5027,0.040806621313095,0.2283356189727783,0.4683383405208587
noBeta,2031,T,0.5,random,5028,0.0402123592793941,0.2173314988613128,0.466461569070816
noBeta,2031,A,0.1,random,5026,4.061916740738525e-07,0.0,0.0038033726159483
noBeta,2031,A,0.1,random,5027,4.4756203010365436e-07,0.0,0.0042585469782352
noBeta,2031,A,0.1,random,5028,3.911864325800707e-07,0.0,0.004085992462933
noBeta,2031,A,0.2,random,5026,1.1097680499005946e-06,0.0,0.0066357282921671
noBeta,2031,A,0.2,random,5027,1.1862821338581853e-06,0.0,0.0072199180722236
noBeta,2031,A,0.2,random,5028,1.1481333785923198e-06,0.0,0.0069769173860549
noBeta,2031,A,0.3,start,5026,2.26062957153772e-06,0.0,0.0105644688010215
noBeta,2031,A,0.3,middle,5026,2.173478151235031e-06,0.0,0.0096725337207317
noBeta,2031,A,0.3,end,5026,2.762327767413808e-06,0.0013755158288404,0.009496877901256
noBeta,2031,A,0.3,random,5026,2.249191311420873e-06,0.0013755158288404,0.0094457855448126
noBeta,2031,A,0.3,random,5027,2.38381130657217e-06,0.0,0.0101718800142407
noBeta,2031,A,0.3,random,5028,2.2217809600988403e-06,0.0013755158288404,0.0097625330090522
noBeta,2031,A,0.4,random,5026,3.5631562695925822e-06,0.0013755158288404,0.0120971659198403
noBeta,2031,A,0.4,random,5027,3.668870704132132e-06,0.0,0.0126691134646534
noBeta,2031,A,0.4,random,5028,3.4542645153123885e-06,0.0013755158288404,0.0123921046033501
noBeta,2031,A,0.5,random,5026,5.186194812267786e-06,0.0013755158288404,0.0144618637859821
noBeta,2031,A,0.5,random,5027,5.207243702898268e-06,0.0,0.0150897735729813
noBeta,2031,A,0.5,random,5028,4.946475655742688e-06,0.0013755158288404,0.014943366870284
noBeta,2031,V,0.1,random,5026,8.210109854189795e-07,0.0,0.0038059367798268
noBeta,2031,V,0.1,random,5027,7.699312050135632e-07,0.0,0.0035834065638482
noBeta,2031,V,0.1,random,5028,7.796302838869451e-07,0.0,0.0036968162748962
noBeta,2031,V,0.2,random,5026,2.411750074315933e-06,0.0,0.0069231055676937
noBeta,2031,V,0.2,random,5027,2.3431375666405074e-06,0.0013755158288404,0.0066825388930737
noBeta,2031,V,0.2,random,5028,2.5078511498577427e-06,0.0013755158288404,0.0068798339925706
noBeta,2031,V,0.3,start,5026,5.045645593781956e-06,0.0027510316576808,0.0098628345876932
noBeta,2031,V,0.3,middle,5026,5.093590516480617e-06,0.0027510316576808,0.0097992857918143
noBeta,2031,V,0.3,end,5026,5.476118985825451e-06,0.0027510316576808,0.0099241817370057
noBeta,2031,V,0.3,random,5026,5.211334155319491e-06,0.0013755158288404,0.0101300859823822
noBeta,2031,V,0.3,random,5027,5.022566256229766e-06,0.0027510316576808,0.0098008187487721
noBeta,2031,V,0.3,random,5028,5.327179223968415e-06,0.0027510316576808,0.0100527619943022
noBeta,2031,V,0.4,random,5026,8.712755516171455e-06,0.0027510316576808,0.0131694562733173
noBeta,2031,V,0.4,random,5027,8.647748472867534e-06,0.0027510316576808,0.0128409573808312
noBeta,2031,V,0.4,random,5028,9.022325684782118e-06,0.0027510316576808,0.0131713086739182
noBeta,2031,V,0.5,random,5026,1.2559797141875606e-05,0.0027510316576808,0.0161076430231332
noBeta,2031,V,0.5,random,5027,1.2559781680465676e-05,0.0027510316576808,0.015758953988552
noBeta,2031,V,0.5,random,5028,1.2827167665818706e-05,0.0027510316576808,0.0160091537982225
noBeta,2031,TA,0.3,start,5026,0.0166818853467702,0.1306740045547485,0.2907135486602783
noBeta,2031,TA,0.3,middle,5026,0.0219744034111499,0.1568088084459304,0.3174118399620056
noBeta,2031,TA,0.3,end,5026,0.02517113648355,0.1650618910789489,0.3493165373802185
noBeta,2031,TA,0.3,random,5026,0.0214911065995693,0.1499312222003936,0.3195981085300445
noBeta,2031,TA,0.3,random,5027,0.0210463386029005,0.1623108685016632,0.3337692320346832
noBeta,2031,TA,0.3,random,5028,0.021917613223195,0.1581843197345733,0.3187394738197326
noBeta,2031,TV,0.3,start,5026,0.0165989380329847,0.1292984932661056,0.2901495099067688
noBeta,2031,TV,0.3,middle,5026,0.0219542551785707,0.1568088084459304,0.3182889223098755
noBeta,2031,TV,0.3,end,5026,0.0251763928681612,0.1609353572130203,0.3497810065746307
noBeta,2031,TV,0.3,random,5026,0.0214785635471344,0.1513067334890365,0.321705549955368
noBeta,2031,TV,0.3,random,5027,0.0210688095539808,0.1636863797903061,0.3333609998226166
noBeta,2031,TV,0.3,random,5028,0.021883176639676,0.1609353572130203,0.3195995986461639
noBeta,2031,AV,0.3,start,5026,6.937152647878975e-06,0.0013755158288404,0.0153597621247172
noBeta,2031,AV,0.3,middle,5026,6.993091119511519e-06,0.0027510316576808,0.0143538611009716
noBeta,2031,AV,0.3,end,5026,8.38197138364194e-06,0.0027510316576808,0.0144520830363035
noBeta,2031,AV,0.3,random,5026,6.963354280742351e-06,0.0027510316576808,0.0144203817471861
noBeta,2031,AV,0.3,random,5027,7.211521278804867e-06,0.0013755158288404,0.0150431515648961
noBeta,2031,AV,0.3,random,5028,7.304274731723126e-06,0.0027510316576808,0.0150952218100428
noBeta,2031,TAV,0.3,start,5026,0.0166115630418062,0.1334250271320343,0.2915084660053253
noBeta,2031,TAV,0.3,middle,5026,0.021929707378149,0.1568088084459304,0.3184387981891632
noBeta,2031,TAV,0.3,end,5026,0.0250974856317043,0.1609353572130203,0.3497990667819977
noBeta,2031,TAV,0.3,random,5026,0.0214736890047788,0.1513067334890365,0.3221664726734161
noBeta,2031,TAV,0.3,random,5027,0.0210312791168689,0.1691884398460388,0.3339873254299164
noBeta,2031,TAV,0.3,random,5028,0.021857226267457,0.1581843197345733,0.3197676539421081
noBeta,2032,T,0.1,random,5026,0.0067551508545875,0.0880330130457878,0.1594749689102172
noBeta,2032,T,0.1,random,5027,0.0094939013943076,0.1072902306914329,0.1792218387126922
noBeta,2032,T,0.1,random,5028,0.0096253976225852,0.1017881706357002,0.1752650886774063
noBeta,2032,T,0.2,random,5026,0.016373885795474,0.1444291621446609,0.2385890930891037
noBeta,2032,T,0.2,random,5027,0.0158639978617429,0.1444291621446609,0.2552753984928131
noBeta,2032,T,0.2,random,5028,0.0154557237401604,0.1458046734333038,0.2448399066925048
noBeta,2032,T,0.3,start,5026,0.0190267469733953,0.1540577709674835,0.2837960720062256
noBeta,2032,T,0.3,middle,5026,0.0246463045477867,0.1788170635700225,0.3117406964302063
noBeta,2032,T,0.3,end,5026,0.0270315110683441,0.1774415373802185,0.325082927942276
noBeta,2032,T,0.3,random,5026,0.0242728348821401,0.1678129285573959,0.3118630647659302
noBeta,2032,T,0.3,random,5027,0.0233519598841667,0.1719394773244857,0.3194770514965057
noBeta,2032,T,0.3,random,5028,0.0232101082801818,0.1719394773244857,0.3043031990528106
noBeta,2032,T,0.4,random,5026,0.035524770617485,0.2200825363397598,0.3935222327709198
noBeta,2032,T,0.4,random,5027,0.0347280502319335,0.2242090851068496,0.3959784507751465
noBeta,2032,T,0.4,random,5028,0.0338834337890148,0.2173314988613128,0.3851720094680786
noBeta,2032,T,0.5,random,5026,0.0464949682354927,0.2434663027524948,0.4551368951797485
noBeta,2032,T,0.5,random,5027,0.0439738146960735,0.2338376939296722,0.4580424726009369
noBeta,2032,T,0.5,random,5028,0.0447938404977321,0.2448418140411377,0.44422647356987
noBeta,2032,A,0.1,random,5026,1.30756950511568e-06,0.0,0.0085308020934462
noBeta,2032,A,0.1,random,5027,1.1693542774082744e-06,0.0013755158288404,0.0085429139435291
noBeta,2032,A,0.1,random,5028,1.175293050437176e-06,0.0013755158288404,0.0082669993862509
noBeta,2032,A,0.2,random,5026,4.0370346141571645e-06,0.0013755158288404,0.014585193246603
noBeta,2032,A,0.2,random,5027,3.341895308039966e-06,0.0013755158288404,0.0149280913174152
noBeta,2032,A,0.2,random,5028,3.452345254117972e-06,0.0027510316576808,0.0145975742489099
noBeta,2032,A,0.3,start,5026,7.24897154213977e-06,0.0013755158288404,0.0218182690441608
noBeta,2032,A,0.3,middle,5026,6.780234798497986e-06,0.0041265473701059,0.0203709285706281
noBeta,2032,A,0.3,end,5026,8.20140940049896e-06,0.0027510316576808,0.0216399244964122
noBeta,2032,A,0.3,random,5026,7.987434401002247e-06,0.0013755158288404,0.0208167433738708
noBeta,2032,A,0.3,random,5027,6.811041203036439e-06,0.0013755158288404,0.0210864022374153
noBeta,2032,A,0.3,random,5028,7.135924079193501e-06,0.0027510316576808,0.0206650085747241
noBeta,2032,A,0.4,random,5026,1.271115161216585e-05,0.0068775792606174,0.0265813507139682
noBeta,2032,A,0.4,random,5027,1.1190044460818172e-05,0.0041265473701059,0.0265229400247335
noBeta,2032,A,0.4,random,5028,1.1868009096360764e-05,0.0068775792606174,0.0266963746398687
noBeta,2032,A,0.5,random,5026,1.821286059566773e-05,0.0068775792606174,0.0314556248486042
noBeta,2032,A,0.5,random,5027,1.6652233171043918e-05,0.0055020633153617,0.0316971838474273
noBeta,2032,A,0.5,random,5028,1.7502010450698435e-05,0.0082530947402119,0.0318791046738624
noBeta,2032,V,0.1,random,5026,1.919418764373404e-06,0.0,0.0084244273602962
noBeta,2032,V,0.1,random,5027,1.807406647458265e-06,0.0,0.0082122404128313
noBeta,2032,V,0.1,random,5028,1.896942308121652e-06,0.0,0.0081725576892495
noBeta,2032,V,0.2,random,5026,6.0416605265345424e-06,0.0013755158288404,0.0156313627958297
noBeta,2032,V,0.2,random,5027,5.944692020420916e-06,0.0013755158288404,0.0153926340863108
noBeta,2032,V,0.2,random,5028,6.099983693275135e-06,0.0,0.0149646177887916
noBeta,2032,V,0.3,start,5026,1.27241046357085e-05,0.0041265473701059,0.022384189069271
noBeta,2032,V,0.3,middle,5026,1.2306195458222646e-05,0.0013755158288404,0.0218519046902656
noBeta,2032,V,0.3,end,5026,1.271560995519394e-05,0.0041265473701059,0.022185930982232
noBeta,2032,V,0.3,random,5026,1.269454151042737e-05,0.0027510316576808,0.0228452607989311
noBeta,2032,V,0.3,random,5027,1.2341253750491887e-05,0.0027510316576808,0.0223021917045116
noBeta,2032,V,0.3,random,5028,1.247902855538996e-05,0.0027510316576808,0.0216448735445737
noBeta,2032,V,0.4,random,5026,2.2038033421267755e-05,0.0055020633153617,0.0295715257525444
noBeta,2032,V,0.4,random,5027,2.166743070119992e-05,0.0041265473701059,0.028853977099061
noBeta,2032,V,0.4,random,5028,2.188643702538684e-05,0.0041265473701059,0.0284567046910524
noBeta,2032,V,0.5,random,5026,3.2480922527611256e-05,0.0068775792606174,0.0356122404336929
noBeta,2032,V,0.5,random,5027,3.228086279705167e-05,0.0055020633153617,0.0350419469177722
noBeta,2032,V,0.5,random,5028,3.2527004805160686e-05,0.0055020633153617,0.0347373783588409
noBeta,2032,TA,0.3,start,5026,0.0190471094101667,0.1554332822561264,0.2865801155567169
noBeta,2032,TA,0.3,middle,5026,0.0246798284351825,0.1746905148029327,0.3122978508472442
noBeta,2032,TA,0.3,end,5026,0.0269923619925975,0.1815680861473083,0.3239549994468689
noBeta,2032,TA,0.3,random,5026,0.024273844435811,0.1650618910789489,0.3105831146240234
noBeta,2032,TA,0.3,random,5027,0.0233427472412586,0.1719394773244857,0.3204875886440277
noBeta,2032,TA,0.3,random,5028,0.0232600960880517,0.1733149886131286,0.3039232492446899
noBeta,2032,TV,0.3,start,5026,0.0189249813556671,0.1526822596788406,0.2825722396373749
noBeta,2032,TV,0.3,middle,5026,0.0246012546122074,0.1774415373802185,0.3085534870624542
noBeta,2032,TV,0.3,end,5026,0.0269684717059135,0.1760660260915756,0.3266266584396362
noBeta,2032,TV,0.3,random,5026,0.024228312075138,0.1678129285573959,0.3127839863300323
noBeta,2032,TV,0.3,random,5027,0.0232820678502321,0.1691884398460388,0.3169812262058258
noBeta,2032,TV,0.3,random,5028,0.0231563299894332,0.1678129285573959,0.3030337691307068
noBeta,2032,AV,0.3,start,5026,2.4014338123379275e-05,0.0055020633153617,0.0315007530152797
noBeta,2032,AV,0.3,middle,5026,2.357789344387129e-05,0.0041265473701059,0.0316892638802528
noBeta,2032,AV,0.3,end,5026,2.576983933977317e-05,0.0041265473701059,0.0326023995876312
noBeta,2032,AV,0.3,random,5026,2.547042640799191e-05,0.0041265473701059,0.0319962054491043
noBeta,2032,AV,0.3,random,5027,2.3956450604600832e-05,0.0055020633153617,0.0327070243656635
noBeta,2032,AV,0.3,random,5028,2.407651300018188e-05,0.0041265473701059,0.031971238553524
noBeta,2032,TAV,0.3,start,5026,0.0189499948173761,0.1540577709674835,0.2858437895774841
noBeta,2032,TAV,0.3,middle,5026,0.0246389638632535,0.1746905148029327,0.3093409240245819
noBeta,2032,TAV,0.3,end,5026,0.0269354879856109,0.1801925748586654,0.3252453804016113
noBeta,2032,TAV,0.3,random,5026,0.0242322348058223,0.1636863797903061,0.3118439614772796
noBeta,2032,TAV,0.3,random,5027,0.0232772305607795,0.1719394773244857,0.3183933198451996
noBeta,2032,TAV,0.3,random,5028,0.0232148487120866,0.1746905148029327,0.3028216958045959
noBeta,2033,T,0.1,random,5026,0.008096101693809,0.0976616218686103,0.1744406074285507
noBeta,2033,T,0.1,random,5027,0.0111967008560895,0.1072902306914329,0.1919088512659073
noBeta,2033,T,0.1,random,5028,0.012669120915234,0.1127922981977462,0.1886479556560516
noBeta,2033,T,0.2,random,5026,0.017669316381216,0.1403026133775711,0.2622845470905304
noBeta,2033,T,0.2,random,5027,0.0182090140879154,0.1375515758991241,0.2689737677574157
noBeta,2033,T,0.2,random,5028,0.0194378439337015,0.1513067334890365,0.2673050761222839
noBeta,2033,T,0.3,start,5026,0.0201447624713182,0.1403026133775711,0.2898444533348083
noBeta,2033,T,0.3,middle,5026,0.026867127045989,0.1540577709674835,0.3211810290813446
noBeta,2033,T,0.3,end,5026,0.0296508092433214,0.1705639660358429,0.3460685014724731
noBeta,2033,T,0.3,random,5026,0.0254110172390937,0.1623108685016632,0.3217770457267761
noBeta,2033,T,0.3,random,5027,0.0267338212579488,0.166437417268753,0.3353248536586761
noBeta,2033,T,0.3,random,5028,0.0267601776868104,0.1884456723928451,0.3245119750499725
noBeta,2033,T,0.4,random,5026,0.0374081656336784,0.2077028900384903,0.3996884226799011
noBeta,2033,T,0.4,random,5027,0.0392560064792633,0.2145804613828659,0.4136019349098205
noBeta,2033,T,0.4,random,5028,0.0371368825435638,0.2104539275169372,0.4016972482204437
noBeta,2033,T,0.5,random,5026,0.0495532378554344,0.2324621677398681,0.4633016586303711
noBeta,2033,T,0.5,random,5027,0.0488735511898994,0.2352132052183151,0.4666686356067657
noBeta,2033,T,0.5,random,5028,0.0472505204379558,0.2283356189727783,0.4613793492317199
noBeta,2033,A,0.1,random,5026,1.8822056517819876e-06,0.0013755158288404,0.0073403157293796
noBeta,2033,A,0.1,random,5027,1.6130445601447718e-06,0.0027510316576808,0.0070869820192456
noBeta,2033,A,0.1,random,5028,1.6365919464078615e-06,0.0041265473701059,0.0071115745231509
noBeta,2033,A,0.2,random,5026,4.751236701849848e-06,0.0041265473701059,0.0130038252100348
noBeta,2033,A,0.2,random,5027,4.098153567611007e-06,0.0027510316576808,0.012475105933845
noBeta,2033,A,0.2,random,5028,4.964584604749689e-06,0.0041265473701059,0.0127028813585639
noBeta,2033,A,0.3,start,5026,8.455732313450426e-06,0.0041265473701059,0.018294533714652
noBeta,2033,A,0.3,middle,5026,7.868646207498387e-06,0.0055020633153617,0.0174446068704128
noBeta,2033,A,0.3,end,5026,9.91989054455189e-06,0.0041265473701059,0.0192057117819786
noBeta,2033,A,0.3,random,5026,9.484263500780798e-06,0.0027510316576808,0.0183210782706737
noBeta,2033,A,0.3,random,5027,8.09821085567819e-06,0.0055020633153617,0.0177869945764541
noBeta,2033,A,0.3,random,5028,9.688155842013655e-06,0.0055020633153617,0.0176783725619316
noBeta,2033,A,0.4,random,5026,1.4586219549528325e-05,0.0027510316576808,0.0231172516942024
noBeta,2033,A,0.4,random,5027,1.2877767403551845e-05,0.0055020633153617,0.0225117038935422
noBeta,2033,A,0.4,random,5028,1.490501108492026e-05,0.0068775792606174,0.0224574171006679
noBeta,2033,A,0.5,random,5026,2.0541383491945453e-05,0.0041265473701059,0.0271056592464447
noBeta,2033,A,0.5,random,5027,1.9617638827185147e-05,0.0055020633153617,0.0266895275563001
noBeta,2033,A,0.5,random,5028,2.1077279598102905e-05,0.0068775792606174,0.0269395541399717
noBeta,2033,V,0.1,random,5026,2.361886572543881e-06,0.0013755158288404,0.0058974493294954
noBeta,2033,V,0.1,random,5027,2.202987843702431e-06,0.0,0.0059474580921232
noBeta,2033,V,0.1,random,5028,2.226617880296544e-06,0.0013755158288404,0.0060067870654165
noBeta,2033,V,0.2,random,5026,8.12633334135171e-06,0.0013755158288404,0.011056006886065
noBeta,2033,V,0.2,random,5027,7.653060492884833e-06,0.0,0.0111025990918278
noBeta,2033,V,0.2,random,5028,7.963049029058311e-06,0.0013755158288404,0.0110187726095318
noBeta,2033,V,0.3,start,5026,1.584805067977868e-05,0.0,0.0159123111516237
noBeta,2033,V,0.3,middle,5026,1.6068608601926826e-05,0.0027510316576808,0.0160515829920768
noBeta,2033,V,0.3,end,5026,1.592308035469614e-05,0.0013755158288404,0.0157868918031454
noBeta,2033,V,0.3,random,5026,1.6619160305708647e-05,0.0027510316576808,0.0160703510046005
noBeta,2033,V,0.3,random,5027,1.5683204765082337e-05,0.0013755158288404,0.0161630120128393
noBeta,2033,V,0.3,random,5028,1.6207583030336536e-05,0.0027510316576808,0.0159632451832294
noBeta,2033,V,0.4,random,5026,2.8911879780935124e-05,0.0027510316576808,0.0209291968494653
noBeta,2033,V,0.4,random,5027,2.774955100903753e-05,0.0027510316576808,0.0210703909397125
noBeta,2033,V,0.4,random,5028,2.821423913701437e-05,0.0027510316576808,0.0209438260644674
noBeta,2033,V,0.5,random,5026,4.0443883335683495e-05,0.0041265473701059,0.025611849501729
noBeta,2033,V,0.5,random,5027,3.9233786083059385e-05,0.0055020633153617,0.0257039759308099
noBeta,2033,V,0.5,random,5028,3.933733751182445e-05,0.0055020633153617,0.0256264992058277
noBeta,2033,TA,0.3,start,5026,0.0200309325009584,0.1403026133775711,0.2894450724124908
noBeta,2033,TA,0.3,middle,5026,0.0267292577773332,0.1526822596788406,0.3214294910430908
noBeta,2033,TA,0.3,end,5026,0.0295762158930301,0.1691884398460388,0.3472839593887329
noBeta,2033,TA,0.3,random,5026,0.0252703465521335,0.1581843197345733,0.320637047290802
noBeta,2033,TA,0.3,random,5027,0.0266401898115873,0.1636863797903061,0.3341834545135498
noBeta,2033,TA,0.3,random,5028,0.0266599673777818,0.1829435974359512,0.3242485821247101
noBeta,2033,TV,0.3,start,5026,0.0200081765651702,0.1389271020889282,0.2874932289123535
noBeta,2033,TV,0.3,middle,5026,0.0268080979585647,0.1540577709674835,0.3209515511989593
noBeta,2033,TV,0.3,end,5026,0.0295759532600641,0.1733149886131286,0.3459110260009765
noBeta,2033,TV,0.3,random,5026,0.0253385659307241,0.1636863797903061,0.3218508958816528
noBeta,2033,TV,0.3,random,5027,0.0266639497131109,0.1650618910789489,0.3355006277561188
noBeta,2033,TV,0.3,random,5028,0.0267234910279512,0.187070146203041,0.3239613175392151
noBeta,2033,AV,0.3,start,5026,2.811454214679543e-05,0.0068775792606174,0.021585876122117
noBeta,2033,AV,0.3,middle,5026,2.7328573196427897e-05,0.0041265473701059,0.0217219330370426
noBeta,2033,AV,0.3,end,5026,3.0369696105481125e-05,0.0041265473701059,0.0237662009894847
noBeta,2033,AV,0.3,random,5026,2.9860850190743804e-05,0.0055020633153617,0.0222975742071867
noBeta,2033,AV,0.3,random,5027,2.7227772079641e-05,0.0055020633153617,0.0226481519639492
noBeta,2033,AV,0.3,random,5028,2.970879359054379e-05,0.0041265473701059,0.022216310724616
noBeta,2033,TAV,0.3,start,5026,0.0198954232037067,0.1389271020889282,0.2870987057685852
noBeta,2033,TAV,0.3,middle,5026,0.026674598455429,0.1526822596788406,0.3207428455352783
noBeta,2033,TAV,0.3,end,5026,0.029506329447031,0.1719394773244857,0.3472199141979217
noBeta,2033,TAV,0.3,random,5026,0.0251979101449251,0.1623108685016632,0.3209091126918793
noBeta,2033,TAV,0.3,random,5027,0.0265727266669273,0.1636863797903061,0.3344284892082214
noBeta,2033,TAV,0.3,random,5028,0.0266271475702524,0.1815680861473083,0.3241970837116241
noBeta,2034,T,0.1,random,5026,0.0099104652181267,0.0742778554558754,0.1802490949630737
noBeta,2034,T,0.1,random,5027,0.0118644144386053,0.1031636893749237,0.1973023116588592
noBeta,2034,T,0.1,random,5028,0.013282261788845,0.1031636893749237,0.1949690580368042
noBeta,2034,T,0.2,random,5026,0.0207265838980674,0.1237964257597923,0.2682771384716034
noBeta,2034,T,0.2,random,5027,0.0198228377848863,0.118294358253479,0.275859534740448
noBeta,2034,T,0.2,random,5028,0.021949341520667,0.1499312222003936,0.2735370695590973
noBeta,2034,T,0.3,start,5026,0.0244060661643743,0.1279229670763015,0.3083920776844024
noBeta,2034,T,0.3,middle,5026,0.0298024844378232,0.1568088084459304,0.3318215012550354
noBeta,2034,T,0.3,end,5026,0.0342563800513744,0.1526822596788406,0.3680936694145202
noBeta,2034,T,0.3,random,5026,0.0299702379852533,0.1485557109117508,0.3430283069610595
noBeta,2034,T,0.3,random,5027,0.0289526730775833,0.141678124666214,0.3364166021347046
noBeta,2034,T,0.3,random,5028,0.0297638587653636,0.1623108685016632,0.3350460529327392
noBeta,2034,T,0.4,random,5026,0.0405947007238864,0.166437417268753,0.4104127287864685
noBeta,2034,T,0.4,random,5027,0.0417150780558586,0.189821183681488,0.4134345650672912
noBeta,2034,T,0.4,random,5028,0.0406914986670017,0.1829435974359512,0.409959614276886
noBeta,2034,T,0.5,random,5026,0.0546065270900726,0.1980742812156677,0.4782331883907318
noBeta,2034,T,0.5,random,5027,0.0539809949696064,0.1994497925043106,0.4814251959323883
noBeta,2034,T,0.5,random,5028,0.0532117113471031,0.2063273787498474,0.4752218127250671
noBeta,2034,A,0.1,random,5026,9.05809940832114e-07,0.0,0.0057096285745501
noBeta,2034,A,0.1,random,5027,8.518075560459692e-07,0.0,0.0058061410672962
noBeta,2034,A,0.1,random,5028,7.049185342111741e-07,0.0013755158288404,0.0056755067780613
noBeta,2034,A,0.2,random,5026,2.2119650111562805e-06,0.0013755158288404,0.0099126733839511
noBeta,2034,A,0.2,random,5027,2.207169245593832e-06,0.0,0.0094398250803351
noBeta,2034,A,0.2,random,5028,2.23836309487524e-06,0.0013755158288404,0.0097319558262825
noBeta,2034,A,0.3,start,5026,4.201692718197592e-06,0.0055020633153617,0.0125641003251075
noBeta,2034,A,0.3,middle,5026,4.468543920665979e-06,0.0013755158288404,0.0145343169569969
noBeta,2034,A,0.3,end,5026,8.336581231560558e-06,0.0,0.0154869286343455
noBeta,2034,A,0.3,random,5026,4.25414009441738e-06,0.0027510316576808,0.0139575256034731
noBeta,2034,A,0.3,random,5027,4.424650342116365e-06,0.0013755158288404,0.0136820413172245
noBeta,2034,A,0.3,random,5028,4.182551947451429e-06,0.0013755158288404,0.0136493882164359
noBeta,2034,A,0.4,random,5026,6.428108008549316e-06,0.0041265473701059,0.017623633146286
noBeta,2034,A,0.4,random,5027,6.510190814879024e-06,0.0013755158288404,0.0173655226826667
noBeta,2034,A,0.4,random,5028,6.433898306568153e-06,0.0013755158288404,0.0173188038170337
noBeta,2034,A,0.5,random,5026,9.37065760808764e-06,0.0041265473701059,0.0211200155317783
noBeta,2034,A,0.5,random,5027,9.59677254286362e-06,0.0013755158288404,0.0212204009294509
noBeta,2034,A,0.5,random,5028,9.160035915556364e-06,0.0027510316576808,0.0213606022298336
noBeta,2034,V,0.1,random,5026,5.375057980927522e-07,0.0,0.0047518354840576
noBeta,2034,V,0.1,random,5027,5.085934162707417e-07,0.0,0.0048796604387462
noBeta,2034,V,0.1,random,5028,5.419436206466344e-07,0.0,0.0048796697519719
noBeta,2034,V,0.2,random,5026,1.5516523035330463e-06,0.0,0.0088337529450654
noBeta,2034,V,0.2,random,5027,1.4850770639895927e-06,0.0,0.0091009968891739
noBeta,2034,V,0.2,random,5028,1.5220978184515843e-06,0.0,0.0091286823153495
noBeta,2034,V,0.3,start,5026,2.99437988360296e-06,0.0,0.0130157833918929
noBeta,2034,V,0.3,middle,5026,3.166160695400322e-06,0.0,0.013209706172347
noBeta,2034,V,0.3,end,5026,3.312134140287526e-06,0.0,0.0129939336329698
noBeta,2034,V,0.3,random,5026,3.205948814866133e-06,0.0,0.012956821359694
noBeta,2034,V,0.3,random,5027,3.1084034617379075e-06,0.0,0.013433463871479
noBeta,2034,V,0.3,random,5028,3.156174443574855e-06,0.0,0.0132640302181243
noBeta,2034,V,0.4,random,5026,5.448712272482226e-06,0.0013755158288404,0.0169900655746459
noBeta,2034,V,0.4,random,5027,5.299607437336817e-06,0.0013755158288404,0.0175586696714162
noBeta,2034,V,0.4,random,5028,5.431070349004585e-06,0.0013755158288404,0.0173971559852361
noBeta,2034,V,0.5,random,5026,8.019357665034477e-06,0.0027510316576808,0.0209392365068197
noBeta,2034,V,0.5,random,5027,7.830025424482301e-06,0.0041265473701059,0.021463057026267
noBeta,2034,V,0.5,random,5028,7.942727279441897e-06,0.0027510316576808,0.0213010236620903
noBeta,2034,TA,0.3,start,5026,0.0243339817970991,0.1279229670763015,0.3089414834976196
noBeta,2034,TA,0.3,middle,5026,0.0297321658581495,0.1581843197345733,0.3305186033248901
noBeta,2034,TA,0.3,end,5026,0.0341267548501491,0.1499312222003936,0.3675414025783539
noBeta,2034,TA,0.3,random,5026,0.0298909079283475,0.1499312222003936,0.3428533673286438
noBeta,2034,TA,0.3,random,5027,0.0288582276552915,0.143053650856018,0.3345728814601898
noBeta,2034,TA,0.3,random,5028,0.0297208912670612,0.1595598310232162,0.335663378238678
noBeta,2034,TV,0.3,start,5026,0.0243110600858926,0.1279229670763015,0.3073704540729522
noBeta,2034,TV,0.3,middle,5026,0.0297632720321416,0.1568088084459304,0.3319249451160431
noBeta,2034,TV,0.3,end,5026,0.0341677293181419,0.1526822596788406,0.3662326037883758
noBeta,2034,TV,0.3,random,5026,0.0299469009041786,0.1499312222003936,0.3421790897846222
noBeta,2034,TV,0.3,random,5027,0.0288973804563283,0.143053650856018,0.3367783725261688
noBeta,2034,TV,0.3,random,5028,0.0297361109405756,0.1623108685016632,0.3336683511734009
noBeta,2034,AV,0.3,start,5026,8.566429642087314e-06,0.0,0.0191292278468608
noBeta,2034,AV,0.3,middle,5026,8.846921446092892e-06,0.0013755158288404,0.0208447724580764
noBeta,2034,AV,0.3,end,5026,1.2707450878224336e-05,0.0,0.0223637390881776
noBeta,2034,AV,0.3,random,5026,8.643256478535477e-06,0.0013755158288404,0.0204839520156383
noBeta,2034,AV,0.3,random,5027,8.747766514716204e-06,0.0013755158288404,0.020805787295103
noBeta,2034,AV,0.3,random,5028,8.401068953389768e-06,0.0013755158288404,0.0203387606889009
noBeta,2034,TAV,0.3,start,5026,0.0242438223212957,0.1292984932661056,0.3085040152072906
noBeta,2034,TAV,0.3,middle,5026,0.0296974256634712,0.1595598310232162,0.3316954374313354
noBeta,2034,TAV,0.3,end,5026,0.0340429320931434,0.1513067334890365,0.3658384382724762
noBeta,2034,TAV,0.3,random,5026,0.0298708863556385,0.1485557109117508,0.3427595794200897
noBeta,2034,TAV,0.3,random,5027,0.0288060978055,0.1403026133775711,0.3354659676551819
noBeta,2034,TAV,0.3,random,5028,0.0296994391828775,0.1609353572130203,0.3350216448307037
noBeta,2035,T,0.1,random,5026,0.0049911416135728,0.0729023367166519,0.1649015098810196
noBeta,2035,T,0.1,random,5027,0.0077866339124739,0.0907840430736541,0.1793205291032791
noBeta,2035,T,0.1,random,5028,0.0079590966925024,0.0866574943065643,0.1826386153697967
noBeta,2035,T,0.2,random,5026,0.0132174221798777,0.1224209070205688,0.2664232850074768
noBeta,2035,T,0.2,random,5027,0.0133033711463212,0.1100412681698799,0.2632985711097717
noBeta,2035,T,0.2,random,5028,0.0134675949811935,0.118294358253479,0.2702202498912811
noBeta,2035,T,0.3,start,5026,0.016291007399559,0.1251719444990158,0.3274167478084564
noBeta,2035,T,0.3,middle,5026,0.0210197139531373,0.1581843197345733,0.3363887667655945
noBeta,2035,T,0.3,end,5026,0.0238757990300655,0.1458046734333038,0.3656549751758575
noBeta,2035,T,0.3,random,5026,0.0200107861310243,0.1458046734333038,0.3424557447433471
noBeta,2035,T,0.3,random,5027,0.019728822633624,0.1361760646104812,0.3405530452728271
noBeta,2035,T,0.3,random,5028,0.0201788134872913,0.1458046734333038,0.3411350548267364
noBeta,2035,T,0.4,random,5026,0.0306611731648445,0.1774415373802185,0.4264209866523742
noBeta,2035,T,0.4,random,5027,0.0290161855518817,0.1705639660358429,0.4259275794029236
noBeta,2035,T,0.4,random,5028,0.0293406024575233,0.1801925748586654,0.4276860952377319
noBeta,2035,T,0.5,random,5026,0.0404936820268631,0.1980742812156677,0.5004612803459167
noBeta,2035,T,0.5,random,5027,0.038669928908348,0.1801925748586654,0.4921663403511047
noBeta,2035,T,0.5,random,5028,0.0388637073338031,0.1966987550258636,0.4958716928958893
noBeta,2035,A,0.1,random,5026,1.5799769244040365e-06,0.0055020633153617,0.0057763736695051
noBeta,2035,A,0.1,random,5027,2.063928150164429e-06,0.0027510316576808,0.0059684985317289
noBeta,2035,A,0.1,random,5028,1.286958081436751e-06,0.0041265473701059,0.0060530225746333
noBeta,2035,A,0.2,random,5026,3.757210151889012e-06,0.0068775792606174,0.0100606949999928
noBeta,2035,A,0.2,random,5027,3.878657935274532e-06,0.0055020633153617,0.0100773489102721
noBeta,2035,A,0.2,random,5028,3.577953748390428e-06,0.0082530947402119,0.0105179818347096
noBeta,2035,A,0.3,start,5026,6.594004844373558e-06,0.0041265473701059,0.0139336921274662
noBeta,2035,A,0.3,middle,5026,6.335036232485436e-06,0.0068775792606174,0.0138445580378174
noBeta,2035,A,0.3,end,5026,1.4670217751699964e-05,0.0096286106854677,0.0161009598523378
noBeta,2035,A,0.3,random,5026,7.506089787057135e-06,0.0082530947402119,0.0141946272924542
noBeta,2035,A,0.3,random,5027,7.415435447910568e-06,0.0068775792606174,0.0140453279018402
noBeta,2035,A,0.3,random,5028,7.594656835863134e-06,0.0096286106854677,0.0145191708579659
noBeta,2035,A,0.4,random,5026,1.1034379895136226e-05,0.0082530947402119,0.0180686227977275
noBeta,2035,A,0.4,random,5027,1.1004840416717345e-05,0.0082530947402119,0.0178830195218324
noBeta,2035,A,0.4,random,5028,1.149090803664876e-05,0.0096286106854677,0.0181385241448879
noBeta,2035,A,0.5,random,5026,1.401984536641976e-05,0.0068775792606174,0.0214378368109464
noBeta,2035,A,0.5,random,5027,1.760322084010113e-05,0.0082530947402119,0.0213841795921325
noBeta,2035,A,0.5,random,5028,1.557518589834217e-05,0.0096286106854677,0.0212922878563404
noBeta,2035,V,0.1,random,5026,1.2636838846447065e-06,0.0,0.0059071690775454
noBeta,2035,V,0.1,random,5027,1.0324873755962471e-06,0.0,0.0055708838626742
noBeta,2035,V,0.1,random,5028,1.2519635674834715e-06,0.0,0.0058694705367088
noBeta,2035,V,0.2,random,5026,3.7670859001082135e-06,0.0013755158288404,0.0109325759112834
noBeta,2035,V,0.2,random,5027,3.3088626878452487e-06,0.0013755158288404,0.010273041203618
noBeta,2035,V,0.2,random,5028,3.722989276866429e-06,0.0013755158288404,0.0106697184965014
noBeta,2035,V,0.3,start,5026,6.600235792575404e-06,0.0013755158288404,0.0152878034859895
noBeta,2035,V,0.3,middle,5026,7.014773927949136e-06,0.0013755158288404,0.0151017569005489
noBeta,2035,V,0.3,end,5026,8.51145523483865e-06,0.0027510316576808,0.0161584988236427
noBeta,2035,V,0.3,random,5026,7.678119800402783e-06,0.0013755158288404,0.0157763883471488
noBeta,2035,V,0.3,random,5027,6.982340437389212e-06,0.0013755158288404,0.0151276597753167
noBeta,2035,V,0.3,random,5028,7.6103069659438916e-06,0.0013755158288404,0.0154397590085864
noBeta,2035,V,0.4,random,5026,1.2970246643817518e-05,0.0041265473701059,0.0202941428869962
noBeta,2035,V,0.4,random,5027,1.203097235702444e-05,0.0027510316576808,0.0196922421455383
noBeta,2035,V,0.4,random,5028,1.2823236829717644e-05,0.0027510316576808,0.0202233288437128
noBeta,2035,V,0.5,random,5026,1.982663343369495e-05,0.0041265473701059,0.0245822705328464
noBeta,2035,V,0.5,random,5027,1.846028862928506e-05,0.0055020633153617,0.0240017808973789
noBeta,2035,V,0.5,random,5028,1.946370321093127e-05,0.0041265473701059,0.0245317351073026
noBeta,2035,TA,0.3,start,5026,0.0161959994584321,0.1251719444990158,0.3255048394203186
noBeta,2035,TA,0.3,middle,5026,0.0209185071289539,0.1581843197345733,0.3338549733161926
noBeta,2035,TA,0.3,end,5026,0.023691851645708,0.1444291621446609,0.36408731341362
noBeta,2035,TA,0.3,random,5026,0.0199100710451602,0.1444291621446609,0.3410791754722595
noBeta,2035,TA,0.3,random,5027,0.0196014568209648,0.1361760646104812,0.3386340737342834
noBeta,2035,TA,0.3,random,5028,0.0200860872864723,0.1444291621446609,0.3390368223190307
noBeta,2035,TV,0.3,start,5026,0.0161424931138753,0.1265474557876587,0.3264439105987549
noBeta,2035,TV,0.3,middle,5026,0.0209015998989343,0.1581843197345733,0.3348596692085266
noBeta,2035,TV,0.3,end,5026,0.023682601749897,0.1458046734333038,0.3662876188755035
noBeta,2035,TV,0.3,random,5026,0.0198789723217487,0.1458046734333038,0.3427224457263946
noBeta,2035,TV,0.3,random,5027,0.0195876881480216,0.1389271020889282,0.3402622044086456
noBeta,2035,TV,0.3,random,5028,0.0200254190713167,0.1458046734333038,0.3393713235855102
noBeta,2035,AV,0.3,start,5026,1.5498821085202508e-05,0.0055020633153617,0.0222722142934799
noBeta,2035,AV,0.3,middle,5026,1.5504318071180023e-05,0.0055020633153617,0.0223091468214988
noBeta,2035,AV,0.3,end,5026,2.64312002400402e-05,0.0068775792606174,0.024638133123517
noBeta,2035,AV,0.3,random,5026,1.7859318177215755e-05,0.0055020633153617,0.0230026822537183
noBeta,2035,AV,0.3,random,5027,1.6997833881760016e-05,0.0041265473701059,0.022795271128416
noBeta,2035,AV,0.3,random,5028,1.786243956303224e-05,0.0055020633153617,0.0229337811470031
noBeta,2035,TAV,0.3,start,5026,0.0160510223358869,0.1279229670763015,0.3245093524456024
noBeta,2035,TAV,0.3,middle,5026,0.020803328603506,0.1554332822561264,0.3322145044803619
noBeta,2035,TAV,0.3,end,5026,0.0235009938478469,0.141678124666214,0.364313393831253
noBeta,2035,TAV,0.3,random,5026,0.0197813138365745,0.1458046734333038,0.3414266109466553
noBeta,2035,TAV,0.3,random,5027,0.0194630939513444,0.1389271020889282,0.3380903303623199
noBeta,2035,TAV,0.3,random,5028,0.0199361983686685,0.1403026133775711,0.3371323347091675
noC,2031,T,0.1,random,5026,0.0069103478454053,0.0935350731015205,0.1921890825033188
noC,2031,T,0.1,random,5027,0.0091754058375954,0.0935350731015205,0.2020314484834671
noC,2031,T,0.1,random,5028,0.0103424359112977,0.1100412681698799,0.200783297419548
noC,2031,T,0.2,random,5026,0.016839837655425,0.1375515758991241,0.3099122643470764
noC,2031,T,0.2,random,5027,0.0167251396924257,0.141678124666214,0.3077886700630188
noC,2031,T,0.2,random,5028,0.0180521514266729,0.143053650856018,0.3060567080974579
noC,2031,T,0.3,start,5026,0.0226226523518562,0.1458046734333038,0.3692150115966797
noC,2031,T,0.3,middle,5026,0.0283928867429494,0.1636863797903061,0.3995990455150604
noC,2031,T,0.3,end,5026,0.0328200347721576,0.1719394773244857,0.4328120052814483
noC,2031,T,0.3,random,5026,0.0270661562681198,0.1623108685016632,0.4007671475410461
noC,2031,T,0.3,random,5027,0.0272633917629718,0.1705639660358429,0.4052246510982513
noC,2031,T,0.3,random,5028,0.0281443744897842,0.1788170635700225,0.3956878185272217
noC,2031,T,0.4,random,5026,0.0417308062314987,0.2145804613828659,0.5011908411979675
noC,2031,T,0.4,random,5027,0.0424895286560058,0.2063273787498474,0.5097496509552002
noC,2031,T,0.4,random,5028,0.0425473749637603,0.2173314988613128,0.5018611550331116
noC,2031,T,0.5,random,5026,0.0581378228962421,0.2393397539854049,0.5911098122596741
noC,2031,T,0.5,random,5027,0.0581395216286182,0.2668500542640686,0.590672492980957
noC,2031,T,0.5,random,5028,0.0573016628623008,0.2585969865322113,0.5866895318031311
noC,2031,A,0.1,random,5026,2.459773611462879e-07,0.0,0.0030746052507311
noC,2031,A,0.1,random,5027,2.8101808879910095e-07,0.0,0.0034224141854792
noC,2031,A,0.1,random,5028,2.457220205087652e-07,0.0,0.0032790584955364
noC,2031,A,0.2,random,5026,6.402986514331133e-07,0.0,0.0053026801906526
noC,2031,A,0.2,random,5027,6.867427941870119e-07,0.0,0.0057458393275737
noC,2031,A,0.2,random,5028,6.855726155663433e-07,0.0,0.0055489861406385
noC,2031,A,0.3,start,5026,1.310267293774814e-06,0.0013755158288404,0.0083175674080848
noC,2031,A,0.3,middle,5026,1.2358402727841169e-06,0.0013755158288404,0.0076493863016366
noC,2031,A,0.3,end,5026,1.526511368865613e-06,0.0027510316576808,0.0076160784810781
noC,2031,A,0.3,random,5026,1.2918142147100298e-06,0.0,0.007464500144124
noC,2031,A,0.3,random,5027,1.3545209185394924e-06,0.0013755158288404,0.0080667492002248
noC,2031,A,0.3,random,5028,1.311981577600818e-06,0.0,0.0076772887259721
noC,2031,A,0.4,random,5026,1.996342689380981e-06,0.0027510316576808,0.0094811730086803
noC,2031,A,0.4,random,5027,2.039770379269612e-06,0.0027510316576808,0.0100263636559247
noC,2031,A,0.4,random,5028,1.9487636109261075e-06,0.0013755158288404,0.0097460513934493
noC,2031,A,0.5,random,5026,2.849738621080178e-06,0.0027510316576808,0.0112928627058863
noC,2031,A,0.5,random,5027,2.822555870807264e-06,0.0041265473701059,0.0118891401216387
noC,2031,A,0.5,random,5028,2.702041911106789e-06,0.0027510316576808,0.0116992685943841
noC,2031,V,0.1,random,5026,5.965056288914639e-07,0.0,0.0030974908731877
noC,2031,V,0.1,random,5027,5.580372999247629e-07,0.0,0.0029030214063823
noC,2031,V,0.1,random,5028,5.700015890397481e-07,0.0,0.0029607033357024
noC,2031,V,0.2,random,5026,1.8453588381817097e-06,0.0013755158288404,0.0055666561238467
noC,2031,V,0.2,random,5027,1.775620262378652e-06,0.0,0.0053505157120525
noC,2031,V,0.2,random,5028,1.963703653018456e-06,0.0,0.0055253752507269
noC,2031,V,0.3,start,5026,3.677304675875348e-06,0.0041265473701059,0.0077751064673066
noC,2031,V,0.3,middle,5026,3.7506147236854304e-06,0.0027510316576808,0.0077737267129123
noC,2031,V,0.3,end,5026,4.1594607864681166e-06,0.0013755158288404,0.0078649818897247
noC,2031,V,0.3,random,5026,3.866962742904434e-06,0.0013755158288404,0.0080777602270245
noC,2031,V,0.3,random,5027,3.673212177091045e-06,0.0027510316576808,0.0077858208678662
noC,2031,V,0.3,random,5028,4.046044523420278e-06,0.0027510316576808,0.0080264126881957
noC,2031,V,0.4,random,5026,6.434980150515912e-06,0.0027510316576808,0.0104983197525143
noC,2031,V,0.4,random,5027,6.361538908095099e-06,0.0041265473701059,0.0102396514266729
noC,2031,V,0.4,random,5028,6.827846846135799e-06,0.0027510316576808,0.0105497706681489
noC,2031,V,0.5,random,5026,8.769539817876648e-06,0.0027510316576808,0.0127504868432879
noC,2031,V,0.5,random,5027,8.794159839453641e-06,0.0041265473701059,0.0124580105766654
noC,2031,V,0.5,random,5028,9.186693205265328e-06,0.0041265473701059,0.0127535536885261
noC,2031,TA,0.3,start,5026,0.0226084310561418,0.1458046734333038,0.3722656369209289
noC,2031,TA,0.3,middle,5026,0.0283687338232994,0.1623108685016632,0.400923877954483
noC,2031,TA,0.3,end,5026,0.0327434800565242,0.1746905148029327,0.4353441298007965
noC,2031,TA,0.3,random,5026,0.0270596835762262,0.1623108685016632,0.4020338356494903
noC,2031,TA,0.3,random,5027,0.0272243339568376,0.1719394773244857,0.4071561992168426
noC,2031,TA,0.3,random,5028,0.0281104017049074,0.1788170635700225,0.3971965312957763
noC,2031,TV,0.3,start,5026,0.0225691124796867,0.1458046734333038,0.3714845478534698
noC,2031,TV,0.3,middle,5026,0.0283644404262304,0.1623108685016632,0.4012589752674103
noC,2031,TV,0.3,end,5026,0.0327341891825199,0.1719394773244857,0.4344427287578583
noC,2031,TV,0.3,random,5026,0.0270412471145391,0.1595598310232162,0.4029111564159393
noC,2031,TV,0.3,random,5027,0.0272638462483882,0.166437417268753,0.4068465828895569
noC,2031,TV,0.3,random,5028,0.0280584041029214,0.1774415373802185,0.3975344896316528
noC,2031,AV,0.3,start,5026,4.833184448216343e-06,0.0041265473701059,0.0128256054595112
noC,2031,AV,0.3,middle,5026,4.923360847897129e-06,0.0041265473701059,0.0119839366525411
noC,2031,AV,0.3,end,5026,5.801739462185651e-06,0.0041265473701059,0.0119669465348124
noC,2031,AV,0.3,random,5026,4.948396963300183e-06,0.0055020633153617,0.0121560441330075
noC,2031,AV,0.3,random,5027,4.9779155233409256e-06,0.0027510316576808,0.0126152737066149
noC,2031,AV,0.3,random,5028,5.2296418289188296e-06,0.0027510316576808,0.0126321204006671
noC,2031,TAV,0.3,start,5026,0.0225546211004257,0.1471801996231079,0.374557763338089
noC,2031,TAV,0.3,middle,5026,0.0283418148756027,0.1623108685016632,0.4026955664157867
noC,2031,TAV,0.3,end,5026,0.0326580628752708,0.1746905148029327,0.4370636343955993
noC,2031,TAV,0.3,random,5026,0.0270350221544504,0.1609353572130203,0.404226154088974
noC,2031,TAV,0.3,random,5027,0.027225648984313,0.1678129285573959,0.4088001251220703
noC,2031,TAV,0.3,random,5028,0.0280249752104282,0.1788170635700225,0.3991627991199493
noC,2032,T,0.1,random,5026,0.0147412596270442,0.0976616218686103,0.2152910977602005
noC,2032,T,0.1,random,5027,0.0193378124386072,0.1100412681698799,0.2387199699878692
noC,2032,T,0.1,random,5028,0.0203207749873399,0.0962861105799675,0.237149566411972
noC,2032,T,0.2,random,5026,0.0298496801406145,0.1348005533218383,0.3346954584121704
noC,2032,T,0.2,random,5027,0.0311912503093481,0.1458046734333038,0.3573458194732666
noC,2032,T,0.2,random,5028,0.0312126688659191,0.1375515758991241,0.3448392152786255
noC,2032,T,0.3,start,5026,0.0377030707895755,0.1595598310232162,0.426567941904068
noC,2032,T,0.3,middle,5026,0.0454191230237484,0.1856946349143982,0.4594612717628479
noC,2032,T,0.3,end,5026,0.0506106503307819,0.1843191236257553,0.4626527428627014
noC,2032,T,0.3,random,5026,0.0438626259565353,0.1678129285573959,0.4484152197837829
noC,2032,T,0.3,random,5027,0.0445794165134429,0.1691884398460388,0.4578522741794586
noC,2032,T,0.3,random,5028,0.045033935457468,0.1774415373802185,0.4475493431091308
noC,2032,T,0.4,random,5026,0.0631449669599533,0.2145804613828659,0.5654160380363464
noC,2032,T,0.4,random,5027,0.066745787858963,0.213204950094223,0.5825756192207336
noC,2032,T,0.4,random,5028,0.0633358210325241,0.1953232437372207,0.5664101839065552
noC,2032,T,0.5,random,5026,0.0854917839169502,0.2297111451625824,0.6649362444877625
noC,2032,T,0.5,random,5027,0.0874582082033157,0.2489683628082275,0.6770641803741455
noC,2032,T,0.5,random,5028,0.0853644534945488,0.236588716506958,0.660232424736023
noC,2032,A,0.1,random,5026,3.6345147691463353e-07,0.0,0.0053194244392216
noC,2032,A,0.1,random,5027,3.476272922853241e-07,0.0,0.0052898554131388
noC,2032,A,0.1,random,5028,3.3887894801409857e-07,0.0,0.0051946500316262
noC,2032,A,0.2,random,5026,1.1542172160261543e-06,0.0,0.0092591466382145
noC,2032,A,0.2,random,5027,1.037323499986087e-06,0.0,0.0092448024079203
noC,2032,A,0.2,random,5028,1.070734015229391e-06,0.0,0.0091433292254805
noC,2032,A,0.3,start,5026,2.103114638885017e-06,0.0,0.014245742931962
noC,2032,A,0.3,middle,5026,1.9991141471109586e-06,0.0,0.0127784255892038
noC,2032,A,0.3,end,5026,2.501794369891286e-06,0.0,0.0133028319105505
noC,2032,A,0.3,random,5026,2.246218627988128e-06,0.0,0.0132197169587016
noC,2032,A,0.3,random,5027,2.0543138816719875e-06,0.0,0.0131452744826674
noC,2032,A,0.3,random,5028,2.1931430183030898e-06,0.0,0.0129739660769701
noC,2032,A,0.4,random,5026,3.6425030884856815e-06,0.0,0.0168265085667371
noC,2032,A,0.4,random,5027,3.426374405535171e-06,0.0,0.0167296789586544
noC,2032,A,0.4,random,5028,3.581355713322409e-06,0.0,0.0167541224509477
noC,2032,A,0.5,random,5026,5.17478292749729e-06,0.0,0.019964987412095
noC,2032,A,0.5,random,5027,4.941140105074737e-06,0.0,0.020069470629096
noC,2032,A,0.5,random,5028,4.943051408190513e-06,0.0,0.0199788268655538
noC,2032,V,0.1,random,5026,4.701845455201692e-07,0.0,0.0046659060753881
noC,2032,V,0.1,random,5027,4.082098428170866e-07,0.0,0.0045470101758837
noC,2032,V,0.1,random,5028,4.530608634922828e-07,0.0,0.0045723421499133
noC,2032,V,0.2,random,5026,1.4537423567162475e-06,0.0,0.0086309490725398
noC,2032,V,0.2,random,5027,1.4086742794461315e-06,0.0,0.0085920793935656
noC,2032,V,0.2,random,5028,1.5154155335039832e-06,0.0,0.008387304842472
noC,2032,V,0.3,start,5026,3.2319996989826905e-06,0.0,0.0125446962192654
noC,2032,V,0.3,middle,5026,3.060343260585796e-06,0.0,0.0124011756852269
noC,2032,V,0.3,end,5026,3.052654392377008e-06,0.0,0.0122525794431567
noC,2032,V,0.3,random,5026,3.0331073048728285e-06,0.0,0.012554483488202
noC,2032,V,0.3,random,5027,2.9439772788464325e-06,0.0,0.0124203460291028
noC,2032,V,0.3,random,5028,3.0735284326510737e-06,0.0,0.012099933810532
noC,2032,V,0.4,random,5026,5.351424533728277e-06,0.0,0.0161640662699937
noC,2032,V,0.4,random,5027,5.277548098092666e-06,0.0,0.0160141959786415
noC,2032,V,0.4,random,5028,5.509358288691146e-06,0.0,0.0159395579248666
noC,2032,V,0.5,random,5026,7.847432243579533e-06,0.0,0.01948325894773
noC,2032,V,0.5,random,5027,7.960963557707146e-06,0.0,0.019497588276863
noC,2032,V,0.5,random,5028,8.12815414974466e-06,0.0,0.0194657146930694
noC,2032,TA,0.3,start,5026,0.0377581492066383,0.1595598310232162,0.4319831728935241
noC,2032,TA,0.3,middle,5026,0.0454814694821834,0.1884456723928451,0.4625131785869598
noC,2032,TA,0.3,end,5026,0.0506493672728538,0.1815680861473083,0.4651168882846832
noC,2032,TA,0.3,random,5026,0.0439018234610557,0.1733149886131286,0.4503068327903747
noC,2032,TA,0.3,random,5027,0.0446354746818542,0.1705639660358429,0.4618148803710937
noC,2032,TA,0.3,random,5028,0.0450964123010635,0.1774415373802185,0.4497016668319702
noC,2032,TV,0.3,start,5026,0.0377235561609268,0.1609353572130203,0.4282246232032776
noC,2032,TV,0.3,middle,5026,0.0454358458518981,0.187070146203041,0.460061252117157
noC,2032,TV,0.3,end,5026,0.0506133362650871,0.1829435974359512,0.4646737277507782
noC,2032,TV,0.3,random,5026,0.0438742786645889,0.1719394773244857,0.449789434671402
noC,2032,TV,0.3,random,5027,0.0446061939001083,0.1691884398460388,0.4592015743255615
noC,2032,TV,0.3,random,5028,0.0450491718947887,0.1801925748586654,0.4485048949718475
noC,2032,AV,0.3,start,5026,5.936728030064842e-06,0.0,0.0197257306426763
noC,2032,AV,0.3,middle,5026,5.50075219507562e-06,0.0,0.0191046744585037
noC,2032,AV,0.3,end,5026,6.3694997152197175e-06,0.0,0.0191898737102746
noC,2032,AV,0.3,random,5026,5.806454737466993e-06,0.0,0.0191710945218801
noC,2032,AV,0.3,random,5027,5.528640940610785e-06,0.0,0.0195825099945068
noC,2032,AV,0.3,random,5028,5.830929239891702e-06,0.0,0.0188908446580171
noC,2032,TAV,0.3,start,5026,0.0377806387841701,0.1581843197345733,0.4337382316589355
noC,2032,TAV,0.3,middle,5026,0.0454990901052951,0.187070146203041,0.4631184041500091
noC,2032,TAV,0.3,end,5026,0.0506547465920448,0.1829435974359512,0.4672553241252899
noC,2032,TAV,0.3,random,5026,0.0439142771065235,0.1733149886131286,0.4517694115638733
noC,2032,TAV,0.3,random,5027,0.044663667678833,0.166437417268753,0.4631875455379486
noC,2032,TAV,0.3,random,5028,0.0451115705072879,0.1788170635700225,0.4504352509975433
noC,2033,T,0.1,random,5026,0.0052938912995159,0.0770288854837417,0.1745261400938034
noC,2033,T,0.1,random,5027,0.0075831753201782,0.0935350731015205,0.190640702843666
noC,2033,T,0.1,random,5028,0.0079039456322789,0.1031636893749237,0.190882459282875
noC,2033,T,0.2,random,5026,0.0136088300496339,0.1306740045547485,0.2821418046951294
noC,2033,T,0.2,random,5027,0.0138840591534972,0.1334250271320343,0.2844882905483246
noC,2033,T,0.2,random,5028,0.0141301648691296,0.1623108685016632,0.2861621677875519
noC,2033,T,0.3,start,5026,0.0184845365583896,0.1320495158433914,0.3490524590015411
noC,2033,T,0.3,middle,5026,0.0232864785939455,0.1526822596788406,0.3652120530605316
noC,2033,T,0.3,end,5026,0.0254642982035875,0.1856946349143982,0.3960063755512237
noC,2033,T,0.3,random,5026,0.0220674593001604,0.1595598310232162,0.3687665164470672
noC,2033,T,0.3,random,5027,0.0224297177046537,0.1623108685016632,0.3713432550430298
noC,2033,T,0.3,random,5028,0.0223294924944639,0.1856946349143982,0.3693323731422424
noC,2033,T,0.4,random,5026,0.034148808568716,0.2090784013271331,0.4583624303340912
noC,2033,T,0.4,random,5027,0.0344742089509964,0.1966987550258636,0.4639031589031219
noC,2033,T,0.4,random,5028,0.0333971157670021,0.2200825363397598,0.4580251574516296
noC,2033,T,0.5,random,5026,0.0462963134050369,0.2338376939296722,0.5305145978927612
noC,2033,T,0.5,random,5027,0.0454357974231243,0.2297111451625824,0.524992823600769
noC,2033,T,0.5,random,5028,0.0449593029916286,0.2517193853855133,0.5258317589759827
noC,2033,A,0.1,random,5026,2.3788093130860943e-06,0.0013755158288404,0.0088342558592557
noC,2033,A,0.1,random,5027,1.8804892079060664e-06,0.0,0.0084448289126157
noC,2033,A,0.1,random,5028,1.8705881075220528e-06,0.0,0.0086128311231732
noC,2033,A,0.2,random,5026,6.086293069529347e-06,0.0,0.0154231507331132
noC,2033,A,0.2,random,5027,4.947561592416605e-06,0.0,0.0147648891434073
noC,2033,A,0.2,random,5028,5.60129819859867e-06,0.0,0.0151287512853741
noC,2033,A,0.3,start,5026,1.0190361535933334e-05,0.0013755158288404,0.0214728619903326
noC,2033,A,0.3,middle,5026,9.696751476440111e-06,0.0013755158288404,0.0206723921000957
noC,2033,A,0.3,end,5026,1.3717875845031813e-05,0.0041265473701059,0.0227833893150091
noC,2033,A,0.3,random,5026,1.187976340588648e-05,0.0027510316576808,0.0215521808713674
noC,2033,A,0.3,random,5027,9.872520422504747e-06,0.0013755158288404,0.0209041684865951
noC,2033,A,0.3,random,5028,1.1143672963953575e-05,0.0,0.0209042374044656
noC,2033,A,0.4,random,5026,1.7958192984224297e-05,0.0041265473701059,0.0270337853580713
noC,2033,A,0.4,random,5027,1.544990300317295e-05,0.0027510316576808,0.0263961721211671
noC,2033,A,0.4,random,5028,1.7236097846762277e-05,0.0013755158288404,0.0265032015740871
noC,2033,A,0.5,random,5026,2.495664193702396e-05,0.0041265473701059,0.0315847694873809
noC,2033,A,0.5,random,5027,2.3598066036356613e-05,0.0027510316576808,0.0309546943753957
noC,2033,A,0.5,random,5028,2.470330218784511e-05,0.0013755158288404,0.0314464271068573
noC,2033,V,0.1,random,5026,2.635410510265501e-06,0.0041265473701059,0.0092092240229249
noC,2033,V,0.1,random,5027,2.272581468787393e-06,0.0027510316576808,0.0085033513605594
noC,2033,V,0.1,random,5028,2.4519110866094707e-06,0.0041265473701059,0.0090462416410446
noC,2033,V,0.2,random,5026,8.768424777372275e-06,0.0068775792606174,0.0171388201415538
noC,2033,V,0.2,random,5027,7.994609404704534e-06,0.0055020633153617,0.0160978939384222
noC,2033,V,0.2,random,5028,8.700052603671793e-06,0.0055020633153617,0.0170125495642423
noC,2033,V,0.3,start,5026,1.6868785678525455e-05,0.0055020633153617,0.0247237086296081
noC,2033,V,0.3,middle,5026,1.7345784726785496e-05,0.0055020633153617,0.0244475603103637
noC,2033,V,0.3,end,5026,1.7825594113674015e-05,0.0041265473701059,0.024328077211976
noC,2033,V,0.3,random,5026,1.803415761969518e-05,0.0068775792606174,0.0253470782190561
noC,2033,V,0.3,random,5027,1.6534408132429235e-05,0.0055020633153617,0.0238620415329933
noC,2033,V,0.3,random,5028,1.7499625755590387e-05,0.0055020633153617,0.0247514508664608
noC,2033,V,0.4,random,5026,3.033537905139383e-05,0.0068775792606174,0.03310227394104
noC,2033,V,0.4,random,5027,2.8532191208796576e-05,0.0055020633153617,0.0314839780330657
noC,2033,V,0.4,random,5028,2.9804523364873603e-05,0.0055020633153617,0.0326576009392738
noC,2033,V,0.5,random,5026,4.134402479394339e-05,0.0068775792606174,0.040257092565298
noC,2033,V,0.5,random,5027,3.948794983443804e-05,0.0055020633153617,0.0389016382396221
noC,2033,V,0.5,random,5028,4.036597965750843e-05,0.0055020633153617,0.0397228896617889
noC,2033,TA,0.3,start,5026,0.0183664783835411,0.1334250271320343,0.3514259755611419
noC,2033,TA,0.3,middle,5026,0.0231235120445489,0.1540577709674835,0.3668256402015686
noC,2033,TA,0.3,end,5026,0.0253582559525966,0.1801925748586654,0.3988418281078338
noC,2033,TA,0.3,random,5026,0.0219071563333272,0.1554332822561264,0.3692528009414673
noC,2033,TA,0.3,random,5027,0.0223027244210243,0.166437417268753,0.3727972209453583
noC,2033,TA,0.3,random,5028,0.0221849251538515,0.1815680861473083,0.3718544542789459
noC,2033,TV,0.3,start,5026,0.0185200199484825,0.1334250271320343,0.3495572507381439
noC,2033,TV,0.3,middle,5026,0.0233300793915987,0.1485557109117508,0.3660084903240204
noC,2033,TV,0.3,end,5026,0.0255532842129468,0.187070146203041,0.3996691107749939
noC,2033,TV,0.3,random,5026,0.022121462970972,0.1526822596788406,0.3711856007575989
noC,2033,TV,0.3,random,5027,0.0224574711173772,0.1636863797903061,0.3725378513336181
noC,2033,TV,0.3,random,5028,0.022370234131813,0.1829435974359512,0.3699654936790466
noC,2033,AV,0.3,start,5026,2.8806147383875214e-05,0.0041265473701059,0.0374361686408519
noC,2033,AV,0.3,middle,5026,2.769242382782977e-05,0.0041265473701059,0.0365525297820568
noC,2033,AV,0.3,end,5026,3.3140837331302464e-05,0.0041265473701059,0.039475217461586
noC,2033,AV,0.3,random,5026,3.0841943953419104e-05,0.0041265473701059,0.0382641889154911
noC,2033,AV,0.3,random,5027,2.709298860281706e-05,0.0068775792606174,0.0361966900527477
noC,2033,AV,0.3,random,5028,3.003652091138065e-05,0.0055020633153617,0.0372275114059448
noC,2033,TAV,0.3,start,5026,0.0184032283723354,0.1334250271320343,0.3524507880210876
noC,2033,TAV,0.3,middle,5026,0.0231664720922708,0.1540577709674835,0.3677384555339813
noC,2033,TAV,0.3,end,5026,0.0254491176456213,0.1856946349143982,0.4028699696063995
noC,2033,TAV,0.3,random,5026,0.0219616927206516,0.1540577709674835,0.3728148937225342
noC,2033,TAV,0.3,random,5027,0.0223303008824586,0.1650618910789489,0.3750128448009491
noC,2033,TAV,0.3,random,5028,0.0222262572497129,0.1801925748586654,0.3728646039962768
noC,2034,T,0.1,random,5026,0.0076486715115606,0.0880330130457878,0.2005411088466644
noC,2034,T,0.1,random,5027,0.0103859491646289,0.0839064642786979,0.2250325083732605
noC,2034,T,0.1,random,5028,0.0114513775333762,0.1017881706357002,0.2301999479532241
noC,2034,T,0.2,random,5026,0.0190802421420812,0.1251719444990158,0.3424068391323089
noC,2034,T,0.2,random,5027,0.0187725275754928,0.1224209070205688,0.3446151912212372
noC,2034,T,0.2,random,5028,0.0200937557965517,0.1334250271320343,0.3514257371425628
noC,2034,T,0.3,start,5026,0.0268269106745719,0.1526822596788406,0.4370681643486023
noC,2034,T,0.3,middle,5026,0.0318447612226009,0.1623108685016632,0.4606220126152038
noC,2034,T,0.3,end,5026,0.0361576229333877,0.1801925748586654,0.4946932196617126
noC,2034,T,0.3,random,5026,0.030429994687438,0.1678129285573959,0.4565718472003937
noC,2034,T,0.3,random,5027,0.0303429812192916,0.166437417268753,0.459742784500122
noC,2034,T,0.3,random,5028,0.0306143723428249,0.1499312222003936,0.4595056176185608
noC,2034,T,0.4,random,5026,0.047432392835617,0.2090784013271331,0.5792683959007263
noC,2034,T,0.4,random,5027,0.0474658273160457,0.1966987550258636,0.5839470624923706
noC,2034,T,0.4,random,5028,0.0465900003910064,0.2049518525600433,0.5799192190170288
noC,2034,T,0.5,random,5026,0.0662385672330856,0.2448418140411377,0.6894410252571106
noC,2034,T,0.5,random,5027,0.0653630569577217,0.237964242696762,0.6918860673904419
noC,2034,T,0.5,random,5028,0.0641467943787574,0.2297111451625824,0.6830093264579773
noC,2034,A,0.1,random,5026,7.33145100184629e-07,0.0,0.005874506663531
noC,2034,A,0.1,random,5027,7.56741371787939e-07,0.0,0.0059850965626537
noC,2034,A,0.1,random,5028,5.746184683630418e-07,0.0,0.0058374521322548
noC,2034,A,0.2,random,5026,1.8519323248256116e-06,0.0013755158288404,0.0101774968206882
noC,2034,A,0.2,random,5027,1.996949549720739e-06,0.0013755158288404,0.0095365578308701
noC,2034,A,0.2,random,5028,1.9867582068400225e-06,0.0,0.0099707674235105
noC,2034,A,0.3,start,5026,3.577662937459536e-06,0.0,0.0128864105790853
noC,2034,A,0.3,middle,5026,3.753712690013344e-06,0.0027510316576808,0.0145625742152333
noC,2034,A,0.3,end,5026,7.051410648273304e-06,0.0,0.0156875923275947
noC,2034,A,0.3,random,5026,3.505299901007674e-06,0.0013755158288404,0.0142605686560273
noC,2034,A,0.3,random,5027,3.810653879554593e-06,0.0013755158288404,0.0138228023424744
noC,2034,A,0.3,random,5028,3.555785497155739e-06,0.0,0.0137967094779014
noC,2034,A,0.4,random,5026,5.201157364354003e-06,0.0027510316576808,0.0176611021161079
noC,2034,A,0.4,random,5027,5.430073088064091e-06,0.0013755158288404,0.0172878447920084
noC,2034,A,0.4,random,5028,5.361199328035582e-06,0.0,0.0172860939055681
noC,2034,A,0.5,random,5026,7.649613507965114e-06,0.0027510316576808,0.0210478529334068
noC,2034,A,0.5,random,5027,7.826112778275274e-06,0.0013755158288404,0.0209640394896268
noC,2034,A,0.5,random,5028,7.466584065696224e-06,0.0013755158288404,0.021229900419712
noC,2034,V,0.1,random,5026,5.10335041781218e-07,0.0013755158288404,0.0040204287506639
noC,2034,V,0.1,random,5027,4.716925445791276e-07,0.0013755158288404,0.004146218765527
noC,2034,V,0.1,random,5028,5.187284841667861e-07,0.0013755158288404,0.0041694594547152
noC,2034,V,0.2,random,5026,1.6005516272343812e-06,0.0013755158288404,0.0074562947265803
noC,2034,V,0.2,random,5027,1.5339070387199172e-06,0.0013755158288404,0.007771405391395
noC,2034,V,0.2,random,5028,1.6038817420849227e-06,0.0013755158288404,0.0078658107668161
noC,2034,V,0.3,start,5026,3.197964133505593e-06,0.0013755158288404,0.0113349389284849
noC,2034,V,0.3,middle,5026,3.2865675620996626e-06,0.0013755158288404,0.0111674321815371
noC,2034,V,0.3,end,5026,3.4570052775961813e-06,0.0013755158288404,0.0111642703413963
noC,2034,V,0.3,random,5026,3.3623032322793733e-06,0.0013755158288404,0.0108790164813399
noC,2034,V,0.3,random,5027,3.2272444059344707e-06,0.0013755158288404,0.0114512499421834
noC,2034,V,0.3,random,5028,3.315702542749932e-06,0.0027510316576808,0.0113789653405547
noC,2034,V,0.4,random,5026,5.854134087712737e-06,0.0013755158288404,0.0143460063263773
noC,2034,V,0.4,random,5027,5.675283318851143e-06,0.0013755158288404,0.0149752357974648
noC,2034,V,0.4,random,5028,5.822539151267847e-06,0.0027510316576808,0.0148613192141056
noC,2034,V,0.5,random,5026,8.708562745596282e-06,0.0027510316576808,0.017760794609785
noC,2034,V,0.5,random,5027,8.553113730158657e-06,0.0027510316576808,0.0182514786720275
noC,2034,V,0.5,random,5028,8.575723768444732e-06,0.0041265473701059,0.0180963166058063
noC,2034,TA,0.3,start,5026,0.0267192386090755,0.1526822596788406,0.4372657239437103
noC,2034,TA,0.3,middle,5026,0.0317557752132415,0.1650618910789489,0.4573781788349151
noC,2034,TA,0.3,end,5026,0.0360549166798591,0.1829435974359512,0.4927143156528473
noC,2034,TA,0.3,random,5026,0.0303543433547019,0.166437417268753,0.4548918604850769
noC,2034,TA,0.3,random,5027,0.0302503947168588,0.1705639660358429,0.4572722911834717
noC,2034,TA,0.3,random,5028,0.0305333640426397,0.1526822596788406,0.4577412605285644
noC,2034,TV,0.3,start,5026,0.026693157851696,0.1485557109117508,0.4360651671886444
noC,2034,TV,0.3,middle,5026,0.031763456761837,0.1623108685016632,0.4603444039821625
noC,2034,TV,0.3,end,5026,0.0360104404389858,0.1801925748586654,0.4939518570899963
noC,2034,TV,0.3,random,5026,0.0303418394178152,0.1650618910789489,0.455902487039566
noC,2034,TV,0.3,random,5027,0.0302374698221683,0.1650618910789489,0.4593297243118286
noC,2034,TV,0.3,random,5028,0.0304994024336338,0.1554332822561264,0.4585520923137665
noC,2034,AV,0.3,start,5026,7.94367770140525e-06,0.0027510316576808,0.0184836350381374
noC,2034,AV,0.3,middle,5026,7.964593351061922e-06,0.0013755158288404,0.020021254196763
noC,2034,AV,0.3,end,5026,1.123092351917876e-05,0.0013755158288404,0.0212770570069551
noC,2034,AV,0.3,random,5026,7.704456947976723e-06,0.0013755158288404,0.0196307264268398
noC,2034,AV,0.3,random,5027,7.878998076193966e-06,0.0013755158288404,0.0199627839028835
noC,2034,AV,0.3,random,5028,7.687874131079298e-06,0.0027510316576808,0.0193340219557285
noC,2034,TAV,0.3,start,5026,0.0265878625214099,0.1499312222003936,0.4362971484661102
noC,2034,TAV,0.3,middle,5026,0.0316745229065418,0.1623108685016632,0.4569579660892486
noC,2034,TAV,0.3,end,5026,0.0359109081327915,0.1801925748586654,0.4920761287212372
noC,2034,TAV,0.3,random,5026,0.030267322435975,0.166437417268753,0.4542804360389709
noC,2034,TAV,0.3,random,5027,0.0301450490951538,0.1691884398460388,0.4567853808403015
noC,2034,TAV,0.3,random,5028,0.0304206386208534,0.1540577709674835,0.4571506679058075
noC,2035,T,0.1,random,5026,0.0045910854823887,0.0632737278938293,0.1628454327583313
noC,2035,T,0.1,random,5027,0.005932209547609,0.0866574943065643,0.1727299988269806
noC,2035,T,0.1,random,5028,0.0056637497618794,0.0770288854837417,0.1709847897291183
noC,2035,T,0.2,random,5026,0.0110636940225958,0.1004126518964767,0.2659883499145508
noC,2035,T,0.2,random,5027,0.0108715984970331,0.1114167794585228,0.2629296779632568
noC,2035,T,0.2,random,5028,0.0112464791163802,0.1141678094863891,0.2626459002494812
noC,2035,T,0.3,start,5026,0.0148589452728629,0.1348005533218383,0.3245461881160736
noC,2035,T,0.3,middle,5026,0.0186817403882741,0.1403026133775711,0.347274899482727
noC,2035,T,0.3,end,5026,0.0201854463666677,0.1389271020889282,0.3632868230342865
noC,2035,T,0.3,random,5026,0.0172974336892366,0.1210453957319259,0.3413590490818023
noC,2035,T,0.3,random,5027,0.0179746001958847,0.1375515758991241,0.3475991785526275
noC,2035,T,0.3,random,5028,0.0175303891301155,0.143053650856018,0.3377786874771118
noC,2035,T,0.4,random,5026,0.0270864553749561,0.1746905148029327,0.4315621554851532
noC,2035,T,0.4,random,5027,0.0262264739722013,0.1746905148029327,0.4248234927654266
noC,2035,T,0.4,random,5028,0.0258743651211261,0.1966987550258636,0.4218334853649139
noC,2035,T,0.5,random,5026,0.0366246029734611,0.213204950094223,0.5068149566650391
noC,2035,T,0.5,random,5027,0.0353135801851749,0.1994497925043106,0.4878830015659332
noC,2035,T,0.5,random,5028,0.0352430641651153,0.2187070101499557,0.4948894679546356
noC,2035,A,0.1,random,5026,1.839858327912225e-06,0.0041265473701059,0.0067835208028554
noC,2035,A,0.1,random,5027,2.2225551674637245e-06,0.0027510316576808,0.0070863706059753
noC,2035,A,0.1,random,5028,1.3479585732056876e-06,0.0055020633153617,0.0071374140679836
noC,2035,A,0.2,random,5026,4.363372227089712e-06,0.0041265473701059,0.0115807894617319
noC,2035,A,0.2,random,5027,4.065226676175371e-06,0.0041265473701059,0.011795425787568
noC,2035,A,0.2,random,5028,3.620046754804207e-06,0.0055020633153617,0.0122602675110101
noC,2035,A,0.3,start,5026,6.933983513590647e-06,0.0041265473701059,0.0159829426556825
noC,2035,A,0.3,middle,5026,6.4482123889320064e-06,0.0041265473701059,0.0159162301570177
noC,2035,A,0.3,end,5026,1.505388536315877e-05,0.0068775792606174,0.0184052791446447
noC,2035,A,0.3,random,5026,8.186549166566692e-06,0.0041265473701059,0.0161984805017709
noC,2035,A,0.3,random,5027,7.540678780060261e-06,0.0027510316576808,0.0161985456943511
noC,2035,A,0.3,random,5028,7.516994628531393e-06,0.0055020633153617,0.0167825073003768
noC,2035,A,0.4,random,5026,1.1931279914279004e-05,0.0041265473701059,0.0204370934516191
noC,2035,A,0.4,random,5027,1.0972996278724167e-05,0.0041265473701059,0.0206839647144079
noC,2035,A,0.4,random,5028,1.1442886716395153e-05,0.0055020633153617,0.0208274163305759
noC,2035,A,0.5,random,5026,1.4463060324487742e-05,0.0055020633153617,0.02423214353621
noC,2035,A,0.5,random,5027,1.7989135812968016e-05,0.0041265473701059,0.02468703687191
noC,2035,A,0.5,random,5028,1.548118598293513e-05,0.0055020633153617,0.0243688430637121
noC,2035,V,0.1,random,5026,1.1723222996806726e-06,0.0013755158288404,0.0073627205565571
noC,2035,V,0.1,random,5027,9.68032168202626e-07,0.0041265473701059,0.0069132624194025
noC,2035,V,0.1,random,5028,1.1599090612435248e-06,0.0027510316576808,0.0073272162117064
noC,2035,V,0.2,random,5026,3.420343091420364e-06,0.0013755158288404,0.0136237479746341
noC,2035,V,0.2,random,5027,3.1580843824485783e-06,0.0041265473701059,0.012744297273457
noC,2035,V,0.2,random,5028,3.4427523587510223e-06,0.0041265473701059,0.01328990701586
noC,2035,V,0.3,start,5026,6.2606909523310605e-06,0.0027510316576808,0.0188448429107666
noC,2035,V,0.3,middle,5026,6.386823315551737e-06,0.0027510316576808,0.0187614727765321
noC,2035,V,0.3,end,5026,8.067428098001983e-06,0.0068775792606174,0.020127534866333
noC,2035,V,0.3,random,5026,6.941686478967313e-06,0.0027510316576808,0.0196621809154748
noC,2035,V,0.3,random,5027,6.470194421126507e-06,0.0055020633153617,0.0187609679996967
noC,2035,V,0.3,random,5028,7.029548669379437e-06,0.0041265473701059,0.0191839188337326
noC,2035,V,0.4,random,5026,1.1639527656370774e-05,0.0068775792606174,0.0253991913050413
noC,2035,V,0.4,random,5027,1.11187027869164e-05,0.0068775792606174,0.0244333203881979
noC,2035,V,0.4,random,5028,1.161571799457306e-05,0.0068775792606174,0.0251398012042045
noC,2035,V,0.5,random,5026,1.8004806406679563e-05,0.0082530947402119,0.0308169238269329
noC,2035,V,0.5,random,5027,1.7128390027210116e-05,0.0082530947402119,0.0300130601972341
noC,2035,V,0.5,random,5028,1.7695761926006526e-05,0.0082530947402119,0.0306365061551332
noC,2035,TA,0.3,start,5026,0.0148232709616422,0.1361760646104812,0.3243409693241119
noC,2035,TA,0.3,middle,5026,0.018637578934431,0.1389271020889282,0.3467150628566742
noC,2035,TA,0.3,end,5026,0.0200945399701595,0.1348005533218383,0.3641812801361084
noC,2035,TA,0.3,random,5026,0.0172400549054145,0.1196698769927024,0.340627372264862
noC,2035,TA,0.3,random,5027,0.0179138295352458,0.1348005533218383,0.3472861349582672
noC,2035,TA,0.3,random,5028,0.0174950864166021,0.1403026133775711,0.3378103375434875
noC,2035,TV,0.3,start,5026,0.0148179689422249,0.1334250271320343,0.3253405690193176
noC,2035,TV,0.3,middle,5026,0.0186418686062097,0.1375515758991241,0.3467489182949066
noC,2035,TV,0.3,end,5026,0.0201160386204719,0.1403026133775711,0.3664176762104034
noC,2035,TV,0.3,random,5026,0.0172546133399009,0.1196698769927024,0.3428809344768524
noC,2035,TV,0.3,random,5027,0.0179249085485935,0.1361760646104812,0.3492806851863861
noC,2035,TV,0.3,random,5028,0.0174547340720891,0.1389271020889282,0.3381803929805755
noC,2035,AV,0.3,start,5026,1.399737720930716e-05,0.0068775792606174,0.0263887159526348
noC,2035,AV,0.3,middle,5026,1.3160861271899194e-05,0.0041265473701059,0.0264983903616666
noC,2035,AV,0.3,end,5026,2.366211992921308e-05,0.0082530947402119,0.0288062058389186
noC,2035,AV,0.3,random,5026,1.5957226423779503e-05,0.0055020633153617,0.0274294782429933
noC,2035,AV,0.3,random,5027,1.4593641935789492e-05,0.0055020633153617,0.0267000030726194
noC,2035,AV,0.3,random,5028,1.508613786427304e-05,0.0068775792606174,0.0272207427769899
noC,2035,TAV,0.3,start,5026,0.0147821251302957,0.1348005533218383,0.3251526057720184
noC,2035,TAV,0.3,middle,5026,0.0185979418456554,0.1361760646104812,0.3462327420711517
noC,2035,TAV,0.3,end,5026,0.0200248472392559,0.1403026133775711,0.3668348789215088
noC,2035,TAV,0.3,random,5026,0.0171976592391729,0.1224209070205688,0.3419264256954193
noC,2035,TAV,0.3,random,5027,0.0178643576800823,0.1348005533218383,0.348859429359436
noC,2035,TAV,0.3,random,5028,0.0174185540527105,0.1375515758991241,0.3377514183521271
noQ,2031,T,0.1,random,5026,0.0062978151254355,0.094910591840744,0.1663486063480377
noQ,2031,T,0.1,random,5027,0.0084901740774512,0.1086657494306564,0.1778041869401931
noQ,2031,T,0.1,random,5028,0.0093627786263823,0.0962861105799675,0.1792177259922027
noQ,2031,T,0.2,random,5026,0.0143447732552886,0.1458046734333038,0.2578371465206146
noQ,2031,T,0.2,random,5027,0.0139431850984692,0.1279229670763015,0.2555980682373047
noQ,2031,T,0.2,random,5028,0.0151555761694908,0.1320495158433914,0.2506060004234314
noQ,2031,T,0.3,start,5026,0.0162489227950572,0.1403026133775711,0.2845032215118408
noQ,2031,T,0.3,middle,5026,0.0219132602214813,0.1705639660358429,0.3092757165431976
noQ,2031,T,0.3,end,5026,0.0249134227633476,0.1801925748586654,0.3427607715129852
noQ,2031,T,0.3,random,5026,0.0209540892392396,0.166437417268753,0.308176577091217
noQ,2031,T,0.3,random,5027,0.0207534432411193,0.1829435974359512,0.3246131241321563
noQ,2031,T,0.3,random,5028,0.0219429358839988,0.1623108685016632,0.3110678493976593
noQ,2031,T,0.4,random,5026,0.0305588375777006,0.2200825363397598,0.3854931890964508
noQ,2031,T,0.4,random,5027,0.0311837829649448,0.2214580476284027,0.3998792469501495
noQ,2031,T,0.4,random,5028,0.0315092466771602,0.2077028900384903,0.3937785029411316
noQ,2031,T,0.5,random,5026,0.0404586941003799,0.2448418140411377,0.4505074918270111
noQ,2031,T,0.5,random,5027,0.0399823039770126,0.2407152652740478,0.4603349268436432
noQ,2031,T,0.5,random,5028,0.0395796075463295,0.2585969865322113,0.4580825269222259
noQ,2031,A,0.1,random,5026,5.298118708196853e-07,0.0013755158288404,0.0037842183373868
noQ,2031,A,0.1,random,5027,5.814576411466987e-07,0.0,0.0042683342471718
noQ,2031,A,0.1,random,5028,5.212438054513768e-07,0.0013755158288404,0.004146909341216
noQ,2031,A,0.2,random,5026,1.3977144135424169e-06,0.0013755158288404,0.0066564255394041
noQ,2031,A,0.2,random,5027,1.5360487850557547e-06,0.0013755158288404,0.0073161143809556
noQ,2031,A,0.2,random,5028,1.4352087873703567e-06,0.0013755158288404,0.0071821515448391
noQ,2031,A,0.3,start,5026,3.0033959319553105e-06,0.0013755158288404,0.0103810001164674
noQ,2031,A,0.3,middle,5026,2.82179212263145e-06,0.0,0.0098792016506195
noQ,2031,A,0.3,end,5026,3.35201593770762e-06,0.0013755158288404,0.0098601588979363
noQ,2031,A,0.3,random,5026,2.8438969366106903e-06,0.0013755158288404,0.009583631530404
noQ,2031,A,0.3,random,5027,3.100824187640683e-06,0.0013755158288404,0.0103151220828294
noQ,2031,A,0.3,random,5028,2.8272509098314917e-06,0.0013755158288404,0.0100880935788154
noQ,2031,A,0.4,random,5026,4.708188043878181e-06,0.0013755158288404,0.0123590258881449
noQ,2031,A,0.4,random,5027,4.980632638762472e-06,0.0013755158288404,0.0129686379805207
noQ,2031,A,0.4,random,5028,4.600083684636047e-06,0.0013755158288404,0.0128224520012736
noQ,2031,A,0.5,random,5026,6.94877962814644e-06,0.0013755158288404,0.0148311993107199
noQ,2031,A,0.5,random,5027,7.196654223662336e-06,0.0013755158288404,0.0155964791774749
noQ,2031,A,0.5,random,5028,6.713717993989121e-06,0.0013755158288404,0.0153463957831263
noQ,2031,V,0.1,random,5026,9.523626545160367e-07,0.0,0.0038350850809365
noQ,2031,V,0.1,random,5027,9.095704172068508e-07,0.0,0.0036112228408455
noQ,2031,V,0.1,random,5028,9.224361861015496e-07,0.0,0.0037210180889815
noQ,2031,V,0.2,random,5026,2.846741836037836e-06,0.0027510316576808,0.0070143020711839
noQ,2031,V,0.2,random,5027,2.752269665506901e-06,0.0041265473701059,0.0067620230838656
noQ,2031,V,0.2,random,5028,2.9257876121846493e-06,0.0027510316576808,0.0069692227989435
noQ,2031,V,0.3,start,5026,6.167575065774145e-06,0.0055020633153617,0.010086378082633
noQ,2031,V,0.3,middle,5026,6.1962973632034846e-06,0.0082530947402119,0.0100393500179052
noQ,2031,V,0.3,end,5026,6.429496806958923e-06,0.0068775792606174,0.0100921802222728
noQ,2031,V,0.3,random,5026,6.269787718338193e-06,0.0055020633153617,0.0103000039234757
noQ,2031,V,0.3,random,5027,6.064352419343777e-06,0.0082530947402119,0.009961761534214
noQ,2031,V,0.3,random,5028,6.367543392116204e-06,0.0082530947402119,0.0102404961362481
noQ,2031,V,0.4,random,5026,1.0681857929739635e-05,0.0068775792606174,0.0134718082845211
noQ,2031,V,0.4,random,5027,1.0547000783844853e-05,0.0082530947402119,0.0131178963929414
noQ,2031,V,0.4,random,5028,1.0962617125187537e-05,0.0082530947402119,0.0134698115289211
noQ,2031,V,0.5,random,5026,1.588151826581452e-05,0.0068775792606174,0.0165445208549499
noQ,2031,V,0.5,random,5027,1.5818437532288954e-05,0.0082530947402119,0.0162085648626089
noQ,2031,V,0.5,random,5028,1.6125979527714662e-05,0.0082530947402119,0.0164350979030132
noQ,2031,TA,0.3,start,5026,0.0162321384996175,0.141678124666214,0.2853740155696869
noQ,2031,TA,0.3,middle,5026,0.0218413043767213,0.1678129285573959,0.3086015880107879
noQ,2031,TA,0.3,end,5026,0.0248143803328275,0.1829435974359512,0.3425371050834656
noQ,2031,TA,0.3,random,5026,0.0209030862897634,0.1650618910789489,0.3077992498874664
noQ,2031,TA,0.3,random,5027,0.020680021494627,0.1801925748586654,0.324209600687027
noQ,2031,TA,0.3,random,5028,0.0218871869146823,0.1609353572130203,0.3105264604091644
noQ,2031,TV,0.3,start,5026,0.0161378663033247,0.141678124666214,0.2840799391269684
noQ,2031,TV,0.3,middle,5026,0.0218436773866415,0.1678129285573959,0.3097985386848449
noQ,2031,TV,0.3,end,5026,0.0248101018369197,0.1801925748586654,0.3425458669662475
noQ,2031,TV,0.3,random,5026,0.0209126267582178,0.1623108685016632,0.3103090822696686
noQ,2031,TV,0.3,random,5027,0.0207070633769035,0.1815680861473083,0.3238610923290252
noQ,2031,TV,0.3,random,5028,0.0218552760779857,0.1623108685016632,0.3107376098632812
noQ,2031,AV,0.3,start,5026,9.353700988867786e-06,0.0055020633153617,0.0143163269385695
noQ,2031,AV,0.3,middle,5026,9.13519488676684e-06,0.0041265473701059,0.0136411264538764
noQ,2031,AV,0.3,end,5026,1.05386134237051e-05,0.0041265473701059,0.0137612111866474
noQ,2031,AV,0.3,random,5026,9.076813512365334e-06,0.0055020633153617,0.0135496500879526
noQ,2031,AV,0.3,random,5027,9.479525033384562e-06,0.0041265473701059,0.0142098246142268
noQ,2031,AV,0.3,random,5028,9.513719305687118e-06,0.0055020633153617,0.0142370080575346
noQ,2031,TAV,0.3,start,5026,0.0161309577524662,0.141678124666214,0.2849899530410766
noQ,2031,TAV,0.3,middle,5026,0.0217778999358415,0.1678129285573959,0.309166818857193
noQ,2031,TAV,0.3,end,5026,0.024716529995203,0.1801925748586654,0.3421791195869446
noQ,2031,TAV,0.3,random,5026,0.0208656545728445,0.1623108685016632,0.3097782433032989
noQ,2031,TAV,0.3,random,5027,0.0206389017403125,0.1801925748586654,0.3236753344535827
noQ,2031,TAV,0.3,random,5028,0.0218104496598243,0.1609353572130203,0.3104662895202636
noQ,2032,T,0.1,random,5026,0.0050436570309102,0.0674002766609191,0.1609687805175781
noQ,2032,T,0.1,random,5027,0.0070663960650563,0.0742778554558754,0.1833241283893585
noQ,2032,T,0.1,random,5028,0.0070461886934936,0.0839064642786979,0.1789155304431915
noQ,2032,T,0.2,random,5026,0.0122864441946148,0.1045392006635665,0.2528162598609924
noQ,2032,T,0.2,random,5027,0.0119885057210922,0.1031636893749237,0.2656423151493072
noQ,2032,T,0.2,random,5028,0.0124703217297792,0.1127922981977462,0.256736546754837
noQ,2032,T,0.3,start,5026,0.0150575507432222,0.1251719444990158,0.3039839565753937
noQ,2032,T,0.3,middle,5026,0.0199046302586793,0.1348005533218383,0.3403174579143524
noQ,2032,T,0.3,end,5026,0.0218414533883333,0.1265474557876587,0.3477832674980163
noQ,2032,T,0.3,random,5026,0.0182344391942024,0.1141678094863891,0.3306360244750976
noQ,2032,T,0.3,random,5027,0.0188859552145004,0.1348005533218383,0.3428482711315155
noQ,2032,T,0.3,random,5028,0.0185206849128007,0.1334250271320343,0.3216420412063598
noQ,2032,T,0.4,random,5026,0.0279285348951816,0.1595598310232162,0.4177903532981872
noQ,2032,T,0.4,random,5027,0.0286495666950941,0.1843191236257553,0.4311338663101196
noQ,2032,T,0.4,random,5028,0.0267899055033922,0.1526822596788406,0.4118715226650238
noQ,2032,T,0.5,random,5026,0.0385933257639408,0.1911966949701309,0.4919126331806183
noQ,2032,T,0.5,random,5027,0.0375464297831058,0.1884456723928451,0.4994613528251648
noQ,2032,T,0.5,random,5028,0.0367300026118755,0.1856946349143982,0.4802116751670837
noQ,2032,A,0.1,random,5026,1.7613174350117331e-06,0.0,0.0102635771036148
noQ,2032,A,0.1,random,5027,1.7101141338571324e-06,0.0,0.0103201726451516
noQ,2032,A,0.1,random,5028,1.7302864989687803e-06,0.0,0.0099991718307137
noQ,2032,A,0.2,random,5026,5.6625608522153925e-06,0.0013755158288404,0.0178928766399621
noQ,2032,A,0.2,random,5027,4.992503818357363e-06,0.0055020633153617,0.018436899408698
noQ,2032,A,0.2,random,5028,5.171111752133584e-06,0.0027510316576808,0.0179241728037595
noQ,2032,A,0.3,start,5026,1.052530569722876e-05,0.0068775792606174,0.0256173536181449
noQ,2032,A,0.3,middle,5026,1.0514129826333374e-05,0.0068775792606174,0.0254767276346683
noQ,2032,A,0.3,end,5026,1.2136652912886348e-05,0.0110041266307234,0.0272568278014659
noQ,2032,A,0.3,random,5026,1.1615047696977854e-05,0.0041265473701059,0.0256598126143217
noQ,2032,A,0.3,random,5027,1.0386333087808453e-05,0.0096286106854677,0.02621566131711
noQ,2032,A,0.3,random,5028,1.0953379387501627e-05,0.0082530947402119,0.0256762634962797
noQ,2032,A,0.4,random,5026,1.9094861272606067e-05,0.0041265473701059,0.0327245108783245
noQ,2032,A,0.4,random,5027,1.7385611499776132e-05,0.0110041266307234,0.0332101806998252
noQ,2032,A,0.4,random,5028,1.844812140916474e-05,0.0110041266307234,0.0333187542855739
noQ,2032,A,0.5,random,5026,2.7985426640952937e-05,0.0096286106854677,0.0391472466289997
noQ,2032,A,0.5,random,5027,2.6253821488353424e-05,0.0137551585212349,0.0397911183536052
noQ,2032,A,0.5,random,5028,2.7712761948350817e-05,0.0137551585212349,0.0401232726871967
noQ,2032,V,0.1,random,5026,4.46029525846825e-06,0.0013755158288404,0.0106156449764966
noQ,2032,V,0.1,random,5027,4.344502485764679e-06,0.0013755158288404,0.0104062929749488
noQ,2032,V,0.1,random,5028,4.436655672179768e-06,0.0013755158288404,0.010219132527709
noQ,2032,V,0.2,random,5026,1.4310871847555973e-05,0.0055020633153617,0.0197620373219251
noQ,2032,V,0.2,random,5027,1.393280126649188e-05,0.0041265473701059,0.0195056200027465
noQ,2032,V,0.2,random,5028,1.4333345461636782e-05,0.0055020633153617,0.0188778638839721
noQ,2032,V,0.3,start,5026,3.01369382214034e-05,0.0082530947402119,0.0282980725169181
noQ,2032,V,0.3,middle,5026,2.958929871965665e-05,0.0123796425759792,0.027718124911189
noQ,2032,V,0.3,end,5026,3.0267379770521075e-05,0.0096286106854677,0.0282084196805953
noQ,2032,V,0.3,random,5026,3.04636105283862e-05,0.0096286106854677,0.0289713554084301
noQ,2032,V,0.3,random,5027,2.9425398679450158e-05,0.0082530947402119,0.0282115377485752
noQ,2032,V,0.3,random,5028,3.016470873262733e-05,0.0110041266307234,0.0276020634919405
noQ,2032,V,0.4,random,5026,5.313573274179362e-05,0.0123796425759792,0.0377161502838134
noQ,2032,V,0.4,random,5027,5.163233799976297e-05,0.0110041266307234,0.0367779172956943
noQ,2032,V,0.4,random,5028,5.268302629701793e-05,0.0110041266307234,0.0364218726754188
noQ,2032,V,0.5,random,5026,7.933154847705737e-05,0.0137551585212349,0.0456355474889278
noQ,2032,V,0.5,random,5027,7.773070683469996e-05,0.0123796425759792,0.0449026562273502
noQ,2032,V,0.5,random,5028,7.9191624536179e-05,0.0151306744664907,0.0444900020956993
noQ,2032,TA,0.3,start,5026,0.0150234466418623,0.1292984932661056,0.3068020641803741
noQ,2032,TA,0.3,middle,5026,0.0198579579591751,0.1361760646104812,0.3389913737773895
noQ,2032,TA,0.3,end,5026,0.0217399131506681,0.1292984932661056,0.3459956645965576
noQ,2032,TA,0.3,random,5026,0.0181796513497829,0.118294358253479,0.3274821937084198
noQ,2032,TA,0.3,random,5027,0.0188194941729307,0.1361760646104812,0.3414561152458191
noQ,2032,TA,0.3,random,5028,0.0184966195374727,0.1348005533218383,0.3190629482269287
noQ,2032,TV,0.3,start,5026,0.0148097435012459,0.118294358253479,0.2997797429561615
noQ,2032,TV,0.3,middle,5026,0.0197332557290792,0.1348005533218383,0.3359009623527527
noQ,2032,TV,0.3,end,5026,0.021618478000164,0.1251719444990158,0.3464370667934418
noQ,2032,TV,0.3,random,5026,0.0180512405931949,0.1196698769927024,0.3304905295372009
noQ,2032,TV,0.3,random,5027,0.0187018290162086,0.1348005533218383,0.3372997343540191
noQ,2032,TV,0.3,random,5028,0.0183448512107133,0.1361760646104812,0.3182730972766876
noQ,2032,AV,0.3,start,5026,5.092866922495887e-05,0.0123796425759792,0.0397462546825408
noQ,2032,AV,0.3,middle,5026,5.206653804634698e-05,0.0110041266307234,0.0410129316151142
noQ,2032,AV,0.3,end,5026,5.376496847020462e-05,0.0110041266307234,0.0431583188474178
noQ,2032,AV,0.3,random,5026,5.412142854765989e-05,0.0068775792606174,0.0415576212108135
noQ,2032,AV,0.3,random,5027,5.16799591423478e-05,0.0123796425759792,0.042261004447937
noQ,2032,AV,0.3,random,5028,5.251882612355985e-05,0.0110041266307234,0.0416990853846073
noQ,2032,TAV,0.3,start,5026,0.0147760240361094,0.1237964257597923,0.303082138299942
noQ,2032,TAV,0.3,middle,5026,0.0196877885609865,0.1361760646104812,0.3356823623180389
noQ,2032,TAV,0.3,end,5026,0.0215186588466167,0.1348005533218383,0.3458607196807861
noQ,2032,TAV,0.3,random,5026,0.0179909449070692,0.1210453957319259,0.3281819224357605
noQ,2032,TAV,0.3,random,5027,0.0186384674161672,0.1375515758991241,0.3370851278305053
noQ,2032,TAV,0.3,random,5028,0.018330343067646,0.1375515758991241,0.3162488639354706
noQ,2033,T,0.1,random,5026,0.0050184349529445,0.0839064642786979,0.1556031256914138
noQ,2033,T,0.1,random,5027,0.0071465885266661,0.1045392006635665,0.1683417558670044
noQ,2033,T,0.1,random,5028,0.0077465153299272,0.1251719444990158,0.1697186380624771
noQ,2033,T,0.2,random,5026,0.0118983779102563,0.1224209070205688,0.241322323679924
noQ,2033,T,0.2,random,5027,0.0120335752144455,0.1292984932661056,0.2406680583953857
noQ,2033,T,0.2,random,5028,0.0123577499762177,0.1581843197345733,0.2393546551465988
noQ,2033,T,0.3,start,5026,0.0132941976189613,0.1237964257597923,0.2694434821605682
noQ,2033,T,0.3,middle,5026,0.0188453514128923,0.1623108685016632,0.3031233251094818
noQ,2033,T,0.3,end,5026,0.0203667636960744,0.1774415373802185,0.3299807608127594
noQ,2033,T,0.3,random,5026,0.017722638323903,0.1554332822561264,0.2990306615829468
noQ,2033,T,0.3,random,5027,0.0179612338542938,0.1623108685016632,0.3070292472839355
noQ,2033,T,0.3,random,5028,0.0179368201643228,0.1911966949701309,0.2959039211273193
noQ,2033,T,0.4,random,5026,0.0264052506536245,0.2035763412714004,0.3713665902614593
noQ,2033,T,0.4,random,5027,0.026951253414154,0.1980742812156677,0.3821463286876678
noQ,2033,T,0.4,random,5028,0.0258261635899543,0.2145804613828659,0.3757394850254059
noQ,2033,T,0.5,random,5026,0.035544466227293,0.2200825363397598,0.4378392696380615
noQ,2033,T,0.5,random,5027,0.0342300571501255,0.2145804613828659,0.4340099990367889
noQ,2033,T,0.5,random,5028,0.0333250164985656,0.2283356189727783,0.430779367685318
noQ,2033,A,0.1,random,5026,4.835856543650152e-06,0.0055020633153617,0.0104490043595433
noQ,2033,A,0.1,random,5027,4.584572707244661e-06,0.0068775792606174,0.0101071652024984
noQ,2033,A,0.1,random,5028,4.590957360051107e-06,0.0068775792606174,0.0102761974558234
noQ,2033,A,0.2,random,5026,1.3967372979095671e-05,0.0082530947402119,0.0189416017383337
noQ,2033,A,0.2,random,5027,1.3443984244077e-05,0.0096286106854677,0.0181787647306919
noQ,2033,A,0.2,random,5028,1.3833411685482131e-05,0.0096286106854677,0.0186896584928035
noQ,2033,A,0.3,start,5026,3.074870619457215e-05,0.0123796425759792,0.0270756185054779
noQ,2033,A,0.3,middle,5026,2.747624967014417e-05,0.0137551585212349,0.02616130374372
noQ,2033,A,0.3,end,5026,3.0817987862974405e-05,0.0123796425759792,0.0283891838043928
noQ,2033,A,0.3,random,5026,2.96389807772357e-05,0.0123796425759792,0.027022024616599
noQ,2033,A,0.3,random,5027,2.8793119781767015e-05,0.0137551585212349,0.0261013265699148
noQ,2033,A,0.3,random,5028,2.9139608159312047e-05,0.0151306744664907,0.0265489779412746
noQ,2033,A,0.4,random,5026,4.943010208080523e-05,0.0178817063570022,0.0346454121172428
noQ,2033,A,0.4,random,5027,4.845629518968053e-05,0.0151306744664907,0.0335528403520584
noQ,2033,A,0.4,random,5028,4.867776806349866e-05,0.0178817063570022,0.033912856131792
noQ,2033,A,0.5,random,5026,7.420151814585552e-05,0.0192572213709354,0.041115153580904
noQ,2033,A,0.5,random,5027,7.33632841729559e-05,0.0206327363848686,0.0405221953988075
noQ,2033,A,0.5,random,5028,7.322541932808235e-05,0.0206327363848686,0.0407369621098041
noQ,2033,V,0.1,random,5026,5.404033345257631e-06,0.0013755158288404,0.0097337495535612
noQ,2033,V,0.1,random,5027,5.15287820235244e-06,0.0013755158288404,0.0098596820607781
noQ,2033,V,0.1,random,5028,5.312494522513589e-06,0.0027510316576808,0.0097337570041418
noQ,2033,V,0.2,random,5026,1.8436961909173988e-05,0.0096286106854677,0.0183070227503776
noQ,2033,V,0.2,random,5027,1.7944907085620798e-05,0.0055020633153617,0.0184332244098186
noQ,2033,V,0.2,random,5028,1.87317327799974e-05,0.0082530947402119,0.0181696508079767
noQ,2033,V,0.3,start,5026,3.8403737562475726e-05,0.0110041266307234,0.026341525837779
noQ,2033,V,0.3,middle,5026,3.875701440847479e-05,0.0110041266307234,0.0266862288117408
noQ,2033,V,0.3,end,5026,3.8161651900736615e-05,0.0096286106854677,0.0266901981085538
noQ,2033,V,0.3,random,5026,3.8733476685592905e-05,0.0123796425759792,0.0266686305403709
noQ,2033,V,0.3,random,5027,3.7659963709302247e-05,0.0096286106854677,0.0270176567137241
noQ,2033,V,0.3,random,5028,3.8954673073021695e-05,0.0110041266307234,0.0265714228153228
noQ,2033,V,0.4,random,5026,6.750877946615219e-05,0.0123796425759792,0.0348662734031677
noQ,2033,V,0.4,random,5027,6.609840056626126e-05,0.0123796425759792,0.0353790111839771
noQ,2033,V,0.4,random,5028,6.782693526474759e-05,0.0137551585212349,0.0348311737179756
noQ,2033,V,0.5,random,5026,9.730445890454575e-05,0.0165061894804239,0.042857427150011
noQ,2033,V,0.5,random,5027,9.602343197911978e-05,0.0137551585212349,0.0433927811682224
noQ,2033,V,0.5,random,5028,9.725044947117568e-05,0.0151306744664907,0.0428574532270431
noQ,2033,TA,0.3,start,5026,0.0132253533229231,0.118294358253479,0.2716205716133117
noQ,2033,TA,0.3,middle,5026,0.0187687762081623,0.1623108685016632,0.3044429421424866
noQ,2033,TA,0.3,end,5026,0.0203744508326053,0.1788170635700225,0.3348594903945923
noQ,2033,TA,0.3,random,5026,0.0176541116088628,0.1540577709674835,0.3005695044994354
noQ,2033,TA,0.3,random,5027,0.0179208237677812,0.1636863797903061,0.3085963726043701
noQ,2033,TA,0.3,random,5028,0.0178795233368873,0.192572221159935,0.2977345585823059
noQ,2033,TV,0.3,start,5026,0.0131603963673114,0.118294358253479,0.2652352452278137
noQ,2033,TV,0.3,middle,5026,0.0187989976257085,0.1636863797903061,0.3004336357116699
noQ,2033,TV,0.3,end,5026,0.0203116852790117,0.1815680861473083,0.3282433152198791
noQ,2033,TV,0.3,random,5026,0.0176478289067745,0.1513067334890365,0.2975398898124695
noQ,2033,TV,0.3,random,5027,0.0179330967366695,0.1678129285573959,0.3069165647029876
noQ,2033,TV,0.3,random,5028,0.0178943071514368,0.189821183681488,0.2939789295196533
noQ,2033,AV,0.3,start,5026,8.284326031571254e-05,0.0261348001658916,0.0292583927512168
noQ,2033,AV,0.3,middle,5026,7.786499190842733e-05,0.0247592851519584,0.0304933544248342
noQ,2033,AV,0.3,end,5026,8.226509089581668e-05,0.0206327363848686,0.0323656126856803
noQ,2033,AV,0.3,random,5026,8.10821438790299e-05,0.0220082532614469,0.0305500235408544
noQ,2033,AV,0.3,random,5027,7.861729682190344e-05,0.0220082532614469,0.0308593269437551
noQ,2033,AV,0.3,random,5028,8.06296884547919e-05,0.0220082532614469,0.0311975497752428
noQ,2033,TAV,0.3,start,5026,0.0131099885329604,0.1251719444990158,0.2669183015823364
noQ,2033,TAV,0.3,middle,5026,0.0187459420412778,0.1636863797903061,0.3012076020240783
noQ,2033,TAV,0.3,end,5026,0.0203455109149217,0.1801925748586654,0.3316695690155029
noQ,2033,TAV,0.3,random,5026,0.0175912529230117,0.1499312222003936,0.2979220151901245
noQ,2033,TAV,0.3,random,5027,0.0179109405726194,0.1733149886131286,0.3080308735370636
noQ,2033,TAV,0.3,random,5028,0.0178524833172559,0.1939477324485778,0.2942723929882049
noQ,2034,T,0.1,random,5026,0.004917524755001,0.0770288854837417,0.1491743326187133
noQ,2034,T,0.1,random,5027,0.0066938740201294,0.0811554342508316,0.165126770734787
noQ,2034,T,0.1,random,5028,0.0066178175620734,0.0976616218686103,0.1585936546325683
noQ,2034,T,0.2,random,5026,0.0118883280083537,0.1279229670763015,0.2239957749843597
noQ,2034,T,0.2,random,5027,0.011334647424519,0.1279229670763015,0.22885362803936
noQ,2034,T,0.2,random,5028,0.0117536857724189,0.1389271020889282,0.2240996211767196
noQ,2034,T,0.3,start,5026,0.0143160494044423,0.1444291621446609,0.2481246143579483
noQ,2034,T,0.3,middle,5026,0.018422307446599,0.1458046734333038,0.2746482193470001
noQ,2034,T,0.3,end,5026,0.0199716165661811,0.1691884398460388,0.2918890714645386
noQ,2034,T,0.3,random,5026,0.0172295924276113,0.1458046734333038,0.2739710509777069
noQ,2034,T,0.3,random,5027,0.0174450259655714,0.1554332822561264,0.2752984464168548
noQ,2034,T,0.3,random,5028,0.0172840598970651,0.1650618910789489,0.2750751376152038
noQ,2034,T,0.4,random,5026,0.0252594053745269,0.1884456723928451,0.3315521478652954
noQ,2034,T,0.4,random,5027,0.0257426034659147,0.1953232437372207,0.3398258686065674
noQ,2034,T,0.4,random,5028,0.0244489591568708,0.1911966949701309,0.3311130404472351
noQ,2034,T,0.5,random,5026,0.0348411463201046,0.2283356189727783,0.3888313472270965
noQ,2034,T,0.5,random,5027,0.033807598054409,0.2297111451625824,0.3872460424900055
noQ,2034,T,0.5,random,5028,0.0324539020657539,0.2214580476284027,0.3800387978553772
noQ,2034,A,0.1,random,5026,1.6879303075256755e-06,0.0,0.0099002113565802
noQ,2034,A,0.1,random,5027,2.1563839709415333e-06,0.0,0.009832926094532
noQ,2034,A,0.1,random,5028,1.5327472056014813e-06,0.0,0.00973457749933
noQ,2034,A,0.2,random,5026,4.696571522799786e-06,0.0,0.0172489117830991
noQ,2034,A,0.2,random,5027,5.508874892257154e-06,0.0,0.0169393699616193
noQ,2034,A,0.2,random,5028,5.066763151262421e-06,0.0,0.0170600265264511
noQ,2034,A,0.3,start,5026,1.0088162525789812e-05,0.0,0.0235855411738157
noQ,2034,A,0.3,middle,5026,9.991244951379484e-06,0.0027510316576808,0.0259955264627933
noQ,2034,A,0.3,end,5026,1.4969532458053436e-05,0.0013755158288404,0.0257520973682403
noQ,2034,A,0.3,random,5026,9.527302609058095e-06,0.0013755158288404,0.0251490008085966
noQ,2034,A,0.3,random,5027,1.0550103070272598e-05,0.0,0.0243905968964099
noQ,2034,A,0.3,random,5028,9.862308615993244e-06,0.0013755158288404,0.0246492847800254
noQ,2034,A,0.4,random,5026,1.5230642020469531e-05,0.0013755158288404,0.0324518829584121
noQ,2034,A,0.4,random,5027,1.615667133592069e-05,0.0013755158288404,0.0313365422189235
noQ,2034,A,0.4,random,5028,1.5721199815743603e-05,0.0013755158288404,0.031752660870552
noQ,2034,A,0.5,random,5026,2.2839289158582687e-05,0.0013755158288404,0.0392565578222274
noQ,2034,A,0.5,random,5027,2.4938983187894337e-05,0.0027510316576808,0.0386202633380889
noQ,2034,A,0.5,random,5028,2.3103035346139222e-05,0.0013755158288404,0.0390705578029155
noQ,2034,V,0.1,random,5026,1.4791005469305674e-06,0.0,0.0066941431723535
noQ,2034,V,0.1,random,5027,1.4055840438231826e-06,0.0,0.0069937468506395
noQ,2034,V,0.1,random,5028,1.4533339935951517e-06,0.0013755158288404,0.0070489342324435
noQ,2034,V,0.2,random,5026,4.473937224247493e-06,0.0041265473701059,0.0125058498233556
noQ,2034,V,0.2,random,5027,4.254567556927213e-06,0.0041265473701059,0.0130209578201174
noQ,2034,V,0.2,random,5028,4.395363248477224e-06,0.0055020633153617,0.0132109448313713
noQ,2034,V,0.3,start,5026,8.889328455552459e-06,0.0068775792606174,0.0183906853199005
noQ,2034,V,0.3,middle,5026,9.20694674277911e-06,0.0055020633153617,0.0188691224902868
noQ,2034,V,0.3,end,5026,9.517452781437896e-06,0.0055020633153617,0.018636604771018
noQ,2034,V,0.3,random,5026,9.411421160621105e-06,0.0055020633153617,0.018263291567564
noQ,2034,V,0.3,random,5027,9.063463039638007e-06,0.0041265473701059,0.0190604198724031
noQ,2034,V,0.3,random,5028,9.240390681952704e-06,0.0055020633153617,0.0191769953817129
noQ,2034,V,0.4,random,5026,1.6057834727689624e-05,0.0068775792606174,0.0241070743650198
noQ,2034,V,0.4,random,5027,1.5650806744815782e-05,0.0055020633153617,0.0249981917440891
noQ,2034,V,0.4,random,5028,1.589542080182582e-05,0.0082530947402119,0.0250499546527862
noQ,2034,V,0.5,random,5026,2.3860358851379715e-05,0.0096286106854677,0.0297942366451025
noQ,2034,V,0.5,random,5027,2.3397851691697724e-05,0.0082530947402119,0.0304721090942621
noQ,2034,V,0.5,random,5028,2.363619569223374e-05,0.0096286106854677,0.0305675100535154
noQ,2034,TA,0.3,start,5026,0.0141604477539658,0.1375515758991241,0.2464233785867691
noQ,2034,TA,0.3,middle,5026,0.0183097440749406,0.1458046734333038,0.2706770598888397
noQ,2034,TA,0.3,end,5026,0.0198015682399272,0.1650618910789489,0.2908901274204254
noQ,2034,TA,0.3,random,5026,0.0170989520847797,0.1471801996231079,0.272149920463562
noQ,2034,TA,0.3,random,5027,0.0172838363796472,0.1568088084459304,0.2704056799411773
noQ,2034,TA,0.3,random,5028,0.0171825606375932,0.1623108685016632,0.2740047574043274
noQ,2034,TV,0.3,start,5026,0.0143172740936279,0.143053650856018,0.2514901459217071
noQ,2034,TV,0.3,middle,5026,0.0184782184660434,0.1485557109117508,0.2787742614746094
noQ,2034,TV,0.3,end,5026,0.0199606493115425,0.1719394773244857,0.2960242927074432
noQ,2034,TV,0.3,random,5026,0.0172766298055648,0.1471801996231079,0.2786598801612854
noQ,2034,TV,0.3,random,5027,0.0174775421619415,0.1568088084459304,0.2795272171497345
noQ,2034,TV,0.3,random,5028,0.0173199586570262,0.166437417268753,0.2791312038898468
noQ,2034,AV,0.3,start,5026,1.854619222285692e-05,0.0068775792606174,0.0229849014431238
noQ,2034,AV,0.3,middle,5026,1.8456670659361407e-05,0.0068775792606174,0.0245116632431745
noQ,2034,AV,0.3,end,5026,2.442393270030152e-05,0.0041265473701059,0.026141932234168
noQ,2034,AV,0.3,random,5026,1.8574268324300647e-05,0.0055020633153617,0.0239221286028623
noQ,2034,AV,0.3,random,5027,1.910433275043033e-05,0.0041265473701059,0.0245230142027139
noQ,2034,AV,0.3,random,5028,1.833779242588207e-05,0.0041265473701059,0.0240154732018709
noQ,2034,TAV,0.3,start,5026,0.0141651257872581,0.1485557109117508,0.248985469341278
noQ,2034,TAV,0.3,middle,5026,0.0183700695633888,0.1485557109117508,0.2737159729003906
noQ,2034,TAV,0.3,end,5026,0.019793776795268,0.1705639660358429,0.2943169474601745
noQ,2034,TAV,0.3,random,5026,0.017150055617094,0.1485557109117508,0.275496631860733
noQ,2034,TAV,0.3,random,5027,0.0173168778419494,0.1554332822561264,0.2735567092895508
noQ,2034,TAV,0.3,random,5028,0.0172222256660461,0.1636863797903061,0.2771410346031189
noQ,2035,T,0.1,random,5026,0.0070128105580806,0.0770288854837417,0.1621152311563491
noQ,2035,T,0.1,random,5027,0.0098217111080884,0.0962861105799675,0.1710510402917862
noQ,2035,T,0.1,random,5028,0.0103602902963757,0.0866574943065643,0.1758037507534027
noQ,2035,T,0.2,random,5026,0.0157864298671484,0.1169188469648361,0.2489366233348846
noQ,2035,T,0.2,random,5027,0.0157454870641231,0.1292984932661056,0.2444645017385482
noQ,2035,T,0.2,random,5028,0.0170131437480449,0.1155433282256126,0.2495955526828766
noQ,2035,T,0.3,start,5026,0.0192092806100845,0.1348005533218383,0.3016573488712311
noQ,2035,T,0.3,middle,5026,0.0241277422755956,0.1568088084459304,0.2998925447463989
noQ,2035,T,0.3,end,5026,0.028343629091978,0.1636863797903061,0.3317825496196747
noQ,2035,T,0.3,random,5026,0.0231955610215663,0.141678124666214,0.3117053806781769
noQ,2035,T,0.3,random,5027,0.0236451756209135,0.1595598310232162,0.3107966780662536
noQ,2035,T,0.3,random,5028,0.0238722711801528,0.1513067334890365,0.3071341812610626
noQ,2035,T,0.4,random,5026,0.0345950424671173,0.1980742812156677,0.3839048743247986
noQ,2035,T,0.4,random,5027,0.034251470118761,0.2008253037929535,0.3844658136367798
noQ,2035,T,0.4,random,5028,0.0340816378593444,0.1815680861473083,0.3848918378353119
noQ,2035,T,0.5,random,5026,0.0452669449150562,0.2118294388055801,0.4501152336597442
noQ,2035,T,0.5,random,5027,0.0452367886900901,0.2187070101499557,0.4486887454986572
noQ,2035,T,0.5,random,5028,0.0446488857269287,0.2077028900384903,0.4501760900020599
noQ,2035,A,0.1,random,5026,1.7158109812953626e-06,0.0013755158288404,0.0054740062914788
noQ,2035,A,0.1,random,5027,2.4855312403815333e-06,0.0013755158288404,0.0056731840595602
noQ,2035,A,0.1,random,5028,1.6212478612942505e-06,0.0013755158288404,0.0055768471211194
noQ,2035,A,0.2,random,5026,3.945975095120957e-06,0.0013755158288404,0.0097686247900128
noQ,2035,A,0.2,random,5027,4.616072146745864e-06,0.0013755158288404,0.0097704082727432
noQ,2035,A,0.2,random,5028,4.423192876856774e-06,0.0013755158288404,0.0099073890596628
noQ,2035,A,0.3,start,5026,7.491814812965458e-06,0.0013755158288404,0.0136362258344888
noQ,2035,A,0.3,middle,5026,7.406076747429324e-06,0.0013755158288404,0.0136400768533349
noQ,2035,A,0.3,end,5026,1.5771560356370173e-05,0.0013755158288404,0.0154118258506059
noQ,2035,A,0.3,random,5026,8.041572982619982e-06,0.0013755158288404,0.0139362290501594
noQ,2035,A,0.3,random,5027,8.628096111351624e-06,0.0013755158288404,0.0138182742521166
noQ,2035,A,0.3,random,5028,8.954703844210599e-06,0.0013755158288404,0.0139235509559512
noQ,2035,A,0.4,random,5026,1.2575103937706444e-05,0.0027510316576808,0.0178660508245229
noQ,2035,A,0.4,random,5027,1.329305177932838e-05,0.0013755158288404,0.0176301877945661
noQ,2035,A,0.4,random,5028,1.3976414265925996e-05,0.0013755158288404,0.0178060941398143
noQ,2035,A,0.5,random,5026,1.7243919501197524e-05,0.0027510316576808,0.0212070308625698
noQ,2035,A,0.5,random,5027,2.1381050828495063e-05,0.0013755158288404,0.0212798304855823
noQ,2035,A,0.5,random,5028,1.9370128939044665e-05,0.0027510316576808,0.0212714448571205
noQ,2035,V,0.1,random,5026,2.2376420929504093e-06,0.0,0.005639309529215
noQ,2035,V,0.1,random,5027,2.029878487519454e-06,0.0,0.0054655456915497
noQ,2035,V,0.1,random,5028,2.2793492462369613e-06,0.0,0.0056932652369141
noQ,2035,V,0.2,random,5026,6.642923381150467e-06,0.0,0.010342102497816
noQ,2035,V,0.2,random,5027,6.227301128092222e-06,0.0,0.0101338801905512
noQ,2035,V,0.2,random,5028,6.69619385007536e-06,0.0,0.0103699676692485
noQ,2035,V,0.3,start,5026,1.292257002205588e-05,0.0027510316576808,0.0150415319949388
noQ,2035,V,0.3,middle,5026,1.3327554370334838e-05,0.0013755158288404,0.014697641134262
noQ,2035,V,0.3,end,5026,1.4751663002243731e-05,0.0,0.0156423654407262
noQ,2035,V,0.3,random,5026,1.3980861695017666e-05,0.0013755158288404,0.0150623964145779
noQ,2035,V,0.3,random,5027,1.3333313290786464e-05,0.0,0.0148942535743117
noQ,2035,V,0.3,random,5028,1.398620952386409e-05,0.0013755158288404,0.0151401991024613
noQ,2035,V,0.4,random,5026,2.379978650424164e-05,0.0013755158288404,0.0194532517343759
noQ,2035,V,0.4,random,5027,2.284031870658509e-05,0.0013755158288404,0.0193522311747074
noQ,2035,V,0.4,random,5028,2.3718821466900408e-05,0.0013755158288404,0.0197332799434661
noQ,2035,V,0.5,random,5026,3.58193829015363e-05,0.0027510316576808,0.0236270651221275
noQ,2035,V,0.5,random,5027,3.458861101535149e-05,0.0041265473701059,0.0235041473060846
noQ,2035,V,0.5,random,5028,3.558252865332179e-05,0.0055020633153617,0.0239156857132911
noQ,2035,TA,0.3,start,5026,0.0191106647253036,0.1348005533218383,0.3014361262321472
noQ,2035,TA,0.3,middle,5026,0.0240172557532787,0.1595598310232162,0.2978650331497192
noQ,2035,TA,0.3,end,5026,0.0281455554068088,0.166437417268753,0.3306049406528473
noQ,2035,TA,0.3,random,5026,0.0230982098728418,0.1444291621446609,0.3112393319606781
noQ,2035,TA,0.3,random,5027,0.0235155913978815,0.1568088084459304,0.3096784353256225
noQ,2035,TA,0.3,random,5028,0.0237910542637109,0.1513067334890365,0.306329995393753
noQ,2035,TV,0.3,start,5026,0.018945638090372,0.1334250271320343,0.2983223795890808
noQ,2035,TV,0.3,middle,5026,0.0239411257207393,0.1595598310232162,0.2971200346946716
noQ,2035,TV,0.3,end,5026,0.0280869156122207,0.166437417268753,0.3301104307174682
noQ,2035,TV,0.3,random,5026,0.0229797288775444,0.1458046734333038,0.310464859008789
noQ,2035,TV,0.3,random,5027,0.0234518852084875,0.1581843197345733,0.3096155524253845
noQ,2035,TV,0.3,random,5028,0.023688094690442,0.1513067334890365,0.3039650619029999
noQ,2035,AV,0.3,start,5026,3.110386023763567e-05,0.0027510316576808,0.0203760880976915
noQ,2035,AV,0.3,middle,5026,3.1198687793221325e-05,0.0013755158288404,0.0203718841075897
noQ,2035,AV,0.3,end,5026,4.2823270632652566e-05,0.0027510316576808,0.0222309455275535
noQ,2035,AV,0.3,random,5026,3.30908915202599e-05,0.0027510316576808,0.0208860747516155
noQ,2035,AV,0.3,random,5027,3.299396485090256e-05,0.0027510316576808,0.0210154298692941
noQ,2035,AV,0.3,random,5028,3.42980601999443e-05,0.0041265473701059,0.0205350033938884
noQ,2035,TAV,0.3,start,5026,0.0188622567802667,0.1334250271320343,0.2984178364276886
noQ,2035,TAV,0.3,middle,5026,0.0238418523222208,0.1568088084459304,0.2952688038349151
noQ,2035,TAV,0.3,end,5026,0.02790367603302,0.1705639660358429,0.3290285766124725
noQ,2035,TAV,0.3,random,5026,0.0228920634835958,0.1444291621446609,0.3102532923221588
noQ,2035,TAV,0.3,random,5027,0.0233341809362173,0.1595598310232162,0.3082462251186371
noQ,2035,TAV,0.3,random,5028,0.0236225724220275,0.1499312222003936,0.3029013276100158
