variant,seed,modalities,rate,position,mask_seed,target_modality,kind,cosine_distance,target_norm,estimate_norm,slots,source_folder
B0,2027,T,0.1,random,5026,T,reconstructed,0.3250841796398163,14.48427677154541,9.281335830688477,1711,problem2_retrain_v2/results/aligned/ablations/f1_gate_component_ablation_five_seeds
B0,2027,T,0.1,random,5026,T,observed_mean,0.064645878970623,14.48427677154541,14.095643043518066,1711,problem2_retrain_v2/results/aligned/ablations/f1_gate_component_ablation_five_seeds
B0,2027,T,0.1,random,5027,T,reconstructed,0.328898549079895,14.45015811920166,9.273494720458984,1711,problem2_retrain_v2/results/aligned/ablations/f1_gate_component_ablation_five_seeds
B0,2027,T,0.1,random,5027,T,observed_mean,0.0704076364636421,14.45015811920166,14.047590255737305,1711,problem2_retrain_v2/results/aligned/ablations/f1_gate_component_ablation_five_seeds
B0,2027,T,0.1,random,5028,T,reconstructed,0.3301341235637665,14.48571491241455,9.277606010437012,1711,problem2_retrain_v2/results/aligned/ablations/f1_gate_component_ablation_five_seeds
B0,2027,T,0.1,random,5028,T,observed_mean,0.0738235563039779,14.48571491241455,14.006428718566896,1711,problem2_retrain_v2/results/aligned/ablations/f1_gate_component_ablation_five_seeds
B0,2027,T,0.2,random,5026,T,reconstructed,0.3339207172393799,14.454376220703123,9.244462013244627,3400,problem2_retrain_v2/results/aligned/ablations/f1_gate_component_ablation_five_seeds
B0,2027,T,0.2,random,5026,T,observed_mean,0.0844810009002685,14.454376220703123,14.066737174987791,3400,problem2_retrain_v2/results/aligned/ablations/f1_gate_component_ablation_five_seeds
B0,2027,T,0.2,random,5027,T,reconstructed,0.3356650173664093,14.41460132598877,9.248692512512209,3400,problem2_retrain_v2/results/aligned/ablations/f1_gate_component_ablation_five_seeds
B0,2027,T,0.2,random,5027,T,observed_mean,0.085164837539196,14.41460132598877,14.014451026916504,3400,problem2_retrain_v2/results/aligned/ablations/f1_gate_component_ablation_five_seeds
B0,2027,T,0.2,random,5028,T,reconstructed,0.3359450101852417,14.45207405090332,9.262104034423828,3400,problem2_retrain_v2/results/aligned/ablations/f1_gate_component_ablation_five_seeds
B0,2027,T,0.2,random,5028,T,observed_mean,0.089360810816288,14.45207405090332,14.040966987609863,3400,problem2_retrain_v2/results/aligned/ablations/f1_gate_component_ablation_five_seeds
B0,2027,T,0.3,start,5026,T,reconstructed,0.3473964631557464,14.639371871948242,9.173432350158691,5039,problem2_retrain_v2/results/aligned/ablations/f1_gate_component_ablation_five_seeds
B0,2027,T,0.3,start,5026,T,observed_mean,0.0974646583199501,14.639371871948242,13.848284721374512,5039,problem2_retrain_v2/results/aligned/ablations/f1_gate_component_ablation_five_seeds
B0,2027,T,0.3,middle,5026,T,reconstructed,0.3411977887153625,14.37207317352295,9.171481132507324,5039,problem2_retrain_v2/results/aligned/ablations/f1_gate_component_ablation_five_seeds
B0,2027,T,0.3,middle,5026,T,observed_mean,0.0962464436888694,14.37207317352295,13.96851634979248,5039,problem2_retrain_v2/results/aligned/ablations/f1_gate_component_ablation_five_seeds
B0,2027,T,0.3,end,5026,T,reconstructed,0.3531640172004699,14.544218063354492,9.132944107055664,5039,problem2_retrain_v2/results/aligned/ablations/f1_gate_component_ablation_five_seeds
B0,2027,T,0.3,end,5026,T,observed_mean,0.1185289546847343,14.544218063354492,13.35396671295166,5039,problem2_retrain_v2/results/aligned/ablations/f1_gate_component_ablation_five_seeds
B0,2027,T,0.3,random,5026,T,reconstructed,0.3420641124248504,14.452547073364258,9.155689239501951,5039,problem2_retrain_v2/results/aligned/ablations/f1_gate_component_ablation_five_seeds
B0,2027,T,0.3,random,5026,T,observed_mean,0.1011563166975975,14.452547073364258,13.981877326965332,5039,problem2_retrain_v2/results/aligned/ablations/f1_gate_component_ablation_five_seeds
B0,2027,T,0.3,random,5027,T,reconstructed,0.3467002809047699,14.405747413635254,9.18034553527832,5039,problem2_retrain_v2/results/aligned/ablations/f1_gate_component_ablation_five_seeds
B0,2027,T,0.3,random,5027,T,observed_mean,0.102046750485897,14.405747413635254,13.925371170043944,5039,problem2_retrain_v2/results/aligned/ablations/f1_gate_component_ablation_five_seeds
B0,2027,T,0.3,random,5028,T,reconstructed,0.3436529636383056,14.419833183288574,9.211743354797363,5039,problem2_retrain_v2/results/aligned/ablations/f1_gate_component_ablation_five_seeds
B0,2027,T,0.3,random,5028,T,observed_mean,0.1034264862537384,14.419833183288574,14.05036163330078,5039,problem2_retrain_v2/results/aligned/ablations/f1_gate_component_ablation_five_seeds
B0,2027,T,0.4,random,5026,T,reconstructed,0.3533493876457214,14.45620822906494,9.079129219055176,6740,problem2_retrain_v2/results/aligned/ablations/f1_gate_component_ablation_five_seeds
B0,2027,T,0.4,random,5026,T,observed_mean,0.1207906752824783,14.45620822906494,13.90295124053955,6740,problem2_retrain_v2/results/aligned/ablations/f1_gate_component_ablation_five_seeds
B0,2027,T,0.4,random,5027,T,reconstructed,0.3599399328231811,14.39920711517334,9.100932121276855,6740,problem2_retrain_v2/results/aligned/ablations/f1_gate_component_ablation_five_seeds
B0,2027,T,0.4,random,5027,T,observed_mean,0.1275893449783325,14.39920711517334,13.909106254577637,6740,problem2_retrain_v2/results/aligned/ablations/f1_gate_component_ablation_five_seeds
B0,2027,T,0.4,random,5028,T,reconstructed,0.35333052277565,14.419346809387209,9.127202033996582,6740,problem2_retrain_v2/results/aligned/ablations/f1_gate_component_ablation_five_seeds
B0,2027,T,0.4,random,5028,T,observed_mean,0.1226957961916923,14.419346809387209,14.00534725189209,6740,problem2_retrain_v2/results/aligned/ablations/f1_gate_component_ablation_five_seeds
B0,2027,T,0.5,random,5026,T,reconstructed,0.3648013472557068,14.45863151550293,8.957813262939453,8415,problem2_retrain_v2/results/aligned/ablations/f1_gate_component_ablation_five_seeds
B0,2027,T,0.5,random,5026,T,observed_mean,0.1419163197278976,14.45863151550293,13.744505882263184,8415,problem2_retrain_v2/results/aligned/ablations/f1_gate_component_ablation_five_seeds
B0,2027,T,0.5,random,5027,T,reconstructed,0.3708426058292389,14.41666316986084,8.966975212097168,8415,problem2_retrain_v2/results/aligned/ablations/f1_gate_component_ablation_five_seeds
B0,2027,T,0.5,random,5027,T,observed_mean,0.1464340835809707,14.41666316986084,13.743088722229004,8415,problem2_retrain_v2/results/aligned/ablations/f1_gate_component_ablation_five_seeds
B0,2027,T,0.5,random,5028,T,reconstructed,0.3664703369140625,14.41490077972412,9.003565788269043,8415,problem2_retrain_v2/results/aligned/ablations/f1_gate_component_ablation_five_seeds
B0,2027,T,0.5,random,5028,T,observed_mean,0.1423736214637756,14.41490077972412,13.887619018554688,8415,problem2_retrain_v2/results/aligned/ablations/f1_gate_component_ablation_five_seeds
B0,2027,A,0.1,random,5026,A,reconstructed,0.9127829670906068,3.0873310565948486,1.845293045043945,1711,problem2_retrain_v2/results/aligned/ablations/f1_gate_component_ablation_five_seeds
B0,2027,A,0.1,random,5026,A,observed_mean,0.4351907670497894,3.0873310565948486,2.058027029037476,1711,problem2_retrain_v2/results/aligned/ablations/f1_gate_component_ablation_five_seeds
B0,2027,A,0.1,random,5027,A,reconstructed,0.916679620742798,3.090877056121826,1.8459333181381223,1711,problem2_retrain_v2/results/aligned/ablations/f1_gate_component_ablation_five_seeds
B0,2027,A,0.1,random,5027,A,observed_mean,0.4374159574508667,3.090877056121826,2.060046434402466,1711,problem2_retrain_v2/results/aligned/ablations/f1_gate_component_ablation_five_seeds
B0,2027,A,0.1,random,5028,A,reconstructed,0.9166858792304992,3.036755323410034,1.8447426557540887,1711,problem2_retrain_v2/results/aligned/ablations/f1_gate_component_ablation_five_seeds
B0,2027,A,0.1,random,5028,A,observed_mean,0.4296089112758636,3.036755323410034,2.061376571655273,1711,problem2_retrain_v2/results/aligned/ablations/f1_gate_component_ablation_five_seeds
B0,2027,A,0.2,random,5026,A,reconstructed,0.9137587547302246,3.068020820617676,1.8444019556045528,3400,problem2_retrain_v2/results/aligned/ablations/f1_gate_component_ablation_five_seeds
B0,2027,A,0.2,random,5026,A,observed_mean,0.4650741517543793,3.068020820617676,2.063304662704468,3400,problem2_retrain_v2/results/aligned/ablations/f1_gate_component_ablation_five_seeds
B0,2027,A,0.2,random,5027,A,reconstructed,0.9164657592773438,3.0637476444244385,1.8451515436172483,3400,problem2_retrain_v2/results/aligned/ablations/f1_gate_component_ablation_five_seeds
B0,2027,A,0.2,random,5027,A,observed_mean,0.4703876674175262,3.0637476444244385,2.066545486450196,3400,problem2_retrain_v2/results/aligned/ablations/f1_gate_component_ablation_five_seeds
B0,2027,A,0.2,random,5028,A,reconstructed,0.9163926839828492,3.0813562870025635,1.843715786933899,3400,problem2_retrain_v2/results/aligned/ablations/f1_gate_component_ablation_five_seeds
B0,2027,A,0.2,random,5028,A,observed_mean,0.4590733647346496,3.0813562870025635,2.0554463863372803,3400,problem2_retrain_v2/results/aligned/ablations/f1_gate_component_ablation_five_seeds
B0,2027,A,0.3,start,5026,A,reconstructed,0.9374343752861024,3.1010336875915527,1.8358721733093264,5039,problem2_retrain_v2/results/aligned/ablations/f1_gate_component_ablation_five_seeds
B0,2027,A,0.3,start,5026,A,observed_mean,0.5141874551773071,3.1010336875915527,2.117961168289185,5039,problem2_retrain_v2/results/aligned/ablations/f1_gate_component_ablation_five_seeds
B0,2027,A,0.3,middle,5026,A,reconstructed,0.9148913621902466,3.067810297012329,1.8435207605361936,5039,problem2_retrain_v2/results/aligned/ablations/f1_gate_component_ablation_five_seeds
B0,2027,A,0.3,middle,5026,A,observed_mean,0.459653377532959,3.067810297012329,2.080080032348633,5039,problem2_retrain_v2/results/aligned/ablations/f1_gate_component_ablation_five_seeds
B0,2027,A,0.3,end,5026,A,reconstructed,0.8962223529815674,3.0731866359710693,1.8468717336654663,5039,problem2_retrain_v2/results/aligned/ablations/f1_gate_component_ablation_five_seeds
B0,2027,A,0.3,end,5026,A,observed_mean,0.5499751567840576,3.0731866359710693,2.146749258041382,5039,problem2_retrain_v2/results/aligned/ablations/f1_gate_component_ablation_five_seeds
B0,2027,A,0.3,random,5026,A,reconstructed,0.9137341976165771,3.0589640140533447,1.8434213399887085,5039,problem2_retrain_v2/results/aligned/ablations/f1_gate_component_ablation_five_seeds
B0,2027,A,0.3,random,5026,A,observed_mean,0.4870996475219726,3.0589640140533447,2.10828161239624,5039,problem2_retrain_v2/results/aligned/ablations/f1_gate_component_ablation_five_seeds
B0,2027,A,0.3,random,5027,A,reconstructed,0.9169389009475708,3.0566234588623047,1.8442721366882324,5039,problem2_retrain_v2/results/aligned/ablations/f1_gate_component_ablation_five_seeds
B0,2027,A,0.3,random,5027,A,observed_mean,0.48993980884552,3.0566234588623047,2.1083130836486816,5039,problem2_retrain_v2/results/aligned/ablations/f1_gate_component_ablation_five_seeds
B0,2027,A,0.3,random,5028,A,reconstructed,0.9169021844863892,3.0842299461364746,1.842710256576538,5039,problem2_retrain_v2/results/aligned/ablations/f1_gate_component_ablation_five_seeds
B0,2027,A,0.3,random,5028,A,observed_mean,0.4815436601638794,3.0842299461364746,2.093783378601074,5039,problem2_retrain_v2/results/aligned/ablations/f1_gate_component_ablation_five_seeds
B0,2027,A,0.4,random,5026,A,reconstructed,0.9136152863502502,3.0516178607940674,1.842121839523316,6740,problem2_retrain_v2/results/aligned/ablations/f1_gate_component_ablation_five_seeds
B0,2027,A,0.4,random,5026,A,observed_mean,0.5036712288856506,3.0516178607940674,2.145416498184204,6740,problem2_retrain_v2/results/aligned/ablations/f1_gate_component_ablation_five_seeds
B0,2027,A,0.4,random,5027,A,reconstructed,0.9173274040222168,3.054879903793335,1.84253454208374,6740,problem2_retrain_v2/results/aligned/ablations/f1_gate_component_ablation_five_seeds
B0,2027,A,0.4,random,5027,A,observed_mean,0.5036777853965759,3.054879903793335,2.145031213760376,6740,problem2_retrain_v2/results/aligned/ablations/f1_gate_component_ablation_five_seeds
B0,2027,A,0.4,random,5028,A,reconstructed,0.9166010022163392,3.0858047008514404,1.841342091560364,6740,problem2_retrain_v2/results/aligned/ablations/f1_gate_component_ablation_five_seeds
B0,2027,A,0.4,random,5028,A,observed_mean,0.4992099702358246,3.0858047008514404,2.1221370697021484,6740,problem2_retrain_v2/results/aligned/ablations/f1_gate_component_ablation_five_seeds
B0,2027,A,0.5,random,5026,A,reconstructed,0.913960576057434,3.053662061691284,1.841267704963684,8415,problem2_retrain_v2/results/aligned/ablations/f1_gate_component_ablation_five_seeds
B0,2027,A,0.5,random,5026,A,observed_mean,0.5175181031227112,3.053662061691284,2.191250324249268,8415,problem2_retrain_v2/results/aligned/ablations/f1_gate_component_ablation_five_seeds
B0,2027,A,0.5,random,5027,A,reconstructed,0.9155780076980592,3.075161457061768,1.8415977954864504,8415,problem2_retrain_v2/results/aligned/ablations/f1_gate_component_ablation_five_seeds
B0,2027,A,0.5,random,5027,A,observed_mean,0.5166158080101013,3.075161457061768,2.177546739578247,8415,problem2_retrain_v2/results/aligned/ablations/f1_gate_component_ablation_five_seeds
B0,2027,A,0.5,random,5028,A,reconstructed,0.9153546094894408,3.077224969863892,1.840440034866333,8415,problem2_retrain_v2/results/aligned/ablations/f1_gate_component_ablation_five_seeds
B0,2027,A,0.5,random,5028,A,observed_mean,0.5172351598739624,3.077224969863892,2.167285203933716,8415,problem2_retrain_v2/results/aligned/ablations/f1_gate_component_ablation_five_seeds
B0,2027,V,0.1,random,5026,V,reconstructed,0.8690821528434753,3.401235342025757,3.343668460845948,1604,problem2_retrain_v2/results/aligned/ablations/f1_gate_component_ablation_five_seeds
B0,2027,V,0.1,random,5026,V,observed_mean,0.1578797250986099,3.401235342025757,2.939996719360352,1604,problem2_retrain_v2/results/aligned/ablations/f1_gate_component_ablation_five_seeds
B0,2027,V,0.1,random,5027,V,reconstructed,0.8721091151237488,3.3013126850128174,3.347468614578247,1595,problem2_retrain_v2/results/aligned/ablations/f1_gate_component_ablation_five_seeds
B0,2027,V,0.1,random,5027,V,observed_mean,0.1571518629789352,3.3013126850128174,2.9644880294799805,1595,problem2_retrain_v2/results/aligned/ablations/f1_gate_component_ablation_five_seeds
B0,2027,V,0.1,random,5028,V,reconstructed,0.8715935349464417,3.3786513805389404,3.350224018096924,1588,problem2_retrain_v2/results/aligned/ablations/f1_gate_component_ablation_five_seeds
B0,2027,V,0.1,random,5028,V,observed_mean,0.1535705476999282,3.3786513805389404,2.955496311187744,1588,problem2_retrain_v2/results/aligned/ablations/f1_gate_component_ablation_five_seeds
B0,2027,V,0.2,random,5026,V,reconstructed,0.8676395416259766,3.396118402481079,3.3539631366729736,3194,problem2_retrain_v2/results/aligned/ablations/f1_gate_component_ablation_five_seeds
B0,2027,V,0.2,random,5026,V,observed_mean,0.1718329936265945,3.396118402481079,2.9498777389526367,3194,problem2_retrain_v2/results/aligned/ablations/f1_gate_component_ablation_five_seeds
B0,2027,V,0.2,random,5027,V,reconstructed,0.8719415068626404,3.317434787750244,3.35788631439209,3180,problem2_retrain_v2/results/aligned/ablations/f1_gate_component_ablation_five_seeds
B0,2027,V,0.2,random,5027,V,observed_mean,0.1722884327173233,3.317434787750244,2.969576597213745,3180,problem2_retrain_v2/results/aligned/ablations/f1_gate_component_ablation_five_seeds
B0,2027,V,0.2,random,5028,V,reconstructed,0.8704788088798523,3.378287076950073,3.358539342880249,3176,problem2_retrain_v2/results/aligned/ablations/f1_gate_component_ablation_five_seeds
B0,2027,V,0.2,random,5028,V,observed_mean,0.1701009422540664,3.378287076950073,2.958191156387329,3176,problem2_retrain_v2/results/aligned/ablations/f1_gate_component_ablation_five_seeds
B0,2027,V,0.3,start,5026,V,reconstructed,0.8721751570701599,3.3255977630615234,3.370978116989136,4768,problem2_retrain_v2/results/aligned/ablations/f1_gate_component_ablation_five_seeds
B0,2027,V,0.3,start,5026,V,observed_mean,0.2129402160644531,3.3255977630615234,2.99280309677124,4768,problem2_retrain_v2/results/aligned/ablations/f1_gate_component_ablation_five_seeds
B0,2027,V,0.3,middle,5026,V,reconstructed,0.8722326159477234,3.317480087280273,3.35856294631958,4759,problem2_retrain_v2/results/aligned/ablations/f1_gate_component_ablation_five_seeds
B0,2027,V,0.3,middle,5026,V,observed_mean,0.161783218383789,3.317480087280273,2.974623680114746,4759,problem2_retrain_v2/results/aligned/ablations/f1_gate_component_ablation_five_seeds
B0,2027,V,0.3,end,5026,V,reconstructed,0.8712949156761169,3.447021484375,3.3603761196136475,4663,problem2_retrain_v2/results/aligned/ablations/f1_gate_component_ablation_five_seeds
B0,2027,V,0.3,end,5026,V,observed_mean,0.2289955765008926,3.447021484375,2.996515989303589,4663,problem2_retrain_v2/results/aligned/ablations/f1_gate_component_ablation_five_seeds
B0,2027,V,0.3,random,5026,V,reconstructed,0.8690862655639648,3.3894712924957275,3.3628532886505127,4743,problem2_retrain_v2/results/aligned/ablations/f1_gate_component_ablation_five_seeds
B0,2027,V,0.3,random,5026,V,observed_mean,0.1825716644525528,3.3894712924957275,2.9612128734588623,4743,problem2_retrain_v2/results/aligned/ablations/f1_gate_component_ablation_five_seeds
B0,2027,V,0.3,random,5027,V,reconstructed,0.8718382120132446,3.326448917388916,3.364950895309448,4712,problem2_retrain_v2/results/aligned/ablations/f1_gate_component_ablation_five_seeds
B0,2027,V,0.3,random,5027,V,observed_mean,0.1842358112335205,3.326448917388916,2.9850282669067383,4712,problem2_retrain_v2/results/aligned/ablations/f1_gate_component_ablation_five_seeds
B0,2027,V,0.3,random,5028,V,reconstructed,0.8700928092002869,3.3564274311065674,3.3656859397888184,4710,problem2_retrain_v2/results/aligned/ablations/f1_gate_component_ablation_five_seeds
B0,2027,V,0.3,random,5028,V,observed_mean,0.1786257028579712,3.3564274311065674,2.969820022583008,4710,problem2_retrain_v2/results/aligned/ablations/f1_gate_component_ablation_five_seeds
B0,2027,V,0.4,random,5026,V,reconstructed,0.870128870010376,3.3689138889312744,3.372492551803589,6357,problem2_retrain_v2/results/aligned/ablations/f1_gate_component_ablation_five_seeds
B0,2027,V,0.4,random,5026,V,observed_mean,0.1930588036775589,3.3689138889312744,2.983184099197388,6357,problem2_retrain_v2/results/aligned/ablations/f1_gate_component_ablation_five_seeds
B0,2027,V,0.4,random,5027,V,reconstructed,0.8721504211425781,3.326826333999634,3.373826503753662,6308,problem2_retrain_v2/results/aligned/ablations/f1_gate_component_ablation_five_seeds
B0,2027,V,0.4,random,5027,V,observed_mean,0.1954584717750549,3.326826333999634,3.0071232318878174,6308,problem2_retrain_v2/results/aligned/ablations/f1_gate_component_ablation_five_seeds
B0,2027,V,0.4,random,5028,V,reconstructed,0.8694227933883667,3.3583433628082275,3.3756637573242188,6306,problem2_retrain_v2/results/aligned/ablations/f1_gate_component_ablation_five_seeds
B0,2027,V,0.4,random,5028,V,observed_mean,0.1910274177789688,3.3583433628082275,2.9879395961761475,6306,problem2_retrain_v2/results/aligned/ablations/f1_gate_component_ablation_five_seeds
B0,2027,V,0.5,random,5026,V,reconstructed,0.870754599571228,3.3493871688842773,3.380211114883423,7939,problem2_retrain_v2/results/aligned/ablations/f1_gate_component_ablation_five_seeds
B0,2027,V,0.5,random,5026,V,observed_mean,0.2025303095579147,3.3493871688842773,3.016514778137207,7939,problem2_retrain_v2/results/aligned/ablations/f1_gate_component_ablation_five_seeds
B0,2027,V,0.5,random,5027,V,reconstructed,0.8720071315765381,3.3275856971740723,3.381281614303589,7888,problem2_retrain_v2/results/aligned/ablations/f1_gate_component_ablation_five_seeds
B0,2027,V,0.5,random,5027,V,observed_mean,0.2040483206510543,3.3275856971740723,3.031256437301636,7888,problem2_retrain_v2/results/aligned/ablations/f1_gate_component_ablation_five_seeds
B0,2027,V,0.5,random,5028,V,reconstructed,0.8704498410224915,3.343238592147827,3.382570266723633,7893,problem2_retrain_v2/results/aligned/ablations/f1_gate_component_ablation_five_seeds
B0,2027,V,0.5,random,5028,V,observed_mean,0.2017810940742492,3.343238592147827,3.0225517749786377,7893,problem2_retrain_v2/results/aligned/ablations/f1_gate_component_ablation_five_seeds
B0,2027,TA,0.3,start,5026,T,reconstructed,0.3452716767787933,14.639371871948242,9.171968460083008,5039,problem2_retrain_v2/results/aligned/ablations/f1_gate_component_ablation_five_seeds
B0,2027,TA,0.3,start,5026,T,observed_mean,0.0974646583199501,14.639371871948242,13.848284721374512,5039,problem2_retrain_v2/results/aligned/ablations/f1_gate_component_ablation_five_seeds
B0,2027,TA,0.3,start,5026,A,reconstructed,0.9372272491455078,3.1010336875915527,1.847781777381897,5039,problem2_retrain_v2/results/aligned/ablations/f1_gate_component_ablation_five_seeds
B0,2027,TA,0.3,start,5026,A,observed_mean,0.5141874551773071,3.1010336875915527,2.117961168289185,5039,problem2_retrain_v2/results/aligned/ablations/f1_gate_component_ablation_five_seeds
B0,2027,TA,0.3,middle,5026,T,reconstructed,0.3389473259449005,14.37207317352295,9.174429893493652,5039,problem2_retrain_v2/results/aligned/ablations/f1_gate_component_ablation_five_seeds
B0,2027,TA,0.3,middle,5026,T,observed_mean,0.0962464436888694,14.37207317352295,13.96851634979248,5039,problem2_retrain_v2/results/aligned/ablations/f1_gate_component_ablation_five_seeds
B0,2027,TA,0.3,middle,5026,A,reconstructed,0.915656805038452,3.067810297012329,1.8491181135177608,5039,problem2_retrain_v2/results/aligned/ablations/f1_gate_component_ablation_five_seeds
B0,2027,TA,0.3,middle,5026,A,observed_mean,0.459653377532959,3.067810297012329,2.080080032348633,5039,problem2_retrain_v2/results/aligned/ablations/f1_gate_component_ablation_five_seeds
B0,2027,TA,0.3,end,5026,T,reconstructed,0.350786417722702,14.544218063354492,9.126410484313965,5039,problem2_retrain_v2/results/aligned/ablations/f1_gate_component_ablation_five_seeds
B0,2027,TA,0.3,end,5026,T,observed_mean,0.1185289546847343,14.544218063354492,13.35396671295166,5039,problem2_retrain_v2/results/aligned/ablations/f1_gate_component_ablation_five_seeds
B0,2027,TA,0.3,end,5026,A,reconstructed,0.8998306393623352,3.0731866359710693,1.8422333002090447,5039,problem2_retrain_v2/results/aligned/ablations/f1_gate_component_ablation_five_seeds
B0,2027,TA,0.3,end,5026,A,observed_mean,0.5499751567840576,3.0731866359710693,2.146749258041382,5039,problem2_retrain_v2/results/aligned/ablations/f1_gate_component_ablation_five_seeds
B0,2027,TA,0.3,random,5026,T,reconstructed,0.3397115468978882,14.452547073364258,9.156373977661133,5039,problem2_retrain_v2/results/aligned/ablations/f1_gate_component_ablation_five_seeds
B0,2027,TA,0.3,random,5026,T,observed_mean,0.1011563166975975,14.452547073364258,13.981877326965332,5039,problem2_retrain_v2/results/aligned/ablations/f1_gate_component_ablation_five_seeds
B0,2027,TA,0.3,random,5026,A,reconstructed,0.91544508934021,3.0589640140533447,1.8427447080612185,5039,problem2_retrain_v2/results/aligned/ablations/f1_gate_component_ablation_five_seeds
B0,2027,TA,0.3,random,5026,A,observed_mean,0.4870996475219726,3.0589640140533447,2.10828161239624,5039,problem2_retrain_v2/results/aligned/ablations/f1_gate_component_ablation_five_seeds
B0,2027,TA,0.3,random,5027,T,reconstructed,0.3443887531757355,14.405747413635254,9.174938201904297,5039,problem2_retrain_v2/results/aligned/ablations/f1_gate_component_ablation_five_seeds
B0,2027,TA,0.3,random,5027,T,observed_mean,0.102046750485897,14.405747413635254,13.925371170043944,5039,problem2_retrain_v2/results/aligned/ablations/f1_gate_component_ablation_five_seeds
B0,2027,TA,0.3,random,5027,A,reconstructed,0.919334590435028,3.0566234588623047,1.8451614379882808,5039,problem2_retrain_v2/results/aligned/ablations/f1_gate_component_ablation_five_seeds
B0,2027,TA,0.3,random,5027,A,observed_mean,0.48993980884552,3.0566234588623047,2.1083130836486816,5039,problem2_retrain_v2/results/aligned/ablations/f1_gate_component_ablation_five_seeds
B0,2027,TA,0.3,random,5028,T,reconstructed,0.3413718342781067,14.419833183288574,9.214933395385742,5039,problem2_retrain_v2/results/aligned/ablations/f1_gate_component_ablation_five_seeds
B0,2027,TA,0.3,random,5028,T,observed_mean,0.1034264862537384,14.419833183288574,14.05036163330078,5039,problem2_retrain_v2/results/aligned/ablations/f1_gate_component_ablation_five_seeds
B0,2027,TA,0.3,random,5028,A,reconstructed,0.9190109968185424,3.0842299461364746,1.841272592544556,5039,problem2_retrain_v2/results/aligned/ablations/f1_gate_component_ablation_five_seeds
B0,2027,TA,0.3,random,5028,A,observed_mean,0.4815436601638794,3.0842299461364746,2.093783378601074,5039,problem2_retrain_v2/results/aligned/ablations/f1_gate_component_ablation_five_seeds
B0,2027,TV,0.3,start,5026,T,reconstructed,0.3438364863395691,14.641114234924316,9.225759506225586,5035,problem2_retrain_v2/results/aligned/ablations/f1_gate_component_ablation_five_seeds
B0,2027,TV,0.3,start,5026,T,observed_mean,0.0974947363138198,14.641114234924316,13.85053253173828,5035,problem2_retrain_v2/results/aligned/ablations/f1_gate_component_ablation_five_seeds
B0,2027,TV,0.3,start,5026,V,reconstructed,0.8746529221534729,3.3255977630615234,3.2903311252593994,4768,problem2_retrain_v2/results/aligned/ablations/f1_gate_component_ablation_five_seeds
B0,2027,TV,0.3,start,5026,V,observed_mean,0.2129402160644531,3.3255977630615234,2.99280309677124,4768,problem2_retrain_v2/results/aligned/ablations/f1_gate_component_ablation_five_seeds
B0,2027,TV,0.3,middle,5026,T,reconstructed,0.3378617167472839,14.37506866455078,9.22702980041504,5036,problem2_retrain_v2/results/aligned/ablations/f1_gate_component_ablation_five_seeds
B0,2027,TV,0.3,middle,5026,T,observed_mean,0.0962337478995323,14.37506866455078,13.970468521118164,5036,problem2_retrain_v2/results/aligned/ablations/f1_gate_component_ablation_five_seeds
B0,2027,TV,0.3,middle,5026,V,reconstructed,0.8708975911140442,3.317480087280273,3.33282732963562,4759,problem2_retrain_v2/results/aligned/ablations/f1_gate_component_ablation_five_seeds
B0,2027,TV,0.3,middle,5026,V,observed_mean,0.161783218383789,3.317480087280273,2.974623680114746,4759,problem2_retrain_v2/results/aligned/ablations/f1_gate_component_ablation_five_seeds
B0,2027,TV,0.3,end,5026,T,reconstructed,0.3495981693267822,14.550559043884276,9.182945251464844,5030,problem2_retrain_v2/results/aligned/ablations/f1_gate_component_ablation_five_seeds
B0,2027,TV,0.3,end,5026,T,observed_mean,0.1185566633939743,14.550559043884276,13.357537269592283,5030,problem2_retrain_v2/results/aligned/ablations/f1_gate_component_ablation_five_seeds
B0,2027,TV,0.3,end,5026,V,reconstructed,0.8749232888221741,3.447021484375,3.313518762588501,4663,problem2_retrain_v2/results/aligned/ablations/f1_gate_component_ablation_five_seeds
B0,2027,TV,0.3,end,5026,V,observed_mean,0.2289955765008926,3.447021484375,2.996515989303589,4663,problem2_retrain_v2/results/aligned/ablations/f1_gate_component_ablation_five_seeds
B0,2027,TV,0.3,random,5026,T,reconstructed,0.338491827249527,14.452547073364258,9.21549129486084,5039,problem2_retrain_v2/results/aligned/ablations/f1_gate_component_ablation_five_seeds
B0,2027,TV,0.3,random,5026,T,observed_mean,0.1011563166975975,14.452547073364258,13.981877326965332,5039,problem2_retrain_v2/results/aligned/ablations/f1_gate_component_ablation_five_seeds
B0,2027,TV,0.3,random,5026,V,reconstructed,0.8708487153053284,3.3894712924957275,3.3393642902374268,4743,problem2_retrain_v2/results/aligned/ablations/f1_gate_component_ablation_five_seeds
B0,2027,TV,0.3,random,5026,V,observed_mean,0.1825716644525528,3.3894712924957275,2.9612128734588623,4743,problem2_retrain_v2/results/aligned/ablations/f1_gate_component_ablation_five_seeds
B0,2027,TV,0.3,random,5027,T,reconstructed,0.3432219624519348,14.406904220581056,9.235998153686523,5038,problem2_retrain_v2/results/aligned/ablations/f1_gate_component_ablation_five_seeds
B0,2027,TV,0.3,random,5027,T,observed_mean,0.1020494699478149,14.406904220581056,13.925840377807615,5038,problem2_retrain_v2/results/aligned/ablations/f1_gate_component_ablation_five_seeds
B0,2027,TV,0.3,random,5027,V,reconstructed,0.8740307688713074,3.326448917388916,3.3394813537597656,4712,problem2_retrain_v2/results/aligned/ablations/f1_gate_component_ablation_five_seeds
B0,2027,TV,0.3,random,5027,V,observed_mean,0.1842358112335205,3.326448917388916,2.9850282669067383,4712,problem2_retrain_v2/results/aligned/ablations/f1_gate_component_ablation_five_seeds
B0,2027,TV,0.3,random,5028,T,reconstructed,0.3401926457881927,14.426045417785645,9.268569946289062,5030,problem2_retrain_v2/results/aligned/ablations/f1_gate_component_ablation_five_seeds
B0,2027,TV,0.3,random,5028,T,observed_mean,0.1033563986420631,14.426045417785645,14.055667877197266,5030,problem2_retrain_v2/results/aligned/ablations/f1_gate_component_ablation_five_seeds
B0,2027,TV,0.3,random,5028,V,reconstructed,0.8692988157272339,3.3564274311065674,3.338019847869873,4710,problem2_retrain_v2/results/aligned/ablations/f1_gate_component_ablation_five_seeds
B0,2027,TV,0.3,random,5028,V,observed_mean,0.1786257028579712,3.3564274311065674,2.969820022583008,4710,problem2_retrain_v2/results/aligned/ablations/f1_gate_component_ablation_five_seeds
B0,2027,AV,0.3,start,5026,A,reconstructed,0.9359408020973206,3.1013436317443848,1.8376579284667969,5035,problem2_retrain_v2/results/aligned/ablations/f1_gate_component_ablation_five_seeds
B0,2027,AV,0.3,start,5026,A,observed_mean,0.5141212940216064,3.1013436317443848,2.117828607559204,5035,problem2_retrain_v2/results/aligned/ablations/f1_gate_component_ablation_five_seeds
B0,2027,AV,0.3,start,5026,V,reconstructed,0.8720355033874512,3.3255977630615234,3.395272731781006,4768,problem2_retrain_v2/results/aligned/ablations/f1_gate_component_ablation_five_seeds
B0,2027,AV,0.3,start,5026,V,observed_mean,0.2129402160644531,3.3255977630615234,2.99280309677124,4768,problem2_retrain_v2/results/aligned/ablations/f1_gate_component_ablation_five_seeds
B0,2027,AV,0.3,middle,5026,A,reconstructed,0.9128730893135072,3.0671560764312744,1.844900369644165,5036,problem2_retrain_v2/results/aligned/ablations/f1_gate_component_ablation_five_seeds
B0,2027,AV,0.3,middle,5026,A,observed_mean,0.4598342478275299,3.0671560764312744,2.078886747360229,5036,problem2_retrain_v2/results/aligned/ablations/f1_gate_component_ablation_five_seeds
B0,2027,AV,0.3,middle,5026,V,reconstructed,0.872080385684967,3.317480087280273,3.38543963432312,4759,problem2_retrain_v2/results/aligned/ablations/f1_gate_component_ablation_five_seeds
B0,2027,AV,0.3,middle,5026,V,observed_mean,0.161783218383789,3.317480087280273,2.974623680114746,4759,problem2_retrain_v2/results/aligned/ablations/f1_gate_component_ablation_five_seeds
B0,2027,AV,0.3,end,5026,A,reconstructed,0.8938334584236145,3.0733683109283447,1.8482801914215088,5030,problem2_retrain_v2/results/aligned/ablations/f1_gate_component_ablation_five_seeds
B0,2027,AV,0.3,end,5026,A,observed_mean,0.5500203967094421,3.0733683109283447,2.1455979347229004,5030,problem2_retrain_v2/results/aligned/ablations/f1_gate_component_ablation_five_seeds
B0,2027,AV,0.3,end,5026,V,reconstructed,0.8712441325187683,3.447021484375,3.386608600616455,4663,problem2_retrain_v2/results/aligned/ablations/f1_gate_component_ablation_five_seeds
B0,2027,AV,0.3,end,5026,V,observed_mean,0.2289955765008926,3.447021484375,2.996515989303589,4663,problem2_retrain_v2/results/aligned/ablations/f1_gate_component_ablation_five_seeds
B0,2027,AV,0.3,random,5026,A,reconstructed,0.9118455052375792,3.0589640140533447,1.8458484411239624,5039,problem2_retrain_v2/results/aligned/ablations/f1_gate_component_ablation_five_seeds
B0,2027,AV,0.3,random,5026,A,observed_mean,0.4870996475219726,3.0589640140533447,2.10828161239624,5039,problem2_retrain_v2/results/aligned/ablations/f1_gate_component_ablation_five_seeds
B0,2027,AV,0.3,random,5026,V,reconstructed,0.8688969612121582,3.3894712924957275,3.389185905456543,4743,problem2_retrain_v2/results/aligned/ablations/f1_gate_component_ablation_five_seeds
B0,2027,AV,0.3,random,5026,V,observed_mean,0.1825716644525528,3.3894712924957275,2.9612128734588623,4743,problem2_retrain_v2/results/aligned/ablations/f1_gate_component_ablation_five_seeds
B0,2027,AV,0.3,random,5027,A,reconstructed,0.9151838421821594,3.056361675262451,1.8460994958877563,5038,problem2_retrain_v2/results/aligned/ablations/f1_gate_component_ablation_five_seeds
B0,2027,AV,0.3,random,5027,A,observed_mean,0.4900091290473938,3.056361675262451,2.107945680618286,5038,problem2_retrain_v2/results/aligned/ablations/f1_gate_component_ablation_five_seeds
B0,2027,AV,0.3,random,5027,V,reconstructed,0.8717998266220093,3.326448917388916,3.3907134532928467,4712,problem2_retrain_v2/results/aligned/ablations/f1_gate_component_ablation_five_seeds
B0,2027,AV,0.3,random,5027,V,observed_mean,0.1842358112335205,3.326448917388916,2.9850282669067383,4712,problem2_retrain_v2/results/aligned/ablations/f1_gate_component_ablation_five_seeds
B0,2027,AV,0.3,random,5028,A,reconstructed,0.9147976636886596,3.0838778018951416,1.844035625457764,5030,problem2_retrain_v2/results/aligned/ablations/f1_gate_component_ablation_five_seeds
B0,2027,AV,0.3,random,5028,A,observed_mean,0.4817268848419189,3.0838778018951416,2.091736316680908,5030,problem2_retrain_v2/results/aligned/ablations/f1_gate_component_ablation_five_seeds
B0,2027,AV,0.3,random,5028,V,reconstructed,0.8699995279312134,3.3564274311065674,3.392369747161865,4710,problem2_retrain_v2/results/aligned/ablations/f1_gate_component_ablation_five_seeds
B0,2027,AV,0.3,random,5028,V,observed_mean,0.1786257028579712,3.3564274311065674,2.969820022583008,4710,problem2_retrain_v2/results/aligned/ablations/f1_gate_component_ablation_five_seeds
B0,2027,TAV,0.3,start,5026,T,reconstructed,0.341682881116867,14.641114234924316,9.224472045898438,5035,problem2_retrain_v2/results/aligned/ablations/f1_gate_component_ablation_five_seeds
B0,2027,TAV,0.3,start,5026,T,observed_mean,0.0974947363138198,14.641114234924316,13.85053253173828,5035,problem2_retrain_v2/results/aligned/ablations/f1_gate_component_ablation_five_seeds
B0,2027,TAV,0.3,start,5026,A,reconstructed,0.9357162117958068,3.1013436317443848,1.848209023475647,5035,problem2_retrain_v2/results/aligned/ablations/f1_gate_component_ablation_five_seeds
B0,2027,TAV,0.3,start,5026,A,observed_mean,0.5141212940216064,3.1013436317443848,2.117828607559204,5035,problem2_retrain_v2/results/aligned/ablations/f1_gate_component_ablation_five_seeds
B0,2027,TAV,0.3,start,5026,V,reconstructed,0.8745619058609009,3.3255977630615234,3.319902181625366,4768,problem2_retrain_v2/results/aligned/ablations/f1_gate_component_ablation_five_seeds
B0,2027,TAV,0.3,start,5026,V,observed_mean,0.2129402160644531,3.3255977630615234,2.99280309677124,4768,problem2_retrain_v2/results/aligned/ablations/f1_gate_component_ablation_five_seeds
B0,2027,TAV,0.3,middle,5026,T,reconstructed,0.3356290459632873,14.37506866455078,9.230439186096191,5036,problem2_retrain_v2/results/aligned/ablations/f1_gate_component_ablation_five_seeds
B0,2027,TAV,0.3,middle,5026,T,observed_mean,0.0962337478995323,14.37506866455078,13.970468521118164,5036,problem2_retrain_v2/results/aligned/ablations/f1_gate_component_ablation_five_seeds
B0,2027,TAV,0.3,middle,5026,A,reconstructed,0.913383424282074,3.0671560764312744,1.849827527999878,5036,problem2_retrain_v2/results/aligned/ablations/f1_gate_component_ablation_five_seeds
B0,2027,TAV,0.3,middle,5026,A,observed_mean,0.4598342478275299,3.0671560764312744,2.078886747360229,5036,problem2_retrain_v2/results/aligned/ablations/f1_gate_component_ablation_five_seeds
B0,2027,TAV,0.3,middle,5026,V,reconstructed,0.870729923248291,3.317480087280273,3.3662025928497314,4759,problem2_retrain_v2/results/aligned/ablations/f1_gate_component_ablation_five_seeds
B0,2027,TAV,0.3,middle,5026,V,observed_mean,0.161783218383789,3.317480087280273,2.974623680114746,4759,problem2_retrain_v2/results/aligned/ablations/f1_gate_component_ablation_five_seeds
B0,2027,TAV,0.3,end,5026,T,reconstructed,0.3472031950950622,14.550559043884276,9.176753997802734,5030,problem2_retrain_v2/results/aligned/ablations/f1_gate_component_ablation_five_seeds
B0,2027,TAV,0.3,end,5026,T,observed_mean,0.1185566633939743,14.550559043884276,13.357537269592283,5030,problem2_retrain_v2/results/aligned/ablations/f1_gate_component_ablation_five_seeds
B0,2027,TAV,0.3,end,5026,A,reconstructed,0.8971261382102966,3.0733683109283447,1.842411518096924,5030,problem2_retrain_v2/results/aligned/ablations/f1_gate_component_ablation_five_seeds
B0,2027,TAV,0.3,end,5026,A,observed_mean,0.5500203967094421,3.0733683109283447,2.1455979347229004,5030,problem2_retrain_v2/results/aligned/ablations/f1_gate_component_ablation_five_seeds
B0,2027,TAV,0.3,end,5026,V,reconstructed,0.8749924898147583,3.447021484375,3.346571207046509,4663,problem2_retrain_v2/results/aligned/ablations/f1_gate_component_ablation_five_seeds
B0,2027,TAV,0.3,end,5026,V,observed_mean,0.2289955765008926,3.447021484375,2.996515989303589,4663,problem2_retrain_v2/results/aligned/ablations/f1_gate_component_ablation_five_seeds
B0,2027,TAV,0.3,random,5026,T,reconstructed,0.3361127078533172,14.452547073364258,9.216631889343262,5039,problem2_retrain_v2/results/aligned/ablations/f1_gate_component_ablation_five_seeds
B0,2027,TAV,0.3,random,5026,T,observed_mean,0.1011563166975975,14.452547073364258,13.981877326965332,5039,problem2_retrain_v2/results/aligned/ablations/f1_gate_component_ablation_five_seeds
B0,2027,TAV,0.3,random,5026,A,reconstructed,0.9132487177848816,3.0589640140533447,1.8440637588500977,5039,problem2_retrain_v2/results/aligned/ablations/f1_gate_component_ablation_five_seeds
B0,2027,TAV,0.3,random,5026,A,observed_mean,0.4870996475219726,3.0589640140533447,2.10828161239624,5039,problem2_retrain_v2/results/aligned/ablations/f1_gate_component_ablation_five_seeds
B0,2027,TAV,0.3,random,5026,V,reconstructed,0.8706586956977844,3.3894712924957275,3.372465848922729,4743,problem2_retrain_v2/results/aligned/ablations/f1_gate_component_ablation_five_seeds
B0,2027,TAV,0.3,random,5026,V,observed_mean,0.1825716644525528,3.3894712924957275,2.9612128734588623,4743,problem2_retrain_v2/results/aligned/ablations/f1_gate_component_ablation_five_seeds
B0,2027,TAV,0.3,random,5027,T,reconstructed,0.3408942520618438,14.406904220581056,9.230515480041504,5038,problem2_retrain_v2/results/aligned/ablations/f1_gate_component_ablation_five_seeds
B0,2027,TAV,0.3,random,5027,T,observed_mean,0.1020494699478149,14.406904220581056,13.925840377807615,5038,problem2_retrain_v2/results/aligned/ablations/f1_gate_component_ablation_five_seeds
B0,2027,TAV,0.3,random,5027,A,reconstructed,0.9175496697425842,3.056361675262451,1.8461805582046509,5038,problem2_retrain_v2/results/aligned/ablations/f1_gate_component_ablation_five_seeds
B0,2027,TAV,0.3,random,5027,A,observed_mean,0.4900091290473938,3.056361675262451,2.107945680618286,5038,problem2_retrain_v2/results/aligned/ablations/f1_gate_component_ablation_five_seeds
B0,2027,TAV,0.3,random,5027,V,reconstructed,0.8740599155426025,3.326448917388916,3.3708317279815674,4712,problem2_retrain_v2/results/aligned/ablations/f1_gate_component_ablation_five_seeds
B0,2027,TAV,0.3,random,5027,V,observed_mean,0.1842358112335205,3.326448917388916,2.9850282669067383,4712,problem2_retrain_v2/results/aligned/ablations/f1_gate_component_ablation_five_seeds
B0,2027,TAV,0.3,random,5028,T,reconstructed,0.3379196226596832,14.426045417785645,9.272553443908691,5030,problem2_retrain_v2/results/aligned/ablations/f1_gate_component_ablation_five_seeds
B0,2027,TAV,0.3,random,5028,T,observed_mean,0.1033563986420631,14.426045417785645,14.055667877197266,5030,problem2_retrain_v2/results/aligned/ablations/f1_gate_component_ablation_five_seeds
B0,2027,TAV,0.3,random,5028,A,reconstructed,0.9166998267173768,3.0838778018951416,1.8416513204574585,5030,problem2_retrain_v2/results/aligned/ablations/f1_gate_component_ablation_five_seeds
B0,2027,TAV,0.3,random,5028,A,observed_mean,0.4817268848419189,3.0838778018951416,2.091736316680908,5030,problem2_retrain_v2/results/aligned/ablations/f1_gate_component_ablation_five_seeds
B0,2027,TAV,0.3,random,5028,V,reconstructed,0.8691915273666382,3.3564274311065674,3.3710854053497314,4710,problem2_retrain_v2/results/aligned/ablations/f1_gate_component_ablation_five_seeds
B0,2027,TAV,0.3,random,5028,V,observed_mean,0.1786257028579712,3.3564274311065674,2.969820022583008,4710,problem2_retrain_v2/results/aligned/ablations/f1_gate_component_ablation_five_seeds
B0,2028,T,0.1,random,5026,T,reconstructed,0.5389257073402405,13.174446105957031,8.29762077331543,1711,problem2_retrain_v2/results/aligned/ablations/f1_gate_component_ablation_five_seeds
B0,2028,T,0.1,random,5026,T,observed_mean,0.0561141297221183,13.174446105957031,12.81386947631836,1711,problem2_retrain_v2/results/aligned/ablations/f1_gate_component_ablation_five_seeds
B0,2028,T,0.1,random,5027,T,reconstructed,0.5381090641021729,13.15740203857422,8.300403594970703,1711,problem2_retrain_v2/results/aligned/ablations/f1_gate_component_ablation_five_seeds
B0,2028,T,0.1,random,5027,T,observed_mean,0.0623808018863201,13.15740203857422,12.760187149047852,1711,problem2_retrain_v2/results/aligned/ablations/f1_gate_component_ablation_five_seeds
B0,2028,T,0.1,random,5028,T,reconstructed,0.5381788015365601,13.172548294067385,8.294289588928223,1711,problem2_retrain_v2/results/aligned/ablations/f1_gate_component_ablation_five_seeds
B0,2028,T,0.1,random,5028,T,observed_mean,0.0637000277638435,13.172548294067385,12.718409538269045,1711,problem2_retrain_v2/results/aligned/ablations/f1_gate_component_ablation_five_seeds
B0,2028,T,0.2,random,5026,T,reconstructed,0.5419652462005615,13.128436088562012,8.281591415405273,3400,problem2_retrain_v2/results/aligned/ablations/f1_gate_component_ablation_five_seeds
B0,2028,T,0.2,random,5026,T,observed_mean,0.0723108574748039,13.128436088562012,12.765480995178224,3400,problem2_retrain_v2/results/aligned/ablations/f1_gate_component_ablation_five_seeds
B0,2028,T,0.2,random,5027,T,reconstructed,0.5405287146568298,13.126279830932615,8.294503211975098,3400,problem2_retrain_v2/results/aligned/ablations/f1_gate_component_ablation_five_seeds
B0,2028,T,0.2,random,5027,T,observed_mean,0.0736965909600257,13.126279830932615,12.741352081298828,3400,problem2_retrain_v2/results/aligned/ablations/f1_gate_component_ablation_five_seeds
B0,2028,T,0.2,random,5028,T,reconstructed,0.5406004190444946,13.13905906677246,8.282525062561035,3400,problem2_retrain_v2/results/aligned/ablations/f1_gate_component_ablation_five_seeds
B0,2028,T,0.2,random,5028,T,observed_mean,0.0770748034119606,13.13905906677246,12.718896865844728,3400,problem2_retrain_v2/results/aligned/ablations/f1_gate_component_ablation_five_seeds
B0,2028,T,0.3,start,5026,T,reconstructed,0.5394536852836609,13.440788269042969,8.142131805419922,5039,problem2_retrain_v2/results/aligned/ablations/f1_gate_component_ablation_five_seeds
B0,2028,T,0.3,start,5026,T,observed_mean,0.0855313912034034,13.440788269042969,12.546329498291016,5039,problem2_retrain_v2/results/aligned/ablations/f1_gate_component_ablation_five_seeds
B0,2028,T,0.3,middle,5026,T,reconstructed,0.5426701307296753,13.053592681884766,8.240449905395508,5039,problem2_retrain_v2/results/aligned/ablations/f1_gate_component_ablation_five_seeds
B0,2028,T,0.3,middle,5026,T,observed_mean,0.0836814194917678,13.053592681884766,12.71336269378662,5039,problem2_retrain_v2/results/aligned/ablations/f1_gate_component_ablation_five_seeds
B0,2028,T,0.3,end,5026,T,reconstructed,0.5533844828605652,13.112982749938965,8.209100723266602,5039,problem2_retrain_v2/results/aligned/ablations/f1_gate_component_ablation_five_seeds
B0,2028,T,0.3,end,5026,T,observed_mean,0.1021851450204849,13.112982749938965,12.171817779541016,5039,problem2_retrain_v2/results/aligned/ablations/f1_gate_component_ablation_five_seeds
B0,2028,T,0.3,random,5026,T,reconstructed,0.5442787408828735,13.132502555847168,8.229445457458496,5039,problem2_retrain_v2/results/aligned/ablations/f1_gate_component_ablation_five_seeds
B0,2028,T,0.3,random,5026,T,observed_mean,0.086928054690361,13.132502555847168,12.693765640258787,5039,problem2_retrain_v2/results/aligned/ablations/f1_gate_component_ablation_five_seeds
B0,2028,T,0.3,random,5027,T,reconstructed,0.5435546636581421,13.105653762817385,8.239057540893555,5039,problem2_retrain_v2/results/aligned/ablations/f1_gate_component_ablation_five_seeds
B0,2028,T,0.3,random,5027,T,observed_mean,0.086890809237957,13.105653762817385,12.655427932739258,5039,problem2_retrain_v2/results/aligned/ablations/f1_gate_component_ablation_five_seeds
B0,2028,T,0.3,random,5028,T,reconstructed,0.5433947443962097,13.109830856323242,8.230329513549805,5039,problem2_retrain_v2/results/aligned/ablations/f1_gate_component_ablation_five_seeds
B0,2028,T,0.3,random,5028,T,observed_mean,0.0899626687169075,13.109830856323242,12.719816207885742,5039,problem2_retrain_v2/results/aligned/ablations/f1_gate_component_ablation_five_seeds
B0,2028,T,0.4,random,5026,T,reconstructed,0.5487809181213379,13.121197700500488,8.170734405517578,6740,problem2_retrain_v2/results/aligned/ablations/f1_gate_component_ablation_five_seeds
B0,2028,T,0.4,random,5026,T,observed_mean,0.1046851798892021,13.121197700500488,12.60598373413086,6740,problem2_retrain_v2/results/aligned/ablations/f1_gate_component_ablation_five_seeds
B0,2028,T,0.4,random,5027,T,reconstructed,0.5483701825141907,13.093829154968262,8.155126571655273,6740,problem2_retrain_v2/results/aligned/ablations/f1_gate_component_ablation_five_seeds
B0,2028,T,0.4,random,5027,T,observed_mean,0.1069948524236679,13.093829154968262,12.606039047241213,6740,problem2_retrain_v2/results/aligned/ablations/f1_gate_component_ablation_five_seeds
B0,2028,T,0.4,random,5028,T,reconstructed,0.547045886516571,13.09986686706543,8.15459156036377,6740,problem2_retrain_v2/results/aligned/ablations/f1_gate_component_ablation_five_seeds
B0,2028,T,0.4,random,5028,T,observed_mean,0.1058943122625351,13.09986686706543,12.70598030090332,6740,problem2_retrain_v2/results/aligned/ablations/f1_gate_component_ablation_five_seeds
B0,2028,T,0.5,random,5026,T,reconstructed,0.5532099604606628,13.122560501098633,8.04398250579834,8415,problem2_retrain_v2/results/aligned/ablations/f1_gate_component_ablation_five_seeds
B0,2028,T,0.5,random,5026,T,observed_mean,0.123676910996437,13.122560501098633,12.498108863830566,8415,problem2_retrain_v2/results/aligned/ablations/f1_gate_component_ablation_five_seeds
B0,2028,T,0.5,random,5027,T,reconstructed,0.5527408123016357,13.096572875976562,8.034833908081055,8415,problem2_retrain_v2/results/aligned/ablations/f1_gate_component_ablation_five_seeds
B0,2028,T,0.5,random,5027,T,observed_mean,0.1270333528518676,13.096572875976562,12.484004020690918,8415,problem2_retrain_v2/results/aligned/ablations/f1_gate_component_ablation_five_seeds
B0,2028,T,0.5,random,5028,T,reconstructed,0.5527209043502808,13.099091529846191,8.046574592590332,8415,problem2_retrain_v2/results/aligned/ablations/f1_gate_component_ablation_five_seeds
B0,2028,T,0.5,random,5028,T,observed_mean,0.1250767111778259,13.099091529846191,12.58663272857666,8415,problem2_retrain_v2/results/aligned/ablations/f1_gate_component_ablation_five_seeds
B0,2028,A,0.1,random,5026,A,reconstructed,0.9231085181236268,3.0640223026275635,1.8909120559692385,1711,problem2_retrain_v2/results/aligned/ablations/f1_gate_component_ablation_five_seeds
B0,2028,A,0.1,random,5026,A,observed_mean,0.438249796628952,3.0640223026275635,2.03525185585022,1711,problem2_retrain_v2/results/aligned/ablations/f1_gate_component_ablation_five_seeds
B0,2028,A,0.1,random,5027,A,reconstructed,0.9221324920654296,3.0667593479156494,1.8905317783355715,1711,problem2_retrain_v2/results/aligned/ablations/f1_gate_component_ablation_five_seeds
B0,2028,A,0.1,random,5027,A,observed_mean,0.4399924278259277,3.0667593479156494,2.0371012687683105,1711,problem2_retrain_v2/results/aligned/ablations/f1_gate_component_ablation_five_seeds
B0,2028,A,0.1,random,5028,A,reconstructed,0.9160062074661256,3.014047384262085,1.8918730020523071,1711,problem2_retrain_v2/results/aligned/ablations/f1_gate_component_ablation_five_seeds
B0,2028,A,0.1,random,5028,A,observed_mean,0.4320923388004303,3.014047384262085,2.0384116172790527,1711,problem2_retrain_v2/results/aligned/ablations/f1_gate_component_ablation_five_seeds
B0,2028,A,0.2,random,5026,A,reconstructed,0.9221878051757812,3.0441811084747314,1.891780495643616,3400,problem2_retrain_v2/results/aligned/ablations/f1_gate_component_ablation_five_seeds
B0,2028,A,0.2,random,5026,A,observed_mean,0.468103289604187,3.0441811084747314,2.040395736694336,3400,problem2_retrain_v2/results/aligned/ablations/f1_gate_component_ablation_five_seeds
B0,2028,A,0.2,random,5027,A,reconstructed,0.9220154285430908,3.040446281433105,1.8919410705566408,3400,problem2_retrain_v2/results/aligned/ablations/f1_gate_component_ablation_five_seeds
B0,2028,A,0.2,random,5027,A,observed_mean,0.4730455577373504,3.040446281433105,2.0432372093200684,3400,problem2_retrain_v2/results/aligned/ablations/f1_gate_component_ablation_five_seeds
B0,2028,A,0.2,random,5028,A,reconstructed,0.916013777256012,3.0588011741638184,1.891828179359436,3400,problem2_retrain_v2/results/aligned/ablations/f1_gate_component_ablation_five_seeds
B0,2028,A,0.2,random,5028,A,observed_mean,0.4619493782520294,3.0588011741638184,2.032155513763428,3400,problem2_retrain_v2/results/aligned/ablations/f1_gate_component_ablation_five_seeds
B0,2028,A,0.3,start,5026,A,reconstructed,0.9182157516479492,3.077504873275757,1.890610694885254,5039,problem2_retrain_v2/results/aligned/ablations/f1_gate_component_ablation_five_seeds
B0,2028,A,0.3,start,5026,A,observed_mean,0.517321765422821,3.077504873275757,2.0948452949523926,5039,problem2_retrain_v2/results/aligned/ablations/f1_gate_component_ablation_five_seeds
B0,2028,A,0.3,middle,5026,A,reconstructed,0.9179131388664246,3.045546293258667,1.892025232315064,5039,problem2_retrain_v2/results/aligned/ablations/f1_gate_component_ablation_five_seeds
B0,2028,A,0.3,middle,5026,A,observed_mean,0.462199330329895,3.045546293258667,2.056140661239624,5039,problem2_retrain_v2/results/aligned/ablations/f1_gate_component_ablation_five_seeds
B0,2028,A,0.3,end,5026,A,reconstructed,0.9212230443954468,3.047395944595337,1.888838291168213,5039,problem2_retrain_v2/results/aligned/ablations/f1_gate_component_ablation_five_seeds
B0,2028,A,0.3,end,5026,A,observed_mean,0.5531014800071716,3.047395944595337,2.1239657402038574,5039,problem2_retrain_v2/results/aligned/ablations/f1_gate_component_ablation_five_seeds
B0,2028,A,0.3,random,5026,A,reconstructed,0.9214382767677308,3.035081148147583,1.891788363456726,5039,problem2_retrain_v2/results/aligned/ablations/f1_gate_component_ablation_five_seeds
B0,2028,A,0.3,random,5026,A,observed_mean,0.4902039468288421,3.035081148147583,2.085365295410156,5039,problem2_retrain_v2/results/aligned/ablations/f1_gate_component_ablation_five_seeds
B0,2028,A,0.3,random,5027,A,reconstructed,0.92073255777359,3.033778190612793,1.8917858600616453,5039,problem2_retrain_v2/results/aligned/ablations/f1_gate_component_ablation_five_seeds
B0,2028,A,0.3,random,5027,A,observed_mean,0.4927637577056885,3.033778190612793,2.0846455097198486,5039,problem2_retrain_v2/results/aligned/ablations/f1_gate_component_ablation_five_seeds
B0,2028,A,0.3,random,5028,A,reconstructed,0.917433500289917,3.0612950325012207,1.8913429975509644,5039,problem2_retrain_v2/results/aligned/ablations/f1_gate_component_ablation_five_seeds
B0,2028,A,0.3,random,5028,A,observed_mean,0.4846744239330292,3.0612950325012207,2.07049560546875,5039,problem2_retrain_v2/results/aligned/ablations/f1_gate_component_ablation_five_seeds
B0,2028,A,0.4,random,5026,A,reconstructed,0.9199525117874146,3.027662515640259,1.8923348188400269,6740,problem2_retrain_v2/results/aligned/ablations/f1_gate_component_ablation_five_seeds
B0,2028,A,0.4,random,5026,A,observed_mean,0.5068725347518921,3.027662515640259,2.122504711151123,6740,problem2_retrain_v2/results/aligned/ablations/f1_gate_component_ablation_five_seeds
B0,2028,A,0.4,random,5027,A,reconstructed,0.9190858006477356,3.032137393951416,1.8921148777008057,6740,problem2_retrain_v2/results/aligned/ablations/f1_gate_component_ablation_five_seeds
B0,2028,A,0.4,random,5027,A,observed_mean,0.5066565871238708,3.032137393951416,2.121140956878662,6740,problem2_retrain_v2/results/aligned/ablations/f1_gate_component_ablation_five_seeds
B0,2028,A,0.4,random,5028,A,reconstructed,0.916778326034546,3.0626420974731445,1.8915189504623413,6740,problem2_retrain_v2/results/aligned/ablations/f1_gate_component_ablation_five_seeds
B0,2028,A,0.4,random,5028,A,observed_mean,0.5024118423461914,3.0626420974731445,2.0987250804901123,6740,problem2_retrain_v2/results/aligned/ablations/f1_gate_component_ablation_five_seeds
B0,2028,A,0.5,random,5026,A,reconstructed,0.9184418320655824,3.030049085617065,1.8922091722488403,8415,problem2_retrain_v2/results/aligned/ablations/f1_gate_component_ablation_five_seeds
B0,2028,A,0.5,random,5026,A,observed_mean,0.5206009149551392,3.030049085617065,2.1681365966796875,8415,problem2_retrain_v2/results/aligned/ablations/f1_gate_component_ablation_five_seeds
B0,2028,A,0.5,random,5027,A,reconstructed,0.9177037477493286,3.05269742012024,1.89172112941742,8415,problem2_retrain_v2/results/aligned/ablations/f1_gate_component_ablation_five_seeds
B0,2028,A,0.5,random,5027,A,observed_mean,0.5195984244346619,3.05269742012024,2.1531646251678467,8415,problem2_retrain_v2/results/aligned/ablations/f1_gate_component_ablation_five_seeds
B0,2028,A,0.5,random,5028,A,reconstructed,0.917292058467865,3.0542612075805664,1.891127347946167,8415,problem2_retrain_v2/results/aligned/ablations/f1_gate_component_ablation_five_seeds
B0,2028,A,0.5,random,5028,A,observed_mean,0.5204443335533142,3.0542612075805664,2.143625259399414,8415,problem2_retrain_v2/results/aligned/ablations/f1_gate_component_ablation_five_seeds
B0,2028,V,0.1,random,5026,V,reconstructed,0.8550326824188232,3.388885021209717,2.165081024169922,1604,problem2_retrain_v2/results/aligned/ablations/f1_gate_component_ablation_five_seeds
B0,2028,V,0.1,random,5026,V,observed_mean,0.1570732295513153,3.388885021209717,2.932147741317749,1604,problem2_retrain_v2/results/aligned/ablations/f1_gate_component_ablation_five_seeds
B0,2028,V,0.1,random,5027,V,reconstructed,0.8569322228431702,3.2926008701324463,2.16463303565979,1595,problem2_retrain_v2/results/aligned/ablations/f1_gate_component_ablation_five_seeds
B0,2028,V,0.1,random,5027,V,observed_mean,0.1562687456607818,3.2926008701324463,2.956094264984131,1595,problem2_retrain_v2/results/aligned/ablations/f1_gate_component_ablation_five_seeds
B0,2028,V,0.1,random,5028,V,reconstructed,0.8553034663200378,3.368083238601685,2.167675971984864,1588,problem2_retrain_v2/results/aligned/ablations/f1_gate_component_ablation_five_seeds
B0,2028,V,0.1,random,5028,V,observed_mean,0.1526481509208679,3.368083238601685,2.9472951889038086,1588,problem2_retrain_v2/results/aligned/ablations/f1_gate_component_ablation_five_seeds
B0,2028,V,0.2,random,5026,V,reconstructed,0.8546309471130371,3.383758783340454,2.1714954376220703,3194,problem2_retrain_v2/results/aligned/ablations/f1_gate_component_ablation_five_seeds
B0,2028,V,0.2,random,5026,V,observed_mean,0.1710670739412307,3.383758783340454,2.9426400661468506,3194,problem2_retrain_v2/results/aligned/ablations/f1_gate_component_ablation_five_seeds
B0,2028,V,0.2,random,5027,V,reconstructed,0.8567706942558289,3.308587074279785,2.171532392501831,3180,problem2_retrain_v2/results/aligned/ablations/f1_gate_component_ablation_five_seeds
B0,2028,V,0.2,random,5027,V,observed_mean,0.1713426262140274,3.308587074279785,2.9612925052642822,3180,problem2_retrain_v2/results/aligned/ablations/f1_gate_component_ablation_five_seeds
B0,2028,V,0.2,random,5028,V,reconstructed,0.8537859916687012,3.367243528366089,2.1721415519714355,3176,problem2_retrain_v2/results/aligned/ablations/f1_gate_component_ablation_five_seeds
B0,2028,V,0.2,random,5028,V,observed_mean,0.1692515611648559,3.367243528366089,2.950558662414551,3176,problem2_retrain_v2/results/aligned/ablations/f1_gate_component_ablation_five_seeds
B0,2028,V,0.3,start,5026,V,reconstructed,0.8560245037078857,3.315803050994873,2.1697049140930176,4768,problem2_retrain_v2/results/aligned/ablations/f1_gate_component_ablation_five_seeds
B0,2028,V,0.3,start,5026,V,observed_mean,0.212087795138359,3.315803050994873,2.9844970703125,4768,problem2_retrain_v2/results/aligned/ablations/f1_gate_component_ablation_five_seeds
B0,2028,V,0.3,middle,5026,V,reconstructed,0.8547611236572266,3.307563304901123,2.174527168273926,4759,problem2_retrain_v2/results/aligned/ablations/f1_gate_component_ablation_five_seeds
B0,2028,V,0.3,middle,5026,V,observed_mean,0.1607372164726257,3.307563304901123,2.96597957611084,4759,problem2_retrain_v2/results/aligned/ablations/f1_gate_component_ablation_five_seeds
B0,2028,V,0.3,end,5026,V,reconstructed,0.8589706420898438,3.4352970123291016,2.16951847076416,4663,problem2_retrain_v2/results/aligned/ablations/f1_gate_component_ablation_five_seeds
B0,2028,V,0.3,end,5026,V,observed_mean,0.2280700951814651,3.4352970123291016,2.988678216934204,4663,problem2_retrain_v2/results/aligned/ablations/f1_gate_component_ablation_five_seeds
B0,2028,V,0.3,random,5026,V,reconstructed,0.8546233177185059,3.377467155456543,2.17533278465271,4743,problem2_retrain_v2/results/aligned/ablations/f1_gate_component_ablation_five_seeds
B0,2028,V,0.3,random,5026,V,observed_mean,0.1817354410886764,3.377467155456543,2.953845977783203,4743,problem2_retrain_v2/results/aligned/ablations/f1_gate_component_ablation_five_seeds
B0,2028,V,0.3,random,5027,V,reconstructed,0.8555886745452881,3.316890478134156,2.174837112426758,4712,problem2_retrain_v2/results/aligned/ablations/f1_gate_component_ablation_five_seeds
B0,2028,V,0.3,random,5027,V,observed_mean,0.1832443624734878,3.316890478134156,2.9763824939727783,4712,problem2_retrain_v2/results/aligned/ablations/f1_gate_component_ablation_five_seeds
B0,2028,V,0.3,random,5028,V,reconstructed,0.8541263341903687,3.3456053733825684,2.17497992515564,4710,problem2_retrain_v2/results/aligned/ablations/f1_gate_component_ablation_five_seeds
B0,2028,V,0.3,random,5028,V,observed_mean,0.1777870953083038,3.3456053733825684,2.9618735313415527,4710,problem2_retrain_v2/results/aligned/ablations/f1_gate_component_ablation_five_seeds
B0,2028,V,0.4,random,5026,V,reconstructed,0.8541528582572937,3.357569456100464,2.179494619369507,6357,problem2_retrain_v2/results/aligned/ablations/f1_gate_component_ablation_five_seeds
B0,2028,V,0.4,random,5026,V,observed_mean,0.1920753419399261,3.357569456100464,2.975599527359009,6357,problem2_retrain_v2/results/aligned/ablations/f1_gate_component_ablation_five_seeds
B0,2028,V,0.4,random,5027,V,reconstructed,0.8543131947517395,3.317209005355835,2.1792683601379395,6308,problem2_retrain_v2/results/aligned/ablations/f1_gate_component_ablation_five_seeds
B0,2028,V,0.4,random,5027,V,observed_mean,0.1943545341491699,3.317209005355835,2.998016595840454,6308,problem2_retrain_v2/results/aligned/ablations/f1_gate_component_ablation_five_seeds
B0,2028,V,0.4,random,5028,V,reconstructed,0.8537749648094177,3.347362995147705,2.180104970932007,6306,problem2_retrain_v2/results/aligned/ablations/f1_gate_component_ablation_five_seeds
B0,2028,V,0.4,random,5028,V,observed_mean,0.1900816708803177,3.347362995147705,2.980039119720459,6306,problem2_retrain_v2/results/aligned/ablations/f1_gate_component_ablation_five_seeds
B0,2028,V,0.5,random,5026,V,reconstructed,0.8539606928825378,3.3384954929351807,2.182343006134033,7939,problem2_retrain_v2/results/aligned/ablations/f1_gate_component_ablation_five_seeds
B0,2028,V,0.5,random,5026,V,observed_mean,0.201505422592163,3.3384954929351807,3.008631706237793,7939,problem2_retrain_v2/results/aligned/ablations/f1_gate_component_ablation_five_seeds
B0,2028,V,0.5,random,5027,V,reconstructed,0.8541936874389648,3.318105936050415,2.182274580001831,7888,problem2_retrain_v2/results/aligned/ablations/f1_gate_component_ablation_five_seeds
B0,2028,V,0.5,random,5027,V,observed_mean,0.2029438316822052,3.318105936050415,3.021701097488404,7888,problem2_retrain_v2/results/aligned/ablations/f1_gate_component_ablation_five_seeds
B0,2028,V,0.5,random,5028,V,reconstructed,0.8539468050003052,3.3328278064727783,2.182459592819214,7893,problem2_retrain_v2/results/aligned/ablations/f1_gate_component_ablation_five_seeds
B0,2028,V,0.5,random,5028,V,observed_mean,0.2007790803909301,3.3328278064727783,3.014011859893799,7893,problem2_retrain_v2/results/aligned/ablations/f1_gate_component_ablation_five_seeds
B0,2028,TA,0.3,start,5026,T,reconstructed,0.5389477610588074,13.440788269042969,8.129473686218262,5039,problem2_retrain_v2/results/aligned/ablations/f1_gate_component_ablation_five_seeds
B0,2028,TA,0.3,start,5026,T,observed_mean,0.0855313912034034,13.440788269042969,12.546329498291016,5039,problem2_retrain_v2/results/aligned/ablations/f1_gate_component_ablation_five_seeds
B0,2028,TA,0.3,start,5026,A,reconstructed,0.9193921089172364,3.077504873275757,1.885531663894653,5039,problem2_retrain_v2/results/aligned/ablations/f1_gate_component_ablation_five_seeds
B0,2028,TA,0.3,start,5026,A,observed_mean,0.517321765422821,3.077504873275757,2.0948452949523926,5039,problem2_retrain_v2/results/aligned/ablations/f1_gate_component_ablation_five_seeds
B0,2028,TA,0.3,middle,5026,T,reconstructed,0.5421523451805115,13.053592681884766,8.238722801208496,5039,problem2_retrain_v2/results/aligned/ablations/f1_gate_component_ablation_five_seeds
B0,2028,TA,0.3,middle,5026,T,observed_mean,0.0836814194917678,13.053592681884766,12.71336269378662,5039,problem2_retrain_v2/results/aligned/ablations/f1_gate_component_ablation_five_seeds
B0,2028,TA,0.3,middle,5026,A,reconstructed,0.9191707968711852,3.045546293258667,1.8865134716033936,5039,problem2_retrain_v2/results/aligned/ablations/f1_gate_component_ablation_five_seeds
B0,2028,TA,0.3,middle,5026,A,observed_mean,0.462199330329895,3.045546293258667,2.056140661239624,5039,problem2_retrain_v2/results/aligned/ablations/f1_gate_component_ablation_five_seeds
B0,2028,TA,0.3,end,5026,T,reconstructed,0.5527187585830688,13.112982749938965,8.207847595214844,5039,problem2_retrain_v2/results/aligned/ablations/f1_gate_component_ablation_five_seeds
B0,2028,TA,0.3,end,5026,T,observed_mean,0.1021851450204849,13.112982749938965,12.171817779541016,5039,problem2_retrain_v2/results/aligned/ablations/f1_gate_component_ablation_five_seeds
B0,2028,TA,0.3,end,5026,A,reconstructed,0.9262018203735352,3.047395944595337,1.8759889602661133,5039,problem2_retrain_v2/results/aligned/ablations/f1_gate_component_ablation_five_seeds
B0,2028,TA,0.3,end,5026,A,observed_mean,0.5531014800071716,3.047395944595337,2.1239657402038574,5039,problem2_retrain_v2/results/aligned/ablations/f1_gate_component_ablation_five_seeds
B0,2028,TA,0.3,random,5026,T,reconstructed,0.5437007546424866,13.132502555847168,8.22531795501709,5039,problem2_retrain_v2/results/aligned/ablations/f1_gate_component_ablation_five_seeds
B0,2028,TA,0.3,random,5026,T,observed_mean,0.086928054690361,13.132502555847168,12.693765640258787,5039,problem2_retrain_v2/results/aligned/ablations/f1_gate_component_ablation_five_seeds
B0,2028,TA,0.3,random,5026,A,reconstructed,0.924285888671875,3.035081148147583,1.8938355445861816,5039,problem2_retrain_v2/results/aligned/ablations/f1_gate_component_ablation_five_seeds
B0,2028,TA,0.3,random,5026,A,observed_mean,0.4902039468288421,3.035081148147583,2.085365295410156,5039,problem2_retrain_v2/results/aligned/ablations/f1_gate_component_ablation_five_seeds
B0,2028,TA,0.3,random,5027,T,reconstructed,0.5431188344955444,13.105653762817385,8.230522155761719,5039,problem2_retrain_v2/results/aligned/ablations/f1_gate_component_ablation_five_seeds
B0,2028,TA,0.3,random,5027,T,observed_mean,0.086890809237957,13.105653762817385,12.655427932739258,5039,problem2_retrain_v2/results/aligned/ablations/f1_gate_component_ablation_five_seeds
B0,2028,TA,0.3,random,5027,A,reconstructed,0.9239617586135864,3.033778190612793,1.887662410736084,5039,problem2_retrain_v2/results/aligned/ablations/f1_gate_component_ablation_five_seeds
B0,2028,TA,0.3,random,5027,A,observed_mean,0.4927637577056885,3.033778190612793,2.0846455097198486,5039,problem2_retrain_v2/results/aligned/ablations/f1_gate_component_ablation_five_seeds
B0,2028,TA,0.3,random,5028,T,reconstructed,0.5428951978683472,13.109830856323242,8.227622985839844,5039,problem2_retrain_v2/results/aligned/ablations/f1_gate_component_ablation_five_seeds
B0,2028,TA,0.3,random,5028,T,observed_mean,0.0899626687169075,13.109830856323242,12.719816207885742,5039,problem2_retrain_v2/results/aligned/ablations/f1_gate_component_ablation_five_seeds
B0,2028,TA,0.3,random,5028,A,reconstructed,0.9203660488128662,3.0612950325012207,1.894468069076538,5039,problem2_retrain_v2/results/aligned/ablations/f1_gate_component_ablation_five_seeds
B0,2028,TA,0.3,random,5028,A,observed_mean,0.4846744239330292,3.0612950325012207,2.07049560546875,5039,problem2_retrain_v2/results/aligned/ablations/f1_gate_component_ablation_five_seeds
B0,2028,TV,0.3,start,5026,T,reconstructed,0.5379295349121094,13.443265914916992,8.195684432983398,5035,problem2_retrain_v2/results/aligned/ablations/f1_gate_component_ablation_five_seeds
B0,2028,TV,0.3,start,5026,T,observed_mean,0.0855492502450943,13.443265914916992,12.548367500305176,5035,problem2_retrain_v2/results/aligned/ablations/f1_gate_component_ablation_five_seeds
B0,2028,TV,0.3,start,5026,V,reconstructed,0.8590573072433472,3.315803050994873,2.15116286277771,4768,problem2_retrain_v2/results/aligned/ablations/f1_gate_component_ablation_five_seeds
B0,2028,TV,0.3,start,5026,V,observed_mean,0.212087795138359,3.315803050994873,2.9844970703125,4768,problem2_retrain_v2/results/aligned/ablations/f1_gate_component_ablation_five_seeds
B0,2028,TV,0.3,middle,5026,T,reconstructed,0.541197657585144,13.056432723999023,8.300630569458008,5036,problem2_retrain_v2/results/aligned/ablations/f1_gate_component_ablation_five_seeds
B0,2028,TV,0.3,middle,5026,T,observed_mean,0.0836571082472801,13.056432723999023,12.71515655517578,5036,problem2_retrain_v2/results/aligned/ablations/f1_gate_component_ablation_five_seeds
B0,2028,TV,0.3,middle,5026,V,reconstructed,0.8586704134941101,3.307563304901123,2.167628765106201,4759,problem2_retrain_v2/results/aligned/ablations/f1_gate_component_ablation_five_seeds
B0,2028,TV,0.3,middle,5026,V,observed_mean,0.1607372164726257,3.307563304901123,2.96597957611084,4759,problem2_retrain_v2/results/aligned/ablations/f1_gate_component_ablation_five_seeds
B0,2028,TV,0.3,end,5026,T,reconstructed,0.5517049431800842,13.1176118850708,8.26213264465332,5030,problem2_retrain_v2/results/aligned/ablations/f1_gate_component_ablation_five_seeds
B0,2028,TV,0.3,end,5026,T,observed_mean,0.1022466868162155,13.1176118850708,12.173439979553224,5030,problem2_retrain_v2/results/aligned/ablations/f1_gate_component_ablation_five_seeds
B0,2028,TV,0.3,end,5026,V,reconstructed,0.8640127182006836,3.4352970123291016,2.1676576137542725,4663,problem2_retrain_v2/results/aligned/ablations/f1_gate_component_ablation_five_seeds
B0,2028,TV,0.3,end,5026,V,observed_mean,0.2280700951814651,3.4352970123291016,2.988678216934204,4663,problem2_retrain_v2/results/aligned/ablations/f1_gate_component_ablation_five_seeds
B0,2028,TV,0.3,random,5026,T,reconstructed,0.5427562594413757,13.132502555847168,8.290729522705078,5039,problem2_retrain_v2/results/aligned/ablations/f1_gate_component_ablation_five_seeds
B0,2028,TV,0.3,random,5026,T,observed_mean,0.086928054690361,13.132502555847168,12.693765640258787,5039,problem2_retrain_v2/results/aligned/ablations/f1_gate_component_ablation_five_seeds
B0,2028,TV,0.3,random,5026,V,reconstructed,0.8594573140144348,3.377467155456543,2.180500268936157,4743,problem2_retrain_v2/results/aligned/ablations/f1_gate_component_ablation_five_seeds
B0,2028,TV,0.3,random,5026,V,observed_mean,0.1817354410886764,3.377467155456543,2.953845977783203,4743,problem2_retrain_v2/results/aligned/ablations/f1_gate_component_ablation_five_seeds
B0,2028,TV,0.3,random,5027,T,reconstructed,0.5420824885368347,13.106633186340332,8.299882888793945,5038,problem2_retrain_v2/results/aligned/ablations/f1_gate_component_ablation_five_seeds
B0,2028,TV,0.3,random,5027,T,observed_mean,0.0868918225169181,13.106633186340332,12.65634059906006,5038,problem2_retrain_v2/results/aligned/ablations/f1_gate_component_ablation_five_seeds
B0,2028,TV,0.3,random,5027,V,reconstructed,0.8584223985671997,3.316890478134156,2.1735942363739014,4712,problem2_retrain_v2/results/aligned/ablations/f1_gate_component_ablation_five_seeds
B0,2028,TV,0.3,random,5027,V,observed_mean,0.1832443624734878,3.316890478134156,2.9763824939727783,4712,problem2_retrain_v2/results/aligned/ablations/f1_gate_component_ablation_five_seeds
B0,2028,TV,0.3,random,5028,T,reconstructed,0.5418304204940796,13.115767478942873,8.28947639465332,5030,problem2_retrain_v2/results/aligned/ablations/f1_gate_component_ablation_five_seeds
B0,2028,TV,0.3,random,5028,T,observed_mean,0.0898826122283935,13.115767478942873,12.725139617919922,5030,problem2_retrain_v2/results/aligned/ablations/f1_gate_component_ablation_five_seeds
B0,2028,TV,0.3,random,5028,V,reconstructed,0.8595050573348999,3.3456053733825684,2.174180746078491,4710,problem2_retrain_v2/results/aligned/ablations/f1_gate_component_ablation_five_seeds
B0,2028,TV,0.3,random,5028,V,observed_mean,0.1777870953083038,3.3456053733825684,2.9618735313415527,4710,problem2_retrain_v2/results/aligned/ablations/f1_gate_component_ablation_five_seeds
B0,2028,AV,0.3,start,5026,A,reconstructed,0.9173350930213928,3.077822208404541,1.8963947296142576,5035,problem2_retrain_v2/results/aligned/ablations/f1_gate_component_ablation_five_seeds
B0,2028,AV,0.3,start,5026,A,observed_mean,0.5172618627548218,3.077822208404541,2.0947282314300537,5035,problem2_retrain_v2/results/aligned/ablations/f1_gate_component_ablation_five_seeds
B0,2028,AV,0.3,start,5026,V,reconstructed,0.8552513122558594,3.315803050994873,2.1723196506500244,4768,problem2_retrain_v2/results/aligned/ablations/f1_gate_component_ablation_five_seeds
B0,2028,AV,0.3,start,5026,V,observed_mean,0.212087795138359,3.315803050994873,2.9844970703125,4768,problem2_retrain_v2/results/aligned/ablations/f1_gate_component_ablation_five_seeds
B0,2028,AV,0.3,middle,5026,A,reconstructed,0.917465329170227,3.044999599456787,1.898003935813904,5036,problem2_retrain_v2/results/aligned/ablations/f1_gate_component_ablation_five_seeds
B0,2028,AV,0.3,middle,5026,A,observed_mean,0.4623746275901794,3.044999599456787,2.0550761222839355,5036,problem2_retrain_v2/results/aligned/ablations/f1_gate_component_ablation_five_seeds
B0,2028,AV,0.3,middle,5026,V,reconstructed,0.8542554974555969,3.307563304901123,2.1756653785705566,4759,problem2_retrain_v2/results/aligned/ablations/f1_gate_component_ablation_five_seeds
B0,2028,AV,0.3,middle,5026,V,observed_mean,0.1607372164726257,3.307563304901123,2.96597957611084,4759,problem2_retrain_v2/results/aligned/ablations/f1_gate_component_ablation_five_seeds
B0,2028,AV,0.3,end,5026,A,reconstructed,0.9205527305603028,3.047506332397461,1.8959561586380005,5030,problem2_retrain_v2/results/aligned/ablations/f1_gate_component_ablation_five_seeds
B0,2028,AV,0.3,end,5026,A,observed_mean,0.5531569719314575,3.047506332397461,2.122730255126953,5030,problem2_retrain_v2/results/aligned/ablations/f1_gate_component_ablation_five_seeds
B0,2028,AV,0.3,end,5026,V,reconstructed,0.8581491708755493,3.4352970123291016,2.1719233989715576,4663,problem2_retrain_v2/results/aligned/ablations/f1_gate_component_ablation_five_seeds
B0,2028,AV,0.3,end,5026,V,observed_mean,0.2280700951814651,3.4352970123291016,2.988678216934204,4663,problem2_retrain_v2/results/aligned/ablations/f1_gate_component_ablation_five_seeds
B0,2028,AV,0.3,random,5026,A,reconstructed,0.9210819602012634,3.035081148147583,1.898002982139588,5039,problem2_retrain_v2/results/aligned/ablations/f1_gate_component_ablation_five_seeds
B0,2028,AV,0.3,random,5026,A,observed_mean,0.4902039468288421,3.035081148147583,2.085365295410156,5039,problem2_retrain_v2/results/aligned/ablations/f1_gate_component_ablation_five_seeds
B0,2028,AV,0.3,random,5026,V,reconstructed,0.8536930680274963,3.377467155456543,2.176732063293457,4743,problem2_retrain_v2/results/aligned/ablations/f1_gate_component_ablation_five_seeds
B0,2028,AV,0.3,random,5026,V,observed_mean,0.1817354410886764,3.377467155456543,2.953845977783203,4743,problem2_retrain_v2/results/aligned/ablations/f1_gate_component_ablation_five_seeds
B0,2028,AV,0.3,random,5027,A,reconstructed,0.9201085567474364,3.0335519313812256,1.8975194692611688,5038,problem2_retrain_v2/results/aligned/ablations/f1_gate_component_ablation_five_seeds
B0,2028,AV,0.3,random,5027,A,observed_mean,0.4928310811519623,3.0335519313812256,2.0843234062194824,5038,problem2_retrain_v2/results/aligned/ablations/f1_gate_component_ablation_five_seeds
B0,2028,AV,0.3,random,5027,V,reconstructed,0.8546299934387207,3.316890478134156,2.1765148639678955,4712,problem2_retrain_v2/results/aligned/ablations/f1_gate_component_ablation_five_seeds
B0,2028,AV,0.3,random,5027,V,observed_mean,0.1832443624734878,3.316890478134156,2.9763824939727783,4712,problem2_retrain_v2/results/aligned/ablations/f1_gate_component_ablation_five_seeds
B0,2028,AV,0.3,random,5028,A,reconstructed,0.916703760623932,3.0610930919647217,1.8972547054290767,5030,problem2_retrain_v2/results/aligned/ablations/f1_gate_component_ablation_five_seeds
B0,2028,AV,0.3,random,5028,A,observed_mean,0.48484867811203,3.0610930919647217,2.0687003135681152,5030,problem2_retrain_v2/results/aligned/ablations/f1_gate_component_ablation_five_seeds
B0,2028,AV,0.3,random,5028,V,reconstructed,0.8536719679832458,3.3456053733825684,2.176835060119629,4710,problem2_retrain_v2/results/aligned/ablations/f1_gate_component_ablation_five_seeds
B0,2028,AV,0.3,random,5028,V,observed_mean,0.1777870953083038,3.3456053733825684,2.9618735313415527,4710,problem2_retrain_v2/results/aligned/ablations/f1_gate_component_ablation_five_seeds
B0,2028,TAV,0.3,start,5026,T,reconstructed,0.5374063849449158,13.443265914916992,8.184475898742676,5035,problem2_retrain_v2/results/aligned/ablations/f1_gate_component_ablation_five_seeds
B0,2028,TAV,0.3,start,5026,T,observed_mean,0.0855492502450943,13.443265914916992,12.548367500305176,5035,problem2_retrain_v2/results/aligned/ablations/f1_gate_component_ablation_five_seeds
B0,2028,TAV,0.3,start,5026,A,reconstructed,0.9188340902328492,3.077822208404541,1.894503116607666,5035,problem2_retrain_v2/results/aligned/ablations/f1_gate_component_ablation_five_seeds
B0,2028,TAV,0.3,start,5026,A,observed_mean,0.5172618627548218,3.077822208404541,2.0947282314300537,5035,problem2_retrain_v2/results/aligned/ablations/f1_gate_component_ablation_five_seeds
B0,2028,TAV,0.3,start,5026,V,reconstructed,0.8579557538032532,3.315803050994873,2.1540589332580566,4768,problem2_retrain_v2/results/aligned/ablations/f1_gate_component_ablation_five_seeds
B0,2028,TAV,0.3,start,5026,V,observed_mean,0.212087795138359,3.315803050994873,2.9844970703125,4768,problem2_retrain_v2/results/aligned/ablations/f1_gate_component_ablation_five_seeds
B0,2028,TAV,0.3,middle,5026,T,reconstructed,0.5406771302223206,13.056432723999023,8.300966262817383,5036,problem2_retrain_v2/results/aligned/ablations/f1_gate_component_ablation_five_seeds
B0,2028,TAV,0.3,middle,5026,T,observed_mean,0.0836571082472801,13.056432723999023,12.71515655517578,5036,problem2_retrain_v2/results/aligned/ablations/f1_gate_component_ablation_five_seeds
B0,2028,TAV,0.3,middle,5026,A,reconstructed,0.919055163860321,3.044999599456787,1.89545738697052,5036,problem2_retrain_v2/results/aligned/ablations/f1_gate_component_ablation_five_seeds
B0,2028,TAV,0.3,middle,5026,A,observed_mean,0.4623746275901794,3.044999599456787,2.0550761222839355,5036,problem2_retrain_v2/results/aligned/ablations/f1_gate_component_ablation_five_seeds
B0,2028,TAV,0.3,middle,5026,V,reconstructed,0.8581119775772095,3.307563304901123,2.169039964675904,4759,problem2_retrain_v2/results/aligned/ablations/f1_gate_component_ablation_five_seeds
B0,2028,TAV,0.3,middle,5026,V,observed_mean,0.1607372164726257,3.307563304901123,2.96597957611084,4759,problem2_retrain_v2/results/aligned/ablations/f1_gate_component_ablation_five_seeds
B0,2028,TAV,0.3,end,5026,T,reconstructed,0.5510289072990417,13.1176118850708,8.261527061462402,5030,problem2_retrain_v2/results/aligned/ablations/f1_gate_component_ablation_five_seeds
B0,2028,TAV,0.3,end,5026,T,observed_mean,0.1022466868162155,13.1176118850708,12.173439979553224,5030,problem2_retrain_v2/results/aligned/ablations/f1_gate_component_ablation_five_seeds
B0,2028,TAV,0.3,end,5026,A,reconstructed,0.9259917736053468,3.047506332397461,1.886752367019653,5030,problem2_retrain_v2/results/aligned/ablations/f1_gate_component_ablation_five_seeds
B0,2028,TAV,0.3,end,5026,A,observed_mean,0.5531569719314575,3.047506332397461,2.122730255126953,5030,problem2_retrain_v2/results/aligned/ablations/f1_gate_component_ablation_five_seeds
B0,2028,TAV,0.3,end,5026,V,reconstructed,0.8628444671630859,3.4352970123291016,2.170070171356201,4663,problem2_retrain_v2/results/aligned/ablations/f1_gate_component_ablation_five_seeds
B0,2028,TAV,0.3,end,5026,V,observed_mean,0.2280700951814651,3.4352970123291016,2.988678216934204,4663,problem2_retrain_v2/results/aligned/ablations/f1_gate_component_ablation_five_seeds
B0,2028,TAV,0.3,random,5026,T,reconstructed,0.5421692728996277,13.132502555847168,8.288772583007812,5039,problem2_retrain_v2/results/aligned/ablations/f1_gate_component_ablation_five_seeds
B0,2028,TAV,0.3,random,5026,T,observed_mean,0.086928054690361,13.132502555847168,12.693765640258787,5039,problem2_retrain_v2/results/aligned/ablations/f1_gate_component_ablation_five_seeds
B0,2028,TAV,0.3,random,5026,A,reconstructed,0.9243651628494264,3.035081148147583,1.9030245542526243,5039,problem2_retrain_v2/results/aligned/ablations/f1_gate_component_ablation_five_seeds
B0,2028,TAV,0.3,random,5026,A,observed_mean,0.4902039468288421,3.035081148147583,2.085365295410156,5039,problem2_retrain_v2/results/aligned/ablations/f1_gate_component_ablation_five_seeds
B0,2028,TAV,0.3,random,5026,V,reconstructed,0.8583852648735046,3.377467155456543,2.182995080947876,4743,problem2_retrain_v2/results/aligned/ablations/f1_gate_component_ablation_five_seeds
B0,2028,TAV,0.3,random,5026,V,observed_mean,0.1817354410886764,3.377467155456543,2.953845977783203,4743,problem2_retrain_v2/results/aligned/ablations/f1_gate_component_ablation_five_seeds
B0,2028,TAV,0.3,random,5027,T,reconstructed,0.5416429042816162,13.106633186340332,8.292901039123535,5038,problem2_retrain_v2/results/aligned/ablations/f1_gate_component_ablation_five_seeds
B0,2028,TAV,0.3,random,5027,T,observed_mean,0.0868918225169181,13.106633186340332,12.65634059906006,5038,problem2_retrain_v2/results/aligned/ablations/f1_gate_component_ablation_five_seeds
B0,2028,TAV,0.3,random,5027,A,reconstructed,0.9237657189369202,3.0335519313812256,1.896786332130432,5038,problem2_retrain_v2/results/aligned/ablations/f1_gate_component_ablation_five_seeds
B0,2028,TAV,0.3,random,5027,A,observed_mean,0.4928310811519623,3.0335519313812256,2.0843234062194824,5038,problem2_retrain_v2/results/aligned/ablations/f1_gate_component_ablation_five_seeds
B0,2028,TAV,0.3,random,5027,V,reconstructed,0.8571134209632874,3.316890478134156,2.1751480102539062,4712,problem2_retrain_v2/results/aligned/ablations/f1_gate_component_ablation_five_seeds
B0,2028,TAV,0.3,random,5027,V,observed_mean,0.1832443624734878,3.316890478134156,2.9763824939727783,4712,problem2_retrain_v2/results/aligned/ablations/f1_gate_component_ablation_five_seeds
B0,2028,TAV,0.3,random,5028,T,reconstructed,0.541322648525238,13.115767478942873,8.288309097290039,5030,problem2_retrain_v2/results/aligned/ablations/f1_gate_component_ablation_five_seeds
B0,2028,TAV,0.3,random,5028,T,observed_mean,0.0898826122283935,13.115767478942873,12.725139617919922,5030,problem2_retrain_v2/results/aligned/ablations/f1_gate_component_ablation_five_seeds
B0,2028,TAV,0.3,random,5028,A,reconstructed,0.9200249910354614,3.0610930919647217,1.9031046628952024,5030,problem2_retrain_v2/results/aligned/ablations/f1_gate_component_ablation_five_seeds
B0,2028,TAV,0.3,random,5028,A,observed_mean,0.48484867811203,3.0610930919647217,2.0687003135681152,5030,problem2_retrain_v2/results/aligned/ablations/f1_gate_component_ablation_five_seeds
B0,2028,TAV,0.3,random,5028,V,reconstructed,0.8589834570884705,3.3456053733825684,2.176452398300171,4710,problem2_retrain_v2/results/aligned/ablations/f1_gate_component_ablation_five_seeds
B0,2028,TAV,0.3,random,5028,V,observed_mean,0.1777870953083038,3.3456053733825684,2.9618735313415527,4710,problem2_retrain_v2/results/aligned/ablations/f1_gate_component_ablation_five_seeds
noB,2027,T,0.1,random,5026,T,reconstructed,0.3237674236297607,14.436856269836426,9.546870231628418,1711,problem2_retrain_v2/results/aligned/ablations/f1_gate_component_ablation_five_seeds
noB,2027,T,0.1,random,5026,T,observed_mean,0.0642443224787712,14.436856269836426,14.032964706420898,1711,problem2_retrain_v2/results/aligned/ablations/f1_gate_component_ablation_five_seeds
noB,2027,T,0.1,random,5027,T,reconstructed,0.3278127014636993,14.4075345993042,9.536172866821287,1711,problem2_retrain_v2/results/aligned/ablations/f1_gate_component_ablation_five_seeds
noB,2027,T,0.1,random,5027,T,observed_mean,0.0700562298297882,14.4075345993042,13.981377601623535,1711,problem2_retrain_v2/results/aligned/ablations/f1_gate_component_ablation_five_seeds
noB,2027,T,0.1,random,5028,T,reconstructed,0.3291632533073425,14.43767261505127,9.544666290283203,1711,problem2_retrain_v2/results/aligned/ablations/f1_gate_component_ablation_five_seeds
noB,2027,T,0.1,random,5028,T,observed_mean,0.0737187266349792,14.43767261505127,13.958328247070312,1711,problem2_retrain_v2/results/aligned/ablations/f1_gate_component_ablation_five_seeds
noB,2027,T,0.2,random,5026,T,reconstructed,0.3330676853656769,14.40526294708252,9.506413459777832,3400,problem2_retrain_v2/results/aligned/ablations/f1_gate_component_ablation_five_seeds
noB,2027,T,0.2,random,5026,T,observed_mean,0.084376186132431,14.40526294708252,13.999011993408203,3400,problem2_retrain_v2/results/aligned/ablations/f1_gate_component_ablation_five_seeds
noB,2027,T,0.2,random,5027,T,reconstructed,0.3349672257900238,14.371845245361328,9.509109497070312,3400,problem2_retrain_v2/results/aligned/ablations/f1_gate_component_ablation_five_seeds
noB,2027,T,0.2,random,5027,T,observed_mean,0.0850052833557128,14.371845245361328,13.939785957336426,3400,problem2_retrain_v2/results/aligned/ablations/f1_gate_component_ablation_five_seeds
noB,2027,T,0.2,random,5028,T,reconstructed,0.3355479836463928,14.39987087249756,9.522031784057615,3400,problem2_retrain_v2/results/aligned/ablations/f1_gate_component_ablation_five_seeds
noB,2027,T,0.2,random,5028,T,observed_mean,0.0894089117646217,14.39987087249756,13.976141929626465,3400,problem2_retrain_v2/results/aligned/ablations/f1_gate_component_ablation_five_seeds
noB,2027,T,0.3,start,5026,T,reconstructed,0.3470000624656677,14.600823402404783,9.423309326171877,5039,problem2_retrain_v2/results/aligned/ablations/f1_gate_component_ablation_five_seeds
noB,2027,T,0.3,start,5026,T,observed_mean,0.0976443886756897,14.600823402404783,13.756719589233398,5039,problem2_retrain_v2/results/aligned/ablations/f1_gate_component_ablation_five_seeds
noB,2027,T,0.3,middle,5026,T,reconstructed,0.3405399322509765,14.321439743041992,9.429574966430664,5039,problem2_retrain_v2/results/aligned/ablations/f1_gate_component_ablation_five_seeds
noB,2027,T,0.3,middle,5026,T,observed_mean,0.0960521772503852,14.321439743041992,13.89484977722168,5039,problem2_retrain_v2/results/aligned/ablations/f1_gate_component_ablation_five_seeds
noB,2027,T,0.3,end,5026,T,reconstructed,0.3538451492786407,14.498421669006348,9.398085594177246,5039,problem2_retrain_v2/results/aligned/ablations/f1_gate_component_ablation_five_seeds
noB,2027,T,0.3,end,5026,T,observed_mean,0.1186878308653831,14.498421669006348,13.279946327209473,5039,problem2_retrain_v2/results/aligned/ablations/f1_gate_component_ablation_five_seeds
noB,2027,T,0.3,random,5026,T,reconstructed,0.341713011264801,14.407729148864746,9.413848876953123,5039,problem2_retrain_v2/results/aligned/ablations/f1_gate_component_ablation_five_seeds
noB,2027,T,0.3,random,5026,T,observed_mean,0.1013308018445968,14.407729148864746,13.901400566101074,5039,problem2_retrain_v2/results/aligned/ablations/f1_gate_component_ablation_five_seeds
noB,2027,T,0.3,random,5027,T,reconstructed,0.3464352190494537,14.362832069396973,9.437546730041504,5039,problem2_retrain_v2/results/aligned/ablations/f1_gate_component_ablation_five_seeds
noB,2027,T,0.3,random,5027,T,observed_mean,0.1018836796283721,14.362832069396973,13.849185943603516,5039,problem2_retrain_v2/results/aligned/ablations/f1_gate_component_ablation_five_seeds
noB,2027,T,0.3,random,5028,T,reconstructed,0.3436143696308136,14.36983585357666,9.466448783874512,5039,problem2_retrain_v2/results/aligned/ablations/f1_gate_component_ablation_five_seeds
noB,2027,T,0.3,random,5028,T,observed_mean,0.1035369709134101,14.36983585357666,13.970955848693848,5039,problem2_retrain_v2/results/aligned/ablations/f1_gate_component_ablation_five_seeds
noB,2027,T,0.4,random,5026,T,reconstructed,0.3536220490932464,14.408777236938477,9.330228805541992,6740,problem2_retrain_v2/results/aligned/ablations/f1_gate_component_ablation_five_seeds
noB,2027,T,0.4,random,5026,T,observed_mean,0.1210779398679733,14.408777236938477,13.822949409484863,6740,problem2_retrain_v2/results/aligned/ablations/f1_gate_component_ablation_five_seeds
noB,2027,T,0.4,random,5027,T,reconstructed,0.3603167235851288,14.35224151611328,9.351300239562988,6740,problem2_retrain_v2/results/aligned/ablations/f1_gate_component_ablation_five_seeds
noB,2027,T,0.4,random,5027,T,observed_mean,0.1276686936616897,14.35224151611328,13.817591667175291,6740,problem2_retrain_v2/results/aligned/ablations/f1_gate_component_ablation_five_seeds
noB,2027,T,0.4,random,5028,T,reconstructed,0.3536388278007507,14.36908721923828,9.378222465515137,6740,problem2_retrain_v2/results/aligned/ablations/f1_gate_component_ablation_five_seeds
noB,2027,T,0.4,random,5028,T,observed_mean,0.1229842156171798,14.36908721923828,13.931523323059082,6740,problem2_retrain_v2/results/aligned/ablations/f1_gate_component_ablation_five_seeds
noB,2027,T,0.5,random,5026,T,reconstructed,0.3652901351451874,14.410888671875,9.199295043945312,8415,problem2_retrain_v2/results/aligned/ablations/f1_gate_component_ablation_five_seeds
noB,2027,T,0.5,random,5026,T,observed_mean,0.1419612616300583,14.410888671875,13.64973258972168,8415,problem2_retrain_v2/results/aligned/ablations/f1_gate_component_ablation_five_seeds
noB,2027,T,0.5,random,5027,T,reconstructed,0.3710044026374817,14.372747421264648,9.210079193115234,8415,problem2_retrain_v2/results/aligned/ablations/f1_gate_component_ablation_five_seeds
noB,2027,T,0.5,random,5027,T,observed_mean,0.1463545560836792,14.372747421264648,13.643722534179688,8415,problem2_retrain_v2/results/aligned/ablations/f1_gate_component_ablation_five_seeds
noB,2027,T,0.5,random,5028,T,reconstructed,0.3671841025352478,14.364717483520508,9.249571800231934,8415,problem2_retrain_v2/results/aligned/ablations/f1_gate_component_ablation_five_seeds
noB,2027,T,0.5,random,5028,T,observed_mean,0.1427283436059951,14.364717483520508,13.804513931274414,8415,problem2_retrain_v2/results/aligned/ablations/f1_gate_component_ablation_five_seeds
noB,2027,A,0.1,random,5026,A,reconstructed,0.9159242510795592,3.08796501159668,1.853835940361023,1711,problem2_retrain_v2/results/aligned/ablations/f1_gate_component_ablation_five_seeds
noB,2027,A,0.1,random,5026,A,observed_mean,0.4350905120372772,3.08796501159668,2.0587852001190186,1711,problem2_retrain_v2/results/aligned/ablations/f1_gate_component_ablation_five_seeds
noB,2027,A,0.1,random,5027,A,reconstructed,0.9192517399787904,3.091630697250366,1.8543832302093504,1711,problem2_retrain_v2/results/aligned/ablations/f1_gate_component_ablation_five_seeds
noB,2027,A,0.1,random,5027,A,observed_mean,0.4373080134391784,3.091630697250366,2.0607943534851074,1711,problem2_retrain_v2/results/aligned/ablations/f1_gate_component_ablation_five_seeds
noB,2027,A,0.1,random,5028,A,reconstructed,0.919251024723053,3.0373964309692383,1.853238821029663,1711,problem2_retrain_v2/results/aligned/ablations/f1_gate_component_ablation_five_seeds
noB,2027,A,0.1,random,5028,A,observed_mean,0.4295147061347961,3.0373964309692383,2.0621323585510254,1711,problem2_retrain_v2/results/aligned/ablations/f1_gate_component_ablation_five_seeds
noB,2027,A,0.2,random,5026,A,reconstructed,0.9168649315834044,3.0687174797058105,1.8526157140731807,3400,problem2_retrain_v2/results/aligned/ablations/f1_gate_component_ablation_five_seeds
noB,2027,A,0.2,random,5026,A,observed_mean,0.4649634957313537,3.0687174797058105,2.064050674438477,3400,problem2_retrain_v2/results/aligned/ablations/f1_gate_component_ablation_five_seeds
noB,2027,A,0.2,random,5027,A,reconstructed,0.9191234707832336,3.064413547515869,1.8533116579055784,3400,problem2_retrain_v2/results/aligned/ablations/f1_gate_component_ablation_five_seeds
noB,2027,A,0.2,random,5027,A,observed_mean,0.4702734351158142,3.064413547515869,2.067302227020264,3400,problem2_retrain_v2/results/aligned/ablations/f1_gate_component_ablation_five_seeds
noB,2027,A,0.2,random,5028,A,reconstructed,0.919026017189026,3.0820188522338867,1.851957321166992,3400,problem2_retrain_v2/results/aligned/ablations/f1_gate_component_ablation_five_seeds
noB,2027,A,0.2,random,5028,A,observed_mean,0.458961009979248,3.0820188522338867,2.0561976432800293,3400,problem2_retrain_v2/results/aligned/ablations/f1_gate_component_ablation_five_seeds
noB,2027,A,0.3,start,5026,A,reconstructed,0.9397574067115784,3.1017656326293945,1.844314694404602,5039,problem2_retrain_v2/results/aligned/ablations/f1_gate_component_ablation_five_seeds
noB,2027,A,0.3,start,5026,A,observed_mean,0.5140436887741089,3.1017656326293945,2.118682622909546,5039,problem2_retrain_v2/results/aligned/ablations/f1_gate_component_ablation_five_seeds
noB,2027,A,0.3,middle,5026,A,reconstructed,0.9175541996955872,3.0684430599212646,1.8518548011779783,5039,problem2_retrain_v2/results/aligned/ablations/f1_gate_component_ablation_five_seeds
noB,2027,A,0.3,middle,5026,A,observed_mean,0.4595404267311096,3.0684430599212646,2.080859899520874,5039,problem2_retrain_v2/results/aligned/ablations/f1_gate_component_ablation_five_seeds
noB,2027,A,0.3,end,5026,A,reconstructed,0.8997021317481995,3.0739428997039795,1.8548352718353271,5039,problem2_retrain_v2/results/aligned/ablations/f1_gate_component_ablation_five_seeds
noB,2027,A,0.3,end,5026,A,observed_mean,0.5498443245887756,3.0739428997039795,2.1474719047546387,5039,problem2_retrain_v2/results/aligned/ablations/f1_gate_component_ablation_five_seeds
noB,2027,A,0.3,random,5026,A,reconstructed,0.9168371558189392,3.0596652030944824,1.8516844511032104,5039,problem2_retrain_v2/results/aligned/ablations/f1_gate_component_ablation_five_seeds
noB,2027,A,0.3,random,5026,A,observed_mean,0.4869763255119324,3.0596652030944824,2.109025478363037,5039,problem2_retrain_v2/results/aligned/ablations/f1_gate_component_ablation_five_seeds
noB,2027,A,0.3,random,5027,A,reconstructed,0.919621765613556,3.057284355163574,1.8525102138519287,5039,problem2_retrain_v2/results/aligned/ablations/f1_gate_component_ablation_five_seeds
noB,2027,A,0.3,random,5027,A,observed_mean,0.4898242056369781,3.057284355163574,2.1090855598449707,5039,problem2_retrain_v2/results/aligned/ablations/f1_gate_component_ablation_five_seeds
noB,2027,A,0.3,random,5028,A,reconstructed,0.9195544123649596,3.084909677505493,1.851025104522705,5039,problem2_retrain_v2/results/aligned/ablations/f1_gate_component_ablation_five_seeds
noB,2027,A,0.3,random,5028,A,observed_mean,0.481421560049057,3.084909677505493,2.0945372581481934,5039,problem2_retrain_v2/results/aligned/ablations/f1_gate_component_ablation_five_seeds
noB,2027,A,0.4,random,5026,A,reconstructed,0.91665118932724,3.052310943603516,1.850181579589844,6740,problem2_retrain_v2/results/aligned/ablations/f1_gate_component_ablation_five_seeds
noB,2027,A,0.4,random,5026,A,observed_mean,0.5035446286201477,3.052310943603516,2.146160125732422,6740,problem2_retrain_v2/results/aligned/ablations/f1_gate_component_ablation_five_seeds
noB,2027,A,0.4,random,5027,A,reconstructed,0.919996440410614,3.05553674697876,1.850563287734985,6740,problem2_retrain_v2/results/aligned/ablations/f1_gate_component_ablation_five_seeds
noB,2027,A,0.4,random,5027,A,observed_mean,0.5035548806190491,3.05553674697876,2.145806074142456,6740,problem2_retrain_v2/results/aligned/ablations/f1_gate_component_ablation_five_seeds
noB,2027,A,0.4,random,5028,A,reconstructed,0.9192668199539183,3.086487293243408,1.84945809841156,6740,problem2_retrain_v2/results/aligned/ablations/f1_gate_component_ablation_five_seeds
noB,2027,A,0.4,random,5028,A,observed_mean,0.4990866780281067,3.086487293243408,2.122896194458008,6740,problem2_retrain_v2/results/aligned/ablations/f1_gate_component_ablation_five_seeds
noB,2027,A,0.5,random,5026,A,reconstructed,0.9168869853019714,3.0543460845947266,1.849138855934143,8415,problem2_retrain_v2/results/aligned/ablations/f1_gate_component_ablation_five_seeds
noB,2027,A,0.5,random,5026,A,observed_mean,0.5173869132995605,3.0543460845947266,2.1919939517974854,8415,problem2_retrain_v2/results/aligned/ablations/f1_gate_component_ablation_five_seeds
noB,2027,A,0.5,random,5027,A,reconstructed,0.9182682633399964,3.075813055038452,1.84946870803833,8415,problem2_retrain_v2/results/aligned/ablations/f1_gate_component_ablation_five_seeds
noB,2027,A,0.5,random,5027,A,observed_mean,0.5164932608604431,3.075813055038452,2.178337574005127,8415,problem2_retrain_v2/results/aligned/ablations/f1_gate_component_ablation_five_seeds
noB,2027,A,0.5,random,5028,A,reconstructed,0.9181219339370728,3.077897071838379,1.8483655452728271,8415,problem2_retrain_v2/results/aligned/ablations/f1_gate_component_ablation_five_seeds
noB,2027,A,0.5,random,5028,A,observed_mean,0.5171094536781311,3.077897071838379,2.1680562496185303,8415,problem2_retrain_v2/results/aligned/ablations/f1_gate_component_ablation_five_seeds
noB,2027,V,0.1,random,5026,V,reconstructed,0.8680493235588074,3.4014201164245605,3.3506438732147217,1604,problem2_retrain_v2/results/aligned/ablations/f1_gate_component_ablation_five_seeds
noB,2027,V,0.1,random,5026,V,observed_mean,0.1578851044178009,3.4014201164245605,2.9401450157165527,1604,problem2_retrain_v2/results/aligned/ablations/f1_gate_component_ablation_five_seeds
noB,2027,V,0.1,random,5027,V,reconstructed,0.8713090419769287,3.3013877868652344,3.35418701171875,1595,problem2_retrain_v2/results/aligned/ablations/f1_gate_component_ablation_five_seeds
noB,2027,V,0.1,random,5027,V,observed_mean,0.1571612656116485,3.3013877868652344,2.964663505554199,1595,problem2_retrain_v2/results/aligned/ablations/f1_gate_component_ablation_five_seeds
noB,2027,V,0.1,random,5028,V,reconstructed,0.8705527186393738,3.37878942489624,3.357299566268921,1588,problem2_retrain_v2/results/aligned/ablations/f1_gate_component_ablation_five_seeds
noB,2027,V,0.1,random,5028,V,observed_mean,0.1535810083150863,3.37878942489624,2.9556617736816406,1588,problem2_retrain_v2/results/aligned/ablations/f1_gate_component_ablation_five_seeds
noB,2027,V,0.2,random,5026,V,reconstructed,0.8664772510528564,3.3962936401367188,3.361413955688477,3194,problem2_retrain_v2/results/aligned/ablations/f1_gate_component_ablation_five_seeds
noB,2027,V,0.2,random,5026,V,observed_mean,0.1718348562717437,3.3962936401367188,2.9500272274017334,3194,problem2_retrain_v2/results/aligned/ablations/f1_gate_component_ablation_five_seeds
noB,2027,V,0.2,random,5027,V,reconstructed,0.8710422515869141,3.317521572113037,3.3649981021881104,3180,problem2_retrain_v2/results/aligned/ablations/f1_gate_component_ablation_five_seeds
noB,2027,V,0.2,random,5027,V,observed_mean,0.1722981333732605,3.317521572113037,2.969763994216919,3180,problem2_retrain_v2/results/aligned/ablations/f1_gate_component_ablation_five_seeds
noB,2027,V,0.2,random,5028,V,reconstructed,0.8692802786827087,3.378440618515014,3.366098642349243,3176,problem2_retrain_v2/results/aligned/ablations/f1_gate_component_ablation_five_seeds
noB,2027,V,0.2,random,5028,V,observed_mean,0.1701043993234634,3.378440618515014,2.958353042602539,3176,problem2_retrain_v2/results/aligned/ablations/f1_gate_component_ablation_five_seeds
noB,2027,V,0.3,start,5026,V,reconstructed,0.8709102272987366,3.325752258300781,3.3783411979675293,4768,problem2_retrain_v2/results/aligned/ablations/f1_gate_component_ablation_five_seeds
noB,2027,V,0.3,start,5026,V,observed_mean,0.2129424661397934,3.325752258300781,2.992928981781006,4768,problem2_retrain_v2/results/aligned/ablations/f1_gate_component_ablation_five_seeds
noB,2027,V,0.3,middle,5026,V,reconstructed,0.8710243105888367,3.3176164627075195,3.3659372329711914,4759,problem2_retrain_v2/results/aligned/ablations/f1_gate_component_ablation_five_seeds
noB,2027,V,0.3,middle,5026,V,observed_mean,0.1617895066738128,3.3176164627075195,2.974806070327759,4759,problem2_retrain_v2/results/aligned/ablations/f1_gate_component_ablation_five_seeds
noB,2027,V,0.3,end,5026,V,reconstructed,0.8703622817993164,3.4471774101257324,3.368295669555664,4663,problem2_retrain_v2/results/aligned/ablations/f1_gate_component_ablation_five_seeds
noB,2027,V,0.3,end,5026,V,observed_mean,0.228991687297821,3.4471774101257324,2.996682643890381,4663,problem2_retrain_v2/results/aligned/ablations/f1_gate_component_ablation_five_seeds
noB,2027,V,0.3,random,5026,V,reconstructed,0.8679201006889343,3.389638900756836,3.3706417083740234,4743,problem2_retrain_v2/results/aligned/ablations/f1_gate_component_ablation_five_seeds
noB,2027,V,0.3,random,5026,V,observed_mean,0.182574525475502,3.389638900756836,2.9613711833953857,4743,problem2_retrain_v2/results/aligned/ablations/f1_gate_component_ablation_five_seeds
noB,2027,V,0.3,random,5027,V,reconstructed,0.8708069324493408,3.326544761657715,3.3723373413085938,4712,problem2_retrain_v2/results/aligned/ablations/f1_gate_component_ablation_five_seeds
noB,2027,V,0.3,random,5027,V,observed_mean,0.1842440217733383,3.326544761657715,2.9852235317230225,4712,problem2_retrain_v2/results/aligned/ablations/f1_gate_component_ablation_five_seeds
noB,2027,V,0.3,random,5028,V,reconstructed,0.8688954710960388,3.356587171554565,3.373404264450073,4710,problem2_retrain_v2/results/aligned/ablations/f1_gate_component_ablation_five_seeds
noB,2027,V,0.3,random,5028,V,observed_mean,0.1786271184682846,3.356587171554565,2.969984531402588,4710,problem2_retrain_v2/results/aligned/ablations/f1_gate_component_ablation_five_seeds
noB,2027,V,0.4,random,5026,V,reconstructed,0.868969202041626,3.3690669536590576,3.3807373046875,6357,problem2_retrain_v2/results/aligned/ablations/f1_gate_component_ablation_five_seeds
noB,2027,V,0.4,random,5026,V,observed_mean,0.1930633336305618,3.3690669536590576,2.983347177505493,6357,problem2_retrain_v2/results/aligned/ablations/f1_gate_component_ablation_five_seeds
noB,2027,V,0.4,random,5027,V,reconstructed,0.8710392713546753,3.326932907104492,3.3816049098968506,6308,problem2_retrain_v2/results/aligned/ablations/f1_gate_component_ablation_five_seeds
noB,2027,V,0.4,random,5027,V,observed_mean,0.1954670399427414,3.326932907104492,3.0073256492614746,6308,problem2_retrain_v2/results/aligned/ablations/f1_gate_component_ablation_five_seeds
noB,2027,V,0.4,random,5028,V,reconstructed,0.868216335773468,3.3585081100463867,3.3837807178497314,6306,problem2_retrain_v2/results/aligned/ablations/f1_gate_component_ablation_five_seeds
noB,2027,V,0.4,random,5028,V,observed_mean,0.1910282671451568,3.3585081100463867,2.988098621368408,6306,problem2_retrain_v2/results/aligned/ablations/f1_gate_component_ablation_five_seeds
noB,2027,V,0.5,random,5026,V,reconstructed,0.869602382183075,3.349532127380371,3.3888192176818848,7939,problem2_retrain_v2/results/aligned/ablations/f1_gate_component_ablation_five_seeds
noB,2027,V,0.5,random,5026,V,observed_mean,0.2025330811738968,3.349532127380371,3.0166828632354736,7939,problem2_retrain_v2/results/aligned/ablations/f1_gate_component_ablation_five_seeds
noB,2027,V,0.5,random,5027,V,reconstructed,0.8708637356758118,3.3276941776275635,3.389471530914306,7888,problem2_retrain_v2/results/aligned/ablations/f1_gate_component_ablation_five_seeds
noB,2027,V,0.5,random,5027,V,observed_mean,0.2040552645921707,3.3276941776275635,3.0314700603485107,7888,problem2_retrain_v2/results/aligned/ablations/f1_gate_component_ablation_five_seeds
noB,2027,V,0.5,random,5028,V,reconstructed,0.8692231774330139,3.34338903427124,3.3911020755767822,7893,problem2_retrain_v2/results/aligned/ablations/f1_gate_component_ablation_five_seeds
noB,2027,V,0.5,random,5028,V,observed_mean,0.2017813771963119,3.34338903427124,3.0227208137512207,7893,problem2_retrain_v2/results/aligned/ablations/f1_gate_component_ablation_five_seeds
noB,2027,TA,0.3,start,5026,T,reconstructed,0.3445605337619781,14.600823402404783,9.424031257629396,5039,problem2_retrain_v2/results/aligned/ablations/f1_gate_component_ablation_five_seeds
noB,2027,TA,0.3,start,5026,T,observed_mean,0.0976443886756897,14.600823402404783,13.756719589233398,5039,problem2_retrain_v2/results/aligned/ablations/f1_gate_component_ablation_five_seeds
noB,2027,TA,0.3,start,5026,A,reconstructed,0.9398268461227416,3.1017656326293945,1.8585383892059328,5039,problem2_retrain_v2/results/aligned/ablations/f1_gate_component_ablation_five_seeds
noB,2027,TA,0.3,start,5026,A,observed_mean,0.5140436887741089,3.1017656326293945,2.118682622909546,5039,problem2_retrain_v2/results/aligned/ablations/f1_gate_component_ablation_five_seeds
noB,2027,TA,0.3,middle,5026,T,reconstructed,0.3379572927951813,14.321439743041992,9.43542766571045,5039,problem2_retrain_v2/results/aligned/ablations/f1_gate_component_ablation_five_seeds
noB,2027,TA,0.3,middle,5026,T,observed_mean,0.0960521772503852,14.321439743041992,13.89484977722168,5039,problem2_retrain_v2/results/aligned/ablations/f1_gate_component_ablation_five_seeds
noB,2027,TA,0.3,middle,5026,A,reconstructed,0.918546497821808,3.0684430599212646,1.858481764793396,5039,problem2_retrain_v2/results/aligned/ablations/f1_gate_component_ablation_five_seeds
noB,2027,TA,0.3,middle,5026,A,observed_mean,0.4595404267311096,3.0684430599212646,2.080859899520874,5039,problem2_retrain_v2/results/aligned/ablations/f1_gate_component_ablation_five_seeds
noB,2027,TA,0.3,end,5026,T,reconstructed,0.3511783182621002,14.498421669006348,9.39540958404541,5039,problem2_retrain_v2/results/aligned/ablations/f1_gate_component_ablation_five_seeds
noB,2027,TA,0.3,end,5026,T,observed_mean,0.1186878308653831,14.498421669006348,13.279946327209473,5039,problem2_retrain_v2/results/aligned/ablations/f1_gate_component_ablation_five_seeds
noB,2027,TA,0.3,end,5026,A,reconstructed,0.9032896161079408,3.0739428997039795,1.8499948978424072,5039,problem2_retrain_v2/results/aligned/ablations/f1_gate_component_ablation_five_seeds
noB,2027,TA,0.3,end,5026,A,observed_mean,0.5498443245887756,3.0739428997039795,2.1474719047546387,5039,problem2_retrain_v2/results/aligned/ablations/f1_gate_component_ablation_five_seeds
noB,2027,TA,0.3,random,5026,T,reconstructed,0.33904829621315,14.407729148864746,9.417335510253906,5039,problem2_retrain_v2/results/aligned/ablations/f1_gate_component_ablation_five_seeds
noB,2027,TA,0.3,random,5026,T,observed_mean,0.1013308018445968,14.407729148864746,13.901400566101074,5039,problem2_retrain_v2/results/aligned/ablations/f1_gate_component_ablation_five_seeds
noB,2027,TA,0.3,random,5026,A,reconstructed,0.9187899827957152,3.0596652030944824,1.8511288166046145,5039,problem2_retrain_v2/results/aligned/ablations/f1_gate_component_ablation_five_seeds
noB,2027,TA,0.3,random,5026,A,observed_mean,0.4869763255119324,3.0596652030944824,2.109025478363037,5039,problem2_retrain_v2/results/aligned/ablations/f1_gate_component_ablation_five_seeds
noB,2027,TA,0.3,random,5027,T,reconstructed,0.3438296914100647,14.362832069396973,9.43459701538086,5039,problem2_retrain_v2/results/aligned/ablations/f1_gate_component_ablation_five_seeds
noB,2027,TA,0.3,random,5027,T,observed_mean,0.1018836796283721,14.362832069396973,13.849185943603516,5039,problem2_retrain_v2/results/aligned/ablations/f1_gate_component_ablation_five_seeds
noB,2027,TA,0.3,random,5027,A,reconstructed,0.9220480918884276,3.057284355163574,1.853737950325012,5039,problem2_retrain_v2/results/aligned/ablations/f1_gate_component_ablation_five_seeds
noB,2027,TA,0.3,random,5027,A,observed_mean,0.4898242056369781,3.057284355163574,2.1090855598449707,5039,problem2_retrain_v2/results/aligned/ablations/f1_gate_component_ablation_five_seeds
noB,2027,TA,0.3,random,5028,T,reconstructed,0.3410273492336273,14.36983585357666,9.47251319885254,5039,problem2_retrain_v2/results/aligned/ablations/f1_gate_component_ablation_five_seeds
noB,2027,TA,0.3,random,5028,T,observed_mean,0.1035369709134101,14.36983585357666,13.970955848693848,5039,problem2_retrain_v2/results/aligned/ablations/f1_gate_component_ablation_five_seeds
noB,2027,TA,0.3,random,5028,A,reconstructed,0.921872854232788,3.084909677505493,1.849830150604248,5039,problem2_retrain_v2/results/aligned/ablations/f1_gate_component_ablation_five_seeds
noB,2027,TA,0.3,random,5028,A,observed_mean,0.481421560049057,3.084909677505493,2.0945372581481934,5039,problem2_retrain_v2/results/aligned/ablations/f1_gate_component_ablation_five_seeds
noB,2027,TV,0.3,start,5026,T,reconstructed,0.343061238527298,14.602561950683594,9.481430053710938,5035,problem2_retrain_v2/results/aligned/ablations/f1_gate_component_ablation_five_seeds
noB,2027,TV,0.3,start,5026,T,observed_mean,0.0976797640323638,14.602561950683594,13.758904457092283,5035,problem2_retrain_v2/results/aligned/ablations/f1_gate_component_ablation_five_seeds
noB,2027,TV,0.3,start,5026,V,reconstructed,0.8735626935958862,3.325752258300781,3.294832229614258,4768,problem2_retrain_v2/results/aligned/ablations/f1_gate_component_ablation_five_seeds
noB,2027,TV,0.3,start,5026,V,observed_mean,0.2129424661397934,3.325752258300781,2.992928981781006,4768,problem2_retrain_v2/results/aligned/ablations/f1_gate_component_ablation_five_seeds
noB,2027,TV,0.3,middle,5026,T,reconstructed,0.3369069397449493,14.324572563171388,9.490595817565918,5036,problem2_retrain_v2/results/aligned/ablations/f1_gate_component_ablation_five_seeds
noB,2027,TV,0.3,middle,5026,T,observed_mean,0.0960320830345153,14.324572563171388,13.897090911865234,5036,problem2_retrain_v2/results/aligned/ablations/f1_gate_component_ablation_five_seeds
noB,2027,TV,0.3,middle,5026,V,reconstructed,0.8697806596755981,3.3176164627075195,3.3382575511932373,4759,problem2_retrain_v2/results/aligned/ablations/f1_gate_component_ablation_five_seeds
noB,2027,TV,0.3,middle,5026,V,observed_mean,0.1617895066738128,3.3176164627075195,2.974806070327759,4759,problem2_retrain_v2/results/aligned/ablations/f1_gate_component_ablation_five_seeds
noB,2027,TV,0.3,end,5026,T,reconstructed,0.3499772846698761,14.505380630493164,9.454230308532717,5030,problem2_retrain_v2/results/aligned/ablations/f1_gate_component_ablation_five_seeds
noB,2027,TV,0.3,end,5026,T,observed_mean,0.1187149062752723,14.505380630493164,13.283486366271973,5030,problem2_retrain_v2/results/aligned/ablations/f1_gate_component_ablation_five_seeds
noB,2027,TV,0.3,end,5026,V,reconstructed,0.8741833567619324,3.4471774101257324,3.31889009475708,4663,problem2_retrain_v2/results/aligned/ablations/f1_gate_component_ablation_five_seeds
noB,2027,TV,0.3,end,5026,V,observed_mean,0.228991687297821,3.4471774101257324,2.996682643890381,4663,problem2_retrain_v2/results/aligned/ablations/f1_gate_component_ablation_five_seeds
noB,2027,TV,0.3,random,5026,T,reconstructed,0.3378218114376068,14.407729148864746,9.480090141296388,5039,problem2_retrain_v2/results/aligned/ablations/f1_gate_component_ablation_five_seeds
noB,2027,TV,0.3,random,5026,T,observed_mean,0.1013308018445968,14.407729148864746,13.901400566101074,5039,problem2_retrain_v2/results/aligned/ablations/f1_gate_component_ablation_five_seeds
noB,2027,TV,0.3,random,5026,V,reconstructed,0.8697070479393005,3.389638900756836,3.3466947078704834,4743,problem2_retrain_v2/results/aligned/ablations/f1_gate_component_ablation_five_seeds
noB,2027,TV,0.3,random,5026,V,observed_mean,0.182574525475502,3.389638900756836,2.9613711833953857,4743,problem2_retrain_v2/results/aligned/ablations/f1_gate_component_ablation_five_seeds
noB,2027,TV,0.3,random,5027,T,reconstructed,0.3426626026630401,14.364041328430176,9.498886108398438,5038,problem2_retrain_v2/results/aligned/ablations/f1_gate_component_ablation_five_seeds
noB,2027,TV,0.3,random,5027,T,observed_mean,0.1018900424242019,14.364041328430176,13.84970760345459,5038,problem2_retrain_v2/results/aligned/ablations/f1_gate_component_ablation_five_seeds
noB,2027,TV,0.3,random,5027,V,reconstructed,0.8729857206344604,3.326544761657715,3.3457894325256348,4712,problem2_retrain_v2/results/aligned/ablations/f1_gate_component_ablation_five_seeds
noB,2027,TV,0.3,random,5027,V,observed_mean,0.1842440217733383,3.326544761657715,2.9852235317230225,4712,problem2_retrain_v2/results/aligned/ablations/f1_gate_component_ablation_five_seeds
noB,2027,TV,0.3,random,5028,T,reconstructed,0.3398177027702331,14.376006126403809,9.529053688049316,5030,problem2_retrain_v2/results/aligned/ablations/f1_gate_component_ablation_five_seeds
noB,2027,TV,0.3,random,5028,T,observed_mean,0.1034724488854408,14.376006126403809,13.976441383361816,5030,problem2_retrain_v2/results/aligned/ablations/f1_gate_component_ablation_five_seeds
noB,2027,TV,0.3,random,5028,V,reconstructed,0.8681976795196533,3.356587171554565,3.344857692718506,4710,problem2_retrain_v2/results/aligned/ablations/f1_gate_component_ablation_five_seeds
noB,2027,TV,0.3,random,5028,V,observed_mean,0.1786271184682846,3.356587171554565,2.969984531402588,4710,problem2_retrain_v2/results/aligned/ablations/f1_gate_component_ablation_five_seeds
noB,2027,AV,0.3,start,5026,A,reconstructed,0.938246726989746,3.1020758152008057,1.8454647064208984,5035,problem2_retrain_v2/results/aligned/ablations/f1_gate_component_ablation_five_seeds
noB,2027,AV,0.3,start,5026,A,observed_mean,0.5139772295951843,3.1020758152008057,2.118551015853882,5035,problem2_retrain_v2/results/aligned/ablations/f1_gate_component_ablation_five_seeds
noB,2027,AV,0.3,start,5026,V,reconstructed,0.8707753419876099,3.325752258300781,3.403597116470337,4768,problem2_retrain_v2/results/aligned/ablations/f1_gate_component_ablation_five_seeds
noB,2027,AV,0.3,start,5026,V,observed_mean,0.2129424661397934,3.325752258300781,2.992928981781006,4768,problem2_retrain_v2/results/aligned/ablations/f1_gate_component_ablation_five_seeds
noB,2027,AV,0.3,middle,5026,A,reconstructed,0.9154794216156006,3.06778883934021,1.852472782135009,5036,problem2_retrain_v2/results/aligned/ablations/f1_gate_component_ablation_five_seeds
noB,2027,AV,0.3,middle,5026,A,observed_mean,0.4597212672233581,3.06778883934021,2.079667806625366,5036,problem2_retrain_v2/results/aligned/ablations/f1_gate_component_ablation_five_seeds
noB,2027,AV,0.3,middle,5026,V,reconstructed,0.8708869814872742,3.3176164627075195,3.3939802646636963,4759,problem2_retrain_v2/results/aligned/ablations/f1_gate_component_ablation_five_seeds
noB,2027,AV,0.3,middle,5026,V,observed_mean,0.1617895066738128,3.3176164627075195,2.974806070327759,4759,problem2_retrain_v2/results/aligned/ablations/f1_gate_component_ablation_five_seeds
noB,2027,AV,0.3,end,5026,A,reconstructed,0.8972345590591431,3.074127197265625,1.855380177497864,5030,problem2_retrain_v2/results/aligned/ablations/f1_gate_component_ablation_five_seeds
noB,2027,AV,0.3,end,5026,A,observed_mean,0.5498895049095154,3.074127197265625,2.14632248878479,5030,problem2_retrain_v2/results/aligned/ablations/f1_gate_component_ablation_five_seeds
noB,2027,AV,0.3,end,5026,V,reconstructed,0.8703271150588989,3.4471774101257324,3.39555287361145,4663,problem2_retrain_v2/results/aligned/ablations/f1_gate_component_ablation_five_seeds
noB,2027,AV,0.3,end,5026,V,observed_mean,0.228991687297821,3.4471774101257324,2.996682643890381,4663,problem2_retrain_v2/results/aligned/ablations/f1_gate_component_ablation_five_seeds
noB,2027,AV,0.3,random,5026,A,reconstructed,0.9149043560028076,3.0596652030944824,1.8533074855804443,5039,problem2_retrain_v2/results/aligned/ablations/f1_gate_component_ablation_five_seeds
noB,2027,AV,0.3,random,5026,A,observed_mean,0.4869763255119324,3.0596652030944824,2.109025478363037,5039,problem2_retrain_v2/results/aligned/ablations/f1_gate_component_ablation_five_seeds
noB,2027,AV,0.3,random,5026,V,reconstructed,0.8677449822425842,3.389638900756836,3.3980050086975098,4743,problem2_retrain_v2/results/aligned/ablations/f1_gate_component_ablation_five_seeds
noB,2027,AV,0.3,random,5026,V,observed_mean,0.182574525475502,3.389638900756836,2.9613711833953857,4743,problem2_retrain_v2/results/aligned/ablations/f1_gate_component_ablation_five_seeds
noB,2027,AV,0.3,random,5027,A,reconstructed,0.9178029298782348,3.0570225715637207,1.853593111038208,5038,problem2_retrain_v2/results/aligned/ablations/f1_gate_component_ablation_five_seeds
noB,2027,AV,0.3,random,5027,A,observed_mean,0.4898934662342071,3.0570225715637207,2.108718156814575,5038,problem2_retrain_v2/results/aligned/ablations/f1_gate_component_ablation_five_seeds
noB,2027,AV,0.3,random,5027,V,reconstructed,0.8707911372184753,3.326544761657715,3.399155139923096,4712,problem2_retrain_v2/results/aligned/ablations/f1_gate_component_ablation_five_seeds
noB,2027,AV,0.3,random,5027,V,observed_mean,0.1842440217733383,3.326544761657715,2.9852235317230225,4712,problem2_retrain_v2/results/aligned/ablations/f1_gate_component_ablation_five_seeds
noB,2027,AV,0.3,random,5028,A,reconstructed,0.9174190163612366,3.08455753326416,1.851590871810913,5030,problem2_retrain_v2/results/aligned/ablations/f1_gate_component_ablation_five_seeds
noB,2027,AV,0.3,random,5028,A,observed_mean,0.4816049039363861,3.08455753326416,2.092490673065185,5030,problem2_retrain_v2/results/aligned/ablations/f1_gate_component_ablation_five_seeds
noB,2027,AV,0.3,random,5028,V,reconstructed,0.8688163757324219,3.356587171554565,3.4012629985809326,4710,problem2_retrain_v2/results/aligned/ablations/f1_gate_component_ablation_five_seeds
noB,2027,AV,0.3,random,5028,V,observed_mean,0.1786271184682846,3.356587171554565,2.969984531402588,4710,problem2_retrain_v2/results/aligned/ablations/f1_gate_component_ablation_five_seeds
noB,2027,TAV,0.3,start,5026,T,reconstructed,0.3405850827693939,14.602561950683594,9.48267936706543,5035,problem2_retrain_v2/results/aligned/ablations/f1_gate_component_ablation_five_seeds
noB,2027,TAV,0.3,start,5026,T,observed_mean,0.0976797640323638,14.602561950683594,13.758904457092283,5035,problem2_retrain_v2/results/aligned/ablations/f1_gate_component_ablation_five_seeds
noB,2027,TAV,0.3,start,5026,A,reconstructed,0.9383257627487184,3.1020758152008057,1.858193039894104,5035,problem2_retrain_v2/results/aligned/ablations/f1_gate_component_ablation_five_seeds
noB,2027,TAV,0.3,start,5026,A,observed_mean,0.5139772295951843,3.1020758152008057,2.118551015853882,5035,problem2_retrain_v2/results/aligned/ablations/f1_gate_component_ablation_five_seeds
noB,2027,TAV,0.3,start,5026,V,reconstructed,0.8734747171401978,3.325752258300781,3.32583999633789,4768,problem2_retrain_v2/results/aligned/ablations/f1_gate_component_ablation_five_seeds
noB,2027,TAV,0.3,start,5026,V,observed_mean,0.2129424661397934,3.325752258300781,2.992928981781006,4768,problem2_retrain_v2/results/aligned/ablations/f1_gate_component_ablation_five_seeds
noB,2027,TAV,0.3,middle,5026,T,reconstructed,0.3343340158462524,14.324572563171388,9.497281074523926,5036,problem2_retrain_v2/results/aligned/ablations/f1_gate_component_ablation_five_seeds
noB,2027,TAV,0.3,middle,5026,T,observed_mean,0.0960320830345153,14.324572563171388,13.897090911865234,5036,problem2_retrain_v2/results/aligned/ablations/f1_gate_component_ablation_five_seeds
noB,2027,TAV,0.3,middle,5026,A,reconstructed,0.9162283539772034,3.06778883934021,1.85833477973938,5036,problem2_retrain_v2/results/aligned/ablations/f1_gate_component_ablation_five_seeds
noB,2027,TAV,0.3,middle,5026,A,observed_mean,0.4597212672233581,3.06778883934021,2.079667806625366,5036,problem2_retrain_v2/results/aligned/ablations/f1_gate_component_ablation_five_seeds
noB,2027,TAV,0.3,middle,5026,V,reconstructed,0.8696405291557312,3.3176164627075195,3.373371362686157,4759,problem2_retrain_v2/results/aligned/ablations/f1_gate_component_ablation_five_seeds
noB,2027,TAV,0.3,middle,5026,V,observed_mean,0.1617895066738128,3.3176164627075195,2.974806070327759,4759,problem2_retrain_v2/results/aligned/ablations/f1_gate_component_ablation_five_seeds
noB,2027,TAV,0.3,end,5026,T,reconstructed,0.3472882807254791,14.505380630493164,9.452337265014648,5030,problem2_retrain_v2/results/aligned/ablations/f1_gate_component_ablation_five_seeds
noB,2027,TAV,0.3,end,5026,T,observed_mean,0.1187149062752723,14.505380630493164,13.283486366271973,5030,problem2_retrain_v2/results/aligned/ablations/f1_gate_component_ablation_five_seeds
noB,2027,TAV,0.3,end,5026,A,reconstructed,0.9005099534988403,3.074127197265625,1.849038362503052,5030,problem2_retrain_v2/results/aligned/ablations/f1_gate_component_ablation_five_seeds
noB,2027,TAV,0.3,end,5026,A,observed_mean,0.5498895049095154,3.074127197265625,2.14632248878479,5030,problem2_retrain_v2/results/aligned/ablations/f1_gate_component_ablation_five_seeds
noB,2027,TAV,0.3,end,5026,V,reconstructed,0.8742703795433044,3.4471774101257324,3.3536245822906494,4663,problem2_retrain_v2/results/aligned/ablations/f1_gate_component_ablation_five_seeds
noB,2027,TAV,0.3,end,5026,V,observed_mean,0.228991687297821,3.4471774101257324,2.996682643890381,4663,problem2_retrain_v2/results/aligned/ablations/f1_gate_component_ablation_five_seeds
noB,2027,TAV,0.3,random,5026,T,reconstructed,0.3351234197616577,14.407729148864746,9.484357833862305,5039,problem2_retrain_v2/results/aligned/ablations/f1_gate_component_ablation_five_seeds
noB,2027,TAV,0.3,random,5026,T,observed_mean,0.1013308018445968,14.407729148864746,13.901400566101074,5039,problem2_retrain_v2/results/aligned/ablations/f1_gate_component_ablation_five_seeds
noB,2027,TAV,0.3,random,5026,A,reconstructed,0.9165679812431335,3.0596652030944824,1.8513801097869875,5039,problem2_retrain_v2/results/aligned/ablations/f1_gate_component_ablation_five_seeds
noB,2027,TAV,0.3,random,5026,A,observed_mean,0.4869763255119324,3.0596652030944824,2.109025478363037,5039,problem2_retrain_v2/results/aligned/ablations/f1_gate_component_ablation_five_seeds
noB,2027,TAV,0.3,random,5026,V,reconstructed,0.8695322275161743,3.389638900756836,3.381319046020508,4743,problem2_retrain_v2/results/aligned/ablations/f1_gate_component_ablation_five_seeds
noB,2027,TAV,0.3,random,5026,V,observed_mean,0.182574525475502,3.389638900756836,2.9613711833953857,4743,problem2_retrain_v2/results/aligned/ablations/f1_gate_component_ablation_five_seeds
noB,2027,TAV,0.3,random,5027,T,reconstructed,0.3400330245494842,14.364041328430176,9.49612045288086,5038,problem2_retrain_v2/results/aligned/ablations/f1_gate_component_ablation_five_seeds
noB,2027,TAV,0.3,random,5027,T,observed_mean,0.1018900424242019,14.364041328430176,13.84970760345459,5038,problem2_retrain_v2/results/aligned/ablations/f1_gate_component_ablation_five_seeds
noB,2027,TAV,0.3,random,5027,A,reconstructed,0.9202101230621338,3.0570225715637207,1.8537722826004028,5038,problem2_retrain_v2/results/aligned/ablations/f1_gate_component_ablation_five_seeds
noB,2027,TAV,0.3,random,5027,A,observed_mean,0.4898934662342071,3.0570225715637207,2.108718156814575,5038,problem2_retrain_v2/results/aligned/ablations/f1_gate_component_ablation_five_seeds
noB,2027,TAV,0.3,random,5027,V,reconstructed,0.8730252981185913,3.326544761657715,3.3785884380340576,4712,problem2_retrain_v2/results/aligned/ablations/f1_gate_component_ablation_five_seeds
noB,2027,TAV,0.3,random,5027,V,observed_mean,0.1842440217733383,3.326544761657715,2.9852235317230225,4712,problem2_retrain_v2/results/aligned/ablations/f1_gate_component_ablation_five_seeds
noB,2027,TAV,0.3,random,5028,T,reconstructed,0.337233692407608,14.376006126403809,9.536361694335938,5030,problem2_retrain_v2/results/aligned/ablations/f1_gate_component_ablation_five_seeds
noB,2027,TAV,0.3,random,5028,T,observed_mean,0.1034724488854408,14.376006126403809,13.976441383361816,5030,problem2_retrain_v2/results/aligned/ablations/f1_gate_component_ablation_five_seeds
noB,2027,TAV,0.3,random,5028,A,reconstructed,0.919541835784912,3.08455753326416,1.8492906093597408,5030,problem2_retrain_v2/results/aligned/ablations/f1_gate_component_ablation_five_seeds
noB,2027,TAV,0.3,random,5028,A,observed_mean,0.4816049039363861,3.08455753326416,2.092490673065185,5030,problem2_retrain_v2/results/aligned/ablations/f1_gate_component_ablation_five_seeds
noB,2027,TAV,0.3,random,5028,V,reconstructed,0.8681068420410156,3.356587171554565,3.379520893096924,4710,problem2_retrain_v2/results/aligned/ablations/f1_gate_component_ablation_five_seeds
noB,2027,TAV,0.3,random,5028,V,observed_mean,0.1786271184682846,3.356587171554565,2.969984531402588,4710,problem2_retrain_v2/results/aligned/ablations/f1_gate_component_ablation_five_seeds
noB,2028,T,0.1,random,5026,T,reconstructed,0.5439512729644775,12.9270601272583,8.365962982177734,1711,problem2_retrain_v2/results/aligned/ablations/f1_gate_component_ablation_five_seeds
noB,2028,T,0.1,random,5026,T,observed_mean,0.0602615699172019,12.9270601272583,12.546323776245115,1711,problem2_retrain_v2/results/aligned/ablations/f1_gate_component_ablation_five_seeds
noB,2028,T,0.1,random,5027,T,reconstructed,0.543566107749939,12.90396499633789,8.367542266845703,1711,problem2_retrain_v2/results/aligned/ablations/f1_gate_component_ablation_five_seeds
noB,2028,T,0.1,random,5027,T,observed_mean,0.0669293478131294,12.90396499633789,12.495171546936035,1711,problem2_retrain_v2/results/aligned/ablations/f1_gate_component_ablation_five_seeds
noB,2028,T,0.1,random,5028,T,reconstructed,0.5441482067108154,12.922616958618164,8.363691329956055,1711,problem2_retrain_v2/results/aligned/ablations/f1_gate_component_ablation_five_seeds
noB,2028,T,0.1,random,5028,T,observed_mean,0.0684396848082542,12.922616958618164,12.46654224395752,1711,problem2_retrain_v2/results/aligned/ablations/f1_gate_component_ablation_five_seeds
noB,2028,T,0.2,random,5026,T,reconstructed,0.5478217005729675,12.88454532623291,8.34715747833252,3400,problem2_retrain_v2/results/aligned/ablations/f1_gate_component_ablation_five_seeds
noB,2028,T,0.2,random,5026,T,observed_mean,0.0770855918526649,12.88454532623291,12.503042221069336,3400,problem2_retrain_v2/results/aligned/ablations/f1_gate_component_ablation_five_seeds
noB,2028,T,0.2,random,5027,T,reconstructed,0.5460655093193054,12.868160247802734,8.357304573059082,3400,problem2_retrain_v2/results/aligned/ablations/f1_gate_component_ablation_five_seeds
noB,2028,T,0.2,random,5027,T,observed_mean,0.0783614665269851,12.868160247802734,12.48210620880127,3400,problem2_retrain_v2/results/aligned/ablations/f1_gate_component_ablation_five_seeds
noB,2028,T,0.2,random,5028,T,reconstructed,0.5465120673179626,12.894248962402344,8.34832763671875,3400,problem2_retrain_v2/results/aligned/ablations/f1_gate_component_ablation_five_seeds
noB,2028,T,0.2,random,5028,T,observed_mean,0.0818808376789093,12.894248962402344,12.470036506652832,3400,problem2_retrain_v2/results/aligned/ablations/f1_gate_component_ablation_five_seeds
noB,2028,T,0.3,start,5026,T,reconstructed,0.5461012125015259,13.189375877380373,8.207292556762695,5039,problem2_retrain_v2/results/aligned/ablations/f1_gate_component_ablation_five_seeds
noB,2028,T,0.3,start,5026,T,observed_mean,0.0904242470860481,13.189375877380373,12.309995651245115,5039,problem2_retrain_v2/results/aligned/ablations/f1_gate_component_ablation_five_seeds
noB,2028,T,0.3,middle,5026,T,reconstructed,0.5485173463821411,12.806035995483398,8.30453109741211,5039,problem2_retrain_v2/results/aligned/ablations/f1_gate_component_ablation_five_seeds
noB,2028,T,0.3,middle,5026,T,observed_mean,0.0885540023446083,12.806035995483398,12.471799850463867,5039,problem2_retrain_v2/results/aligned/ablations/f1_gate_component_ablation_five_seeds
noB,2028,T,0.3,end,5026,T,reconstructed,0.559005618095398,12.873519897460938,8.27778148651123,5039,problem2_retrain_v2/results/aligned/ablations/f1_gate_component_ablation_five_seeds
noB,2028,T,0.3,end,5026,T,observed_mean,0.1057596802711486,12.873519897460938,11.902607917785645,5039,problem2_retrain_v2/results/aligned/ablations/f1_gate_component_ablation_five_seeds
noB,2028,T,0.3,random,5026,T,reconstructed,0.5503138899803162,12.884529113769531,8.295378684997559,5039,problem2_retrain_v2/results/aligned/ablations/f1_gate_component_ablation_five_seeds
noB,2028,T,0.3,random,5026,T,observed_mean,0.0925019234418869,12.884529113769531,12.464119911193848,5039,problem2_retrain_v2/results/aligned/ablations/f1_gate_component_ablation_five_seeds
noB,2028,T,0.3,random,5027,T,reconstructed,0.5490814447402954,12.849077224731444,8.301748275756836,5039,problem2_retrain_v2/results/aligned/ablations/f1_gate_component_ablation_five_seeds
noB,2028,T,0.3,random,5027,T,observed_mean,0.0916320085525512,12.849077224731444,12.43373680114746,5039,problem2_retrain_v2/results/aligned/ablations/f1_gate_component_ablation_five_seeds
noB,2028,T,0.3,random,5028,T,reconstructed,0.5494346618652344,12.864948272705078,8.295576095581055,5039,problem2_retrain_v2/results/aligned/ablations/f1_gate_component_ablation_five_seeds
noB,2028,T,0.3,random,5028,T,observed_mean,0.0952054932713508,12.864948272705078,12.462604522705078,5039,problem2_retrain_v2/results/aligned/ablations/f1_gate_component_ablation_five_seeds
noB,2028,T,0.4,random,5026,T,reconstructed,0.5547642111778259,12.87719440460205,8.232653617858887,6740,problem2_retrain_v2/results/aligned/ablations/f1_gate_component_ablation_five_seeds
noB,2028,T,0.4,random,5026,T,observed_mean,0.1101127713918685,12.87719440460205,12.362004280090332,6740,problem2_retrain_v2/results/aligned/ablations/f1_gate_component_ablation_five_seeds
noB,2028,T,0.4,random,5027,T,reconstructed,0.5543417930603027,12.84109592437744,8.216351509094238,6740,problem2_retrain_v2/results/aligned/ablations/f1_gate_component_ablation_five_seeds
noB,2028,T,0.4,random,5027,T,observed_mean,0.1123513951897621,12.84109592437744,12.36453628540039,6740,problem2_retrain_v2/results/aligned/ablations/f1_gate_component_ablation_five_seeds
noB,2028,T,0.4,random,5028,T,reconstructed,0.5533177852630615,12.851469993591309,8.21768856048584,6740,problem2_retrain_v2/results/aligned/ablations/f1_gate_component_ablation_five_seeds
noB,2028,T,0.4,random,5028,T,observed_mean,0.1114378720521926,12.851469993591309,12.44457721710205,6740,problem2_retrain_v2/results/aligned/ablations/f1_gate_component_ablation_five_seeds
noB,2028,T,0.5,random,5026,T,reconstructed,0.5596140027046204,12.880093574523926,8.104188919067383,8415,problem2_retrain_v2/results/aligned/ablations/f1_gate_component_ablation_five_seeds
noB,2028,T,0.5,random,5026,T,observed_mean,0.1294324249029159,12.880093574523926,12.252208709716797,8415,problem2_retrain_v2/results/aligned/ablations/f1_gate_component_ablation_five_seeds
noB,2028,T,0.5,random,5027,T,reconstructed,0.5588306188583374,12.84453010559082,8.096388816833496,8415,problem2_retrain_v2/results/aligned/ablations/f1_gate_component_ablation_five_seeds
noB,2028,T,0.5,random,5027,T,observed_mean,0.132800355553627,12.84453010559082,12.249756813049316,8415,problem2_retrain_v2/results/aligned/ablations/f1_gate_component_ablation_five_seeds
noB,2028,T,0.5,random,5028,T,reconstructed,0.5591679811477661,12.851179122924805,8.10785961151123,8415,problem2_retrain_v2/results/aligned/ablations/f1_gate_component_ablation_five_seeds
noB,2028,T,0.5,random,5028,T,observed_mean,0.1311933994293213,12.851179122924805,12.345876693725586,8415,problem2_retrain_v2/results/aligned/ablations/f1_gate_component_ablation_five_seeds
noB,2028,A,0.1,random,5026,A,reconstructed,0.9252461791038512,3.0644400119781494,1.9100860357284544,1711,problem2_retrain_v2/results/aligned/ablations/f1_gate_component_ablation_five_seeds
noB,2028,A,0.1,random,5026,A,observed_mean,0.4382429420948028,3.0644400119781494,2.03563928604126,1711,problem2_retrain_v2/results/aligned/ablations/f1_gate_component_ablation_five_seeds
noB,2028,A,0.1,random,5027,A,reconstructed,0.9242945909500122,3.0671420097351074,1.9095985889434808,1711,problem2_retrain_v2/results/aligned/ablations/f1_gate_component_ablation_five_seeds
noB,2028,A,0.1,random,5027,A,observed_mean,0.4399440586566925,3.0671420097351074,2.03748631477356,1711,problem2_retrain_v2/results/aligned/ablations/f1_gate_component_ablation_five_seeds
noB,2028,A,0.1,random,5028,A,reconstructed,0.9178005456924438,3.014322519302368,1.911158800125122,1711,problem2_retrain_v2/results/aligned/ablations/f1_gate_component_ablation_five_seeds
noB,2028,A,0.1,random,5028,A,observed_mean,0.4320670962333679,3.014322519302368,2.038809537887573,1711,problem2_retrain_v2/results/aligned/ablations/f1_gate_component_ablation_five_seeds
noB,2028,A,0.2,random,5026,A,reconstructed,0.9243652820587158,3.0445668697357178,1.9106745719909668,3400,problem2_retrain_v2/results/aligned/ablations/f1_gate_component_ablation_five_seeds
noB,2028,A,0.2,random,5026,A,observed_mean,0.4680847227573395,3.0445668697357178,2.040778160095215,3400,problem2_retrain_v2/results/aligned/ablations/f1_gate_component_ablation_five_seeds
noB,2028,A,0.2,random,5027,A,reconstructed,0.9242796301841736,3.0408473014831543,1.9107840061187744,3400,problem2_retrain_v2/results/aligned/ablations/f1_gate_component_ablation_five_seeds
noB,2028,A,0.2,random,5027,A,observed_mean,0.4730012714862823,3.0408473014831543,2.043602705001831,3400,problem2_retrain_v2/results/aligned/ablations/f1_gate_component_ablation_five_seeds
noB,2028,A,0.2,random,5028,A,reconstructed,0.9180589318275452,3.0591073036193848,1.9107540845870967,3400,problem2_retrain_v2/results/aligned/ablations/f1_gate_component_ablation_five_seeds
noB,2028,A,0.2,random,5028,A,observed_mean,0.4619238674640655,3.0591073036193848,2.03254771232605,3400,problem2_retrain_v2/results/aligned/ablations/f1_gate_component_ablation_five_seeds
noB,2028,A,0.3,start,5026,A,reconstructed,0.9198253750801086,3.0779783725738525,1.909218668937683,5039,problem2_retrain_v2/results/aligned/ablations/f1_gate_component_ablation_five_seeds
noB,2028,A,0.3,start,5026,A,observed_mean,0.5172675251960754,3.0779783725738525,2.095184564590454,5039,problem2_retrain_v2/results/aligned/ablations/f1_gate_component_ablation_five_seeds
noB,2028,A,0.3,middle,5026,A,reconstructed,0.9197992086410522,3.0458321571350098,1.910650491714477,5039,problem2_retrain_v2/results/aligned/ablations/f1_gate_component_ablation_five_seeds
noB,2028,A,0.3,middle,5026,A,observed_mean,0.4621767699718475,3.0458321571350098,2.0565664768218994,5039,problem2_retrain_v2/results/aligned/ablations/f1_gate_component_ablation_five_seeds
noB,2028,A,0.3,end,5026,A,reconstructed,0.9241953492164612,3.0478355884552,1.9072993993759155,5039,problem2_retrain_v2/results/aligned/ablations/f1_gate_component_ablation_five_seeds
noB,2028,A,0.3,end,5026,A,observed_mean,0.5530645251274109,3.0478355884552,2.1243252754211426,5039,problem2_retrain_v2/results/aligned/ablations/f1_gate_component_ablation_five_seeds
noB,2028,A,0.3,random,5026,A,reconstructed,0.9235654473304749,3.035447597503662,1.9104256629943848,5039,problem2_retrain_v2/results/aligned/ablations/f1_gate_component_ablation_five_seeds
noB,2028,A,0.3,random,5026,A,observed_mean,0.4901773929595947,3.035447597503662,2.0857627391815186,5039,problem2_retrain_v2/results/aligned/ablations/f1_gate_component_ablation_five_seeds
noB,2028,A,0.3,random,5027,A,reconstructed,0.9230231642723083,3.0341739654541016,1.9103517532348635,5039,problem2_retrain_v2/results/aligned/ablations/f1_gate_component_ablation_five_seeds
noB,2028,A,0.3,random,5027,A,observed_mean,0.4927232265472412,3.0341739654541016,2.085021495819092,5039,problem2_retrain_v2/results/aligned/ablations/f1_gate_component_ablation_five_seeds
noB,2028,A,0.3,random,5028,A,reconstructed,0.919654130935669,3.061607837677002,1.9100168943405151,5039,problem2_retrain_v2/results/aligned/ablations/f1_gate_component_ablation_five_seeds
noB,2028,A,0.3,random,5028,A,observed_mean,0.4846479296684265,3.061607837677002,2.0709095001220703,5039,problem2_retrain_v2/results/aligned/ablations/f1_gate_component_ablation_five_seeds
noB,2028,A,0.4,random,5026,A,reconstructed,0.9221180081367492,3.028010845184326,1.910773038864136,6740,problem2_retrain_v2/results/aligned/ablations/f1_gate_component_ablation_five_seeds
noB,2028,A,0.4,random,5026,A,observed_mean,0.5068399310112,3.028010845184326,2.122920513153076,6740,problem2_retrain_v2/results/aligned/ablations/f1_gate_component_ablation_five_seeds
noB,2028,A,0.4,random,5027,A,reconstructed,0.9213926792144777,3.0325229167938232,1.9104894399642944,6740,problem2_retrain_v2/results/aligned/ablations/f1_gate_component_ablation_five_seeds
noB,2028,A,0.4,random,5027,A,observed_mean,0.5066178441047668,3.0325229167938232,2.1215317249298096,6740,problem2_retrain_v2/results/aligned/ablations/f1_gate_component_ablation_five_seeds
noB,2028,A,0.4,random,5028,A,reconstructed,0.9190927147865297,3.062969207763672,1.9100216627120967,6740,problem2_retrain_v2/results/aligned/ablations/f1_gate_component_ablation_five_seeds
noB,2028,A,0.4,random,5028,A,observed_mean,0.5023880004882812,3.062969207763672,2.099160671234131,6740,problem2_retrain_v2/results/aligned/ablations/f1_gate_component_ablation_five_seeds
noB,2028,A,0.5,random,5026,A,reconstructed,0.920630156993866,3.0303986072540283,1.9103429317474363,8415,problem2_retrain_v2/results/aligned/ablations/f1_gate_component_ablation_five_seeds
noB,2028,A,0.5,random,5026,A,observed_mean,0.5205658674240112,3.0303986072540283,2.1685609817504883,8415,problem2_retrain_v2/results/aligned/ablations/f1_gate_component_ablation_five_seeds
noB,2028,A,0.5,random,5027,A,reconstructed,0.9200332760810852,3.0530714988708496,1.9098279476165767,8415,problem2_retrain_v2/results/aligned/ablations/f1_gate_component_ablation_five_seeds
noB,2028,A,0.5,random,5027,A,observed_mean,0.5195619463920593,3.0530714988708496,2.153573513031006,8415,problem2_retrain_v2/results/aligned/ablations/f1_gate_component_ablation_five_seeds
noB,2028,A,0.5,random,5028,A,reconstructed,0.9195837378501892,3.0545849800109863,1.9093396663665767,8415,problem2_retrain_v2/results/aligned/ablations/f1_gate_component_ablation_five_seeds
noB,2028,A,0.5,random,5028,A,observed_mean,0.5204170346260071,3.0545849800109863,2.1440885066986084,8415,problem2_retrain_v2/results/aligned/ablations/f1_gate_component_ablation_five_seeds
noB,2028,V,0.1,random,5026,V,reconstructed,0.8565447926521301,3.3888943195343018,2.208174467086792,1604,problem2_retrain_v2/results/aligned/ablations/f1_gate_component_ablation_five_seeds
noB,2028,V,0.1,random,5026,V,observed_mean,0.1570676416158676,3.3888943195343018,2.9321749210357666,1604,problem2_retrain_v2/results/aligned/ablations/f1_gate_component_ablation_five_seeds
noB,2028,V,0.1,random,5027,V,reconstructed,0.85784512758255,3.292563438415528,2.207631826400757,1595,problem2_retrain_v2/results/aligned/ablations/f1_gate_component_ablation_five_seeds
noB,2028,V,0.1,random,5027,V,observed_mean,0.1562638282775879,3.292563438415528,2.956138610839844,1595,problem2_retrain_v2/results/aligned/ablations/f1_gate_component_ablation_five_seeds
noB,2028,V,0.1,random,5028,V,reconstructed,0.8564267158508301,3.368053674697876,2.210861921310425,1588,problem2_retrain_v2/results/aligned/ablations/f1_gate_component_ablation_five_seeds
noB,2028,V,0.1,random,5028,V,observed_mean,0.1526450365781784,3.368053674697876,2.947335958480835,1588,problem2_retrain_v2/results/aligned/ablations/f1_gate_component_ablation_five_seeds
noB,2028,V,0.2,random,5026,V,reconstructed,0.8560322523117065,3.383760690689087,2.214817762374878,3194,problem2_retrain_v2/results/aligned/ablations/f1_gate_component_ablation_five_seeds
noB,2028,V,0.2,random,5026,V,observed_mean,0.1710573732852935,3.383760690689087,2.942674160003662,3194,problem2_retrain_v2/results/aligned/ablations/f1_gate_component_ablation_five_seeds
noB,2028,V,0.2,random,5027,V,reconstructed,0.8576223254203796,3.3085525035858154,2.2145562171936035,3180,problem2_retrain_v2/results/aligned/ablations/f1_gate_component_ablation_five_seeds
noB,2028,V,0.2,random,5027,V,observed_mean,0.1713374555110931,3.3085525035858154,2.96134614944458,3180,problem2_retrain_v2/results/aligned/ablations/f1_gate_component_ablation_five_seeds
noB,2028,V,0.2,random,5028,V,reconstructed,0.8548095226287842,3.367216825485229,2.215331792831421,3176,problem2_retrain_v2/results/aligned/ablations/f1_gate_component_ablation_five_seeds
noB,2028,V,0.2,random,5028,V,observed_mean,0.1692477017641067,3.367216825485229,2.9506053924560547,3176,problem2_retrain_v2/results/aligned/ablations/f1_gate_component_ablation_five_seeds
noB,2028,V,0.3,start,5026,V,reconstructed,0.8572000861167908,3.3157761096954346,2.2127773761749268,4768,problem2_retrain_v2/results/aligned/ablations/f1_gate_component_ablation_five_seeds
noB,2028,V,0.3,start,5026,V,observed_mean,0.2120792418718338,3.3157761096954346,2.984502077102661,4768,problem2_retrain_v2/results/aligned/ablations/f1_gate_component_ablation_five_seeds
noB,2028,V,0.3,middle,5026,V,reconstructed,0.8556057214736938,3.3075428009033203,2.217449426651001,4759,problem2_retrain_v2/results/aligned/ablations/f1_gate_component_ablation_five_seeds
noB,2028,V,0.3,middle,5026,V,observed_mean,0.1607333421707153,3.3075428009033203,2.966026306152344,4759,problem2_retrain_v2/results/aligned/ablations/f1_gate_component_ablation_five_seeds
noB,2028,V,0.3,end,5026,V,reconstructed,0.8610037565231323,3.43531346321106,2.2125561237335205,4663,problem2_retrain_v2/results/aligned/ablations/f1_gate_component_ablation_five_seeds
noB,2028,V,0.3,end,5026,V,observed_mean,0.2280544340610504,3.43531346321106,2.9887077808380127,4663,problem2_retrain_v2/results/aligned/ablations/f1_gate_component_ablation_five_seeds
noB,2028,V,0.3,random,5026,V,reconstructed,0.8559914231300354,3.3774633407592773,2.2186341285705566,4743,problem2_retrain_v2/results/aligned/ablations/f1_gate_component_ablation_five_seeds
noB,2028,V,0.3,random,5026,V,observed_mean,0.1817270070314407,3.3774633407592773,2.95387864112854,4743,problem2_retrain_v2/results/aligned/ablations/f1_gate_component_ablation_five_seeds
noB,2028,V,0.3,random,5027,V,reconstructed,0.8564648032188416,3.3168673515319824,2.217963933944702,4712,problem2_retrain_v2/results/aligned/ablations/f1_gate_component_ablation_five_seeds
noB,2028,V,0.3,random,5027,V,observed_mean,0.1832383871078491,3.3168673515319824,2.976426362991333,4712,problem2_retrain_v2/results/aligned/ablations/f1_gate_component_ablation_five_seeds
noB,2028,V,0.3,random,5028,V,reconstructed,0.8550987839698792,3.3455822467803955,2.2182095050811768,4710,problem2_retrain_v2/results/aligned/ablations/f1_gate_component_ablation_five_seeds
noB,2028,V,0.3,random,5028,V,observed_mean,0.1777835190296173,3.3455822467803955,2.9619174003601074,4710,problem2_retrain_v2/results/aligned/ablations/f1_gate_component_ablation_five_seeds
noB,2028,V,0.4,random,5026,V,reconstructed,0.8554334044456482,3.3575563430786133,2.222840070724488,6357,problem2_retrain_v2/results/aligned/ablations/f1_gate_component_ablation_five_seeds
noB,2028,V,0.4,random,5026,V,observed_mean,0.1920666843652725,3.3575563430786133,2.975637912750244,6357,problem2_retrain_v2/results/aligned/ablations/f1_gate_component_ablation_five_seeds
noB,2028,V,0.4,random,5027,V,reconstructed,0.855258047580719,3.317189931869507,2.2224905490875244,6308,problem2_retrain_v2/results/aligned/ablations/f1_gate_component_ablation_five_seeds
noB,2028,V,0.4,random,5027,V,observed_mean,0.1943486183881759,3.317189931869507,2.9980580806732178,6308,problem2_retrain_v2/results/aligned/ablations/f1_gate_component_ablation_five_seeds
noB,2028,V,0.4,random,5028,V,reconstructed,0.8547573685646057,3.347346305847168,2.2234649658203125,6306,problem2_retrain_v2/results/aligned/ablations/f1_gate_component_ablation_five_seeds
noB,2028,V,0.4,random,5028,V,observed_mean,0.1900763064622879,3.347346305847168,2.9800827503204346,6306,problem2_retrain_v2/results/aligned/ablations/f1_gate_component_ablation_five_seeds
noB,2028,V,0.5,random,5026,V,reconstructed,0.8551836013793945,3.338477849960327,2.225615739822388,7939,problem2_retrain_v2/results/aligned/ablations/f1_gate_component_ablation_five_seeds
noB,2028,V,0.5,random,5026,V,observed_mean,0.201497346162796,3.338477849960327,3.008674383163452,7939,problem2_retrain_v2/results/aligned/ablations/f1_gate_component_ablation_five_seeds
noB,2028,V,0.5,random,5027,V,reconstructed,0.8551197648048401,3.318081378936768,2.225423574447632,7888,problem2_retrain_v2/results/aligned/ablations/f1_gate_component_ablation_five_seeds
noB,2028,V,0.5,random,5027,V,observed_mean,0.2029374092817306,3.318081378936768,3.021746158599853,7888,problem2_retrain_v2/results/aligned/ablations/f1_gate_component_ablation_five_seeds
noB,2028,V,0.5,random,5028,V,reconstructed,0.8549715280532837,3.3328094482421875,2.225749969482422,7893,problem2_retrain_v2/results/aligned/ablations/f1_gate_component_ablation_five_seeds
noB,2028,V,0.5,random,5028,V,observed_mean,0.2007718682289123,3.3328094482421875,3.0140581130981445,7893,problem2_retrain_v2/results/aligned/ablations/f1_gate_component_ablation_five_seeds
noB,2028,TA,0.3,start,5026,T,reconstructed,0.5455265045166016,13.189375877380373,8.19560432434082,5039,problem2_retrain_v2/results/aligned/ablations/f1_gate_component_ablation_five_seeds
noB,2028,TA,0.3,start,5026,T,observed_mean,0.0904242470860481,13.189375877380373,12.309995651245115,5039,problem2_retrain_v2/results/aligned/ablations/f1_gate_component_ablation_five_seeds
noB,2028,TA,0.3,start,5026,A,reconstructed,0.9206676483154296,3.0779783725738525,1.9051443338394165,5039,problem2_retrain_v2/results/aligned/ablations/f1_gate_component_ablation_five_seeds
noB,2028,TA,0.3,start,5026,A,observed_mean,0.5172675251960754,3.0779783725738525,2.095184564590454,5039,problem2_retrain_v2/results/aligned/ablations/f1_gate_component_ablation_five_seeds
noB,2028,TA,0.3,middle,5026,T,reconstructed,0.5479190349578857,12.806035995483398,8.303821563720703,5039,problem2_retrain_v2/results/aligned/ablations/f1_gate_component_ablation_five_seeds
noB,2028,TA,0.3,middle,5026,T,observed_mean,0.0885540023446083,12.806035995483398,12.471799850463867,5039,problem2_retrain_v2/results/aligned/ablations/f1_gate_component_ablation_five_seeds
noB,2028,TA,0.3,middle,5026,A,reconstructed,0.9209004640579224,3.0458321571350098,1.906166315078736,5039,problem2_retrain_v2/results/aligned/ablations/f1_gate_component_ablation_five_seeds
noB,2028,TA,0.3,middle,5026,A,observed_mean,0.4621767699718475,3.0458321571350098,2.0565664768218994,5039,problem2_retrain_v2/results/aligned/ablations/f1_gate_component_ablation_five_seeds
noB,2028,TA,0.3,end,5026,T,reconstructed,0.5582576990127563,12.873519897460938,8.277481079101562,5039,problem2_retrain_v2/results/aligned/ablations/f1_gate_component_ablation_five_seeds
noB,2028,TA,0.3,end,5026,T,observed_mean,0.1057596802711486,12.873519897460938,11.902607917785645,5039,problem2_retrain_v2/results/aligned/ablations/f1_gate_component_ablation_five_seeds
noB,2028,TA,0.3,end,5026,A,reconstructed,0.9293037056922911,3.0478355884552,1.893991470336914,5039,problem2_retrain_v2/results/aligned/ablations/f1_gate_component_ablation_five_seeds
noB,2028,TA,0.3,end,5026,A,observed_mean,0.5530645251274109,3.0478355884552,2.1243252754211426,5039,problem2_retrain_v2/results/aligned/ablations/f1_gate_component_ablation_five_seeds
noB,2028,TA,0.3,random,5026,T,reconstructed,0.5496649742126465,12.884529113769531,8.292283058166504,5039,problem2_retrain_v2/results/aligned/ablations/f1_gate_component_ablation_five_seeds
noB,2028,TA,0.3,random,5026,T,observed_mean,0.0925019234418869,12.884529113769531,12.464119911193848,5039,problem2_retrain_v2/results/aligned/ablations/f1_gate_component_ablation_five_seeds
noB,2028,TA,0.3,random,5026,A,reconstructed,0.9262741804122924,3.035447597503662,1.9132894277572632,5039,problem2_retrain_v2/results/aligned/ablations/f1_gate_component_ablation_five_seeds
noB,2028,TA,0.3,random,5026,A,observed_mean,0.4901773929595947,3.035447597503662,2.0857627391815186,5039,problem2_retrain_v2/results/aligned/ablations/f1_gate_component_ablation_five_seeds
noB,2028,TA,0.3,random,5027,T,reconstructed,0.5485740303993225,12.849077224731444,8.293697357177734,5039,problem2_retrain_v2/results/aligned/ablations/f1_gate_component_ablation_five_seeds
noB,2028,TA,0.3,random,5027,T,observed_mean,0.0916320085525512,12.849077224731444,12.43373680114746,5039,problem2_retrain_v2/results/aligned/ablations/f1_gate_component_ablation_five_seeds
noB,2028,TA,0.3,random,5027,A,reconstructed,0.9261170029640198,3.0341739654541016,1.9068012237548828,5039,problem2_retrain_v2/results/aligned/ablations/f1_gate_component_ablation_five_seeds
noB,2028,TA,0.3,random,5027,A,observed_mean,0.4927232265472412,3.0341739654541016,2.085021495819092,5039,problem2_retrain_v2/results/aligned/ablations/f1_gate_component_ablation_five_seeds
noB,2028,TA,0.3,random,5028,T,reconstructed,0.5488457679748535,12.864948272705078,8.293951988220215,5039,problem2_retrain_v2/results/aligned/ablations/f1_gate_component_ablation_five_seeds
noB,2028,TA,0.3,random,5028,T,observed_mean,0.0952054932713508,12.864948272705078,12.462604522705078,5039,problem2_retrain_v2/results/aligned/ablations/f1_gate_component_ablation_five_seeds
noB,2028,TA,0.3,random,5028,A,reconstructed,0.9224462509155272,3.061607837677002,1.9132665395736688,5039,problem2_retrain_v2/results/aligned/ablations/f1_gate_component_ablation_five_seeds
noB,2028,TA,0.3,random,5028,A,observed_mean,0.4846479296684265,3.061607837677002,2.0709095001220703,5039,problem2_retrain_v2/results/aligned/ablations/f1_gate_component_ablation_five_seeds
noB,2028,TV,0.3,start,5026,T,reconstructed,0.5445194244384766,13.19191551208496,8.262765884399414,5035,problem2_retrain_v2/results/aligned/ablations/f1_gate_component_ablation_five_seeds
noB,2028,TV,0.3,start,5026,T,observed_mean,0.0904363319277763,13.19191551208496,12.311944961547852,5035,problem2_retrain_v2/results/aligned/ablations/f1_gate_component_ablation_five_seeds
noB,2028,TV,0.3,start,5026,V,reconstructed,0.860210657119751,3.3157761096954346,2.1927313804626465,4768,problem2_retrain_v2/results/aligned/ablations/f1_gate_component_ablation_five_seeds
noB,2028,TV,0.3,start,5026,V,observed_mean,0.2120792418718338,3.3157761096954346,2.984502077102661,4768,problem2_retrain_v2/results/aligned/ablations/f1_gate_component_ablation_five_seeds
noB,2028,TV,0.3,middle,5026,T,reconstructed,0.5469877123832703,12.809015274047852,8.366368293762207,5036,problem2_retrain_v2/results/aligned/ablations/f1_gate_component_ablation_five_seeds
noB,2028,TV,0.3,middle,5026,T,observed_mean,0.0885208398103714,12.809015274047852,12.47377586364746,5036,problem2_retrain_v2/results/aligned/ablations/f1_gate_component_ablation_five_seeds
noB,2028,TV,0.3,middle,5026,V,reconstructed,0.8598915934562683,3.3075428009033203,2.211403608322144,4759,problem2_retrain_v2/results/aligned/ablations/f1_gate_component_ablation_five_seeds
noB,2028,TV,0.3,middle,5026,V,observed_mean,0.1607333421707153,3.3075428009033203,2.966026306152344,4759,problem2_retrain_v2/results/aligned/ablations/f1_gate_component_ablation_five_seeds
noB,2028,TV,0.3,end,5026,T,reconstructed,0.55726557970047,12.8782320022583,8.332498550415039,5030,problem2_retrain_v2/results/aligned/ablations/f1_gate_component_ablation_five_seeds
noB,2028,TV,0.3,end,5026,T,observed_mean,0.1058038249611854,12.8782320022583,11.90572738647461,5030,problem2_retrain_v2/results/aligned/ablations/f1_gate_component_ablation_five_seeds
noB,2028,TV,0.3,end,5026,V,reconstructed,0.8659223318099976,3.43531346321106,2.2103912830352783,4663,problem2_retrain_v2/results/aligned/ablations/f1_gate_component_ablation_five_seeds
noB,2028,TV,0.3,end,5026,V,observed_mean,0.2280544340610504,3.43531346321106,2.9887077808380127,4663,problem2_retrain_v2/results/aligned/ablations/f1_gate_component_ablation_five_seeds
noB,2028,TV,0.3,random,5026,T,reconstructed,0.5487256646156311,12.884529113769531,8.35816764831543,5039,problem2_retrain_v2/results/aligned/ablations/f1_gate_component_ablation_five_seeds
noB,2028,TV,0.3,random,5026,T,observed_mean,0.0925019234418869,12.884529113769531,12.464119911193848,5039,problem2_retrain_v2/results/aligned/ablations/f1_gate_component_ablation_five_seeds
noB,2028,TV,0.3,random,5026,V,reconstructed,0.8610343933105469,3.3774633407592773,2.2266669273376465,4743,problem2_retrain_v2/results/aligned/ablations/f1_gate_component_ablation_five_seeds
noB,2028,TV,0.3,random,5026,V,observed_mean,0.1817270070314407,3.3774633407592773,2.95387864112854,4743,problem2_retrain_v2/results/aligned/ablations/f1_gate_component_ablation_five_seeds
noB,2028,TV,0.3,random,5027,T,reconstructed,0.5475344061851501,12.850104331970217,8.363685607910156,5038,problem2_retrain_v2/results/aligned/ablations/f1_gate_component_ablation_five_seeds
noB,2028,TV,0.3,random,5027,T,observed_mean,0.0916314125061035,12.850104331970217,12.434788703918455,5038,problem2_retrain_v2/results/aligned/ablations/f1_gate_component_ablation_five_seeds
noB,2028,TV,0.3,random,5027,V,reconstructed,0.8594005703926086,3.3168673515319824,2.217038154602051,4712,problem2_retrain_v2/results/aligned/ablations/f1_gate_component_ablation_five_seeds
noB,2028,TV,0.3,random,5027,V,observed_mean,0.1832383871078491,3.3168673515319824,2.976426362991333,4712,problem2_retrain_v2/results/aligned/ablations/f1_gate_component_ablation_five_seeds
noB,2028,TV,0.3,random,5028,T,reconstructed,0.5478156208992004,12.871112823486328,8.356521606445312,5030,problem2_retrain_v2/results/aligned/ablations/f1_gate_component_ablation_five_seeds
noB,2028,TV,0.3,random,5028,T,observed_mean,0.0951049104332923,12.871112823486328,12.467551231384276,5030,problem2_retrain_v2/results/aligned/ablations/f1_gate_component_ablation_five_seeds
noB,2028,TV,0.3,random,5028,V,reconstructed,0.8604228496551514,3.3455822467803955,2.2179629802703857,4710,problem2_retrain_v2/results/aligned/ablations/f1_gate_component_ablation_five_seeds
noB,2028,TV,0.3,random,5028,V,observed_mean,0.1777835190296173,3.3455822467803955,2.9619174003601074,4710,problem2_retrain_v2/results/aligned/ablations/f1_gate_component_ablation_five_seeds
noB,2028,AV,0.3,start,5026,A,reconstructed,0.9190008640289308,3.0782952308654785,1.9153845310211184,5035,problem2_retrain_v2/results/aligned/ablations/f1_gate_component_ablation_five_seeds
noB,2028,AV,0.3,start,5026,A,observed_mean,0.5172073841094971,3.0782952308654785,2.0950675010681152,5035,problem2_retrain_v2/results/aligned/ablations/f1_gate_component_ablation_five_seeds
noB,2028,AV,0.3,start,5026,V,reconstructed,0.8564704656600952,3.3157761096954346,2.2145566940307617,4768,problem2_retrain_v2/results/aligned/ablations/f1_gate_component_ablation_five_seeds
noB,2028,AV,0.3,start,5026,V,observed_mean,0.2120792418718338,3.3157761096954346,2.984502077102661,4768,problem2_retrain_v2/results/aligned/ablations/f1_gate_component_ablation_five_seeds
noB,2028,AV,0.3,middle,5026,A,reconstructed,0.9193916916847228,3.0452799797058105,1.9170001745224,5036,problem2_retrain_v2/results/aligned/ablations/f1_gate_component_ablation_five_seeds
noB,2028,AV,0.3,middle,5026,A,observed_mean,0.4623523652553558,3.0452799797058105,2.055497407913208,5036,problem2_retrain_v2/results/aligned/ablations/f1_gate_component_ablation_five_seeds
noB,2028,AV,0.3,middle,5026,V,reconstructed,0.8551305532455444,3.3075428009033203,2.217828750610352,4759,problem2_retrain_v2/results/aligned/ablations/f1_gate_component_ablation_five_seeds
noB,2028,AV,0.3,middle,5026,V,observed_mean,0.1607333421707153,3.3075428009033203,2.966026306152344,4759,problem2_retrain_v2/results/aligned/ablations/f1_gate_component_ablation_five_seeds
noB,2028,AV,0.3,end,5026,A,reconstructed,0.9235635995864868,3.047947406768799,1.9149019718170168,5030,problem2_retrain_v2/results/aligned/ablations/f1_gate_component_ablation_five_seeds
noB,2028,AV,0.3,end,5026,A,observed_mean,0.5531197786331177,3.047947406768799,2.1230931282043457,5030,problem2_retrain_v2/results/aligned/ablations/f1_gate_component_ablation_five_seeds
noB,2028,AV,0.3,end,5026,V,reconstructed,0.8602200746536255,3.43531346321106,2.2144153118133545,4663,problem2_retrain_v2/results/aligned/ablations/f1_gate_component_ablation_five_seeds
noB,2028,AV,0.3,end,5026,V,observed_mean,0.2280544340610504,3.43531346321106,2.9887077808380127,4663,problem2_retrain_v2/results/aligned/ablations/f1_gate_component_ablation_five_seeds
noB,2028,AV,0.3,random,5026,A,reconstructed,0.9232540130615234,3.035447597503662,1.9170845746994016,5039,problem2_retrain_v2/results/aligned/ablations/f1_gate_component_ablation_five_seeds
noB,2028,AV,0.3,random,5026,A,observed_mean,0.4901773929595947,3.035447597503662,2.0857627391815186,5039,problem2_retrain_v2/results/aligned/ablations/f1_gate_component_ablation_five_seeds
noB,2028,AV,0.3,random,5026,V,reconstructed,0.8551139831542969,3.3774633407592773,2.219259738922119,4743,problem2_retrain_v2/results/aligned/ablations/f1_gate_component_ablation_five_seeds
noB,2028,AV,0.3,random,5026,V,observed_mean,0.1817270070314407,3.3774633407592773,2.95387864112854,4743,problem2_retrain_v2/results/aligned/ablations/f1_gate_component_ablation_five_seeds
noB,2028,AV,0.3,random,5027,A,reconstructed,0.9224512577056884,3.03394627571106,1.9165174961090088,5038,problem2_retrain_v2/results/aligned/ablations/f1_gate_component_ablation_five_seeds
noB,2028,AV,0.3,random,5027,A,observed_mean,0.4927906692028045,3.03394627571106,2.084697723388672,5038,problem2_retrain_v2/results/aligned/ablations/f1_gate_component_ablation_five_seeds
noB,2028,AV,0.3,random,5027,V,reconstructed,0.8555435538291931,3.3168673515319824,2.218942880630493,4712,problem2_retrain_v2/results/aligned/ablations/f1_gate_component_ablation_five_seeds
noB,2028,AV,0.3,random,5027,V,observed_mean,0.1832383871078491,3.3168673515319824,2.976426362991333,4712,problem2_retrain_v2/results/aligned/ablations/f1_gate_component_ablation_five_seeds
noB,2028,AV,0.3,random,5028,A,reconstructed,0.918975591659546,3.06139874458313,1.9163025617599487,5030,problem2_retrain_v2/results/aligned/ablations/f1_gate_component_ablation_five_seeds
noB,2028,AV,0.3,random,5028,A,observed_mean,0.4848221242427826,3.06139874458313,2.069108009338379,5030,problem2_retrain_v2/results/aligned/ablations/f1_gate_component_ablation_five_seeds
noB,2028,AV,0.3,random,5028,V,reconstructed,0.8546717762947083,3.3455822467803955,2.219348907470703,4710,problem2_retrain_v2/results/aligned/ablations/f1_gate_component_ablation_five_seeds
noB,2028,AV,0.3,random,5028,V,observed_mean,0.1777835190296173,3.3455822467803955,2.9619174003601074,4710,problem2_retrain_v2/results/aligned/ablations/f1_gate_component_ablation_five_seeds
noB,2028,TAV,0.3,start,5026,T,reconstructed,0.5439218282699585,13.19191551208496,8.252874374389648,5035,problem2_retrain_v2/results/aligned/ablations/f1_gate_component_ablation_five_seeds
noB,2028,TAV,0.3,start,5026,T,observed_mean,0.0904363319277763,13.19191551208496,12.311944961547852,5035,problem2_retrain_v2/results/aligned/ablations/f1_gate_component_ablation_five_seeds
noB,2028,TAV,0.3,start,5026,A,reconstructed,0.9201405644416808,3.0782952308654785,1.915320873260498,5035,problem2_retrain_v2/results/aligned/ablations/f1_gate_component_ablation_five_seeds
noB,2028,TAV,0.3,start,5026,A,observed_mean,0.5172073841094971,3.0782952308654785,2.0950675010681152,5035,problem2_retrain_v2/results/aligned/ablations/f1_gate_component_ablation_five_seeds
noB,2028,TAV,0.3,start,5026,V,reconstructed,0.8591519594192505,3.3157761096954346,2.1948671340942383,4768,problem2_retrain_v2/results/aligned/ablations/f1_gate_component_ablation_five_seeds
noB,2028,TAV,0.3,start,5026,V,observed_mean,0.2120792418718338,3.3157761096954346,2.984502077102661,4768,problem2_retrain_v2/results/aligned/ablations/f1_gate_component_ablation_five_seeds
noB,2028,TAV,0.3,middle,5026,T,reconstructed,0.5463792085647583,12.809015274047852,8.368030548095703,5036,problem2_retrain_v2/results/aligned/ablations/f1_gate_component_ablation_five_seeds
noB,2028,TAV,0.3,middle,5026,T,observed_mean,0.0885208398103714,12.809015274047852,12.47377586364746,5036,problem2_retrain_v2/results/aligned/ablations/f1_gate_component_ablation_five_seeds
noB,2028,TAV,0.3,middle,5026,A,reconstructed,0.9208170771598816,3.0452799797058105,1.916003942489624,5036,problem2_retrain_v2/results/aligned/ablations/f1_gate_component_ablation_five_seeds
noB,2028,TAV,0.3,middle,5026,A,observed_mean,0.4623523652553558,3.0452799797058105,2.055497407913208,5036,problem2_retrain_v2/results/aligned/ablations/f1_gate_component_ablation_five_seeds
noB,2028,TAV,0.3,middle,5026,V,reconstructed,0.8593668937683105,3.3075428009033203,2.2124385833740234,4759,problem2_retrain_v2/results/aligned/ablations/f1_gate_component_ablation_five_seeds
noB,2028,TAV,0.3,middle,5026,V,observed_mean,0.1607333421707153,3.3075428009033203,2.966026306152344,4759,problem2_retrain_v2/results/aligned/ablations/f1_gate_component_ablation_five_seeds
noB,2028,TAV,0.3,end,5026,T,reconstructed,0.5565003752708435,12.8782320022583,8.33311653137207,5030,problem2_retrain_v2/results/aligned/ablations/f1_gate_component_ablation_five_seeds
noB,2028,TAV,0.3,end,5026,T,observed_mean,0.1058038249611854,12.8782320022583,11.90572738647461,5030,problem2_retrain_v2/results/aligned/ablations/f1_gate_component_ablation_five_seeds
noB,2028,TAV,0.3,end,5026,A,reconstructed,0.9291419386863708,3.047947406768799,1.9057605266571045,5030,problem2_retrain_v2/results/aligned/ablations/f1_gate_component_ablation_five_seeds
noB,2028,TAV,0.3,end,5026,A,observed_mean,0.5531197786331177,3.047947406768799,2.1230931282043457,5030,problem2_retrain_v2/results/aligned/ablations/f1_gate_component_ablation_five_seeds
noB,2028,TAV,0.3,end,5026,V,reconstructed,0.8648303747177124,3.43531346321106,2.2126734256744385,4663,problem2_retrain_v2/results/aligned/ablations/f1_gate_component_ablation_five_seeds
noB,2028,TAV,0.3,end,5026,V,observed_mean,0.2280544340610504,3.43531346321106,2.9887077808380127,4663,problem2_retrain_v2/results/aligned/ablations/f1_gate_component_ablation_five_seeds
noB,2028,TAV,0.3,random,5026,T,reconstructed,0.5480629801750183,12.884529113769531,8.3575439453125,5039,problem2_retrain_v2/results/aligned/ablations/f1_gate_component_ablation_five_seeds
noB,2028,TAV,0.3,random,5026,T,observed_mean,0.0925019234418869,12.884529113769531,12.464119911193848,5039,problem2_retrain_v2/results/aligned/ablations/f1_gate_component_ablation_five_seeds
noB,2028,TAV,0.3,random,5026,A,reconstructed,0.926365852355957,3.035447597503662,1.9235416650772093,5039,problem2_retrain_v2/results/aligned/ablations/f1_gate_component_ablation_five_seeds
noB,2028,TAV,0.3,random,5026,A,observed_mean,0.4901773929595947,3.035447597503662,2.0857627391815186,5039,problem2_retrain_v2/results/aligned/ablations/f1_gate_component_ablation_five_seeds
noB,2028,TAV,0.3,random,5026,V,reconstructed,0.86006760597229,3.3774633407592773,2.228783369064331,4743,problem2_retrain_v2/results/aligned/ablations/f1_gate_component_ablation_five_seeds
noB,2028,TAV,0.3,random,5026,V,observed_mean,0.1817270070314407,3.3774633407592773,2.95387864112854,4743,problem2_retrain_v2/results/aligned/ablations/f1_gate_component_ablation_five_seeds
noB,2028,TAV,0.3,random,5027,T,reconstructed,0.5470173954963684,12.850104331970217,8.357460021972656,5038,problem2_retrain_v2/results/aligned/ablations/f1_gate_component_ablation_five_seeds
noB,2028,TAV,0.3,random,5027,T,observed_mean,0.0916314125061035,12.850104331970217,12.434788703918455,5038,problem2_retrain_v2/results/aligned/ablations/f1_gate_component_ablation_five_seeds
noB,2028,TAV,0.3,random,5027,A,reconstructed,0.9259637594223022,3.03394627571106,1.9169135093688965,5038,problem2_retrain_v2/results/aligned/ablations/f1_gate_component_ablation_five_seeds
noB,2028,TAV,0.3,random,5027,A,observed_mean,0.4927906692028045,3.03394627571106,2.084697723388672,5038,problem2_retrain_v2/results/aligned/ablations/f1_gate_component_ablation_five_seeds
noB,2028,TAV,0.3,random,5027,V,reconstructed,0.8581602573394775,3.3168673515319824,2.218107223510742,4712,problem2_retrain_v2/results/aligned/ablations/f1_gate_component_ablation_five_seeds
noB,2028,TAV,0.3,random,5027,V,observed_mean,0.1832383871078491,3.3168673515319824,2.976426362991333,4712,problem2_retrain_v2/results/aligned/ablations/f1_gate_component_ablation_five_seeds
noB,2028,TAV,0.3,random,5028,T,reconstructed,0.5472108125686646,12.871112823486328,8.356825828552246,5030,problem2_retrain_v2/results/aligned/ablations/f1_gate_component_ablation_five_seeds
noB,2028,TAV,0.3,random,5028,T,observed_mean,0.0951049104332923,12.871112823486328,12.467551231384276,5030,problem2_retrain_v2/results/aligned/ablations/f1_gate_component_ablation_five_seeds
noB,2028,TAV,0.3,random,5028,A,reconstructed,0.9221590161323548,3.06139874458313,1.922919511795044,5030,problem2_retrain_v2/results/aligned/ablations/f1_gate_component_ablation_five_seeds
noB,2028,TAV,0.3,random,5028,A,observed_mean,0.4848221242427826,3.06139874458313,2.069108009338379,5030,problem2_retrain_v2/results/aligned/ablations/f1_gate_component_ablation_five_seeds
noB,2028,TAV,0.3,random,5028,V,reconstructed,0.8599326014518738,3.3455822467803955,2.219898700714112,4710,problem2_retrain_v2/results/aligned/ablations/f1_gate_component_ablation_five_seeds
noB,2028,TAV,0.3,random,5028,V,observed_mean,0.1777835190296173,3.3455822467803955,2.9619174003601074,4710,problem2_retrain_v2/results/aligned/ablations/f1_gate_component_ablation_five_seeds
noBeta,2027,T,0.1,random,5026,T,reconstructed,0.3224804103374481,14.553853034973145,9.829890251159668,1711,problem2_retrain_v2/results/aligned/ablations/f1_gate_component_ablation_five_seeds
noBeta,2027,T,0.1,random,5026,T,observed_mean,0.0618440844118595,14.553853034973145,14.17458724975586,1711,problem2_retrain_v2/results/aligned/ablations/f1_gate_component_ablation_five_seeds
noBeta,2027,T,0.1,random,5027,T,reconstructed,0.3272820711135864,14.5198974609375,9.818020820617676,1711,problem2_retrain_v2/results/aligned/ablations/f1_gate_component_ablation_five_seeds
noBeta,2027,T,0.1,random,5027,T,observed_mean,0.0683690309524536,14.5198974609375,14.114737510681152,1711,problem2_retrain_v2/results/aligned/ablations/f1_gate_component_ablation_five_seeds
noBeta,2027,T,0.1,random,5028,T,reconstructed,0.328652560710907,14.543598175048828,9.825215339660645,1711,problem2_retrain_v2/results/aligned/ablations/f1_gate_component_ablation_five_seeds
noBeta,2027,T,0.1,random,5028,T,observed_mean,0.0715623050928115,14.543598175048828,14.083531379699709,1711,problem2_retrain_v2/results/aligned/ablations/f1_gate_component_ablation_five_seeds
noBeta,2027,T,0.2,random,5026,T,reconstructed,0.3314826190471649,14.524867057800291,9.80083179473877,3400,problem2_retrain_v2/results/aligned/ablations/f1_gate_component_ablation_five_seeds
noBeta,2027,T,0.2,random,5026,T,observed_mean,0.0820993036031723,14.524867057800291,14.141280174255373,3400,problem2_retrain_v2/results/aligned/ablations/f1_gate_component_ablation_five_seeds
noBeta,2027,T,0.2,random,5027,T,reconstructed,0.3337374627590179,14.491799354553224,9.807425498962402,3400,problem2_retrain_v2/results/aligned/ablations/f1_gate_component_ablation_five_seeds
noBeta,2027,T,0.2,random,5027,T,observed_mean,0.0828572809696197,14.491799354553224,14.067017555236816,3400,problem2_retrain_v2/results/aligned/ablations/f1_gate_component_ablation_five_seeds
noBeta,2027,T,0.2,random,5028,T,reconstructed,0.3339770138263702,14.519560813903809,9.81887435913086,3400,problem2_retrain_v2/results/aligned/ablations/f1_gate_component_ablation_five_seeds
noBeta,2027,T,0.2,random,5028,T,observed_mean,0.0869419574737548,14.519560813903809,14.098923683166504,3400,problem2_retrain_v2/results/aligned/ablations/f1_gate_component_ablation_five_seeds
noBeta,2027,T,0.3,start,5026,T,reconstructed,0.3441168367862701,14.705100059509276,9.701642990112305,5039,problem2_retrain_v2/results/aligned/ablations/f1_gate_component_ablation_five_seeds
noBeta,2027,T,0.3,start,5026,T,observed_mean,0.0951858982443809,14.705100059509276,13.922774314880373,5039,problem2_retrain_v2/results/aligned/ablations/f1_gate_component_ablation_five_seeds
noBeta,2027,T,0.3,middle,5026,T,reconstructed,0.3386103510856628,14.446430206298828,9.727387428283691,5039,problem2_retrain_v2/results/aligned/ablations/f1_gate_component_ablation_five_seeds
noBeta,2027,T,0.3,middle,5026,T,observed_mean,0.0936040431261062,14.446430206298828,14.011457443237305,5039,problem2_retrain_v2/results/aligned/ablations/f1_gate_component_ablation_five_seeds
noBeta,2027,T,0.3,end,5026,T,reconstructed,0.3520689010620117,14.61244297027588,9.698883056640623,5039,problem2_retrain_v2/results/aligned/ablations/f1_gate_component_ablation_five_seeds
noBeta,2027,T,0.3,end,5026,T,observed_mean,0.1154819652438163,14.61244297027588,13.453357696533203,5039,problem2_retrain_v2/results/aligned/ablations/f1_gate_component_ablation_five_seeds
noBeta,2027,T,0.3,random,5026,T,reconstructed,0.3397905528545379,14.52544403076172,9.719608306884766,5039,problem2_retrain_v2/results/aligned/ablations/f1_gate_component_ablation_five_seeds
noBeta,2027,T,0.3,random,5026,T,observed_mean,0.0987492054700851,14.52544403076172,14.036378860473633,5039,problem2_retrain_v2/results/aligned/ablations/f1_gate_component_ablation_five_seeds
noBeta,2027,T,0.3,random,5027,T,reconstructed,0.3445707559585571,14.487088203430176,9.734882354736328,5039,problem2_retrain_v2/results/aligned/ablations/f1_gate_component_ablation_five_seeds
noBeta,2027,T,0.3,random,5027,T,observed_mean,0.0995745584368705,14.487088203430176,13.96486473083496,5039,problem2_retrain_v2/results/aligned/ablations/f1_gate_component_ablation_five_seeds
noBeta,2027,T,0.3,random,5028,T,reconstructed,0.3413137197494507,14.491323471069336,9.768658638000488,5039,problem2_retrain_v2/results/aligned/ablations/f1_gate_component_ablation_five_seeds
noBeta,2027,T,0.3,random,5028,T,observed_mean,0.1011888310313224,14.491323471069336,14.09617042541504,5039,problem2_retrain_v2/results/aligned/ablations/f1_gate_component_ablation_five_seeds
noBeta,2027,T,0.4,random,5026,T,reconstructed,0.3510977923870086,14.533720016479492,9.65088939666748,6740,problem2_retrain_v2/results/aligned/ablations/f1_gate_component_ablation_five_seeds
noBeta,2027,T,0.4,random,5026,T,observed_mean,0.1183846220374107,14.533720016479492,13.938183784484863,6740,problem2_retrain_v2/results/aligned/ablations/f1_gate_component_ablation_five_seeds
noBeta,2027,T,0.4,random,5027,T,reconstructed,0.3583950698375702,14.479001998901367,9.666746139526367,6740,problem2_retrain_v2/results/aligned/ablations/f1_gate_component_ablation_five_seeds
noBeta,2027,T,0.4,random,5027,T,observed_mean,0.1251725852489471,14.479001998901367,13.932836532592772,6740,problem2_retrain_v2/results/aligned/ablations/f1_gate_component_ablation_five_seeds
noBeta,2027,T,0.4,random,5028,T,reconstructed,0.3511480987071991,14.492009162902832,9.693368911743164,6740,problem2_retrain_v2/results/aligned/ablations/f1_gate_component_ablation_five_seeds
noBeta,2027,T,0.4,random,5028,T,observed_mean,0.1198766902089119,14.492009162902832,14.037823677062988,6740,problem2_retrain_v2/results/aligned/ablations/f1_gate_component_ablation_five_seeds
noBeta,2027,T,0.5,random,5026,T,reconstructed,0.3621869683265686,14.533827781677246,9.538235664367676,8415,problem2_retrain_v2/results/aligned/ablations/f1_gate_component_ablation_five_seeds
noBeta,2027,T,0.5,random,5026,T,observed_mean,0.1391807049512863,14.533827781677246,13.76710033416748,8415,problem2_retrain_v2/results/aligned/ablations/f1_gate_component_ablation_five_seeds
noBeta,2027,T,0.5,random,5027,T,reconstructed,0.3683622777462005,14.49546718597412,9.544161796569824,8415,problem2_retrain_v2/results/aligned/ablations/f1_gate_component_ablation_five_seeds
noBeta,2027,T,0.5,random,5027,T,observed_mean,0.1440286785364151,14.49546718597412,13.765179634094238,8415,problem2_retrain_v2/results/aligned/ablations/f1_gate_component_ablation_five_seeds
noBeta,2027,T,0.5,random,5028,T,reconstructed,0.3635028600692749,14.489089965820312,9.586709022521973,8415,problem2_retrain_v2/results/aligned/ablations/f1_gate_component_ablation_five_seeds
noBeta,2027,T,0.5,random,5028,T,observed_mean,0.1394549310207367,14.489089965820312,13.912976264953612,8415,problem2_retrain_v2/results/aligned/ablations/f1_gate_component_ablation_five_seeds
noBeta,2027,A,0.1,random,5026,A,reconstructed,0.9139320850372314,3.0883891582489014,1.839085817337036,1711,problem2_retrain_v2/results/aligned/ablations/f1_gate_component_ablation_five_seeds
noBeta,2027,A,0.1,random,5026,A,observed_mean,0.435179054737091,3.0883891582489014,2.0589396953582764,1711,problem2_retrain_v2/results/aligned/ablations/f1_gate_component_ablation_five_seeds
noBeta,2027,A,0.1,random,5027,A,reconstructed,0.9173410534858704,3.0919651985168457,1.8396345376968384,1711,problem2_retrain_v2/results/aligned/ablations/f1_gate_component_ablation_five_seeds
noBeta,2027,A,0.1,random,5027,A,observed_mean,0.4373990595340729,3.0919651985168457,2.0609560012817383,1711,problem2_retrain_v2/results/aligned/ablations/f1_gate_component_ablation_five_seeds
noBeta,2027,A,0.1,random,5028,A,reconstructed,0.9175554513931274,3.0379831790924072,1.838595986366272,1711,problem2_retrain_v2/results/aligned/ablations/f1_gate_component_ablation_five_seeds
noBeta,2027,A,0.1,random,5028,A,observed_mean,0.4295667707920074,3.0379831790924072,2.0622634887695312,1711,problem2_retrain_v2/results/aligned/ablations/f1_gate_component_ablation_five_seeds
noBeta,2027,A,0.2,random,5026,A,reconstructed,0.9149383306503296,3.069063425064087,1.838060975074768,3400,problem2_retrain_v2/results/aligned/ablations/f1_gate_component_ablation_five_seeds
noBeta,2027,A,0.2,random,5026,A,observed_mean,0.4650586545467376,3.069063425064087,2.064237356185913,3400,problem2_retrain_v2/results/aligned/ablations/f1_gate_component_ablation_five_seeds
noBeta,2027,A,0.2,random,5027,A,reconstructed,0.9170350432395936,3.0648324489593506,1.8387218713760376,3400,problem2_retrain_v2/results/aligned/ablations/f1_gate_component_ablation_five_seeds
noBeta,2027,A,0.2,random,5027,A,observed_mean,0.4703707993030548,3.0648324489593506,2.0674660205841064,3400,problem2_retrain_v2/results/aligned/ablations/f1_gate_component_ablation_five_seeds
noBeta,2027,A,0.2,random,5028,A,reconstructed,0.9173807501792908,3.082566022872925,1.837459921836853,3400,problem2_retrain_v2/results/aligned/ablations/f1_gate_component_ablation_five_seeds
noBeta,2027,A,0.2,random,5028,A,observed_mean,0.4590370059013366,3.082566022872925,2.056328535079956,3400,problem2_retrain_v2/results/aligned/ablations/f1_gate_component_ablation_five_seeds
noBeta,2027,A,0.3,start,5026,A,reconstructed,0.938327133655548,3.10240125656128,1.830502152442932,5039,problem2_retrain_v2/results/aligned/ablations/f1_gate_component_ablation_five_seeds
noBeta,2027,A,0.3,start,5026,A,observed_mean,0.5141183733940125,3.10240125656128,2.1187632083892822,5039,problem2_retrain_v2/results/aligned/ablations/f1_gate_component_ablation_five_seeds
noBeta,2027,A,0.3,middle,5026,A,reconstructed,0.9160304665565492,3.0689191818237305,1.8375555276870728,5039,problem2_retrain_v2/results/aligned/ablations/f1_gate_component_ablation_five_seeds
noBeta,2027,A,0.3,middle,5026,A,observed_mean,0.4596185386180877,3.0689191818237305,2.080996513366699,5039,problem2_retrain_v2/results/aligned/ablations/f1_gate_component_ablation_five_seeds
noBeta,2027,A,0.3,end,5026,A,reconstructed,0.8972250819206238,3.074176549911499,1.839967370033264,5039,problem2_retrain_v2/results/aligned/ablations/f1_gate_component_ablation_five_seeds
noBeta,2027,A,0.3,end,5026,A,observed_mean,0.5499892234802246,3.074176549911499,2.1477744579315186,5039,problem2_retrain_v2/results/aligned/ablations/f1_gate_component_ablation_five_seeds
noBeta,2027,A,0.3,random,5026,A,reconstructed,0.915033519268036,3.0600340366363525,1.8373477458953853,5039,problem2_retrain_v2/results/aligned/ablations/f1_gate_component_ablation_five_seeds
noBeta,2027,A,0.3,random,5026,A,observed_mean,0.4870738089084625,3.0600340366363525,2.109236240386963,5039,problem2_retrain_v2/results/aligned/ablations/f1_gate_component_ablation_five_seeds
noBeta,2027,A,0.3,random,5027,A,reconstructed,0.9176056385040284,3.0577049255371094,1.8381057977676392,5039,problem2_retrain_v2/results/aligned/ablations/f1_gate_component_ablation_five_seeds
noBeta,2027,A,0.3,random,5027,A,observed_mean,0.4899214804172516,3.0577049255371094,2.109262228012085,5039,problem2_retrain_v2/results/aligned/ablations/f1_gate_component_ablation_five_seeds
noBeta,2027,A,0.3,random,5028,A,reconstructed,0.917921245098114,3.0854058265686035,1.836709260940552,5039,problem2_retrain_v2/results/aligned/ablations/f1_gate_component_ablation_five_seeds
noBeta,2027,A,0.3,random,5028,A,observed_mean,0.4815048575401306,3.0854058265686035,2.0946786403656006,5039,problem2_retrain_v2/results/aligned/ablations/f1_gate_component_ablation_five_seeds
noBeta,2027,A,0.4,random,5026,A,reconstructed,0.9148462414741516,3.0527138710021973,1.8360707759857176,6740,problem2_retrain_v2/results/aligned/ablations/f1_gate_component_ablation_five_seeds
noBeta,2027,A,0.4,random,5026,A,observed_mean,0.5036439895629883,3.0527138710021973,2.146393299102783,6740,problem2_retrain_v2/results/aligned/ablations/f1_gate_component_ablation_five_seeds
noBeta,2027,A,0.4,random,5027,A,reconstructed,0.918039321899414,3.055973052978516,1.8364450931549072,6740,problem2_retrain_v2/results/aligned/ablations/f1_gate_component_ablation_five_seeds
noBeta,2027,A,0.4,random,5027,A,observed_mean,0.5036474466323853,3.055973052978516,2.1459949016571045,6740,problem2_retrain_v2/results/aligned/ablations/f1_gate_component_ablation_five_seeds
noBeta,2027,A,0.4,random,5028,A,reconstructed,0.9175858497619628,3.086975812911988,1.835386037826538,6740,problem2_retrain_v2/results/aligned/ablations/f1_gate_component_ablation_five_seeds
noBeta,2027,A,0.4,random,5028,A,observed_mean,0.4991781413555145,3.086975812911988,2.1230478286743164,6740,problem2_retrain_v2/results/aligned/ablations/f1_gate_component_ablation_five_seeds
noBeta,2027,A,0.5,random,5026,A,reconstructed,0.9150363802909852,3.0547664165496826,1.8353428840637207,8415,problem2_retrain_v2/results/aligned/ablations/f1_gate_component_ablation_five_seeds
noBeta,2027,A,0.5,random,5026,A,observed_mean,0.5174890160560608,3.0547664165496826,2.1922428607940674,8415,problem2_retrain_v2/results/aligned/ablations/f1_gate_component_ablation_five_seeds
noBeta,2027,A,0.5,random,5027,A,reconstructed,0.9163614511489868,3.076262950897217,1.8356162309646609,8415,problem2_retrain_v2/results/aligned/ablations/f1_gate_component_ablation_five_seeds
noBeta,2027,A,0.5,random,5027,A,observed_mean,0.5165853500366211,3.076262950897217,2.178534507751465,8415,problem2_retrain_v2/results/aligned/ablations/f1_gate_component_ablation_five_seeds
noBeta,2027,A,0.5,random,5028,A,reconstructed,0.9163768887519836,3.0783724784851074,1.8346152305603027,8415,problem2_retrain_v2/results/aligned/ablations/f1_gate_component_ablation_five_seeds
noBeta,2027,A,0.5,random,5028,A,observed_mean,0.5172048211097717,3.0783724784851074,2.168219804763794,8415,problem2_retrain_v2/results/aligned/ablations/f1_gate_component_ablation_five_seeds
noBeta,2027,V,0.1,random,5026,V,reconstructed,0.868971049785614,3.4021692276000977,3.4686288833618164,1604,problem2_retrain_v2/results/aligned/ablations/f1_gate_component_ablation_five_seeds
noBeta,2027,V,0.1,random,5026,V,observed_mean,0.1578978598117828,3.4021692276000977,2.9407742023468018,1604,problem2_retrain_v2/results/aligned/ablations/f1_gate_component_ablation_five_seeds
noBeta,2027,V,0.1,random,5027,V,reconstructed,0.8720074892044067,3.3020713329315186,3.4725515842437744,1595,problem2_retrain_v2/results/aligned/ablations/f1_gate_component_ablation_five_seeds
noBeta,2027,V,0.1,random,5027,V,observed_mean,0.1571739166975021,3.3020713329315186,2.965296745300293,1595,problem2_retrain_v2/results/aligned/ablations/f1_gate_component_ablation_five_seeds
noBeta,2027,V,0.1,random,5028,V,reconstructed,0.8712726831436157,3.379505157470703,3.4757866859436035,1588,problem2_retrain_v2/results/aligned/ablations/f1_gate_component_ablation_five_seeds
noBeta,2027,V,0.1,random,5028,V,observed_mean,0.1535892635583877,3.379505157470703,2.956279993057251,1588,problem2_retrain_v2/results/aligned/ablations/f1_gate_component_ablation_five_seeds
noBeta,2027,V,0.2,random,5026,V,reconstructed,0.8673041462898254,3.397054672241211,3.479478359222412,3194,problem2_retrain_v2/results/aligned/ablations/f1_gate_component_ablation_five_seeds
noBeta,2027,V,0.2,random,5026,V,observed_mean,0.1718457639217376,3.397054672241211,2.95064640045166,3194,problem2_retrain_v2/results/aligned/ablations/f1_gate_component_ablation_five_seeds
noBeta,2027,V,0.2,random,5027,V,reconstructed,0.8716245889663696,3.3182172775268555,3.4833853244781494,3180,problem2_retrain_v2/results/aligned/ablations/f1_gate_component_ablation_five_seeds
noBeta,2027,V,0.2,random,5027,V,observed_mean,0.1723105758428573,3.3182172775268555,2.970391035079956,3180,problem2_retrain_v2/results/aligned/ablations/f1_gate_component_ablation_five_seeds
noBeta,2027,V,0.2,random,5028,V,reconstructed,0.8701363205909729,3.379164457321167,3.484485387802124,3176,problem2_retrain_v2/results/aligned/ablations/f1_gate_component_ablation_five_seeds
noBeta,2027,V,0.2,random,5028,V,observed_mean,0.1701096445322036,3.379164457321167,2.9589598178863525,3176,problem2_retrain_v2/results/aligned/ablations/f1_gate_component_ablation_five_seeds
noBeta,2027,V,0.3,start,5026,V,reconstructed,0.8719421029090881,3.326411008834839,3.49605393409729,4768,problem2_retrain_v2/results/aligned/ablations/f1_gate_component_ablation_five_seeds
noBeta,2027,V,0.3,start,5026,V,observed_mean,0.2129458785057068,3.326411008834839,2.993591785430908,4768,problem2_retrain_v2/results/aligned/ablations/f1_gate_component_ablation_five_seeds
noBeta,2027,V,0.3,middle,5026,V,reconstructed,0.8720654845237732,3.3183298110961914,3.483766794204712,4759,problem2_retrain_v2/results/aligned/ablations/f1_gate_component_ablation_five_seeds
noBeta,2027,V,0.3,middle,5026,V,observed_mean,0.1618032902479171,3.3183298110961914,2.9754412174224854,4759,problem2_retrain_v2/results/aligned/ablations/f1_gate_component_ablation_five_seeds
noBeta,2027,V,0.3,end,5026,V,reconstructed,0.8704614043235779,3.4479451179504395,3.4876139163970947,4663,problem2_retrain_v2/results/aligned/ablations/f1_gate_component_ablation_five_seeds
noBeta,2027,V,0.3,end,5026,V,observed_mean,0.2290029972791671,3.4479451179504395,2.997290849685669,4663,problem2_retrain_v2/results/aligned/ablations/f1_gate_component_ablation_five_seeds
noBeta,2027,V,0.3,random,5026,V,reconstructed,0.8687255382537842,3.3903753757476807,3.488834381103516,4743,problem2_retrain_v2/results/aligned/ablations/f1_gate_component_ablation_five_seeds
noBeta,2027,V,0.3,random,5026,V,observed_mean,0.1825845688581466,3.3903753757476807,2.9619946479797363,4743,problem2_retrain_v2/results/aligned/ablations/f1_gate_component_ablation_five_seeds
noBeta,2027,V,0.3,random,5027,V,reconstructed,0.871442973613739,3.3272545337677,3.4906373023986816,4712,problem2_retrain_v2/results/aligned/ablations/f1_gate_component_ablation_five_seeds
noBeta,2027,V,0.3,random,5027,V,observed_mean,0.184253990650177,3.3272545337677,2.9858431816101074,4712,problem2_retrain_v2/results/aligned/ablations/f1_gate_component_ablation_five_seeds
noBeta,2027,V,0.3,random,5028,V,reconstructed,0.8698467016220093,3.357284545898437,3.491976022720337,4710,problem2_retrain_v2/results/aligned/ablations/f1_gate_component_ablation_five_seeds
noBeta,2027,V,0.3,random,5028,V,observed_mean,0.178634688258171,3.357284545898437,2.970597982406616,4710,problem2_retrain_v2/results/aligned/ablations/f1_gate_component_ablation_five_seeds
noBeta,2027,V,0.4,random,5026,V,reconstructed,0.869798481464386,3.369800806045532,3.4990758895874023,6357,problem2_retrain_v2/results/aligned/ablations/f1_gate_component_ablation_five_seeds
noBeta,2027,V,0.4,random,5026,V,observed_mean,0.1930733919143676,3.369800806045532,2.9839835166931152,6357,problem2_retrain_v2/results/aligned/ablations/f1_gate_component_ablation_five_seeds
noBeta,2027,V,0.4,random,5027,V,reconstructed,0.8717660307884216,3.3276524543762207,3.4999806880950928,6308,problem2_retrain_v2/results/aligned/ablations/f1_gate_component_ablation_five_seeds
noBeta,2027,V,0.4,random,5027,V,observed_mean,0.1954789608716964,3.3276524543762207,3.0079495906829834,6308,problem2_retrain_v2/results/aligned/ablations/f1_gate_component_ablation_five_seeds
noBeta,2027,V,0.4,random,5028,V,reconstructed,0.8691274523735046,3.3592114448547363,3.502551317214966,6306,problem2_retrain_v2/results/aligned/ablations/f1_gate_component_ablation_five_seeds
noBeta,2027,V,0.4,random,5028,V,observed_mean,0.191039502620697,3.3592114448547363,2.9887259006500244,6306,problem2_retrain_v2/results/aligned/ablations/f1_gate_component_ablation_five_seeds
noBeta,2027,V,0.5,random,5026,V,reconstructed,0.8704097270965576,3.3502614498138428,3.507232189178467,7939,problem2_retrain_v2/results/aligned/ablations/f1_gate_component_ablation_five_seeds
noBeta,2027,V,0.5,random,5026,V,observed_mean,0.2025468796491623,3.3502614498138428,3.0173285007476807,7939,problem2_retrain_v2/results/aligned/ablations/f1_gate_component_ablation_five_seeds
noBeta,2027,V,0.5,random,5027,V,reconstructed,0.8716515898704529,3.328399419784546,3.5078604221343994,7888,problem2_retrain_v2/results/aligned/ablations/f1_gate_component_ablation_five_seeds
noBeta,2027,V,0.5,random,5027,V,observed_mean,0.2040671706199646,3.328399419784546,3.032099723815918,7888,problem2_retrain_v2/results/aligned/ablations/f1_gate_component_ablation_five_seeds
noBeta,2027,V,0.5,random,5028,V,reconstructed,0.8700839281082153,3.3440990447998047,3.50974988937378,7893,problem2_retrain_v2/results/aligned/ablations/f1_gate_component_ablation_five_seeds
noBeta,2027,V,0.5,random,5028,V,observed_mean,0.2017930895090103,3.3440990447998047,3.023357391357422,7893,problem2_retrain_v2/results/aligned/ablations/f1_gate_component_ablation_five_seeds
noBeta,2027,TA,0.3,start,5026,T,reconstructed,0.3421909809112549,14.705100059509276,9.69225788116455,5039,problem2_retrain_v2/results/aligned/ablations/f1_gate_component_ablation_five_seeds
noBeta,2027,TA,0.3,start,5026,T,observed_mean,0.0951858982443809,14.705100059509276,13.922774314880373,5039,problem2_retrain_v2/results/aligned/ablations/f1_gate_component_ablation_five_seeds
noBeta,2027,TA,0.3,start,5026,A,reconstructed,0.9382331371307372,3.10240125656128,1.8422517776489256,5039,problem2_retrain_v2/results/aligned/ablations/f1_gate_component_ablation_five_seeds
noBeta,2027,TA,0.3,start,5026,A,observed_mean,0.5141183733940125,3.10240125656128,2.1187632083892822,5039,problem2_retrain_v2/results/aligned/ablations/f1_gate_component_ablation_five_seeds
noBeta,2027,TA,0.3,middle,5026,T,reconstructed,0.3364490568637848,14.446430206298828,9.72256088256836,5039,problem2_retrain_v2/results/aligned/ablations/f1_gate_component_ablation_five_seeds
noBeta,2027,TA,0.3,middle,5026,T,observed_mean,0.0936040431261062,14.446430206298828,14.011457443237305,5039,problem2_retrain_v2/results/aligned/ablations/f1_gate_component_ablation_five_seeds
noBeta,2027,TA,0.3,middle,5026,A,reconstructed,0.9170668721199036,3.0689191818237305,1.8418978452682493,5039,problem2_retrain_v2/results/aligned/ablations/f1_gate_component_ablation_five_seeds
noBeta,2027,TA,0.3,middle,5026,A,observed_mean,0.4596185386180877,3.0689191818237305,2.080996513366699,5039,problem2_retrain_v2/results/aligned/ablations/f1_gate_component_ablation_five_seeds
noBeta,2027,TA,0.3,end,5026,T,reconstructed,0.3498978018760681,14.61244297027588,9.686702728271484,5039,problem2_retrain_v2/results/aligned/ablations/f1_gate_component_ablation_five_seeds
noBeta,2027,TA,0.3,end,5026,T,observed_mean,0.1154819652438163,14.61244297027588,13.453357696533203,5039,problem2_retrain_v2/results/aligned/ablations/f1_gate_component_ablation_five_seeds
noBeta,2027,TA,0.3,end,5026,A,reconstructed,0.9010177850723268,3.074176549911499,1.8330399990081787,5039,problem2_retrain_v2/results/aligned/ablations/f1_gate_component_ablation_five_seeds
noBeta,2027,TA,0.3,end,5026,A,observed_mean,0.5499892234802246,3.074176549911499,2.1477744579315186,5039,problem2_retrain_v2/results/aligned/ablations/f1_gate_component_ablation_five_seeds
noBeta,2027,TA,0.3,random,5026,T,reconstructed,0.3375535309314728,14.52544403076172,9.713610649108888,5039,problem2_retrain_v2/results/aligned/ablations/f1_gate_component_ablation_five_seeds
noBeta,2027,TA,0.3,random,5026,T,observed_mean,0.0987492054700851,14.52544403076172,14.036378860473633,5039,problem2_retrain_v2/results/aligned/ablations/f1_gate_component_ablation_five_seeds
noBeta,2027,TA,0.3,random,5026,A,reconstructed,0.9168134927749634,3.0600340366363525,1.835326075553894,5039,problem2_retrain_v2/results/aligned/ablations/f1_gate_component_ablation_five_seeds
noBeta,2027,TA,0.3,random,5026,A,observed_mean,0.4870738089084625,3.0600340366363525,2.109236240386963,5039,problem2_retrain_v2/results/aligned/ablations/f1_gate_component_ablation_five_seeds
noBeta,2027,TA,0.3,random,5027,T,reconstructed,0.3424021601676941,14.487088203430176,9.722294807434082,5039,problem2_retrain_v2/results/aligned/ablations/f1_gate_component_ablation_five_seeds
noBeta,2027,TA,0.3,random,5027,T,observed_mean,0.0995745584368705,14.487088203430176,13.96486473083496,5039,problem2_retrain_v2/results/aligned/ablations/f1_gate_component_ablation_five_seeds
noBeta,2027,TA,0.3,random,5027,A,reconstructed,0.9200373888015748,3.0577049255371094,1.838136315345764,5039,problem2_retrain_v2/results/aligned/ablations/f1_gate_component_ablation_five_seeds
noBeta,2027,TA,0.3,random,5027,A,observed_mean,0.4899214804172516,3.0577049255371094,2.109262228012085,5039,problem2_retrain_v2/results/aligned/ablations/f1_gate_component_ablation_five_seeds
noBeta,2027,TA,0.3,random,5028,T,reconstructed,0.3391767740249634,14.491323471069336,9.76486587524414,5039,problem2_retrain_v2/results/aligned/ablations/f1_gate_component_ablation_five_seeds
noBeta,2027,TA,0.3,random,5028,T,observed_mean,0.1011888310313224,14.491323471069336,14.09617042541504,5039,problem2_retrain_v2/results/aligned/ablations/f1_gate_component_ablation_five_seeds
noBeta,2027,TA,0.3,random,5028,A,reconstructed,0.9202021956443788,3.0854058265686035,1.8340880870819087,5039,problem2_retrain_v2/results/aligned/ablations/f1_gate_component_ablation_five_seeds
noBeta,2027,TA,0.3,random,5028,A,observed_mean,0.4815048575401306,3.0854058265686035,2.0946786403656006,5039,problem2_retrain_v2/results/aligned/ablations/f1_gate_component_ablation_five_seeds
noBeta,2027,TV,0.3,start,5026,T,reconstructed,0.3407557308673858,14.707087516784668,9.747925758361816,5035,problem2_retrain_v2/results/aligned/ablations/f1_gate_component_ablation_five_seeds
noBeta,2027,TV,0.3,start,5026,T,observed_mean,0.0952162742614746,14.707087516784668,13.925148963928224,5035,problem2_retrain_v2/results/aligned/ablations/f1_gate_component_ablation_five_seeds
noBeta,2027,TV,0.3,start,5026,V,reconstructed,0.8741265535354614,3.326411008834839,3.412692070007324,4768,problem2_retrain_v2/results/aligned/ablations/f1_gate_component_ablation_five_seeds
noBeta,2027,TV,0.3,start,5026,V,observed_mean,0.2129458785057068,3.326411008834839,2.993591785430908,4768,problem2_retrain_v2/results/aligned/ablations/f1_gate_component_ablation_five_seeds
noBeta,2027,TV,0.3,middle,5026,T,reconstructed,0.3354343473911285,14.449349403381348,9.778131484985352,5036,problem2_retrain_v2/results/aligned/ablations/f1_gate_component_ablation_five_seeds
noBeta,2027,TV,0.3,middle,5026,T,observed_mean,0.0935952886939048,14.449349403381348,14.01353359222412,5036,problem2_retrain_v2/results/aligned/ablations/f1_gate_component_ablation_five_seeds
noBeta,2027,TV,0.3,middle,5026,V,reconstructed,0.8711686730384827,3.3183298110961914,3.4554660320281982,4759,problem2_retrain_v2/results/aligned/ablations/f1_gate_component_ablation_five_seeds
noBeta,2027,TV,0.3,middle,5026,V,observed_mean,0.1618032902479171,3.3183298110961914,2.9754412174224854,4759,problem2_retrain_v2/results/aligned/ablations/f1_gate_component_ablation_five_seeds
noBeta,2027,TV,0.3,end,5026,T,reconstructed,0.3487105071544647,14.61927318572998,9.744830131530762,5030,problem2_retrain_v2/results/aligned/ablations/f1_gate_component_ablation_five_seeds
noBeta,2027,TV,0.3,end,5026,T,observed_mean,0.1155006512999534,14.61927318572998,13.457414627075195,5030,problem2_retrain_v2/results/aligned/ablations/f1_gate_component_ablation_five_seeds
noBeta,2027,TV,0.3,end,5026,V,reconstructed,0.8738449811935425,3.4479451179504395,3.441447734832764,4663,problem2_retrain_v2/results/aligned/ablations/f1_gate_component_ablation_five_seeds
noBeta,2027,TV,0.3,end,5026,V,observed_mean,0.2290029972791671,3.4479451179504395,2.997290849685669,4663,problem2_retrain_v2/results/aligned/ablations/f1_gate_component_ablation_five_seeds
noBeta,2027,TV,0.3,random,5026,T,reconstructed,0.3363892138004303,14.52544403076172,9.776165008544922,5039,problem2_retrain_v2/results/aligned/ablations/f1_gate_component_ablation_five_seeds
noBeta,2027,TV,0.3,random,5026,T,observed_mean,0.0987492054700851,14.52544403076172,14.036378860473633,5039,problem2_retrain_v2/results/aligned/ablations/f1_gate_component_ablation_five_seeds
noBeta,2027,TV,0.3,random,5026,V,reconstructed,0.8706769347190857,3.3903753757476807,3.4643359184265137,4743,problem2_retrain_v2/results/aligned/ablations/f1_gate_component_ablation_five_seeds
noBeta,2027,TV,0.3,random,5026,V,observed_mean,0.1825845688581466,3.3903753757476807,2.9619946479797363,4743,problem2_retrain_v2/results/aligned/ablations/f1_gate_component_ablation_five_seeds
noBeta,2027,TV,0.3,random,5027,T,reconstructed,0.3412672579288482,14.488236427307127,9.786386489868164,5038,problem2_retrain_v2/results/aligned/ablations/f1_gate_component_ablation_five_seeds
noBeta,2027,TV,0.3,random,5027,T,observed_mean,0.0995800346136093,14.488236427307127,13.965310096740724,5038,problem2_retrain_v2/results/aligned/ablations/f1_gate_component_ablation_five_seeds
noBeta,2027,TV,0.3,random,5027,V,reconstructed,0.8738085031509399,3.3272545337677,3.46428656578064,4712,problem2_retrain_v2/results/aligned/ablations/f1_gate_component_ablation_five_seeds
noBeta,2027,TV,0.3,random,5027,V,observed_mean,0.184253990650177,3.3272545337677,2.9858431816101074,4712,problem2_retrain_v2/results/aligned/ablations/f1_gate_component_ablation_five_seeds
noBeta,2027,TV,0.3,random,5028,T,reconstructed,0.3379702866077423,14.497437477111816,9.820782661437988,5030,problem2_retrain_v2/results/aligned/ablations/f1_gate_component_ablation_five_seeds
noBeta,2027,TV,0.3,random,5028,T,observed_mean,0.1011327356100082,14.497437477111816,14.101690292358398,5030,problem2_retrain_v2/results/aligned/ablations/f1_gate_component_ablation_five_seeds
noBeta,2027,TV,0.3,random,5028,V,reconstructed,0.8692350387573242,3.357284545898437,3.461246490478516,4710,problem2_retrain_v2/results/aligned/ablations/f1_gate_component_ablation_five_seeds
noBeta,2027,TV,0.3,random,5028,V,observed_mean,0.178634688258171,3.357284545898437,2.970597982406616,4710,problem2_retrain_v2/results/aligned/ablations/f1_gate_component_ablation_five_seeds
noBeta,2027,AV,0.3,start,5026,A,reconstructed,0.9367716312408448,3.102708339691162,1.832602500915528,5035,problem2_retrain_v2/results/aligned/ablations/f1_gate_component_ablation_five_seeds
noBeta,2027,AV,0.3,start,5026,A,observed_mean,0.5140527486801147,3.102708339691162,2.1186296939849854,5035,problem2_retrain_v2/results/aligned/ablations/f1_gate_component_ablation_five_seeds
noBeta,2027,AV,0.3,start,5026,V,reconstructed,0.8718376159667969,3.326411008834839,3.521230697631836,4768,problem2_retrain_v2/results/aligned/ablations/f1_gate_component_ablation_five_seeds
noBeta,2027,AV,0.3,start,5026,V,observed_mean,0.2129458785057068,3.326411008834839,2.993591785430908,4768,problem2_retrain_v2/results/aligned/ablations/f1_gate_component_ablation_five_seeds
noBeta,2027,AV,0.3,middle,5026,A,reconstructed,0.9139288663864136,3.0682623386383057,1.83919358253479,5036,problem2_retrain_v2/results/aligned/ablations/f1_gate_component_ablation_five_seeds
noBeta,2027,AV,0.3,middle,5026,A,observed_mean,0.4597994983196258,3.0682623386383057,2.079799175262451,5036,problem2_retrain_v2/results/aligned/ablations/f1_gate_component_ablation_five_seeds
noBeta,2027,AV,0.3,middle,5026,V,reconstructed,0.8719533681869507,3.3183298110961914,3.511730670928955,4759,problem2_retrain_v2/results/aligned/ablations/f1_gate_component_ablation_five_seeds
noBeta,2027,AV,0.3,middle,5026,V,observed_mean,0.1618032902479171,3.3183298110961914,2.9754412174224854,4759,problem2_retrain_v2/results/aligned/ablations/f1_gate_component_ablation_five_seeds
noBeta,2027,AV,0.3,end,5026,A,reconstructed,0.8946928977966309,3.074357748031616,1.841441035270691,5030,problem2_retrain_v2/results/aligned/ablations/f1_gate_component_ablation_five_seeds
noBeta,2027,AV,0.3,end,5026,A,observed_mean,0.5500347018241882,3.074357748031616,2.1466221809387207,5030,problem2_retrain_v2/results/aligned/ablations/f1_gate_component_ablation_five_seeds
noBeta,2027,AV,0.3,end,5026,V,reconstructed,0.8704416751861572,3.4479451179504395,3.5149874687194824,4663,problem2_retrain_v2/results/aligned/ablations/f1_gate_component_ablation_five_seeds
noBeta,2027,AV,0.3,end,5026,V,observed_mean,0.2290029972791671,3.4479451179504395,2.997290849685669,4663,problem2_retrain_v2/results/aligned/ablations/f1_gate_component_ablation_five_seeds
noBeta,2027,AV,0.3,random,5026,A,reconstructed,0.9130589962005616,3.0600340366363525,1.8399040699005127,5039,problem2_retrain_v2/results/aligned/ablations/f1_gate_component_ablation_five_seeds
noBeta,2027,AV,0.3,random,5026,A,observed_mean,0.4870738089084625,3.0600340366363525,2.109236240386963,5039,problem2_retrain_v2/results/aligned/ablations/f1_gate_component_ablation_five_seeds
noBeta,2027,AV,0.3,random,5026,V,reconstructed,0.8685725331306458,3.3903753757476807,3.516227960586548,4743,problem2_retrain_v2/results/aligned/ablations/f1_gate_component_ablation_five_seeds
noBeta,2027,AV,0.3,random,5026,V,observed_mean,0.1825845688581466,3.3903753757476807,2.9619946479797363,4743,problem2_retrain_v2/results/aligned/ablations/f1_gate_component_ablation_five_seeds
noBeta,2027,AV,0.3,random,5027,A,reconstructed,0.9157315492630004,3.0574429035186768,1.840187191963196,5038,problem2_retrain_v2/results/aligned/ablations/f1_gate_component_ablation_five_seeds
noBeta,2027,AV,0.3,random,5027,A,observed_mean,0.4899909198284149,3.0574429035186768,2.108893394470215,5038,problem2_retrain_v2/results/aligned/ablations/f1_gate_component_ablation_five_seeds
noBeta,2027,AV,0.3,random,5027,V,reconstructed,0.871430516242981,3.3272545337677,3.517475843429565,4712,problem2_retrain_v2/results/aligned/ablations/f1_gate_component_ablation_five_seeds
noBeta,2027,AV,0.3,random,5027,V,observed_mean,0.184253990650177,3.3272545337677,2.9858431816101074,4712,problem2_retrain_v2/results/aligned/ablations/f1_gate_component_ablation_five_seeds
noBeta,2027,AV,0.3,random,5028,A,reconstructed,0.9157262444496156,3.085049152374268,1.8383305072784424,5030,problem2_retrain_v2/results/aligned/ablations/f1_gate_component_ablation_five_seeds
noBeta,2027,AV,0.3,random,5028,A,observed_mean,0.4816887676715851,3.085049152374268,2.092625617980957,5030,problem2_retrain_v2/results/aligned/ablations/f1_gate_component_ablation_five_seeds
noBeta,2027,AV,0.3,random,5028,V,reconstructed,0.869804859161377,3.357284545898437,3.5197365283966064,4710,problem2_retrain_v2/results/aligned/ablations/f1_gate_component_ablation_five_seeds
noBeta,2027,AV,0.3,random,5028,V,observed_mean,0.178634688258171,3.357284545898437,2.970597982406616,4710,problem2_retrain_v2/results/aligned/ablations/f1_gate_component_ablation_five_seeds
noBeta,2027,TAV,0.3,start,5026,T,reconstructed,0.3387827575206756,14.707087516784668,9.73814868927002,5035,problem2_retrain_v2/results/aligned/ablations/f1_gate_component_ablation_five_seeds
noBeta,2027,TAV,0.3,start,5026,T,observed_mean,0.0952162742614746,14.707087516784668,13.925148963928224,5035,problem2_retrain_v2/results/aligned/ablations/f1_gate_component_ablation_five_seeds
noBeta,2027,TAV,0.3,start,5026,A,reconstructed,0.936720609664917,3.102708339691162,1.843161702156067,5035,problem2_retrain_v2/results/aligned/ablations/f1_gate_component_ablation_five_seeds
noBeta,2027,TAV,0.3,start,5026,A,observed_mean,0.5140527486801147,3.102708339691162,2.1186296939849854,5035,problem2_retrain_v2/results/aligned/ablations/f1_gate_component_ablation_five_seeds
noBeta,2027,TAV,0.3,start,5026,V,reconstructed,0.8740871548652649,3.326411008834839,3.443300485610962,4768,problem2_retrain_v2/results/aligned/ablations/f1_gate_component_ablation_five_seeds
noBeta,2027,TAV,0.3,start,5026,V,observed_mean,0.2129458785057068,3.326411008834839,2.993591785430908,4768,problem2_retrain_v2/results/aligned/ablations/f1_gate_component_ablation_five_seeds
noBeta,2027,TAV,0.3,middle,5026,T,reconstructed,0.3332624435424804,14.449349403381348,9.773307800292969,5036,problem2_retrain_v2/results/aligned/ablations/f1_gate_component_ablation_five_seeds
noBeta,2027,TAV,0.3,middle,5026,T,observed_mean,0.0935952886939048,14.449349403381348,14.01353359222412,5036,problem2_retrain_v2/results/aligned/ablations/f1_gate_component_ablation_five_seeds
noBeta,2027,TAV,0.3,middle,5026,A,reconstructed,0.9147613644599916,3.0682623386383057,1.84295654296875,5036,problem2_retrain_v2/results/aligned/ablations/f1_gate_component_ablation_five_seeds
noBeta,2027,TAV,0.3,middle,5026,A,observed_mean,0.4597994983196258,3.0682623386383057,2.079799175262451,5036,problem2_retrain_v2/results/aligned/ablations/f1_gate_component_ablation_five_seeds
noBeta,2027,TAV,0.3,middle,5026,V,reconstructed,0.8710805177688599,3.3183298110961914,3.490297555923462,4759,problem2_retrain_v2/results/aligned/ablations/f1_gate_component_ablation_five_seeds
noBeta,2027,TAV,0.3,middle,5026,V,observed_mean,0.1618032902479171,3.3183298110961914,2.9754412174224854,4759,problem2_retrain_v2/results/aligned/ablations/f1_gate_component_ablation_five_seeds
noBeta,2027,TAV,0.3,end,5026,T,reconstructed,0.3465043902397156,14.61927318572998,9.732410430908203,5030,problem2_retrain_v2/results/aligned/ablations/f1_gate_component_ablation_five_seeds
noBeta,2027,TAV,0.3,end,5026,T,observed_mean,0.1155006512999534,14.61927318572998,13.457414627075195,5030,problem2_retrain_v2/results/aligned/ablations/f1_gate_component_ablation_five_seeds
noBeta,2027,TAV,0.3,end,5026,A,reconstructed,0.8982052803039551,3.074357748031616,1.8332841396331787,5030,problem2_retrain_v2/results/aligned/ablations/f1_gate_component_ablation_five_seeds
noBeta,2027,TAV,0.3,end,5026,A,observed_mean,0.5500347018241882,3.074357748031616,2.1466221809387207,5030,problem2_retrain_v2/results/aligned/ablations/f1_gate_component_ablation_five_seeds
noBeta,2027,TAV,0.3,end,5026,V,reconstructed,0.8739656209945679,3.4479451179504395,3.4760122299194336,4663,problem2_retrain_v2/results/aligned/ablations/f1_gate_component_ablation_five_seeds
noBeta,2027,TAV,0.3,end,5026,V,observed_mean,0.2290029972791671,3.4479451179504395,2.997290849685669,4663,problem2_retrain_v2/results/aligned/ablations/f1_gate_component_ablation_five_seeds
noBeta,2027,TAV,0.3,random,5026,T,reconstructed,0.3341004550457001,14.52544403076172,9.770133972167969,5039,problem2_retrain_v2/results/aligned/ablations/f1_gate_component_ablation_five_seeds
noBeta,2027,TAV,0.3,random,5026,T,observed_mean,0.0987492054700851,14.52544403076172,14.036378860473633,5039,problem2_retrain_v2/results/aligned/ablations/f1_gate_component_ablation_five_seeds
noBeta,2027,TAV,0.3,random,5026,A,reconstructed,0.914588987827301,3.0600340366363525,1.8367576599121087,5039,problem2_retrain_v2/results/aligned/ablations/f1_gate_component_ablation_five_seeds
noBeta,2027,TAV,0.3,random,5026,A,observed_mean,0.4870738089084625,3.0600340366363525,2.109236240386963,5039,problem2_retrain_v2/results/aligned/ablations/f1_gate_component_ablation_five_seeds
noBeta,2027,TAV,0.3,random,5026,V,reconstructed,0.8705567717552185,3.3903753757476807,3.4988691806793213,4743,problem2_retrain_v2/results/aligned/ablations/f1_gate_component_ablation_five_seeds
noBeta,2027,TAV,0.3,random,5026,V,observed_mean,0.1825845688581466,3.3903753757476807,2.9619946479797363,4743,problem2_retrain_v2/results/aligned/ablations/f1_gate_component_ablation_five_seeds
noBeta,2027,TAV,0.3,random,5027,T,reconstructed,0.3390609323978424,14.488236427307127,9.773241996765137,5038,problem2_retrain_v2/results/aligned/ablations/f1_gate_component_ablation_five_seeds
noBeta,2027,TAV,0.3,random,5027,T,observed_mean,0.0995800346136093,14.488236427307127,13.965310096740724,5038,problem2_retrain_v2/results/aligned/ablations/f1_gate_component_ablation_five_seeds
noBeta,2027,TAV,0.3,random,5027,A,reconstructed,0.9181710481643676,3.0574429035186768,1.8393669128417969,5038,problem2_retrain_v2/results/aligned/ablations/f1_gate_component_ablation_five_seeds
noBeta,2027,TAV,0.3,random,5027,A,observed_mean,0.4899909198284149,3.0574429035186768,2.108893394470215,5038,problem2_retrain_v2/results/aligned/ablations/f1_gate_component_ablation_five_seeds
noBeta,2027,TAV,0.3,random,5027,V,reconstructed,0.8738905787467957,3.3272545337677,3.4969961643218994,4712,problem2_retrain_v2/results/aligned/ablations/f1_gate_component_ablation_five_seeds
noBeta,2027,TAV,0.3,random,5027,V,observed_mean,0.184253990650177,3.3272545337677,2.9858431816101074,4712,problem2_retrain_v2/results/aligned/ablations/f1_gate_component_ablation_five_seeds
noBeta,2027,TAV,0.3,random,5028,T,reconstructed,0.335816353559494,14.497437477111816,9.817365646362305,5030,problem2_retrain_v2/results/aligned/ablations/f1_gate_component_ablation_five_seeds
noBeta,2027,TAV,0.3,random,5028,T,observed_mean,0.1011327356100082,14.497437477111816,14.101690292358398,5030,problem2_retrain_v2/results/aligned/ablations/f1_gate_component_ablation_five_seeds
noBeta,2027,TAV,0.3,random,5028,A,reconstructed,0.9178523421287536,3.085049152374268,1.834818959236145,5030,problem2_retrain_v2/results/aligned/ablations/f1_gate_component_ablation_five_seeds
noBeta,2027,TAV,0.3,random,5028,A,observed_mean,0.4816887676715851,3.085049152374268,2.092625617980957,5030,problem2_retrain_v2/results/aligned/ablations/f1_gate_component_ablation_five_seeds
noBeta,2027,TAV,0.3,random,5028,V,reconstructed,0.8692189455032349,3.357284545898437,3.495728015899658,4710,problem2_retrain_v2/results/aligned/ablations/f1_gate_component_ablation_five_seeds
noBeta,2027,TAV,0.3,random,5028,V,observed_mean,0.178634688258171,3.357284545898437,2.970597982406616,4710,problem2_retrain_v2/results/aligned/ablations/f1_gate_component_ablation_five_seeds
noBeta,2028,T,0.1,random,5026,T,reconstructed,0.5149999260902405,13.00893783569336,8.66100025177002,1711,problem2_retrain_v2/results/aligned/ablations/f1_gate_component_ablation_five_seeds
noBeta,2028,T,0.1,random,5026,T,observed_mean,0.0596056692302227,13.00893783569336,12.6433744430542,1711,problem2_retrain_v2/results/aligned/ablations/f1_gate_component_ablation_five_seeds
noBeta,2028,T,0.1,random,5027,T,reconstructed,0.5150301456451416,12.986132621765137,8.665953636169434,1711,problem2_retrain_v2/results/aligned/ablations/f1_gate_component_ablation_five_seeds
noBeta,2028,T,0.1,random,5027,T,observed_mean,0.0660996362566948,12.986132621765137,12.589645385742188,1711,problem2_retrain_v2/results/aligned/ablations/f1_gate_component_ablation_five_seeds
noBeta,2028,T,0.1,random,5028,T,reconstructed,0.5146329402923584,13.00097942352295,8.662809371948242,1711,problem2_retrain_v2/results/aligned/ablations/f1_gate_component_ablation_five_seeds
noBeta,2028,T,0.1,random,5028,T,observed_mean,0.0674472078680992,13.00097942352295,12.556436538696287,1711,problem2_retrain_v2/results/aligned/ablations/f1_gate_component_ablation_five_seeds
noBeta,2028,T,0.2,random,5026,T,reconstructed,0.5182580351829529,12.960038185119627,8.652417182922363,3400,problem2_retrain_v2/results/aligned/ablations/f1_gate_component_ablation_five_seeds
noBeta,2028,T,0.2,random,5026,T,observed_mean,0.0764720439910888,12.960038185119627,12.611300468444824,3400,problem2_retrain_v2/results/aligned/ablations/f1_gate_component_ablation_five_seeds
noBeta,2028,T,0.2,random,5027,T,reconstructed,0.5173256397247314,12.955574035644531,8.665018081665039,3400,problem2_retrain_v2/results/aligned/ablations/f1_gate_component_ablation_five_seeds
noBeta,2028,T,0.2,random,5027,T,observed_mean,0.0779086500406265,12.955574035644531,12.574175834655762,3400,problem2_retrain_v2/results/aligned/ablations/f1_gate_component_ablation_five_seeds
noBeta,2028,T,0.2,random,5028,T,reconstructed,0.5171248912811279,12.96438217163086,8.656912803649902,3400,problem2_retrain_v2/results/aligned/ablations/f1_gate_component_ablation_five_seeds
noBeta,2028,T,0.2,random,5028,T,observed_mean,0.080572709441185,12.96438217163086,12.571585655212402,3400,problem2_retrain_v2/results/aligned/ablations/f1_gate_component_ablation_five_seeds
noBeta,2028,T,0.3,start,5026,T,reconstructed,0.5173009037971497,13.247883796691896,8.50174617767334,5039,problem2_retrain_v2/results/aligned/ablations/f1_gate_component_ablation_five_seeds
noBeta,2028,T,0.3,start,5026,T,observed_mean,0.0893902704119682,13.247883796691896,12.422476768493652,5039,problem2_retrain_v2/results/aligned/ablations/f1_gate_component_ablation_five_seeds
noBeta,2028,T,0.3,middle,5026,T,reconstructed,0.5192530751228333,12.874186515808104,8.615614891052246,5039,problem2_retrain_v2/results/aligned/ablations/f1_gate_component_ablation_five_seeds
noBeta,2028,T,0.3,middle,5026,T,observed_mean,0.0876316428184509,12.874186515808104,12.590620040893556,5039,problem2_retrain_v2/results/aligned/ablations/f1_gate_component_ablation_five_seeds
noBeta,2028,T,0.3,end,5026,T,reconstructed,0.5312386155128479,12.96036148071289,8.573338508605957,5039,problem2_retrain_v2/results/aligned/ablations/f1_gate_component_ablation_five_seeds
noBeta,2028,T,0.3,end,5026,T,observed_mean,0.1055967882275581,12.96036148071289,11.953371047973633,5039,problem2_retrain_v2/results/aligned/ablations/f1_gate_component_ablation_five_seeds
noBeta,2028,T,0.3,random,5026,T,reconstructed,0.5209589600563049,12.959016799926758,8.606690406799316,5039,problem2_retrain_v2/results/aligned/ablations/f1_gate_component_ablation_five_seeds
noBeta,2028,T,0.3,random,5026,T,observed_mean,0.0915903598070144,12.959016799926758,12.561540603637695,5039,problem2_retrain_v2/results/aligned/ablations/f1_gate_component_ablation_five_seeds
noBeta,2028,T,0.3,random,5027,T,reconstructed,0.5206981897354126,12.934329986572266,8.610627174377441,5039,problem2_retrain_v2/results/aligned/ablations/f1_gate_component_ablation_five_seeds
noBeta,2028,T,0.3,random,5027,T,observed_mean,0.0913209468126297,12.934329986572266,12.526935577392578,5039,problem2_retrain_v2/results/aligned/ablations/f1_gate_component_ablation_five_seeds
noBeta,2028,T,0.3,random,5028,T,reconstructed,0.5201178789138794,12.935961723327637,8.605987548828125,5039,problem2_retrain_v2/results/aligned/ablations/f1_gate_component_ablation_five_seeds
noBeta,2028,T,0.3,random,5028,T,observed_mean,0.0938463062047958,12.935961723327637,12.582350730895996,5039,problem2_retrain_v2/results/aligned/ablations/f1_gate_component_ablation_five_seeds
noBeta,2028,T,0.4,random,5026,T,reconstructed,0.5259978175163269,12.95062255859375,8.555924415588379,6740,problem2_retrain_v2/results/aligned/ablations/f1_gate_component_ablation_five_seeds
noBeta,2028,T,0.4,random,5026,T,observed_mean,0.1093147099018096,12.95062255859375,12.47623348236084,6740,problem2_retrain_v2/results/aligned/ablations/f1_gate_component_ablation_five_seeds
noBeta,2028,T,0.4,random,5027,T,reconstructed,0.5257875323295593,12.91901683807373,8.538339614868164,6740,problem2_retrain_v2/results/aligned/ablations/f1_gate_component_ablation_five_seeds
noBeta,2028,T,0.4,random,5027,T,observed_mean,0.1116073951125145,12.91901683807373,12.48422622680664,6740,problem2_retrain_v2/results/aligned/ablations/f1_gate_component_ablation_five_seeds
noBeta,2028,T,0.4,random,5028,T,reconstructed,0.5242206454277039,12.925148010253906,8.53039836883545,6740,problem2_retrain_v2/results/aligned/ablations/f1_gate_component_ablation_five_seeds
noBeta,2028,T,0.4,random,5028,T,observed_mean,0.1099245101213455,12.925148010253906,12.562113761901855,6740,problem2_retrain_v2/results/aligned/ablations/f1_gate_component_ablation_five_seeds
noBeta,2028,T,0.5,random,5026,T,reconstructed,0.5311349630355835,12.9502534866333,8.4293851852417,8415,problem2_retrain_v2/results/aligned/ablations/f1_gate_component_ablation_five_seeds
noBeta,2028,T,0.5,random,5026,T,observed_mean,0.1282788664102554,12.9502534866333,12.37303638458252,8415,problem2_retrain_v2/results/aligned/ablations/f1_gate_component_ablation_five_seeds
noBeta,2028,T,0.5,random,5027,T,reconstructed,0.5304584503173828,12.920011520385742,8.42152214050293,8415,problem2_retrain_v2/results/aligned/ablations/f1_gate_component_ablation_five_seeds
noBeta,2028,T,0.5,random,5027,T,observed_mean,0.131698653101921,12.920011520385742,12.354914665222168,8415,problem2_retrain_v2/results/aligned/ablations/f1_gate_component_ablation_five_seeds
noBeta,2028,T,0.5,random,5028,T,reconstructed,0.5303165316581726,12.923632621765137,8.437577247619629,8415,problem2_retrain_v2/results/aligned/ablations/f1_gate_component_ablation_five_seeds
noBeta,2028,T,0.5,random,5028,T,observed_mean,0.1293767541646957,12.923632621765137,12.461838722229004,8415,problem2_retrain_v2/results/aligned/ablations/f1_gate_component_ablation_five_seeds
noBeta,2028,A,0.1,random,5026,A,reconstructed,0.922895848751068,3.063417196273804,1.917711615562439,1711,problem2_retrain_v2/results/aligned/ablations/f1_gate_component_ablation_five_seeds
noBeta,2028,A,0.1,random,5026,A,observed_mean,0.4384212791919708,3.063417196273804,2.034576892852783,1711,problem2_retrain_v2/results/aligned/ablations/f1_gate_component_ablation_five_seeds
noBeta,2028,A,0.1,random,5027,A,reconstructed,0.9221094846725464,3.06630539894104,1.9172405004501345,1711,problem2_retrain_v2/results/aligned/ablations/f1_gate_component_ablation_five_seeds
noBeta,2028,A,0.1,random,5027,A,observed_mean,0.4400926530361175,3.06630539894104,2.036386728286743,1711,problem2_retrain_v2/results/aligned/ablations/f1_gate_component_ablation_five_seeds
noBeta,2028,A,0.1,random,5028,A,reconstructed,0.9161859154701232,3.013457536697388,1.918745160102844,1711,problem2_retrain_v2/results/aligned/ablations/f1_gate_component_ablation_five_seeds
noBeta,2028,A,0.1,random,5028,A,observed_mean,0.4322218298912048,3.013457536697388,2.0377204418182373,1711,problem2_retrain_v2/results/aligned/ablations/f1_gate_component_ablation_five_seeds
noBeta,2028,A,0.2,random,5026,A,reconstructed,0.9221692085266112,3.0435423851013184,1.918440103530884,3400,problem2_retrain_v2/results/aligned/ablations/f1_gate_component_ablation_five_seeds
noBeta,2028,A,0.2,random,5026,A,observed_mean,0.4682748019695282,3.0435423851013184,2.0397329330444336,3400,problem2_retrain_v2/results/aligned/ablations/f1_gate_component_ablation_five_seeds
noBeta,2028,A,0.2,random,5027,A,reconstructed,0.9221713542938232,3.039954662322998,1.918614149093628,3400,problem2_retrain_v2/results/aligned/ablations/f1_gate_component_ablation_five_seeds
noBeta,2028,A,0.2,random,5027,A,observed_mean,0.4731691181659698,3.039954662322998,2.0425117015838623,3400,problem2_retrain_v2/results/aligned/ablations/f1_gate_component_ablation_five_seeds
noBeta,2028,A,0.2,random,5028,A,reconstructed,0.9162866473197936,3.058253049850464,1.918643593788147,3400,problem2_retrain_v2/results/aligned/ablations/f1_gate_component_ablation_five_seeds
noBeta,2028,A,0.2,random,5028,A,observed_mean,0.462102323770523,3.058253049850464,2.0314557552337646,3400,problem2_retrain_v2/results/aligned/ablations/f1_gate_component_ablation_five_seeds
noBeta,2028,A,0.3,start,5026,A,reconstructed,0.9182705879211426,3.077052354812622,1.9169305562973025,5039,problem2_retrain_v2/results/aligned/ablations/f1_gate_component_ablation_five_seeds
noBeta,2028,A,0.3,start,5026,A,observed_mean,0.5174762606620789,3.077052354812622,2.094123125076294,5039,problem2_retrain_v2/results/aligned/ablations/f1_gate_component_ablation_five_seeds
noBeta,2028,A,0.3,middle,5026,A,reconstructed,0.9183345437049866,3.045016288757324,1.9184505939483645,5039,problem2_retrain_v2/results/aligned/ablations/f1_gate_component_ablation_five_seeds
noBeta,2028,A,0.3,middle,5026,A,observed_mean,0.462330162525177,3.045016288757324,2.0554325580596924,5039,problem2_retrain_v2/results/aligned/ablations/f1_gate_component_ablation_five_seeds
noBeta,2028,A,0.3,end,5026,A,reconstructed,0.9217727780342102,3.046808958053589,1.915180206298828,5039,problem2_retrain_v2/results/aligned/ablations/f1_gate_component_ablation_five_seeds
noBeta,2028,A,0.3,end,5026,A,observed_mean,0.5532775521278381,3.046808958053589,2.123291015625,5039,problem2_retrain_v2/results/aligned/ablations/f1_gate_component_ablation_five_seeds
noBeta,2028,A,0.3,random,5026,A,reconstructed,0.9216485619544984,3.03443455696106,1.9181753396987915,5039,problem2_retrain_v2/results/aligned/ablations/f1_gate_component_ablation_five_seeds
noBeta,2028,A,0.3,random,5026,A,observed_mean,0.4903658628463745,3.03443455696106,2.0847256183624268,5039,problem2_retrain_v2/results/aligned/ablations/f1_gate_component_ablation_five_seeds
noBeta,2028,A,0.3,random,5027,A,reconstructed,0.9210291504859924,3.0332798957824707,1.9181746244430544,5039,problem2_retrain_v2/results/aligned/ablations/f1_gate_component_ablation_five_seeds
noBeta,2028,A,0.3,random,5027,A,observed_mean,0.4928966164588928,3.0332798957824707,2.0839171409606934,5039,problem2_retrain_v2/results/aligned/ablations/f1_gate_component_ablation_five_seeds
noBeta,2028,A,0.3,random,5028,A,reconstructed,0.9178327918052672,3.0607197284698486,1.917905330657959,5039,problem2_retrain_v2/results/aligned/ablations/f1_gate_component_ablation_five_seeds
noBeta,2028,A,0.3,random,5028,A,observed_mean,0.4848379492759704,3.0607197284698486,2.0698156356811523,5039,problem2_retrain_v2/results/aligned/ablations/f1_gate_component_ablation_five_seeds
noBeta,2028,A,0.4,random,5026,A,reconstructed,0.920271635055542,3.027019500732422,1.918557286262512,6740,problem2_retrain_v2/results/aligned/ablations/f1_gate_component_ablation_five_seeds
noBeta,2028,A,0.4,random,5026,A,observed_mean,0.5070322155952454,3.027019500732422,2.1218924522399902,6740,problem2_retrain_v2/results/aligned/ablations/f1_gate_component_ablation_five_seeds
noBeta,2028,A,0.4,random,5027,A,reconstructed,0.9194633960723876,3.0316410064697266,1.918333411216736,6740,problem2_retrain_v2/results/aligned/ablations/f1_gate_component_ablation_five_seeds
noBeta,2028,A,0.4,random,5027,A,observed_mean,0.5067984461784363,3.0316410064697266,2.1204116344451904,6740,problem2_retrain_v2/results/aligned/ablations/f1_gate_component_ablation_five_seeds
noBeta,2028,A,0.4,random,5028,A,reconstructed,0.9172282218933104,3.0620665550231934,1.9179134368896484,6740,problem2_retrain_v2/results/aligned/ablations/f1_gate_component_ablation_five_seeds
noBeta,2028,A,0.4,random,5028,A,observed_mean,0.5025847554206848,3.0620665550231934,2.098061800003052,6740,problem2_retrain_v2/results/aligned/ablations/f1_gate_component_ablation_five_seeds
noBeta,2028,A,0.5,random,5026,A,reconstructed,0.9187968969345092,3.029447793960572,1.9182052612304688,8415,problem2_retrain_v2/results/aligned/ablations/f1_gate_component_ablation_five_seeds
noBeta,2028,A,0.5,random,5026,A,observed_mean,0.5207592248916626,3.029447793960572,2.1675267219543457,8415,problem2_retrain_v2/results/aligned/ablations/f1_gate_component_ablation_five_seeds
noBeta,2028,A,0.5,random,5027,A,reconstructed,0.9182111024856568,3.0521843433380127,1.9178041219711304,8415,problem2_retrain_v2/results/aligned/ablations/f1_gate_component_ablation_five_seeds
noBeta,2028,A,0.5,random,5027,A,observed_mean,0.5197533369064331,3.0521843433380127,2.152458906173706,8415,problem2_retrain_v2/results/aligned/ablations/f1_gate_component_ablation_five_seeds
noBeta,2028,A,0.5,random,5028,A,reconstructed,0.9178024530410768,3.053702116012573,1.9172732830047607,8415,problem2_retrain_v2/results/aligned/ablations/f1_gate_component_ablation_five_seeds
noBeta,2028,A,0.5,random,5028,A,observed_mean,0.5206156373023987,3.053702116012573,2.1429781913757324,8415,problem2_retrain_v2/results/aligned/ablations/f1_gate_component_ablation_five_seeds
noBeta,2028,V,0.1,random,5026,V,reconstructed,0.8514470458030701,3.3890368938446045,2.210660934448242,1604,problem2_retrain_v2/results/aligned/ablations/f1_gate_component_ablation_five_seeds
noBeta,2028,V,0.1,random,5026,V,observed_mean,0.1571065038442611,3.3890368938446045,2.932295799255371,1604,problem2_retrain_v2/results/aligned/ablations/f1_gate_component_ablation_five_seeds
noBeta,2028,V,0.1,random,5027,V,reconstructed,0.8531267046928406,3.2927820682525635,2.2105605602264404,1595,problem2_retrain_v2/results/aligned/ablations/f1_gate_component_ablation_five_seeds
noBeta,2028,V,0.1,random,5027,V,observed_mean,0.1562844812870025,3.2927820682525635,2.9562647342681885,1595,problem2_retrain_v2/results/aligned/ablations/f1_gate_component_ablation_five_seeds
noBeta,2028,V,0.1,random,5028,V,reconstructed,0.8519655466079712,3.368239402770996,2.213371515274048,1588,problem2_retrain_v2/results/aligned/ablations/f1_gate_component_ablation_five_seeds
noBeta,2028,V,0.1,random,5028,V,observed_mean,0.1526726633310318,3.368239402770996,2.9474570751190186,1588,problem2_retrain_v2/results/aligned/ablations/f1_gate_component_ablation_five_seeds
noBeta,2028,V,0.2,random,5026,V,reconstructed,0.85126793384552,3.383903980255127,2.2167468070983887,3194,problem2_retrain_v2/results/aligned/ablations/f1_gate_component_ablation_five_seeds
noBeta,2028,V,0.2,random,5026,V,observed_mean,0.1710971146821975,3.383903980255127,2.942826509475708,3194,problem2_retrain_v2/results/aligned/ablations/f1_gate_component_ablation_five_seeds
noBeta,2028,V,0.2,random,5027,V,reconstructed,0.8532059788703918,3.308795213699341,2.2170510292053223,3180,problem2_retrain_v2/results/aligned/ablations/f1_gate_component_ablation_five_seeds
noBeta,2028,V,0.2,random,5027,V,observed_mean,0.1713657230138778,3.308795213699341,2.9614791870117188,3180,problem2_retrain_v2/results/aligned/ablations/f1_gate_component_ablation_five_seeds
noBeta,2028,V,0.2,random,5028,V,reconstructed,0.8503885865211487,3.367428779602051,2.217400550842285,3176,problem2_retrain_v2/results/aligned/ablations/f1_gate_component_ablation_five_seeds
noBeta,2028,V,0.2,random,5028,V,observed_mean,0.1692762225866317,3.367428779602051,2.950738906860352,3176,problem2_retrain_v2/results/aligned/ablations/f1_gate_component_ablation_five_seeds
noBeta,2028,V,0.3,start,5026,V,reconstructed,0.8528285026550293,3.315938711166382,2.213350534439087,4768,problem2_retrain_v2/results/aligned/ablations/f1_gate_component_ablation_five_seeds
noBeta,2028,V,0.3,start,5026,V,observed_mean,0.2121088355779647,3.315938711166382,2.9846110343933105,4768,problem2_retrain_v2/results/aligned/ablations/f1_gate_component_ablation_five_seeds
noBeta,2028,V,0.3,middle,5026,V,reconstructed,0.8508040904998779,3.3077781200408936,2.2193193435668945,4759,problem2_retrain_v2/results/aligned/ablations/f1_gate_component_ablation_five_seeds
noBeta,2028,V,0.3,middle,5026,V,observed_mean,0.1607672870159149,3.3077781200408936,2.966169834136963,4759,problem2_retrain_v2/results/aligned/ablations/f1_gate_component_ablation_five_seeds
noBeta,2028,V,0.3,end,5026,V,reconstructed,0.8568688035011292,3.4354958534240723,2.215466260910034,4663,problem2_retrain_v2/results/aligned/ablations/f1_gate_component_ablation_five_seeds
noBeta,2028,V,0.3,end,5026,V,observed_mean,0.2280875593423843,3.4354958534240723,2.9888675212860107,4663,problem2_retrain_v2/results/aligned/ablations/f1_gate_component_ablation_five_seeds
noBeta,2028,V,0.3,random,5026,V,reconstructed,0.8511727452278137,3.377612829208374,2.220325231552124,4743,problem2_retrain_v2/results/aligned/ablations/f1_gate_component_ablation_five_seeds
noBeta,2028,V,0.3,random,5026,V,observed_mean,0.181767001748085,3.377612829208374,2.9540445804595947,4743,problem2_retrain_v2/results/aligned/ablations/f1_gate_component_ablation_five_seeds
noBeta,2028,V,0.3,random,5027,V,reconstructed,0.8520153164863586,3.317116498947144,2.220083475112915,4712,problem2_retrain_v2/results/aligned/ablations/f1_gate_component_ablation_five_seeds
noBeta,2028,V,0.3,random,5027,V,observed_mean,0.1832649856805801,3.317116498947144,2.9765453338623047,4712,problem2_retrain_v2/results/aligned/ablations/f1_gate_component_ablation_five_seeds
noBeta,2028,V,0.3,random,5028,V,reconstructed,0.8506788015365601,3.345802068710327,2.219928026199341,4710,problem2_retrain_v2/results/aligned/ablations/f1_gate_component_ablation_five_seeds
noBeta,2028,V,0.3,random,5028,V,observed_mean,0.177814096212387,3.345802068710327,2.9620485305786133,4710,problem2_retrain_v2/results/aligned/ablations/f1_gate_component_ablation_five_seeds
noBeta,2028,V,0.4,random,5026,V,reconstructed,0.8506498336791992,3.3577239513397217,2.224193334579468,6357,problem2_retrain_v2/results/aligned/ablations/f1_gate_component_ablation_five_seeds
noBeta,2028,V,0.4,random,5026,V,observed_mean,0.1921022832393646,3.3577239513397217,2.9758107662200928,6357,problem2_retrain_v2/results/aligned/ablations/f1_gate_component_ablation_five_seeds
noBeta,2028,V,0.4,random,5027,V,reconstructed,0.8507487773895264,3.317432403564453,2.224153995513916,6308,problem2_retrain_v2/results/aligned/ablations/f1_gate_component_ablation_five_seeds
noBeta,2028,V,0.4,random,5027,V,observed_mean,0.1943783909082412,3.317432403564453,2.998173475265503,6308,problem2_retrain_v2/results/aligned/ablations/f1_gate_component_ablation_five_seeds
noBeta,2028,V,0.4,random,5028,V,reconstructed,0.8503873348236084,3.3475794792175293,2.224826574325561,6306,problem2_retrain_v2/results/aligned/ablations/f1_gate_component_ablation_five_seeds
noBeta,2028,V,0.4,random,5028,V,observed_mean,0.1901087611913681,3.3475794792175293,2.9802122116088867,6306,problem2_retrain_v2/results/aligned/ablations/f1_gate_component_ablation_five_seeds
noBeta,2028,V,0.5,random,5026,V,reconstructed,0.8504365086555481,3.3386569023132324,2.226548671722412,7939,problem2_retrain_v2/results/aligned/ablations/f1_gate_component_ablation_five_seeds
noBeta,2028,V,0.5,random,5026,V,observed_mean,0.2015306502580642,3.3386569023132324,3.0088462829589844,7939,problem2_retrain_v2/results/aligned/ablations/f1_gate_component_ablation_five_seeds
noBeta,2028,V,0.5,random,5027,V,reconstructed,0.8506269454956055,3.318313837051392,2.226597547531128,7888,problem2_retrain_v2/results/aligned/ablations/f1_gate_component_ablation_five_seeds
noBeta,2028,V,0.5,random,5027,V,observed_mean,0.2029716521501541,3.318313837051392,3.021859169006348,7888,problem2_retrain_v2/results/aligned/ablations/f1_gate_component_ablation_five_seeds
noBeta,2028,V,0.5,random,5028,V,reconstructed,0.8505698442459106,3.333030462265014,2.226694345474243,7893,problem2_retrain_v2/results/aligned/ablations/f1_gate_component_ablation_five_seeds
noBeta,2028,V,0.5,random,5028,V,observed_mean,0.2008039951324463,3.333030462265014,3.014187812805176,7893,problem2_retrain_v2/results/aligned/ablations/f1_gate_component_ablation_five_seeds
noBeta,2028,TA,0.3,start,5026,T,reconstructed,0.5165181159973145,13.247883796691896,8.485851287841797,5039,problem2_retrain_v2/results/aligned/ablations/f1_gate_component_ablation_five_seeds
noBeta,2028,TA,0.3,start,5026,T,observed_mean,0.0893902704119682,13.247883796691896,12.422476768493652,5039,problem2_retrain_v2/results/aligned/ablations/f1_gate_component_ablation_five_seeds
noBeta,2028,TA,0.3,start,5026,A,reconstructed,0.918634831905365,3.077052354812622,1.9131038188934328,5039,problem2_retrain_v2/results/aligned/ablations/f1_gate_component_ablation_five_seeds
noBeta,2028,TA,0.3,start,5026,A,observed_mean,0.5174762606620789,3.077052354812622,2.094123125076294,5039,problem2_retrain_v2/results/aligned/ablations/f1_gate_component_ablation_five_seeds
noBeta,2028,TA,0.3,middle,5026,T,reconstructed,0.5184289813041687,12.874186515808104,8.612143516540527,5039,problem2_retrain_v2/results/aligned/ablations/f1_gate_component_ablation_five_seeds
noBeta,2028,TA,0.3,middle,5026,T,observed_mean,0.0876316428184509,12.874186515808104,12.590620040893556,5039,problem2_retrain_v2/results/aligned/ablations/f1_gate_component_ablation_five_seeds
noBeta,2028,TA,0.3,middle,5026,A,reconstructed,0.9190059900283812,3.045016288757324,1.915026426315308,5039,problem2_retrain_v2/results/aligned/ablations/f1_gate_component_ablation_five_seeds
noBeta,2028,TA,0.3,middle,5026,A,observed_mean,0.462330162525177,3.045016288757324,2.0554325580596924,5039,problem2_retrain_v2/results/aligned/ablations/f1_gate_component_ablation_five_seeds
noBeta,2028,TA,0.3,end,5026,T,reconstructed,0.530300498008728,12.96036148071289,8.571389198303223,5039,problem2_retrain_v2/results/aligned/ablations/f1_gate_component_ablation_five_seeds
noBeta,2028,TA,0.3,end,5026,T,observed_mean,0.1055967882275581,12.96036148071289,11.953371047973633,5039,problem2_retrain_v2/results/aligned/ablations/f1_gate_component_ablation_five_seeds
noBeta,2028,TA,0.3,end,5026,A,reconstructed,0.9265350103378296,3.046808958053589,1.9032871723175049,5039,problem2_retrain_v2/results/aligned/ablations/f1_gate_component_ablation_five_seeds
noBeta,2028,TA,0.3,end,5026,A,observed_mean,0.5532775521278381,3.046808958053589,2.123291015625,5039,problem2_retrain_v2/results/aligned/ablations/f1_gate_component_ablation_five_seeds
noBeta,2028,TA,0.3,random,5026,T,reconstructed,0.520084798336029,12.959016799926758,8.601127624511719,5039,problem2_retrain_v2/results/aligned/ablations/f1_gate_component_ablation_five_seeds
noBeta,2028,TA,0.3,random,5026,T,observed_mean,0.0915903598070144,12.959016799926758,12.561540603637695,5039,problem2_retrain_v2/results/aligned/ablations/f1_gate_component_ablation_five_seeds
noBeta,2028,TA,0.3,random,5026,A,reconstructed,0.9240825176239014,3.03443455696106,1.9217180013656616,5039,problem2_retrain_v2/results/aligned/ablations/f1_gate_component_ablation_five_seeds
noBeta,2028,TA,0.3,random,5026,A,observed_mean,0.4903658628463745,3.03443455696106,2.0847256183624268,5039,problem2_retrain_v2/results/aligned/ablations/f1_gate_component_ablation_five_seeds
noBeta,2028,TA,0.3,random,5027,T,reconstructed,0.5199616551399231,12.934329986572266,8.59977912902832,5039,problem2_retrain_v2/results/aligned/ablations/f1_gate_component_ablation_five_seeds
noBeta,2028,TA,0.3,random,5027,T,observed_mean,0.0913209468126297,12.934329986572266,12.526935577392578,5039,problem2_retrain_v2/results/aligned/ablations/f1_gate_component_ablation_five_seeds
noBeta,2028,TA,0.3,random,5027,A,reconstructed,0.9239255785942078,3.0332798957824707,1.915849685668945,5039,problem2_retrain_v2/results/aligned/ablations/f1_gate_component_ablation_five_seeds
noBeta,2028,TA,0.3,random,5027,A,observed_mean,0.4928966164588928,3.0332798957824707,2.0839171409606934,5039,problem2_retrain_v2/results/aligned/ablations/f1_gate_component_ablation_five_seeds
noBeta,2028,TA,0.3,random,5028,T,reconstructed,0.5193064212799072,12.935961723327637,8.601668357849121,5039,problem2_retrain_v2/results/aligned/ablations/f1_gate_component_ablation_five_seeds
noBeta,2028,TA,0.3,random,5028,T,observed_mean,0.0938463062047958,12.935961723327637,12.582350730895996,5039,problem2_retrain_v2/results/aligned/ablations/f1_gate_component_ablation_five_seeds
noBeta,2028,TA,0.3,random,5028,A,reconstructed,0.920384168624878,3.0607197284698486,1.9225656986236568,5039,problem2_retrain_v2/results/aligned/ablations/f1_gate_component_ablation_five_seeds
noBeta,2028,TA,0.3,random,5028,A,observed_mean,0.4848379492759704,3.0607197284698486,2.0698156356811523,5039,problem2_retrain_v2/results/aligned/ablations/f1_gate_component_ablation_five_seeds
noBeta,2028,TV,0.3,start,5026,T,reconstructed,0.5155767202377319,13.250202178955078,8.553449630737305,5035,problem2_retrain_v2/results/aligned/ablations/f1_gate_component_ablation_five_seeds
noBeta,2028,TV,0.3,start,5026,T,observed_mean,0.089410126209259,13.250202178955078,12.42440128326416,5035,problem2_retrain_v2/results/aligned/ablations/f1_gate_component_ablation_five_seeds
noBeta,2028,TV,0.3,start,5026,V,reconstructed,0.8558697700500488,3.315938711166382,2.196785688400269,4768,problem2_retrain_v2/results/aligned/ablations/f1_gate_component_ablation_five_seeds
noBeta,2028,TV,0.3,start,5026,V,observed_mean,0.2121088355779647,3.315938711166382,2.9846110343933105,4768,problem2_retrain_v2/results/aligned/ablations/f1_gate_component_ablation_five_seeds
noBeta,2028,TV,0.3,middle,5026,T,reconstructed,0.5175820589065552,12.877028465270996,8.67550277709961,5036,problem2_retrain_v2/results/aligned/ablations/f1_gate_component_ablation_five_seeds
noBeta,2028,TV,0.3,middle,5026,T,observed_mean,0.0876034870743751,12.877028465270996,12.592360496520996,5036,problem2_retrain_v2/results/aligned/ablations/f1_gate_component_ablation_five_seeds
noBeta,2028,TV,0.3,middle,5026,V,reconstructed,0.8549147248268127,3.3077781200408936,2.2161755561828613,4759,problem2_retrain_v2/results/aligned/ablations/f1_gate_component_ablation_five_seeds
noBeta,2028,TV,0.3,middle,5026,V,observed_mean,0.1607672870159149,3.3077781200408936,2.966169834136963,4759,problem2_retrain_v2/results/aligned/ablations/f1_gate_component_ablation_five_seeds
noBeta,2028,TV,0.3,end,5026,T,reconstructed,0.5292865037918091,12.965042114257812,8.627431869506836,5030,problem2_retrain_v2/results/aligned/ablations/f1_gate_component_ablation_five_seeds
noBeta,2028,TV,0.3,end,5026,T,observed_mean,0.1056442335247993,12.965042114257812,11.955056190490724,5030,problem2_retrain_v2/results/aligned/ablations/f1_gate_component_ablation_five_seeds
noBeta,2028,TV,0.3,end,5026,V,reconstructed,0.862097978591919,3.4354958534240723,2.2160675525665283,4663,problem2_retrain_v2/results/aligned/ablations/f1_gate_component_ablation_five_seeds
noBeta,2028,TV,0.3,end,5026,V,observed_mean,0.2280875593423843,3.4354958534240723,2.9888675212860107,4663,problem2_retrain_v2/results/aligned/ablations/f1_gate_component_ablation_five_seeds
noBeta,2028,TV,0.3,random,5026,T,reconstructed,0.5192206501960754,12.959016799926758,8.668281555175781,5039,problem2_retrain_v2/results/aligned/ablations/f1_gate_component_ablation_five_seeds
noBeta,2028,TV,0.3,random,5026,T,observed_mean,0.0915903598070144,12.959016799926758,12.561540603637695,5039,problem2_retrain_v2/results/aligned/ablations/f1_gate_component_ablation_five_seeds
noBeta,2028,TV,0.3,random,5026,V,reconstructed,0.856003999710083,3.377612829208374,2.22943115234375,4743,problem2_retrain_v2/results/aligned/ablations/f1_gate_component_ablation_five_seeds
noBeta,2028,TV,0.3,random,5026,V,observed_mean,0.181767001748085,3.377612829208374,2.9540445804595947,4743,problem2_retrain_v2/results/aligned/ablations/f1_gate_component_ablation_five_seeds
noBeta,2028,TV,0.3,random,5027,T,reconstructed,0.5190297961235046,12.93533420562744,8.67105484008789,5038,problem2_retrain_v2/results/aligned/ablations/f1_gate_component_ablation_five_seeds
noBeta,2028,TV,0.3,random,5027,T,observed_mean,0.0913228690624237,12.93533420562744,12.527816772460938,5038,problem2_retrain_v2/results/aligned/ablations/f1_gate_component_ablation_five_seeds
noBeta,2028,TV,0.3,random,5027,V,reconstructed,0.8547367453575134,3.317116498947144,2.223057746887207,4712,problem2_retrain_v2/results/aligned/ablations/f1_gate_component_ablation_five_seeds
noBeta,2028,TV,0.3,random,5027,V,observed_mean,0.1832649856805801,3.317116498947144,2.9765453338623047,4712,problem2_retrain_v2/results/aligned/ablations/f1_gate_component_ablation_five_seeds
noBeta,2028,TV,0.3,random,5028,T,reconstructed,0.5183938145637512,12.941804885864258,8.664777755737305,5030,problem2_retrain_v2/results/aligned/ablations/f1_gate_component_ablation_five_seeds
noBeta,2028,TV,0.3,random,5028,T,observed_mean,0.0937689319252967,12.941804885864258,12.587362289428713,5030,problem2_retrain_v2/results/aligned/ablations/f1_gate_component_ablation_five_seeds
noBeta,2028,TV,0.3,random,5028,V,reconstructed,0.8559774160385132,3.345802068710327,2.2216618061065674,4710,problem2_retrain_v2/results/aligned/ablations/f1_gate_component_ablation_five_seeds
noBeta,2028,TV,0.3,random,5028,V,observed_mean,0.177814096212387,3.345802068710327,2.9620485305786133,4710,problem2_retrain_v2/results/aligned/ablations/f1_gate_component_ablation_five_seeds
noBeta,2028,AV,0.3,start,5026,A,reconstructed,0.9174826741218568,3.077368974685669,1.9223847389221191,5035,problem2_retrain_v2/results/aligned/ablations/f1_gate_component_ablation_five_seeds
noBeta,2028,AV,0.3,start,5026,A,observed_mean,0.5174163579940796,3.077368974685669,2.09400486946106,5035,problem2_retrain_v2/results/aligned/ablations/f1_gate_component_ablation_five_seeds
noBeta,2028,AV,0.3,start,5026,V,reconstructed,0.8520236015319824,3.315938711166382,2.215231418609619,4768,problem2_retrain_v2/results/aligned/ablations/f1_gate_component_ablation_five_seeds
noBeta,2028,AV,0.3,start,5026,V,observed_mean,0.2121088355779647,3.315938711166382,2.9846110343933105,4768,problem2_retrain_v2/results/aligned/ablations/f1_gate_component_ablation_five_seeds
noBeta,2028,AV,0.3,middle,5026,A,reconstructed,0.9180002808570862,3.0444769859313965,1.9241564273834229,5036,problem2_retrain_v2/results/aligned/ablations/f1_gate_component_ablation_five_seeds
noBeta,2028,AV,0.3,middle,5026,A,observed_mean,0.4625047445297241,3.0444769859313965,2.054373025894165,5036,problem2_retrain_v2/results/aligned/ablations/f1_gate_component_ablation_five_seeds
noBeta,2028,AV,0.3,middle,5026,V,reconstructed,0.8502231240272522,3.3077781200408936,2.2196972370147705,4759,problem2_retrain_v2/results/aligned/ablations/f1_gate_component_ablation_five_seeds
noBeta,2028,AV,0.3,middle,5026,V,observed_mean,0.1607672870159149,3.3077781200408936,2.966169834136963,4759,problem2_retrain_v2/results/aligned/ablations/f1_gate_component_ablation_five_seeds
noBeta,2028,AV,0.3,end,5026,A,reconstructed,0.9212144017219543,3.046919107437134,1.921950936317444,5030,problem2_retrain_v2/results/aligned/ablations/f1_gate_component_ablation_five_seeds
noBeta,2028,AV,0.3,end,5026,A,observed_mean,0.5533334016799927,3.046919107437134,2.1220531463623047,5030,problem2_retrain_v2/results/aligned/ablations/f1_gate_component_ablation_five_seeds
noBeta,2028,AV,0.3,end,5026,V,reconstructed,0.8559792637825012,3.4354958534240723,2.2169229984283447,4663,problem2_retrain_v2/results/aligned/ablations/f1_gate_component_ablation_five_seeds
noBeta,2028,AV,0.3,end,5026,V,observed_mean,0.2280875593423843,3.4354958534240723,2.9888675212860107,4663,problem2_retrain_v2/results/aligned/ablations/f1_gate_component_ablation_five_seeds
noBeta,2028,AV,0.3,random,5026,A,reconstructed,0.9213806390762328,3.03443455696106,1.92412269115448,5039,problem2_retrain_v2/results/aligned/ablations/f1_gate_component_ablation_five_seeds
noBeta,2028,AV,0.3,random,5026,A,observed_mean,0.4903658628463745,3.03443455696106,2.0847256183624268,5039,problem2_retrain_v2/results/aligned/ablations/f1_gate_component_ablation_five_seeds
noBeta,2028,AV,0.3,random,5026,V,reconstructed,0.8501785397529602,3.377612829208374,2.2208828926086426,4743,problem2_retrain_v2/results/aligned/ablations/f1_gate_component_ablation_five_seeds
noBeta,2028,AV,0.3,random,5026,V,observed_mean,0.181767001748085,3.377612829208374,2.9540445804595947,4743,problem2_retrain_v2/results/aligned/ablations/f1_gate_component_ablation_five_seeds
noBeta,2028,AV,0.3,random,5027,A,reconstructed,0.9205195903778076,3.033055543899536,1.9235835075378416,5038,problem2_retrain_v2/results/aligned/ablations/f1_gate_component_ablation_five_seeds
noBeta,2028,AV,0.3,random,5027,A,observed_mean,0.4929637312889099,3.033055543899536,2.083596706390381,5038,problem2_retrain_v2/results/aligned/ablations/f1_gate_component_ablation_five_seeds
noBeta,2028,AV,0.3,random,5027,V,reconstructed,0.8510053157806396,3.317116498947144,2.2209911346435547,4712,problem2_retrain_v2/results/aligned/ablations/f1_gate_component_ablation_five_seeds
noBeta,2028,AV,0.3,random,5027,V,observed_mean,0.1832649856805801,3.317116498947144,2.9765453338623047,4712,problem2_retrain_v2/results/aligned/ablations/f1_gate_component_ablation_five_seeds
noBeta,2028,AV,0.3,random,5028,A,reconstructed,0.9171974062919616,3.0605289936065674,1.923616528511048,5030,problem2_retrain_v2/results/aligned/ablations/f1_gate_component_ablation_five_seeds
noBeta,2028,AV,0.3,random,5028,A,observed_mean,0.4850109219551086,3.0605289936065674,2.0680296421051025,5030,problem2_retrain_v2/results/aligned/ablations/f1_gate_component_ablation_five_seeds
noBeta,2028,AV,0.3,random,5028,V,reconstructed,0.850167453289032,3.345802068710327,2.2208471298217773,4710,problem2_retrain_v2/results/aligned/ablations/f1_gate_component_ablation_five_seeds
noBeta,2028,AV,0.3,random,5028,V,observed_mean,0.177814096212387,3.345802068710327,2.9620485305786133,4710,problem2_retrain_v2/results/aligned/ablations/f1_gate_component_ablation_five_seeds
noBeta,2028,TAV,0.3,start,5026,T,reconstructed,0.5147574543952942,13.250202178955078,8.539243698120117,5035,problem2_retrain_v2/results/aligned/ablations/f1_gate_component_ablation_five_seeds
noBeta,2028,TAV,0.3,start,5026,T,observed_mean,0.089410126209259,13.250202178955078,12.42440128326416,5035,problem2_retrain_v2/results/aligned/ablations/f1_gate_component_ablation_five_seeds
noBeta,2028,TAV,0.3,start,5026,A,reconstructed,0.9181368350982666,3.077368974685669,1.9221997261047363,5035,problem2_retrain_v2/results/aligned/ablations/f1_gate_component_ablation_five_seeds
noBeta,2028,TAV,0.3,start,5026,A,observed_mean,0.5174163579940796,3.077368974685669,2.09400486946106,5035,problem2_retrain_v2/results/aligned/ablations/f1_gate_component_ablation_five_seeds
noBeta,2028,TAV,0.3,start,5026,V,reconstructed,0.8547236323356628,3.315938711166382,2.198626756668091,4768,problem2_retrain_v2/results/aligned/ablations/f1_gate_component_ablation_five_seeds
noBeta,2028,TAV,0.3,start,5026,V,observed_mean,0.2121088355779647,3.315938711166382,2.9846110343933105,4768,problem2_retrain_v2/results/aligned/ablations/f1_gate_component_ablation_five_seeds
noBeta,2028,TAV,0.3,middle,5026,T,reconstructed,0.5167328715324402,12.877028465270996,8.674473762512207,5036,problem2_retrain_v2/results/aligned/ablations/f1_gate_component_ablation_five_seeds
noBeta,2028,TAV,0.3,middle,5026,T,observed_mean,0.0876034870743751,12.877028465270996,12.592360496520996,5036,problem2_retrain_v2/results/aligned/ablations/f1_gate_component_ablation_five_seeds
noBeta,2028,TAV,0.3,middle,5026,A,reconstructed,0.919022500514984,3.0444769859313965,1.9240614175796509,5036,problem2_retrain_v2/results/aligned/ablations/f1_gate_component_ablation_five_seeds
noBeta,2028,TAV,0.3,middle,5026,A,observed_mean,0.4625047445297241,3.0444769859313965,2.054373025894165,5036,problem2_retrain_v2/results/aligned/ablations/f1_gate_component_ablation_five_seeds
noBeta,2028,TAV,0.3,middle,5026,V,reconstructed,0.8542519211769104,3.3077781200408936,2.216660261154175,4759,problem2_retrain_v2/results/aligned/ablations/f1_gate_component_ablation_five_seeds
noBeta,2028,TAV,0.3,middle,5026,V,observed_mean,0.1607672870159149,3.3077781200408936,2.966169834136963,4759,problem2_retrain_v2/results/aligned/ablations/f1_gate_component_ablation_five_seeds
noBeta,2028,TAV,0.3,end,5026,T,reconstructed,0.5283136963844299,12.965042114257812,8.626495361328125,5030,problem2_retrain_v2/results/aligned/ablations/f1_gate_component_ablation_five_seeds
noBeta,2028,TAV,0.3,end,5026,T,observed_mean,0.1056442335247993,12.965042114257812,11.955056190490724,5030,problem2_retrain_v2/results/aligned/ablations/f1_gate_component_ablation_five_seeds
noBeta,2028,TAV,0.3,end,5026,A,reconstructed,0.926453709602356,3.046919107437134,1.9144309759140008,5030,problem2_retrain_v2/results/aligned/ablations/f1_gate_component_ablation_five_seeds
noBeta,2028,TAV,0.3,end,5026,A,observed_mean,0.5533334016799927,3.046919107437134,2.1220531463623047,5030,problem2_retrain_v2/results/aligned/ablations/f1_gate_component_ablation_five_seeds
noBeta,2028,TAV,0.3,end,5026,V,reconstructed,0.8608424663543701,3.4354958534240723,2.217274904251098,4663,problem2_retrain_v2/results/aligned/ablations/f1_gate_component_ablation_five_seeds
noBeta,2028,TAV,0.3,end,5026,V,observed_mean,0.2280875593423843,3.4354958534240723,2.9888675212860107,4663,problem2_retrain_v2/results/aligned/ablations/f1_gate_component_ablation_five_seeds
noBeta,2028,TAV,0.3,random,5026,T,reconstructed,0.5183155536651611,12.959016799926758,8.665253639221191,5039,problem2_retrain_v2/results/aligned/ablations/f1_gate_component_ablation_five_seeds
noBeta,2028,TAV,0.3,random,5026,T,observed_mean,0.0915903598070144,12.959016799926758,12.561540603637695,5039,problem2_retrain_v2/results/aligned/ablations/f1_gate_component_ablation_five_seeds
noBeta,2028,TAV,0.3,random,5026,A,reconstructed,0.9242554306983948,3.03443455696106,1.9311096668243408,5039,problem2_retrain_v2/results/aligned/ablations/f1_gate_component_ablation_five_seeds
noBeta,2028,TAV,0.3,random,5026,A,observed_mean,0.4903658628463745,3.03443455696106,2.0847256183624268,5039,problem2_retrain_v2/results/aligned/ablations/f1_gate_component_ablation_five_seeds
noBeta,2028,TAV,0.3,random,5026,V,reconstructed,0.8548296689987183,3.377612829208374,2.2308573722839355,4743,problem2_retrain_v2/results/aligned/ablations/f1_gate_component_ablation_five_seeds
noBeta,2028,TAV,0.3,random,5026,V,observed_mean,0.181767001748085,3.377612829208374,2.9540445804595947,4743,problem2_retrain_v2/results/aligned/ablations/f1_gate_component_ablation_five_seeds
noBeta,2028,TAV,0.3,random,5027,T,reconstructed,0.5182707905769348,12.93533420562744,8.662036895751953,5038,problem2_retrain_v2/results/aligned/ablations/f1_gate_component_ablation_five_seeds
noBeta,2028,TAV,0.3,random,5027,T,observed_mean,0.0913228690624237,12.93533420562744,12.527816772460938,5038,problem2_retrain_v2/results/aligned/ablations/f1_gate_component_ablation_five_seeds
noBeta,2028,TAV,0.3,random,5027,A,reconstructed,0.9238274693489076,3.033055543899536,1.925118088722229,5038,problem2_retrain_v2/results/aligned/ablations/f1_gate_component_ablation_five_seeds
noBeta,2028,TAV,0.3,random,5027,A,observed_mean,0.4929637312889099,3.033055543899536,2.083596706390381,5038,problem2_retrain_v2/results/aligned/ablations/f1_gate_component_ablation_five_seeds
noBeta,2028,TAV,0.3,random,5027,V,reconstructed,0.8533288836479187,3.317116498947144,2.2234878540039062,4712,problem2_retrain_v2/results/aligned/ablations/f1_gate_component_ablation_five_seeds
noBeta,2028,TAV,0.3,random,5027,V,observed_mean,0.1832649856805801,3.317116498947144,2.9765453338623047,4712,problem2_retrain_v2/results/aligned/ablations/f1_gate_component_ablation_five_seeds
noBeta,2028,TAV,0.3,random,5028,T,reconstructed,0.5175523161888123,12.941804885864258,8.662301063537598,5030,problem2_retrain_v2/results/aligned/ablations/f1_gate_component_ablation_five_seeds
noBeta,2028,TAV,0.3,random,5028,T,observed_mean,0.0937689319252967,12.941804885864258,12.587362289428713,5030,problem2_retrain_v2/results/aligned/ablations/f1_gate_component_ablation_five_seeds
noBeta,2028,TAV,0.3,random,5028,A,reconstructed,0.9201244711875916,3.0605289936065674,1.9314818382263184,5030,problem2_retrain_v2/results/aligned/ablations/f1_gate_component_ablation_five_seeds
noBeta,2028,TAV,0.3,random,5028,A,observed_mean,0.4850109219551086,3.0605289936065674,2.0680296421051025,5030,problem2_retrain_v2/results/aligned/ablations/f1_gate_component_ablation_five_seeds
noBeta,2028,TAV,0.3,random,5028,V,reconstructed,0.8553767800331116,3.345802068710327,2.2227087020874023,4710,problem2_retrain_v2/results/aligned/ablations/f1_gate_component_ablation_five_seeds
noBeta,2028,TAV,0.3,random,5028,V,observed_mean,0.177814096212387,3.345802068710327,2.9620485305786133,4710,problem2_retrain_v2/results/aligned/ablations/f1_gate_component_ablation_five_seeds
noQ,2027,T,0.1,random,5026,T,reconstructed,0.4001878201961517,14.35293960571289,5.951310157775879,1711,problem2_retrain_v2/results/aligned/ablations/f1_gate_component_ablation_five_seeds
noQ,2027,T,0.1,random,5026,T,observed_mean,0.0680169761180877,14.35293960571289,13.961474418640137,1711,problem2_retrain_v2/results/aligned/ablations/f1_gate_component_ablation_five_seeds
noQ,2027,T,0.1,random,5027,T,reconstructed,0.4038438498973846,14.335400581359863,5.945407867431641,1711,problem2_retrain_v2/results/aligned/ablations/f1_gate_component_ablation_five_seeds
noQ,2027,T,0.1,random,5027,T,observed_mean,0.0740557387471199,14.335400581359863,13.91620635986328,1711,problem2_retrain_v2/results/aligned/ablations/f1_gate_component_ablation_five_seeds
noQ,2027,T,0.1,random,5028,T,reconstructed,0.4032846987247467,14.36350154876709,5.950056076049805,1711,problem2_retrain_v2/results/aligned/ablations/f1_gate_component_ablation_five_seeds
noQ,2027,T,0.1,random,5028,T,observed_mean,0.0768180564045906,14.36350154876709,13.885223388671877,1711,problem2_retrain_v2/results/aligned/ablations/f1_gate_component_ablation_five_seeds
noQ,2027,T,0.2,random,5026,T,reconstructed,0.407344251871109,14.319306373596191,5.92655086517334,3400,problem2_retrain_v2/results/aligned/ablations/f1_gate_component_ablation_five_seeds
noQ,2027,T,0.2,random,5026,T,observed_mean,0.0876453444361686,14.319306373596191,13.945358276367188,3400,problem2_retrain_v2/results/aligned/ablations/f1_gate_component_ablation_five_seeds
noQ,2027,T,0.2,random,5027,T,reconstructed,0.4099683463573456,14.29776668548584,5.930710792541504,3400,problem2_retrain_v2/results/aligned/ablations/f1_gate_component_ablation_five_seeds
noQ,2027,T,0.2,random,5027,T,observed_mean,0.0888500586152076,14.29776668548584,13.900105476379396,3400,problem2_retrain_v2/results/aligned/ablations/f1_gate_component_ablation_five_seeds
noQ,2027,T,0.2,random,5028,T,reconstructed,0.4090587794780731,14.321796417236328,5.940056324005127,3400,problem2_retrain_v2/results/aligned/ablations/f1_gate_component_ablation_five_seeds
noQ,2027,T,0.2,random,5028,T,observed_mean,0.0924109891057014,14.321796417236328,13.923879623413086,3400,problem2_retrain_v2/results/aligned/ablations/f1_gate_component_ablation_five_seeds
noQ,2027,T,0.3,start,5026,T,reconstructed,0.4193929433822632,14.506048202514648,5.909080505371094,5039,problem2_retrain_v2/results/aligned/ablations/f1_gate_component_ablation_five_seeds
noQ,2027,T,0.3,start,5026,T,observed_mean,0.1008222177624702,14.506048202514648,13.722887992858888,5039,problem2_retrain_v2/results/aligned/ablations/f1_gate_component_ablation_five_seeds
noQ,2027,T,0.3,middle,5026,T,reconstructed,0.4139677286148071,14.225855827331545,5.880230903625488,5039,problem2_retrain_v2/results/aligned/ablations/f1_gate_component_ablation_five_seeds
noQ,2027,T,0.3,middle,5026,T,observed_mean,0.0998138487339019,14.225855827331545,13.89763641357422,5039,problem2_retrain_v2/results/aligned/ablations/f1_gate_component_ablation_five_seeds
noQ,2027,T,0.3,end,5026,T,reconstructed,0.4230776727199554,14.45289134979248,5.848798751831055,5039,problem2_retrain_v2/results/aligned/ablations/f1_gate_component_ablation_five_seeds
noQ,2027,T,0.3,end,5026,T,observed_mean,0.1215015277266502,14.45289134979248,13.223365783691406,5039,problem2_retrain_v2/results/aligned/ablations/f1_gate_component_ablation_five_seeds
noQ,2027,T,0.3,random,5026,T,reconstructed,0.4150688052177429,14.320326805114746,5.86627721786499,5039,problem2_retrain_v2/results/aligned/ablations/f1_gate_component_ablation_five_seeds
noQ,2027,T,0.3,random,5026,T,observed_mean,0.1047752350568771,14.320326805114746,13.87510585784912,5039,problem2_retrain_v2/results/aligned/ablations/f1_gate_component_ablation_five_seeds
noQ,2027,T,0.3,random,5027,T,reconstructed,0.4191014766693115,14.28154754638672,5.887163162231445,5039,problem2_retrain_v2/results/aligned/ablations/f1_gate_component_ablation_five_seeds
noQ,2027,T,0.3,random,5027,T,observed_mean,0.1058484688401222,14.28154754638672,13.832022666931152,5039,problem2_retrain_v2/results/aligned/ablations/f1_gate_component_ablation_five_seeds
noQ,2027,T,0.3,random,5028,T,reconstructed,0.4160096049308777,14.287498474121094,5.905731201171875,5039,problem2_retrain_v2/results/aligned/ablations/f1_gate_component_ablation_five_seeds
noQ,2027,T,0.3,random,5028,T,observed_mean,0.1067310497164726,14.287498474121094,13.94586181640625,5039,problem2_retrain_v2/results/aligned/ablations/f1_gate_component_ablation_five_seeds
noQ,2027,T,0.4,random,5026,T,reconstructed,0.4252874255180359,14.321852684020996,5.812765598297119,6740,problem2_retrain_v2/results/aligned/ablations/f1_gate_component_ablation_five_seeds
noQ,2027,T,0.4,random,5026,T,observed_mean,0.1243253871798515,14.321852684020996,13.815353393554688,6740,problem2_retrain_v2/results/aligned/ablations/f1_gate_component_ablation_five_seeds
noQ,2027,T,0.4,random,5027,T,reconstructed,0.4308043420314789,14.269601821899414,5.82988166809082,6740,problem2_retrain_v2/results/aligned/ablations/f1_gate_component_ablation_five_seeds
noQ,2027,T,0.4,random,5027,T,observed_mean,0.1312033385038375,14.269601821899414,13.81363010406494,6740,problem2_retrain_v2/results/aligned/ablations/f1_gate_component_ablation_five_seeds
noQ,2027,T,0.4,random,5028,T,reconstructed,0.4245004057884216,14.286128997802734,5.850407600402832,6740,problem2_retrain_v2/results/aligned/ablations/f1_gate_component_ablation_five_seeds
noQ,2027,T,0.4,random,5028,T,observed_mean,0.1262798309326172,14.286128997802734,13.925349235534668,6740,problem2_retrain_v2/results/aligned/ablations/f1_gate_component_ablation_five_seeds
noQ,2027,T,0.5,random,5026,T,reconstructed,0.4357735216617584,14.327264785766602,5.734766960144043,8415,problem2_retrain_v2/results/aligned/ablations/f1_gate_component_ablation_five_seeds
noQ,2027,T,0.5,random,5026,T,observed_mean,0.14557845890522,14.327264785766602,13.683557510375977,8415,problem2_retrain_v2/results/aligned/ablations/f1_gate_component_ablation_five_seeds
noQ,2027,T,0.5,random,5027,T,reconstructed,0.4395076632499695,14.287737846374512,5.738115310668945,8415,problem2_retrain_v2/results/aligned/ablations/f1_gate_component_ablation_five_seeds
noQ,2027,T,0.5,random,5027,T,observed_mean,0.1500013321638107,14.287737846374512,13.67342472076416,8415,problem2_retrain_v2/results/aligned/ablations/f1_gate_component_ablation_five_seeds
noQ,2027,T,0.5,random,5028,T,reconstructed,0.4359479546546936,14.276169776916504,5.767636775970459,8415,problem2_retrain_v2/results/aligned/ablations/f1_gate_component_ablation_five_seeds
noQ,2027,T,0.5,random,5028,T,observed_mean,0.1462687700986862,14.276169776916504,13.822236061096191,8415,problem2_retrain_v2/results/aligned/ablations/f1_gate_component_ablation_five_seeds
noQ,2027,A,0.1,random,5026,A,reconstructed,0.9236367344856262,3.087010145187378,1.7351576089859009,1711,problem2_retrain_v2/results/aligned/ablations/f1_gate_component_ablation_five_seeds
noQ,2027,A,0.1,random,5026,A,observed_mean,0.4352393746376037,3.087010145187378,2.057704448699951,1711,problem2_retrain_v2/results/aligned/ablations/f1_gate_component_ablation_five_seeds
noQ,2027,A,0.1,random,5027,A,reconstructed,0.930911421775818,3.0905792713165283,1.7359856367111206,1711,problem2_retrain_v2/results/aligned/ablations/f1_gate_component_ablation_five_seeds
noQ,2027,A,0.1,random,5027,A,observed_mean,0.4374690949916839,3.0905792713165283,2.0597236156463623,1711,problem2_retrain_v2/results/aligned/ablations/f1_gate_component_ablation_five_seeds
noQ,2027,A,0.1,random,5028,A,reconstructed,0.9295789003372192,3.0364432334899902,1.7345751523971558,1711,problem2_retrain_v2/results/aligned/ablations/f1_gate_component_ablation_five_seeds
noQ,2027,A,0.1,random,5028,A,observed_mean,0.4296645224094391,3.0364432334899902,2.061055898666382,1711,problem2_retrain_v2/results/aligned/ablations/f1_gate_component_ablation_five_seeds
noQ,2027,A,0.2,random,5026,A,reconstructed,0.9252811670303344,3.0676915645599365,1.7349621057510376,3400,problem2_retrain_v2/results/aligned/ablations/f1_gate_component_ablation_five_seeds
noQ,2027,A,0.2,random,5026,A,observed_mean,0.4651267230510711,3.0676915645599365,2.0629799365997314,3400,problem2_retrain_v2/results/aligned/ablations/f1_gate_component_ablation_five_seeds
noQ,2027,A,0.2,random,5027,A,reconstructed,0.9309954047203064,3.0634214878082275,1.7360159158706665,3400,problem2_retrain_v2/results/aligned/ablations/f1_gate_component_ablation_five_seeds
noQ,2027,A,0.2,random,5027,A,observed_mean,0.4704404473304748,3.0634214878082275,2.066222667694092,3400,problem2_retrain_v2/results/aligned/ablations/f1_gate_component_ablation_five_seeds
noQ,2027,A,0.2,random,5028,A,reconstructed,0.9286824464797974,3.0810508728027344,1.7344112396240234,3400,problem2_retrain_v2/results/aligned/ablations/f1_gate_component_ablation_five_seeds
noQ,2027,A,0.2,random,5028,A,observed_mean,0.4591287076473236,3.0810508728027344,2.0551183223724365,3400,problem2_retrain_v2/results/aligned/ablations/f1_gate_component_ablation_five_seeds
noQ,2027,A,0.3,start,5026,A,reconstructed,0.9483964443206788,3.100776672363281,1.725267767906189,5039,problem2_retrain_v2/results/aligned/ablations/f1_gate_component_ablation_five_seeds
noQ,2027,A,0.3,start,5026,A,observed_mean,0.5142340064048767,3.100776672363281,2.1175990104675293,5039,problem2_retrain_v2/results/aligned/ablations/f1_gate_component_ablation_five_seeds
noQ,2027,A,0.3,middle,5026,A,reconstructed,0.9271901845932008,3.067467451095581,1.7340734004974363,5039,problem2_retrain_v2/results/aligned/ablations/f1_gate_component_ablation_five_seeds
noQ,2027,A,0.3,middle,5026,A,observed_mean,0.4596966505050659,3.067467451095581,2.079754114151001,5039,problem2_retrain_v2/results/aligned/ablations/f1_gate_component_ablation_five_seeds
noQ,2027,A,0.3,end,5026,A,reconstructed,0.9110242128372192,3.072756052017212,1.7395076751708984,5039,problem2_retrain_v2/results/aligned/ablations/f1_gate_component_ablation_five_seeds
noQ,2027,A,0.3,end,5026,A,observed_mean,0.550042986869812,3.072756052017212,2.146459579467773,5039,problem2_retrain_v2/results/aligned/ablations/f1_gate_component_ablation_five_seeds
noQ,2027,A,0.3,random,5026,A,reconstructed,0.9258345365524292,3.058617115020752,1.73417067527771,5039,problem2_retrain_v2/results/aligned/ablations/f1_gate_component_ablation_five_seeds
noQ,2027,A,0.3,random,5026,A,observed_mean,0.4871521592140198,3.058617115020752,2.1079630851745605,5039,problem2_retrain_v2/results/aligned/ablations/f1_gate_component_ablation_five_seeds
noQ,2027,A,0.3,random,5027,A,reconstructed,0.9315651655197144,3.056293487548828,1.735339879989624,5039,problem2_retrain_v2/results/aligned/ablations/f1_gate_component_ablation_five_seeds
noQ,2027,A,0.3,random,5027,A,observed_mean,0.4899943172931671,3.056293487548828,2.1079914569854736,5039,problem2_retrain_v2/results/aligned/ablations/f1_gate_component_ablation_five_seeds
noQ,2027,A,0.3,random,5028,A,reconstructed,0.929019570350647,3.083901882171631,1.7335619926452637,5039,problem2_retrain_v2/results/aligned/ablations/f1_gate_component_ablation_five_seeds
noQ,2027,A,0.3,random,5028,A,observed_mean,0.4816006422042846,3.083901882171631,2.093461275100708,5039,problem2_retrain_v2/results/aligned/ablations/f1_gate_component_ablation_five_seeds
noQ,2027,A,0.4,random,5026,A,reconstructed,0.925504505634308,3.051277637481689,1.7336299419403076,6740,problem2_retrain_v2/results/aligned/ablations/f1_gate_component_ablation_five_seeds
noQ,2027,A,0.4,random,5026,A,observed_mean,0.5037223696708679,3.051277637481689,2.145087957382202,6740,problem2_retrain_v2/results/aligned/ablations/f1_gate_component_ablation_five_seeds
noQ,2027,A,0.4,random,5027,A,reconstructed,0.9311365485191344,3.054532766342163,1.7342389822006226,6740,problem2_retrain_v2/results/aligned/ablations/f1_gate_component_ablation_five_seeds
noQ,2027,A,0.4,random,5027,A,observed_mean,0.5037333369255066,3.054532766342163,2.1447176933288574,6740,problem2_retrain_v2/results/aligned/ablations/f1_gate_component_ablation_five_seeds
noQ,2027,A,0.4,random,5028,A,reconstructed,0.9288403391838074,3.0854742527008057,1.7328932285308838,6740,problem2_retrain_v2/results/aligned/ablations/f1_gate_component_ablation_five_seeds
noQ,2027,A,0.4,random,5028,A,observed_mean,0.499265193939209,3.0854742527008057,2.1218068599700928,6740,problem2_retrain_v2/results/aligned/ablations/f1_gate_component_ablation_five_seeds
noQ,2027,A,0.5,random,5026,A,reconstructed,0.9260295033454896,3.0533268451690674,1.733187556266785,8415,problem2_retrain_v2/results/aligned/ablations/f1_gate_component_ablation_five_seeds
noQ,2027,A,0.5,random,5026,A,observed_mean,0.5175670981407166,3.0533268451690674,2.1909193992614746,8415,problem2_retrain_v2/results/aligned/ablations/f1_gate_component_ablation_five_seeds
noQ,2027,A,0.5,random,5027,A,reconstructed,0.9288039803504944,3.0748157501220703,1.733687400817871,8415,problem2_retrain_v2/results/aligned/ablations/f1_gate_component_ablation_five_seeds
noQ,2027,A,0.5,random,5027,A,observed_mean,0.5166687369346619,3.0748157501220703,2.177239418029785,8415,problem2_retrain_v2/results/aligned/ablations/f1_gate_component_ablation_five_seeds
noQ,2027,A,0.5,random,5028,A,reconstructed,0.9276675581932068,3.076892375946045,1.73240065574646,8415,problem2_retrain_v2/results/aligned/ablations/f1_gate_component_ablation_five_seeds
noQ,2027,A,0.5,random,5028,A,observed_mean,0.5172900557518005,3.076892375946045,2.166955947875977,8415,problem2_retrain_v2/results/aligned/ablations/f1_gate_component_ablation_five_seeds
noQ,2027,V,0.1,random,5026,V,reconstructed,0.8675633668899536,3.401503324508667,3.1626076698303223,1604,problem2_retrain_v2/results/aligned/ablations/f1_gate_component_ablation_five_seeds
noQ,2027,V,0.1,random,5026,V,observed_mean,0.1578626185655594,3.401503324508667,2.940258502960205,1604,problem2_retrain_v2/results/aligned/ablations/f1_gate_component_ablation_five_seeds
noQ,2027,V,0.1,random,5027,V,reconstructed,0.8698641061782837,3.301553726196289,3.1665096282958984,1595,problem2_retrain_v2/results/aligned/ablations/f1_gate_component_ablation_five_seeds
noQ,2027,V,0.1,random,5027,V,observed_mean,0.1571388244628906,3.301553726196289,2.964760065078736,1595,problem2_retrain_v2/results/aligned/ablations/f1_gate_component_ablation_five_seeds
noQ,2027,V,0.1,random,5028,V,reconstructed,0.8689114451408386,3.3788859844207764,3.169778347015381,1588,problem2_retrain_v2/results/aligned/ablations/f1_gate_component_ablation_five_seeds
noQ,2027,V,0.1,random,5028,V,observed_mean,0.1535626500844955,3.3788859844207764,2.955763816833496,1588,problem2_retrain_v2/results/aligned/ablations/f1_gate_component_ablation_five_seeds
noQ,2027,V,0.2,random,5026,V,reconstructed,0.8655597567558289,3.396400690078736,3.173837900161743,3194,problem2_retrain_v2/results/aligned/ablations/f1_gate_component_ablation_five_seeds
noQ,2027,V,0.2,random,5026,V,observed_mean,0.1718126982450485,3.396400690078736,2.9501516819000244,3194,problem2_retrain_v2/results/aligned/ablations/f1_gate_component_ablation_five_seeds
noQ,2027,V,0.2,random,5027,V,reconstructed,0.8692626953125,3.3176965713500977,3.178253412246704,3180,problem2_retrain_v2/results/aligned/ablations/f1_gate_component_ablation_five_seeds
noQ,2027,V,0.2,random,5027,V,observed_mean,0.1722738593816757,3.3176965713500977,2.9698665142059326,3180,problem2_retrain_v2/results/aligned/ablations/f1_gate_component_ablation_five_seeds
noQ,2027,V,0.2,random,5028,V,reconstructed,0.8679711222648621,3.378537654876709,3.17905592918396,3176,problem2_retrain_v2/results/aligned/ablations/f1_gate_component_ablation_five_seeds
noQ,2027,V,0.2,random,5028,V,observed_mean,0.1700899451971054,3.378537654876709,2.9584708213806152,3176,problem2_retrain_v2/results/aligned/ablations/f1_gate_component_ablation_five_seeds
noQ,2027,V,0.3,start,5026,V,reconstructed,0.8696979284286499,3.3258426189422607,3.1876461505889893,4768,problem2_retrain_v2/results/aligned/ablations/f1_gate_component_ablation_five_seeds
noQ,2027,V,0.3,start,5026,V,observed_mean,0.2129289954900741,3.3258426189422607,2.993065357208252,4768,problem2_retrain_v2/results/aligned/ablations/f1_gate_component_ablation_five_seeds
noQ,2027,V,0.3,middle,5026,V,reconstructed,0.8696182370185852,3.317756175994873,3.17989182472229,4759,problem2_retrain_v2/results/aligned/ablations/f1_gate_component_ablation_five_seeds
noQ,2027,V,0.3,middle,5026,V,observed_mean,0.1617664992809295,3.317756175994873,2.9748942852020264,4759,problem2_retrain_v2/results/aligned/ablations/f1_gate_component_ablation_five_seeds
noQ,2027,V,0.3,end,5026,V,reconstructed,0.868377685546875,3.4472622871398926,3.1830389499664307,4663,problem2_retrain_v2/results/aligned/ablations/f1_gate_component_ablation_five_seeds
noQ,2027,V,0.3,end,5026,V,observed_mean,0.2289801090955734,3.4472622871398926,2.9967994689941406,4663,problem2_retrain_v2/results/aligned/ablations/f1_gate_component_ablation_five_seeds
noQ,2027,V,0.3,random,5026,V,reconstructed,0.8669320940971375,3.3897411823272705,3.183300256729126,4743,problem2_retrain_v2/results/aligned/ablations/f1_gate_component_ablation_five_seeds
noQ,2027,V,0.3,random,5026,V,observed_mean,0.1825535893440246,3.3897411823272705,2.9614782333374023,4743,problem2_retrain_v2/results/aligned/ablations/f1_gate_component_ablation_five_seeds
noQ,2027,V,0.3,random,5027,V,reconstructed,0.8690690398216248,3.326704502105713,3.185762405395508,4712,problem2_retrain_v2/results/aligned/ablations/f1_gate_component_ablation_five_seeds
noQ,2027,V,0.3,random,5027,V,observed_mean,0.1842207610607147,3.326704502105713,2.985307216644287,4712,problem2_retrain_v2/results/aligned/ablations/f1_gate_component_ablation_five_seeds
noQ,2027,V,0.3,random,5028,V,reconstructed,0.8676942586898804,3.3566808700561523,3.186486005783081,4710,problem2_retrain_v2/results/aligned/ablations/f1_gate_component_ablation_five_seeds
noQ,2027,V,0.3,random,5028,V,observed_mean,0.1786135584115982,3.3566808700561523,2.970090627670288,4710,problem2_retrain_v2/results/aligned/ablations/f1_gate_component_ablation_five_seeds
noQ,2027,V,0.4,random,5026,V,reconstructed,0.8679162859916687,3.3691771030426025,3.193563938140869,6357,problem2_retrain_v2/results/aligned/ablations/f1_gate_component_ablation_five_seeds
noQ,2027,V,0.4,random,5026,V,observed_mean,0.193042054772377,3.3691771030426025,2.9834530353546143,6357,problem2_retrain_v2/results/aligned/ablations/f1_gate_component_ablation_five_seeds
noQ,2027,V,0.4,random,5027,V,reconstructed,0.8692981600761414,3.327096700668335,3.195046901702881,6308,problem2_retrain_v2/results/aligned/ablations/f1_gate_component_ablation_five_seeds
noQ,2027,V,0.4,random,5027,V,observed_mean,0.1954420059919357,3.327096700668335,3.007397174835205,6308,problem2_retrain_v2/results/aligned/ablations/f1_gate_component_ablation_five_seeds
noQ,2027,V,0.4,random,5028,V,reconstructed,0.8668720722198486,3.3585972785949707,3.196729898452759,6306,problem2_retrain_v2/results/aligned/ablations/f1_gate_component_ablation_five_seeds
noQ,2027,V,0.4,random,5028,V,observed_mean,0.1910142600536346,3.3585972785949707,2.9882142543792725,6306,problem2_retrain_v2/results/aligned/ablations/f1_gate_component_ablation_five_seeds
noQ,2027,V,0.5,random,5026,V,reconstructed,0.8684790730476379,3.349642038345337,3.20165491104126,7939,problem2_retrain_v2/results/aligned/ablations/f1_gate_component_ablation_five_seeds
noQ,2027,V,0.5,random,5026,V,observed_mean,0.2025139927864074,3.349642038345337,3.016785860061645,7939,problem2_retrain_v2/results/aligned/ablations/f1_gate_component_ablation_five_seeds
noQ,2027,V,0.5,random,5027,V,reconstructed,0.8690568208694458,3.327859878540039,3.2027370929718018,7888,problem2_retrain_v2/results/aligned/ablations/f1_gate_component_ablation_five_seeds
noQ,2027,V,0.5,random,5027,V,observed_mean,0.2040305584669113,3.327859878540039,3.031517505645752,7888,problem2_retrain_v2/results/aligned/ablations/f1_gate_component_ablation_five_seeds
noQ,2027,V,0.5,random,5028,V,reconstructed,0.867694079875946,3.3434882164001465,3.204066276550293,7893,problem2_retrain_v2/results/aligned/ablations/f1_gate_component_ablation_five_seeds
noQ,2027,V,0.5,random,5028,V,observed_mean,0.2017662972211837,3.3434882164001465,3.0228283405303955,7893,problem2_retrain_v2/results/aligned/ablations/f1_gate_component_ablation_five_seeds
noQ,2027,TA,0.3,start,5026,T,reconstructed,0.4185451567173004,14.506048202514648,5.901998996734619,5039,problem2_retrain_v2/results/aligned/ablations/f1_gate_component_ablation_five_seeds
noQ,2027,TA,0.3,start,5026,T,observed_mean,0.1008222177624702,14.506048202514648,13.722887992858888,5039,problem2_retrain_v2/results/aligned/ablations/f1_gate_component_ablation_five_seeds
noQ,2027,TA,0.3,start,5026,A,reconstructed,0.9476809501647948,3.100776672363281,1.734471082687378,5039,problem2_retrain_v2/results/aligned/ablations/f1_gate_component_ablation_five_seeds
noQ,2027,TA,0.3,start,5026,A,observed_mean,0.5142340064048767,3.100776672363281,2.1175990104675293,5039,problem2_retrain_v2/results/aligned/ablations/f1_gate_component_ablation_five_seeds
noQ,2027,TA,0.3,middle,5026,T,reconstructed,0.4130804538726806,14.225855827331545,5.874963760375977,5039,problem2_retrain_v2/results/aligned/ablations/f1_gate_component_ablation_five_seeds
noQ,2027,TA,0.3,middle,5026,T,observed_mean,0.0998138487339019,14.225855827331545,13.89763641357422,5039,problem2_retrain_v2/results/aligned/ablations/f1_gate_component_ablation_five_seeds
noQ,2027,TA,0.3,middle,5026,A,reconstructed,0.9272194504737854,3.067467451095581,1.7350242137908936,5039,problem2_retrain_v2/results/aligned/ablations/f1_gate_component_ablation_five_seeds
noQ,2027,TA,0.3,middle,5026,A,observed_mean,0.4596966505050659,3.067467451095581,2.079754114151001,5039,problem2_retrain_v2/results/aligned/ablations/f1_gate_component_ablation_five_seeds
noQ,2027,TA,0.3,end,5026,T,reconstructed,0.4220708310604095,14.45289134979248,5.832586765289307,5039,problem2_retrain_v2/results/aligned/ablations/f1_gate_component_ablation_five_seeds
noQ,2027,TA,0.3,end,5026,T,observed_mean,0.1215015277266502,14.45289134979248,13.223365783691406,5039,problem2_retrain_v2/results/aligned/ablations/f1_gate_component_ablation_five_seeds
noQ,2027,TA,0.3,end,5026,A,reconstructed,0.913992702960968,3.072756052017212,1.7346713542938232,5039,problem2_retrain_v2/results/aligned/ablations/f1_gate_component_ablation_five_seeds
noQ,2027,TA,0.3,end,5026,A,observed_mean,0.550042986869812,3.072756052017212,2.146459579467773,5039,problem2_retrain_v2/results/aligned/ablations/f1_gate_component_ablation_five_seeds
noQ,2027,TA,0.3,random,5026,T,reconstructed,0.4140699207782745,14.320326805114746,5.858095645904541,5039,problem2_retrain_v2/results/aligned/ablations/f1_gate_component_ablation_five_seeds
noQ,2027,TA,0.3,random,5026,T,observed_mean,0.1047752350568771,14.320326805114746,13.87510585784912,5039,problem2_retrain_v2/results/aligned/ablations/f1_gate_component_ablation_five_seeds
noQ,2027,TA,0.3,random,5026,A,reconstructed,0.927293062210083,3.058617115020752,1.7302863597869873,5039,problem2_retrain_v2/results/aligned/ablations/f1_gate_component_ablation_five_seeds
noQ,2027,TA,0.3,random,5026,A,observed_mean,0.4871521592140198,3.058617115020752,2.1079630851745605,5039,problem2_retrain_v2/results/aligned/ablations/f1_gate_component_ablation_five_seeds
noQ,2027,TA,0.3,random,5027,T,reconstructed,0.4181402623653412,14.28154754638672,5.875891208648682,5039,problem2_retrain_v2/results/aligned/ablations/f1_gate_component_ablation_five_seeds
noQ,2027,TA,0.3,random,5027,T,observed_mean,0.1058484688401222,14.28154754638672,13.832022666931152,5039,problem2_retrain_v2/results/aligned/ablations/f1_gate_component_ablation_five_seeds
noQ,2027,TA,0.3,random,5027,A,reconstructed,0.9333061575889589,3.056293487548828,1.733206033706665,5039,problem2_retrain_v2/results/aligned/ablations/f1_gate_component_ablation_five_seeds
noQ,2027,TA,0.3,random,5027,A,observed_mean,0.4899943172931671,3.056293487548828,2.1079914569854736,5039,problem2_retrain_v2/results/aligned/ablations/f1_gate_component_ablation_five_seeds
noQ,2027,TA,0.3,random,5028,T,reconstructed,0.4150952994823456,14.287498474121094,5.898423194885254,5039,problem2_retrain_v2/results/aligned/ablations/f1_gate_component_ablation_five_seeds
noQ,2027,TA,0.3,random,5028,T,observed_mean,0.1067310497164726,14.287498474121094,13.94586181640625,5039,problem2_retrain_v2/results/aligned/ablations/f1_gate_component_ablation_five_seeds
noQ,2027,TA,0.3,random,5028,A,reconstructed,0.9306270480155944,3.083901882171631,1.7301075458526611,5039,problem2_retrain_v2/results/aligned/ablations/f1_gate_component_ablation_five_seeds
noQ,2027,TA,0.3,random,5028,A,observed_mean,0.4816006422042846,3.083901882171631,2.093461275100708,5039,problem2_retrain_v2/results/aligned/ablations/f1_gate_component_ablation_five_seeds
noQ,2027,TV,0.3,start,5026,T,reconstructed,0.4167993366718292,14.5076322555542,5.936330318450928,5035,problem2_retrain_v2/results/aligned/ablations/f1_gate_component_ablation_five_seeds
noQ,2027,TV,0.3,start,5026,T,observed_mean,0.1008554846048355,14.5076322555542,13.724983215332031,5035,problem2_retrain_v2/results/aligned/ablations/f1_gate_component_ablation_five_seeds
noQ,2027,TV,0.3,start,5026,V,reconstructed,0.8725289106369019,3.3258426189422607,3.1007742881774902,4768,problem2_retrain_v2/results/aligned/ablations/f1_gate_component_ablation_five_seeds
noQ,2027,TV,0.3,start,5026,V,observed_mean,0.2129289954900741,3.3258426189422607,2.993065357208252,4768,problem2_retrain_v2/results/aligned/ablations/f1_gate_component_ablation_five_seeds
noQ,2027,TV,0.3,middle,5026,T,reconstructed,0.4114602506160736,14.228737831115724,5.910031795501709,5036,problem2_retrain_v2/results/aligned/ablations/f1_gate_component_ablation_five_seeds
noQ,2027,TV,0.3,middle,5026,T,observed_mean,0.0998034998774528,14.228737831115724,13.89951992034912,5036,problem2_retrain_v2/results/aligned/ablations/f1_gate_component_ablation_five_seeds
noQ,2027,TV,0.3,middle,5026,V,reconstructed,0.8687819242477417,3.317756175994873,3.1450295448303223,4759,problem2_retrain_v2/results/aligned/ablations/f1_gate_component_ablation_five_seeds
noQ,2027,TV,0.3,middle,5026,V,observed_mean,0.1617664992809295,3.317756175994873,2.9748942852020264,4759,problem2_retrain_v2/results/aligned/ablations/f1_gate_component_ablation_five_seeds
noQ,2027,TV,0.3,end,5026,T,reconstructed,0.4204103648662567,14.459129333496094,5.8729248046875,5030,problem2_retrain_v2/results/aligned/ablations/f1_gate_component_ablation_five_seeds
noQ,2027,TV,0.3,end,5026,T,observed_mean,0.1215202286839485,14.459129333496094,13.227580070495604,5030,problem2_retrain_v2/results/aligned/ablations/f1_gate_component_ablation_five_seeds
noQ,2027,TV,0.3,end,5026,V,reconstructed,0.872416615486145,3.4472622871398926,3.1253345012664795,4663,problem2_retrain_v2/results/aligned/ablations/f1_gate_component_ablation_five_seeds
noQ,2027,TV,0.3,end,5026,V,observed_mean,0.2289801090955734,3.4472622871398926,2.9967994689941406,4663,problem2_retrain_v2/results/aligned/ablations/f1_gate_component_ablation_five_seeds
noQ,2027,TV,0.3,random,5026,T,reconstructed,0.4123710095882416,14.320326805114746,5.897222518920898,5039,problem2_retrain_v2/results/aligned/ablations/f1_gate_component_ablation_five_seeds
noQ,2027,TV,0.3,random,5026,T,observed_mean,0.1047752350568771,14.320326805114746,13.87510585784912,5039,problem2_retrain_v2/results/aligned/ablations/f1_gate_component_ablation_five_seeds
noQ,2027,TV,0.3,random,5026,V,reconstructed,0.8693025708198547,3.3897411823272705,3.1518890857696533,4743,problem2_retrain_v2/results/aligned/ablations/f1_gate_component_ablation_five_seeds
noQ,2027,TV,0.3,random,5026,V,observed_mean,0.1825535893440246,3.3897411823272705,2.9614782333374023,4743,problem2_retrain_v2/results/aligned/ablations/f1_gate_component_ablation_five_seeds
noQ,2027,TV,0.3,random,5027,T,reconstructed,0.4164318442344665,14.282670021057127,5.916104793548584,5038,problem2_retrain_v2/results/aligned/ablations/f1_gate_component_ablation_five_seeds
noQ,2027,TV,0.3,random,5027,T,observed_mean,0.1058526113629341,14.282670021057127,13.832451820373535,5038,problem2_retrain_v2/results/aligned/ablations/f1_gate_component_ablation_five_seeds
noQ,2027,TV,0.3,random,5027,V,reconstructed,0.871569812297821,3.326704502105713,3.150996208190918,4712,problem2_retrain_v2/results/aligned/ablations/f1_gate_component_ablation_five_seeds
noQ,2027,TV,0.3,random,5027,V,observed_mean,0.1842207610607147,3.326704502105713,2.985307216644287,4712,problem2_retrain_v2/results/aligned/ablations/f1_gate_component_ablation_five_seeds
noQ,2027,TV,0.3,random,5028,T,reconstructed,0.4134417176246643,14.29294204711914,5.935862064361572,5030,problem2_retrain_v2/results/aligned/ablations/f1_gate_component_ablation_five_seeds
noQ,2027,TV,0.3,random,5028,T,observed_mean,0.1066753193736076,14.29294204711914,13.95083713531494,5030,problem2_retrain_v2/results/aligned/ablations/f1_gate_component_ablation_five_seeds
noQ,2027,TV,0.3,random,5028,V,reconstructed,0.8671534657478333,3.3566808700561523,3.149964094161988,4710,problem2_retrain_v2/results/aligned/ablations/f1_gate_component_ablation_five_seeds
noQ,2027,TV,0.3,random,5028,V,observed_mean,0.1786135584115982,3.3566808700561523,2.970090627670288,4710,problem2_retrain_v2/results/aligned/ablations/f1_gate_component_ablation_five_seeds
noQ,2027,AV,0.3,start,5026,A,reconstructed,0.9470847845077516,3.1010870933532715,1.7269114255905151,5035,problem2_retrain_v2/results/aligned/ablations/f1_gate_component_ablation_five_seeds
noQ,2027,AV,0.3,start,5026,A,observed_mean,0.5141674876213074,3.1010870933532715,2.117466688156128,5035,problem2_retrain_v2/results/aligned/ablations/f1_gate_component_ablation_five_seeds
noQ,2027,AV,0.3,start,5026,V,reconstructed,0.8694586157798767,3.3258426189422607,3.2127764225006104,4768,problem2_retrain_v2/results/aligned/ablations/f1_gate_component_ablation_five_seeds
noQ,2027,AV,0.3,start,5026,V,observed_mean,0.2129289954900741,3.3258426189422607,2.993065357208252,4768,problem2_retrain_v2/results/aligned/ablations/f1_gate_component_ablation_five_seeds
noQ,2027,AV,0.3,middle,5026,A,reconstructed,0.9253034591674804,3.066816568374634,1.7354490756988523,5036,problem2_retrain_v2/results/aligned/ablations/f1_gate_component_ablation_five_seeds
noQ,2027,AV,0.3,middle,5026,A,observed_mean,0.4598773717880249,3.066816568374634,2.078563928604126,5036,problem2_retrain_v2/results/aligned/ablations/f1_gate_component_ablation_five_seeds
noQ,2027,AV,0.3,middle,5026,V,reconstructed,0.8694223761558533,3.317756175994873,3.207599401473999,4759,problem2_retrain_v2/results/aligned/ablations/f1_gate_component_ablation_five_seeds
noQ,2027,AV,0.3,middle,5026,V,observed_mean,0.1617664992809295,3.317756175994873,2.9748942852020264,4759,problem2_retrain_v2/results/aligned/ablations/f1_gate_component_ablation_five_seeds
noQ,2027,AV,0.3,end,5026,A,reconstructed,0.908731997013092,3.072937488555908,1.7414867877960205,5030,problem2_retrain_v2/results/aligned/ablations/f1_gate_component_ablation_five_seeds
noQ,2027,AV,0.3,end,5026,A,observed_mean,0.5500884652137756,3.072937488555908,2.1453096866607666,5030,problem2_retrain_v2/results/aligned/ablations/f1_gate_component_ablation_five_seeds
noQ,2027,AV,0.3,end,5026,V,reconstructed,0.8682780265808105,3.4472622871398926,3.209350109100342,4663,problem2_retrain_v2/results/aligned/ablations/f1_gate_component_ablation_five_seeds
noQ,2027,AV,0.3,end,5026,V,observed_mean,0.2289801090955734,3.4472622871398926,2.9967994689941406,4663,problem2_retrain_v2/results/aligned/ablations/f1_gate_component_ablation_five_seeds
noQ,2027,AV,0.3,random,5026,A,reconstructed,0.9240682721138,3.058617115020752,1.7367252111434937,5039,problem2_retrain_v2/results/aligned/ablations/f1_gate_component_ablation_five_seeds
noQ,2027,AV,0.3,random,5026,A,observed_mean,0.4871521592140198,3.058617115020752,2.1079630851745605,5039,problem2_retrain_v2/results/aligned/ablations/f1_gate_component_ablation_five_seeds
noQ,2027,AV,0.3,random,5026,V,reconstructed,0.8666712045669556,3.3897411823272705,3.2102181911468506,4743,problem2_retrain_v2/results/aligned/ablations/f1_gate_component_ablation_five_seeds
noQ,2027,AV,0.3,random,5026,V,observed_mean,0.1825535893440246,3.3897411823272705,2.9614782333374023,4743,problem2_retrain_v2/results/aligned/ablations/f1_gate_component_ablation_five_seeds
noQ,2027,AV,0.3,random,5027,A,reconstructed,0.9299979209899902,3.056032657623291,1.7372220754623413,5038,problem2_retrain_v2/results/aligned/ablations/f1_gate_component_ablation_five_seeds
noQ,2027,AV,0.3,random,5027,A,observed_mean,0.4900636076927185,3.056032657623291,2.1076250076293945,5038,problem2_retrain_v2/results/aligned/ablations/f1_gate_component_ablation_five_seeds
noQ,2027,AV,0.3,random,5027,V,reconstructed,0.86896151304245,3.326704502105713,3.212193489074707,4712,problem2_retrain_v2/results/aligned/ablations/f1_gate_component_ablation_five_seeds
noQ,2027,AV,0.3,random,5027,V,observed_mean,0.1842207610607147,3.326704502105713,2.985307216644287,4712,problem2_retrain_v2/results/aligned/ablations/f1_gate_component_ablation_five_seeds
noQ,2027,AV,0.3,random,5028,A,reconstructed,0.9270436763763428,3.083554983139038,1.734784483909607,5030,problem2_retrain_v2/results/aligned/ablations/f1_gate_component_ablation_five_seeds
noQ,2027,AV,0.3,random,5028,A,observed_mean,0.4817833602428436,3.083554983139038,2.0914182662963867,5030,problem2_retrain_v2/results/aligned/ablations/f1_gate_component_ablation_five_seeds
noQ,2027,AV,0.3,random,5028,V,reconstructed,0.8675366640090942,3.3566808700561523,3.21368670463562,4710,problem2_retrain_v2/results/aligned/ablations/f1_gate_component_ablation_five_seeds
noQ,2027,AV,0.3,random,5028,V,observed_mean,0.1786135584115982,3.3566808700561523,2.970090627670288,4710,problem2_retrain_v2/results/aligned/ablations/f1_gate_component_ablation_five_seeds
noQ,2027,TAV,0.3,start,5026,T,reconstructed,0.4160491228103637,14.5076322555542,5.928866386413574,5035,problem2_retrain_v2/results/aligned/ablations/f1_gate_component_ablation_five_seeds
noQ,2027,TAV,0.3,start,5026,T,observed_mean,0.1008554846048355,14.5076322555542,13.724983215332031,5035,problem2_retrain_v2/results/aligned/ablations/f1_gate_component_ablation_five_seeds
noQ,2027,TAV,0.3,start,5026,A,reconstructed,0.9464435577392578,3.1010870933532715,1.7343028783798218,5035,problem2_retrain_v2/results/aligned/ablations/f1_gate_component_ablation_five_seeds
noQ,2027,TAV,0.3,start,5026,A,observed_mean,0.5141674876213074,3.1010870933532715,2.117466688156128,5035,problem2_retrain_v2/results/aligned/ablations/f1_gate_component_ablation_five_seeds
noQ,2027,TAV,0.3,start,5026,V,reconstructed,0.8723415732383728,3.3258426189422607,3.1316213607788086,4768,problem2_retrain_v2/results/aligned/ablations/f1_gate_component_ablation_five_seeds
noQ,2027,TAV,0.3,start,5026,V,observed_mean,0.2129289954900741,3.3258426189422607,2.993065357208252,4768,problem2_retrain_v2/results/aligned/ablations/f1_gate_component_ablation_five_seeds
noQ,2027,TAV,0.3,middle,5026,T,reconstructed,0.410709410905838,14.228737831115724,5.904699325561523,5036,problem2_retrain_v2/results/aligned/ablations/f1_gate_component_ablation_five_seeds
noQ,2027,TAV,0.3,middle,5026,T,observed_mean,0.0998034998774528,14.228737831115724,13.89951992034912,5036,problem2_retrain_v2/results/aligned/ablations/f1_gate_component_ablation_five_seeds
noQ,2027,TAV,0.3,middle,5026,A,reconstructed,0.9251274466514589,3.066816568374634,1.7352957725524902,5036,problem2_retrain_v2/results/aligned/ablations/f1_gate_component_ablation_five_seeds
noQ,2027,TAV,0.3,middle,5026,A,observed_mean,0.4598773717880249,3.066816568374634,2.078563928604126,5036,problem2_retrain_v2/results/aligned/ablations/f1_gate_component_ablation_five_seeds
noQ,2027,TAV,0.3,middle,5026,V,reconstructed,0.8686007261276245,3.317756175994873,3.179218292236328,4759,problem2_retrain_v2/results/aligned/ablations/f1_gate_component_ablation_five_seeds
noQ,2027,TAV,0.3,middle,5026,V,observed_mean,0.1617664992809295,3.317756175994873,2.9748942852020264,4759,problem2_retrain_v2/results/aligned/ablations/f1_gate_component_ablation_five_seeds
noQ,2027,TAV,0.3,end,5026,T,reconstructed,0.4194953441619873,14.459129333496094,5.85636043548584,5030,problem2_retrain_v2/results/aligned/ablations/f1_gate_component_ablation_five_seeds
noQ,2027,TAV,0.3,end,5026,T,observed_mean,0.1215202286839485,14.459129333496094,13.227580070495604,5030,problem2_retrain_v2/results/aligned/ablations/f1_gate_component_ablation_five_seeds
noQ,2027,TAV,0.3,end,5026,A,reconstructed,0.91145122051239,3.072937488555908,1.7349454164505005,5030,problem2_retrain_v2/results/aligned/ablations/f1_gate_component_ablation_five_seeds
noQ,2027,TAV,0.3,end,5026,A,observed_mean,0.5500884652137756,3.072937488555908,2.1453096866607666,5030,problem2_retrain_v2/results/aligned/ablations/f1_gate_component_ablation_five_seeds
noQ,2027,TAV,0.3,end,5026,V,reconstructed,0.8724895119667053,3.4472622871398926,3.1584692001342773,4663,problem2_retrain_v2/results/aligned/ablations/f1_gate_component_ablation_five_seeds
noQ,2027,TAV,0.3,end,5026,V,observed_mean,0.2289801090955734,3.4472622871398926,2.9967994689941406,4663,problem2_retrain_v2/results/aligned/ablations/f1_gate_component_ablation_five_seeds
noQ,2027,TAV,0.3,random,5026,T,reconstructed,0.4114556014537811,14.320326805114746,5.888750553131104,5039,problem2_retrain_v2/results/aligned/ablations/f1_gate_component_ablation_five_seeds
noQ,2027,TAV,0.3,random,5026,T,observed_mean,0.1047752350568771,14.320326805114746,13.87510585784912,5039,problem2_retrain_v2/results/aligned/ablations/f1_gate_component_ablation_five_seeds
noQ,2027,TAV,0.3,random,5026,A,reconstructed,0.9253056645393372,3.058617115020752,1.7314130067825315,5039,problem2_retrain_v2/results/aligned/ablations/f1_gate_component_ablation_five_seeds
noQ,2027,TAV,0.3,random,5026,A,observed_mean,0.4871521592140198,3.058617115020752,2.1079630851745605,5039,problem2_retrain_v2/results/aligned/ablations/f1_gate_component_ablation_five_seeds
noQ,2027,TAV,0.3,random,5026,V,reconstructed,0.8690686821937561,3.3897411823272705,3.1857481002807617,4743,problem2_retrain_v2/results/aligned/ablations/f1_gate_component_ablation_five_seeds
noQ,2027,TAV,0.3,random,5026,V,observed_mean,0.1825535893440246,3.3897411823272705,2.9614782333374023,4743,problem2_retrain_v2/results/aligned/ablations/f1_gate_component_ablation_five_seeds
noQ,2027,TAV,0.3,random,5027,T,reconstructed,0.4155665934085846,14.282670021057127,5.904291152954102,5038,problem2_retrain_v2/results/aligned/ablations/f1_gate_component_ablation_five_seeds
noQ,2027,TAV,0.3,random,5027,T,observed_mean,0.1058526113629341,14.282670021057127,13.832451820373535,5038,problem2_retrain_v2/results/aligned/ablations/f1_gate_component_ablation_five_seeds
noQ,2027,TAV,0.3,random,5027,A,reconstructed,0.931792676448822,3.056032657623291,1.733591079711914,5038,problem2_retrain_v2/results/aligned/ablations/f1_gate_component_ablation_five_seeds
noQ,2027,TAV,0.3,random,5027,A,observed_mean,0.4900636076927185,3.056032657623291,2.1076250076293945,5038,problem2_retrain_v2/results/aligned/ablations/f1_gate_component_ablation_five_seeds
noQ,2027,TAV,0.3,random,5027,V,reconstructed,0.8715415000915527,3.326704502105713,3.183096647262573,4712,problem2_retrain_v2/results/aligned/ablations/f1_gate_component_ablation_five_seeds
noQ,2027,TAV,0.3,random,5027,V,observed_mean,0.1842207610607147,3.326704502105713,2.985307216644287,4712,problem2_retrain_v2/results/aligned/ablations/f1_gate_component_ablation_five_seeds
noQ,2027,TAV,0.3,random,5028,T,reconstructed,0.412651389837265,14.29294204711914,5.928470611572266,5030,problem2_retrain_v2/results/aligned/ablations/f1_gate_component_ablation_five_seeds
noQ,2027,TAV,0.3,random,5028,T,observed_mean,0.1066753193736076,14.29294204711914,13.95083713531494,5030,problem2_retrain_v2/results/aligned/ablations/f1_gate_component_ablation_five_seeds
noQ,2027,TAV,0.3,random,5028,A,reconstructed,0.9285573959350586,3.083554983139038,1.7299470901489258,5030,problem2_retrain_v2/results/aligned/ablations/f1_gate_component_ablation_five_seeds
noQ,2027,TAV,0.3,random,5028,A,observed_mean,0.4817833602428436,3.083554983139038,2.0914182662963867,5030,problem2_retrain_v2/results/aligned/ablations/f1_gate_component_ablation_five_seeds
noQ,2027,TAV,0.3,random,5028,V,reconstructed,0.8670287728309631,3.3566808700561523,3.183785915374756,4710,problem2_retrain_v2/results/aligned/ablations/f1_gate_component_ablation_five_seeds
noQ,2027,TAV,0.3,random,5028,V,observed_mean,0.1786135584115982,3.3566808700561523,2.970090627670288,4710,problem2_retrain_v2/results/aligned/ablations/f1_gate_component_ablation_five_seeds
noQ,2028,T,0.1,random,5026,T,reconstructed,0.6073983907699585,12.799272537231444,5.38401460647583,1711,problem2_retrain_v2/results/aligned/ablations/f1_gate_component_ablation_five_seeds
noQ,2028,T,0.1,random,5026,T,observed_mean,0.0654880329966545,12.799272537231444,12.399362564086914,1711,problem2_retrain_v2/results/aligned/ablations/f1_gate_component_ablation_five_seeds
noQ,2028,T,0.1,random,5027,T,reconstructed,0.6073006391525269,12.80062484741211,5.378990173339844,1711,problem2_retrain_v2/results/aligned/ablations/f1_gate_component_ablation_five_seeds
noQ,2028,T,0.1,random,5027,T,observed_mean,0.0723769068717956,12.80062484741211,12.36188793182373,1711,problem2_retrain_v2/results/aligned/ablations/f1_gate_component_ablation_five_seeds
noQ,2028,T,0.1,random,5028,T,reconstructed,0.6069020628929138,12.782766342163086,5.371488571166992,1711,problem2_retrain_v2/results/aligned/ablations/f1_gate_component_ablation_five_seeds
noQ,2028,T,0.1,random,5028,T,observed_mean,0.0730328261852264,12.782766342163086,12.333544731140137,1711,problem2_retrain_v2/results/aligned/ablations/f1_gate_component_ablation_five_seeds
noQ,2028,T,0.2,random,5026,T,reconstructed,0.6113945245742798,12.737056732177734,5.348190307617188,3400,problem2_retrain_v2/results/aligned/ablations/f1_gate_component_ablation_five_seeds
noQ,2028,T,0.2,random,5026,T,observed_mean,0.0826431289315223,12.737056732177734,12.395922660827637,3400,problem2_retrain_v2/results/aligned/ablations/f1_gate_component_ablation_five_seeds
noQ,2028,T,0.2,random,5027,T,reconstructed,0.6100077629089355,12.756318092346191,5.357231616973877,3400,problem2_retrain_v2/results/aligned/ablations/f1_gate_component_ablation_five_seeds
noQ,2028,T,0.2,random,5027,T,observed_mean,0.084698386490345,12.756318092346191,12.375539779663086,3400,problem2_retrain_v2/results/aligned/ablations/f1_gate_component_ablation_five_seeds
noQ,2028,T,0.2,random,5028,T,reconstructed,0.6096140146255493,12.740181922912598,5.348657131195068,3400,problem2_retrain_v2/results/aligned/ablations/f1_gate_component_ablation_five_seeds
noQ,2028,T,0.2,random,5028,T,observed_mean,0.0868161171674728,12.740181922912598,12.375123023986816,3400,problem2_retrain_v2/results/aligned/ablations/f1_gate_component_ablation_five_seeds
noQ,2028,T,0.3,start,5026,T,reconstructed,0.6102485656738281,13.034180641174316,5.239036083221436,5039,problem2_retrain_v2/results/aligned/ablations/f1_gate_component_ablation_five_seeds
noQ,2028,T,0.3,start,5026,T,observed_mean,0.095406673848629,13.034180641174316,12.249622344970703,5039,problem2_retrain_v2/results/aligned/ablations/f1_gate_component_ablation_five_seeds
noQ,2028,T,0.3,middle,5026,T,reconstructed,0.6121662855148315,12.655390739440918,5.300112247467041,5039,problem2_retrain_v2/results/aligned/ablations/f1_gate_component_ablation_five_seeds
noQ,2028,T,0.3,middle,5026,T,observed_mean,0.0938127636909484,12.655390739440918,12.403564453125,5039,problem2_retrain_v2/results/aligned/ablations/f1_gate_component_ablation_five_seeds
noQ,2028,T,0.3,end,5026,T,reconstructed,0.6227989792823792,12.779059410095217,5.26017427444458,5039,problem2_retrain_v2/results/aligned/ablations/f1_gate_component_ablation_five_seeds
noQ,2028,T,0.3,end,5026,T,observed_mean,0.1118150651454925,12.779059410095217,11.735443115234377,5039,problem2_retrain_v2/results/aligned/ablations/f1_gate_component_ablation_five_seeds
noQ,2028,T,0.3,random,5026,T,reconstructed,0.6142516732215881,12.74222469329834,5.285836696624756,5039,problem2_retrain_v2/results/aligned/ablations/f1_gate_component_ablation_five_seeds
noQ,2028,T,0.3,random,5026,T,observed_mean,0.0973594859242439,12.74222469329834,12.36445426940918,5039,problem2_retrain_v2/results/aligned/ablations/f1_gate_component_ablation_five_seeds
noQ,2028,T,0.3,random,5027,T,reconstructed,0.61301589012146,12.730673789978027,5.299476623535156,5039,problem2_retrain_v2/results/aligned/ablations/f1_gate_component_ablation_five_seeds
noQ,2028,T,0.3,random,5027,T,observed_mean,0.0979309231042862,12.730673789978027,12.329809188842772,5039,problem2_retrain_v2/results/aligned/ablations/f1_gate_component_ablation_five_seeds
noQ,2028,T,0.3,random,5028,T,reconstructed,0.6134397983551025,12.717890739440918,5.293000221252441,5039,problem2_retrain_v2/results/aligned/ablations/f1_gate_component_ablation_five_seeds
noQ,2028,T,0.3,random,5028,T,observed_mean,0.1004351451992988,12.717890739440918,12.40021514892578,5039,problem2_retrain_v2/results/aligned/ablations/f1_gate_component_ablation_five_seeds
noQ,2028,T,0.4,random,5026,T,reconstructed,0.6195289492607117,12.733427047729492,5.217630386352539,6740,problem2_retrain_v2/results/aligned/ablations/f1_gate_component_ablation_five_seeds
noQ,2028,T,0.4,random,5026,T,observed_mean,0.1152882128953933,12.733427047729492,12.32364273071289,6740,problem2_retrain_v2/results/aligned/ablations/f1_gate_component_ablation_five_seeds
noQ,2028,T,0.4,random,5027,T,reconstructed,0.6192400455474854,12.713226318359377,5.204753398895264,6740,problem2_retrain_v2/results/aligned/ablations/f1_gate_component_ablation_five_seeds
noQ,2028,T,0.4,random,5027,T,observed_mean,0.1185734421014785,12.713226318359377,12.310153007507324,6740,problem2_retrain_v2/results/aligned/ablations/f1_gate_component_ablation_five_seeds
noQ,2028,T,0.4,random,5028,T,reconstructed,0.6182277202606201,12.70946979522705,5.21596097946167,6740,problem2_retrain_v2/results/aligned/ablations/f1_gate_component_ablation_five_seeds
noQ,2028,T,0.4,random,5028,T,observed_mean,0.1162112802267074,12.70946979522705,12.41526699066162,6740,problem2_retrain_v2/results/aligned/ablations/f1_gate_component_ablation_five_seeds
noQ,2028,T,0.5,random,5026,T,reconstructed,0.6254398226737976,12.737488746643066,5.099153995513916,8415,problem2_retrain_v2/results/aligned/ablations/f1_gate_component_ablation_five_seeds
noQ,2028,T,0.5,random,5026,T,observed_mean,0.1340245753526687,12.737488746643066,12.245767593383787,8415,problem2_retrain_v2/results/aligned/ablations/f1_gate_component_ablation_five_seeds
noQ,2028,T,0.5,random,5027,T,reconstructed,0.6248261332511902,12.712709426879885,5.088247299194336,8415,problem2_retrain_v2/results/aligned/ablations/f1_gate_component_ablation_five_seeds
noQ,2028,T,0.5,random,5027,T,observed_mean,0.1384949386119842,12.712709426879885,12.216877937316896,8415,problem2_retrain_v2/results/aligned/ablations/f1_gate_component_ablation_five_seeds
noQ,2028,T,0.5,random,5028,T,reconstructed,0.6258144378662109,12.70761775970459,5.106401443481445,8415,problem2_retrain_v2/results/aligned/ablations/f1_gate_component_ablation_five_seeds
noQ,2028,T,0.5,random,5028,T,observed_mean,0.1359731554985046,12.70761775970459,12.330540657043455,8415,problem2_retrain_v2/results/aligned/ablations/f1_gate_component_ablation_five_seeds
noQ,2028,A,0.1,random,5026,A,reconstructed,0.9396154880523682,3.0641746520996094,1.6801830530166626,1711,problem2_retrain_v2/results/aligned/ablations/f1_gate_component_ablation_five_seeds
noQ,2028,A,0.1,random,5026,A,observed_mean,0.4382709562778473,3.0641746520996094,2.0354411602020264,1711,problem2_retrain_v2/results/aligned/ablations/f1_gate_component_ablation_five_seeds
noQ,2028,A,0.1,random,5027,A,reconstructed,0.9386054277420044,3.0669283866882324,1.6800925731658936,1711,problem2_retrain_v2/results/aligned/ablations/f1_gate_component_ablation_five_seeds
noQ,2028,A,0.1,random,5027,A,observed_mean,0.4399845600128174,3.0669283866882324,2.037278175354004,1711,problem2_retrain_v2/results/aligned/ablations/f1_gate_component_ablation_five_seeds
noQ,2028,A,0.1,random,5028,A,reconstructed,0.9333290457725524,3.0142135620117188,1.6806546449661257,1711,problem2_retrain_v2/results/aligned/ablations/f1_gate_component_ablation_five_seeds
noQ,2028,A,0.1,random,5028,A,observed_mean,0.4321017861366272,3.0142135620117188,2.038594007492065,1711,problem2_retrain_v2/results/aligned/ablations/f1_gate_component_ablation_five_seeds
noQ,2028,A,0.2,random,5026,A,reconstructed,0.9381142854690552,3.0443003177642822,1.6807307004928589,3400,problem2_retrain_v2/results/aligned/ablations/f1_gate_component_ablation_five_seeds
noQ,2028,A,0.2,random,5026,A,observed_mean,0.4681185781955719,3.0443003177642822,2.0405845642089844,3400,problem2_retrain_v2/results/aligned/ablations/f1_gate_component_ablation_five_seeds
noQ,2028,A,0.2,random,5027,A,reconstructed,0.9383991360664368,3.040605068206787,1.6807454824447632,3400,problem2_retrain_v2/results/aligned/ablations/f1_gate_component_ablation_five_seeds
noQ,2028,A,0.2,random,5027,A,observed_mean,0.473040759563446,3.040605068206787,2.043402194976806,3400,problem2_retrain_v2/results/aligned/ablations/f1_gate_component_ablation_five_seeds
noQ,2028,A,0.2,random,5028,A,reconstructed,0.9328582286834716,3.058976888656616,1.679776668548584,3400,problem2_retrain_v2/results/aligned/ablations/f1_gate_component_ablation_five_seeds
noQ,2028,A,0.2,random,5028,A,observed_mean,0.4619679152965545,3.058976888656616,2.032320737838745,3400,problem2_retrain_v2/results/aligned/ablations/f1_gate_component_ablation_five_seeds
noQ,2028,A,0.3,start,5026,A,reconstructed,0.9378077387809752,3.077772617340088,1.679620623588562,5039,problem2_retrain_v2/results/aligned/ablations/f1_gate_component_ablation_five_seeds
noQ,2028,A,0.3,start,5026,A,observed_mean,0.5173279047012329,3.077772617340088,2.094998598098755,5039,problem2_retrain_v2/results/aligned/ablations/f1_gate_component_ablation_five_seeds
noQ,2028,A,0.3,middle,5026,A,reconstructed,0.933705747127533,3.0456504821777344,1.6791917085647583,5039,problem2_retrain_v2/results/aligned/ablations/f1_gate_component_ablation_five_seeds
noQ,2028,A,0.3,middle,5026,A,observed_mean,0.4621925055980682,3.0456504821777344,2.0563342571258545,5039,problem2_retrain_v2/results/aligned/ablations/f1_gate_component_ablation_five_seeds
noQ,2028,A,0.3,end,5026,A,reconstructed,0.9324755072593688,3.047550678253174,1.678384780883789,5039,problem2_retrain_v2/results/aligned/ablations/f1_gate_component_ablation_five_seeds
noQ,2028,A,0.3,end,5026,A,observed_mean,0.5531169176101685,3.047550678253174,2.124130249023437,5039,problem2_retrain_v2/results/aligned/ablations/f1_gate_component_ablation_five_seeds
noQ,2028,A,0.3,random,5026,A,reconstructed,0.9368910789489746,3.0351667404174805,1.6804720163345337,5039,problem2_retrain_v2/results/aligned/ablations/f1_gate_component_ablation_five_seeds
noQ,2028,A,0.3,random,5026,A,observed_mean,0.490215539932251,3.0351667404174805,2.0855844020843506,5039,problem2_retrain_v2/results/aligned/ablations/f1_gate_component_ablation_five_seeds
noQ,2028,A,0.3,random,5027,A,reconstructed,0.9366915822029114,3.033923864364624,1.6801563501358032,5039,problem2_retrain_v2/results/aligned/ablations/f1_gate_component_ablation_five_seeds
noQ,2028,A,0.3,random,5027,A,observed_mean,0.4927642047405243,3.033923864364624,2.0848238468170166,5039,problem2_retrain_v2/results/aligned/ablations/f1_gate_component_ablation_five_seeds
noQ,2028,A,0.3,random,5028,A,reconstructed,0.9335716366767884,3.0614430904388428,1.6792802810668943,5039,problem2_retrain_v2/results/aligned/ablations/f1_gate_component_ablation_five_seeds
noQ,2028,A,0.3,random,5028,A,observed_mean,0.4846904575824737,3.0614430904388428,2.070678234100342,5039,problem2_retrain_v2/results/aligned/ablations/f1_gate_component_ablation_five_seeds
noQ,2028,A,0.4,random,5026,A,reconstructed,0.9354328513145448,3.027760982513428,1.680699586868286,6740,problem2_retrain_v2/results/aligned/ablations/f1_gate_component_ablation_five_seeds
noQ,2028,A,0.4,random,5026,A,observed_mean,0.5068793296813965,3.027760982513428,2.1227285861968994,6740,problem2_retrain_v2/results/aligned/ablations/f1_gate_component_ablation_five_seeds
noQ,2028,A,0.4,random,5027,A,reconstructed,0.9348000288009644,3.032271146774292,1.6802774667739868,6740,problem2_retrain_v2/results/aligned/ablations/f1_gate_component_ablation_five_seeds
noQ,2028,A,0.4,random,5027,A,observed_mean,0.5066594481468201,3.032271146774292,2.121325969696045,6740,problem2_retrain_v2/results/aligned/ablations/f1_gate_component_ablation_five_seeds
noQ,2028,A,0.4,random,5028,A,reconstructed,0.9320648908615112,3.0627808570861816,1.6791870594024658,6740,problem2_retrain_v2/results/aligned/ablations/f1_gate_component_ablation_five_seeds
noQ,2028,A,0.4,random,5028,A,observed_mean,0.5024257302284241,3.0627808570861816,2.0989129543304443,6740,problem2_retrain_v2/results/aligned/ablations/f1_gate_component_ablation_five_seeds
noQ,2028,A,0.5,random,5026,A,reconstructed,0.9337183237075806,3.030134677886963,1.6808449029922483,8415,problem2_retrain_v2/results/aligned/ablations/f1_gate_component_ablation_five_seeds
noQ,2028,A,0.5,random,5026,A,observed_mean,0.520607590675354,3.030134677886963,2.168388605117798,8415,problem2_retrain_v2/results/aligned/ablations/f1_gate_component_ablation_five_seeds
noQ,2028,A,0.5,random,5027,A,reconstructed,0.933247685432434,3.0528247356414795,1.6798595190048218,8415,problem2_retrain_v2/results/aligned/ablations/f1_gate_component_ablation_five_seeds
noQ,2028,A,0.5,random,5027,A,observed_mean,0.5196037292480469,3.0528247356414795,2.153358221054077,8415,problem2_retrain_v2/results/aligned/ablations/f1_gate_component_ablation_five_seeds
noQ,2028,A,0.5,random,5028,A,reconstructed,0.9318395256996156,3.054386615753174,1.6789792776107788,8415,problem2_retrain_v2/results/aligned/ablations/f1_gate_component_ablation_five_seeds
noQ,2028,A,0.5,random,5028,A,observed_mean,0.5204581618309021,3.054386615753174,2.1438231468200684,8415,problem2_retrain_v2/results/aligned/ablations/f1_gate_component_ablation_five_seeds
noQ,2028,V,0.1,random,5026,V,reconstructed,0.8543634414672852,3.389258861541748,2.439521074295044,1604,problem2_retrain_v2/results/aligned/ablations/f1_gate_component_ablation_five_seeds
noQ,2028,V,0.1,random,5026,V,observed_mean,0.1570822149515152,3.389258861541748,2.932478427886963,1604,problem2_retrain_v2/results/aligned/ablations/f1_gate_component_ablation_five_seeds
noQ,2028,V,0.1,random,5027,V,reconstructed,0.8574671149253845,3.292900562286377,2.437537908554077,1595,problem2_retrain_v2/results/aligned/ablations/f1_gate_component_ablation_five_seeds
noQ,2028,V,0.1,random,5027,V,observed_mean,0.1562779694795608,3.292900562286377,2.956437349319458,1595,problem2_retrain_v2/results/aligned/ablations/f1_gate_component_ablation_five_seeds
noQ,2028,V,0.1,random,5028,V,reconstructed,0.8545157313346863,3.368402004241944,2.442002058029175,1588,problem2_retrain_v2/results/aligned/ablations/f1_gate_component_ablation_five_seeds
noQ,2028,V,0.1,random,5028,V,observed_mean,0.1526575833559036,3.368402004241944,2.9476330280303955,1588,problem2_retrain_v2/results/aligned/ablations/f1_gate_component_ablation_five_seeds
noQ,2028,V,0.2,random,5026,V,reconstructed,0.854154646396637,3.384124755859375,2.4498283863067627,3194,problem2_retrain_v2/results/aligned/ablations/f1_gate_component_ablation_five_seeds
noQ,2028,V,0.2,random,5026,V,observed_mean,0.1710779815912246,3.384124755859375,2.9429659843444824,3194,problem2_retrain_v2/results/aligned/ablations/f1_gate_component_ablation_five_seeds
noQ,2028,V,0.2,random,5027,V,reconstructed,0.856869637966156,3.308902740478516,2.449440717697144,3180,problem2_retrain_v2/results/aligned/ablations/f1_gate_component_ablation_five_seeds
noQ,2028,V,0.2,random,5027,V,observed_mean,0.1713539212942123,3.308902740478516,2.96163010597229,3180,problem2_retrain_v2/results/aligned/ablations/f1_gate_component_ablation_five_seeds
noQ,2028,V,0.2,random,5028,V,reconstructed,0.8535081744194031,3.3675577640533447,2.450603008270264,3176,problem2_retrain_v2/results/aligned/ablations/f1_gate_component_ablation_five_seeds
noQ,2028,V,0.2,random,5028,V,observed_mean,0.1692588627338409,3.3675577640533447,2.950897693634033,3176,problem2_retrain_v2/results/aligned/ablations/f1_gate_component_ablation_five_seeds
noQ,2028,V,0.3,start,5026,V,reconstructed,0.8543158173561096,3.316200256347656,2.44978141784668,4768,problem2_retrain_v2/results/aligned/ablations/f1_gate_component_ablation_five_seeds
noQ,2028,V,0.3,start,5026,V,observed_mean,0.2120956778526306,3.316200256347656,2.9847970008850098,4768,problem2_retrain_v2/results/aligned/ablations/f1_gate_component_ablation_five_seeds
noQ,2028,V,0.3,middle,5026,V,reconstructed,0.8556585907936096,3.3078770637512207,2.4553709030151367,4759,problem2_retrain_v2/results/aligned/ablations/f1_gate_component_ablation_five_seeds
noQ,2028,V,0.3,middle,5026,V,observed_mean,0.1607516407966613,3.3078770637512207,2.9663336277008057,4759,problem2_retrain_v2/results/aligned/ablations/f1_gate_component_ablation_five_seeds
noQ,2028,V,0.3,end,5026,V,reconstructed,0.8542157411575317,3.4357051849365234,2.4483566284179688,4663,problem2_retrain_v2/results/aligned/ablations/f1_gate_component_ablation_five_seeds
noQ,2028,V,0.3,end,5026,V,observed_mean,0.2280824035406112,3.4357051849365234,2.9890129566192627,4663,problem2_retrain_v2/results/aligned/ablations/f1_gate_component_ablation_five_seeds
noQ,2028,V,0.3,random,5026,V,reconstructed,0.854434609413147,3.3778316974639893,2.4563467502593994,4743,problem2_retrain_v2/results/aligned/ablations/f1_gate_component_ablation_five_seeds
noQ,2028,V,0.3,random,5026,V,observed_mean,0.1817461848258972,3.3778316974639893,2.9541726112365723,4743,problem2_retrain_v2/results/aligned/ablations/f1_gate_component_ablation_five_seeds
noQ,2028,V,0.3,random,5027,V,reconstructed,0.8557231426239014,3.3172128200531006,2.4552547931671143,4712,problem2_retrain_v2/results/aligned/ablations/f1_gate_component_ablation_five_seeds
noQ,2028,V,0.3,random,5027,V,observed_mean,0.1832578778266906,3.3172128200531006,2.9767322540283203,4712,problem2_retrain_v2/results/aligned/ablations/f1_gate_component_ablation_five_seeds
noQ,2028,V,0.3,random,5028,V,reconstructed,0.8538559079170227,3.3459277153015137,2.455877780914306,4710,problem2_retrain_v2/results/aligned/ablations/f1_gate_component_ablation_five_seeds
noQ,2028,V,0.3,random,5028,V,observed_mean,0.1777959316968917,3.3459277153015137,2.962221145629883,4710,problem2_retrain_v2/results/aligned/ablations/f1_gate_component_ablation_five_seeds
noQ,2028,V,0.4,random,5026,V,reconstructed,0.8542628288269043,3.357926607131958,2.4631354808807373,6357,problem2_retrain_v2/results/aligned/ablations/f1_gate_component_ablation_five_seeds
noQ,2028,V,0.4,random,5026,V,observed_mean,0.1920891106128692,3.357926607131958,2.975935697555542,6357,problem2_retrain_v2/results/aligned/ablations/f1_gate_component_ablation_five_seeds
noQ,2028,V,0.4,random,5027,V,reconstructed,0.8545852303504944,3.317528247833252,2.462477922439575,6308,problem2_retrain_v2/results/aligned/ablations/f1_gate_component_ablation_five_seeds
noQ,2028,V,0.4,random,5027,V,observed_mean,0.1943706572055816,3.317528247833252,2.998384952545166,6308,problem2_retrain_v2/results/aligned/ablations/f1_gate_component_ablation_five_seeds
noQ,2028,V,0.4,random,5028,V,reconstructed,0.8537396192550659,3.347696542739868,2.4639711380004883,6306,problem2_retrain_v2/results/aligned/ablations/f1_gate_component_ablation_five_seeds
noQ,2028,V,0.4,random,5028,V,observed_mean,0.1900920122861862,3.347696542739868,2.980395555496216,6306,problem2_retrain_v2/results/aligned/ablations/f1_gate_component_ablation_five_seeds
noQ,2028,V,0.5,random,5026,V,reconstructed,0.8541370034217834,3.338842391967773,2.4679934978485107,7939,problem2_retrain_v2/results/aligned/ablations/f1_gate_component_ablation_five_seeds
noQ,2028,V,0.5,random,5026,V,observed_mean,0.201518714427948,3.338842391967773,3.008991003036499,7939,problem2_retrain_v2/results/aligned/ablations/f1_gate_component_ablation_five_seeds
noQ,2028,V,0.5,random,5027,V,reconstructed,0.854414165019989,3.318427801132202,2.467915296554565,7888,problem2_retrain_v2/results/aligned/ablations/f1_gate_component_ablation_five_seeds
noQ,2028,V,0.5,random,5027,V,observed_mean,0.2029589712619781,3.318427801132202,3.022090435028076,7888,problem2_retrain_v2/results/aligned/ablations/f1_gate_component_ablation_five_seeds
noQ,2028,V,0.5,random,5028,V,reconstructed,0.8539878726005554,3.333163022994995,2.468466520309448,7893,problem2_retrain_v2/results/aligned/ablations/f1_gate_component_ablation_five_seeds
noQ,2028,V,0.5,random,5028,V,observed_mean,0.2007910907268524,3.333163022994995,3.0143892765045166,7893,problem2_retrain_v2/results/aligned/ablations/f1_gate_component_ablation_five_seeds
noQ,2028,TA,0.3,start,5026,T,reconstructed,0.6096299290657043,13.034180641174316,5.232341766357422,5039,problem2_retrain_v2/results/aligned/ablations/f1_gate_component_ablation_five_seeds
noQ,2028,TA,0.3,start,5026,T,observed_mean,0.095406673848629,13.034180641174316,12.249622344970703,5039,problem2_retrain_v2/results/aligned/ablations/f1_gate_component_ablation_five_seeds
noQ,2028,TA,0.3,start,5026,A,reconstructed,0.9375845789909364,3.077772617340088,1.689253568649292,5039,problem2_retrain_v2/results/aligned/ablations/f1_gate_component_ablation_five_seeds
noQ,2028,TA,0.3,start,5026,A,observed_mean,0.5173279047012329,3.077772617340088,2.094998598098755,5039,problem2_retrain_v2/results/aligned/ablations/f1_gate_component_ablation_five_seeds
noQ,2028,TA,0.3,middle,5026,T,reconstructed,0.6115624308586121,12.655390739440918,5.304496765136719,5039,problem2_retrain_v2/results/aligned/ablations/f1_gate_component_ablation_five_seeds
noQ,2028,TA,0.3,middle,5026,T,observed_mean,0.0938127636909484,12.655390739440918,12.403564453125,5039,problem2_retrain_v2/results/aligned/ablations/f1_gate_component_ablation_five_seeds
noQ,2028,TA,0.3,middle,5026,A,reconstructed,0.9351993203163148,3.0456504821777344,1.674411058425903,5039,problem2_retrain_v2/results/aligned/ablations/f1_gate_component_ablation_five_seeds
noQ,2028,TA,0.3,middle,5026,A,observed_mean,0.4621925055980682,3.0456504821777344,2.0563342571258545,5039,problem2_retrain_v2/results/aligned/ablations/f1_gate_component_ablation_five_seeds
noQ,2028,TA,0.3,end,5026,T,reconstructed,0.6220194101333618,12.779059410095217,5.262758731842041,5039,problem2_retrain_v2/results/aligned/ablations/f1_gate_component_ablation_five_seeds
noQ,2028,TA,0.3,end,5026,T,observed_mean,0.1118150651454925,12.779059410095217,11.735443115234377,5039,problem2_retrain_v2/results/aligned/ablations/f1_gate_component_ablation_five_seeds
noQ,2028,TA,0.3,end,5026,A,reconstructed,0.9377103447914124,3.047550678253174,1.669276475906372,5039,problem2_retrain_v2/results/aligned/ablations/f1_gate_component_ablation_five_seeds
noQ,2028,TA,0.3,end,5026,A,observed_mean,0.5531169176101685,3.047550678253174,2.124130249023437,5039,problem2_retrain_v2/results/aligned/ablations/f1_gate_component_ablation_five_seeds
noQ,2028,TA,0.3,random,5026,T,reconstructed,0.6136691570281982,12.74222469329834,5.285621643066406,5039,problem2_retrain_v2/results/aligned/ablations/f1_gate_component_ablation_five_seeds
noQ,2028,TA,0.3,random,5026,T,observed_mean,0.0973594859242439,12.74222469329834,12.36445426940918,5039,problem2_retrain_v2/results/aligned/ablations/f1_gate_component_ablation_five_seeds
noQ,2028,TA,0.3,random,5026,A,reconstructed,0.9401445984840392,3.0351667404174805,1.682181715965271,5039,problem2_retrain_v2/results/aligned/ablations/f1_gate_component_ablation_five_seeds
noQ,2028,TA,0.3,random,5026,A,observed_mean,0.490215539932251,3.0351667404174805,2.0855844020843506,5039,problem2_retrain_v2/results/aligned/ablations/f1_gate_component_ablation_five_seeds
noQ,2028,TA,0.3,random,5027,T,reconstructed,0.6126987934112549,12.730673789978027,5.296269416809082,5039,problem2_retrain_v2/results/aligned/ablations/f1_gate_component_ablation_five_seeds
noQ,2028,TA,0.3,random,5027,T,observed_mean,0.0979309231042862,12.730673789978027,12.329809188842772,5039,problem2_retrain_v2/results/aligned/ablations/f1_gate_component_ablation_five_seeds
noQ,2028,TA,0.3,random,5027,A,reconstructed,0.940198004245758,3.033923864364624,1.6758192777633667,5039,problem2_retrain_v2/results/aligned/ablations/f1_gate_component_ablation_five_seeds
noQ,2028,TA,0.3,random,5027,A,observed_mean,0.4927642047405243,3.033923864364624,2.0848238468170166,5039,problem2_retrain_v2/results/aligned/ablations/f1_gate_component_ablation_five_seeds
noQ,2028,TA,0.3,random,5028,T,reconstructed,0.612764835357666,12.717890739440918,5.296054840087891,5039,problem2_retrain_v2/results/aligned/ablations/f1_gate_component_ablation_five_seeds
noQ,2028,TA,0.3,random,5028,T,observed_mean,0.1004351451992988,12.717890739440918,12.40021514892578,5039,problem2_retrain_v2/results/aligned/ablations/f1_gate_component_ablation_five_seeds
noQ,2028,TA,0.3,random,5028,A,reconstructed,0.9369527101516724,3.0614430904388428,1.6818413734436035,5039,problem2_retrain_v2/results/aligned/ablations/f1_gate_component_ablation_five_seeds
noQ,2028,TA,0.3,random,5028,A,observed_mean,0.4846904575824737,3.0614430904388428,2.070678234100342,5039,problem2_retrain_v2/results/aligned/ablations/f1_gate_component_ablation_five_seeds
noQ,2028,TV,0.3,start,5026,T,reconstructed,0.6079869270324707,13.036419868469238,5.2913007736206055,5035,problem2_retrain_v2/results/aligned/ablations/f1_gate_component_ablation_five_seeds
noQ,2028,TV,0.3,start,5026,T,observed_mean,0.0954266637563705,13.036419868469238,12.251424789428713,5035,problem2_retrain_v2/results/aligned/ablations/f1_gate_component_ablation_five_seeds
noQ,2028,TV,0.3,start,5026,V,reconstructed,0.8566395044326782,3.316200256347656,2.404782295227051,4768,problem2_retrain_v2/results/aligned/ablations/f1_gate_component_ablation_five_seeds
noQ,2028,TV,0.3,start,5026,V,observed_mean,0.2120956778526306,3.316200256347656,2.9847970008850098,4768,problem2_retrain_v2/results/aligned/ablations/f1_gate_component_ablation_five_seeds
noQ,2028,TV,0.3,middle,5026,T,reconstructed,0.6099963784217834,12.658140182495115,5.359346866607666,5036,problem2_retrain_v2/results/aligned/ablations/f1_gate_component_ablation_five_seeds
noQ,2028,TV,0.3,middle,5026,T,observed_mean,0.0937875360250473,12.658140182495115,12.40523910522461,5036,problem2_retrain_v2/results/aligned/ablations/f1_gate_component_ablation_five_seeds
noQ,2028,TV,0.3,middle,5026,V,reconstructed,0.8589687943458557,3.3078770637512207,2.431901693344116,4759,problem2_retrain_v2/results/aligned/ablations/f1_gate_component_ablation_five_seeds
noQ,2028,TV,0.3,middle,5026,V,observed_mean,0.1607516407966613,3.3078770637512207,2.9663336277008057,4759,problem2_retrain_v2/results/aligned/ablations/f1_gate_component_ablation_five_seeds
noQ,2028,TV,0.3,end,5026,T,reconstructed,0.6204750537872314,12.78342056274414,5.309916019439697,5030,problem2_retrain_v2/results/aligned/ablations/f1_gate_component_ablation_five_seeds
noQ,2028,TV,0.3,end,5026,T,observed_mean,0.1118703186511993,12.78342056274414,11.736708641052246,5030,problem2_retrain_v2/results/aligned/ablations/f1_gate_component_ablation_five_seeds
noQ,2028,TV,0.3,end,5026,V,reconstructed,0.8594823479652405,3.4357051849365234,2.431549072265625,4663,problem2_retrain_v2/results/aligned/ablations/f1_gate_component_ablation_five_seeds
noQ,2028,TV,0.3,end,5026,V,observed_mean,0.2280824035406112,3.4357051849365234,2.9890129566192627,4663,problem2_retrain_v2/results/aligned/ablations/f1_gate_component_ablation_five_seeds
noQ,2028,TV,0.3,random,5026,T,reconstructed,0.612001895904541,12.74222469329834,5.344782829284668,5039,problem2_retrain_v2/results/aligned/ablations/f1_gate_component_ablation_five_seeds
noQ,2028,TV,0.3,random,5026,T,observed_mean,0.0973594859242439,12.74222469329834,12.36445426940918,5039,problem2_retrain_v2/results/aligned/ablations/f1_gate_component_ablation_five_seeds
noQ,2028,TV,0.3,random,5026,V,reconstructed,0.8588379621505737,3.3778316974639893,2.448192358016968,4743,problem2_retrain_v2/results/aligned/ablations/f1_gate_component_ablation_five_seeds
noQ,2028,TV,0.3,random,5026,V,observed_mean,0.1817461848258972,3.3778316974639893,2.9541726112365723,4743,problem2_retrain_v2/results/aligned/ablations/f1_gate_component_ablation_five_seeds
noQ,2028,TV,0.3,random,5027,T,reconstructed,0.6108338236808777,12.731619834899902,5.359467506408691,5038,problem2_retrain_v2/results/aligned/ablations/f1_gate_component_ablation_five_seeds
noQ,2028,TV,0.3,random,5027,T,observed_mean,0.0979353263974189,12.731619834899902,12.330862045288086,5038,problem2_retrain_v2/results/aligned/ablations/f1_gate_component_ablation_five_seeds
noQ,2028,TV,0.3,random,5027,V,reconstructed,0.8589962124824524,3.3172128200531006,2.437098979949951,4712,problem2_retrain_v2/results/aligned/ablations/f1_gate_component_ablation_five_seeds
noQ,2028,TV,0.3,random,5027,V,observed_mean,0.1832578778266906,3.3172128200531006,2.9767322540283203,4712,problem2_retrain_v2/results/aligned/ablations/f1_gate_component_ablation_five_seeds
noQ,2028,TV,0.3,random,5028,T,reconstructed,0.6111745834350586,12.723248481750488,5.3505473136901855,5030,problem2_retrain_v2/results/aligned/ablations/f1_gate_component_ablation_five_seeds
noQ,2028,TV,0.3,random,5028,T,observed_mean,0.1003602966666221,12.723248481750488,12.405113220214844,5030,problem2_retrain_v2/results/aligned/ablations/f1_gate_component_ablation_five_seeds
noQ,2028,TV,0.3,random,5028,V,reconstructed,0.8583219051361084,3.3459277153015137,2.4388623237609863,4710,problem2_retrain_v2/results/aligned/ablations/f1_gate_component_ablation_five_seeds
noQ,2028,TV,0.3,random,5028,V,observed_mean,0.1777959316968917,3.3459277153015137,2.962221145629883,4710,problem2_retrain_v2/results/aligned/ablations/f1_gate_component_ablation_five_seeds
noQ,2028,AV,0.3,start,5026,A,reconstructed,0.9370916485786438,3.0780882835388184,1.6827434301376345,5035,problem2_retrain_v2/results/aligned/ablations/f1_gate_component_ablation_five_seeds
noQ,2028,AV,0.3,start,5026,A,observed_mean,0.5172678828239441,3.0780882835388184,2.0948805809021,5035,problem2_retrain_v2/results/aligned/ablations/f1_gate_component_ablation_five_seeds
noQ,2028,AV,0.3,start,5026,V,reconstructed,0.8537532091140747,3.316200256347656,2.4546239376068115,4768,problem2_retrain_v2/results/aligned/ablations/f1_gate_component_ablation_five_seeds
noQ,2028,AV,0.3,start,5026,V,observed_mean,0.2120956778526306,3.316200256347656,2.9847970008850098,4768,problem2_retrain_v2/results/aligned/ablations/f1_gate_component_ablation_five_seeds
noQ,2028,AV,0.3,middle,5026,A,reconstructed,0.933502197265625,3.045103073120117,1.682237148284912,5036,problem2_retrain_v2/results/aligned/ablations/f1_gate_component_ablation_five_seeds
noQ,2028,AV,0.3,middle,5026,A,observed_mean,0.4623677432537079,3.045103073120117,2.0552666187286377,5036,problem2_retrain_v2/results/aligned/ablations/f1_gate_component_ablation_five_seeds
noQ,2028,AV,0.3,middle,5026,V,reconstructed,0.8554405570030212,3.3078770637512207,2.4588654041290283,4759,problem2_retrain_v2/results/aligned/ablations/f1_gate_component_ablation_five_seeds
noQ,2028,AV,0.3,middle,5026,V,observed_mean,0.1607516407966613,3.3078770637512207,2.9663336277008057,4759,problem2_retrain_v2/results/aligned/ablations/f1_gate_component_ablation_five_seeds
noQ,2028,AV,0.3,end,5026,A,reconstructed,0.932050347328186,3.047663450241089,1.6818599700927734,5030,problem2_retrain_v2/results/aligned/ablations/f1_gate_component_ablation_five_seeds
noQ,2028,AV,0.3,end,5026,A,observed_mean,0.55317223072052,3.047663450241089,2.122896909713745,5030,problem2_retrain_v2/results/aligned/ablations/f1_gate_component_ablation_five_seeds
noQ,2028,AV,0.3,end,5026,V,reconstructed,0.853774905204773,3.4357051849365234,2.454918146133423,4663,problem2_retrain_v2/results/aligned/ablations/f1_gate_component_ablation_five_seeds
noQ,2028,AV,0.3,end,5026,V,observed_mean,0.2280824035406112,3.4357051849365234,2.9890129566192627,4663,problem2_retrain_v2/results/aligned/ablations/f1_gate_component_ablation_five_seeds
noQ,2028,AV,0.3,random,5026,A,reconstructed,0.9367868304252625,3.0351667404174805,1.68350088596344,5039,problem2_retrain_v2/results/aligned/ablations/f1_gate_component_ablation_five_seeds
noQ,2028,AV,0.3,random,5026,A,observed_mean,0.490215539932251,3.0351667404174805,2.0855844020843506,5039,problem2_retrain_v2/results/aligned/ablations/f1_gate_component_ablation_five_seeds
noQ,2028,AV,0.3,random,5026,V,reconstructed,0.8537803292274475,3.3778316974639893,2.460544347763061,4743,problem2_retrain_v2/results/aligned/ablations/f1_gate_component_ablation_five_seeds
noQ,2028,AV,0.3,random,5026,V,observed_mean,0.1817461848258972,3.3778316974639893,2.9541726112365723,4743,problem2_retrain_v2/results/aligned/ablations/f1_gate_component_ablation_five_seeds
noQ,2028,AV,0.3,random,5027,A,reconstructed,0.9362867474555968,3.033697366714477,1.6827342510223389,5038,problem2_retrain_v2/results/aligned/ablations/f1_gate_component_ablation_five_seeds
noQ,2028,AV,0.3,random,5027,A,observed_mean,0.4928314387798309,3.033697366714477,2.084500551223755,5038,problem2_retrain_v2/results/aligned/ablations/f1_gate_component_ablation_five_seeds
noQ,2028,AV,0.3,random,5027,V,reconstructed,0.8550218939781189,3.3172128200531006,2.459566116333008,4712,problem2_retrain_v2/results/aligned/ablations/f1_gate_component_ablation_five_seeds
noQ,2028,AV,0.3,random,5027,V,observed_mean,0.1832578778266906,3.3172128200531006,2.9767322540283203,4712,problem2_retrain_v2/results/aligned/ablations/f1_gate_component_ablation_five_seeds
noQ,2028,AV,0.3,random,5028,A,reconstructed,0.9330540299415588,3.061239957809448,1.6821504831314087,5030,problem2_retrain_v2/results/aligned/ablations/f1_gate_component_ablation_five_seeds
noQ,2028,AV,0.3,random,5028,A,observed_mean,0.4848639667034149,3.061239957809448,2.0688793659210205,5030,problem2_retrain_v2/results/aligned/ablations/f1_gate_component_ablation_five_seeds
noQ,2028,AV,0.3,random,5028,V,reconstructed,0.8537330031394958,3.3459277153015137,2.460416793823242,4710,problem2_retrain_v2/results/aligned/ablations/f1_gate_component_ablation_five_seeds
noQ,2028,AV,0.3,random,5028,V,observed_mean,0.1777959316968917,3.3459277153015137,2.962221145629883,4710,problem2_retrain_v2/results/aligned/ablations/f1_gate_component_ablation_five_seeds
noQ,2028,TAV,0.3,start,5026,T,reconstructed,0.6073030829429626,13.036419868469238,5.286791801452637,5035,problem2_retrain_v2/results/aligned/ablations/f1_gate_component_ablation_five_seeds
noQ,2028,TAV,0.3,start,5026,T,observed_mean,0.0954266637563705,13.036419868469238,12.251424789428713,5035,problem2_retrain_v2/results/aligned/ablations/f1_gate_component_ablation_five_seeds
noQ,2028,TAV,0.3,start,5026,A,reconstructed,0.9373340010643004,3.0780882835388184,1.6934781074523926,5035,problem2_retrain_v2/results/aligned/ablations/f1_gate_component_ablation_five_seeds
noQ,2028,TAV,0.3,start,5026,A,observed_mean,0.5172678828239441,3.0780882835388184,2.0948805809021,5035,problem2_retrain_v2/results/aligned/ablations/f1_gate_component_ablation_five_seeds
noQ,2028,TAV,0.3,start,5026,V,reconstructed,0.8557716012001038,3.316200256347656,2.411151885986328,4768,problem2_retrain_v2/results/aligned/ablations/f1_gate_component_ablation_five_seeds
noQ,2028,TAV,0.3,start,5026,V,observed_mean,0.2120956778526306,3.316200256347656,2.9847970008850098,4768,problem2_retrain_v2/results/aligned/ablations/f1_gate_component_ablation_five_seeds
noQ,2028,TAV,0.3,middle,5026,T,reconstructed,0.6093429327011108,12.658140182495115,5.3667755126953125,5036,problem2_retrain_v2/results/aligned/ablations/f1_gate_component_ablation_five_seeds
noQ,2028,TAV,0.3,middle,5026,T,observed_mean,0.0937875360250473,12.658140182495115,12.40523910522461,5036,problem2_retrain_v2/results/aligned/ablations/f1_gate_component_ablation_five_seeds
noQ,2028,TAV,0.3,middle,5026,A,reconstructed,0.9354625940322876,3.045103073120117,1.677375078201294,5036,problem2_retrain_v2/results/aligned/ablations/f1_gate_component_ablation_five_seeds
noQ,2028,TAV,0.3,middle,5026,A,observed_mean,0.4623677432537079,3.045103073120117,2.0552666187286377,5036,problem2_retrain_v2/results/aligned/ablations/f1_gate_component_ablation_five_seeds
noQ,2028,TAV,0.3,middle,5026,V,reconstructed,0.8586718440055847,3.3078770637512207,2.437373399734497,4759,problem2_retrain_v2/results/aligned/ablations/f1_gate_component_ablation_five_seeds
noQ,2028,TAV,0.3,middle,5026,V,observed_mean,0.1607516407966613,3.3078770637512207,2.9663336277008057,4759,problem2_retrain_v2/results/aligned/ablations/f1_gate_component_ablation_five_seeds
noQ,2028,TAV,0.3,end,5026,T,reconstructed,0.6196449995040894,12.78342056274414,5.314644813537598,5030,problem2_retrain_v2/results/aligned/ablations/f1_gate_component_ablation_five_seeds
noQ,2028,TAV,0.3,end,5026,T,observed_mean,0.1118703186511993,12.78342056274414,11.736708641052246,5030,problem2_retrain_v2/results/aligned/ablations/f1_gate_component_ablation_five_seeds
noQ,2028,TAV,0.3,end,5026,A,reconstructed,0.9379563331604004,3.047663450241089,1.6730775833129885,5030,problem2_retrain_v2/results/aligned/ablations/f1_gate_component_ablation_five_seeds
noQ,2028,TAV,0.3,end,5026,A,observed_mean,0.55317223072052,3.047663450241089,2.122896909713745,5030,problem2_retrain_v2/results/aligned/ablations/f1_gate_component_ablation_five_seeds
noQ,2028,TAV,0.3,end,5026,V,reconstructed,0.8586940169334412,3.4357051849365234,2.440382480621338,4663,problem2_retrain_v2/results/aligned/ablations/f1_gate_component_ablation_five_seeds
noQ,2028,TAV,0.3,end,5026,V,observed_mean,0.2280824035406112,3.4357051849365234,2.9890129566192627,4663,problem2_retrain_v2/results/aligned/ablations/f1_gate_component_ablation_five_seeds
noQ,2028,TAV,0.3,random,5026,T,reconstructed,0.6113680005073547,12.74222469329834,5.347516536712647,5039,problem2_retrain_v2/results/aligned/ablations/f1_gate_component_ablation_five_seeds
noQ,2028,TAV,0.3,random,5026,T,observed_mean,0.0973594859242439,12.74222469329834,12.36445426940918,5039,problem2_retrain_v2/results/aligned/ablations/f1_gate_component_ablation_five_seeds
noQ,2028,TAV,0.3,random,5026,A,reconstructed,0.940724551677704,3.0351667404174805,1.6850460767745972,5039,problem2_retrain_v2/results/aligned/ablations/f1_gate_component_ablation_five_seeds
noQ,2028,TAV,0.3,random,5026,A,observed_mean,0.490215539932251,3.0351667404174805,2.0855844020843506,5039,problem2_retrain_v2/results/aligned/ablations/f1_gate_component_ablation_five_seeds
noQ,2028,TAV,0.3,random,5026,V,reconstructed,0.8581014275550842,3.3778316974639893,2.455507040023804,4743,problem2_retrain_v2/results/aligned/ablations/f1_gate_component_ablation_five_seeds
noQ,2028,TAV,0.3,random,5026,V,observed_mean,0.1817461848258972,3.3778316974639893,2.9541726112365723,4743,problem2_retrain_v2/results/aligned/ablations/f1_gate_component_ablation_five_seeds
noQ,2028,TAV,0.3,random,5027,T,reconstructed,0.6104758381843567,12.731619834899902,5.3586907386779785,5038,problem2_retrain_v2/results/aligned/ablations/f1_gate_component_ablation_five_seeds
noQ,2028,TAV,0.3,random,5027,T,observed_mean,0.0979353263974189,12.731619834899902,12.330862045288086,5038,problem2_retrain_v2/results/aligned/ablations/f1_gate_component_ablation_five_seeds
noQ,2028,TAV,0.3,random,5027,A,reconstructed,0.9404462575912476,3.033697366714477,1.678825855255127,5038,problem2_retrain_v2/results/aligned/ablations/f1_gate_component_ablation_five_seeds
noQ,2028,TAV,0.3,random,5027,A,observed_mean,0.4928314387798309,3.033697366714477,2.084500551223755,5038,problem2_retrain_v2/results/aligned/ablations/f1_gate_component_ablation_five_seeds
noQ,2028,TAV,0.3,random,5027,V,reconstructed,0.8580020666122437,3.3172128200531006,2.44301700592041,4712,problem2_retrain_v2/results/aligned/ablations/f1_gate_component_ablation_five_seeds
noQ,2028,TAV,0.3,random,5027,V,observed_mean,0.1832578778266906,3.3172128200531006,2.9767322540283203,4712,problem2_retrain_v2/results/aligned/ablations/f1_gate_component_ablation_five_seeds
noQ,2028,TAV,0.3,random,5028,T,reconstructed,0.6104483604431152,12.723248481750488,5.356564998626709,5030,problem2_retrain_v2/results/aligned/ablations/f1_gate_component_ablation_five_seeds
noQ,2028,TAV,0.3,random,5028,T,observed_mean,0.1003602966666221,12.723248481750488,12.405113220214844,5030,problem2_retrain_v2/results/aligned/ablations/f1_gate_component_ablation_five_seeds
noQ,2028,TAV,0.3,random,5028,A,reconstructed,0.9370242357254028,3.061239957809448,1.6842219829559326,5030,problem2_retrain_v2/results/aligned/ablations/f1_gate_component_ablation_five_seeds
noQ,2028,TAV,0.3,random,5028,A,observed_mean,0.4848639667034149,3.061239957809448,2.0688793659210205,5030,problem2_retrain_v2/results/aligned/ablations/f1_gate_component_ablation_five_seeds
noQ,2028,TAV,0.3,random,5028,V,reconstructed,0.8580818176269531,3.3459277153015137,2.4453389644622803,4710,problem2_retrain_v2/results/aligned/ablations/f1_gate_component_ablation_five_seeds
noQ,2028,TAV,0.3,random,5028,V,observed_mean,0.1777959316968917,3.3459277153015137,2.962221145629883,4710,problem2_retrain_v2/results/aligned/ablations/f1_gate_component_ablation_five_seeds
B0,2035,T,0.1,random,5026,T,reconstructed,0.3699424266815185,14.02012825012207,7.897526741027832,1711,problem2_retrain_v2/results/aligned/ablations/f1_gate_component_ablation_s2031_2035
B0,2035,T,0.1,random,5026,T,observed_mean,0.0595165155827999,14.02012825012207,13.736419677734377,1711,problem2_retrain_v2/results/aligned/ablations/f1_gate_component_ablation_s2031_2035
B0,2035,T,0.1,random,5027,T,reconstructed,0.3730643689632416,13.995362281799316,7.900904655456543,1711,problem2_retrain_v2/results/aligned/ablations/f1_gate_component_ablation_s2031_2035
B0,2035,T,0.1,random,5027,T,observed_mean,0.0638119801878929,13.995362281799316,13.698511123657228,1711,problem2_retrain_v2/results/aligned/ablations/f1_gate_component_ablation_s2031_2035
B0,2035,T,0.1,random,5028,T,reconstructed,0.37100949883461,13.972147941589355,7.888025760650635,1711,problem2_retrain_v2/results/aligned/ablations/f1_gate_component_ablation_s2031_2035
B0,2035,T,0.1,random,5028,T,observed_mean,0.0684335976839065,13.972147941589355,13.681644439697266,1711,problem2_retrain_v2/results/aligned/ablations/f1_gate_component_ablation_s2031_2035
B0,2035,T,0.2,random,5026,T,reconstructed,0.3757924437522888,13.991903305053713,7.884100914001465,3400,problem2_retrain_v2/results/aligned/ablations/f1_gate_component_ablation_s2031_2035
B0,2035,T,0.2,random,5026,T,observed_mean,0.0774229913949966,13.991903305053713,13.712732315063477,3400,problem2_retrain_v2/results/aligned/ablations/f1_gate_component_ablation_s2031_2035
B0,2035,T,0.2,random,5027,T,reconstructed,0.3760700225830078,13.96358585357666,7.890130996704102,3400,problem2_retrain_v2/results/aligned/ablations/f1_gate_component_ablation_s2031_2035
B0,2035,T,0.2,random,5027,T,observed_mean,0.077944703400135,13.96358585357666,13.717398643493652,3400,problem2_retrain_v2/results/aligned/ablations/f1_gate_component_ablation_s2031_2035
B0,2035,T,0.2,random,5028,T,reconstructed,0.3770249783992767,13.945622444152832,7.867589473724365,3400,problem2_retrain_v2/results/aligned/ablations/f1_gate_component_ablation_s2031_2035
B0,2035,T,0.2,random,5028,T,observed_mean,0.0823662057518959,13.945622444152832,13.717456817626951,3400,problem2_retrain_v2/results/aligned/ablations/f1_gate_component_ablation_s2031_2035
B0,2035,T,0.3,start,5026,T,reconstructed,0.3874028325080871,14.286152839660645,7.818002223968506,5039,problem2_retrain_v2/results/aligned/ablations/f1_gate_component_ablation_s2031_2035
B0,2035,T,0.3,start,5026,T,observed_mean,0.0930748730897903,14.286152839660645,13.48892879486084,5039,problem2_retrain_v2/results/aligned/ablations/f1_gate_component_ablation_s2031_2035
B0,2035,T,0.3,middle,5026,T,reconstructed,0.3816750943660736,13.89719295501709,7.837528228759766,5039,problem2_retrain_v2/results/aligned/ablations/f1_gate_component_ablation_s2031_2035
B0,2035,T,0.3,middle,5026,T,observed_mean,0.0883933529257774,13.89719295501709,13.697503089904783,5039,problem2_retrain_v2/results/aligned/ablations/f1_gate_component_ablation_s2031_2035
B0,2035,T,0.3,end,5026,T,reconstructed,0.3915651142597198,13.941184043884276,7.789169311523437,5039,problem2_retrain_v2/results/aligned/ablations/f1_gate_component_ablation_s2031_2035
B0,2035,T,0.3,end,5026,T,observed_mean,0.1047418415546417,13.941184043884276,13.065369606018066,5039,problem2_retrain_v2/results/aligned/ablations/f1_gate_component_ablation_s2031_2035
B0,2035,T,0.3,random,5026,T,reconstructed,0.3829130232334137,13.990277290344238,7.838962554931641,5039,problem2_retrain_v2/results/aligned/ablations/f1_gate_component_ablation_s2031_2035
B0,2035,T,0.3,random,5026,T,observed_mean,0.0931621789932251,13.990277290344238,13.669651985168455,5039,problem2_retrain_v2/results/aligned/ablations/f1_gate_component_ablation_s2031_2035
B0,2035,T,0.3,random,5027,T,reconstructed,0.3851470351219177,13.928343772888184,7.851779460906982,5039,problem2_retrain_v2/results/aligned/ablations/f1_gate_component_ablation_s2031_2035
B0,2035,T,0.3,random,5027,T,observed_mean,0.0924224555492401,13.928343772888184,13.66003131866455,5039,problem2_retrain_v2/results/aligned/ablations/f1_gate_component_ablation_s2031_2035
B0,2035,T,0.3,random,5028,T,reconstructed,0.3823749125003814,13.931536674499512,7.831352233886719,5039,problem2_retrain_v2/results/aligned/ablations/f1_gate_component_ablation_s2031_2035
B0,2035,T,0.3,random,5028,T,observed_mean,0.0953926295042038,13.931536674499512,13.707438468933104,5039,problem2_retrain_v2/results/aligned/ablations/f1_gate_component_ablation_s2031_2035
B0,2035,T,0.4,random,5026,T,reconstructed,0.3917027413845062,13.971487045288086,7.780731201171875,6740,problem2_retrain_v2/results/aligned/ablations/f1_gate_component_ablation_s2031_2035
B0,2035,T,0.4,random,5026,T,observed_mean,0.1109887361526489,13.971487045288086,13.60639762878418,6740,problem2_retrain_v2/results/aligned/ablations/f1_gate_component_ablation_s2031_2035
B0,2035,T,0.4,random,5027,T,reconstructed,0.3922861218452453,13.919845581054688,7.780889987945557,6740,problem2_retrain_v2/results/aligned/ablations/f1_gate_component_ablation_s2031_2035
B0,2035,T,0.4,random,5027,T,observed_mean,0.1122189238667488,13.919845581054688,13.584330558776855,6740,problem2_retrain_v2/results/aligned/ablations/f1_gate_component_ablation_s2031_2035
B0,2035,T,0.4,random,5028,T,reconstructed,0.3918701410293579,13.926769256591797,7.780282020568848,6740,problem2_retrain_v2/results/aligned/ablations/f1_gate_component_ablation_s2031_2035
B0,2035,T,0.4,random,5028,T,observed_mean,0.113792136311531,13.926769256591797,13.682588577270508,6740,problem2_retrain_v2/results/aligned/ablations/f1_gate_component_ablation_s2031_2035
B0,2035,T,0.5,random,5026,T,reconstructed,0.4013680517673492,13.97612190246582,7.688795566558838,8415,problem2_retrain_v2/results/aligned/ablations/f1_gate_component_ablation_s2031_2035
B0,2035,T,0.5,random,5026,T,observed_mean,0.1295434683561325,13.97612190246582,13.46230125427246,8415,problem2_retrain_v2/results/aligned/ablations/f1_gate_component_ablation_s2031_2035
B0,2035,T,0.5,random,5027,T,reconstructed,0.4024394452571869,13.938587188720703,7.666471004486084,8415,problem2_retrain_v2/results/aligned/ablations/f1_gate_component_ablation_s2031_2035
B0,2035,T,0.5,random,5027,T,observed_mean,0.1334007233381271,13.938587188720703,13.452788352966309,8415,problem2_retrain_v2/results/aligned/ablations/f1_gate_component_ablation_s2031_2035
B0,2035,T,0.5,random,5028,T,reconstructed,0.4010120034217834,13.92341423034668,7.689106464385986,8415,problem2_retrain_v2/results/aligned/ablations/f1_gate_component_ablation_s2031_2035
B0,2035,T,0.5,random,5028,T,observed_mean,0.1316202282905578,13.92341423034668,13.566791534423828,8415,problem2_retrain_v2/results/aligned/ablations/f1_gate_component_ablation_s2031_2035
B0,2035,A,0.1,random,5026,A,reconstructed,0.9064989686012268,3.0833797454833984,1.5313245058059692,1711,problem2_retrain_v2/results/aligned/ablations/f1_gate_component_ablation_s2031_2035
B0,2035,A,0.1,random,5026,A,observed_mean,0.4358901083469391,3.0833797454833984,2.052389144897461,1711,problem2_retrain_v2/results/aligned/ablations/f1_gate_component_ablation_s2031_2035
B0,2035,A,0.1,random,5027,A,reconstructed,0.9191627502441406,3.0858752727508545,1.531383395195007,1711,problem2_retrain_v2/results/aligned/ablations/f1_gate_component_ablation_s2031_2035
B0,2035,A,0.1,random,5027,A,observed_mean,0.4380905032157898,3.0858752727508545,2.0543630123138428,1711,problem2_retrain_v2/results/aligned/ablations/f1_gate_component_ablation_s2031_2035
B0,2035,A,0.1,random,5028,A,reconstructed,0.9144259095191956,3.032712459564209,1.530765414237976,1711,problem2_retrain_v2/results/aligned/ablations/f1_gate_component_ablation_s2031_2035
B0,2035,A,0.1,random,5028,A,observed_mean,0.4301308393478393,3.032712459564209,2.055715799331665,1711,problem2_retrain_v2/results/aligned/ablations/f1_gate_component_ablation_s2031_2035
B0,2035,A,0.2,random,5026,A,reconstructed,0.9076602458953856,3.0635337829589844,1.533255100250244,3400,problem2_retrain_v2/results/aligned/ablations/f1_gate_component_ablation_s2031_2035
B0,2035,A,0.2,random,5026,A,observed_mean,0.4657728374004364,3.0635337829589844,2.05784010887146,3400,problem2_retrain_v2/results/aligned/ablations/f1_gate_component_ablation_s2031_2035
B0,2035,A,0.2,random,5027,A,reconstructed,0.9192035794258118,3.059009075164795,1.5329190492630005,3400,problem2_retrain_v2/results/aligned/ablations/f1_gate_component_ablation_s2031_2035
B0,2035,A,0.2,random,5027,A,observed_mean,0.4711426794528961,3.059009075164795,2.061052322387696,3400,problem2_retrain_v2/results/aligned/ablations/f1_gate_component_ablation_s2031_2035
B0,2035,A,0.2,random,5028,A,reconstructed,0.9134843945503236,3.077312707901001,1.532689094543457,3400,problem2_retrain_v2/results/aligned/ablations/f1_gate_component_ablation_s2031_2035
B0,2035,A,0.2,random,5028,A,observed_mean,0.4597657918930053,3.077312707901001,2.04988980293274,3400,problem2_retrain_v2/results/aligned/ablations/f1_gate_component_ablation_s2031_2035
B0,2035,A,0.3,start,5026,A,reconstructed,0.9063910841941832,3.095067024230957,1.5339564085006714,5039,problem2_retrain_v2/results/aligned/ablations/f1_gate_component_ablation_s2031_2035
B0,2035,A,0.3,start,5026,A,observed_mean,0.5151894092559814,3.095067024230957,2.1129276752471924,5039,problem2_retrain_v2/results/aligned/ablations/f1_gate_component_ablation_s2031_2035
B0,2035,A,0.3,middle,5026,A,reconstructed,0.9118327498435974,3.064629554748535,1.5364112854003906,5039,problem2_retrain_v2/results/aligned/ablations/f1_gate_component_ablation_s2031_2035
B0,2035,A,0.3,middle,5026,A,observed_mean,0.460281491279602,3.064629554748535,2.073782444000244,5039,problem2_retrain_v2/results/aligned/ablations/f1_gate_component_ablation_s2031_2035
B0,2035,A,0.3,end,5026,A,reconstructed,0.9240670800209044,3.067263126373291,1.5334395170211792,5039,problem2_retrain_v2/results/aligned/ablations/f1_gate_component_ablation_s2031_2035
B0,2035,A,0.3,end,5026,A,observed_mean,0.5511972308158875,3.067263126373291,2.142000675201416,5039,problem2_retrain_v2/results/aligned/ablations/f1_gate_component_ablation_s2031_2035
B0,2035,A,0.3,random,5026,A,reconstructed,0.9093815088272096,3.0538671016693115,1.5354180335998535,5039,problem2_retrain_v2/results/aligned/ablations/f1_gate_component_ablation_s2031_2035
B0,2035,A,0.3,random,5026,A,observed_mean,0.4880681037902832,3.0538671016693115,2.1029984951019287,5039,problem2_retrain_v2/results/aligned/ablations/f1_gate_component_ablation_s2031_2035
B0,2035,A,0.3,random,5027,A,reconstructed,0.9184152483940125,3.05215072631836,1.5350240468978882,5039,problem2_retrain_v2/results/aligned/ablations/f1_gate_component_ablation_s2031_2035
B0,2035,A,0.3,random,5027,A,observed_mean,0.4907699525356293,3.05215072631836,2.102603912353516,5039,problem2_retrain_v2/results/aligned/ablations/f1_gate_component_ablation_s2031_2035
B0,2035,A,0.3,random,5028,A,reconstructed,0.9137770533561708,3.080156087875366,1.5346472263336182,5039,problem2_retrain_v2/results/aligned/ablations/f1_gate_component_ablation_s2031_2035
B0,2035,A,0.3,random,5028,A,observed_mean,0.4823838770389557,3.080156087875366,2.088082790374756,5039,problem2_retrain_v2/results/aligned/ablations/f1_gate_component_ablation_s2031_2035
B0,2035,A,0.4,random,5026,A,reconstructed,0.9112563133239746,3.0467617511749268,1.5383802652359009,6740,problem2_retrain_v2/results/aligned/ablations/f1_gate_component_ablation_s2031_2035
B0,2035,A,0.4,random,5026,A,observed_mean,0.5047637224197388,3.0467617511749268,2.1402013301849365,6740,problem2_retrain_v2/results/aligned/ablations/f1_gate_component_ablation_s2031_2035
B0,2035,A,0.4,random,5027,A,reconstructed,0.9173225164413452,3.0508718490600586,1.5374815464019775,6740,problem2_retrain_v2/results/aligned/ablations/f1_gate_component_ablation_s2031_2035
B0,2035,A,0.4,random,5027,A,observed_mean,0.5046098828315735,3.0508718490600586,2.139052391052246,6740,problem2_retrain_v2/results/aligned/ablations/f1_gate_component_ablation_s2031_2035
B0,2035,A,0.4,random,5028,A,reconstructed,0.913731038570404,3.0819690227508545,1.5374747514724731,6740,problem2_retrain_v2/results/aligned/ablations/f1_gate_component_ablation_s2031_2035
B0,2035,A,0.4,random,5028,A,observed_mean,0.5001545548439026,3.0819690227508545,2.116140842437744,6740,problem2_retrain_v2/results/aligned/ablations/f1_gate_component_ablation_s2031_2035
B0,2035,A,0.5,random,5026,A,reconstructed,0.9114895462989808,3.049262285232544,1.540696382522583,8415,problem2_retrain_v2/results/aligned/ablations/f1_gate_component_ablation_s2031_2035
B0,2035,A,0.5,random,5026,A,observed_mean,0.5186191201210022,3.049262285232544,2.1858153343200684,8415,problem2_retrain_v2/results/aligned/ablations/f1_gate_component_ablation_s2031_2035
B0,2035,A,0.5,random,5027,A,reconstructed,0.9161182045936584,3.0714125633239746,1.5399372577667236,8415,problem2_retrain_v2/results/aligned/ablations/f1_gate_component_ablation_s2031_2035
B0,2035,A,0.5,random,5027,A,observed_mean,0.5175590515136719,3.0714125633239746,2.171082735061645,8415,problem2_retrain_v2/results/aligned/ablations/f1_gate_component_ablation_s2031_2035
B0,2035,A,0.5,random,5028,A,reconstructed,0.9138044118881226,3.0732903480529785,1.5399572849273682,8415,problem2_retrain_v2/results/aligned/ablations/f1_gate_component_ablation_s2031_2035
B0,2035,A,0.5,random,5028,A,observed_mean,0.5182685256004333,3.0732903480529785,2.161082029342652,8415,problem2_retrain_v2/results/aligned/ablations/f1_gate_component_ablation_s2031_2035
B0,2035,V,0.1,random,5026,V,reconstructed,0.8660693764686584,3.390672445297241,2.918400526046753,1604,problem2_retrain_v2/results/aligned/ablations/f1_gate_component_ablation_s2031_2035
B0,2035,V,0.1,random,5026,V,observed_mean,0.1575896888971328,3.390672445297241,2.931116342544556,1604,problem2_retrain_v2/results/aligned/ablations/f1_gate_component_ablation_s2031_2035
B0,2035,V,0.1,random,5027,V,reconstructed,0.8631529808044434,3.2921011447906494,2.919220447540283,1595,problem2_retrain_v2/results/aligned/ablations/f1_gate_component_ablation_s2031_2035
B0,2035,V,0.1,random,5027,V,observed_mean,0.1567254662513733,3.2921011447906494,2.9551331996917725,1595,problem2_retrain_v2/results/aligned/ablations/f1_gate_component_ablation_s2031_2035
B0,2035,V,0.1,random,5028,V,reconstructed,0.8695741891860962,3.367842435836792,2.918764114379883,1588,problem2_retrain_v2/results/aligned/ablations/f1_gate_component_ablation_s2031_2035
B0,2035,V,0.1,random,5028,V,observed_mean,0.1531542688608169,3.367842435836792,2.946600914001465,1588,problem2_retrain_v2/results/aligned/ablations/f1_gate_component_ablation_s2031_2035
B0,2035,V,0.2,random,5026,V,reconstructed,0.8684454560279846,3.3853466510772705,2.918246269226074,3194,problem2_retrain_v2/results/aligned/ablations/f1_gate_component_ablation_s2031_2035
B0,2035,V,0.2,random,5026,V,observed_mean,0.1716052144765854,3.3853466510772705,2.9411444664001465,3194,problem2_retrain_v2/results/aligned/ablations/f1_gate_component_ablation_s2031_2035
B0,2035,V,0.2,random,5027,V,reconstructed,0.8668964505195618,3.3084521293640137,2.918971061706543,3180,problem2_retrain_v2/results/aligned/ablations/f1_gate_component_ablation_s2031_2035
B0,2035,V,0.2,random,5027,V,observed_mean,0.1718998104333877,3.3084521293640137,2.960095167160034,3180,problem2_retrain_v2/results/aligned/ablations/f1_gate_component_ablation_s2031_2035
B0,2035,V,0.2,random,5028,V,reconstructed,0.8701038956642151,3.36749005317688,2.918944358825684,3176,problem2_retrain_v2/results/aligned/ablations/f1_gate_component_ablation_s2031_2035
B0,2035,V,0.2,random,5028,V,observed_mean,0.1697346419095993,3.36749005317688,2.949471235275269,3176,problem2_retrain_v2/results/aligned/ablations/f1_gate_component_ablation_s2031_2035
B0,2035,V,0.3,start,5026,V,reconstructed,0.8654583692550659,3.316384792327881,2.9243688583374023,4768,problem2_retrain_v2/results/aligned/ablations/f1_gate_component_ablation_s2031_2035
B0,2035,V,0.3,start,5026,V,observed_mean,0.2126407474279403,3.316384792327881,2.98378586769104,4768,problem2_retrain_v2/results/aligned/ablations/f1_gate_component_ablation_s2031_2035
B0,2035,V,0.3,middle,5026,V,reconstructed,0.8696751594543457,3.3081698417663574,2.916494131088257,4759,problem2_retrain_v2/results/aligned/ablations/f1_gate_component_ablation_s2031_2035
B0,2035,V,0.3,middle,5026,V,observed_mean,0.1612364947795868,3.3081698417663574,2.964885711669922,4759,problem2_retrain_v2/results/aligned/ablations/f1_gate_component_ablation_s2031_2035
B0,2035,V,0.3,end,5026,V,reconstructed,0.8689238429069519,3.434512138366699,2.9131979942321777,4663,problem2_retrain_v2/results/aligned/ablations/f1_gate_component_ablation_s2031_2035
B0,2035,V,0.3,end,5026,V,observed_mean,0.2288416028022766,3.434512138366699,2.9883527755737305,4663,problem2_retrain_v2/results/aligned/ablations/f1_gate_component_ablation_s2031_2035
B0,2035,V,0.3,random,5026,V,reconstructed,0.8697332143783569,3.379068613052368,2.919616460800171,4743,problem2_retrain_v2/results/aligned/ablations/f1_gate_component_ablation_s2031_2035
B0,2035,V,0.3,random,5026,V,observed_mean,0.182293564081192,3.379068613052368,2.952381134033203,4743,problem2_retrain_v2/results/aligned/ablations/f1_gate_component_ablation_s2031_2035
B0,2035,V,0.3,random,5027,V,reconstructed,0.8682962656021118,3.3168654441833496,2.9185307025909424,4712,problem2_retrain_v2/results/aligned/ablations/f1_gate_component_ablation_s2031_2035
B0,2035,V,0.3,random,5027,V,observed_mean,0.1838428527116775,3.3168654441833496,2.975564479827881,4712,problem2_retrain_v2/results/aligned/ablations/f1_gate_component_ablation_s2031_2035
B0,2035,V,0.3,random,5028,V,reconstructed,0.8700169324874878,3.34621262550354,2.9186019897460938,4710,problem2_retrain_v2/results/aligned/ablations/f1_gate_component_ablation_s2031_2035
B0,2035,V,0.3,random,5028,V,observed_mean,0.1782896071672439,3.34621262550354,2.9608542919158936,4710,problem2_retrain_v2/results/aligned/ablations/f1_gate_component_ablation_s2031_2035
B0,2035,V,0.4,random,5026,V,reconstructed,0.8696911931037903,3.358921527862549,2.9195590019226074,6357,problem2_retrain_v2/results/aligned/ablations/f1_gate_component_ablation_s2031_2035
B0,2035,V,0.4,random,5026,V,observed_mean,0.1926537007093429,3.358921527862549,2.9739975929260254,6357,problem2_retrain_v2/results/aligned/ablations/f1_gate_component_ablation_s2031_2035
B0,2035,V,0.4,random,5027,V,reconstructed,0.8688562512397766,3.317199468612671,2.91827130317688,6308,problem2_retrain_v2/results/aligned/ablations/f1_gate_component_ablation_s2031_2035
B0,2035,V,0.4,random,5027,V,observed_mean,0.1949900686740875,3.317199468612671,2.9974894523620605,6308,problem2_retrain_v2/results/aligned/ablations/f1_gate_component_ablation_s2031_2035
B0,2035,V,0.4,random,5028,V,reconstructed,0.8706881403923035,3.3480377197265625,2.918492794036865,6306,problem2_retrain_v2/results/aligned/ablations/f1_gate_component_ablation_s2031_2035
B0,2035,V,0.4,random,5028,V,observed_mean,0.1906761825084686,3.3480377197265625,2.9789838790893555,6306,problem2_retrain_v2/results/aligned/ablations/f1_gate_component_ablation_s2031_2035
B0,2035,V,0.5,random,5026,V,reconstructed,0.8688916563987732,3.339667797088623,2.9185450077056885,7939,problem2_retrain_v2/results/aligned/ablations/f1_gate_component_ablation_s2031_2035
B0,2035,V,0.5,random,5026,V,observed_mean,0.2020939737558365,3.339667797088623,3.006868839263916,7939,problem2_retrain_v2/results/aligned/ablations/f1_gate_component_ablation_s2031_2035
B0,2035,V,0.5,random,5027,V,reconstructed,0.868705689907074,3.318165302276612,2.917330503463745,7888,problem2_retrain_v2/results/aligned/ablations/f1_gate_component_ablation_s2031_2035
B0,2035,V,0.5,random,5027,V,observed_mean,0.203590527176857,3.318165302276612,3.0212221145629883,7888,problem2_retrain_v2/results/aligned/ablations/f1_gate_component_ablation_s2031_2035
B0,2035,V,0.5,random,5028,V,reconstructed,0.8708982467651367,3.3332056999206543,2.917473554611206,7893,problem2_retrain_v2/results/aligned/ablations/f1_gate_component_ablation_s2031_2035
B0,2035,V,0.5,random,5028,V,observed_mean,0.201455757021904,3.3332056999206543,3.013328790664673,7893,problem2_retrain_v2/results/aligned/ablations/f1_gate_component_ablation_s2031_2035
B0,2035,TA,0.3,start,5026,T,reconstructed,0.3851554095745086,14.286152839660645,7.806581974029541,5039,problem2_retrain_v2/results/aligned/ablations/f1_gate_component_ablation_s2031_2035
B0,2035,TA,0.3,start,5026,T,observed_mean,0.0930748730897903,14.286152839660645,13.48892879486084,5039,problem2_retrain_v2/results/aligned/ablations/f1_gate_component_ablation_s2031_2035
B0,2035,TA,0.3,start,5026,A,reconstructed,0.9045841097831726,3.095067024230957,1.5235600471496582,5039,problem2_retrain_v2/results/aligned/ablations/f1_gate_component_ablation_s2031_2035
B0,2035,TA,0.3,start,5026,A,observed_mean,0.5151894092559814,3.095067024230957,2.1129276752471924,5039,problem2_retrain_v2/results/aligned/ablations/f1_gate_component_ablation_s2031_2035
B0,2035,TA,0.3,middle,5026,T,reconstructed,0.3787609934806824,13.89719295501709,7.828018188476562,5039,problem2_retrain_v2/results/aligned/ablations/f1_gate_component_ablation_s2031_2035
B0,2035,TA,0.3,middle,5026,T,observed_mean,0.0883933529257774,13.89719295501709,13.697503089904783,5039,problem2_retrain_v2/results/aligned/ablations/f1_gate_component_ablation_s2031_2035
B0,2035,TA,0.3,middle,5026,A,reconstructed,0.9085010886192322,3.064629554748535,1.5228151082992554,5039,problem2_retrain_v2/results/aligned/ablations/f1_gate_component_ablation_s2031_2035
B0,2035,TA,0.3,middle,5026,A,observed_mean,0.460281491279602,3.064629554748535,2.073782444000244,5039,problem2_retrain_v2/results/aligned/ablations/f1_gate_component_ablation_s2031_2035
B0,2035,TA,0.3,end,5026,T,reconstructed,0.3877937197685241,13.941184043884276,7.776854515075684,5039,problem2_retrain_v2/results/aligned/ablations/f1_gate_component_ablation_s2031_2035
B0,2035,TA,0.3,end,5026,T,observed_mean,0.1047418415546417,13.941184043884276,13.065369606018066,5039,problem2_retrain_v2/results/aligned/ablations/f1_gate_component_ablation_s2031_2035
B0,2035,TA,0.3,end,5026,A,reconstructed,0.9203624129295348,3.067263126373291,1.514999270439148,5039,problem2_retrain_v2/results/aligned/ablations/f1_gate_component_ablation_s2031_2035
B0,2035,TA,0.3,end,5026,A,observed_mean,0.5511972308158875,3.067263126373291,2.142000675201416,5039,problem2_retrain_v2/results/aligned/ablations/f1_gate_component_ablation_s2031_2035
B0,2035,TA,0.3,random,5026,T,reconstructed,0.3800725936889648,13.990277290344238,7.827329635620117,5039,problem2_retrain_v2/results/aligned/ablations/f1_gate_component_ablation_s2031_2035
B0,2035,TA,0.3,random,5026,T,observed_mean,0.0931621789932251,13.990277290344238,13.669651985168455,5039,problem2_retrain_v2/results/aligned/ablations/f1_gate_component_ablation_s2031_2035
B0,2035,TA,0.3,random,5026,A,reconstructed,0.9081498980522156,3.0538671016693115,1.5231897830963137,5039,problem2_retrain_v2/results/aligned/ablations/f1_gate_component_ablation_s2031_2035
B0,2035,TA,0.3,random,5026,A,observed_mean,0.4880681037902832,3.0538671016693115,2.1029984951019287,5039,problem2_retrain_v2/results/aligned/ablations/f1_gate_component_ablation_s2031_2035
B0,2035,TA,0.3,random,5027,T,reconstructed,0.3820786774158478,13.928343772888184,7.837818145751953,5039,problem2_retrain_v2/results/aligned/ablations/f1_gate_component_ablation_s2031_2035
B0,2035,TA,0.3,random,5027,T,observed_mean,0.0924224555492401,13.928343772888184,13.66003131866455,5039,problem2_retrain_v2/results/aligned/ablations/f1_gate_component_ablation_s2031_2035
B0,2035,TA,0.3,random,5027,A,reconstructed,0.9172115921974182,3.05215072631836,1.5201456546783447,5039,problem2_retrain_v2/results/aligned/ablations/f1_gate_component_ablation_s2031_2035
B0,2035,TA,0.3,random,5027,A,observed_mean,0.4907699525356293,3.05215072631836,2.102603912353516,5039,problem2_retrain_v2/results/aligned/ablations/f1_gate_component_ablation_s2031_2035
B0,2035,TA,0.3,random,5028,T,reconstructed,0.3794194459915161,13.931536674499512,7.821651935577393,5039,problem2_retrain_v2/results/aligned/ablations/f1_gate_component_ablation_s2031_2035
B0,2035,TA,0.3,random,5028,T,observed_mean,0.0953926295042038,13.931536674499512,13.707438468933104,5039,problem2_retrain_v2/results/aligned/ablations/f1_gate_component_ablation_s2031_2035
B0,2035,TA,0.3,random,5028,A,reconstructed,0.9109846353530884,3.080156087875366,1.5247529745101929,5039,problem2_retrain_v2/results/aligned/ablations/f1_gate_component_ablation_s2031_2035
B0,2035,TA,0.3,random,5028,A,observed_mean,0.4823838770389557,3.080156087875366,2.088082790374756,5039,problem2_retrain_v2/results/aligned/ablations/f1_gate_component_ablation_s2031_2035
B0,2035,TV,0.3,start,5026,T,reconstructed,0.3847426772117615,14.288460731506348,7.829781532287598,5035,problem2_retrain_v2/results/aligned/ablations/f1_gate_component_ablation_s2031_2035
B0,2035,TV,0.3,start,5026,T,observed_mean,0.093087762594223,14.288460731506348,13.490386009216309,5035,problem2_retrain_v2/results/aligned/ablations/f1_gate_component_ablation_s2031_2035
B0,2035,TV,0.3,start,5026,V,reconstructed,0.8625991940498352,3.316384792327881,2.922285318374634,4768,problem2_retrain_v2/results/aligned/ablations/f1_gate_component_ablation_s2031_2035
B0,2035,TV,0.3,start,5026,V,observed_mean,0.2126407474279403,3.316384792327881,2.98378586769104,4768,problem2_retrain_v2/results/aligned/ablations/f1_gate_component_ablation_s2031_2035
B0,2035,TV,0.3,middle,5026,T,reconstructed,0.378811627626419,13.900367736816406,7.849384307861328,5036,problem2_retrain_v2/results/aligned/ablations/f1_gate_component_ablation_s2031_2035
B0,2035,TV,0.3,middle,5026,T,observed_mean,0.0883534923195838,13.900367736816406,13.699701309204102,5036,problem2_retrain_v2/results/aligned/ablations/f1_gate_component_ablation_s2031_2035
B0,2035,TV,0.3,middle,5026,V,reconstructed,0.8668074607849121,3.3081698417663574,2.940376043319702,4759,problem2_retrain_v2/results/aligned/ablations/f1_gate_component_ablation_s2031_2035
B0,2035,TV,0.3,middle,5026,V,observed_mean,0.1612364947795868,3.3081698417663574,2.964885711669922,4759,problem2_retrain_v2/results/aligned/ablations/f1_gate_component_ablation_s2031_2035
B0,2035,TV,0.3,end,5026,T,reconstructed,0.3888905942440033,13.947430610656738,7.794468402862549,5030,problem2_retrain_v2/results/aligned/ablations/f1_gate_component_ablation_s2031_2035
B0,2035,TV,0.3,end,5026,T,observed_mean,0.104757621884346,13.947430610656738,13.069185256958008,5030,problem2_retrain_v2/results/aligned/ablations/f1_gate_component_ablation_s2031_2035
B0,2035,TV,0.3,end,5026,V,reconstructed,0.8689092993736267,3.434512138366699,2.9441280364990234,4663,problem2_retrain_v2/results/aligned/ablations/f1_gate_component_ablation_s2031_2035
B0,2035,TV,0.3,end,5026,V,observed_mean,0.2288416028022766,3.434512138366699,2.9883527755737305,4663,problem2_retrain_v2/results/aligned/ablations/f1_gate_component_ablation_s2031_2035
B0,2035,TV,0.3,random,5026,T,reconstructed,0.3798596560955047,13.990277290344238,7.848475456237793,5039,problem2_retrain_v2/results/aligned/ablations/f1_gate_component_ablation_s2031_2035
B0,2035,TV,0.3,random,5026,T,observed_mean,0.0931621789932251,13.990277290344238,13.669651985168455,5039,problem2_retrain_v2/results/aligned/ablations/f1_gate_component_ablation_s2031_2035
B0,2035,TV,0.3,random,5026,V,reconstructed,0.8683448433876038,3.379068613052368,2.938215732574463,4743,problem2_retrain_v2/results/aligned/ablations/f1_gate_component_ablation_s2031_2035
B0,2035,TV,0.3,random,5026,V,observed_mean,0.182293564081192,3.379068613052368,2.952381134033203,4743,problem2_retrain_v2/results/aligned/ablations/f1_gate_component_ablation_s2031_2035
B0,2035,TV,0.3,random,5027,T,reconstructed,0.3823429048061371,13.929462432861328,7.859534740447998,5038,problem2_retrain_v2/results/aligned/ablations/f1_gate_component_ablation_s2031_2035
B0,2035,TV,0.3,random,5027,T,observed_mean,0.0924310535192489,13.929462432861328,13.661295890808104,5038,problem2_retrain_v2/results/aligned/ablations/f1_gate_component_ablation_s2031_2035
B0,2035,TV,0.3,random,5027,V,reconstructed,0.8669806718826294,3.3168654441833496,2.940181493759156,4712,problem2_retrain_v2/results/aligned/ablations/f1_gate_component_ablation_s2031_2035
B0,2035,TV,0.3,random,5027,V,observed_mean,0.1838428527116775,3.3168654441833496,2.975564479827881,4712,problem2_retrain_v2/results/aligned/ablations/f1_gate_component_ablation_s2031_2035
B0,2035,TV,0.3,random,5028,T,reconstructed,0.3793885409832001,13.937141418457031,7.844415664672852,5030,problem2_retrain_v2/results/aligned/ablations/f1_gate_component_ablation_s2031_2035
B0,2035,TV,0.3,random,5028,T,observed_mean,0.0952629894018173,13.937141418457031,13.71129322052002,5030,problem2_retrain_v2/results/aligned/ablations/f1_gate_component_ablation_s2031_2035
B0,2035,TV,0.3,random,5028,V,reconstructed,0.8685111403465271,3.34621262550354,2.933951139450073,4710,problem2_retrain_v2/results/aligned/ablations/f1_gate_component_ablation_s2031_2035
B0,2035,TV,0.3,random,5028,V,observed_mean,0.1782896071672439,3.34621262550354,2.9608542919158936,4710,problem2_retrain_v2/results/aligned/ablations/f1_gate_component_ablation_s2031_2035
B0,2035,AV,0.3,start,5026,A,reconstructed,0.9076563715934752,3.0954039096832275,1.5429669618606567,5035,problem2_retrain_v2/results/aligned/ablations/f1_gate_component_ablation_s2031_2035
B0,2035,AV,0.3,start,5026,A,observed_mean,0.5151234269142151,3.0954039096832275,2.1128149032592773,5035,problem2_retrain_v2/results/aligned/ablations/f1_gate_component_ablation_s2031_2035
B0,2035,AV,0.3,start,5026,V,reconstructed,0.8653042912483215,3.316384792327881,2.925689458847046,4768,problem2_retrain_v2/results/aligned/ablations/f1_gate_component_ablation_s2031_2035
B0,2035,AV,0.3,start,5026,V,observed_mean,0.2126407474279403,3.316384792327881,2.98378586769104,4768,problem2_retrain_v2/results/aligned/ablations/f1_gate_component_ablation_s2031_2035
B0,2035,AV,0.3,middle,5026,A,reconstructed,0.9131812453269958,3.064039707183838,1.5432806015014648,5036,problem2_retrain_v2/results/aligned/ablations/f1_gate_component_ablation_s2031_2035
B0,2035,AV,0.3,middle,5026,A,observed_mean,0.4604618847370147,3.064039707183838,2.072683572769165,5036,problem2_retrain_v2/results/aligned/ablations/f1_gate_component_ablation_s2031_2035
B0,2035,AV,0.3,middle,5026,V,reconstructed,0.8696220517158508,3.3081698417663574,2.918709516525269,4759,problem2_retrain_v2/results/aligned/ablations/f1_gate_component_ablation_s2031_2035
B0,2035,AV,0.3,middle,5026,V,observed_mean,0.1612364947795868,3.3081698417663574,2.964885711669922,4759,problem2_retrain_v2/results/aligned/ablations/f1_gate_component_ablation_s2031_2035
B0,2035,AV,0.3,end,5026,A,reconstructed,0.9252544045448304,3.0673844814300537,1.5406323671340942,5030,problem2_retrain_v2/results/aligned/ablations/f1_gate_component_ablation_s2031_2035
B0,2035,AV,0.3,end,5026,A,observed_mean,0.5512492656707764,3.0673844814300537,2.1407957077026367,5030,problem2_retrain_v2/results/aligned/ablations/f1_gate_component_ablation_s2031_2035
B0,2035,AV,0.3,end,5026,V,reconstructed,0.8684784173965454,3.434512138366699,2.916599988937378,4663,problem2_retrain_v2/results/aligned/ablations/f1_gate_component_ablation_s2031_2035
B0,2035,AV,0.3,end,5026,V,observed_mean,0.2288416028022766,3.434512138366699,2.9883527755737305,4663,problem2_retrain_v2/results/aligned/ablations/f1_gate_component_ablation_s2031_2035
B0,2035,AV,0.3,random,5026,A,reconstructed,0.9106217622756958,3.0538671016693115,1.542750358581543,5039,problem2_retrain_v2/results/aligned/ablations/f1_gate_component_ablation_s2031_2035
B0,2035,AV,0.3,random,5026,A,observed_mean,0.4880681037902832,3.0538671016693115,2.1029984951019287,5039,problem2_retrain_v2/results/aligned/ablations/f1_gate_component_ablation_s2031_2035
B0,2035,AV,0.3,random,5026,V,reconstructed,0.8694241642951965,3.379068613052368,2.9215199947357178,4743,problem2_retrain_v2/results/aligned/ablations/f1_gate_component_ablation_s2031_2035
B0,2035,AV,0.3,random,5026,V,observed_mean,0.182293564081192,3.379068613052368,2.952381134033203,4743,problem2_retrain_v2/results/aligned/ablations/f1_gate_component_ablation_s2031_2035
B0,2035,AV,0.3,random,5027,A,reconstructed,0.919450581073761,3.051922082901001,1.5425481796264648,5038,problem2_retrain_v2/results/aligned/ablations/f1_gate_component_ablation_s2031_2035
B0,2035,AV,0.3,random,5027,A,observed_mean,0.4908379316329956,3.051922082901001,2.102258682250977,5038,problem2_retrain_v2/results/aligned/ablations/f1_gate_component_ablation_s2031_2035
B0,2035,AV,0.3,random,5027,V,reconstructed,0.8683043718338013,3.3168654441833496,2.920203924179077,4712,problem2_retrain_v2/results/aligned/ablations/f1_gate_component_ablation_s2031_2035
B0,2035,AV,0.3,random,5027,V,observed_mean,0.1838428527116775,3.3168654441833496,2.975564479827881,4712,problem2_retrain_v2/results/aligned/ablations/f1_gate_component_ablation_s2031_2035
B0,2035,AV,0.3,random,5028,A,reconstructed,0.9149783849716188,3.0799267292022705,1.5416324138641355,5030,problem2_retrain_v2/results/aligned/ablations/f1_gate_component_ablation_s2031_2035
B0,2035,AV,0.3,random,5028,A,observed_mean,0.482559323310852,3.0799267292022705,2.086202621459961,5030,problem2_retrain_v2/results/aligned/ablations/f1_gate_component_ablation_s2031_2035
B0,2035,AV,0.3,random,5028,V,reconstructed,0.869947612285614,3.34621262550354,2.9217898845672607,4710,problem2_retrain_v2/results/aligned/ablations/f1_gate_component_ablation_s2031_2035
B0,2035,AV,0.3,random,5028,V,observed_mean,0.1782896071672439,3.34621262550354,2.9608542919158936,4710,problem2_retrain_v2/results/aligned/ablations/f1_gate_component_ablation_s2031_2035
B0,2035,TAV,0.3,start,5026,T,reconstructed,0.3823259174823761,14.288460731506348,7.814359664916992,5035,problem2_retrain_v2/results/aligned/ablations/f1_gate_component_ablation_s2031_2035
B0,2035,TAV,0.3,start,5026,T,observed_mean,0.093087762594223,14.288460731506348,13.490386009216309,5035,problem2_retrain_v2/results/aligned/ablations/f1_gate_component_ablation_s2031_2035
B0,2035,TAV,0.3,start,5026,A,reconstructed,0.9063717126846312,3.0954039096832275,1.5326509475708008,5035,problem2_retrain_v2/results/aligned/ablations/f1_gate_component_ablation_s2031_2035
B0,2035,TAV,0.3,start,5026,A,observed_mean,0.5151234269142151,3.0954039096832275,2.1128149032592773,5035,problem2_retrain_v2/results/aligned/ablations/f1_gate_component_ablation_s2031_2035
B0,2035,TAV,0.3,start,5026,V,reconstructed,0.8622583746910095,3.316384792327881,2.92559814453125,4768,problem2_retrain_v2/results/aligned/ablations/f1_gate_component_ablation_s2031_2035
B0,2035,TAV,0.3,start,5026,V,observed_mean,0.2126407474279403,3.316384792327881,2.98378586769104,4768,problem2_retrain_v2/results/aligned/ablations/f1_gate_component_ablation_s2031_2035
B0,2035,TAV,0.3,middle,5026,T,reconstructed,0.375700294971466,13.900367736816406,7.836043834686279,5036,problem2_retrain_v2/results/aligned/ablations/f1_gate_component_ablation_s2031_2035
B0,2035,TAV,0.3,middle,5026,T,observed_mean,0.0883534923195838,13.900367736816406,13.699701309204102,5036,problem2_retrain_v2/results/aligned/ablations/f1_gate_component_ablation_s2031_2035
B0,2035,TAV,0.3,middle,5026,A,reconstructed,0.9102197289466858,3.064039707183838,1.5287257432937622,5036,problem2_retrain_v2/results/aligned/ablations/f1_gate_component_ablation_s2031_2035
B0,2035,TAV,0.3,middle,5026,A,observed_mean,0.4604618847370147,3.064039707183838,2.072683572769165,5036,problem2_retrain_v2/results/aligned/ablations/f1_gate_component_ablation_s2031_2035
B0,2035,TAV,0.3,middle,5026,V,reconstructed,0.8666490316390991,3.3081698417663574,2.946685791015625,4759,problem2_retrain_v2/results/aligned/ablations/f1_gate_component_ablation_s2031_2035
B0,2035,TAV,0.3,middle,5026,V,observed_mean,0.1612364947795868,3.3081698417663574,2.964885711669922,4759,problem2_retrain_v2/results/aligned/ablations/f1_gate_component_ablation_s2031_2035
B0,2035,TAV,0.3,end,5026,T,reconstructed,0.384858101606369,13.947430610656738,7.778812408447266,5030,problem2_retrain_v2/results/aligned/ablations/f1_gate_component_ablation_s2031_2035
B0,2035,TAV,0.3,end,5026,T,observed_mean,0.104757621884346,13.947430610656738,13.069185256958008,5030,problem2_retrain_v2/results/aligned/ablations/f1_gate_component_ablation_s2031_2035
B0,2035,TAV,0.3,end,5026,A,reconstructed,0.9222788214683532,3.0673844814300537,1.520359754562378,5030,problem2_retrain_v2/results/aligned/ablations/f1_gate_component_ablation_s2031_2035
B0,2035,TAV,0.3,end,5026,A,observed_mean,0.5512492656707764,3.0673844814300537,2.1407957077026367,5030,problem2_retrain_v2/results/aligned/ablations/f1_gate_component_ablation_s2031_2035
B0,2035,TAV,0.3,end,5026,V,reconstructed,0.8682668805122375,3.434512138366699,2.951017379760742,4663,problem2_retrain_v2/results/aligned/ablations/f1_gate_component_ablation_s2031_2035
B0,2035,TAV,0.3,end,5026,V,observed_mean,0.2288416028022766,3.434512138366699,2.9883527755737305,4663,problem2_retrain_v2/results/aligned/ablations/f1_gate_component_ablation_s2031_2035
B0,2035,TAV,0.3,random,5026,T,reconstructed,0.3767950534820556,13.990277290344238,7.832507133483887,5039,problem2_retrain_v2/results/aligned/ablations/f1_gate_component_ablation_s2031_2035
B0,2035,TAV,0.3,random,5026,T,observed_mean,0.0931621789932251,13.990277290344238,13.669651985168455,5039,problem2_retrain_v2/results/aligned/ablations/f1_gate_component_ablation_s2031_2035
B0,2035,TAV,0.3,random,5026,A,reconstructed,0.9098429679870604,3.0538671016693115,1.5297409296035769,5039,problem2_retrain_v2/results/aligned/ablations/f1_gate_component_ablation_s2031_2035
B0,2035,TAV,0.3,random,5026,A,observed_mean,0.4880681037902832,3.0538671016693115,2.1029984951019287,5039,problem2_retrain_v2/results/aligned/ablations/f1_gate_component_ablation_s2031_2035
B0,2035,TAV,0.3,random,5026,V,reconstructed,0.8678391575813293,3.379068613052368,2.943025827407837,4743,problem2_retrain_v2/results/aligned/ablations/f1_gate_component_ablation_s2031_2035
B0,2035,TAV,0.3,random,5026,V,observed_mean,0.182293564081192,3.379068613052368,2.952381134033203,4743,problem2_retrain_v2/results/aligned/ablations/f1_gate_component_ablation_s2031_2035
B0,2035,TAV,0.3,random,5027,T,reconstructed,0.3790516853332519,13.929462432861328,7.841092109680176,5038,problem2_retrain_v2/results/aligned/ablations/f1_gate_component_ablation_s2031_2035
B0,2035,TAV,0.3,random,5027,T,observed_mean,0.0924310535192489,13.929462432861328,13.661295890808104,5038,problem2_retrain_v2/results/aligned/ablations/f1_gate_component_ablation_s2031_2035
B0,2035,TAV,0.3,random,5027,A,reconstructed,0.918720841407776,3.051922082901001,1.5270726680755615,5038,problem2_retrain_v2/results/aligned/ablations/f1_gate_component_ablation_s2031_2035
B0,2035,TAV,0.3,random,5027,A,observed_mean,0.4908379316329956,3.051922082901001,2.102258682250977,5038,problem2_retrain_v2/results/aligned/ablations/f1_gate_component_ablation_s2031_2035
B0,2035,TAV,0.3,random,5027,V,reconstructed,0.8669306635856628,3.3168654441833496,2.944920301437378,4712,problem2_retrain_v2/results/aligned/ablations/f1_gate_component_ablation_s2031_2035
B0,2035,TAV,0.3,random,5027,V,observed_mean,0.1838428527116775,3.3168654441833496,2.975564479827881,4712,problem2_retrain_v2/results/aligned/ablations/f1_gate_component_ablation_s2031_2035
B0,2035,TAV,0.3,random,5028,T,reconstructed,0.3762633800506592,13.937141418457031,7.830968856811523,5030,problem2_retrain_v2/results/aligned/ablations/f1_gate_component_ablation_s2031_2035
B0,2035,TAV,0.3,random,5028,T,observed_mean,0.0952629894018173,13.937141418457031,13.71129322052002,5030,problem2_retrain_v2/results/aligned/ablations/f1_gate_component_ablation_s2031_2035
B0,2035,TAV,0.3,random,5028,A,reconstructed,0.9126618504524232,3.0799267292022705,1.529963135719299,5030,problem2_retrain_v2/results/aligned/ablations/f1_gate_component_ablation_s2031_2035
B0,2035,TAV,0.3,random,5028,A,observed_mean,0.482559323310852,3.0799267292022705,2.086202621459961,5030,problem2_retrain_v2/results/aligned/ablations/f1_gate_component_ablation_s2031_2035
B0,2035,TAV,0.3,random,5028,V,reconstructed,0.8683003783226013,3.34621262550354,2.9408650398254395,4710,problem2_retrain_v2/results/aligned/ablations/f1_gate_component_ablation_s2031_2035
B0,2035,TAV,0.3,random,5028,V,observed_mean,0.1782896071672439,3.34621262550354,2.9608542919158936,4710,problem2_retrain_v2/results/aligned/ablations/f1_gate_component_ablation_s2031_2035
noB,2035,T,0.1,random,5026,T,reconstructed,0.4954373240470886,12.705172538757324,5.432576656341553,1711,problem2_retrain_v2/results/aligned/ablations/f1_gate_component_ablation_s2031_2035
noB,2035,T,0.1,random,5026,T,observed_mean,0.0697055086493492,12.705172538757324,12.366815567016602,1711,problem2_retrain_v2/results/aligned/ablations/f1_gate_component_ablation_s2031_2035
noB,2035,T,0.1,random,5027,T,reconstructed,0.4970924258232116,12.670656204223633,5.430876731872559,1711,problem2_retrain_v2/results/aligned/ablations/f1_gate_component_ablation_s2031_2035
noB,2035,T,0.1,random,5027,T,observed_mean,0.0743377432227134,12.670656204223633,12.335688591003418,1711,problem2_retrain_v2/results/aligned/ablations/f1_gate_component_ablation_s2031_2035
noB,2035,T,0.1,random,5028,T,reconstructed,0.498885303735733,12.655558586120604,5.431621074676514,1711,problem2_retrain_v2/results/aligned/ablations/f1_gate_component_ablation_s2031_2035
noB,2035,T,0.1,random,5028,T,observed_mean,0.0806689485907554,12.655558586120604,12.323434829711914,1711,problem2_retrain_v2/results/aligned/ablations/f1_gate_component_ablation_s2031_2035
noB,2035,T,0.2,random,5026,T,reconstructed,0.5027257204055786,12.666097640991213,5.424779891967773,3400,problem2_retrain_v2/results/aligned/ablations/f1_gate_component_ablation_s2031_2035
noB,2035,T,0.2,random,5026,T,observed_mean,0.0897070840001106,12.666097640991213,12.36353588104248,3400,problem2_retrain_v2/results/aligned/ablations/f1_gate_component_ablation_s2031_2035
noB,2035,T,0.2,random,5027,T,reconstructed,0.5033169984817505,12.633987426757812,5.422578811645508,3400,problem2_retrain_v2/results/aligned/ablations/f1_gate_component_ablation_s2031_2035
noB,2035,T,0.2,random,5027,T,observed_mean,0.0904914885759353,12.633987426757812,12.374080657958984,3400,problem2_retrain_v2/results/aligned/ablations/f1_gate_component_ablation_s2031_2035
noB,2035,T,0.2,random,5028,T,reconstructed,0.5042738914489746,12.62525749206543,5.418790817260742,3400,problem2_retrain_v2/results/aligned/ablations/f1_gate_component_ablation_s2031_2035
noB,2035,T,0.2,random,5028,T,observed_mean,0.0964271277189254,12.62525749206543,12.381831169128418,3400,problem2_retrain_v2/results/aligned/ablations/f1_gate_component_ablation_s2031_2035
noB,2035,T,0.3,start,5026,T,reconstructed,0.5112926959991455,12.96399974822998,5.390651226043701,5039,problem2_retrain_v2/results/aligned/ablations/f1_gate_component_ablation_s2031_2035
noB,2035,T,0.3,start,5026,T,observed_mean,0.1058210060000419,12.96399974822998,12.229022979736328,5039,problem2_retrain_v2/results/aligned/ablations/f1_gate_component_ablation_s2031_2035
noB,2035,T,0.3,middle,5026,T,reconstructed,0.5069228410720825,12.557942390441896,5.389290809631348,5039,problem2_retrain_v2/results/aligned/ablations/f1_gate_component_ablation_s2031_2035
noB,2035,T,0.3,middle,5026,T,observed_mean,0.1023659035563469,12.557942390441896,12.392306327819824,5039,problem2_retrain_v2/results/aligned/ablations/f1_gate_component_ablation_s2031_2035
noB,2035,T,0.3,end,5026,T,reconstructed,0.516130805015564,12.62521743774414,5.371176719665527,5039,problem2_retrain_v2/results/aligned/ablations/f1_gate_component_ablation_s2031_2035
noB,2035,T,0.3,end,5026,T,observed_mean,0.1192719712853431,12.62521743774414,11.78695583343506,5039,problem2_retrain_v2/results/aligned/ablations/f1_gate_component_ablation_s2031_2035
noB,2035,T,0.3,random,5026,T,reconstructed,0.5089226961135864,12.66534423828125,5.393925666809082,5039,problem2_retrain_v2/results/aligned/ablations/f1_gate_component_ablation_s2031_2035
noB,2035,T,0.3,random,5026,T,observed_mean,0.1068873479962349,12.66534423828125,12.35511589050293,5039,problem2_retrain_v2/results/aligned/ablations/f1_gate_component_ablation_s2031_2035
noB,2035,T,0.3,random,5027,T,reconstructed,0.5093578100204468,12.60306167602539,5.397898197174072,5039,problem2_retrain_v2/results/aligned/ablations/f1_gate_component_ablation_s2031_2035
noB,2035,T,0.3,random,5027,T,observed_mean,0.1064387857913971,12.60306167602539,12.365594863891602,5039,problem2_retrain_v2/results/aligned/ablations/f1_gate_component_ablation_s2031_2035
noB,2035,T,0.3,random,5028,T,reconstructed,0.5096691250801086,12.610034942626951,5.394098281860352,5039,problem2_retrain_v2/results/aligned/ablations/f1_gate_component_ablation_s2031_2035
noB,2035,T,0.3,random,5028,T,observed_mean,0.1109797954559326,12.610034942626951,12.409327507019045,5039,problem2_retrain_v2/results/aligned/ablations/f1_gate_component_ablation_s2031_2035
noB,2035,T,0.4,random,5026,T,reconstructed,0.5182769298553467,12.64999294281006,5.353524684906006,6740,problem2_retrain_v2/results/aligned/ablations/f1_gate_component_ablation_s2031_2035
noB,2035,T,0.4,random,5026,T,observed_mean,0.1275808662176132,12.64999294281006,12.31020450592041,6740,problem2_retrain_v2/results/aligned/ablations/f1_gate_component_ablation_s2031_2035
noB,2035,T,0.4,random,5027,T,reconstructed,0.5170613527297974,12.594761848449709,5.365193843841553,6740,problem2_retrain_v2/results/aligned/ablations/f1_gate_component_ablation_s2031_2035
noB,2035,T,0.4,random,5027,T,observed_mean,0.1280627697706222,12.594761848449709,12.363965034484863,6740,problem2_retrain_v2/results/aligned/ablations/f1_gate_component_ablation_s2031_2035
noB,2035,T,0.4,random,5028,T,reconstructed,0.5189188122749329,12.602445602416992,5.362706184387207,6740,problem2_retrain_v2/results/aligned/ablations/f1_gate_component_ablation_s2031_2035
noB,2035,T,0.4,random,5028,T,observed_mean,0.1313704252243042,12.602445602416992,12.43602180480957,6740,problem2_retrain_v2/results/aligned/ablations/f1_gate_component_ablation_s2031_2035
noB,2035,T,0.5,random,5026,T,reconstructed,0.5277437567710876,12.651702880859377,5.3027873039245605,8415,problem2_retrain_v2/results/aligned/ablations/f1_gate_component_ablation_s2031_2035
noB,2035,T,0.5,random,5026,T,observed_mean,0.1480043530464172,12.651702880859377,12.23782444000244,8415,problem2_retrain_v2/results/aligned/ablations/f1_gate_component_ablation_s2031_2035
noB,2035,T,0.5,random,5027,T,reconstructed,0.5263602137565613,12.607815742492676,5.299673080444336,8415,problem2_retrain_v2/results/aligned/ablations/f1_gate_component_ablation_s2031_2035
noB,2035,T,0.5,random,5027,T,observed_mean,0.148759126663208,12.607815742492676,12.24522590637207,8415,problem2_retrain_v2/results/aligned/ablations/f1_gate_component_ablation_s2031_2035
noB,2035,T,0.5,random,5028,T,reconstructed,0.5278172492980957,12.597498893737791,5.315178394317627,8415,problem2_retrain_v2/results/aligned/ablations/f1_gate_component_ablation_s2031_2035
noB,2035,T,0.5,random,5028,T,observed_mean,0.151265487074852,12.597498893737791,12.38058090209961,8415,problem2_retrain_v2/results/aligned/ablations/f1_gate_component_ablation_s2031_2035
noB,2035,A,0.1,random,5026,A,reconstructed,0.9049440622329712,3.082200288772583,1.4941176176071167,1711,problem2_retrain_v2/results/aligned/ablations/f1_gate_component_ablation_s2031_2035
noB,2035,A,0.1,random,5026,A,observed_mean,0.4361333847045898,3.082200288772583,2.051208257675171,1711,problem2_retrain_v2/results/aligned/ablations/f1_gate_component_ablation_s2031_2035
noB,2035,A,0.1,random,5027,A,reconstructed,0.9178306460380554,3.084951877593994,1.4938870668411257,1711,problem2_retrain_v2/results/aligned/ablations/f1_gate_component_ablation_s2031_2035
noB,2035,A,0.1,random,5027,A,observed_mean,0.4382858276367187,3.084951877593994,2.053156852722168,1711,problem2_retrain_v2/results/aligned/ablations/f1_gate_component_ablation_s2031_2035
noB,2035,A,0.1,random,5028,A,reconstructed,0.913041651248932,3.0318048000335693,1.4933743476867676,1711,problem2_retrain_v2/results/aligned/ablations/f1_gate_component_ablation_s2031_2035
noB,2035,A,0.1,random,5028,A,observed_mean,0.4303191006183624,3.0318048000335693,2.0544989109039307,1711,problem2_retrain_v2/results/aligned/ablations/f1_gate_component_ablation_s2031_2035
noB,2035,A,0.2,random,5026,A,reconstructed,0.9077050685882568,3.062446117401123,1.4956071376800537,3400,problem2_retrain_v2/results/aligned/ablations/f1_gate_component_ablation_s2031_2035
noB,2035,A,0.2,random,5026,A,observed_mean,0.4660274982452392,3.062446117401123,2.056680917739868,3400,problem2_retrain_v2/results/aligned/ablations/f1_gate_component_ablation_s2031_2035
noB,2035,A,0.2,random,5027,A,reconstructed,0.9176843166351318,3.0580687522888184,1.49524986743927,3400,problem2_retrain_v2/results/aligned/ablations/f1_gate_component_ablation_s2031_2035
noB,2035,A,0.2,random,5027,A,observed_mean,0.4713353514671325,3.0580687522888184,2.059832572937012,3400,problem2_retrain_v2/results/aligned/ablations/f1_gate_component_ablation_s2031_2035
noB,2035,A,0.2,random,5028,A,reconstructed,0.91189706325531,3.076435089111328,1.4947824478149414,3400,problem2_retrain_v2/results/aligned/ablations/f1_gate_component_ablation_s2031_2035
noB,2035,A,0.2,random,5028,A,observed_mean,0.4599736928939819,3.076435089111328,2.048668384552002,3400,problem2_retrain_v2/results/aligned/ablations/f1_gate_component_ablation_s2031_2035
noB,2035,A,0.3,start,5026,A,reconstructed,0.9024811387062072,3.09402084350586,1.4950735569000244,5039,problem2_retrain_v2/results/aligned/ablations/f1_gate_component_ablation_s2031_2035
noB,2035,A,0.3,start,5026,A,observed_mean,0.5154509544372559,3.09402084350586,2.111783981323242,5039,problem2_retrain_v2/results/aligned/ablations/f1_gate_component_ablation_s2031_2035
noB,2035,A,0.3,middle,5026,A,reconstructed,0.9117129445075988,3.0636770725250244,1.497781753540039,5039,problem2_retrain_v2/results/aligned/ablations/f1_gate_component_ablation_s2031_2035
noB,2035,A,0.3,middle,5026,A,observed_mean,0.4604611396789551,3.0636770725250244,2.0725412368774414,5039,problem2_retrain_v2/results/aligned/ablations/f1_gate_component_ablation_s2031_2035
noB,2035,A,0.3,end,5026,A,reconstructed,0.923062801361084,3.066322565078736,1.4971104860305786,5039,problem2_retrain_v2/results/aligned/ablations/f1_gate_component_ablation_s2031_2035
noB,2035,A,0.3,end,5026,A,observed_mean,0.551432728767395,3.066322565078736,2.140833139419556,5039,problem2_retrain_v2/results/aligned/ablations/f1_gate_component_ablation_s2031_2035
noB,2035,A,0.3,random,5026,A,reconstructed,0.9093701243400574,3.0528926849365234,1.497109055519104,5039,problem2_retrain_v2/results/aligned/ablations/f1_gate_component_ablation_s2031_2035
noB,2035,A,0.3,random,5026,A,observed_mean,0.4883118569850921,3.0528926849365234,2.1018378734588623,5039,problem2_retrain_v2/results/aligned/ablations/f1_gate_component_ablation_s2031_2035
noB,2035,A,0.3,random,5027,A,reconstructed,0.9167888164520264,3.0511786937713623,1.496739387512207,5039,problem2_retrain_v2/results/aligned/ablations/f1_gate_component_ablation_s2031_2035
noB,2035,A,0.3,random,5027,A,observed_mean,0.4909746348857879,3.0511786937713623,2.101400375366211,5039,problem2_retrain_v2/results/aligned/ablations/f1_gate_component_ablation_s2031_2035
noB,2035,A,0.3,random,5028,A,reconstructed,0.9121374487876892,3.0792508125305176,1.4960753917694092,5039,problem2_retrain_v2/results/aligned/ablations/f1_gate_component_ablation_s2031_2035
noB,2035,A,0.3,random,5028,A,observed_mean,0.4826064705848694,3.0792508125305176,2.086867570877075,5039,problem2_retrain_v2/results/aligned/ablations/f1_gate_component_ablation_s2031_2035
noB,2035,A,0.4,random,5026,A,reconstructed,0.91075998544693,3.0457839965820312,1.4993720054626465,6740,problem2_retrain_v2/results/aligned/ablations/f1_gate_component_ablation_s2031_2035
noB,2035,A,0.4,random,5026,A,observed_mean,0.5049916505813599,3.0457839965820312,2.1390299797058105,6740,problem2_retrain_v2/results/aligned/ablations/f1_gate_component_ablation_s2031_2035
noB,2035,A,0.4,random,5027,A,reconstructed,0.9157403111457824,3.049884557723999,1.4985263347625732,6740,problem2_retrain_v2/results/aligned/ablations/f1_gate_component_ablation_s2031_2035
noB,2035,A,0.4,random,5027,A,observed_mean,0.5048208236694336,3.049884557723999,2.1378602981567383,6740,problem2_retrain_v2/results/aligned/ablations/f1_gate_component_ablation_s2031_2035
noB,2035,A,0.4,random,5028,A,reconstructed,0.9121636152267456,3.081040143966675,1.4981067180633545,6740,problem2_retrain_v2/results/aligned/ablations/f1_gate_component_ablation_s2031_2035
noB,2035,A,0.4,random,5028,A,observed_mean,0.5003664493560791,3.081040143966675,2.114905834197998,6740,problem2_retrain_v2/results/aligned/ablations/f1_gate_component_ablation_s2031_2035
noB,2035,A,0.5,random,5026,A,reconstructed,0.9108414053916932,3.048264265060425,1.5011402368545532,8415,problem2_retrain_v2/results/aligned/ablations/f1_gate_component_ablation_s2031_2035
noB,2035,A,0.5,random,5026,A,observed_mean,0.518838107585907,3.048264265060425,2.18464469909668,8415,problem2_retrain_v2/results/aligned/ablations/f1_gate_component_ablation_s2031_2035
noB,2035,A,0.5,random,5027,A,reconstructed,0.9149921536445618,3.0704658031463623,1.500337839126587,8415,problem2_retrain_v2/results/aligned/ablations/f1_gate_component_ablation_s2031_2035
noB,2035,A,0.5,random,5027,A,observed_mean,0.5177703499794006,3.0704658031463623,2.169856071472168,8415,problem2_retrain_v2/results/aligned/ablations/f1_gate_component_ablation_s2031_2035
noB,2035,A,0.5,random,5028,A,reconstructed,0.912373661994934,3.072366714477539,1.5000566244125366,8415,problem2_retrain_v2/results/aligned/ablations/f1_gate_component_ablation_s2031_2035
noB,2035,A,0.5,random,5028,A,observed_mean,0.5184791088104248,3.072366714477539,2.1598308086395264,8415,problem2_retrain_v2/results/aligned/ablations/f1_gate_component_ablation_s2031_2035
noB,2035,V,0.1,random,5026,V,reconstructed,0.8743830919265747,3.3909640312194824,2.7148797512054443,1604,problem2_retrain_v2/results/aligned/ablations/f1_gate_component_ablation_s2031_2035
noB,2035,V,0.1,random,5026,V,observed_mean,0.1575493216514587,3.3909640312194824,2.9314918518066406,1604,problem2_retrain_v2/results/aligned/ablations/f1_gate_component_ablation_s2031_2035
noB,2035,V,0.1,random,5027,V,reconstructed,0.8716281056404114,3.292497634887696,2.71585464477539,1595,problem2_retrain_v2/results/aligned/ablations/f1_gate_component_ablation_s2031_2035
noB,2035,V,0.1,random,5027,V,observed_mean,0.1567241698503494,3.292497634887696,2.955512285232544,1595,problem2_retrain_v2/results/aligned/ablations/f1_gate_component_ablation_s2031_2035
noB,2035,V,0.1,random,5028,V,reconstructed,0.8769850134849548,3.3682010173797607,2.715254783630371,1588,problem2_retrain_v2/results/aligned/ablations/f1_gate_component_ablation_s2031_2035
noB,2035,V,0.1,random,5028,V,observed_mean,0.1531363874673843,3.3682010173797607,2.9469151496887207,1588,problem2_retrain_v2/results/aligned/ablations/f1_gate_component_ablation_s2031_2035
noB,2035,V,0.2,random,5026,V,reconstructed,0.8765271306037903,3.385658502578736,2.715095043182373,3194,problem2_retrain_v2/results/aligned/ablations/f1_gate_component_ablation_s2031_2035
noB,2035,V,0.2,random,5026,V,observed_mean,0.1715598851442337,3.385658502578736,2.941512107849121,3194,problem2_retrain_v2/results/aligned/ablations/f1_gate_component_ablation_s2031_2035
noB,2035,V,0.2,random,5027,V,reconstructed,0.8748923540115356,3.3087503910064697,2.715739488601685,3180,problem2_retrain_v2/results/aligned/ablations/f1_gate_component_ablation_s2031_2035
noB,2035,V,0.2,random,5027,V,observed_mean,0.1718803793191909,3.3087503910064697,2.96049427986145,3180,problem2_retrain_v2/results/aligned/ablations/f1_gate_component_ablation_s2031_2035
noB,2035,V,0.2,random,5028,V,reconstructed,0.8780133128166199,3.3678107261657715,2.716104984283448,3176,problem2_retrain_v2/results/aligned/ablations/f1_gate_component_ablation_s2031_2035
noB,2035,V,0.2,random,5028,V,observed_mean,0.1697230488061905,3.3678107261657715,2.949815034866333,3176,problem2_retrain_v2/results/aligned/ablations/f1_gate_component_ablation_s2031_2035
noB,2035,V,0.3,start,5026,V,reconstructed,0.8749315738677979,3.316594362258911,2.721200466156006,4768,problem2_retrain_v2/results/aligned/ablations/f1_gate_component_ablation_s2031_2035
noB,2035,V,0.3,start,5026,V,observed_mean,0.2126141786575317,3.316594362258911,2.9842231273651123,4768,problem2_retrain_v2/results/aligned/ablations/f1_gate_component_ablation_s2031_2035
noB,2035,V,0.3,middle,5026,V,reconstructed,0.8777391314506531,3.3083980083465576,2.7139503955841064,4759,problem2_retrain_v2/results/aligned/ablations/f1_gate_component_ablation_s2031_2035
noB,2035,V,0.3,middle,5026,V,observed_mean,0.1612162292003631,3.3083980083465576,2.965283155441284,4759,problem2_retrain_v2/results/aligned/ablations/f1_gate_component_ablation_s2031_2035
noB,2035,V,0.3,end,5026,V,reconstructed,0.8770505785942078,3.435199737548828,2.7092297077178955,4663,problem2_retrain_v2/results/aligned/ablations/f1_gate_component_ablation_s2031_2035
noB,2035,V,0.3,end,5026,V,observed_mean,0.2287982255220413,3.435199737548828,2.988524436950684,4663,problem2_retrain_v2/results/aligned/ablations/f1_gate_component_ablation_s2031_2035
noB,2035,V,0.3,random,5026,V,reconstructed,0.877688467502594,3.379366636276245,2.716257333755493,4743,problem2_retrain_v2/results/aligned/ablations/f1_gate_component_ablation_s2031_2035
noB,2035,V,0.3,random,5026,V,observed_mean,0.1822535991668701,3.379366636276245,2.9527251720428467,4743,problem2_retrain_v2/results/aligned/ablations/f1_gate_component_ablation_s2031_2035
noB,2035,V,0.3,random,5027,V,reconstructed,0.8762176036834717,3.3171958923339844,2.715451955795288,4712,problem2_retrain_v2/results/aligned/ablations/f1_gate_component_ablation_s2031_2035
noB,2035,V,0.3,random,5027,V,observed_mean,0.1838214993476867,3.3171958923339844,2.9759583473205566,4712,problem2_retrain_v2/results/aligned/ablations/f1_gate_component_ablation_s2031_2035
noB,2035,V,0.3,random,5028,V,reconstructed,0.8783079981803894,3.346475601196289,2.715757369995117,4710,problem2_retrain_v2/results/aligned/ablations/f1_gate_component_ablation_s2031_2035
noB,2035,V,0.3,random,5028,V,observed_mean,0.1782710999250412,3.346475601196289,2.961228132247925,4710,problem2_retrain_v2/results/aligned/ablations/f1_gate_component_ablation_s2031_2035
noB,2035,V,0.4,random,5026,V,reconstructed,0.8778863549232483,3.3592207431793213,2.7164552211761475,6357,problem2_retrain_v2/results/aligned/ablations/f1_gate_component_ablation_s2031_2035
noB,2035,V,0.4,random,5026,V,observed_mean,0.1926218718290329,3.3592207431793213,2.9743571281433105,6357,problem2_retrain_v2/results/aligned/ablations/f1_gate_component_ablation_s2031_2035
noB,2035,V,0.4,random,5027,V,reconstructed,0.8766693472862244,3.3175203800201416,2.7155649662017822,6308,problem2_retrain_v2/results/aligned/ablations/f1_gate_component_ablation_s2031_2035
noB,2035,V,0.4,random,5027,V,observed_mean,0.1949660032987594,3.3175203800201416,2.9978952407836914,6308,problem2_retrain_v2/results/aligned/ablations/f1_gate_component_ablation_s2031_2035
noB,2035,V,0.4,random,5028,V,reconstructed,0.8790313601493835,3.348301410675049,2.715778112411499,6306,problem2_retrain_v2/results/aligned/ablations/f1_gate_component_ablation_s2031_2035
noB,2035,V,0.4,random,5028,V,observed_mean,0.1906493008136749,3.348301410675049,2.979377031326294,6306,problem2_retrain_v2/results/aligned/ablations/f1_gate_component_ablation_s2031_2035
noB,2035,V,0.5,random,5026,V,reconstructed,0.8771969676017761,3.339941024780273,2.715806007385254,7939,problem2_retrain_v2/results/aligned/ablations/f1_gate_component_ablation_s2031_2035
noB,2035,V,0.5,random,5026,V,observed_mean,0.2020666003227234,3.339941024780273,3.007280111312866,7939,problem2_retrain_v2/results/aligned/ablations/f1_gate_component_ablation_s2031_2035
noB,2035,V,0.5,random,5027,V,reconstructed,0.8765752911567688,3.318459987640381,2.7150003910064697,7888,problem2_retrain_v2/results/aligned/ablations/f1_gate_component_ablation_s2031_2035
noB,2035,V,0.5,random,5027,V,observed_mean,0.2035645544528961,3.318459987640381,3.021669626235962,7888,problem2_retrain_v2/results/aligned/ablations/f1_gate_component_ablation_s2031_2035
noB,2035,V,0.5,random,5028,V,reconstructed,0.879120409488678,3.3334996700286865,2.7151620388031006,7893,problem2_retrain_v2/results/aligned/ablations/f1_gate_component_ablation_s2031_2035
noB,2035,V,0.5,random,5028,V,observed_mean,0.2014248222112655,3.3334996700286865,3.013699531555176,7893,problem2_retrain_v2/results/aligned/ablations/f1_gate_component_ablation_s2031_2035
noB,2035,TA,0.3,start,5026,T,reconstructed,0.5092551708221436,12.96399974822998,5.378574371337891,5039,problem2_retrain_v2/results/aligned/ablations/f1_gate_component_ablation_s2031_2035
noB,2035,TA,0.3,start,5026,T,observed_mean,0.1058210060000419,12.96399974822998,12.229022979736328,5039,problem2_retrain_v2/results/aligned/ablations/f1_gate_component_ablation_s2031_2035
noB,2035,TA,0.3,start,5026,A,reconstructed,0.9012738466262816,3.09402084350586,1.4927312135696411,5039,problem2_retrain_v2/results/aligned/ablations/f1_gate_component_ablation_s2031_2035
noB,2035,TA,0.3,start,5026,A,observed_mean,0.5154509544372559,3.09402084350586,2.111783981323242,5039,problem2_retrain_v2/results/aligned/ablations/f1_gate_component_ablation_s2031_2035
noB,2035,TA,0.3,middle,5026,T,reconstructed,0.5044639706611633,12.557942390441896,5.37930965423584,5039,problem2_retrain_v2/results/aligned/ablations/f1_gate_component_ablation_s2031_2035
noB,2035,TA,0.3,middle,5026,T,observed_mean,0.1023659035563469,12.557942390441896,12.392306327819824,5039,problem2_retrain_v2/results/aligned/ablations/f1_gate_component_ablation_s2031_2035
noB,2035,TA,0.3,middle,5026,A,reconstructed,0.9081162214279176,3.0636770725250244,1.4948471784591677,5039,problem2_retrain_v2/results/aligned/ablations/f1_gate_component_ablation_s2031_2035
noB,2035,TA,0.3,middle,5026,A,observed_mean,0.4604611396789551,3.0636770725250244,2.0725412368774414,5039,problem2_retrain_v2/results/aligned/ablations/f1_gate_component_ablation_s2031_2035
noB,2035,TA,0.3,end,5026,T,reconstructed,0.513306200504303,12.62521743774414,5.361615180969238,5039,problem2_retrain_v2/results/aligned/ablations/f1_gate_component_ablation_s2031_2035
noB,2035,TA,0.3,end,5026,T,observed_mean,0.1192719712853431,12.62521743774414,11.78695583343506,5039,problem2_retrain_v2/results/aligned/ablations/f1_gate_component_ablation_s2031_2035
noB,2035,TA,0.3,end,5026,A,reconstructed,0.9196594953536988,3.066322565078736,1.486782431602478,5039,problem2_retrain_v2/results/aligned/ablations/f1_gate_component_ablation_s2031_2035
noB,2035,TA,0.3,end,5026,A,observed_mean,0.551432728767395,3.066322565078736,2.140833139419556,5039,problem2_retrain_v2/results/aligned/ablations/f1_gate_component_ablation_s2031_2035
noB,2035,TA,0.3,random,5026,T,reconstructed,0.5065090656280518,12.66534423828125,5.383480072021484,5039,problem2_retrain_v2/results/aligned/ablations/f1_gate_component_ablation_s2031_2035
noB,2035,TA,0.3,random,5026,T,observed_mean,0.1068873479962349,12.66534423828125,12.35511589050293,5039,problem2_retrain_v2/results/aligned/ablations/f1_gate_component_ablation_s2031_2035
noB,2035,TA,0.3,random,5026,A,reconstructed,0.9078775644302368,3.0528926849365234,1.4949880838394165,5039,problem2_retrain_v2/results/aligned/ablations/f1_gate_component_ablation_s2031_2035
noB,2035,TA,0.3,random,5026,A,observed_mean,0.4883118569850921,3.0528926849365234,2.1018378734588623,5039,problem2_retrain_v2/results/aligned/ablations/f1_gate_component_ablation_s2031_2035
noB,2035,TA,0.3,random,5027,T,reconstructed,0.5068948268890381,12.60306167602539,5.384896755218506,5039,problem2_retrain_v2/results/aligned/ablations/f1_gate_component_ablation_s2031_2035
noB,2035,TA,0.3,random,5027,T,observed_mean,0.1064387857913971,12.60306167602539,12.365594863891602,5039,problem2_retrain_v2/results/aligned/ablations/f1_gate_component_ablation_s2031_2035
noB,2035,TA,0.3,random,5027,A,reconstructed,0.91578608751297,3.0511786937713623,1.4944549798965454,5039,problem2_retrain_v2/results/aligned/ablations/f1_gate_component_ablation_s2031_2035
noB,2035,TA,0.3,random,5027,A,observed_mean,0.4909746348857879,3.0511786937713623,2.101400375366211,5039,problem2_retrain_v2/results/aligned/ablations/f1_gate_component_ablation_s2031_2035
noB,2035,TA,0.3,random,5028,T,reconstructed,0.5073158740997314,12.610034942626951,5.384359836578369,5039,problem2_retrain_v2/results/aligned/ablations/f1_gate_component_ablation_s2031_2035
noB,2035,TA,0.3,random,5028,T,observed_mean,0.1109797954559326,12.610034942626951,12.409327507019045,5039,problem2_retrain_v2/results/aligned/ablations/f1_gate_component_ablation_s2031_2035
noB,2035,TA,0.3,random,5028,A,reconstructed,0.9098289012908936,3.0792508125305176,1.497096300125122,5039,problem2_retrain_v2/results/aligned/ablations/f1_gate_component_ablation_s2031_2035
noB,2035,TA,0.3,random,5028,A,observed_mean,0.4826064705848694,3.0792508125305176,2.086867570877075,5039,problem2_retrain_v2/results/aligned/ablations/f1_gate_component_ablation_s2031_2035
noB,2035,TV,0.3,start,5026,T,reconstructed,0.5082128643989563,12.96624755859375,5.398369312286377,5035,problem2_retrain_v2/results/aligned/ablations/f1_gate_component_ablation_s2031_2035
noB,2035,TV,0.3,start,5026,T,observed_mean,0.1058374121785163,12.96624755859375,12.230838775634766,5035,problem2_retrain_v2/results/aligned/ablations/f1_gate_component_ablation_s2031_2035
noB,2035,TV,0.3,start,5026,V,reconstructed,0.8733734488487244,3.316594362258911,2.717102766036988,4768,problem2_retrain_v2/results/aligned/ablations/f1_gate_component_ablation_s2031_2035
noB,2035,TV,0.3,start,5026,V,observed_mean,0.2126141786575317,3.316594362258911,2.9842231273651123,4768,problem2_retrain_v2/results/aligned/ablations/f1_gate_component_ablation_s2031_2035
noB,2035,TV,0.3,middle,5026,T,reconstructed,0.503621518611908,12.560614585876465,5.395996570587158,5036,problem2_retrain_v2/results/aligned/ablations/f1_gate_component_ablation_s2031_2035
noB,2035,TV,0.3,middle,5026,T,observed_mean,0.1023333445191383,12.560614585876465,12.39435863494873,5036,problem2_retrain_v2/results/aligned/ablations/f1_gate_component_ablation_s2031_2035
noB,2035,TV,0.3,middle,5026,V,reconstructed,0.8755559921264648,3.3083980083465576,2.730785131454468,4759,problem2_retrain_v2/results/aligned/ablations/f1_gate_component_ablation_s2031_2035
noB,2035,TV,0.3,middle,5026,V,observed_mean,0.1612162292003631,3.3083980083465576,2.965283155441284,4759,problem2_retrain_v2/results/aligned/ablations/f1_gate_component_ablation_s2031_2035
noB,2035,TV,0.3,end,5026,T,reconstructed,0.5129517912864685,12.630924224853516,5.375900268554688,5030,problem2_retrain_v2/results/aligned/ablations/f1_gate_component_ablation_s2031_2035
noB,2035,TV,0.3,end,5026,T,observed_mean,0.1193002387881279,12.630924224853516,11.790821075439451,5030,problem2_retrain_v2/results/aligned/ablations/f1_gate_component_ablation_s2031_2035
noB,2035,TV,0.3,end,5026,V,reconstructed,0.8779048323631287,3.435199737548828,2.727097749710083,4663,problem2_retrain_v2/results/aligned/ablations/f1_gate_component_ablation_s2031_2035
noB,2035,TV,0.3,end,5026,V,observed_mean,0.2287982255220413,3.435199737548828,2.988524436950684,4663,problem2_retrain_v2/results/aligned/ablations/f1_gate_component_ablation_s2031_2035
noB,2035,TV,0.3,random,5026,T,reconstructed,0.5057379603385925,12.66534423828125,5.3995561599731445,5039,problem2_retrain_v2/results/aligned/ablations/f1_gate_component_ablation_s2031_2035
noB,2035,TV,0.3,random,5026,T,observed_mean,0.1068873479962349,12.66534423828125,12.35511589050293,5039,problem2_retrain_v2/results/aligned/ablations/f1_gate_component_ablation_s2031_2035
noB,2035,TV,0.3,random,5026,V,reconstructed,0.8777692914009094,3.379366636276245,2.7302396297454834,4743,problem2_retrain_v2/results/aligned/ablations/f1_gate_component_ablation_s2031_2035
noB,2035,TV,0.3,random,5026,V,observed_mean,0.1822535991668701,3.379366636276245,2.9527251720428467,4743,problem2_retrain_v2/results/aligned/ablations/f1_gate_component_ablation_s2031_2035
noB,2035,TV,0.3,random,5027,T,reconstructed,0.5061782002449036,12.604055404663086,5.402084827423096,5038,problem2_retrain_v2/results/aligned/ablations/f1_gate_component_ablation_s2031_2035
noB,2035,TV,0.3,random,5027,T,observed_mean,0.106451466679573,12.604055404663086,12.366621017456056,5038,problem2_retrain_v2/results/aligned/ablations/f1_gate_component_ablation_s2031_2035
noB,2035,TV,0.3,random,5027,V,reconstructed,0.8761929273605347,3.3171958923339844,2.7276196479797363,4712,problem2_retrain_v2/results/aligned/ablations/f1_gate_component_ablation_s2031_2035
noB,2035,TV,0.3,random,5027,V,observed_mean,0.1838214993476867,3.3171958923339844,2.9759583473205566,4712,problem2_retrain_v2/results/aligned/ablations/f1_gate_component_ablation_s2031_2035
noB,2035,TV,0.3,random,5028,T,reconstructed,0.506439745426178,12.614768981933594,5.401904106140137,5030,problem2_retrain_v2/results/aligned/ablations/f1_gate_component_ablation_s2031_2035
noB,2035,TV,0.3,random,5028,T,observed_mean,0.1108683198690414,12.614768981933594,12.413512229919434,5030,problem2_retrain_v2/results/aligned/ablations/f1_gate_component_ablation_s2031_2035
noB,2035,TV,0.3,random,5028,V,reconstructed,0.877496063709259,3.346475601196289,2.7244632244110107,4710,problem2_retrain_v2/results/aligned/ablations/f1_gate_component_ablation_s2031_2035
noB,2035,TV,0.3,random,5028,V,observed_mean,0.1782710999250412,3.346475601196289,2.961228132247925,4710,problem2_retrain_v2/results/aligned/ablations/f1_gate_component_ablation_s2031_2035
noB,2035,AV,0.3,start,5026,A,reconstructed,0.9038223624229432,3.094355821609497,1.5006074905395508,5035,problem2_retrain_v2/results/aligned/ablations/f1_gate_component_ablation_s2031_2035
noB,2035,AV,0.3,start,5026,A,observed_mean,0.515385627746582,3.094355821609497,2.111670017242432,5035,problem2_retrain_v2/results/aligned/ablations/f1_gate_component_ablation_s2031_2035
noB,2035,AV,0.3,start,5026,V,reconstructed,0.874466061592102,3.316594362258911,2.723188877105713,4768,problem2_retrain_v2/results/aligned/ablations/f1_gate_component_ablation_s2031_2035
noB,2035,AV,0.3,start,5026,V,observed_mean,0.2126141786575317,3.316594362258911,2.9842231273651123,4768,problem2_retrain_v2/results/aligned/ablations/f1_gate_component_ablation_s2031_2035
noB,2035,AV,0.3,middle,5026,A,reconstructed,0.913043975830078,3.0630948543548584,1.500951647758484,5036,problem2_retrain_v2/results/aligned/ablations/f1_gate_component_ablation_s2031_2035
noB,2035,AV,0.3,middle,5026,A,observed_mean,0.4606410562992096,3.0630948543548584,2.0714457035064697,5036,problem2_retrain_v2/results/aligned/ablations/f1_gate_component_ablation_s2031_2035
noB,2035,AV,0.3,middle,5026,V,reconstructed,0.877500593662262,3.3083980083465576,2.7166309356689453,4759,problem2_retrain_v2/results/aligned/ablations/f1_gate_component_ablation_s2031_2035
noB,2035,AV,0.3,middle,5026,V,observed_mean,0.1612162292003631,3.3083980083465576,2.965283155441284,4759,problem2_retrain_v2/results/aligned/ablations/f1_gate_component_ablation_s2031_2035
noB,2035,AV,0.3,end,5026,A,reconstructed,0.9242084622383118,3.066444396972656,1.4996007680892944,5030,problem2_retrain_v2/results/aligned/ablations/f1_gate_component_ablation_s2031_2035
noB,2035,AV,0.3,end,5026,A,observed_mean,0.5514851212501526,3.066444396972656,2.13962459564209,5030,problem2_retrain_v2/results/aligned/ablations/f1_gate_component_ablation_s2031_2035
noB,2035,AV,0.3,end,5026,V,reconstructed,0.8763147592544556,3.435199737548828,2.71272349357605,4663,problem2_retrain_v2/results/aligned/ablations/f1_gate_component_ablation_s2031_2035
noB,2035,AV,0.3,end,5026,V,observed_mean,0.2287982255220413,3.435199737548828,2.988524436950684,4663,problem2_retrain_v2/results/aligned/ablations/f1_gate_component_ablation_s2031_2035
noB,2035,AV,0.3,random,5026,A,reconstructed,0.9106197953224182,3.0528926849365234,1.5006837844848633,5039,problem2_retrain_v2/results/aligned/ablations/f1_gate_component_ablation_s2031_2035
noB,2035,AV,0.3,random,5026,A,observed_mean,0.4883118569850921,3.0528926849365234,2.1018378734588623,5039,problem2_retrain_v2/results/aligned/ablations/f1_gate_component_ablation_s2031_2035
noB,2035,AV,0.3,random,5026,V,reconstructed,0.8771608471870422,3.379366636276245,2.718273162841797,4743,problem2_retrain_v2/results/aligned/ablations/f1_gate_component_ablation_s2031_2035
noB,2035,AV,0.3,random,5026,V,observed_mean,0.1822535991668701,3.379366636276245,2.9527251720428467,4743,problem2_retrain_v2/results/aligned/ablations/f1_gate_component_ablation_s2031_2035
noB,2035,AV,0.3,random,5027,A,reconstructed,0.9178373217582704,3.0509512424468994,1.50018048286438,5038,problem2_retrain_v2/results/aligned/ablations/f1_gate_component_ablation_s2031_2035
noB,2035,AV,0.3,random,5027,A,observed_mean,0.4910426437854767,3.0509512424468994,2.101057529449463,5038,problem2_retrain_v2/results/aligned/ablations/f1_gate_component_ablation_s2031_2035
noB,2035,AV,0.3,random,5027,V,reconstructed,0.8759565353393555,3.3171958923339844,2.717606544494629,4712,problem2_retrain_v2/results/aligned/ablations/f1_gate_component_ablation_s2031_2035
noB,2035,AV,0.3,random,5027,V,observed_mean,0.1838214993476867,3.3171958923339844,2.9759583473205566,4712,problem2_retrain_v2/results/aligned/ablations/f1_gate_component_ablation_s2031_2035
noB,2035,AV,0.3,random,5028,A,reconstructed,0.9133446216583252,3.0790271759033203,1.4992730617523191,5030,problem2_retrain_v2/results/aligned/ablations/f1_gate_component_ablation_s2031_2035
noB,2035,AV,0.3,random,5028,A,observed_mean,0.4827820062637329,3.0790271759033203,2.0849921703338623,5030,problem2_retrain_v2/results/aligned/ablations/f1_gate_component_ablation_s2031_2035
noB,2035,AV,0.3,random,5028,V,reconstructed,0.877991795539856,3.346475601196289,2.71911358833313,4710,problem2_retrain_v2/results/aligned/ablations/f1_gate_component_ablation_s2031_2035
noB,2035,AV,0.3,random,5028,V,observed_mean,0.1782710999250412,3.346475601196289,2.961228132247925,4710,problem2_retrain_v2/results/aligned/ablations/f1_gate_component_ablation_s2031_2035
noB,2035,TAV,0.3,start,5026,T,reconstructed,0.5059258341789246,12.96624755859375,5.383894920349121,5035,problem2_retrain_v2/results/aligned/ablations/f1_gate_component_ablation_s2031_2035
noB,2035,TAV,0.3,start,5026,T,observed_mean,0.1058374121785163,12.96624755859375,12.230838775634766,5035,problem2_retrain_v2/results/aligned/ablations/f1_gate_component_ablation_s2031_2035
noB,2035,TAV,0.3,start,5026,A,reconstructed,0.9029977917671204,3.094355821609497,1.497231364250183,5035,problem2_retrain_v2/results/aligned/ablations/f1_gate_component_ablation_s2031_2035
noB,2035,TAV,0.3,start,5026,A,observed_mean,0.515385627746582,3.094355821609497,2.111670017242432,5035,problem2_retrain_v2/results/aligned/ablations/f1_gate_component_ablation_s2031_2035
noB,2035,TAV,0.3,start,5026,V,reconstructed,0.872590959072113,3.316594362258911,2.7222354412078857,4768,problem2_retrain_v2/results/aligned/ablations/f1_gate_component_ablation_s2031_2035
noB,2035,TAV,0.3,start,5026,V,observed_mean,0.2126141786575317,3.316594362258911,2.9842231273651123,4768,problem2_retrain_v2/results/aligned/ablations/f1_gate_component_ablation_s2031_2035
noB,2035,TAV,0.3,middle,5026,T,reconstructed,0.5008945465087891,12.560614585876465,5.383523941040039,5036,problem2_retrain_v2/results/aligned/ablations/f1_gate_component_ablation_s2031_2035
noB,2035,TAV,0.3,middle,5026,T,observed_mean,0.1023333445191383,12.560614585876465,12.39435863494873,5036,problem2_retrain_v2/results/aligned/ablations/f1_gate_component_ablation_s2031_2035
noB,2035,TAV,0.3,middle,5026,A,reconstructed,0.9097089767456056,3.0630948543548584,1.4958597421646118,5036,problem2_retrain_v2/results/aligned/ablations/f1_gate_component_ablation_s2031_2035
noB,2035,TAV,0.3,middle,5026,A,observed_mean,0.4606410562992096,3.0630948543548584,2.0714457035064697,5036,problem2_retrain_v2/results/aligned/ablations/f1_gate_component_ablation_s2031_2035
noB,2035,TAV,0.3,middle,5026,V,reconstructed,0.8751556277275085,3.3083980083465576,2.7381179332733154,4759,problem2_retrain_v2/results/aligned/ablations/f1_gate_component_ablation_s2031_2035
noB,2035,TAV,0.3,middle,5026,V,observed_mean,0.1612162292003631,3.3083980083465576,2.965283155441284,4759,problem2_retrain_v2/results/aligned/ablations/f1_gate_component_ablation_s2031_2035
noB,2035,TAV,0.3,end,5026,T,reconstructed,0.509811520576477,12.630924224853516,5.364201545715332,5030,problem2_retrain_v2/results/aligned/ablations/f1_gate_component_ablation_s2031_2035
noB,2035,TAV,0.3,end,5026,T,observed_mean,0.1193002387881279,12.630924224853516,11.790821075439451,5030,problem2_retrain_v2/results/aligned/ablations/f1_gate_component_ablation_s2031_2035
noB,2035,TAV,0.3,end,5026,A,reconstructed,0.9213787317276,3.066444396972656,1.4857860803604126,5030,problem2_retrain_v2/results/aligned/ablations/f1_gate_component_ablation_s2031_2035
noB,2035,TAV,0.3,end,5026,A,observed_mean,0.5514851212501526,3.066444396972656,2.13962459564209,5030,problem2_retrain_v2/results/aligned/ablations/f1_gate_component_ablation_s2031_2035
noB,2035,TAV,0.3,end,5026,V,reconstructed,0.8770007491111755,3.435199737548828,2.734816312789917,4663,problem2_retrain_v2/results/aligned/ablations/f1_gate_component_ablation_s2031_2035
noB,2035,TAV,0.3,end,5026,V,observed_mean,0.2287982255220413,3.435199737548828,2.988524436950684,4663,problem2_retrain_v2/results/aligned/ablations/f1_gate_component_ablation_s2031_2035
noB,2035,TAV,0.3,random,5026,T,reconstructed,0.5030498504638672,12.66534423828125,5.386501312255859,5039,problem2_retrain_v2/results/aligned/ablations/f1_gate_component_ablation_s2031_2035
noB,2035,TAV,0.3,random,5026,T,observed_mean,0.1068873479962349,12.66534423828125,12.35511589050293,5039,problem2_retrain_v2/results/aligned/ablations/f1_gate_component_ablation_s2031_2035
noB,2035,TAV,0.3,random,5026,A,reconstructed,0.9093802571296692,3.0528926849365234,1.4968215227127075,5039,problem2_retrain_v2/results/aligned/ablations/f1_gate_component_ablation_s2031_2035
noB,2035,TAV,0.3,random,5026,A,observed_mean,0.4883118569850921,3.0528926849365234,2.1018378734588623,5039,problem2_retrain_v2/results/aligned/ablations/f1_gate_component_ablation_s2031_2035
noB,2035,TAV,0.3,random,5026,V,reconstructed,0.8769692778587341,3.379366636276245,2.735644817352295,4743,problem2_retrain_v2/results/aligned/ablations/f1_gate_component_ablation_s2031_2035
noB,2035,TAV,0.3,random,5026,V,observed_mean,0.1822535991668701,3.379366636276245,2.9527251720428467,4743,problem2_retrain_v2/results/aligned/ablations/f1_gate_component_ablation_s2031_2035
noB,2035,TAV,0.3,random,5027,T,reconstructed,0.5034530758857727,12.604055404663086,5.386250972747803,5038,problem2_retrain_v2/results/aligned/ablations/f1_gate_component_ablation_s2031_2035
noB,2035,TAV,0.3,random,5027,T,observed_mean,0.106451466679573,12.604055404663086,12.366621017456056,5038,problem2_retrain_v2/results/aligned/ablations/f1_gate_component_ablation_s2031_2035
noB,2035,TAV,0.3,random,5027,A,reconstructed,0.917256772518158,3.0509512424468994,1.4963812828063965,5038,problem2_retrain_v2/results/aligned/ablations/f1_gate_component_ablation_s2031_2035
noB,2035,TAV,0.3,random,5027,A,observed_mean,0.4910426437854767,3.0509512424468994,2.101057529449463,5038,problem2_retrain_v2/results/aligned/ablations/f1_gate_component_ablation_s2031_2035
noB,2035,TAV,0.3,random,5027,V,reconstructed,0.8758396506309509,3.3171958923339844,2.733386516571045,4712,problem2_retrain_v2/results/aligned/ablations/f1_gate_component_ablation_s2031_2035
noB,2035,TAV,0.3,random,5027,V,observed_mean,0.1838214993476867,3.3171958923339844,2.9759583473205566,4712,problem2_retrain_v2/results/aligned/ablations/f1_gate_component_ablation_s2031_2035
noB,2035,TAV,0.3,random,5028,T,reconstructed,0.5038416385650635,12.614768981933594,5.389732837677002,5030,problem2_retrain_v2/results/aligned/ablations/f1_gate_component_ablation_s2031_2035
noB,2035,TAV,0.3,random,5028,T,observed_mean,0.1108683198690414,12.614768981933594,12.413512229919434,5030,problem2_retrain_v2/results/aligned/ablations/f1_gate_component_ablation_s2031_2035
noB,2035,TAV,0.3,random,5028,A,reconstructed,0.9114285707473756,3.0790271759033203,1.4974040985107422,5030,problem2_retrain_v2/results/aligned/ablations/f1_gate_component_ablation_s2031_2035
noB,2035,TAV,0.3,random,5028,A,observed_mean,0.4827820062637329,3.0790271759033203,2.0849921703338623,5030,problem2_retrain_v2/results/aligned/ablations/f1_gate_component_ablation_s2031_2035
noB,2035,TAV,0.3,random,5028,V,reconstructed,0.8769950866699219,3.346475601196289,2.7318825721740723,4710,problem2_retrain_v2/results/aligned/ablations/f1_gate_component_ablation_s2031_2035
noB,2035,TAV,0.3,random,5028,V,observed_mean,0.1782710999250412,3.346475601196289,2.961228132247925,4710,problem2_retrain_v2/results/aligned/ablations/f1_gate_component_ablation_s2031_2035
noBeta,2035,T,0.1,random,5026,T,reconstructed,0.4709193408489227,12.82571506500244,5.85409688949585,1711,problem2_retrain_v2/results/aligned/ablations/f1_gate_component_ablation_s2031_2035
noBeta,2035,T,0.1,random,5026,T,observed_mean,0.0658419355750083,12.82571506500244,12.520060539245604,1711,problem2_retrain_v2/results/aligned/ablations/f1_gate_component_ablation_s2031_2035
noBeta,2035,T,0.1,random,5027,T,reconstructed,0.4726356565952301,12.785056114196776,5.855250835418701,1711,problem2_retrain_v2/results/aligned/ablations/f1_gate_component_ablation_s2031_2035
noBeta,2035,T,0.1,random,5027,T,observed_mean,0.0708820596337318,12.785056114196776,12.489908218383787,1711,problem2_retrain_v2/results/aligned/ablations/f1_gate_component_ablation_s2031_2035
noBeta,2035,T,0.1,random,5028,T,reconstructed,0.4744285047054291,12.78404140472412,5.86151123046875,1711,problem2_retrain_v2/results/aligned/ablations/f1_gate_component_ablation_s2031_2035
noBeta,2035,T,0.1,random,5028,T,observed_mean,0.076432354748249,12.78404140472412,12.475859642028809,1711,problem2_retrain_v2/results/aligned/ablations/f1_gate_component_ablation_s2031_2035
noBeta,2035,T,0.2,random,5026,T,reconstructed,0.4788581430912018,12.793253898620604,5.8592729568481445,3400,problem2_retrain_v2/results/aligned/ablations/f1_gate_component_ablation_s2031_2035
noBeta,2035,T,0.2,random,5026,T,observed_mean,0.0856809392571449,12.793253898620604,12.506413459777832,3400,problem2_retrain_v2/results/aligned/ablations/f1_gate_component_ablation_s2031_2035
noBeta,2035,T,0.2,random,5027,T,reconstructed,0.4791408181190491,12.75555419921875,5.8647332191467285,3400,problem2_retrain_v2/results/aligned/ablations/f1_gate_component_ablation_s2031_2035
noBeta,2035,T,0.2,random,5027,T,observed_mean,0.0865135490894317,12.75555419921875,12.518887519836426,3400,problem2_retrain_v2/results/aligned/ablations/f1_gate_component_ablation_s2031_2035
noBeta,2035,T,0.2,random,5028,T,reconstructed,0.4793404042720794,12.758472442626951,5.858354091644287,3400,problem2_retrain_v2/results/aligned/ablations/f1_gate_component_ablation_s2031_2035
noBeta,2035,T,0.2,random,5028,T,observed_mean,0.0915515124797821,12.758472442626951,12.539356231689451,3400,problem2_retrain_v2/results/aligned/ablations/f1_gate_component_ablation_s2031_2035
noBeta,2035,T,0.3,start,5026,T,reconstructed,0.4863402247428894,13.09732723236084,5.807749271392822,5039,problem2_retrain_v2/results/aligned/ablations/f1_gate_component_ablation_s2031_2035
noBeta,2035,T,0.3,start,5026,T,observed_mean,0.1012272015213966,13.09732723236084,12.341240882873535,5039,problem2_retrain_v2/results/aligned/ablations/f1_gate_component_ablation_s2031_2035
noBeta,2035,T,0.3,middle,5026,T,reconstructed,0.4824536442756653,12.703909873962402,5.835231304168701,5039,problem2_retrain_v2/results/aligned/ablations/f1_gate_component_ablation_s2031_2035
noBeta,2035,T,0.3,middle,5026,T,observed_mean,0.0973663702607154,12.703909873962402,12.507291793823242,5039,problem2_retrain_v2/results/aligned/ablations/f1_gate_component_ablation_s2031_2035
noBeta,2035,T,0.3,end,5026,T,reconstructed,0.4912863671779632,12.731162071228027,5.808760166168213,5039,problem2_retrain_v2/results/aligned/ablations/f1_gate_component_ablation_s2031_2035
noBeta,2035,T,0.3,end,5026,T,observed_mean,0.1149645671248436,12.731162071228027,11.935136795043944,5039,problem2_retrain_v2/results/aligned/ablations/f1_gate_component_ablation_s2031_2035
noBeta,2035,T,0.3,random,5026,T,reconstructed,0.4850814938545227,12.79391098022461,5.838648796081543,5039,problem2_retrain_v2/results/aligned/ablations/f1_gate_component_ablation_s2031_2035
noBeta,2035,T,0.3,random,5026,T,observed_mean,0.1025305017828941,12.79391098022461,12.47483253479004,5039,problem2_retrain_v2/results/aligned/ablations/f1_gate_component_ablation_s2031_2035
noBeta,2035,T,0.3,random,5027,T,reconstructed,0.4847688972949981,12.73151969909668,5.837721824645996,5039,problem2_retrain_v2/results/aligned/ablations/f1_gate_component_ablation_s2031_2035
noBeta,2035,T,0.3,random,5027,T,observed_mean,0.1018194779753685,12.73151969909668,12.513372421264648,5039,problem2_retrain_v2/results/aligned/ablations/f1_gate_component_ablation_s2031_2035
noBeta,2035,T,0.3,random,5028,T,reconstructed,0.4852153062820434,12.739602088928224,5.840487003326416,5039,problem2_retrain_v2/results/aligned/ablations/f1_gate_component_ablation_s2031_2035
noBeta,2035,T,0.3,random,5028,T,observed_mean,0.1063743606209755,12.739602088928224,12.546297073364258,5039,problem2_retrain_v2/results/aligned/ablations/f1_gate_component_ablation_s2031_2035
noBeta,2035,T,0.4,random,5026,T,reconstructed,0.4942450225353241,12.784223556518556,5.815467834472656,6740,problem2_retrain_v2/results/aligned/ablations/f1_gate_component_ablation_s2031_2035
noBeta,2035,T,0.4,random,5026,T,observed_mean,0.1228669062256813,12.784223556518556,12.431323051452637,6740,problem2_retrain_v2/results/aligned/ablations/f1_gate_component_ablation_s2031_2035
noBeta,2035,T,0.4,random,5027,T,reconstructed,0.4925131499767303,12.725193977355955,5.816559791564941,6740,problem2_retrain_v2/results/aligned/ablations/f1_gate_component_ablation_s2031_2035
noBeta,2035,T,0.4,random,5027,T,observed_mean,0.1228749826550483,12.725193977355955,12.488323211669922,6740,problem2_retrain_v2/results/aligned/ablations/f1_gate_component_ablation_s2031_2035
noBeta,2035,T,0.4,random,5028,T,reconstructed,0.4943104982376098,12.734733581542969,5.818109512329102,6740,problem2_retrain_v2/results/aligned/ablations/f1_gate_component_ablation_s2031_2035
noBeta,2035,T,0.4,random,5028,T,observed_mean,0.126375213265419,12.734733581542969,12.570527076721191,6740,problem2_retrain_v2/results/aligned/ablations/f1_gate_component_ablation_s2031_2035
noBeta,2035,T,0.5,random,5026,T,reconstructed,0.5037776827812195,12.78520393371582,5.772852420806885,8415,problem2_retrain_v2/results/aligned/ablations/f1_gate_component_ablation_s2031_2035
noBeta,2035,T,0.5,random,5026,T,observed_mean,0.1432535797357559,12.78520393371582,12.327770233154297,8415,problem2_retrain_v2/results/aligned/ablations/f1_gate_component_ablation_s2031_2035
noBeta,2035,T,0.5,random,5027,T,reconstructed,0.5014607310295105,12.74131202697754,5.764579772949219,8415,problem2_retrain_v2/results/aligned/ablations/f1_gate_component_ablation_s2031_2035
noBeta,2035,T,0.5,random,5027,T,observed_mean,0.1428984254598617,12.74131202697754,12.354108810424805,8415,problem2_retrain_v2/results/aligned/ablations/f1_gate_component_ablation_s2031_2035
noBeta,2035,T,0.5,random,5028,T,reconstructed,0.5030001997947693,12.730063438415527,5.788502216339111,8415,problem2_retrain_v2/results/aligned/ablations/f1_gate_component_ablation_s2031_2035
noBeta,2035,T,0.5,random,5028,T,observed_mean,0.145812377333641,12.730063438415527,12.504047393798828,8415,problem2_retrain_v2/results/aligned/ablations/f1_gate_component_ablation_s2031_2035
noBeta,2035,A,0.1,random,5026,A,reconstructed,0.9054494500160216,3.08168363571167,1.480129957199097,1711,problem2_retrain_v2/results/aligned/ablations/f1_gate_component_ablation_s2031_2035
noBeta,2035,A,0.1,random,5026,A,observed_mean,0.4361418485641479,3.08168363571167,2.0510153770446777,1711,problem2_retrain_v2/results/aligned/ablations/f1_gate_component_ablation_s2031_2035
noBeta,2035,A,0.1,random,5027,A,reconstructed,0.9180636405944824,3.084773063659668,1.479855179786682,1711,problem2_retrain_v2/results/aligned/ablations/f1_gate_component_ablation_s2031_2035
noBeta,2035,A,0.1,random,5027,A,observed_mean,0.4382506608963012,3.084773063659668,2.0529253482818604,1711,problem2_retrain_v2/results/aligned/ablations/f1_gate_component_ablation_s2031_2035
noBeta,2035,A,0.1,random,5028,A,reconstructed,0.9134794473648072,3.031489610671997,1.4794390201568604,1711,problem2_retrain_v2/results/aligned/ablations/f1_gate_component_ablation_s2031_2035
noBeta,2035,A,0.1,random,5028,A,observed_mean,0.4303098320960998,3.031489610671997,2.054283857345581,1711,problem2_retrain_v2/results/aligned/ablations/f1_gate_component_ablation_s2031_2035
noBeta,2035,A,0.2,random,5026,A,reconstructed,0.908449411392212,3.0619921684265137,1.4814122915267944,3400,problem2_retrain_v2/results/aligned/ablations/f1_gate_component_ablation_s2031_2035
noBeta,2035,A,0.2,random,5026,A,observed_mean,0.4660341739654541,3.0619921684265137,2.0564889907836914,3400,problem2_retrain_v2/results/aligned/ablations/f1_gate_component_ablation_s2031_2035
noBeta,2035,A,0.2,random,5027,A,reconstructed,0.9180342555046082,3.057848691940308,1.4811205863952637,3400,problem2_retrain_v2/results/aligned/ablations/f1_gate_component_ablation_s2031_2035
noBeta,2035,A,0.2,random,5027,A,observed_mean,0.4713132977485657,3.057848691940308,2.059576272964477,3400,problem2_retrain_v2/results/aligned/ablations/f1_gate_component_ablation_s2031_2035
noBeta,2035,A,0.2,random,5028,A,reconstructed,0.9124829173088074,3.0760960578918457,1.4805735349655151,3400,problem2_retrain_v2/results/aligned/ablations/f1_gate_component_ablation_s2031_2035
noBeta,2035,A,0.2,random,5028,A,observed_mean,0.459962397813797,3.0760960578918457,2.048446655273437,3400,problem2_retrain_v2/results/aligned/ablations/f1_gate_component_ablation_s2031_2035
noBeta,2035,A,0.3,start,5026,A,reconstructed,0.9032137393951416,3.09371018409729,1.4812989234924316,5039,problem2_retrain_v2/results/aligned/ablations/f1_gate_component_ablation_s2031_2035
noBeta,2035,A,0.3,start,5026,A,observed_mean,0.5154302716255188,3.09371018409729,2.1115291118621826,5039,problem2_retrain_v2/results/aligned/ablations/f1_gate_component_ablation_s2031_2035
noBeta,2035,A,0.3,middle,5026,A,reconstructed,0.9127376079559326,3.0632927417755127,1.483289361000061,5039,problem2_retrain_v2/results/aligned/ablations/f1_gate_component_ablation_s2031_2035
noBeta,2035,A,0.3,middle,5026,A,observed_mean,0.4604613184928894,3.0632927417755127,2.0723376274108887,5039,problem2_retrain_v2/results/aligned/ablations/f1_gate_component_ablation_s2031_2035
noBeta,2035,A,0.3,end,5026,A,reconstructed,0.9228038787841796,3.065878629684448,1.483444094657898,5039,problem2_retrain_v2/results/aligned/ablations/f1_gate_component_ablation_s2031_2035
noBeta,2035,A,0.3,end,5026,A,observed_mean,0.5514174699783325,3.065878629684448,2.1406171321868896,5039,problem2_retrain_v2/results/aligned/ablations/f1_gate_component_ablation_s2031_2035
noBeta,2035,A,0.3,random,5026,A,reconstructed,0.9100354313850404,3.0525197982788086,1.4828938245773315,5039,problem2_retrain_v2/results/aligned/ablations/f1_gate_component_ablation_s2031_2035
noBeta,2035,A,0.3,random,5026,A,observed_mean,0.4883178174495697,3.0525197982788086,2.1016342639923096,5039,problem2_retrain_v2/results/aligned/ablations/f1_gate_component_ablation_s2031_2035
noBeta,2035,A,0.3,random,5027,A,reconstructed,0.9172932505607604,3.0508904457092285,1.482638955116272,5039,problem2_retrain_v2/results/aligned/ablations/f1_gate_component_ablation_s2031_2035
noBeta,2035,A,0.3,random,5027,A,observed_mean,0.4909599125385284,3.0508904457092285,2.1011483669281006,5039,problem2_retrain_v2/results/aligned/ablations/f1_gate_component_ablation_s2031_2035
noBeta,2035,A,0.3,random,5028,A,reconstructed,0.9127020239830016,3.078897953033448,1.4819517135620115,5039,problem2_retrain_v2/results/aligned/ablations/f1_gate_component_ablation_s2031_2035
noBeta,2035,A,0.3,random,5028,A,observed_mean,0.4825943112373352,3.078897953033448,2.086641788482666,5039,problem2_retrain_v2/results/aligned/ablations/f1_gate_component_ablation_s2031_2035
noBeta,2035,A,0.4,random,5026,A,reconstructed,0.911515176296234,3.045418262481689,1.485021471977234,6740,problem2_retrain_v2/results/aligned/ablations/f1_gate_component_ablation_s2031_2035
noBeta,2035,A,0.4,random,5026,A,observed_mean,0.5049933195114136,3.045418262481689,2.1388211250305176,6740,problem2_retrain_v2/results/aligned/ablations/f1_gate_component_ablation_s2031_2035
noBeta,2035,A,0.4,random,5027,A,reconstructed,0.9164032340049744,3.049586534500122,1.4843498468399048,6740,problem2_retrain_v2/results/aligned/ablations/f1_gate_component_ablation_s2031_2035
noBeta,2035,A,0.4,random,5027,A,observed_mean,0.5048070549964905,3.049586534500122,2.1375889778137207,6740,problem2_retrain_v2/results/aligned/ablations/f1_gate_component_ablation_s2031_2035
noBeta,2035,A,0.4,random,5028,A,reconstructed,0.912752091884613,3.0806915760040283,1.483800768852234,6740,problem2_retrain_v2/results/aligned/ablations/f1_gate_component_ablation_s2031_2035
noBeta,2035,A,0.4,random,5028,A,observed_mean,0.5003488063812256,3.0806915760040283,2.114662170410156,6740,problem2_retrain_v2/results/aligned/ablations/f1_gate_component_ablation_s2031_2035
noBeta,2035,A,0.5,random,5026,A,reconstructed,0.9116403460502625,3.047877550125122,1.486772060394287,8415,problem2_retrain_v2/results/aligned/ablations/f1_gate_component_ablation_s2031_2035
noBeta,2035,A,0.5,random,5026,A,observed_mean,0.5188356637954712,3.047877550125122,2.184436559677124,8415,problem2_retrain_v2/results/aligned/ablations/f1_gate_component_ablation_s2031_2035
noBeta,2035,A,0.5,random,5027,A,reconstructed,0.9157853722572328,3.07014799118042,1.4860572814941406,8415,problem2_retrain_v2/results/aligned/ablations/f1_gate_component_ablation_s2031_2035
noBeta,2035,A,0.5,random,5027,A,observed_mean,0.517754077911377,3.07014799118042,2.169564008712769,8415,problem2_retrain_v2/results/aligned/ablations/f1_gate_component_ablation_s2031_2035
noBeta,2035,A,0.5,random,5028,A,reconstructed,0.9128921627998352,3.072004795074463,1.4856339693069458,8415,problem2_retrain_v2/results/aligned/ablations/f1_gate_component_ablation_s2031_2035
noBeta,2035,A,0.5,random,5028,A,observed_mean,0.5184594392776489,3.072004795074463,2.159583330154419,8415,problem2_retrain_v2/results/aligned/ablations/f1_gate_component_ablation_s2031_2035
noBeta,2035,V,0.1,random,5026,V,reconstructed,0.8788527250289917,3.390958309173584,2.636302947998047,1604,problem2_retrain_v2/results/aligned/ablations/f1_gate_component_ablation_s2031_2035
noBeta,2035,V,0.1,random,5026,V,observed_mean,0.1575390398502349,3.390958309173584,2.931645393371582,1604,problem2_retrain_v2/results/aligned/ablations/f1_gate_component_ablation_s2031_2035
noBeta,2035,V,0.1,random,5027,V,reconstructed,0.8753362894058228,3.2925591468811035,2.637240171432495,1595,problem2_retrain_v2/results/aligned/ablations/f1_gate_component_ablation_s2031_2035
noBeta,2035,V,0.1,random,5027,V,observed_mean,0.1567067056894302,3.2925591468811035,2.955664157867432,1595,problem2_retrain_v2/results/aligned/ablations/f1_gate_component_ablation_s2031_2035
noBeta,2035,V,0.1,random,5028,V,reconstructed,0.8803687691688538,3.3683114051818848,2.6366186141967773,1588,problem2_retrain_v2/results/aligned/ablations/f1_gate_component_ablation_s2031_2035
noBeta,2035,V,0.1,random,5028,V,observed_mean,0.1531216651201248,3.3683114051818848,2.947029590606689,1588,problem2_retrain_v2/results/aligned/ablations/f1_gate_component_ablation_s2031_2035
noBeta,2035,V,0.2,random,5026,V,reconstructed,0.8808057308197021,3.3856537342071533,2.636306047439575,3194,problem2_retrain_v2/results/aligned/ablations/f1_gate_component_ablation_s2031_2035
noBeta,2035,V,0.2,random,5026,V,observed_mean,0.171545073390007,3.3856537342071533,2.941694498062134,3194,problem2_retrain_v2/results/aligned/ablations/f1_gate_component_ablation_s2031_2035
noBeta,2035,V,0.2,random,5027,V,reconstructed,0.8782682418823242,3.308823347091675,2.636918306350708,3180,problem2_retrain_v2/results/aligned/ablations/f1_gate_component_ablation_s2031_2035
noBeta,2035,V,0.2,random,5027,V,observed_mean,0.1718656569719314,3.308823347091675,2.960669040679932,3180,problem2_retrain_v2/results/aligned/ablations/f1_gate_component_ablation_s2031_2035
noBeta,2035,V,0.2,random,5028,V,reconstructed,0.8814957737922668,3.3679118156433105,2.637331247329712,3176,problem2_retrain_v2/results/aligned/ablations/f1_gate_component_ablation_s2031_2035
noBeta,2035,V,0.2,random,5028,V,observed_mean,0.1697103083133697,3.3679118156433105,2.949950218200684,3176,problem2_retrain_v2/results/aligned/ablations/f1_gate_component_ablation_s2031_2035
noBeta,2035,V,0.3,start,5026,V,reconstructed,0.8792358040809631,3.3167166709899902,2.6412315368652344,4768,problem2_retrain_v2/results/aligned/ablations/f1_gate_component_ablation_s2031_2035
noBeta,2035,V,0.3,start,5026,V,observed_mean,0.212583526968956,3.3167166709899902,2.984321117401123,4768,problem2_retrain_v2/results/aligned/ablations/f1_gate_component_ablation_s2031_2035
noBeta,2035,V,0.3,middle,5026,V,reconstructed,0.8817951083183289,3.3083865642547607,2.6349427700042725,4759,problem2_retrain_v2/results/aligned/ablations/f1_gate_component_ablation_s2031_2035
noBeta,2035,V,0.3,middle,5026,V,observed_mean,0.1611888408660888,3.3083865642547607,2.9654576778411865,4759,problem2_retrain_v2/results/aligned/ablations/f1_gate_component_ablation_s2031_2035
noBeta,2035,V,0.3,end,5026,V,reconstructed,0.8799734711647034,3.43531346321106,2.629849433898926,4663,problem2_retrain_v2/results/aligned/ablations/f1_gate_component_ablation_s2031_2035
noBeta,2035,V,0.3,end,5026,V,observed_mean,0.2287841886281967,3.43531346321106,2.9886488914489746,4663,problem2_retrain_v2/results/aligned/ablations/f1_gate_component_ablation_s2031_2035
noBeta,2035,V,0.3,random,5026,V,reconstructed,0.881977915763855,3.379348993301392,2.6369001865386963,4743,problem2_retrain_v2/results/aligned/ablations/f1_gate_component_ablation_s2031_2035
noBeta,2035,V,0.3,random,5026,V,observed_mean,0.1822369694709777,3.379348993301392,2.952911376953125,4743,problem2_retrain_v2/results/aligned/ablations/f1_gate_component_ablation_s2031_2035
noBeta,2035,V,0.3,random,5027,V,reconstructed,0.8797315359115601,3.3172361850738525,2.636179208755493,4712,problem2_retrain_v2/results/aligned/ablations/f1_gate_component_ablation_s2031_2035
noBeta,2035,V,0.3,random,5027,V,observed_mean,0.183806911110878,3.3172361850738525,2.9761288166046143,4712,problem2_retrain_v2/results/aligned/ablations/f1_gate_component_ablation_s2031_2035
noBeta,2035,V,0.3,random,5028,V,reconstructed,0.8819965124130249,3.346540927886963,2.636544942855835,4710,problem2_retrain_v2/results/aligned/ablations/f1_gate_component_ablation_s2031_2035
noBeta,2035,V,0.3,random,5028,V,observed_mean,0.1782578527927398,3.346540927886963,2.961372137069702,4710,problem2_retrain_v2/results/aligned/ablations/f1_gate_component_ablation_s2031_2035
noBeta,2035,V,0.4,random,5026,V,reconstructed,0.8821283578872681,3.359210252761841,2.636829376220703,6357,problem2_retrain_v2/results/aligned/ablations/f1_gate_component_ablation_s2031_2035
noBeta,2035,V,0.4,random,5026,V,observed_mean,0.1925978064537048,3.359210252761841,2.97456169128418,6357,problem2_retrain_v2/results/aligned/ablations/f1_gate_component_ablation_s2031_2035
noBeta,2035,V,0.4,random,5027,V,reconstructed,0.8802222609519958,3.3175652027130127,2.635981798171997,6308,problem2_retrain_v2/results/aligned/ablations/f1_gate_component_ablation_s2031_2035
noBeta,2035,V,0.4,random,5027,V,observed_mean,0.1949506998062133,3.3175652027130127,2.998080253601074,6308,problem2_retrain_v2/results/aligned/ablations/f1_gate_component_ablation_s2031_2035
noBeta,2035,V,0.4,random,5028,V,reconstructed,0.8826178312301636,3.3483710289001465,2.636239528656006,6306,problem2_retrain_v2/results/aligned/ablations/f1_gate_component_ablation_s2031_2035
noBeta,2035,V,0.4,random,5028,V,observed_mean,0.1906303465366363,3.3483710289001465,2.9795353412628174,6306,problem2_retrain_v2/results/aligned/ablations/f1_gate_component_ablation_s2031_2035
noBeta,2035,V,0.5,random,5026,V,reconstructed,0.8814231753349304,3.3399360179901123,2.6357786655426025,7939,problem2_retrain_v2/results/aligned/ablations/f1_gate_component_ablation_s2031_2035
noBeta,2035,V,0.5,random,5026,V,observed_mean,0.202040284872055,3.3399360179901123,3.007509708404541,7939,problem2_retrain_v2/results/aligned/ablations/f1_gate_component_ablation_s2031_2035
noBeta,2035,V,0.5,random,5027,V,reconstructed,0.8802140951156616,3.3184962272644043,2.6350648403167725,7888,problem2_retrain_v2/results/aligned/ablations/f1_gate_component_ablation_s2031_2035
noBeta,2035,V,0.5,random,5027,V,observed_mean,0.2035516649484634,3.3184962272644043,3.0218780040740967,7888,problem2_retrain_v2/results/aligned/ablations/f1_gate_component_ablation_s2031_2035
noBeta,2035,V,0.5,random,5028,V,reconstructed,0.8827298879623413,3.333556890487671,2.635280132293701,7893,problem2_retrain_v2/results/aligned/ablations/f1_gate_component_ablation_s2031_2035
noBeta,2035,V,0.5,random,5028,V,observed_mean,0.2014041244983673,3.333556890487671,3.0138583183288574,7893,problem2_retrain_v2/results/aligned/ablations/f1_gate_component_ablation_s2031_2035
noBeta,2035,TA,0.3,start,5026,T,reconstructed,0.4841845035552978,13.09732723236084,5.794229984283447,5039,problem2_retrain_v2/results/aligned/ablations/f1_gate_component_ablation_s2031_2035
noBeta,2035,TA,0.3,start,5026,T,observed_mean,0.1012272015213966,13.09732723236084,12.341240882873535,5039,problem2_retrain_v2/results/aligned/ablations/f1_gate_component_ablation_s2031_2035
noBeta,2035,TA,0.3,start,5026,A,reconstructed,0.901655375957489,3.09371018409729,1.480302810668945,5039,problem2_retrain_v2/results/aligned/ablations/f1_gate_component_ablation_s2031_2035
noBeta,2035,TA,0.3,start,5026,A,observed_mean,0.5154302716255188,3.09371018409729,2.1115291118621826,5039,problem2_retrain_v2/results/aligned/ablations/f1_gate_component_ablation_s2031_2035
noBeta,2035,TA,0.3,middle,5026,T,reconstructed,0.4800159931182861,12.703909873962402,5.8246917724609375,5039,problem2_retrain_v2/results/aligned/ablations/f1_gate_component_ablation_s2031_2035
noBeta,2035,TA,0.3,middle,5026,T,observed_mean,0.0973663702607154,12.703909873962402,12.507291793823242,5039,problem2_retrain_v2/results/aligned/ablations/f1_gate_component_ablation_s2031_2035
noBeta,2035,TA,0.3,middle,5026,A,reconstructed,0.9090760946273804,3.0632927417755127,1.4811017513275146,5039,problem2_retrain_v2/results/aligned/ablations/f1_gate_component_ablation_s2031_2035
noBeta,2035,TA,0.3,middle,5026,A,observed_mean,0.4604613184928894,3.0632927417755127,2.0723376274108887,5039,problem2_retrain_v2/results/aligned/ablations/f1_gate_component_ablation_s2031_2035
noBeta,2035,TA,0.3,end,5026,T,reconstructed,0.4885986447334289,12.731162071228027,5.800931453704834,5039,problem2_retrain_v2/results/aligned/ablations/f1_gate_component_ablation_s2031_2035
noBeta,2035,TA,0.3,end,5026,T,observed_mean,0.1149645671248436,12.731162071228027,11.935136795043944,5039,problem2_retrain_v2/results/aligned/ablations/f1_gate_component_ablation_s2031_2035
noBeta,2035,TA,0.3,end,5026,A,reconstructed,0.9194592833518982,3.065878629684448,1.4739402532577517,5039,problem2_retrain_v2/results/aligned/ablations/f1_gate_component_ablation_s2031_2035
noBeta,2035,TA,0.3,end,5026,A,observed_mean,0.5514174699783325,3.065878629684448,2.1406171321868896,5039,problem2_retrain_v2/results/aligned/ablations/f1_gate_component_ablation_s2031_2035
noBeta,2035,TA,0.3,random,5026,T,reconstructed,0.4827163517475128,12.79391098022461,5.827527523040772,5039,problem2_retrain_v2/results/aligned/ablations/f1_gate_component_ablation_s2031_2035
noBeta,2035,TA,0.3,random,5026,T,observed_mean,0.1025305017828941,12.79391098022461,12.47483253479004,5039,problem2_retrain_v2/results/aligned/ablations/f1_gate_component_ablation_s2031_2035
noBeta,2035,TA,0.3,random,5026,A,reconstructed,0.908354103565216,3.0525197982788086,1.4816961288452148,5039,problem2_retrain_v2/results/aligned/ablations/f1_gate_component_ablation_s2031_2035
noBeta,2035,TA,0.3,random,5026,A,observed_mean,0.4883178174495697,3.0525197982788086,2.1016342639923096,5039,problem2_retrain_v2/results/aligned/ablations/f1_gate_component_ablation_s2031_2035
noBeta,2035,TA,0.3,random,5027,T,reconstructed,0.4823585450649261,12.73151969909668,5.824159145355225,5039,problem2_retrain_v2/results/aligned/ablations/f1_gate_component_ablation_s2031_2035
noBeta,2035,TA,0.3,random,5027,T,observed_mean,0.1018194779753685,12.73151969909668,12.513372421264648,5039,problem2_retrain_v2/results/aligned/ablations/f1_gate_component_ablation_s2031_2035
noBeta,2035,TA,0.3,random,5027,A,reconstructed,0.9162746667861938,3.0508904457092285,1.4814856052398682,5039,problem2_retrain_v2/results/aligned/ablations/f1_gate_component_ablation_s2031_2035
noBeta,2035,TA,0.3,random,5027,A,observed_mean,0.4909599125385284,3.0508904457092285,2.1011483669281006,5039,problem2_retrain_v2/results/aligned/ablations/f1_gate_component_ablation_s2031_2035
noBeta,2035,TA,0.3,random,5028,T,reconstructed,0.4829122424125671,12.739602088928224,5.830091953277588,5039,problem2_retrain_v2/results/aligned/ablations/f1_gate_component_ablation_s2031_2035
noBeta,2035,TA,0.3,random,5028,T,observed_mean,0.1063743606209755,12.739602088928224,12.546297073364258,5039,problem2_retrain_v2/results/aligned/ablations/f1_gate_component_ablation_s2031_2035
noBeta,2035,TA,0.3,random,5028,A,reconstructed,0.9103352427482604,3.078897953033448,1.4833509922027588,5039,problem2_retrain_v2/results/aligned/ablations/f1_gate_component_ablation_s2031_2035
noBeta,2035,TA,0.3,random,5028,A,observed_mean,0.4825943112373352,3.078897953033448,2.086641788482666,5039,problem2_retrain_v2/results/aligned/ablations/f1_gate_component_ablation_s2031_2035
noBeta,2035,TV,0.3,start,5026,T,reconstructed,0.4830733835697174,13.09969425201416,5.8097453117370605,5035,problem2_retrain_v2/results/aligned/ablations/f1_gate_component_ablation_s2031_2035
noBeta,2035,TV,0.3,start,5026,T,observed_mean,0.1012424677610397,13.09969425201416,12.342973709106444,5035,problem2_retrain_v2/results/aligned/ablations/f1_gate_component_ablation_s2031_2035
noBeta,2035,TV,0.3,start,5026,V,reconstructed,0.8782141804695129,3.3167166709899902,2.638392210006714,4768,problem2_retrain_v2/results/aligned/ablations/f1_gate_component_ablation_s2031_2035
noBeta,2035,TV,0.3,start,5026,V,observed_mean,0.212583526968956,3.3167166709899902,2.984321117401123,4768,problem2_retrain_v2/results/aligned/ablations/f1_gate_component_ablation_s2031_2035
noBeta,2035,TV,0.3,middle,5026,T,reconstructed,0.4790018200874328,12.706602096557615,5.838296890258789,5036,problem2_retrain_v2/results/aligned/ablations/f1_gate_component_ablation_s2031_2035
noBeta,2035,TV,0.3,middle,5026,T,observed_mean,0.0973341166973114,12.706602096557615,12.509361267089844,5036,problem2_retrain_v2/results/aligned/ablations/f1_gate_component_ablation_s2031_2035
noBeta,2035,TV,0.3,middle,5026,V,reconstructed,0.8801518082618713,3.3083865642547607,2.65194034576416,4759,problem2_retrain_v2/results/aligned/ablations/f1_gate_component_ablation_s2031_2035
noBeta,2035,TV,0.3,middle,5026,V,observed_mean,0.1611888408660888,3.3083865642547607,2.9654576778411865,4759,problem2_retrain_v2/results/aligned/ablations/f1_gate_component_ablation_s2031_2035
noBeta,2035,TV,0.3,end,5026,T,reconstructed,0.4878638386726379,12.737090110778809,5.81050968170166,5030,problem2_retrain_v2/results/aligned/ablations/f1_gate_component_ablation_s2031_2035
noBeta,2035,TV,0.3,end,5026,T,observed_mean,0.1149922236800193,12.737090110778809,11.939379692077637,5030,problem2_retrain_v2/results/aligned/ablations/f1_gate_component_ablation_s2031_2035
noBeta,2035,TV,0.3,end,5026,V,reconstructed,0.8806162476539612,3.43531346321106,2.6480207443237305,4663,problem2_retrain_v2/results/aligned/ablations/f1_gate_component_ablation_s2031_2035
noBeta,2035,TV,0.3,end,5026,V,observed_mean,0.2287841886281967,3.43531346321106,2.9886488914489746,4663,problem2_retrain_v2/results/aligned/ablations/f1_gate_component_ablation_s2031_2035
noBeta,2035,TV,0.3,random,5026,T,reconstructed,0.4817802011966705,12.79391098022461,5.840884685516357,5039,problem2_retrain_v2/results/aligned/ablations/f1_gate_component_ablation_s2031_2035
noBeta,2035,TV,0.3,random,5026,T,observed_mean,0.1025305017828941,12.79391098022461,12.47483253479004,5039,problem2_retrain_v2/results/aligned/ablations/f1_gate_component_ablation_s2031_2035
noBeta,2035,TV,0.3,random,5026,V,reconstructed,0.8822351694107056,3.379348993301392,2.650288820266724,4743,problem2_retrain_v2/results/aligned/ablations/f1_gate_component_ablation_s2031_2035
noBeta,2035,TV,0.3,random,5026,V,observed_mean,0.1822369694709777,3.379348993301392,2.952911376953125,4743,problem2_retrain_v2/results/aligned/ablations/f1_gate_component_ablation_s2031_2035
noBeta,2035,TV,0.3,random,5027,T,reconstructed,0.4814472496509552,12.732514381408691,5.83787727355957,5038,problem2_retrain_v2/results/aligned/ablations/f1_gate_component_ablation_s2031_2035
noBeta,2035,TV,0.3,random,5027,T,observed_mean,0.1018323227763176,12.732514381408691,12.514309883117676,5038,problem2_retrain_v2/results/aligned/ablations/f1_gate_component_ablation_s2031_2035
noBeta,2035,TV,0.3,random,5027,V,reconstructed,0.8798220753669739,3.3172361850738525,2.649020195007324,4712,problem2_retrain_v2/results/aligned/ablations/f1_gate_component_ablation_s2031_2035
noBeta,2035,TV,0.3,random,5027,V,observed_mean,0.183806911110878,3.3172361850738525,2.9761288166046143,4712,problem2_retrain_v2/results/aligned/ablations/f1_gate_component_ablation_s2031_2035
noBeta,2035,TV,0.3,random,5028,T,reconstructed,0.4818510413169861,12.74460506439209,5.844090461730957,5030,problem2_retrain_v2/results/aligned/ablations/f1_gate_component_ablation_s2031_2035
noBeta,2035,TV,0.3,random,5028,T,observed_mean,0.1062642782926559,12.74460506439209,12.550532341003418,5030,problem2_retrain_v2/results/aligned/ablations/f1_gate_component_ablation_s2031_2035
noBeta,2035,TV,0.3,random,5028,V,reconstructed,0.8810161352157593,3.346540927886963,2.645003318786621,4710,problem2_retrain_v2/results/aligned/ablations/f1_gate_component_ablation_s2031_2035
noBeta,2035,TV,0.3,random,5028,V,observed_mean,0.1782578527927398,3.346540927886963,2.961372137069702,4710,problem2_retrain_v2/results/aligned/ablations/f1_gate_component_ablation_s2031_2035
noBeta,2035,AV,0.3,start,5026,A,reconstructed,0.9046064019203186,3.094043731689453,1.4862639904022217,5035,problem2_retrain_v2/results/aligned/ablations/f1_gate_component_ablation_s2031_2035
noBeta,2035,AV,0.3,start,5026,A,observed_mean,0.5153653621673584,3.094043731689453,2.1114161014556885,5035,problem2_retrain_v2/results/aligned/ablations/f1_gate_component_ablation_s2031_2035
noBeta,2035,AV,0.3,start,5026,V,reconstructed,0.8787447810173035,3.3167166709899902,2.6442315578460693,4768,problem2_retrain_v2/results/aligned/ablations/f1_gate_component_ablation_s2031_2035
noBeta,2035,AV,0.3,start,5026,V,observed_mean,0.212583526968956,3.3167166709899902,2.984321117401123,4768,problem2_retrain_v2/results/aligned/ablations/f1_gate_component_ablation_s2031_2035
noBeta,2035,AV,0.3,middle,5026,A,reconstructed,0.9141062498092652,3.062706232070923,1.4859424829483032,5036,problem2_retrain_v2/results/aligned/ablations/f1_gate_component_ablation_s2031_2035
noBeta,2035,AV,0.3,middle,5026,A,observed_mean,0.460641473531723,3.062706232070923,2.071239471435547,5036,problem2_retrain_v2/results/aligned/ablations/f1_gate_component_ablation_s2031_2035
noBeta,2035,AV,0.3,middle,5026,V,reconstructed,0.8815349340438843,3.3083865642547607,2.638395309448242,4759,problem2_retrain_v2/results/aligned/ablations/f1_gate_component_ablation_s2031_2035
noBeta,2035,AV,0.3,middle,5026,V,observed_mean,0.1611888408660888,3.3083865642547607,2.9654576778411865,4759,problem2_retrain_v2/results/aligned/ablations/f1_gate_component_ablation_s2031_2035
noBeta,2035,AV,0.3,end,5026,A,reconstructed,0.9239970445632936,3.0659992694854736,1.4854426383972168,5030,problem2_retrain_v2/results/aligned/ablations/f1_gate_component_ablation_s2031_2035
noBeta,2035,AV,0.3,end,5026,A,observed_mean,0.5514701008796692,3.0659992694854736,2.1394026279449463,5030,problem2_retrain_v2/results/aligned/ablations/f1_gate_component_ablation_s2031_2035
noBeta,2035,AV,0.3,end,5026,V,reconstructed,0.8792281150817871,3.43531346321106,2.6339333057403564,4663,problem2_retrain_v2/results/aligned/ablations/f1_gate_component_ablation_s2031_2035
noBeta,2035,AV,0.3,end,5026,V,observed_mean,0.2287841886281967,3.43531346321106,2.9886488914489746,4663,problem2_retrain_v2/results/aligned/ablations/f1_gate_component_ablation_s2031_2035
noBeta,2035,AV,0.3,random,5026,A,reconstructed,0.9113219380378724,3.0525197982788086,1.4859771728515625,5039,problem2_retrain_v2/results/aligned/ablations/f1_gate_component_ablation_s2031_2035
noBeta,2035,AV,0.3,random,5026,A,observed_mean,0.4883178174495697,3.0525197982788086,2.1016342639923096,5039,problem2_retrain_v2/results/aligned/ablations/f1_gate_component_ablation_s2031_2035
noBeta,2035,AV,0.3,random,5026,V,reconstructed,0.8814392685890198,3.379348993301392,2.63977599143982,4743,problem2_retrain_v2/results/aligned/ablations/f1_gate_component_ablation_s2031_2035
noBeta,2035,AV,0.3,random,5026,V,observed_mean,0.1822369694709777,3.379348993301392,2.952911376953125,4743,problem2_retrain_v2/results/aligned/ablations/f1_gate_component_ablation_s2031_2035
noBeta,2035,AV,0.3,random,5027,A,reconstructed,0.918437361717224,3.050661563873291,1.4854774475097656,5038,problem2_retrain_v2/results/aligned/ablations/f1_gate_component_ablation_s2031_2035
noBeta,2035,AV,0.3,random,5027,A,observed_mean,0.4910278618335724,3.050661563873291,2.100804090499878,5038,problem2_retrain_v2/results/aligned/ablations/f1_gate_component_ablation_s2031_2035
noBeta,2035,AV,0.3,random,5027,V,reconstructed,0.8794241547584534,3.3172361850738525,2.6390631198883057,4712,problem2_retrain_v2/results/aligned/ablations/f1_gate_component_ablation_s2031_2035
noBeta,2035,AV,0.3,random,5027,V,observed_mean,0.183806911110878,3.3172361850738525,2.9761288166046143,4712,problem2_retrain_v2/results/aligned/ablations/f1_gate_component_ablation_s2031_2035
noBeta,2035,AV,0.3,random,5028,A,reconstructed,0.9139520525932312,3.0786683559417725,1.484660267829895,5030,problem2_retrain_v2/results/aligned/ablations/f1_gate_component_ablation_s2031_2035
noBeta,2035,AV,0.3,random,5028,A,observed_mean,0.4827708601951599,3.0786683559417725,2.0847620964050293,5030,problem2_retrain_v2/results/aligned/ablations/f1_gate_component_ablation_s2031_2035
noBeta,2035,AV,0.3,random,5028,V,reconstructed,0.8816654086112976,3.346540927886963,2.6405861377716064,4710,problem2_retrain_v2/results/aligned/ablations/f1_gate_component_ablation_s2031_2035
noBeta,2035,AV,0.3,random,5028,V,observed_mean,0.1782578527927398,3.346540927886963,2.961372137069702,4710,problem2_retrain_v2/results/aligned/ablations/f1_gate_component_ablation_s2031_2035
noBeta,2035,TAV,0.3,start,5026,T,reconstructed,0.4806656539440155,13.09969425201416,5.793291568756104,5035,problem2_retrain_v2/results/aligned/ablations/f1_gate_component_ablation_s2031_2035
noBeta,2035,TAV,0.3,start,5026,T,observed_mean,0.1012424677610397,13.09969425201416,12.342973709106444,5035,problem2_retrain_v2/results/aligned/ablations/f1_gate_component_ablation_s2031_2035
noBeta,2035,TAV,0.3,start,5026,A,reconstructed,0.9033984541893004,3.094043731689453,1.48403000831604,5035,problem2_retrain_v2/results/aligned/ablations/f1_gate_component_ablation_s2031_2035
noBeta,2035,TAV,0.3,start,5026,A,observed_mean,0.5153653621673584,3.094043731689453,2.1114161014556885,5035,problem2_retrain_v2/results/aligned/ablations/f1_gate_component_ablation_s2031_2035
noBeta,2035,TAV,0.3,start,5026,V,reconstructed,0.8774157762527466,3.3167166709899902,2.644520998001098,4768,problem2_retrain_v2/results/aligned/ablations/f1_gate_component_ablation_s2031_2035
noBeta,2035,TAV,0.3,start,5026,V,observed_mean,0.212583526968956,3.3167166709899902,2.984321117401123,4768,problem2_retrain_v2/results/aligned/ablations/f1_gate_component_ablation_s2031_2035
noBeta,2035,TAV,0.3,middle,5026,T,reconstructed,0.4763038158416748,12.706602096557615,5.824821949005127,5036,problem2_retrain_v2/results/aligned/ablations/f1_gate_component_ablation_s2031_2035
noBeta,2035,TAV,0.3,middle,5026,T,observed_mean,0.0973341166973114,12.706602096557615,12.509361267089844,5036,problem2_retrain_v2/results/aligned/ablations/f1_gate_component_ablation_s2031_2035
noBeta,2035,TAV,0.3,middle,5026,A,reconstructed,0.9107113480567932,3.062706232070923,1.4814258813858032,5036,problem2_retrain_v2/results/aligned/ablations/f1_gate_component_ablation_s2031_2035
noBeta,2035,TAV,0.3,middle,5026,A,observed_mean,0.460641473531723,3.062706232070923,2.071239471435547,5036,problem2_retrain_v2/results/aligned/ablations/f1_gate_component_ablation_s2031_2035
noBeta,2035,TAV,0.3,middle,5026,V,reconstructed,0.8797404766082764,3.3083865642547607,2.659677743911743,4759,problem2_retrain_v2/results/aligned/ablations/f1_gate_component_ablation_s2031_2035
noBeta,2035,TAV,0.3,middle,5026,V,observed_mean,0.1611888408660888,3.3083865642547607,2.9654576778411865,4759,problem2_retrain_v2/results/aligned/ablations/f1_gate_component_ablation_s2031_2035
noBeta,2035,TAV,0.3,end,5026,T,reconstructed,0.4848738014698028,12.737090110778809,5.800150871276856,5030,problem2_retrain_v2/results/aligned/ablations/f1_gate_component_ablation_s2031_2035
noBeta,2035,TAV,0.3,end,5026,T,observed_mean,0.1149922236800193,12.737090110778809,11.939379692077637,5030,problem2_retrain_v2/results/aligned/ablations/f1_gate_component_ablation_s2031_2035
noBeta,2035,TAV,0.3,end,5026,A,reconstructed,0.9212032556533812,3.0659992694854736,1.4721089601516724,5030,problem2_retrain_v2/results/aligned/ablations/f1_gate_component_ablation_s2031_2035
noBeta,2035,TAV,0.3,end,5026,A,observed_mean,0.5514701008796692,3.0659992694854736,2.1394026279449463,5030,problem2_retrain_v2/results/aligned/ablations/f1_gate_component_ablation_s2031_2035
noBeta,2035,TAV,0.3,end,5026,V,reconstructed,0.879711925983429,3.43531346321106,2.655806303024292,4663,problem2_retrain_v2/results/aligned/ablations/f1_gate_component_ablation_s2031_2035
noBeta,2035,TAV,0.3,end,5026,V,observed_mean,0.2287841886281967,3.43531346321106,2.9886488914489746,4663,problem2_retrain_v2/results/aligned/ablations/f1_gate_component_ablation_s2031_2035
noBeta,2035,TAV,0.3,random,5026,T,reconstructed,0.4791482388973236,12.79391098022461,5.826686382293701,5039,problem2_retrain_v2/results/aligned/ablations/f1_gate_component_ablation_s2031_2035
noBeta,2035,TAV,0.3,random,5026,T,observed_mean,0.1025305017828941,12.79391098022461,12.47483253479004,5039,problem2_retrain_v2/results/aligned/ablations/f1_gate_component_ablation_s2031_2035
noBeta,2035,TAV,0.3,random,5026,A,reconstructed,0.9098832607269288,3.0525197982788086,1.4828009605407717,5039,problem2_retrain_v2/results/aligned/ablations/f1_gate_component_ablation_s2031_2035
noBeta,2035,TAV,0.3,random,5026,A,observed_mean,0.4883178174495697,3.0525197982788086,2.1016342639923096,5039,problem2_retrain_v2/results/aligned/ablations/f1_gate_component_ablation_s2031_2035
noBeta,2035,TAV,0.3,random,5026,V,reconstructed,0.8814422488212585,3.379348993301392,2.656156778335572,4743,problem2_retrain_v2/results/aligned/ablations/f1_gate_component_ablation_s2031_2035
noBeta,2035,TAV,0.3,random,5026,V,observed_mean,0.1822369694709777,3.379348993301392,2.952911376953125,4743,problem2_retrain_v2/results/aligned/ablations/f1_gate_component_ablation_s2031_2035
noBeta,2035,TAV,0.3,random,5027,T,reconstructed,0.4787919521331787,12.732514381408691,5.82111406326294,5038,problem2_retrain_v2/results/aligned/ablations/f1_gate_component_ablation_s2031_2035
noBeta,2035,TAV,0.3,random,5027,T,observed_mean,0.1018323227763176,12.732514381408691,12.514309883117676,5038,problem2_retrain_v2/results/aligned/ablations/f1_gate_component_ablation_s2031_2035
noBeta,2035,TAV,0.3,random,5027,A,reconstructed,0.9178281426429749,3.050661563873291,1.4826745986938477,5038,problem2_retrain_v2/results/aligned/ablations/f1_gate_component_ablation_s2031_2035
noBeta,2035,TAV,0.3,random,5027,A,observed_mean,0.4910278618335724,3.050661563873291,2.100804090499878,5038,problem2_retrain_v2/results/aligned/ablations/f1_gate_component_ablation_s2031_2035
noBeta,2035,TAV,0.3,random,5027,V,reconstructed,0.8794509172439575,3.3172361850738525,2.655179977416992,4712,problem2_retrain_v2/results/aligned/ablations/f1_gate_component_ablation_s2031_2035
noBeta,2035,TAV,0.3,random,5027,V,observed_mean,0.183806911110878,3.3172361850738525,2.9761288166046143,4712,problem2_retrain_v2/results/aligned/ablations/f1_gate_component_ablation_s2031_2035
noBeta,2035,TAV,0.3,random,5028,T,reconstructed,0.4793061017990112,12.74460506439209,5.830704689025879,5030,problem2_retrain_v2/results/aligned/ablations/f1_gate_component_ablation_s2031_2035
noBeta,2035,TAV,0.3,random,5028,T,observed_mean,0.1062642782926559,12.74460506439209,12.550532341003418,5030,problem2_retrain_v2/results/aligned/ablations/f1_gate_component_ablation_s2031_2035
noBeta,2035,TAV,0.3,random,5028,A,reconstructed,0.9119957089424132,3.0786683559417725,1.4830963611602783,5030,problem2_retrain_v2/results/aligned/ablations/f1_gate_component_ablation_s2031_2035
noBeta,2035,TAV,0.3,random,5028,A,observed_mean,0.4827708601951599,3.0786683559417725,2.0847620964050293,5030,problem2_retrain_v2/results/aligned/ablations/f1_gate_component_ablation_s2031_2035
noBeta,2035,TAV,0.3,random,5028,V,reconstructed,0.8805049061775208,3.346540927886963,2.652820110321045,4710,problem2_retrain_v2/results/aligned/ablations/f1_gate_component_ablation_s2031_2035
noBeta,2035,TAV,0.3,random,5028,V,observed_mean,0.1782578527927398,3.346540927886963,2.961372137069702,4710,problem2_retrain_v2/results/aligned/ablations/f1_gate_component_ablation_s2031_2035
noQ,2035,T,0.1,random,5026,T,reconstructed,0.4373553097248077,13.90716552734375,5.269347667694092,1711,problem2_retrain_v2/results/aligned/ablations/f1_gate_component_ablation_s2031_2035
noQ,2035,T,0.1,random,5026,T,observed_mean,0.0600243806838989,13.90716552734375,13.623846054077148,1711,problem2_retrain_v2/results/aligned/ablations/f1_gate_component_ablation_s2031_2035
noQ,2035,T,0.1,random,5027,T,reconstructed,0.4395827949047088,13.873028755187988,5.269837856292725,1711,problem2_retrain_v2/results/aligned/ablations/f1_gate_component_ablation_s2031_2035
noQ,2035,T,0.1,random,5027,T,observed_mean,0.0644410252571106,13.873028755187988,13.580123901367188,1711,problem2_retrain_v2/results/aligned/ablations/f1_gate_component_ablation_s2031_2035
noQ,2035,T,0.1,random,5028,T,reconstructed,0.4387191832065582,13.863896369934082,5.256914615631104,1711,problem2_retrain_v2/results/aligned/ablations/f1_gate_component_ablation_s2031_2035
noQ,2035,T,0.1,random,5028,T,observed_mean,0.0689268931746482,13.863896369934082,13.563109397888184,1711,problem2_retrain_v2/results/aligned/ablations/f1_gate_component_ablation_s2031_2035
noQ,2035,T,0.2,random,5026,T,reconstructed,0.4424243569374084,13.877108573913574,5.24725866317749,3400,problem2_retrain_v2/results/aligned/ablations/f1_gate_component_ablation_s2031_2035
noQ,2035,T,0.2,random,5026,T,observed_mean,0.078040637075901,13.877108573913574,13.596579551696776,3400,problem2_retrain_v2/results/aligned/ablations/f1_gate_component_ablation_s2031_2035
noQ,2035,T,0.2,random,5027,T,reconstructed,0.4421303868293762,13.841023445129396,5.249678134918213,3400,problem2_retrain_v2/results/aligned/ablations/f1_gate_component_ablation_s2031_2035
noQ,2035,T,0.2,random,5027,T,observed_mean,0.0786602273583412,13.841023445129396,13.607210159301758,3400,problem2_retrain_v2/results/aligned/ablations/f1_gate_component_ablation_s2031_2035
noQ,2035,T,0.2,random,5028,T,reconstructed,0.4437057971954345,13.840452194213867,5.228038787841797,3400,problem2_retrain_v2/results/aligned/ablations/f1_gate_component_ablation_s2031_2035
noQ,2035,T,0.2,random,5028,T,observed_mean,0.0829528421163559,13.840452194213867,13.59258270263672,3400,problem2_retrain_v2/results/aligned/ablations/f1_gate_component_ablation_s2031_2035
noQ,2035,T,0.3,start,5026,T,reconstructed,0.454970508813858,14.188322067260742,5.194527626037598,5039,problem2_retrain_v2/results/aligned/ablations/f1_gate_component_ablation_s2031_2035
noQ,2035,T,0.3,start,5026,T,observed_mean,0.0938318818807601,14.188322067260742,13.336174964904783,5039,problem2_retrain_v2/results/aligned/ablations/f1_gate_component_ablation_s2031_2035
noQ,2035,T,0.3,middle,5026,T,reconstructed,0.4464873671531677,13.779451370239258,5.19219446182251,5039,problem2_retrain_v2/results/aligned/ablations/f1_gate_component_ablation_s2031_2035
noQ,2035,T,0.3,middle,5026,T,observed_mean,0.0890867933630943,13.779451370239258,13.569722175598145,5039,problem2_retrain_v2/results/aligned/ablations/f1_gate_component_ablation_s2031_2035
noQ,2035,T,0.3,end,5026,T,reconstructed,0.4568652212619781,13.802447319030762,5.148370742797852,5039,problem2_retrain_v2/results/aligned/ablations/f1_gate_component_ablation_s2031_2035
noQ,2035,T,0.3,end,5026,T,observed_mean,0.1061173528432846,13.802447319030762,12.99382209777832,5039,problem2_retrain_v2/results/aligned/ablations/f1_gate_component_ablation_s2031_2035
noQ,2035,T,0.3,random,5026,T,reconstructed,0.4483893811702728,13.874588966369627,5.196035861968994,5039,problem2_retrain_v2/results/aligned/ablations/f1_gate_component_ablation_s2031_2035
noQ,2035,T,0.3,random,5026,T,observed_mean,0.094220831990242,13.874588966369627,13.55054759979248,5039,problem2_retrain_v2/results/aligned/ablations/f1_gate_component_ablation_s2031_2035
noQ,2035,T,0.3,random,5027,T,reconstructed,0.4502148330211639,13.80658721923828,5.20536994934082,5039,problem2_retrain_v2/results/aligned/ablations/f1_gate_component_ablation_s2031_2035
noQ,2035,T,0.3,random,5027,T,observed_mean,0.0934049561619758,13.80658721923828,13.560940742492676,5039,problem2_retrain_v2/results/aligned/ablations/f1_gate_component_ablation_s2031_2035
noQ,2035,T,0.3,random,5028,T,reconstructed,0.4485973417758941,13.820664405822754,5.190384387969971,5039,problem2_retrain_v2/results/aligned/ablations/f1_gate_component_ablation_s2031_2035
noQ,2035,T,0.3,random,5028,T,observed_mean,0.0962116494774818,13.820664405822754,13.586536407470703,5039,problem2_retrain_v2/results/aligned/ablations/f1_gate_component_ablation_s2031_2035
noQ,2035,T,0.4,random,5026,T,reconstructed,0.4560657441616058,13.858330726623535,5.137245655059815,6740,problem2_retrain_v2/results/aligned/ablations/f1_gate_component_ablation_s2031_2035
noQ,2035,T,0.4,random,5026,T,observed_mean,0.1122087687253952,13.858330726623535,13.477957725524902,6740,problem2_retrain_v2/results/aligned/ablations/f1_gate_component_ablation_s2031_2035
noQ,2035,T,0.4,random,5027,T,reconstructed,0.4574579298496246,13.799881935119627,5.137544631958008,6740,problem2_retrain_v2/results/aligned/ablations/f1_gate_component_ablation_s2031_2035
noQ,2035,T,0.4,random,5027,T,observed_mean,0.1138268411159515,13.799881935119627,13.481916427612305,6740,problem2_retrain_v2/results/aligned/ablations/f1_gate_component_ablation_s2031_2035
noQ,2035,T,0.4,random,5028,T,reconstructed,0.4569478034973144,13.814120292663574,5.136670112609863,6740,problem2_retrain_v2/results/aligned/ablations/f1_gate_component_ablation_s2031_2035
noQ,2035,T,0.4,random,5028,T,observed_mean,0.1148158609867096,13.814120292663574,13.573078155517578,6740,problem2_retrain_v2/results/aligned/ablations/f1_gate_component_ablation_s2031_2035
noQ,2035,T,0.5,random,5026,T,reconstructed,0.4647878408432007,13.862104415893556,5.043642044067383,8415,problem2_retrain_v2/results/aligned/ablations/f1_gate_component_ablation_s2031_2035
noQ,2035,T,0.5,random,5026,T,observed_mean,0.1307471543550491,13.862104415893556,13.326679229736328,8415,problem2_retrain_v2/results/aligned/ablations/f1_gate_component_ablation_s2031_2035
noQ,2035,T,0.5,random,5027,T,reconstructed,0.4665591120719909,13.81997299194336,5.024564743041992,8415,problem2_retrain_v2/results/aligned/ablations/f1_gate_component_ablation_s2031_2035
noQ,2035,T,0.5,random,5027,T,observed_mean,0.1351405531167984,13.81997299194336,13.340209007263184,8415,problem2_retrain_v2/results/aligned/ablations/f1_gate_component_ablation_s2031_2035
noQ,2035,T,0.5,random,5028,T,reconstructed,0.4655676186084747,13.80992317199707,5.048111438751221,8415,problem2_retrain_v2/results/aligned/ablations/f1_gate_component_ablation_s2031_2035
noQ,2035,T,0.5,random,5028,T,observed_mean,0.1329723894596099,13.80992317199707,13.45018196105957,8415,problem2_retrain_v2/results/aligned/ablations/f1_gate_component_ablation_s2031_2035
noQ,2035,A,0.1,random,5026,A,reconstructed,0.907144010066986,3.083484411239624,1.5072059631347656,1711,problem2_retrain_v2/results/aligned/ablations/f1_gate_component_ablation_s2031_2035
noQ,2035,A,0.1,random,5026,A,observed_mean,0.4358923733234405,3.083484411239624,2.052449941635132,1711,problem2_retrain_v2/results/aligned/ablations/f1_gate_component_ablation_s2031_2035
noQ,2035,A,0.1,random,5027,A,reconstructed,0.9203482270240784,3.085953712463379,1.506934404373169,1711,problem2_retrain_v2/results/aligned/ablations/f1_gate_component_ablation_s2031_2035
noQ,2035,A,0.1,random,5027,A,observed_mean,0.4381060600280761,3.085953712463379,2.0544304847717285,1711,problem2_retrain_v2/results/aligned/ablations/f1_gate_component_ablation_s2031_2035
noQ,2035,A,0.1,random,5028,A,reconstructed,0.916634202003479,3.032834053039551,1.5064969062805176,1711,problem2_retrain_v2/results/aligned/ablations/f1_gate_component_ablation_s2031_2035
noQ,2035,A,0.1,random,5028,A,observed_mean,0.4301324784755707,3.032834053039551,2.0557737350463867,1711,problem2_retrain_v2/results/aligned/ablations/f1_gate_component_ablation_s2031_2035
noQ,2035,A,0.2,random,5026,A,reconstructed,0.9092689156532288,3.063634157180786,1.5067152976989746,3400,problem2_retrain_v2/results/aligned/ablations/f1_gate_component_ablation_s2031_2035
noQ,2035,A,0.2,random,5026,A,observed_mean,0.4657796025276184,3.063634157180786,2.0578885078430176,3400,problem2_retrain_v2/results/aligned/ablations/f1_gate_component_ablation_s2031_2035
noQ,2035,A,0.2,random,5027,A,reconstructed,0.9205873012542723,3.059100389480591,1.5062766075134275,3400,problem2_retrain_v2/results/aligned/ablations/f1_gate_component_ablation_s2031_2035
noQ,2035,A,0.2,random,5027,A,observed_mean,0.4711577296257019,3.059100389480591,2.061108112335205,3400,problem2_retrain_v2/results/aligned/ablations/f1_gate_component_ablation_s2031_2035
noQ,2035,A,0.2,random,5028,A,reconstructed,0.915644109249115,3.077420234680176,1.505829095840454,3400,problem2_retrain_v2/results/aligned/ablations/f1_gate_component_ablation_s2031_2035
noQ,2035,A,0.2,random,5028,A,observed_mean,0.4597721099853515,3.077420234680176,2.049936294555664,3400,problem2_retrain_v2/results/aligned/ablations/f1_gate_component_ablation_s2031_2035
noQ,2035,A,0.3,start,5026,A,reconstructed,0.9052375555038452,3.0951528549194336,1.5049068927764893,5039,problem2_retrain_v2/results/aligned/ablations/f1_gate_component_ablation_s2031_2035
noQ,2035,A,0.3,start,5026,A,observed_mean,0.5152015686035156,3.0951528549194336,2.1129820346832275,5039,problem2_retrain_v2/results/aligned/ablations/f1_gate_component_ablation_s2031_2035
noQ,2035,A,0.3,middle,5026,A,reconstructed,0.913343608379364,3.064692735671997,1.507968544960022,5039,problem2_retrain_v2/results/aligned/ablations/f1_gate_component_ablation_s2031_2035
noQ,2035,A,0.3,middle,5026,A,observed_mean,0.4602840542793274,3.064692735671997,2.073837757110596,5039,problem2_retrain_v2/results/aligned/ablations/f1_gate_component_ablation_s2031_2035
noQ,2035,A,0.3,end,5026,A,reconstructed,0.9276490807533264,3.067305088043213,1.5060516595840454,5039,problem2_retrain_v2/results/aligned/ablations/f1_gate_component_ablation_s2031_2035
noQ,2035,A,0.3,end,5026,A,observed_mean,0.5512180924415588,3.067305088043213,2.142083644866944,5039,problem2_retrain_v2/results/aligned/ablations/f1_gate_component_ablation_s2031_2035
noQ,2035,A,0.3,random,5026,A,reconstructed,0.9110062718391418,3.053973197937012,1.507146239280701,5039,problem2_retrain_v2/results/aligned/ablations/f1_gate_component_ablation_s2031_2035
noQ,2035,A,0.3,random,5026,A,observed_mean,0.4880774319171905,3.053973197937012,2.1030447483062744,5039,problem2_retrain_v2/results/aligned/ablations/f1_gate_component_ablation_s2031_2035
noQ,2035,A,0.3,random,5027,A,reconstructed,0.9196330904960632,3.052245140075684,1.506551742553711,5039,problem2_retrain_v2/results/aligned/ablations/f1_gate_component_ablation_s2031_2035
noQ,2035,A,0.3,random,5027,A,observed_mean,0.4907848238945007,3.052245140075684,2.1026618480682373,5039,problem2_retrain_v2/results/aligned/ablations/f1_gate_component_ablation_s2031_2035
noQ,2035,A,0.3,random,5028,A,reconstructed,0.915700137615204,3.080242156982422,1.5059665441513062,5039,problem2_retrain_v2/results/aligned/ablations/f1_gate_component_ablation_s2031_2035
noQ,2035,A,0.3,random,5028,A,observed_mean,0.482392817735672,3.080242156982422,2.0881354808807373,5039,problem2_retrain_v2/results/aligned/ablations/f1_gate_component_ablation_s2031_2035
noQ,2035,A,0.4,random,5026,A,reconstructed,0.912980616092682,3.0468578338623047,1.5083063840866089,6740,problem2_retrain_v2/results/aligned/ablations/f1_gate_component_ablation_s2031_2035
noQ,2035,A,0.4,random,5026,A,observed_mean,0.5047755837440491,3.0468578338623047,2.140244483947754,6740,problem2_retrain_v2/results/aligned/ablations/f1_gate_component_ablation_s2031_2035
noQ,2035,A,0.4,random,5027,A,reconstructed,0.9187475442886353,3.0509467124938965,1.5073155164718628,6740,problem2_retrain_v2/results/aligned/ablations/f1_gate_component_ablation_s2031_2035
noQ,2035,A,0.4,random,5027,A,observed_mean,0.5046247839927673,3.0509467124938965,2.1391165256500244,6740,problem2_retrain_v2/results/aligned/ablations/f1_gate_component_ablation_s2031_2035
noQ,2035,A,0.4,random,5028,A,reconstructed,0.915734052658081,3.082040786743164,1.5069395303726196,6740,problem2_retrain_v2/results/aligned/ablations/f1_gate_component_ablation_s2031_2035
noQ,2035,A,0.4,random,5028,A,observed_mean,0.5001643300056458,3.082040786743164,2.116194009780884,6740,problem2_retrain_v2/results/aligned/ablations/f1_gate_component_ablation_s2031_2035
noQ,2035,A,0.5,random,5026,A,reconstructed,0.9131960868835448,3.049344062805176,1.5087151527404783,8415,problem2_retrain_v2/results/aligned/ablations/f1_gate_component_ablation_s2031_2035
noQ,2035,A,0.5,random,5026,A,observed_mean,0.5186306834220886,3.049344062805176,2.1858620643615723,8415,problem2_retrain_v2/results/aligned/ablations/f1_gate_component_ablation_s2031_2035
noQ,2035,A,0.5,random,5027,A,reconstructed,0.9180746078491212,3.0714802742004395,1.5078580379486084,8415,problem2_retrain_v2/results/aligned/ablations/f1_gate_component_ablation_s2031_2035
noQ,2035,A,0.5,random,5027,A,observed_mean,0.5175708532333374,3.0714802742004395,2.171152353286743,8415,problem2_retrain_v2/results/aligned/ablations/f1_gate_component_ablation_s2031_2035
noQ,2035,A,0.5,random,5028,A,reconstructed,0.9158227443695068,3.073361873626709,1.507746696472168,8415,problem2_retrain_v2/results/aligned/ablations/f1_gate_component_ablation_s2031_2035
noQ,2035,A,0.5,random,5028,A,observed_mean,0.5182784199714661,3.073361873626709,2.1611385345458984,8415,problem2_retrain_v2/results/aligned/ablations/f1_gate_component_ablation_s2031_2035
noQ,2035,V,0.1,random,5026,V,reconstructed,0.8718841671943665,3.391024112701416,2.825671434402466,1604,problem2_retrain_v2/results/aligned/ablations/f1_gate_component_ablation_s2031_2035
noQ,2035,V,0.1,random,5026,V,observed_mean,0.1575853079557418,3.391024112701416,2.931419610977173,1604,problem2_retrain_v2/results/aligned/ablations/f1_gate_component_ablation_s2031_2035
noQ,2035,V,0.1,random,5027,V,reconstructed,0.8701990842819214,3.292480707168579,2.8267464637756348,1595,problem2_retrain_v2/results/aligned/ablations/f1_gate_component_ablation_s2031_2035
noQ,2035,V,0.1,random,5027,V,observed_mean,0.1567145735025406,3.292480707168579,2.9554426670074463,1595,problem2_retrain_v2/results/aligned/ablations/f1_gate_component_ablation_s2031_2035
noQ,2035,V,0.1,random,5028,V,reconstructed,0.8759340643882751,3.368177652359009,2.8260421752929688,1588,problem2_retrain_v2/results/aligned/ablations/f1_gate_component_ablation_s2031_2035
noQ,2035,V,0.1,random,5028,V,observed_mean,0.1531488299369812,3.368177652359009,2.9469218254089355,1588,problem2_retrain_v2/results/aligned/ablations/f1_gate_component_ablation_s2031_2035
noQ,2035,V,0.2,random,5026,V,reconstructed,0.8741806745529175,3.385690450668335,2.826159238815308,3194,problem2_retrain_v2/results/aligned/ablations/f1_gate_component_ablation_s2031_2035
noQ,2035,V,0.2,random,5026,V,observed_mean,0.1716008335351944,3.385690450668335,2.9414517879486084,3194,problem2_retrain_v2/results/aligned/ablations/f1_gate_component_ablation_s2031_2035
noQ,2035,V,0.2,random,5027,V,reconstructed,0.873764157295227,3.308821678161621,2.826988697052002,3180,problem2_retrain_v2/results/aligned/ablations/f1_gate_component_ablation_s2031_2035
noQ,2035,V,0.2,random,5027,V,observed_mean,0.1718881279230117,3.308821678161621,2.9604012966156006,3180,problem2_retrain_v2/results/aligned/ablations/f1_gate_component_ablation_s2031_2035
noQ,2035,V,0.2,random,5028,V,reconstructed,0.8761193752288818,3.3678300380706787,2.826954364776612,3176,problem2_retrain_v2/results/aligned/ablations/f1_gate_component_ablation_s2031_2035
noQ,2035,V,0.2,random,5028,V,observed_mean,0.1697261184453964,3.3678300380706787,2.9497933387756348,3176,problem2_retrain_v2/results/aligned/ablations/f1_gate_component_ablation_s2031_2035
noQ,2035,V,0.3,start,5026,V,reconstructed,0.8717967867851257,3.3167848587036133,2.8306257724761963,4768,problem2_retrain_v2/results/aligned/ablations/f1_gate_component_ablation_s2031_2035
noQ,2035,V,0.3,start,5026,V,observed_mean,0.2126403152942657,3.3167848587036133,2.9840879440307617,4768,problem2_retrain_v2/results/aligned/ablations/f1_gate_component_ablation_s2031_2035
noQ,2035,V,0.3,middle,5026,V,reconstructed,0.8760112524032593,3.308556318283081,2.8254282474517822,4759,problem2_retrain_v2/results/aligned/ablations/f1_gate_component_ablation_s2031_2035
noQ,2035,V,0.3,middle,5026,V,observed_mean,0.1612284481525421,3.308556318283081,2.9651808738708496,4759,problem2_retrain_v2/results/aligned/ablations/f1_gate_component_ablation_s2031_2035
noQ,2035,V,0.3,end,5026,V,reconstructed,0.8748117685317993,3.434816360473633,2.821232318878174,4663,problem2_retrain_v2/results/aligned/ablations/f1_gate_component_ablation_s2031_2035
noQ,2035,V,0.3,end,5026,V,observed_mean,0.2288343459367752,3.434816360473633,2.9887022972106934,4663,problem2_retrain_v2/results/aligned/ablations/f1_gate_component_ablation_s2031_2035
noQ,2035,V,0.3,random,5026,V,reconstructed,0.8755472898483276,3.379423141479492,2.8274407386779785,4743,problem2_retrain_v2/results/aligned/ablations/f1_gate_component_ablation_s2031_2035
noQ,2035,V,0.3,random,5026,V,observed_mean,0.1822889596223831,3.379423141479492,2.9526917934417725,4743,problem2_retrain_v2/results/aligned/ablations/f1_gate_component_ablation_s2031_2035
noQ,2035,V,0.3,random,5027,V,reconstructed,0.8748288154602051,3.3172435760498047,2.826435089111328,4712,problem2_retrain_v2/results/aligned/ablations/f1_gate_component_ablation_s2031_2035
noQ,2035,V,0.3,random,5027,V,observed_mean,0.1838305443525314,3.3172435760498047,2.97586727142334,4712,problem2_retrain_v2/results/aligned/ablations/f1_gate_component_ablation_s2031_2035
noQ,2035,V,0.3,random,5028,V,reconstructed,0.8761233687400818,3.346557378768921,2.82651162147522,4710,problem2_retrain_v2/results/aligned/ablations/f1_gate_component_ablation_s2031_2035
noQ,2035,V,0.3,random,5028,V,observed_mean,0.1782803684473037,3.346557378768921,2.9611737728118896,4710,problem2_retrain_v2/results/aligned/ablations/f1_gate_component_ablation_s2031_2035
noQ,2035,V,0.4,random,5026,V,reconstructed,0.8755806684494019,3.3592758178710938,2.826915979385376,6357,problem2_retrain_v2/results/aligned/ablations/f1_gate_component_ablation_s2031_2035
noQ,2035,V,0.4,random,5026,V,observed_mean,0.1926480531692505,3.3592758178710938,2.9743120670318604,6357,problem2_retrain_v2/results/aligned/ablations/f1_gate_component_ablation_s2031_2035
noQ,2035,V,0.4,random,5027,V,reconstructed,0.8753128051757812,3.3175859451293945,2.8256313800811768,6308,problem2_retrain_v2/results/aligned/ablations/f1_gate_component_ablation_s2031_2035
noQ,2035,V,0.4,random,5027,V,observed_mean,0.1949793845415115,3.3175859451293945,2.9977834224700928,6308,problem2_retrain_v2/results/aligned/ablations/f1_gate_component_ablation_s2031_2035
noQ,2035,V,0.4,random,5028,V,reconstructed,0.8766986727714539,3.3483896255493164,2.825721740722656,6306,problem2_retrain_v2/results/aligned/ablations/f1_gate_component_ablation_s2031_2035
noQ,2035,V,0.4,random,5028,V,observed_mean,0.1906673610210418,3.3483896255493164,2.979300737380981,6306,problem2_retrain_v2/results/aligned/ablations/f1_gate_component_ablation_s2031_2035
noQ,2035,V,0.5,random,5026,V,reconstructed,0.8748031258583069,3.340033054351806,2.8256995677948,7939,problem2_retrain_v2/results/aligned/ablations/f1_gate_component_ablation_s2031_2035
noQ,2035,V,0.5,random,5026,V,observed_mean,0.2020876407623291,3.340033054351806,3.0071802139282227,7939,problem2_retrain_v2/results/aligned/ablations/f1_gate_component_ablation_s2031_2035
noQ,2035,V,0.5,random,5027,V,reconstructed,0.8750665783882141,3.318553686141968,2.8243722915649414,7888,problem2_retrain_v2/results/aligned/ablations/f1_gate_component_ablation_s2031_2035
noQ,2035,V,0.5,random,5027,V,observed_mean,0.2035810649394989,3.318553686141968,3.021505117416382,7888,problem2_retrain_v2/results/aligned/ablations/f1_gate_component_ablation_s2031_2035
noQ,2035,V,0.5,random,5028,V,reconstructed,0.876815915107727,3.3335680961608887,2.8243861198425293,7893,problem2_retrain_v2/results/aligned/ablations/f1_gate_component_ablation_s2031_2035
noQ,2035,V,0.5,random,5028,V,observed_mean,0.2014480084180832,3.3335680961608887,3.013641595840454,7893,problem2_retrain_v2/results/aligned/ablations/f1_gate_component_ablation_s2031_2035
noQ,2035,TA,0.3,start,5026,T,reconstructed,0.453294575214386,14.188322067260742,5.194786548614502,5039,problem2_retrain_v2/results/aligned/ablations/f1_gate_component_ablation_s2031_2035
noQ,2035,TA,0.3,start,5026,T,observed_mean,0.0938318818807601,14.188322067260742,13.336174964904783,5039,problem2_retrain_v2/results/aligned/ablations/f1_gate_component_ablation_s2031_2035
noQ,2035,TA,0.3,start,5026,A,reconstructed,0.9035292267799376,3.0951528549194336,1.5116649866104126,5039,problem2_retrain_v2/results/aligned/ablations/f1_gate_component_ablation_s2031_2035
noQ,2035,TA,0.3,start,5026,A,observed_mean,0.5152015686035156,3.0951528549194336,2.1129820346832275,5039,problem2_retrain_v2/results/aligned/ablations/f1_gate_component_ablation_s2031_2035
noQ,2035,TA,0.3,middle,5026,T,reconstructed,0.444112479686737,13.779451370239258,5.193027019500732,5039,problem2_retrain_v2/results/aligned/ablations/f1_gate_component_ablation_s2031_2035
noQ,2035,TA,0.3,middle,5026,T,observed_mean,0.0890867933630943,13.779451370239258,13.569722175598145,5039,problem2_retrain_v2/results/aligned/ablations/f1_gate_component_ablation_s2031_2035
noQ,2035,TA,0.3,middle,5026,A,reconstructed,0.9101706147193908,3.064692735671997,1.5126429796218872,5039,problem2_retrain_v2/results/aligned/ablations/f1_gate_component_ablation_s2031_2035
noQ,2035,TA,0.3,middle,5026,A,observed_mean,0.4602840542793274,3.064692735671997,2.073837757110596,5039,problem2_retrain_v2/results/aligned/ablations/f1_gate_component_ablation_s2031_2035
noQ,2035,TA,0.3,end,5026,T,reconstructed,0.4535395801067352,13.802447319030762,5.144720554351807,5039,problem2_retrain_v2/results/aligned/ablations/f1_gate_component_ablation_s2031_2035
noQ,2035,TA,0.3,end,5026,T,observed_mean,0.1061173528432846,13.802447319030762,12.99382209777832,5039,problem2_retrain_v2/results/aligned/ablations/f1_gate_component_ablation_s2031_2035
noQ,2035,TA,0.3,end,5026,A,reconstructed,0.9232819676399232,3.067305088043213,1.5108704566955566,5039,problem2_retrain_v2/results/aligned/ablations/f1_gate_component_ablation_s2031_2035
noQ,2035,TA,0.3,end,5026,A,observed_mean,0.5512180924415588,3.067305088043213,2.142083644866944,5039,problem2_retrain_v2/results/aligned/ablations/f1_gate_component_ablation_s2031_2035
noQ,2035,TA,0.3,random,5026,T,reconstructed,0.4461767673492431,13.874588966369627,5.194596767425537,5039,problem2_retrain_v2/results/aligned/ablations/f1_gate_component_ablation_s2031_2035
noQ,2035,TA,0.3,random,5026,T,observed_mean,0.094220831990242,13.874588966369627,13.55054759979248,5039,problem2_retrain_v2/results/aligned/ablations/f1_gate_component_ablation_s2031_2035
noQ,2035,TA,0.3,random,5026,A,reconstructed,0.9094253182411194,3.053973197937012,1.5118838548660278,5039,problem2_retrain_v2/results/aligned/ablations/f1_gate_component_ablation_s2031_2035
noQ,2035,TA,0.3,random,5026,A,observed_mean,0.4880774319171905,3.053973197937012,2.1030447483062744,5039,problem2_retrain_v2/results/aligned/ablations/f1_gate_component_ablation_s2031_2035
noQ,2035,TA,0.3,random,5027,T,reconstructed,0.4476991593837738,13.80658721923828,5.202407360076904,5039,problem2_retrain_v2/results/aligned/ablations/f1_gate_component_ablation_s2031_2035
noQ,2035,TA,0.3,random,5027,T,observed_mean,0.0934049561619758,13.80658721923828,13.560940742492676,5039,problem2_retrain_v2/results/aligned/ablations/f1_gate_component_ablation_s2031_2035
noQ,2035,TA,0.3,random,5027,A,reconstructed,0.9183833599090576,3.052245140075684,1.5108402967453003,5039,problem2_retrain_v2/results/aligned/ablations/f1_gate_component_ablation_s2031_2035
noQ,2035,TA,0.3,random,5027,A,observed_mean,0.4907848238945007,3.052245140075684,2.1026618480682373,5039,problem2_retrain_v2/results/aligned/ablations/f1_gate_component_ablation_s2031_2035
noQ,2035,TA,0.3,random,5028,T,reconstructed,0.4461416900157928,13.820664405822754,5.191264152526856,5039,problem2_retrain_v2/results/aligned/ablations/f1_gate_component_ablation_s2031_2035
noQ,2035,TA,0.3,random,5028,T,observed_mean,0.0962116494774818,13.820664405822754,13.586536407470703,5039,problem2_retrain_v2/results/aligned/ablations/f1_gate_component_ablation_s2031_2035
noQ,2035,TA,0.3,random,5028,A,reconstructed,0.9130783677101136,3.080242156982422,1.5118324756622314,5039,problem2_retrain_v2/results/aligned/ablations/f1_gate_component_ablation_s2031_2035
noQ,2035,TA,0.3,random,5028,A,observed_mean,0.482392817735672,3.080242156982422,2.0881354808807373,5039,problem2_retrain_v2/results/aligned/ablations/f1_gate_component_ablation_s2031_2035
noQ,2035,TV,0.3,start,5026,T,reconstructed,0.4529045224189758,14.190752029418944,5.210822582244873,5035,problem2_retrain_v2/results/aligned/ablations/f1_gate_component_ablation_s2031_2035
noQ,2035,TV,0.3,start,5026,T,observed_mean,0.0938436537981033,14.190752029418944,13.337701797485352,5035,problem2_retrain_v2/results/aligned/ablations/f1_gate_component_ablation_s2031_2035
noQ,2035,TV,0.3,start,5026,V,reconstructed,0.8692160248756409,3.3167848587036133,2.8264598846435547,4768,problem2_retrain_v2/results/aligned/ablations/f1_gate_component_ablation_s2031_2035
noQ,2035,TV,0.3,start,5026,V,observed_mean,0.2126403152942657,3.3167848587036133,2.9840879440307617,4768,problem2_retrain_v2/results/aligned/ablations/f1_gate_component_ablation_s2031_2035
noQ,2035,TV,0.3,middle,5026,T,reconstructed,0.4441976249217987,13.78260612487793,5.206767082214356,5036,problem2_retrain_v2/results/aligned/ablations/f1_gate_component_ablation_s2031_2035
noQ,2035,TV,0.3,middle,5026,T,observed_mean,0.0890479683876037,13.78260612487793,13.571904182434082,5036,problem2_retrain_v2/results/aligned/ablations/f1_gate_component_ablation_s2031_2035
noQ,2035,TV,0.3,middle,5026,V,reconstructed,0.8732733130455017,3.308556318283081,2.843012809753418,4759,problem2_retrain_v2/results/aligned/ablations/f1_gate_component_ablation_s2031_2035
noQ,2035,TV,0.3,middle,5026,V,observed_mean,0.1612284481525421,3.308556318283081,2.9651808738708496,4759,problem2_retrain_v2/results/aligned/ablations/f1_gate_component_ablation_s2031_2035
noQ,2035,TV,0.3,end,5026,T,reconstructed,0.4549614489078522,13.808658599853516,5.157145977020264,5030,problem2_retrain_v2/results/aligned/ablations/f1_gate_component_ablation_s2031_2035
noQ,2035,TV,0.3,end,5026,T,observed_mean,0.1061434522271156,13.808658599853516,12.997878074645996,5030,problem2_retrain_v2/results/aligned/ablations/f1_gate_component_ablation_s2031_2035
noQ,2035,TV,0.3,end,5026,V,reconstructed,0.8751314878463745,3.434816360473633,2.8428192138671875,4663,problem2_retrain_v2/results/aligned/ablations/f1_gate_component_ablation_s2031_2035
noQ,2035,TV,0.3,end,5026,V,observed_mean,0.2288343459367752,3.434816360473633,2.9887022972106934,4663,problem2_retrain_v2/results/aligned/ablations/f1_gate_component_ablation_s2031_2035
noQ,2035,TV,0.3,random,5026,T,reconstructed,0.4460438191890716,13.874588966369627,5.209606170654297,5039,problem2_retrain_v2/results/aligned/ablations/f1_gate_component_ablation_s2031_2035
noQ,2035,TV,0.3,random,5026,T,observed_mean,0.094220831990242,13.874588966369627,13.55054759979248,5039,problem2_retrain_v2/results/aligned/ablations/f1_gate_component_ablation_s2031_2035
noQ,2035,TV,0.3,random,5026,V,reconstructed,0.8744890689849854,3.379423141479492,2.8399667739868164,4743,problem2_retrain_v2/results/aligned/ablations/f1_gate_component_ablation_s2031_2035
noQ,2035,TV,0.3,random,5026,V,observed_mean,0.1822889596223831,3.379423141479492,2.9526917934417725,4743,problem2_retrain_v2/results/aligned/ablations/f1_gate_component_ablation_s2031_2035
noQ,2035,TV,0.3,random,5027,T,reconstructed,0.4480373561382293,13.807696342468262,5.216594696044922,5038,problem2_retrain_v2/results/aligned/ablations/f1_gate_component_ablation_s2031_2035
noQ,2035,TV,0.3,random,5027,T,observed_mean,0.0934149324893951,13.807696342468262,13.562261581420898,5038,problem2_retrain_v2/results/aligned/ablations/f1_gate_component_ablation_s2031_2035
noQ,2035,TV,0.3,random,5027,V,reconstructed,0.8738250732421875,3.3172435760498047,2.8415286540985107,4712,problem2_retrain_v2/results/aligned/ablations/f1_gate_component_ablation_s2031_2035
noQ,2035,TV,0.3,random,5027,V,observed_mean,0.1838305443525314,3.3172435760498047,2.97586727142334,4712,problem2_retrain_v2/results/aligned/ablations/f1_gate_component_ablation_s2031_2035
noQ,2035,TV,0.3,random,5028,T,reconstructed,0.4463248252868652,13.82647705078125,5.206178188323975,5030,problem2_retrain_v2/results/aligned/ablations/f1_gate_component_ablation_s2031_2035
noQ,2035,TV,0.3,random,5028,T,observed_mean,0.0960810557007789,13.82647705078125,13.590578079223633,5030,problem2_retrain_v2/results/aligned/ablations/f1_gate_component_ablation_s2031_2035
noQ,2035,TV,0.3,random,5028,V,reconstructed,0.8748806715011597,3.346557378768921,2.835529565811157,4710,problem2_retrain_v2/results/aligned/ablations/f1_gate_component_ablation_s2031_2035
noQ,2035,TV,0.3,random,5028,V,observed_mean,0.1782803684473037,3.346557378768921,2.9611737728118896,4710,problem2_retrain_v2/results/aligned/ablations/f1_gate_component_ablation_s2031_2035
noQ,2035,AV,0.3,start,5026,A,reconstructed,0.9065222144126892,3.095489501953125,1.5094741582870483,5035,problem2_retrain_v2/results/aligned/ablations/f1_gate_component_ablation_s2031_2035
noQ,2035,AV,0.3,start,5026,A,observed_mean,0.515135645866394,3.095489501953125,2.1128690242767334,5035,problem2_retrain_v2/results/aligned/ablations/f1_gate_component_ablation_s2031_2035
noQ,2035,AV,0.3,start,5026,V,reconstructed,0.8713676929473877,3.3167848587036133,2.8325653076171875,4768,problem2_retrain_v2/results/aligned/ablations/f1_gate_component_ablation_s2031_2035
noQ,2035,AV,0.3,start,5026,V,observed_mean,0.2126403152942657,3.3167848587036133,2.9840879440307617,4768,problem2_retrain_v2/results/aligned/ablations/f1_gate_component_ablation_s2031_2035
noQ,2035,AV,0.3,middle,5026,A,reconstructed,0.9147743582725524,3.064103364944458,1.510218381881714,5036,problem2_retrain_v2/results/aligned/ablations/f1_gate_component_ablation_s2031_2035
noQ,2035,AV,0.3,middle,5026,A,observed_mean,0.4604644775390625,3.064103364944458,2.0727379322052,5036,problem2_retrain_v2/results/aligned/ablations/f1_gate_component_ablation_s2031_2035
noQ,2035,AV,0.3,middle,5026,V,reconstructed,0.8757020831108093,3.308556318283081,2.8283591270446777,4759,problem2_retrain_v2/results/aligned/ablations/f1_gate_component_ablation_s2031_2035
noQ,2035,AV,0.3,middle,5026,V,observed_mean,0.1612284481525421,3.308556318283081,2.9651808738708496,4759,problem2_retrain_v2/results/aligned/ablations/f1_gate_component_ablation_s2031_2035
noQ,2035,AV,0.3,end,5026,A,reconstructed,0.92905592918396,3.067427635192871,1.5085855722427368,5030,problem2_retrain_v2/results/aligned/ablations/f1_gate_component_ablation_s2031_2035
noQ,2035,AV,0.3,end,5026,A,observed_mean,0.5512694120407104,3.067427635192871,2.140878677368164,5030,problem2_retrain_v2/results/aligned/ablations/f1_gate_component_ablation_s2031_2035
noQ,2035,AV,0.3,end,5026,V,reconstructed,0.8740154504776001,3.434816360473633,2.824447631835937,4663,problem2_retrain_v2/results/aligned/ablations/f1_gate_component_ablation_s2031_2035
noQ,2035,AV,0.3,end,5026,V,observed_mean,0.2288343459367752,3.434816360473633,2.9887022972106934,4663,problem2_retrain_v2/results/aligned/ablations/f1_gate_component_ablation_s2031_2035
noQ,2035,AV,0.3,random,5026,A,reconstructed,0.9123144149780272,3.053973197937012,1.5096923112869265,5039,problem2_retrain_v2/results/aligned/ablations/f1_gate_component_ablation_s2031_2035
noQ,2035,AV,0.3,random,5026,A,observed_mean,0.4880774319171905,3.053973197937012,2.1030447483062744,5039,problem2_retrain_v2/results/aligned/ablations/f1_gate_component_ablation_s2031_2035
noQ,2035,AV,0.3,random,5026,V,reconstructed,0.8749677538871765,3.379423141479492,2.8296139240264893,4743,problem2_retrain_v2/results/aligned/ablations/f1_gate_component_ablation_s2031_2035
noQ,2035,AV,0.3,random,5026,V,observed_mean,0.1822889596223831,3.379423141479492,2.9526917934417725,4743,problem2_retrain_v2/results/aligned/ablations/f1_gate_component_ablation_s2031_2035
noQ,2035,AV,0.3,random,5027,A,reconstructed,0.920701801776886,3.052015542984009,1.5094091892242432,5038,problem2_retrain_v2/results/aligned/ablations/f1_gate_component_ablation_s2031_2035
noQ,2035,AV,0.3,random,5027,A,observed_mean,0.4908529222011566,3.052015542984009,2.1023166179656982,5038,problem2_retrain_v2/results/aligned/ablations/f1_gate_component_ablation_s2031_2035
noQ,2035,AV,0.3,random,5027,V,reconstructed,0.8746054172515869,3.3172435760498047,2.828575372695923,4712,problem2_retrain_v2/results/aligned/ablations/f1_gate_component_ablation_s2031_2035
noQ,2035,AV,0.3,random,5027,V,observed_mean,0.1838305443525314,3.3172435760498047,2.97586727142334,4712,problem2_retrain_v2/results/aligned/ablations/f1_gate_component_ablation_s2031_2035
noQ,2035,AV,0.3,random,5028,A,reconstructed,0.9169465899467468,3.0800135135650635,1.5083264112472534,5030,problem2_retrain_v2/results/aligned/ablations/f1_gate_component_ablation_s2031_2035
noQ,2035,AV,0.3,random,5028,A,observed_mean,0.4825684428215027,3.0800135135650635,2.0862534046173096,5030,problem2_retrain_v2/results/aligned/ablations/f1_gate_component_ablation_s2031_2035
noQ,2035,AV,0.3,random,5028,V,reconstructed,0.8757728338241577,3.346557378768921,2.830160140991211,4710,problem2_retrain_v2/results/aligned/ablations/f1_gate_component_ablation_s2031_2035
noQ,2035,AV,0.3,random,5028,V,observed_mean,0.1782803684473037,3.346557378768921,2.9611737728118896,4710,problem2_retrain_v2/results/aligned/ablations/f1_gate_component_ablation_s2031_2035
noQ,2035,TAV,0.3,start,5026,T,reconstructed,0.451054036617279,14.190752029418944,5.208577156066895,5035,problem2_retrain_v2/results/aligned/ablations/f1_gate_component_ablation_s2031_2035
noQ,2035,TAV,0.3,start,5026,T,observed_mean,0.0938436537981033,14.190752029418944,13.337701797485352,5035,problem2_retrain_v2/results/aligned/ablations/f1_gate_component_ablation_s2031_2035
noQ,2035,TAV,0.3,start,5026,A,reconstructed,0.905379831790924,3.095489501953125,1.513740301132202,5035,problem2_retrain_v2/results/aligned/ablations/f1_gate_component_ablation_s2031_2035
noQ,2035,TAV,0.3,start,5026,A,observed_mean,0.515135645866394,3.095489501953125,2.1128690242767334,5035,problem2_retrain_v2/results/aligned/ablations/f1_gate_component_ablation_s2031_2035
noQ,2035,TAV,0.3,start,5026,V,reconstructed,0.8684654235839844,3.3167848587036133,2.831581354141236,4768,problem2_retrain_v2/results/aligned/ablations/f1_gate_component_ablation_s2031_2035
noQ,2035,TAV,0.3,start,5026,V,observed_mean,0.2126403152942657,3.3167848587036133,2.9840879440307617,4768,problem2_retrain_v2/results/aligned/ablations/f1_gate_component_ablation_s2031_2035
noQ,2035,TAV,0.3,middle,5026,T,reconstructed,0.4416078329086303,13.78260612487793,5.204957008361816,5036,problem2_retrain_v2/results/aligned/ablations/f1_gate_component_ablation_s2031_2035
noQ,2035,TAV,0.3,middle,5026,T,observed_mean,0.0890479683876037,13.78260612487793,13.571904182434082,5036,problem2_retrain_v2/results/aligned/ablations/f1_gate_component_ablation_s2031_2035
noQ,2035,TAV,0.3,middle,5026,A,reconstructed,0.9120389819145204,3.064103364944458,1.5116103887557983,5036,problem2_retrain_v2/results/aligned/ablations/f1_gate_component_ablation_s2031_2035
noQ,2035,TAV,0.3,middle,5026,A,observed_mean,0.4604644775390625,3.064103364944458,2.0727379322052,5036,problem2_retrain_v2/results/aligned/ablations/f1_gate_component_ablation_s2031_2035
noQ,2035,TAV,0.3,middle,5026,V,reconstructed,0.8727737665176392,3.308556318283081,2.8513569831848145,4759,problem2_retrain_v2/results/aligned/ablations/f1_gate_component_ablation_s2031_2035
noQ,2035,TAV,0.3,middle,5026,V,observed_mean,0.1612284481525421,3.308556318283081,2.9651808738708496,4759,problem2_retrain_v2/results/aligned/ablations/f1_gate_component_ablation_s2031_2035
noQ,2035,TAV,0.3,end,5026,T,reconstructed,0.4513708651065826,13.808658599853516,5.15123176574707,5030,problem2_retrain_v2/results/aligned/ablations/f1_gate_component_ablation_s2031_2035
noQ,2035,TAV,0.3,end,5026,T,observed_mean,0.1061434522271156,13.808658599853516,12.997878074645996,5030,problem2_retrain_v2/results/aligned/ablations/f1_gate_component_ablation_s2031_2035
noQ,2035,TAV,0.3,end,5026,A,reconstructed,0.9254531264305116,3.067427635192871,1.509350061416626,5030,problem2_retrain_v2/results/aligned/ablations/f1_gate_component_ablation_s2031_2035
noQ,2035,TAV,0.3,end,5026,A,observed_mean,0.5512694120407104,3.067427635192871,2.140878677368164,5030,problem2_retrain_v2/results/aligned/ablations/f1_gate_component_ablation_s2031_2035
noQ,2035,TAV,0.3,end,5026,V,reconstructed,0.8740432858467102,3.434816360473633,2.850222110748291,4663,problem2_retrain_v2/results/aligned/ablations/f1_gate_component_ablation_s2031_2035
noQ,2035,TAV,0.3,end,5026,V,observed_mean,0.2288343459367752,3.434816360473633,2.9887022972106934,4663,problem2_retrain_v2/results/aligned/ablations/f1_gate_component_ablation_s2031_2035
noQ,2035,TAV,0.3,random,5026,T,reconstructed,0.4435983896255493,13.874588966369627,5.2052106857299805,5039,problem2_retrain_v2/results/aligned/ablations/f1_gate_component_ablation_s2031_2035
noQ,2035,TAV,0.3,random,5026,T,observed_mean,0.094220831990242,13.874588966369627,13.55054759979248,5039,problem2_retrain_v2/results/aligned/ablations/f1_gate_component_ablation_s2031_2035
noQ,2035,TAV,0.3,random,5026,A,reconstructed,0.911280393600464,3.053973197937012,1.5109891891479492,5039,problem2_retrain_v2/results/aligned/ablations/f1_gate_component_ablation_s2031_2035
noQ,2035,TAV,0.3,random,5026,A,observed_mean,0.4880774319171905,3.053973197937012,2.1030447483062744,5039,problem2_retrain_v2/results/aligned/ablations/f1_gate_component_ablation_s2031_2035
noQ,2035,TAV,0.3,random,5026,V,reconstructed,0.8735900521278381,3.379423141479492,2.845964908599853,4743,problem2_retrain_v2/results/aligned/ablations/f1_gate_component_ablation_s2031_2035
noQ,2035,TAV,0.3,random,5026,V,observed_mean,0.1822889596223831,3.379423141479492,2.9526917934417725,4743,problem2_retrain_v2/results/aligned/ablations/f1_gate_component_ablation_s2031_2035
noQ,2035,TAV,0.3,random,5027,T,reconstructed,0.445281982421875,13.807696342468262,5.210462093353272,5038,problem2_retrain_v2/results/aligned/ablations/f1_gate_component_ablation_s2031_2035
noQ,2035,TAV,0.3,random,5027,T,observed_mean,0.0934149324893951,13.807696342468262,13.562261581420898,5038,problem2_retrain_v2/results/aligned/ablations/f1_gate_component_ablation_s2031_2035
noQ,2035,TAV,0.3,random,5027,A,reconstructed,0.9199707508087158,3.052015542984009,1.5106040239334106,5038,problem2_retrain_v2/results/aligned/ablations/f1_gate_component_ablation_s2031_2035
noQ,2035,TAV,0.3,random,5027,A,observed_mean,0.4908529222011566,3.052015542984009,2.1023166179656982,5038,problem2_retrain_v2/results/aligned/ablations/f1_gate_component_ablation_s2031_2035
noQ,2035,TAV,0.3,random,5027,V,reconstructed,0.8734564781188965,3.3172435760498047,2.8475382328033447,4712,problem2_retrain_v2/results/aligned/ablations/f1_gate_component_ablation_s2031_2035
noQ,2035,TAV,0.3,random,5027,V,observed_mean,0.1838305443525314,3.3172435760498047,2.97586727142334,4712,problem2_retrain_v2/results/aligned/ablations/f1_gate_component_ablation_s2031_2035
noQ,2035,TAV,0.3,random,5028,T,reconstructed,0.4436913728713989,13.82647705078125,5.204668998718262,5030,problem2_retrain_v2/results/aligned/ablations/f1_gate_component_ablation_s2031_2035
noQ,2035,TAV,0.3,random,5028,T,observed_mean,0.0960810557007789,13.82647705078125,13.590578079223633,5030,problem2_retrain_v2/results/aligned/ablations/f1_gate_component_ablation_s2031_2035
noQ,2035,TAV,0.3,random,5028,A,reconstructed,0.9148445129394532,3.0800135135650635,1.5099766254425049,5030,problem2_retrain_v2/results/aligned/ablations/f1_gate_component_ablation_s2031_2035
noQ,2035,TAV,0.3,random,5028,A,observed_mean,0.4825684428215027,3.0800135135650635,2.0862534046173096,5030,problem2_retrain_v2/results/aligned/ablations/f1_gate_component_ablation_s2031_2035
noQ,2035,TAV,0.3,random,5028,V,reconstructed,0.8742689490318298,3.346557378768921,2.8440890312194824,4710,problem2_retrain_v2/results/aligned/ablations/f1_gate_component_ablation_s2031_2035
noQ,2035,TAV,0.3,random,5028,V,observed_mean,0.1782803684473037,3.346557378768921,2.9611737728118896,4710,problem2_retrain_v2/results/aligned/ablations/f1_gate_component_ablation_s2031_2035
