variant,seed,modalities,rate,position,mask_seed,accuracy,macro_f1,weighted_f1,neutral_precision,neutral_recall,neutral_f1,mae,pearson,head_disagreement,source_folder
B0,2027,none,0.0,none,0,0.6973865199449794,0.6432418670805761,0.6873081144495345,0.5086206896551724,0.3734177215189873,0.4306569343065693,0.6182547440044933,0.6961307284522241,0.0,problem2_retrain_v2/results/aligned/ablations/f1_gate_component_ablation_five_seeds
B0,2027,T,0.1,random,5026,0.6918844566712518,0.6287779163265544,0.6766322504947738,0.5151515151515151,0.3227848101265823,0.3968871595330739,0.6255247121179651,0.6852784524327159,0.0,problem2_retrain_v2/results/aligned/ablations/f1_gate_component_ablation_five_seeds
B0,2027,T,0.1,random,5027,0.6822558459422283,0.6180841572030591,0.6660713203385846,0.5157894736842106,0.310126582278481,0.3873517786561264,0.6346462799890585,0.6666173685432739,0.0,problem2_retrain_v2/results/aligned/ablations/f1_gate_component_ablation_five_seeds
B0,2027,T,0.1,random,5028,0.686382393397524,0.6350653334789232,0.6763893386720693,0.5357142857142857,0.379746835443038,0.4444444444444444,0.6434912370550412,0.6652195804581925,0.0,problem2_retrain_v2/results/aligned/ablations/f1_gate_component_ablation_five_seeds
B0,2027,T,0.2,random,5026,0.687757909215956,0.6248972501795259,0.6715417668972404,0.5652173913043478,0.3291139240506329,0.416,0.6540417100957386,0.6468804044394841,0.0,problem2_retrain_v2/results/aligned/ablations/f1_gate_component_ablation_five_seeds
B0,2027,T,0.2,random,5027,0.6753782668500687,0.6063559541185349,0.6573136410069566,0.5,0.2911392405063291,0.368,0.6539479389615805,0.649235494330908,0.0,problem2_retrain_v2/results/aligned/ablations/f1_gate_component_ablation_five_seeds
B0,2027,T,0.2,random,5028,0.672627235213205,0.6100881776518556,0.6557453895126953,0.5568181818181818,0.310126582278481,0.3983739837398374,0.6688274834804657,0.6351179130899753,0.0,problem2_retrain_v2/results/aligned/ablations/f1_gate_component_ablation_five_seeds
B0,2027,T,0.3,start,5026,0.6643741403026134,0.5841883573469894,0.6399250975347243,0.48,0.2278481012658227,0.3090128755364807,0.6564577214900992,0.6486328573767399,0.0,problem2_retrain_v2/results/aligned/ablations/f1_gate_component_ablation_five_seeds
B0,2027,T,0.3,middle,5026,0.657496561210454,0.5895000143853967,0.6392947685653902,0.4835164835164835,0.2784810126582278,0.3534136546184739,0.6742076107022738,0.6273114166330807,0.0,problem2_retrain_v2/results/aligned/ablations/f1_gate_component_ablation_five_seeds
B0,2027,T,0.3,end,5026,0.6492434662998624,0.5806593254954948,0.629577663614874,0.5180722891566265,0.2721518987341772,0.3568464730290456,0.6906571557691231,0.6002364988446961,0.0,problem2_retrain_v2/results/aligned/ablations/f1_gate_component_ablation_five_seeds
B0,2027,T,0.3,random,5026,0.672627235213205,0.6016156462585034,0.6531417958147178,0.5172413793103449,0.2848101265822785,0.3673469387755102,0.6599818001211547,0.6330717505129466,0.0,problem2_retrain_v2/results/aligned/ablations/f1_gate_component_ablation_five_seeds
B0,2027,T,0.3,random,5027,0.6616231086657497,0.5877796290458964,0.6399848848318045,0.4878048780487805,0.2531645569620253,0.3333333333333333,0.6692877894235973,0.6227444947987729,0.0,problem2_retrain_v2/results/aligned/ablations/f1_gate_component_ablation_five_seeds
B0,2027,T,0.3,random,5028,0.6588720770288858,0.5900539379193047,0.6392335028121964,0.5119047619047619,0.2721518987341772,0.3553719008264462,0.6884023700487929,0.6126395902320687,0.0,problem2_retrain_v2/results/aligned/ablations/f1_gate_component_ablation_five_seeds
B0,2027,T,0.4,random,5026,0.6451169188445667,0.566931395162147,0.6217016378270633,0.4810126582278481,0.240506329113924,0.3206751054852321,0.6982663221595367,0.5861703970879859,0.0,problem2_retrain_v2/results/aligned/ablations/f1_gate_component_ablation_five_seeds
B0,2027,T,0.4,random,5027,0.6203576341127923,0.5440746260418391,0.5988668792691613,0.3953488372093023,0.2151898734177215,0.2786885245901639,0.713650634879242,0.574798279824699,0.0,problem2_retrain_v2/results/aligned/ablations/f1_gate_component_ablation_five_seeds
B0,2027,T,0.4,random,5028,0.6299862448418156,0.5539770602828002,0.6073221156532298,0.4743589743589743,0.2341772151898734,0.3135593220338983,0.706823353781426,0.5804601067041167,0.0,problem2_retrain_v2/results/aligned/ablations/f1_gate_component_ablation_five_seeds
B0,2027,T,0.5,random,5026,0.6354883081155434,0.5477293482772935,0.6057147457693896,0.5409836065573771,0.2088607594936709,0.3013698630136986,0.7261795473394561,0.5458897749937832,0.0,problem2_retrain_v2/results/aligned/ablations/f1_gate_component_ablation_five_seeds
B0,2027,T,0.5,random,5027,0.6162310866574966,0.5319880251932414,0.5888131055674924,0.4477611940298507,0.189873417721519,0.2666666666666666,0.7244861016838374,0.5495975429400852,0.0,problem2_retrain_v2/results/aligned/ablations/f1_gate_component_ablation_five_seeds
B0,2027,T,0.5,random,5028,0.6464924346629987,0.5666617693275823,0.6207865821790294,0.5217391304347826,0.2278481012658227,0.3171806167400881,0.7139793179660994,0.565840431763198,0.0,problem2_retrain_v2/results/aligned/ablations/f1_gate_component_ablation_five_seeds
B0,2027,A,0.1,random,5026,0.6973865199449794,0.6432418670805761,0.6873081144495345,0.5086206896551724,0.3734177215189873,0.4306569343065693,0.6180681070185183,0.6965779003750919,0.0,problem2_retrain_v2/results/aligned/ablations/f1_gate_component_ablation_five_seeds
B0,2027,A,0.1,random,5027,0.6987620357634112,0.6454860506466011,0.6890591682776795,0.5128205128205128,0.379746835443038,0.4363636363636363,0.6170230398823461,0.6968424223776472,0.0,problem2_retrain_v2/results/aligned/ablations/f1_gate_component_ablation_five_seeds
B0,2027,A,0.1,random,5028,0.6973865199449794,0.6432418670805761,0.6873081144495345,0.5086206896551724,0.3734177215189873,0.4306569343065693,0.6181723193468439,0.6963047065886768,0.0,problem2_retrain_v2/results/aligned/ablations/f1_gate_component_ablation_five_seeds
B0,2027,A,0.2,random,5026,0.6973865199449794,0.6432418670805761,0.6873081144495345,0.5086206896551724,0.3734177215189873,0.4306569343065693,0.6180840737786439,0.6967574778822976,0.0,problem2_retrain_v2/results/aligned/ablations/f1_gate_component_ablation_five_seeds
B0,2027,A,0.2,random,5027,0.6973865199449794,0.6443813882322917,0.6877752678280055,0.5128205128205128,0.379746835443038,0.4363636363636363,0.617375426012289,0.6965879401145464,0.0,problem2_retrain_v2/results/aligned/ablations/f1_gate_component_ablation_five_seeds
B0,2027,A,0.2,random,5028,0.6973865199449794,0.6443813882322917,0.6877752678280055,0.5128205128205128,0.379746835443038,0.4363636363636363,0.6176794054315689,0.6962955647641125,0.0,problem2_retrain_v2/results/aligned/ablations/f1_gate_component_ablation_five_seeds
B0,2027,A,0.3,start,5026,0.6987620357634112,0.6454860506466011,0.6890591682776795,0.5128205128205128,0.379746835443038,0.4363636363636363,0.6169257721709006,0.6969529752144049,0.0,problem2_retrain_v2/results/aligned/ablations/f1_gate_component_ablation_five_seeds
B0,2027,A,0.3,middle,5026,0.6987620357634112,0.6454860506466011,0.6890591682776795,0.5128205128205128,0.379746835443038,0.4363636363636363,0.6171778661696288,0.6971170956534393,0.0,problem2_retrain_v2/results/aligned/ablations/f1_gate_component_ablation_five_seeds
B0,2027,A,0.3,end,5026,0.6973865199449794,0.6443813882322917,0.6877752678280055,0.5128205128205128,0.379746835443038,0.4363636363636363,0.617383624221722,0.6968007399278965,0.0,problem2_retrain_v2/results/aligned/ablations/f1_gate_component_ablation_five_seeds
B0,2027,A,0.3,random,5026,0.6987620357634112,0.6454860506466011,0.6890591682776795,0.5128205128205128,0.379746835443038,0.4363636363636363,0.617167974390179,0.6972374655762954,0.0,problem2_retrain_v2/results/aligned/ablations/f1_gate_component_ablation_five_seeds
B0,2027,A,0.3,random,5027,0.6973865199449794,0.6443813882322917,0.6877752678280055,0.5128205128205128,0.379746835443038,0.4363636363636363,0.6172376289467537,0.6968754560374311,0.0,problem2_retrain_v2/results/aligned/ablations/f1_gate_component_ablation_five_seeds
B0,2027,A,0.3,random,5028,0.6973865199449794,0.6443813882322917,0.6877752678280055,0.5128205128205128,0.379746835443038,0.4363636363636363,0.6175714353294081,0.6965675299924585,0.0,problem2_retrain_v2/results/aligned/ablations/f1_gate_component_ablation_five_seeds
B0,2027,A,0.4,random,5026,0.6987620357634112,0.6454442878238952,0.6889161551474449,0.5172413793103449,0.379746835443038,0.437956204379562,0.6171184556566309,0.6972643521609359,0.0,problem2_retrain_v2/results/aligned/ablations/f1_gate_component_ablation_five_seeds
B0,2027,A,0.4,random,5027,0.6973865199449794,0.6443813882322917,0.6877752678280055,0.5128205128205128,0.379746835443038,0.4363636363636363,0.6171628972428679,0.6971458710588258,0.0,problem2_retrain_v2/results/aligned/ablations/f1_gate_component_ablation_five_seeds
B0,2027,A,0.4,random,5028,0.6973865199449794,0.6443813882322917,0.6877752678280055,0.5128205128205128,0.379746835443038,0.4363636363636363,0.6173831704123897,0.6967253336683824,0.0,problem2_retrain_v2/results/aligned/ablations/f1_gate_component_ablation_five_seeds
B0,2027,A,0.5,random,5026,0.6987620357634112,0.6452562788709618,0.6890821883694027,0.5128205128205128,0.379746835443038,0.4363636363636363,0.6169882006991055,0.697402193493416,0.0,problem2_retrain_v2/results/aligned/ablations/f1_gate_component_ablation_five_seeds
B0,2027,A,0.5,random,5027,0.6973865199449794,0.6443813882322917,0.6877752678280055,0.5128205128205128,0.379746835443038,0.4363636363636363,0.6170932373071477,0.6973085802421563,0.0,problem2_retrain_v2/results/aligned/ablations/f1_gate_component_ablation_five_seeds
B0,2027,A,0.5,random,5028,0.6973865199449794,0.6443813882322917,0.6877752678280055,0.5128205128205128,0.379746835443038,0.4363636363636363,0.6171848945194005,0.696940963845,0.0,problem2_retrain_v2/results/aligned/ablations/f1_gate_component_ablation_five_seeds
B0,2027,V,0.1,random,5026,0.6973865199449794,0.6432418670805761,0.6873081144495345,0.5086206896551724,0.3734177215189873,0.4306569343065693,0.6185098791736874,0.6960300197821999,0.0,problem2_retrain_v2/results/aligned/ablations/f1_gate_component_ablation_five_seeds
B0,2027,V,0.1,random,5027,0.6973865199449794,0.6432418670805761,0.6873081144495345,0.5086206896551724,0.3734177215189873,0.4306569343065693,0.6184704281239621,0.6960976338115341,0.0,problem2_retrain_v2/results/aligned/ablations/f1_gate_component_ablation_five_seeds
B0,2027,V,0.1,random,5028,0.6987620357634112,0.6454860506466011,0.6890591682776795,0.5128205128205128,0.379746835443038,0.4363636363636363,0.6177317057226687,0.6961759748810096,0.0,problem2_retrain_v2/results/aligned/ablations/f1_gate_component_ablation_five_seeds
B0,2027,V,0.2,random,5026,0.6987620357634112,0.6454860506466011,0.6890591682776795,0.5128205128205128,0.379746835443038,0.4363636363636363,0.6179061141617495,0.6960123987999111,0.0,problem2_retrain_v2/results/aligned/ablations/f1_gate_component_ablation_five_seeds
B0,2027,V,0.2,random,5027,0.6987620357634112,0.6454860506466011,0.6890591682776795,0.5128205128205128,0.379746835443038,0.4363636363636363,0.6179513093474607,0.6960504128978937,0.0,problem2_retrain_v2/results/aligned/ablations/f1_gate_component_ablation_five_seeds
B0,2027,V,0.2,random,5028,0.6987620357634112,0.6454860506466011,0.6890591682776795,0.5128205128205128,0.379746835443038,0.4363636363636363,0.6178646258099443,0.6961102856794709,0.0,problem2_retrain_v2/results/aligned/ablations/f1_gate_component_ablation_five_seeds
B0,2027,V,0.3,start,5026,0.6987620357634112,0.6454860506466011,0.6890591682776795,0.5128205128205128,0.379746835443038,0.4363636363636363,0.6179954021771242,0.6961000399183688,0.0,problem2_retrain_v2/results/aligned/ablations/f1_gate_component_ablation_five_seeds
B0,2027,V,0.3,middle,5026,0.6987620357634112,0.6454860506466011,0.6890591682776795,0.5128205128205128,0.379746835443038,0.4363636363636363,0.618534211802746,0.6956267399675936,0.0,problem2_retrain_v2/results/aligned/ablations/f1_gate_component_ablation_five_seeds
B0,2027,V,0.3,end,5026,0.6987620357634112,0.6454860506466011,0.6890591682776795,0.5128205128205128,0.379746835443038,0.4363636363636363,0.6181994491494094,0.6958441642798117,0.0,problem2_retrain_v2/results/aligned/ablations/f1_gate_component_ablation_five_seeds
B0,2027,V,0.3,random,5026,0.6987620357634112,0.6454860506466011,0.6890591682776795,0.5128205128205128,0.379746835443038,0.4363636363636363,0.6183123116226145,0.6957852264267499,0.0,problem2_retrain_v2/results/aligned/ablations/f1_gate_component_ablation_five_seeds
B0,2027,V,0.3,random,5027,0.6987620357634112,0.6454860506466011,0.6890591682776795,0.5128205128205128,0.379746835443038,0.4363636363636363,0.6183953723095719,0.6958283828804649,0.0,problem2_retrain_v2/results/aligned/ablations/f1_gate_component_ablation_five_seeds
B0,2027,V,0.3,random,5028,0.6987620357634112,0.6454860506466011,0.6890591682776795,0.5128205128205128,0.379746835443038,0.4363636363636363,0.6181699185945071,0.6959935141881017,0.0,problem2_retrain_v2/results/aligned/ablations/f1_gate_component_ablation_five_seeds
B0,2027,V,0.4,random,5026,0.6987620357634112,0.6454860506466011,0.6890591682776795,0.5128205128205128,0.379746835443038,0.4363636363636363,0.6185779403456275,0.6954930336608109,0.0,problem2_retrain_v2/results/aligned/ablations/f1_gate_component_ablation_five_seeds
B0,2027,V,0.4,random,5027,0.6987620357634112,0.6453018884763151,0.6892277095807582,0.5084745762711864,0.379746835443038,0.4347826086956521,0.6186285066358036,0.6956074637708937,0.0,problem2_retrain_v2/results/aligned/ablations/f1_gate_component_ablation_five_seeds
B0,2027,V,0.4,random,5028,0.6987620357634112,0.6453018884763151,0.6892277095807582,0.5084745762711864,0.379746835443038,0.4347826086956521,0.6184568452828701,0.6957182732993374,0.0,problem2_retrain_v2/results/aligned/ablations/f1_gate_component_ablation_five_seeds
B0,2027,V,0.5,random,5026,0.6987620357634112,0.6453018884763151,0.6892277095807582,0.5084745762711864,0.379746835443038,0.4347826086956521,0.6191208585244866,0.6953059731955386,0.0,problem2_retrain_v2/results/aligned/ablations/f1_gate_component_ablation_five_seeds
B0,2027,V,0.5,random,5027,0.6987620357634112,0.6453018884763151,0.6892277095807582,0.5084745762711864,0.379746835443038,0.4347826086956521,0.6191312299629356,0.6954071568938588,0.0,problem2_retrain_v2/results/aligned/ablations/f1_gate_component_ablation_five_seeds
B0,2027,V,0.5,random,5028,0.6987620357634112,0.6453018884763151,0.6892277095807582,0.5084745762711864,0.379746835443038,0.4347826086956521,0.6190270714313202,0.6954529526814368,0.0,problem2_retrain_v2/results/aligned/ablations/f1_gate_component_ablation_five_seeds
B0,2027,TA,0.3,start,5026,0.6629986244841816,0.5842996592706368,0.6397891434228749,0.4743589743589743,0.2341772151898734,0.3135593220338983,0.6560280197722135,0.6485285775475637,0.0,problem2_retrain_v2/results/aligned/ablations/f1_gate_component_ablation_five_seeds
B0,2027,TA,0.3,middle,5026,0.6602475928473177,0.5943383557596755,0.6432488728273505,0.4893617021276595,0.2911392405063291,0.365079365079365,0.6719839438783455,0.6291834925461939,0.0,problem2_retrain_v2/results/aligned/ablations/f1_gate_component_ablation_five_seeds
B0,2027,TA,0.3,end,5026,0.6492434662998624,0.5846140463214121,0.6314867053311013,0.5172413793103449,0.2848101265822785,0.3673469387755102,0.6900703580892167,0.6012792415705205,0.0,problem2_retrain_v2/results/aligned/ablations/f1_gate_component_ablation_five_seeds
B0,2027,TA,0.3,random,5026,0.671251719394773,0.6019359929725727,0.653022370870811,0.5054945054945055,0.2911392405063291,0.3694779116465863,0.659668130263337,0.6339350273217933,0.0,problem2_retrain_v2/results/aligned/ablations/f1_gate_component_ablation_five_seeds
B0,2027,TA,0.3,random,5027,0.656121045392022,0.5838548084221551,0.6356553097299854,0.4651162790697674,0.2531645569620253,0.3278688524590163,0.669225384658892,0.6235666723081664,0.0,problem2_retrain_v2/results/aligned/ablations/f1_gate_component_ablation_five_seeds
B0,2027,TA,0.3,random,5028,0.656121045392022,0.5879796545152166,0.6368845125254393,0.5058823529411764,0.2721518987341772,0.3539094650205761,0.6893179090108351,0.6122936033780269,0.0,problem2_retrain_v2/results/aligned/ablations/f1_gate_component_ablation_five_seeds
B0,2027,TV,0.3,start,5026,0.6643741403026134,0.5851463015869788,0.641070695017232,0.4683544303797468,0.2341772151898734,0.3122362869198312,0.6565350172220934,0.647835895673068,0.0,problem2_retrain_v2/results/aligned/ablations/f1_gate_component_ablation_five_seeds
B0,2027,TV,0.3,middle,5026,0.657496561210454,0.5894151899466834,0.6396140974175264,0.4731182795698925,0.2784810126582278,0.350597609561753,0.6762573380090507,0.6269376624251678,0.0,problem2_retrain_v2/results/aligned/ablations/f1_gate_component_ablation_five_seeds
B0,2027,TV,0.3,end,5026,0.6478679504814305,0.5812111956258211,0.6294136517340839,0.5057471264367817,0.2784810126582278,0.3591836734693877,0.6923947012242933,0.600193251257329,0.0,problem2_retrain_v2/results/aligned/ablations/f1_gate_component_ablation_five_seeds
B0,2027,TV,0.3,random,5026,0.672627235213205,0.6028250696066905,0.6544218711026972,0.5,0.2911392405063291,0.368,0.661480840330761,0.6331704966647542,0.0,problem2_retrain_v2/results/aligned/ablations/f1_gate_component_ablation_five_seeds
B0,2027,TV,0.3,random,5027,0.6602475928473177,0.5862642045519579,0.6387836393801158,0.4819277108433735,0.2531645569620253,0.3319502074688796,0.6714082811698837,0.6216318618427428,0.0,problem2_retrain_v2/results/aligned/ablations/f1_gate_component_ablation_five_seeds
B0,2027,TV,0.3,random,5028,0.657496561210454,0.5890389055111056,0.6381276042002202,0.5058823529411764,0.2721518987341772,0.3539094650205761,0.6915793609889721,0.6104943358145057,0.0,problem2_retrain_v2/results/aligned/ablations/f1_gate_component_ablation_five_seeds
B0,2027,AV,0.3,start,5026,0.6987620357634112,0.6454860506466011,0.6890591682776795,0.5128205128205128,0.379746835443038,0.4363636363636363,0.6172578049540961,0.6967633306350524,0.0,problem2_retrain_v2/results/aligned/ablations/f1_gate_component_ablation_five_seeds
B0,2027,AV,0.3,middle,5026,0.6987620357634112,0.6453018884763151,0.6892277095807582,0.5084745762711864,0.379746835443038,0.4347826086956521,0.6182444036526183,0.6964654341233875,0.0,problem2_retrain_v2/results/aligned/ablations/f1_gate_component_ablation_five_seeds
B0,2027,AV,0.3,end,5026,0.6987620357634112,0.6453018884763151,0.6892277095807582,0.5084745762711864,0.379746835443038,0.4347826086956521,0.6179271687793851,0.6965925010904763,0.0,problem2_retrain_v2/results/aligned/ablations/f1_gate_component_ablation_five_seeds
B0,2027,AV,0.3,random,5026,0.6987620357634112,0.6453018884763151,0.6892277095807582,0.5084745762711864,0.379746835443038,0.4347826086956521,0.6179554234457184,0.6967338735584212,0.0,problem2_retrain_v2/results/aligned/ablations/f1_gate_component_ablation_five_seeds
B0,2027,AV,0.3,random,5027,0.6987620357634112,0.6453018884763151,0.6892277095807582,0.5084745762711864,0.379746835443038,0.4347826086956521,0.6180296591121055,0.6966172416841653,0.0,problem2_retrain_v2/results/aligned/ablations/f1_gate_component_ablation_five_seeds
B0,2027,AV,0.3,random,5028,0.6987620357634112,0.6453018884763151,0.6892277095807582,0.5084745762711864,0.379746835443038,0.4347826086956521,0.6181100648565235,0.6964715302985982,0.0,problem2_retrain_v2/results/aligned/ablations/f1_gate_component_ablation_five_seeds
B0,2027,TAV,0.3,start,5026,0.6602475928473177,0.581575682382134,0.6378145681801891,0.4512195121951219,0.2341772151898734,0.3083333333333333,0.657443772398006,0.6474921329044363,0.0,problem2_retrain_v2/results/aligned/ablations/f1_gate_component_ablation_five_seeds
B0,2027,TAV,0.3,middle,5026,0.6588720770288858,0.5917603775000466,0.641676843047617,0.4736842105263157,0.2848101265822785,0.3557312252964427,0.6747364744603179,0.6285735525958134,0.0,problem2_retrain_v2/results/aligned/ablations/f1_gate_component_ablation_five_seeds
B0,2027,TAV,0.3,end,5026,0.6464924346629987,0.5820396341782622,0.6292459740228543,0.5,0.2848101265822785,0.3629032258064516,0.691972573709497,0.6000053332043215,0.0,problem2_retrain_v2/results/aligned/ablations/f1_gate_component_ablation_five_seeds
B0,2027,TAV,0.3,random,5026,0.6740027510316369,0.6082004689425972,0.6578739807021399,0.5051546391752577,0.310126582278481,0.3843137254901961,0.6596720586566093,0.6339603416405605,0.0,problem2_retrain_v2/results/aligned/ablations/f1_gate_component_ablation_five_seeds
B0,2027,TAV,0.3,random,5027,0.657496561210454,0.5856083416973347,0.6373675171746551,0.4712643678160919,0.2594936708860759,0.3346938775510204,0.6712764427574438,0.6222985591157625,0.0,problem2_retrain_v2/results/aligned/ablations/f1_gate_component_ablation_five_seeds
B0,2027,TAV,0.3,random,5028,0.657496561210454,0.5890389055111056,0.6381276042002202,0.5058823529411764,0.2721518987341772,0.3539094650205761,0.6919516838772384,0.6103686686835555,0.0,problem2_retrain_v2/results/aligned/ablations/f1_gate_component_ablation_five_seeds
B0,2028,none,0.0,none,0,0.7015130674002751,0.6455562717971604,0.6902790584452012,0.5181818181818182,0.360759493670886,0.4253731343283582,0.6143049444545727,0.7032495908316544,0.0,problem2_retrain_v2/results/aligned/ablations/f1_gate_component_ablation_five_seeds
B0,2028,T,0.1,random,5026,0.6836313617606602,0.6152748822611701,0.6645633476424188,0.5294117647058824,0.2848101265822785,0.3703703703703703,0.6287292608057824,0.6858717413880985,0.0,problem2_retrain_v2/results/aligned/ablations/f1_gate_component_ablation_five_seeds
B0,2028,T,0.1,random,5027,0.6850068775790922,0.6166427091700841,0.6667459324642843,0.5,0.2848101265822785,0.3629032258064516,0.6332920088180269,0.6676255863981585,0.0,problem2_retrain_v2/results/aligned/ablations/f1_gate_component_ablation_five_seeds
B0,2028,T,0.1,random,5028,0.6753782668500687,0.6136213196474173,0.6603506139167448,0.5104166666666666,0.310126582278481,0.3858267716535433,0.6350551154079959,0.6841059640947147,0.0,problem2_retrain_v2/results/aligned/ablations/f1_gate_component_ablation_five_seeds
B0,2028,T,0.2,random,5026,0.6822558459422283,0.6057083525477606,0.6580388398100758,0.5714285714285714,0.2531645569620253,0.3508771929824561,0.6479720206417859,0.6523956216800444,0.0,problem2_retrain_v2/results/aligned/ablations/f1_gate_component_ablation_five_seeds
B0,2028,T,0.2,random,5027,0.6698762035763411,0.5935803990935526,0.6472832309163856,0.4875,0.2468354430379747,0.3277310924369748,0.649445363991638,0.6509462887129969,0.0,problem2_retrain_v2/results/aligned/ablations/f1_gate_component_ablation_five_seeds
B0,2028,T,0.2,random,5028,0.6602475928473177,0.5912030451701346,0.639726796570979,0.5454545454545454,0.2658227848101265,0.3574468085106383,0.6600379717140007,0.6522703842713916,0.0,problem2_retrain_v2/results/aligned/ablations/f1_gate_component_ablation_five_seeds
B0,2028,T,0.3,start,5026,0.6657496561210454,0.5712108528706626,0.6323384222258052,0.509090909090909,0.1772151898734177,0.2629107981220657,0.651289914515891,0.6589135540042809,0.0,problem2_retrain_v2/results/aligned/ablations/f1_gate_component_ablation_five_seeds
B0,2028,T,0.3,middle,5026,0.6382393397524071,0.5458771949304095,0.6061105137700707,0.4576271186440678,0.170886075949367,0.2488479262672811,0.674861675347873,0.6306086260384335,0.0,problem2_retrain_v2/results/aligned/ablations/f1_gate_component_ablation_five_seeds
B0,2028,T,0.3,end,5026,0.6423658872077029,0.5590464466868962,0.6147876408915309,0.4848484848484848,0.2025316455696202,0.2857142857142857,0.6970708162748642,0.5994424551825827,0.0,problem2_retrain_v2/results/aligned/ablations/f1_gate_component_ablation_five_seeds
B0,2028,T,0.3,random,5026,0.6657496561210454,0.586564131109562,0.639644065657413,0.5692307692307692,0.2341772151898734,0.3318385650224215,0.6609356262327322,0.6328544021443908,0.0,problem2_retrain_v2/results/aligned/ablations/f1_gate_component_ablation_five_seeds
B0,2028,T,0.3,random,5027,0.6451169188445667,0.5611703982132156,0.6190126026382299,0.4459459459459459,0.2088607594936709,0.2844827586206896,0.6700084091133544,0.6291425678340582,0.0,problem2_retrain_v2/results/aligned/ablations/f1_gate_component_ablation_five_seeds
B0,2028,T,0.3,random,5028,0.6368638239339752,0.547813545837923,0.6060712449493841,0.4666666666666667,0.1772151898734177,0.2568807339449541,0.6816743569498354,0.6295896323956731,0.0,problem2_retrain_v2/results/aligned/ablations/f1_gate_component_ablation_five_seeds
B0,2028,T,0.4,random,5026,0.6286107290233838,0.522743170517086,0.5884329640012151,0.4666666666666667,0.1329113924050632,0.2068965517241379,0.7093266000326202,0.5731998855302697,0.0,problem2_retrain_v2/results/aligned/ablations/f1_gate_component_ablation_five_seeds
B0,2028,T,0.4,random,5027,0.6272352132049519,0.5323044652755388,0.5943619409236728,0.4098360655737705,0.1582278481012658,0.228310502283105,0.712030115384528,0.5715852968644747,0.0,problem2_retrain_v2/results/aligned/ablations/f1_gate_component_ablation_five_seeds
B0,2028,T,0.4,random,5028,0.6313617606602476,0.5307547900276847,0.5946080129576344,0.4423076923076923,0.1455696202531645,0.219047619047619,0.70475677224742,0.5939603627057866,0.0,problem2_retrain_v2/results/aligned/ablations/f1_gate_component_ablation_five_seeds
B0,2028,T,0.5,random,5026,0.6107290233837689,0.4970166461805258,0.5660174340525626,0.4864864864864865,0.1139240506329113,0.1846153846153846,0.732397782813783,0.5321549578574369,0.0,problem2_retrain_v2/results/aligned/ablations/f1_gate_component_ablation_five_seeds
B0,2028,T,0.5,random,5027,0.6176066024759285,0.5024174591582447,0.5722524033113344,0.4102564102564102,0.1012658227848101,0.1624365482233502,0.7167233825744417,0.5535708859510048,0.0,problem2_retrain_v2/results/aligned/ablations/f1_gate_component_ablation_five_seeds
B0,2028,T,0.5,random,5028,0.6368638239339752,0.5202446789083828,0.5901489185031601,0.5,0.1139240506329113,0.1855670103092783,0.7146450209478004,0.5721612353364992,0.0,problem2_retrain_v2/results/aligned/ablations/f1_gate_component_ablation_five_seeds
B0,2028,A,0.1,random,5026,0.7015130674002751,0.6455562717971604,0.6902790584452012,0.5181818181818182,0.360759493670886,0.4253731343283582,0.6143416511511085,0.7032253238166127,0.0,problem2_retrain_v2/results/aligned/ablations/f1_gate_component_ablation_five_seeds
B0,2028,A,0.1,random,5027,0.7015130674002751,0.6455562717971604,0.6902790584452012,0.5181818181818182,0.360759493670886,0.4253731343283582,0.6141944610797825,0.7036556536071554,0.0,problem2_retrain_v2/results/aligned/ablations/f1_gate_component_ablation_five_seeds
B0,2028,A,0.1,random,5028,0.7015130674002751,0.6455562717971604,0.6902790584452012,0.5181818181818182,0.360759493670886,0.4253731343283582,0.6144222884660879,0.7032865059906966,0.0,problem2_retrain_v2/results/aligned/ablations/f1_gate_component_ablation_five_seeds
B0,2028,A,0.2,random,5026,0.7015130674002751,0.6455562717971604,0.6902790584452012,0.5181818181818182,0.360759493670886,0.4253731343283582,0.614142089142808,0.7033456068732185,0.0,problem2_retrain_v2/results/aligned/ablations/f1_gate_component_ablation_five_seeds
B0,2028,A,0.2,random,5027,0.7015130674002751,0.6455562717971604,0.6902790584452012,0.5181818181818182,0.360759493670886,0.4253731343283582,0.6141370996628206,0.7037620039767314,0.0,problem2_retrain_v2/results/aligned/ablations/f1_gate_component_ablation_five_seeds
B0,2028,A,0.2,random,5028,0.7015130674002751,0.6455562717971604,0.6902790584452012,0.5181818181818182,0.360759493670886,0.4253731343283582,0.6144196991965327,0.7032972435925301,0.0,problem2_retrain_v2/results/aligned/ablations/f1_gate_component_ablation_five_seeds
B0,2028,A,0.3,start,5026,0.7001375515818432,0.6430292843259813,0.6885180092655349,0.5137614678899083,0.3544303797468354,0.4194756554307116,0.6156821479374383,0.7027883304987289,0.0,problem2_retrain_v2/results/aligned/ablations/f1_gate_component_ablation_five_seeds
B0,2028,A,0.3,middle,5026,0.7001375515818432,0.6430292843259813,0.6885180092655349,0.5137614678899083,0.3544303797468354,0.4194756554307116,0.6149838988987779,0.7032786103908384,0.0,problem2_retrain_v2/results/aligned/ablations/f1_gate_component_ablation_five_seeds
B0,2028,A,0.3,end,5026,0.7015130674002751,0.6455562717971604,0.6902790584452012,0.5181818181818182,0.360759493670886,0.4253731343283582,0.6143549523422231,0.7036988797960284,0.0,problem2_retrain_v2/results/aligned/ablations/f1_gate_component_ablation_five_seeds
B0,2028,A,0.3,random,5026,0.7015130674002751,0.6455562717971604,0.6902790584452012,0.5181818181818182,0.360759493670886,0.4253731343283582,0.6141738499638706,0.7033562059981552,0.0,problem2_retrain_v2/results/aligned/ablations/f1_gate_component_ablation_five_seeds
B0,2028,A,0.3,random,5027,0.7015130674002751,0.6455562717971604,0.6902790584452012,0.5181818181818182,0.360759493670886,0.4253731343283582,0.6141770540565281,0.7037406439248863,0.0,problem2_retrain_v2/results/aligned/ablations/f1_gate_component_ablation_five_seeds
B0,2028,A,0.3,random,5028,0.7001375515818432,0.6430292843259813,0.6885180092655349,0.5137614678899083,0.3544303797468354,0.4194756554307116,0.6154661457786867,0.7030145549680855,0.0,problem2_retrain_v2/results/aligned/ablations/f1_gate_component_ablation_five_seeds
B0,2028,A,0.4,random,5026,0.7015130674002751,0.6455562717971604,0.6902790584452012,0.5181818181818182,0.360759493670886,0.4253731343283582,0.6142240925544492,0.7032931532219078,0.0,problem2_retrain_v2/results/aligned/ablations/f1_gate_component_ablation_five_seeds
B0,2028,A,0.4,random,5027,0.7001375515818432,0.6430292843259813,0.6885180092655349,0.5137614678899083,0.3544303797468354,0.4194756554307116,0.6152017997619852,0.703485607481171,0.0,problem2_retrain_v2/results/aligned/ablations/f1_gate_component_ablation_five_seeds
B0,2028,A,0.4,random,5028,0.7001375515818432,0.6430292843259813,0.6885180092655349,0.5137614678899083,0.3544303797468354,0.4194756554307116,0.6154520111331222,0.7030740613274146,0.0,problem2_retrain_v2/results/aligned/ablations/f1_gate_component_ablation_five_seeds
B0,2028,A,0.5,random,5026,0.7001375515818432,0.6430292843259813,0.6885180092655349,0.5137614678899083,0.3544303797468354,0.4194756554307116,0.6149214587643115,0.7032514479380337,0.0,problem2_retrain_v2/results/aligned/ablations/f1_gate_component_ablation_five_seeds
B0,2028,A,0.5,random,5027,0.7001375515818432,0.6430292843259813,0.6885180092655349,0.5137614678899083,0.3544303797468354,0.4194756554307116,0.6149357763125878,0.7037325382768387,0.0,problem2_retrain_v2/results/aligned/ablations/f1_gate_component_ablation_five_seeds
B0,2028,A,0.5,random,5028,0.7001375515818432,0.6430292843259813,0.6885180092655349,0.5137614678899083,0.3544303797468354,0.4194756554307116,0.6153039606367932,0.7032254268935246,0.0,problem2_retrain_v2/results/aligned/ablations/f1_gate_component_ablation_five_seeds
B0,2028,V,0.1,random,5026,0.7015130674002751,0.6455562717971604,0.6902790584452012,0.5181818181818182,0.360759493670886,0.4253731343283582,0.6142261355805654,0.7034153947090379,0.0,problem2_retrain_v2/results/aligned/ablations/f1_gate_component_ablation_five_seeds
B0,2028,V,0.1,random,5027,0.7015130674002751,0.6455562717971604,0.6902790584452012,0.5181818181818182,0.360759493670886,0.4253731343283582,0.6141517645255713,0.7034794103229216,0.0,problem2_retrain_v2/results/aligned/ablations/f1_gate_component_ablation_five_seeds
B0,2028,V,0.1,random,5028,0.7015130674002751,0.6455562717971604,0.6902790584452012,0.5181818181818182,0.360759493670886,0.4253731343283582,0.6142564345132616,0.7034077614783165,0.0,problem2_retrain_v2/results/aligned/ablations/f1_gate_component_ablation_five_seeds
B0,2028,V,0.2,random,5026,0.7015130674002751,0.6455562717971604,0.6902790584452012,0.5181818181818182,0.360759493670886,0.4253731343283582,0.6141769794078852,0.7035970274855582,0.0,problem2_retrain_v2/results/aligned/ablations/f1_gate_component_ablation_five_seeds
B0,2028,V,0.2,random,5027,0.7015130674002751,0.6455562717971604,0.6902790584452012,0.5181818181818182,0.360759493670886,0.4253731343283582,0.6141108810018044,0.7036047942849744,0.0,problem2_retrain_v2/results/aligned/ablations/f1_gate_component_ablation_five_seeds
B0,2028,V,0.2,random,5028,0.7015130674002751,0.6455562717971604,0.6902790584452012,0.5181818181818182,0.360759493670886,0.4253731343283582,0.6141728920970013,0.7035888092717789,0.0,problem2_retrain_v2/results/aligned/ablations/f1_gate_component_ablation_five_seeds
B0,2028,V,0.3,start,5026,0.7015130674002751,0.6455562717971604,0.6902790584452012,0.5181818181818182,0.360759493670886,0.4253731343283582,0.6143261530946224,0.7033805057657847,0.0,problem2_retrain_v2/results/aligned/ablations/f1_gate_component_ablation_five_seeds
B0,2028,V,0.3,middle,5026,0.7015130674002751,0.6455562717971604,0.6902790584452012,0.5181818181818182,0.360759493670886,0.4253731343283582,0.6143350094829463,0.7035596762670355,0.0,problem2_retrain_v2/results/aligned/ablations/f1_gate_component_ablation_five_seeds
B0,2028,V,0.3,end,5026,0.7015130674002751,0.6455562717971604,0.6902790584452012,0.5181818181818182,0.360759493670886,0.4253731343283582,0.61426581314152,0.7036625367344039,0.0,problem2_retrain_v2/results/aligned/ablations/f1_gate_component_ablation_five_seeds
B0,2028,V,0.3,random,5026,0.7015130674002751,0.6455562717971604,0.6902790584452012,0.5181818181818182,0.360759493670886,0.4253731343283582,0.6142838573008771,0.7036809731417382,0.0,problem2_retrain_v2/results/aligned/ablations/f1_gate_component_ablation_five_seeds
B0,2028,V,0.3,random,5027,0.7015130674002751,0.6455562717971604,0.6902790584452012,0.5181818181818182,0.360759493670886,0.4253731343283582,0.6141809861039715,0.7036561486132717,0.0,problem2_retrain_v2/results/aligned/ablations/f1_gate_component_ablation_five_seeds
B0,2028,V,0.3,random,5028,0.7015130674002751,0.6455562717971604,0.6902790584452012,0.5181818181818182,0.360759493670886,0.4253731343283582,0.6141186975630398,0.7037344379454635,0.0,problem2_retrain_v2/results/aligned/ablations/f1_gate_component_ablation_five_seeds
B0,2028,V,0.4,random,5026,0.7015130674002751,0.6455562717971604,0.6902790584452012,0.5181818181818182,0.360759493670886,0.4253731343283582,0.6143301380599449,0.7037335148702382,0.0,problem2_retrain_v2/results/aligned/ablations/f1_gate_component_ablation_five_seeds
B0,2028,V,0.4,random,5027,0.7015130674002751,0.6455562717971604,0.6902790584452012,0.5181818181818182,0.360759493670886,0.4253731343283582,0.6142433241830655,0.7037457878216566,0.0,problem2_retrain_v2/results/aligned/ablations/f1_gate_component_ablation_five_seeds
B0,2028,V,0.4,random,5028,0.7015130674002751,0.6455562717971604,0.6902790584452012,0.5181818181818182,0.360759493670886,0.4253731343283582,0.6140942411385575,0.7038834576104145,0.0,problem2_retrain_v2/results/aligned/ablations/f1_gate_component_ablation_five_seeds
B0,2028,V,0.5,random,5026,0.7015130674002751,0.6455562717971604,0.6902790584452012,0.5181818181818182,0.360759493670886,0.4253731343283582,0.6145056790064816,0.7037228008706171,0.0,problem2_retrain_v2/results/aligned/ablations/f1_gate_component_ablation_five_seeds
B0,2028,V,0.5,random,5027,0.7015130674002751,0.6455562717971604,0.6902790584452012,0.5181818181818182,0.360759493670886,0.4253731343283582,0.6143558121970203,0.7037871951486631,0.0,problem2_retrain_v2/results/aligned/ablations/f1_gate_component_ablation_five_seeds
B0,2028,V,0.5,random,5028,0.7015130674002751,0.6455562717971604,0.6902790584452012,0.5181818181818182,0.360759493670886,0.4253731343283582,0.6142047111110032,0.703907879514375,0.0,problem2_retrain_v2/results/aligned/ablations/f1_gate_component_ablation_five_seeds
B0,2028,TA,0.3,start,5026,0.6643741403026134,0.570365901455369,0.6310762252010338,0.509090909090909,0.1772151898734177,0.2629107981220657,0.651729671565374,0.6581735361304025,0.0,problem2_retrain_v2/results/aligned/ablations/f1_gate_component_ablation_five_seeds
B0,2028,TA,0.3,middle,5026,0.6396148555708391,0.546987489446619,0.6071213903003173,0.4655172413793103,0.170886075949367,0.25,0.6752485608346961,0.6310535241252427,0.0,problem2_retrain_v2/results/aligned/ablations/f1_gate_component_ablation_five_seeds
B0,2028,TA,0.3,end,5026,0.6423658872077029,0.560291468676631,0.6159035632648505,0.4782608695652174,0.2088607594936709,0.2907488986784141,0.6963566345910939,0.6008918980134597,0.0,problem2_retrain_v2/results/aligned/ablations/f1_gate_component_ablation_five_seeds
B0,2028,TA,0.3,random,5026,0.6671251719394773,0.5877876368510249,0.6407186931214344,0.578125,0.2341772151898734,0.3333333333333333,0.6607502416080304,0.6336019416895456,0.0,problem2_retrain_v2/results/aligned/ablations/f1_gate_component_ablation_five_seeds
B0,2028,TA,0.3,random,5027,0.6464924346629987,0.5638312981790158,0.6212714318533995,0.4473684210526316,0.2151898734177215,0.2905982905982906,0.6695483425302471,0.6305432339073969,0.0,problem2_retrain_v2/results/aligned/ablations/f1_gate_component_ablation_five_seeds
B0,2028,TA,0.3,random,5028,0.6368638239339752,0.5474019278703327,0.605783715197094,0.4745762711864407,0.1772151898734177,0.2580645161290322,0.6822180685680977,0.6295369381971312,0.0,problem2_retrain_v2/results/aligned/ablations/f1_gate_component_ablation_five_seeds
B0,2028,TV,0.3,start,5026,0.6643741403026134,0.5681587129146051,0.6300783323684179,0.5,0.170886075949367,0.2547169811320754,0.652592227196269,0.6581928137572575,0.0,problem2_retrain_v2/results/aligned/ablations/f1_gate_component_ablation_five_seeds
B0,2028,TV,0.3,middle,5026,0.6368638239339752,0.5428714163120474,0.6038953697093734,0.4482758620689655,0.1645569620253164,0.2407407407407407,0.676144318836255,0.6310870066425938,0.0,problem2_retrain_v2/results/aligned/ablations/f1_gate_component_ablation_five_seeds
B0,2028,TV,0.3,end,5026,0.6437414030261348,0.5618919968919969,0.6169004081658827,0.4925373134328358,0.2088607594936709,0.2933333333333333,0.6980786932086507,0.5994735979531518,0.0,problem2_retrain_v2/results/aligned/ablations/f1_gate_component_ablation_five_seeds
B0,2028,TV,0.3,random,5026,0.6685006877579092,0.5887927040805024,0.6417033719749282,0.5967741935483871,0.2341772151898734,0.3363636363636363,0.6617764709596587,0.6327317861209752,0.0,problem2_retrain_v2/results/aligned/ablations/f1_gate_component_ablation_five_seeds
B0,2028,TV,0.3,random,5027,0.6451169188445667,0.5607792725174395,0.6194402704847706,0.4342105263157895,0.2088607594936709,0.282051282051282,0.6688567399792047,0.6300004812709394,0.0,problem2_retrain_v2/results/aligned/ablations/f1_gate_component_ablation_five_seeds
B0,2028,TV,0.3,random,5028,0.640990371389271,0.5547378159474934,0.6116451820354292,0.4838709677419355,0.189873417721519,0.2727272727272727,0.6812176168680844,0.6293598832688457,0.0,problem2_retrain_v2/results/aligned/ablations/f1_gate_component_ablation_five_seeds
B0,2028,AV,0.3,start,5026,0.7001375515818432,0.6444930590583587,0.6891345450616159,0.5135135135135135,0.360759493670886,0.4237918215613382,0.6152127320468808,0.703072770047368,0.0,problem2_retrain_v2/results/aligned/ablations/f1_gate_component_ablation_five_seeds
B0,2028,AV,0.3,middle,5026,0.7015130674002751,0.6455562717971604,0.6902790584452012,0.5181818181818182,0.360759493670886,0.4253731343283582,0.6141165916684759,0.7038206954820643,0.0,problem2_retrain_v2/results/aligned/ablations/f1_gate_component_ablation_five_seeds
B0,2028,AV,0.3,end,5026,0.7015130674002751,0.6455562717971604,0.6902790584452012,0.5181818181818182,0.360759493670886,0.4253731343283582,0.6143206368822116,0.7041132523788981,0.0,problem2_retrain_v2/results/aligned/ablations/f1_gate_component_ablation_five_seeds
B0,2028,AV,0.3,random,5026,0.7015130674002751,0.6455562717971604,0.6902790584452012,0.5181818181818182,0.360759493670886,0.4253731343283582,0.6141886727562659,0.7037790590533217,0.0,problem2_retrain_v2/results/aligned/ablations/f1_gate_component_ablation_five_seeds
B0,2028,AV,0.3,random,5027,0.7015130674002751,0.6455562717971604,0.6902790584452012,0.5181818181818182,0.360759493670886,0.4253731343283582,0.6141122041604281,0.7041403533602387,0.0,problem2_retrain_v2/results/aligned/ablations/f1_gate_component_ablation_five_seeds
B0,2028,AV,0.3,random,5028,0.7015130674002751,0.6455562717971604,0.6902790584452012,0.5181818181818182,0.360759493670886,0.4253731343283582,0.6144324389361175,0.7037215649132802,0.0,problem2_retrain_v2/results/aligned/ablations/f1_gate_component_ablation_five_seeds
B0,2028,TAV,0.3,start,5026,0.6629986244841816,0.5671267075015859,0.628861586393895,0.5,0.170886075949367,0.2547169811320754,0.6535990076815544,0.6572683472832962,0.0,problem2_retrain_v2/results/aligned/ablations/f1_gate_component_ablation_five_seeds
B0,2028,TAV,0.3,middle,5026,0.6396148555708391,0.5469071197698522,0.607324611170339,0.4576271186440678,0.170886075949367,0.2488479262672811,0.6756067131353177,0.6317166990688056,0.0,problem2_retrain_v2/results/aligned/ablations/f1_gate_component_ablation_five_seeds
B0,2028,TAV,0.3,end,5026,0.6437414030261348,0.5598728255650046,0.6163646131344982,0.4776119402985074,0.2025316455696202,0.2844444444444444,0.6975994090420589,0.6011184676116639,0.0,problem2_retrain_v2/results/aligned/ablations/f1_gate_component_ablation_five_seeds
B0,2028,TAV,0.3,random,5026,0.6698762035763411,0.5900224482486492,0.6426744552799776,0.6166666666666667,0.2341772151898734,0.3394495412844037,0.6620967471963473,0.6325264923624299,0.0,problem2_retrain_v2/results/aligned/ablations/f1_gate_component_ablation_five_seeds
B0,2028,TAV,0.3,random,5027,0.6464924346629987,0.5635292300747236,0.6214968429904505,0.4415584415584415,0.2151898734177215,0.2893617021276595,0.6692317223330738,0.6309198757315527,0.0,problem2_retrain_v2/results/aligned/ablations/f1_gate_component_ablation_five_seeds
B0,2028,TAV,0.3,random,5028,0.640990371389271,0.554647955702514,0.6114844882489885,0.4918032786885246,0.189873417721519,0.273972602739726,0.6818244082168606,0.6294799407523927,0.0,problem2_retrain_v2/results/aligned/ablations/f1_gate_component_ablation_five_seeds
noB,2027,none,0.0,none,0,0.6960110041265475,0.6399394586894587,0.6847417674790439,0.5089285714285714,0.360759493670886,0.4222222222222222,0.6187121263846646,0.6963645553433269,0.0,problem2_retrain_v2/results/aligned/ablations/f1_gate_component_ablation_five_seeds
noB,2027,T,0.1,random,5026,0.6946354883081155,0.6302858016239822,0.6790952352592554,0.5,0.3164556962025316,0.3875968992248062,0.6218991146379577,0.687464855028911,0.0,problem2_retrain_v2/results/aligned/ablations/f1_gate_component_ablation_five_seeds
noB,2027,T,0.1,random,5027,0.6850068775790922,0.6236725171758066,0.6698871594180814,0.5204081632653061,0.3227848101265823,0.3984375,0.6329370515892995,0.6675297492638281,0.0,problem2_retrain_v2/results/aligned/ablations/f1_gate_component_ablation_five_seeds
noB,2027,T,0.1,random,5028,0.6850068775790922,0.6332344705896356,0.6744647240309382,0.5363636363636364,0.3734177215189873,0.4402985074626865,0.6424390415076774,0.6673955084207164,0.0,problem2_retrain_v2/results/aligned/ablations/f1_gate_component_ablation_five_seeds
noB,2027,T,0.2,random,5026,0.6905089408528198,0.62807542009663,0.6749383082907554,0.5463917525773195,0.3354430379746835,0.4156862745098039,0.6506503717983332,0.6489720767300138,0.0,problem2_retrain_v2/results/aligned/ablations/f1_gate_component_ablation_five_seeds
noB,2027,T,0.2,random,5027,0.6767537826685007,0.6083626492821086,0.6592314963140474,0.5,0.2974683544303797,0.373015873015873,0.654194320961656,0.6492954020404389,0.0,problem2_retrain_v2/results/aligned/ablations/f1_gate_component_ablation_five_seeds
noB,2027,T,0.2,random,5028,0.671251719394773,0.6092550215412292,0.6548153947490781,0.5384615384615384,0.310126582278481,0.393574297188755,0.6696677801732384,0.6370200434240587,0.0,problem2_retrain_v2/results/aligned/ablations/f1_gate_component_ablation_five_seeds
noB,2027,T,0.3,start,5026,0.6671251719394773,0.5856462423196444,0.6420124412246858,0.4864864864864865,0.2278481012658227,0.3103448275862069,0.6516348971235565,0.653403423160759,0.0,problem2_retrain_v2/results/aligned/ablations/f1_gate_component_ablation_five_seeds
noB,2027,T,0.3,middle,5026,0.657496561210454,0.5901859402120522,0.6398412402650597,0.4891304347826087,0.2848101265822785,0.36,0.6726319406259834,0.629054216872213,0.0,problem2_retrain_v2/results/aligned/ablations/f1_gate_component_ablation_five_seeds
noB,2027,T,0.3,end,5026,0.6464924346629987,0.5746536306830424,0.6254161646671154,0.5125,0.2594936708860759,0.3445378151260504,0.6887597311123632,0.6038322735949686,0.0,problem2_retrain_v2/results/aligned/ablations/f1_gate_component_ablation_five_seeds
noB,2027,T,0.3,random,5026,0.6671251719394773,0.5909451201196086,0.6460213536840193,0.4712643678160919,0.2594936708860759,0.3346938775510204,0.6602647424370006,0.6341353870260908,0.0,problem2_retrain_v2/results/aligned/ablations/f1_gate_component_ablation_five_seeds
noB,2027,T,0.3,random,5027,0.6602475928473177,0.583071041294775,0.6367646307462016,0.4935064935064935,0.240506329113924,0.3234042553191489,0.6690440241772996,0.6243308752823628,0.0,problem2_retrain_v2/results/aligned/ablations/f1_gate_component_ablation_five_seeds
noB,2027,T,0.3,random,5028,0.6533700137551581,0.580747649980374,0.6316863140161996,0.5063291139240507,0.2531645569620253,0.3375527426160337,0.6867353542794739,0.6163245574619821,0.0,problem2_retrain_v2/results/aligned/ablations/f1_gate_component_ablation_five_seeds
noB,2027,T,0.4,random,5026,0.6506189821182944,0.5703351568355237,0.6260715047905696,0.4935064935064935,0.240506329113924,0.3234042553191489,0.6977164495384934,0.5863454062760783,0.0,problem2_retrain_v2/results/aligned/ablations/f1_gate_component_ablation_five_seeds
noB,2027,T,0.4,random,5027,0.6299862448418156,0.5567115048826069,0.6091457091581173,0.4352941176470588,0.2341772151898734,0.3045267489711934,0.7127169906100351,0.576177274478231,0.0,problem2_retrain_v2/results/aligned/ablations/f1_gate_component_ablation_five_seeds
noB,2027,T,0.4,random,5028,0.6327372764786795,0.5561722684756912,0.6095881468964367,0.4805194805194805,0.2341772151898734,0.3148936170212766,0.7055766272676622,0.5845869657737357,0.0,problem2_retrain_v2/results/aligned/ablations/f1_gate_component_ablation_five_seeds
noB,2027,T,0.5,random,5026,0.6299862448418156,0.5364772946660982,0.5977758116762157,0.4833333333333333,0.1835443037974683,0.2660550458715596,0.7269942639039371,0.5473216816458191,0.0,problem2_retrain_v2/results/aligned/ablations/f1_gate_component_ablation_five_seeds
noB,2027,T,0.5,random,5027,0.6148555708390646,0.5272323731479158,0.5857606978752593,0.4307692307692308,0.1772151898734177,0.2511210762331838,0.7246525773919706,0.552156949394282,0.0,problem2_retrain_v2/results/aligned/ablations/f1_gate_component_ablation_five_seeds
noB,2027,T,0.5,random,5028,0.6423658872077029,0.5586670080849251,0.6147570531841957,0.5151515151515151,0.2151898734177215,0.3035714285714285,0.7157725520992256,0.566547518232914,0.0,problem2_retrain_v2/results/aligned/ablations/f1_gate_component_ablation_five_seeds
noB,2027,A,0.1,random,5026,0.6973865199449794,0.6422196710559022,0.6865142719535403,0.5132743362831859,0.3670886075949367,0.4280442804428044,0.6182960872410074,0.6968412949736469,0.0,problem2_retrain_v2/results/aligned/ablations/f1_gate_component_ablation_five_seeds
noB,2027,A,0.1,random,5027,0.6960110041265475,0.6411651977521275,0.6853806752581247,0.5087719298245614,0.3670886075949367,0.4264705882352941,0.6185168754738357,0.6967442193656528,0.0,problem2_retrain_v2/results/aligned/ablations/f1_gate_component_ablation_five_seeds
noB,2027,A,0.1,random,5028,0.6973865199449794,0.6422196710559022,0.6865142719535403,0.5132743362831859,0.3670886075949367,0.4280442804428044,0.6184861828932278,0.6965364007348848,0.0,problem2_retrain_v2/results/aligned/ablations/f1_gate_component_ablation_five_seeds
noB,2027,A,0.2,random,5026,0.6960110041265475,0.6409327440008777,0.6853996889873812,0.5087719298245614,0.3670886075949367,0.4264705882352941,0.6186698239691564,0.6968326753026872,0.0,problem2_retrain_v2/results/aligned/ablations/f1_gate_component_ablation_five_seeds
noB,2027,A,0.2,random,5027,0.6960110041265475,0.6411651977521275,0.6853806752581247,0.5087719298245614,0.3670886075949367,0.4264705882352941,0.6186725186546376,0.6967126923077976,0.0,problem2_retrain_v2/results/aligned/ablations/f1_gate_component_ablation_five_seeds
noB,2027,A,0.2,random,5028,0.6960110041265475,0.6409327440008777,0.6853996889873812,0.5087719298245614,0.3670886075949367,0.4264705882352941,0.6190245056138963,0.6963663112505324,0.0,problem2_retrain_v2/results/aligned/ablations/f1_gate_component_ablation_five_seeds
noB,2027,A,0.3,start,5026,0.6973865199449794,0.6422196710559022,0.6865142719535403,0.5132743362831859,0.3670886075949367,0.4280442804428044,0.6178855412322839,0.6970573910968519,0.0,problem2_retrain_v2/results/aligned/ablations/f1_gate_component_ablation_five_seeds
noB,2027,A,0.3,middle,5026,0.6960110041265475,0.6397063661543604,0.6847598269864854,0.5089285714285714,0.360759493670886,0.4222222222222222,0.6187713551770174,0.6971185801549772,0.0,problem2_retrain_v2/results/aligned/ablations/f1_gate_component_ablation_five_seeds
noB,2027,A,0.3,end,5026,0.6960110041265475,0.6409327440008777,0.6853996889873812,0.5087719298245614,0.3670886075949367,0.4264705882352941,0.6185606522469287,0.6968836523008789,0.0,problem2_retrain_v2/results/aligned/ablations/f1_gate_component_ablation_five_seeds
noB,2027,A,0.3,random,5026,0.6960110041265475,0.6409327440008777,0.6853996889873812,0.5087719298245614,0.3670886075949367,0.4264705882352941,0.6183898605158087,0.6972620661185708,0.0,problem2_retrain_v2/results/aligned/ablations/f1_gate_component_ablation_five_seeds
noB,2027,A,0.3,random,5027,0.6960110041265475,0.6399394586894587,0.6847417674790439,0.5089285714285714,0.360759493670886,0.4222222222222222,0.6187900162117067,0.6970661781275352,0.0,problem2_retrain_v2/results/aligned/ablations/f1_gate_component_ablation_five_seeds
noB,2027,A,0.3,random,5028,0.6960110041265475,0.6409327440008777,0.6853996889873812,0.5087719298245614,0.3670886075949367,0.4264705882352941,0.6187979328148677,0.6966547290728681,0.0,problem2_retrain_v2/results/aligned/ablations/f1_gate_component_ablation_five_seeds
noB,2027,A,0.4,random,5026,0.6960110041265475,0.6397063661543604,0.6847598269864854,0.5089285714285714,0.360759493670886,0.4222222222222222,0.6191161526011263,0.6972042216816121,0.0,problem2_retrain_v2/results/aligned/ablations/f1_gate_component_ablation_five_seeds
noB,2027,A,0.4,random,5027,0.6960110041265475,0.6397063661543604,0.6847598269864854,0.5089285714285714,0.360759493670886,0.4222222222222222,0.6186468176363201,0.6973380180872469,0.0,problem2_retrain_v2/results/aligned/ablations/f1_gate_component_ablation_five_seeds
noB,2027,A,0.4,random,5028,0.6946354883081155,0.6398804781041401,0.6842661546748973,0.5043478260869565,0.3670886075949367,0.4249084249084249,0.6190145107429734,0.696745067340259,0.0,problem2_retrain_v2/results/aligned/ablations/f1_gate_component_ablation_five_seeds
noB,2027,A,0.5,random,5026,0.6973865199449794,0.6410717962456317,0.6861439040586885,0.5089285714285714,0.360759493670886,0.4222222222222222,0.618871772062563,0.697389497655126,0.0,problem2_retrain_v2/results/aligned/ablations/f1_gate_component_ablation_five_seeds
noB,2027,A,0.5,random,5027,0.6960110041265475,0.6397063661543604,0.6847598269864854,0.5089285714285714,0.360759493670886,0.4222222222222222,0.6186394443721506,0.6974574569653221,0.0,problem2_retrain_v2/results/aligned/ablations/f1_gate_component_ablation_five_seeds
noB,2027,A,0.5,random,5028,0.6946354883081155,0.6386571183930372,0.6836296373159969,0.504424778761062,0.360759493670886,0.4206642066420664,0.6191071415107711,0.6969698377114987,0.0,problem2_retrain_v2/results/aligned/ablations/f1_gate_component_ablation_five_seeds
noB,2027,V,0.1,random,5026,0.6960110041265475,0.6411651977521275,0.6853806752581247,0.5087719298245614,0.3670886075949367,0.4264705882352941,0.6190927519889918,0.6962534983209762,0.0,problem2_retrain_v2/results/aligned/ablations/f1_gate_component_ablation_five_seeds
noB,2027,V,0.1,random,5027,0.6960110041265475,0.6399394586894587,0.6847417674790439,0.5089285714285714,0.360759493670886,0.4222222222222222,0.619298876075517,0.696298493434066,0.0,problem2_retrain_v2/results/aligned/ablations/f1_gate_component_ablation_five_seeds
noB,2027,V,0.1,random,5028,0.6960110041265475,0.6411651977521275,0.6853806752581247,0.5087719298245614,0.3670886075949367,0.4264705882352941,0.6189794620771669,0.6962807988071584,0.0,problem2_retrain_v2/results/aligned/ablations/f1_gate_component_ablation_five_seeds
noB,2027,V,0.2,random,5026,0.6946354883081155,0.6396134293771841,0.6841604522074738,0.5043478260869565,0.3670886075949367,0.4249084249084249,0.6191402930305493,0.6961733574693828,0.0,problem2_retrain_v2/results/aligned/ablations/f1_gate_component_ablation_five_seeds
noB,2027,V,0.2,random,5027,0.6946354883081155,0.6396134293771841,0.6841604522074738,0.5043478260869565,0.3670886075949367,0.4249084249084249,0.6191483185744003,0.6961961208245936,0.0,problem2_retrain_v2/results/aligned/ablations/f1_gate_component_ablation_five_seeds
noB,2027,V,0.2,random,5028,0.6946354883081155,0.6394366742289993,0.6843315651190837,0.5,0.3670886075949367,0.4233576642335766,0.6190081799105851,0.6963029469442615,0.0,problem2_retrain_v2/results/aligned/ablations/f1_gate_component_ablation_five_seeds
noB,2027,V,0.3,start,5026,0.6973865199449794,0.6441603223984285,0.6878145830978445,0.5084745762711864,0.379746835443038,0.4347826086956521,0.6178592160786307,0.6965170885749968,0.0,problem2_retrain_v2/results/aligned/ablations/f1_gate_component_ablation_five_seeds
noB,2027,V,0.3,middle,5026,0.6960110041265475,0.6419220336355886,0.6860681252201603,0.5042735042735043,0.3734177215189873,0.4290909090909091,0.6188773464220737,0.6959564531298217,0.0,problem2_retrain_v2/results/aligned/ablations/f1_gate_component_ablation_five_seeds
noB,2027,V,0.3,end,5026,0.6946354883081155,0.6394366742289993,0.6843315651190837,0.5,0.3670886075949367,0.4233576642335766,0.6187786015564928,0.6962522237603146,0.0,problem2_retrain_v2/results/aligned/ablations/f1_gate_component_ablation_five_seeds
noB,2027,V,0.3,random,5026,0.6960110041265475,0.6419220336355886,0.6860681252201603,0.5042735042735043,0.3734177215189873,0.4290909090909091,0.6188551409523823,0.6960841524694014,0.0,problem2_retrain_v2/results/aligned/ablations/f1_gate_component_ablation_five_seeds
noB,2027,V,0.3,random,5027,0.6946354883081155,0.6394366742289993,0.6843315651190837,0.5,0.3670886075949367,0.4233576642335766,0.6193356971025963,0.6960694904057497,0.0,problem2_retrain_v2/results/aligned/ablations/f1_gate_component_ablation_five_seeds
noB,2027,V,0.3,random,5028,0.6973865199449794,0.6441603223984285,0.6878145830978445,0.5084745762711864,0.379746835443038,0.4347826086956521,0.6175548859270693,0.6966105803159576,0.0,problem2_retrain_v2/results/aligned/ablations/f1_gate_component_ablation_five_seeds
noB,2027,V,0.4,random,5026,0.6946354883081155,0.642052693574913,0.6855438998994134,0.5,0.379746835443038,0.4316546762589928,0.6192490777107438,0.6955916370242938,0.0,problem2_retrain_v2/results/aligned/ablations/f1_gate_component_ablation_five_seeds
noB,2027,V,0.4,random,5027,0.6960110041265475,0.6442679121537861,0.6872756471596912,0.5041322314049587,0.3860759493670886,0.4372759856630824,0.6179990392610872,0.6960900271831459,0.0,problem2_retrain_v2/results/aligned/ablations/f1_gate_component_ablation_five_seeds
noB,2027,V,0.4,random,5028,0.6960110041265475,0.6442679121537861,0.6872756471596912,0.5041322314049587,0.3860759493670886,0.4372759856630824,0.6179099569804202,0.6961858887795541,0.0,problem2_retrain_v2/results/aligned/ablations/f1_gate_component_ablation_five_seeds
noB,2027,V,0.5,random,5026,0.6946354883081155,0.642052693574913,0.6855438998994134,0.5,0.379746835443038,0.4316546762589928,0.619719865017999,0.6954163520307964,0.0,problem2_retrain_v2/results/aligned/ablations/f1_gate_component_ablation_five_seeds
noB,2027,V,0.5,random,5027,0.6960110041265475,0.6442679121537861,0.6872756471596912,0.5041322314049587,0.3860759493670886,0.4372759856630824,0.6184038603802934,0.69595714872899,0.0,problem2_retrain_v2/results/aligned/ablations/f1_gate_component_ablation_five_seeds
noB,2027,V,0.5,random,5028,0.6960110041265475,0.6442679121537861,0.6872756471596912,0.5041322314049587,0.3860759493670886,0.4372759856630824,0.6184253271981306,0.6959730007268955,0.0,problem2_retrain_v2/results/aligned/ablations/f1_gate_component_ablation_five_seeds
noB,2027,TA,0.3,start,5026,0.6657496561210454,0.5864942504112349,0.6424402592967661,0.4625,0.2341772151898734,0.3109243697478991,0.650840704989299,0.6542847991781259,0.0,problem2_retrain_v2/results/aligned/ablations/f1_gate_component_ablation_five_seeds
noB,2027,TA,0.3,middle,5026,0.6616231086657497,0.5960473936276379,0.6450185172127245,0.4947368421052631,0.2974683544303797,0.3715415019762846,0.6698543646086016,0.6332657755936065,0.0,problem2_retrain_v2/results/aligned/ablations/f1_gate_component_ablation_five_seeds
noB,2027,TA,0.3,end,5026,0.6478679504814305,0.5776295985456797,0.627550218459576,0.5185185185185185,0.2658227848101265,0.3514644351464435,0.6880485645706752,0.6042984078999222,0.0,problem2_retrain_v2/results/aligned/ablations/f1_gate_component_ablation_five_seeds
noB,2027,TA,0.3,random,5026,0.6685006877579092,0.5938578420973252,0.64813527004569,0.4772727272727273,0.2658227848101265,0.3414634146341463,0.6599213757226191,0.6341757136781427,0.0,problem2_retrain_v2/results/aligned/ablations/f1_gate_component_ablation_five_seeds
noB,2027,TA,0.3,random,5027,0.6547455295735901,0.5781146110190082,0.6322267418793402,0.4691358024691358,0.240506329113924,0.3179916317991632,0.669337764412672,0.6245977402016579,0.0,problem2_retrain_v2/results/aligned/ablations/f1_gate_component_ablation_five_seeds
noB,2027,TA,0.3,random,5028,0.6506189821182944,0.5783846316925246,0.629675606705762,0.4878048780487805,0.2531645569620253,0.3333333333333333,0.6866111901559041,0.6181662743067762,0.0,problem2_retrain_v2/results/aligned/ablations/f1_gate_component_ablation_five_seeds
noB,2027,TV,0.3,start,5026,0.6643741403026134,0.5845649575530077,0.6408329125411727,0.4683544303797468,0.2341772151898734,0.3122362869198312,0.6542279646447101,0.6516539893939289,0.0,problem2_retrain_v2/results/aligned/ablations/f1_gate_component_ablation_five_seeds
noB,2027,TV,0.3,middle,5026,0.657496561210454,0.5911670136052826,0.640637185884887,0.4842105263157895,0.2911392405063291,0.3636363636363636,0.6755012336600751,0.6278741676269883,0.0,problem2_retrain_v2/results/aligned/ablations/f1_gate_component_ablation_five_seeds
noB,2027,TV,0.3,end,5026,0.6478679504814305,0.5767425179531492,0.6270094138090341,0.5185185185185185,0.2658227848101265,0.3514644351464435,0.6901533132577328,0.6042207519321116,0.0,problem2_retrain_v2/results/aligned/ablations/f1_gate_component_ablation_five_seeds
noB,2027,TV,0.3,random,5026,0.6698762035763411,0.5955325472150321,0.6497753409370287,0.4831460674157303,0.2721518987341772,0.3481781376518219,0.6621137511383659,0.6334542736902837,0.0,problem2_retrain_v2/results/aligned/ablations/f1_gate_component_ablation_five_seeds
noB,2027,TV,0.3,random,5027,0.6547455295735901,0.5785111818006555,0.6325609316116447,0.4756097560975609,0.2468354430379747,0.325,0.6721576075343775,0.622244485717596,0.0,problem2_retrain_v2/results/aligned/ablations/f1_gate_component_ablation_five_seeds
noB,2027,TV,0.3,random,5028,0.6533700137551581,0.5822148254767902,0.6327236071149327,0.5,0.2594936708860759,0.3416666666666667,0.689508381723187,0.614202750062061,0.0,problem2_retrain_v2/results/aligned/ablations/f1_gate_component_ablation_five_seeds
noB,2027,AV,0.3,start,5026,0.6960110041265475,0.6442679121537861,0.6872756471596912,0.5041322314049587,0.3860759493670886,0.4372759856630824,0.61677712603933,0.6972480734024106,0.0,problem2_retrain_v2/results/aligned/ablations/f1_gate_component_ablation_five_seeds
noB,2027,AV,0.3,middle,5026,0.6946354883081155,0.6418198645649444,0.6855634141584942,0.5,0.379746835443038,0.4316546762589928,0.6184937976937188,0.6967260910406462,0.0,problem2_retrain_v2/results/aligned/ablations/f1_gate_component_ablation_five_seeds
noB,2027,AV,0.3,end,5026,0.6960110041265475,0.6442179460997166,0.6871269501247693,0.5083333333333333,0.3860759493670886,0.4388489208633093,0.6173715803909825,0.696948527827359,0.0,problem2_retrain_v2/results/aligned/ablations/f1_gate_component_ablation_five_seeds
noB,2027,AV,0.3,random,5026,0.6946354883081155,0.6419978558310675,0.6853920265495619,0.5042016806722689,0.379746835443038,0.4332129963898917,0.6184962268007718,0.6969507807854018,0.0,problem2_retrain_v2/results/aligned/ablations/f1_gate_component_ablation_five_seeds
noB,2027,AV,0.3,random,5027,0.6946354883081155,0.642052693574913,0.6855438998994134,0.5,0.379746835443038,0.4316546762589928,0.6184260331444853,0.6968630845346876,0.0,problem2_retrain_v2/results/aligned/ablations/f1_gate_component_ablation_five_seeds
noB,2027,AV,0.3,random,5028,0.6960110041265475,0.6440359816932322,0.6872965036810335,0.5041322314049587,0.3860759493670886,0.4372759856630824,0.6175004760427181,0.6968980033178034,0.0,problem2_retrain_v2/results/aligned/ablations/f1_gate_component_ablation_five_seeds
noB,2027,TAV,0.3,start,5026,0.6685006877579092,0.5903064077196776,0.6458433301244384,0.4691358024691358,0.240506329113924,0.3179916317991632,0.6532370124317238,0.6528628252060388,0.0,problem2_retrain_v2/results/aligned/ablations/f1_gate_component_ablation_five_seeds
noB,2027,TAV,0.3,middle,5026,0.6588720770288858,0.5920130372939458,0.6419009846825325,0.4842105263157895,0.2911392405063291,0.3636363636363636,0.674229698358389,0.6298849006493263,0.0,problem2_retrain_v2/results/aligned/ablations/f1_gate_component_ablation_five_seeds
noB,2027,TAV,0.3,end,5026,0.6437414030261348,0.5754116492854807,0.6246177587637969,0.5058823529411764,0.2721518987341772,0.3539094650205761,0.6905163760789692,0.603786777434716,0.0,problem2_retrain_v2/results/aligned/ablations/f1_gate_component_ablation_five_seeds
noB,2027,TAV,0.3,random,5026,0.671251719394773,0.6003403110667391,0.6530198471125176,0.4838709677419355,0.2848101265822785,0.3585657370517928,0.661860504790645,0.6334829650702406,0.0,problem2_retrain_v2/results/aligned/ablations/f1_gate_component_ablation_five_seeds
noB,2027,TAV,0.3,random,5027,0.6533700137551581,0.5797331472757546,0.6325168859102547,0.4705882352941176,0.2531645569620253,0.3292181069958848,0.6724238927360511,0.6223342786920154,0.0,problem2_retrain_v2/results/aligned/ablations/f1_gate_component_ablation_five_seeds
noB,2027,TAV,0.3,random,5028,0.6492434662998624,0.5791604862066908,0.6292885517679843,0.4880952380952381,0.2594936708860759,0.3388429752066115,0.6907174567628441,0.6134870576191925,0.0,problem2_retrain_v2/results/aligned/ablations/f1_gate_component_ablation_five_seeds
noB,2028,none,0.0,none,0,0.7015130674002751,0.6485913664067482,0.6924328993910941,0.5172413793103449,0.379746835443038,0.437956204379562,0.6096132283948658,0.7017141043536974,0.0,problem2_retrain_v2/results/aligned/ablations/f1_gate_component_ablation_five_seeds
noB,2028,T,0.1,random,5026,0.6891334250343879,0.624782255185694,0.6723482353298993,0.5274725274725275,0.3037974683544304,0.3855421686746988,0.6255416387615674,0.6845484483725754,0.0,problem2_retrain_v2/results/aligned/ablations/f1_gate_component_ablation_five_seeds
noB,2028,T,0.1,random,5027,0.6905089408528198,0.6303506397528248,0.6760845039396429,0.5151515151515151,0.3227848101265823,0.3968871595330739,0.6283537691245241,0.6662198699774594,0.0,problem2_retrain_v2/results/aligned/ablations/f1_gate_component_ablation_five_seeds
noB,2028,T,0.1,random,5028,0.6781292984869326,0.6207693710624405,0.665570290782789,0.5196078431372549,0.3354430379746835,0.4076923076923077,0.6279046818312005,0.6848581642608559,0.0,problem2_retrain_v2/results/aligned/ablations/f1_gate_component_ablation_five_seeds
noB,2028,T,0.2,random,5026,0.6808803301237965,0.6086735941625366,0.659515340285338,0.5584415584415584,0.2721518987341772,0.3659574468085106,0.6435545708604108,0.6531977539223779,0.0,problem2_retrain_v2/results/aligned/ablations/f1_gate_component_ablation_five_seeds
noB,2028,T,0.2,random,5027,0.672627235213205,0.59412721687919,0.6490898946185338,0.4871794871794871,0.240506329113924,0.3220338983050847,0.6453790485860315,0.6493657223212513,0.0,problem2_retrain_v2/results/aligned/ablations/f1_gate_component_ablation_five_seeds
noB,2028,T,0.2,random,5028,0.6602475928473177,0.5937760833158322,0.6415330432412152,0.5432098765432098,0.2784810126582278,0.3682008368200837,0.6566755885198434,0.6513445521872041,0.0,problem2_retrain_v2/results/aligned/ablations/f1_gate_component_ablation_five_seeds
noB,2028,T,0.3,start,5026,0.6698762035763411,0.5769081766905496,0.6369842112190135,0.5272727272727272,0.1835443037974683,0.272300469483568,0.6480116579089161,0.6604649330493242,0.0,problem2_retrain_v2/results/aligned/ablations/f1_gate_component_ablation_five_seeds
noB,2028,T,0.3,middle,5026,0.6341127922971114,0.5421312316559567,0.6027815692340277,0.4426229508196721,0.170886075949367,0.2465753424657534,0.6732002113656517,0.6322142845808386,0.0,problem2_retrain_v2/results/aligned/ablations/f1_gate_component_ablation_five_seeds
noB,2028,T,0.3,end,5026,0.6354883081155434,0.5423604884947194,0.6036804283679846,0.4333333333333333,0.1645569620253164,0.2385321100917431,0.6965171827807766,0.5956470831153358,0.0,problem2_retrain_v2/results/aligned/ablations/f1_gate_component_ablation_five_seeds
noB,2028,T,0.3,random,5026,0.6671251719394773,0.5875772841767805,0.6408838610448692,0.5967741935483871,0.2341772151898734,0.3363636363636363,0.6596379061609906,0.6335810132496357,0.0,problem2_retrain_v2/results/aligned/ablations/f1_gate_component_ablation_five_seeds
noB,2028,T,0.3,random,5027,0.6382393397524071,0.5545034556833967,0.6123910720628959,0.4383561643835616,0.2025316455696202,0.277056277056277,0.6668570642069852,0.6290066950091295,0.0,problem2_retrain_v2/results/aligned/ablations/f1_gate_component_ablation_five_seeds
noB,2028,T,0.3,random,5028,0.6313617606602476,0.5374818597980946,0.5989848042738117,0.423728813559322,0.1582278481012658,0.2304147465437788,0.6813682349392555,0.6276350861903648,0.0,problem2_retrain_v2/results/aligned/ablations/f1_gate_component_ablation_five_seeds
noB,2028,T,0.4,random,5026,0.624484181568088,0.510651377283037,0.5806334687482829,0.4146341463414634,0.1075949367088607,0.1708542713567839,0.704185528303521,0.5807980319394992,0.0,problem2_retrain_v2/results/aligned/ablations/f1_gate_component_ablation_five_seeds
noB,2028,T,0.4,random,5027,0.6313617606602476,0.5369951242427551,0.5980591217880449,0.4310344827586206,0.1582278481012658,0.2314814814814814,0.7104300058834347,0.5710674656959542,0.0,problem2_retrain_v2/results/aligned/ablations/f1_gate_component_ablation_five_seeds
noB,2028,T,0.4,random,5028,0.6272352132049519,0.5213842017120706,0.5880758122623412,0.4,0.1265822784810126,0.1923076923076923,0.7040411601060524,0.5928826559472142,0.0,problem2_retrain_v2/results/aligned/ablations/f1_gate_component_ablation_five_seeds
noB,2028,T,0.5,random,5026,0.6134800550206327,0.4947447234438297,0.5660844092010932,0.5,0.1012658227848101,0.1684210526315789,0.7270890265084479,0.5371050637398718,0.0,problem2_retrain_v2/results/aligned/ablations/f1_gate_component_ablation_five_seeds
noB,2028,T,0.5,random,5027,0.6107290233837689,0.497763920382968,0.5664727376507687,0.4210526315789473,0.1012658227848101,0.1632653061224489,0.7160982946528159,0.5511573786250548,0.0,problem2_retrain_v2/results/aligned/ablations/f1_gate_component_ablation_five_seeds
noB,2028,T,0.5,random,5028,0.6313617606602476,0.513407568859936,0.5839262430973468,0.5,0.1075949367088607,0.1770833333333333,0.7146834692157787,0.5695948285377789,0.0,problem2_retrain_v2/results/aligned/ablations/f1_gate_component_ablation_five_seeds
noB,2028,A,0.1,random,5026,0.7015130674002751,0.6485913664067482,0.6924328993910941,0.5172413793103449,0.379746835443038,0.437956204379562,0.6096410841733167,0.7016846952976559,0.0,problem2_retrain_v2/results/aligned/ablations/f1_gate_component_ablation_five_seeds
noB,2028,A,0.1,random,5027,0.7015130674002751,0.6485913664067482,0.6924328993910941,0.5172413793103449,0.379746835443038,0.437956204379562,0.6094517262080213,0.7021461630535777,0.0,problem2_retrain_v2/results/aligned/ablations/f1_gate_component_ablation_five_seeds
noB,2028,A,0.1,random,5028,0.7015130674002751,0.6485913664067482,0.6924328993910941,0.5172413793103449,0.379746835443038,0.437956204379562,0.6096898320785946,0.7017774175655738,0.0,problem2_retrain_v2/results/aligned/ablations/f1_gate_component_ablation_five_seeds
noB,2028,A,0.2,random,5026,0.7028885832187071,0.6510366175660948,0.6941387771990322,0.5213675213675214,0.3860759493670886,0.4436363636363636,0.6094191880387901,0.7017976214268061,0.0,problem2_retrain_v2/results/aligned/ablations/f1_gate_component_ablation_five_seeds
noB,2028,A,0.2,random,5027,0.7028885832187071,0.649685676601925,0.6937146102131988,0.5172413793103449,0.379746835443038,0.437956204379562,0.6089935651887255,0.7026369518051265,0.0,problem2_retrain_v2/results/aligned/ablations/f1_gate_component_ablation_five_seeds
noB,2028,A,0.2,random,5028,0.7015130674002751,0.6485913664067482,0.6924328993910941,0.5172413793103449,0.379746835443038,0.437956204379562,0.609626030899081,0.7018029612714018,0.0,problem2_retrain_v2/results/aligned/ablations/f1_gate_component_ablation_five_seeds
noB,2028,A,0.3,start,5026,0.7028885832187071,0.649685676601925,0.6937146102131988,0.5172413793103449,0.379746835443038,0.437956204379562,0.6096863277141625,0.7018582732149327,0.0,problem2_retrain_v2/results/aligned/ablations/f1_gate_component_ablation_five_seeds
noB,2028,A,0.3,middle,5026,0.7028885832187071,0.649685676601925,0.6937146102131988,0.5172413793103449,0.379746835443038,0.437956204379562,0.6088956742428105,0.7023976700965846,0.0,problem2_retrain_v2/results/aligned/ablations/f1_gate_component_ablation_five_seeds
noB,2028,A,0.3,end,5026,0.7042640990371389,0.6521334709167573,0.6954226603726591,0.5213675213675214,0.3860759493670886,0.4436363636363636,0.6090865568078312,0.7026207151435266,0.0,problem2_retrain_v2/results/aligned/ablations/f1_gate_component_ablation_five_seeds
noB,2028,A,0.3,random,5026,0.7042640990371389,0.6521334709167573,0.6954226603726591,0.5213675213675214,0.3860759493670886,0.4436363636363636,0.6090529737414295,0.7022078644867594,0.0,problem2_retrain_v2/results/aligned/ablations/f1_gate_component_ablation_five_seeds
noB,2028,A,0.3,random,5027,0.7028885832187071,0.649685676601925,0.6937146102131988,0.5172413793103449,0.379746835443038,0.437956204379562,0.6090179881602162,0.7026174536025334,0.0,problem2_retrain_v2/results/aligned/ablations/f1_gate_component_ablation_five_seeds
noB,2028,A,0.3,random,5028,0.7028885832187071,0.649685676601925,0.6937146102131988,0.5172413793103449,0.379746835443038,0.437956204379562,0.6093360084154171,0.702122290726296,0.0,problem2_retrain_v2/results/aligned/ablations/f1_gate_component_ablation_five_seeds
noB,2028,A,0.4,random,5026,0.7042640990371389,0.6521334709167573,0.6954226603726591,0.5213675213675214,0.3860759493670886,0.4436363636363636,0.6091592188849505,0.7021354486579802,0.0,problem2_retrain_v2/results/aligned/ablations/f1_gate_component_ablation_five_seeds
noB,2028,A,0.4,random,5027,0.7028885832187071,0.649685676601925,0.6937146102131988,0.5172413793103449,0.379746835443038,0.437956204379562,0.6091035625671569,0.7025961845500824,0.0,problem2_retrain_v2/results/aligned/ablations/f1_gate_component_ablation_five_seeds
noB,2028,A,0.4,random,5028,0.7028885832187071,0.649685676601925,0.6937146102131988,0.5172413793103449,0.379746835443038,0.437956204379562,0.6092486467741838,0.7022065441038973,0.0,problem2_retrain_v2/results/aligned/ablations/f1_gate_component_ablation_five_seeds
noB,2028,A,0.5,random,5026,0.7042640990371389,0.6521334709167573,0.6954226603726591,0.5213675213675214,0.3860759493670886,0.4436363636363636,0.6089181174639958,0.7023260384005195,0.0,problem2_retrain_v2/results/aligned/ablations/f1_gate_component_ablation_five_seeds
noB,2028,A,0.5,random,5027,0.7028885832187071,0.649685676601925,0.6937146102131988,0.5172413793103449,0.379746835443038,0.437956204379562,0.6088238247371114,0.7028547631655611,0.0,problem2_retrain_v2/results/aligned/ablations/f1_gate_component_ablation_five_seeds
noB,2028,A,0.5,random,5028,0.7028885832187071,0.649685676601925,0.6937146102131988,0.5172413793103449,0.379746835443038,0.437956204379562,0.6090361076356219,0.702375320312865,0.0,problem2_retrain_v2/results/aligned/ablations/f1_gate_component_ablation_five_seeds
noB,2028,V,0.1,random,5026,0.7028885832187071,0.649685676601925,0.6937146102131988,0.5172413793103449,0.379746835443038,0.437956204379562,0.6091030101487731,0.7022115114138264,0.0,problem2_retrain_v2/results/aligned/ablations/f1_gate_component_ablation_five_seeds
noB,2028,V,0.1,random,5027,0.7042640990371389,0.6521334709167573,0.6954226603726591,0.5213675213675214,0.3860759493670886,0.4436363636363636,0.6090681061085768,0.70228471170188,0.0,problem2_retrain_v2/results/aligned/ablations/f1_gate_component_ablation_five_seeds
noB,2028,V,0.1,random,5028,0.7042640990371389,0.6521334709167573,0.6954226603726591,0.5213675213675214,0.3860759493670886,0.4436363636363636,0.6091853404206902,0.7022114009417042,0.0,problem2_retrain_v2/results/aligned/ablations/f1_gate_component_ablation_five_seeds
noB,2028,V,0.2,random,5026,0.7042640990371389,0.6521334709167573,0.6954226603726591,0.5213675213675214,0.3860759493670886,0.4436363636363636,0.6090581198222725,0.702373187371431,0.0,problem2_retrain_v2/results/aligned/ablations/f1_gate_component_ablation_five_seeds
noB,2028,V,0.2,random,5027,0.7042640990371389,0.6521334709167573,0.6954226603726591,0.5213675213675214,0.3860759493670886,0.4436363636363636,0.6090354358468462,0.702381702230448,0.0,problem2_retrain_v2/results/aligned/ablations/f1_gate_component_ablation_five_seeds
noB,2028,V,0.2,random,5028,0.7042640990371389,0.6521334709167573,0.6954226603726591,0.5213675213675214,0.3860759493670886,0.4436363636363636,0.6091320733501119,0.7023511834234786,0.0,problem2_retrain_v2/results/aligned/ablations/f1_gate_component_ablation_five_seeds
noB,2028,V,0.3,start,5026,0.7042640990371389,0.6534870161222338,0.6959611448345241,0.5210084033613446,0.3924050632911392,0.447653429602888,0.6086776706266998,0.7022660533626472,0.0,problem2_retrain_v2/results/aligned/ablations/f1_gate_component_ablation_five_seeds
noB,2028,V,0.3,middle,5026,0.7042640990371389,0.6521334709167573,0.6954226603726591,0.5213675213675214,0.3860759493670886,0.4436363636363636,0.6092153508581032,0.7022945138927855,0.0,problem2_retrain_v2/results/aligned/ablations/f1_gate_component_ablation_five_seeds
noB,2028,V,0.3,end,5026,0.7056396148555708,0.6545701058156488,0.6971239524452453,0.5254237288135594,0.3924050632911392,0.4492753623188406,0.6081523119748464,0.7026671990439007,0.0,problem2_retrain_v2/results/aligned/ablations/f1_gate_component_ablation_five_seeds
noB,2028,V,0.3,random,5026,0.7056396148555708,0.6545701058156488,0.6971239524452453,0.5254237288135594,0.3924050632911392,0.4492753623188406,0.6081714418977853,0.7026742712275761,0.0,problem2_retrain_v2/results/aligned/ablations/f1_gate_component_ablation_five_seeds
noB,2028,V,0.3,random,5027,0.7056396148555708,0.6545701058156488,0.6971239524452453,0.5254237288135594,0.3924050632911392,0.4492753623188406,0.6081460891087923,0.702643570512473,0.0,problem2_retrain_v2/results/aligned/ablations/f1_gate_component_ablation_five_seeds
noB,2028,V,0.3,random,5028,0.7056396148555708,0.6545701058156488,0.6971239524452453,0.5254237288135594,0.3924050632911392,0.4492753623188406,0.6081324600271076,0.7027052297609824,0.0,problem2_retrain_v2/results/aligned/ablations/f1_gate_component_ablation_five_seeds
noB,2028,V,0.4,random,5026,0.7056396148555708,0.6545701058156488,0.6971239524452453,0.5254237288135594,0.3924050632911392,0.4492753623188406,0.608227303744807,0.7027072249064642,0.0,problem2_retrain_v2/results/aligned/ablations/f1_gate_component_ablation_five_seeds
noB,2028,V,0.4,random,5027,0.7056396148555708,0.6545701058156488,0.6971239524452453,0.5254237288135594,0.3924050632911392,0.4492753623188406,0.6081808399824442,0.7027081964417462,0.0,problem2_retrain_v2/results/aligned/ablations/f1_gate_component_ablation_five_seeds
noB,2028,V,0.4,random,5028,0.7056396148555708,0.6545701058156488,0.6971239524452453,0.5254237288135594,0.3924050632911392,0.4492753623188406,0.6080725036777136,0.7028494519643449,0.0,problem2_retrain_v2/results/aligned/ablations/f1_gate_component_ablation_five_seeds
noB,2028,V,0.5,random,5026,0.7056396148555708,0.6545701058156488,0.6971239524452453,0.5254237288135594,0.3924050632911392,0.4492753623188406,0.608420605256241,0.7026684473427754,0.0,problem2_retrain_v2/results/aligned/ablations/f1_gate_component_ablation_five_seeds
noB,2028,V,0.5,random,5027,0.7056396148555708,0.6545701058156488,0.6971239524452453,0.5254237288135594,0.3924050632911392,0.4492753623188406,0.6082990613962341,0.7027293511686613,0.0,problem2_retrain_v2/results/aligned/ablations/f1_gate_component_ablation_five_seeds
noB,2028,V,0.5,random,5028,0.7056396148555708,0.6545701058156488,0.6971239524452453,0.5254237288135594,0.3924050632911392,0.4492753623188406,0.608161827167255,0.7028623108417641,0.0,problem2_retrain_v2/results/aligned/ablations/f1_gate_component_ablation_five_seeds
noB,2028,TA,0.3,start,5026,0.6671251719394773,0.5728346533793538,0.6335120900533651,0.5185185185185185,0.1772151898734177,0.2641509433962264,0.6498952682969359,0.6596107070197612,0.0,problem2_retrain_v2/results/aligned/ablations/f1_gate_component_ablation_five_seeds
noB,2028,TA,0.3,middle,5026,0.6382393397524071,0.5490507669121844,0.6079928318076221,0.4754098360655737,0.1835443037974683,0.2648401826484018,0.6727126503553518,0.6321319704595059,0.0,problem2_retrain_v2/results/aligned/ablations/f1_gate_component_ablation_five_seeds
noB,2028,TA,0.3,end,5026,0.6354883081155434,0.5439622469034234,0.6047796392727213,0.4354838709677419,0.170886075949367,0.2454545454545454,0.6962204404626863,0.5968170075042178,0.0,problem2_retrain_v2/results/aligned/ablations/f1_gate_component_ablation_five_seeds
noB,2028,TA,0.3,random,5026,0.6685006877579092,0.5886099297445899,0.6419954539685389,0.6065573770491803,0.2341772151898734,0.3378995433789954,0.6592325879310765,0.6344630311864132,0.0,problem2_retrain_v2/results/aligned/ablations/f1_gate_component_ablation_five_seeds
noB,2028,TA,0.3,random,5027,0.6382393397524071,0.5544060272062782,0.6122266592469005,0.4444444444444444,0.2025316455696202,0.2782608695652174,0.6669843589085972,0.6298087833438392,0.0,problem2_retrain_v2/results/aligned/ablations/f1_gate_component_ablation_five_seeds
noB,2028,TA,0.3,random,5028,0.6299862448418156,0.5340039656170154,0.5964465285514553,0.4210526315789473,0.1518987341772152,0.2232558139534883,0.6825803279926368,0.6272495493685974,0.0,problem2_retrain_v2/results/aligned/ablations/f1_gate_component_ablation_five_seeds
noB,2028,TV,0.3,start,5026,0.6685006877579092,0.5737765526347816,0.6345678190071998,0.5283018867924528,0.1772151898734177,0.2654028436018957,0.6498024891311907,0.65870013137847,0.0,problem2_retrain_v2/results/aligned/ablations/f1_gate_component_ablation_five_seeds
noB,2028,TV,0.3,middle,5026,0.6354883081155434,0.5450930405856841,0.6049694944519437,0.4516129032258064,0.1772151898734177,0.2545454545454545,0.6729713754987139,0.6321889603197437,0.0,problem2_retrain_v2/results/aligned/ablations/f1_gate_component_ablation_five_seeds
noB,2028,TV,0.3,end,5026,0.6382393397524071,0.5463759412452296,0.6071060106604128,0.4426229508196721,0.170886075949367,0.2465753424657534,0.6971697657377206,0.5951658873309592,0.0,problem2_retrain_v2/results/aligned/ablations/f1_gate_component_ablation_five_seeds
noB,2028,TV,0.3,random,5026,0.6671251719394773,0.5872053872053872,0.6411786364331068,0.578125,0.2341772151898734,0.3333333333333333,0.6596985727095015,0.6341007642952363,0.0,problem2_retrain_v2/results/aligned/ablations/f1_gate_component_ablation_five_seeds
noB,2028,TV,0.3,random,5027,0.6382393397524071,0.5521326388272633,0.6116279184148278,0.4246575342465753,0.1962025316455696,0.2683982683982684,0.6661437603401873,0.6297206788970204,0.0,problem2_retrain_v2/results/aligned/ablations/f1_gate_component_ablation_five_seeds
noB,2028,TV,0.3,random,5028,0.6327372764786795,0.5404944143476254,0.6012072142834481,0.4333333333333333,0.1645569620253164,0.2385321100917431,0.6808169334437371,0.6275530504490301,0.0,problem2_retrain_v2/results/aligned/ablations/f1_gate_component_ablation_five_seeds
noB,2028,AV,0.3,start,5026,0.7028885832187071,0.6510552327522875,0.6942630159321166,0.5169491525423728,0.3860759493670886,0.4420289855072464,0.6101703517682449,0.7018000650542185,0.0,problem2_retrain_v2/results/aligned/ablations/f1_gate_component_ablation_five_seeds
noB,2028,AV,0.3,middle,5026,0.7042640990371389,0.6521334709167573,0.6954226603726591,0.5213675213675214,0.3860759493670886,0.4436363636363636,0.6088773070429556,0.7026116494320741,0.0,problem2_retrain_v2/results/aligned/ablations/f1_gate_component_ablation_five_seeds
noB,2028,AV,0.3,end,5026,0.7042640990371389,0.6521334709167573,0.6954226603726591,0.5213675213675214,0.3860759493670886,0.4436363636363636,0.6089983803935455,0.7029693581047,0.0,problem2_retrain_v2/results/aligned/ablations/f1_gate_component_ablation_five_seeds
noB,2028,AV,0.3,random,5026,0.7042640990371389,0.6521334709167573,0.6954226603726591,0.5213675213675214,0.3860759493670886,0.4436363636363636,0.6088964609509737,0.7025843956266324,0.0,problem2_retrain_v2/results/aligned/ablations/f1_gate_component_ablation_five_seeds
noB,2028,AV,0.3,random,5027,0.7042640990371389,0.6521334709167573,0.6954226603726591,0.5213675213675214,0.3860759493670886,0.4436363636363636,0.608886909522815,0.7029591660350659,0.0,problem2_retrain_v2/results/aligned/ablations/f1_gate_component_ablation_five_seeds
noB,2028,AV,0.3,random,5028,0.7042640990371389,0.6521334709167573,0.6954226603726591,0.5213675213675214,0.3860759493670886,0.4436363636363636,0.6091539584003213,0.7025404647660178,0.0,problem2_retrain_v2/results/aligned/ablations/f1_gate_component_ablation_five_seeds
noB,2028,TAV,0.3,start,5026,0.6685006877579092,0.5737765526347816,0.6345678190071998,0.5283018867924528,0.1772151898734177,0.2654028436018957,0.6500410493345125,0.6584979638624235,0.0,problem2_retrain_v2/results/aligned/ablations/f1_gate_component_ablation_five_seeds
noB,2028,TAV,0.3,middle,5026,0.6396148555708391,0.5519728061394727,0.6105149509895039,0.46875,0.189873417721519,0.2702702702702703,0.67246916181067,0.6330040727274711,0.0,problem2_retrain_v2/results/aligned/ablations/f1_gate_component_ablation_five_seeds
noB,2028,TAV,0.3,end,5026,0.6368638239339752,0.5430196668728778,0.6049794622097538,0.4333333333333333,0.1645569620253164,0.2385321100917431,0.6980161875517236,0.5961987049638289,0.0,problem2_retrain_v2/results/aligned/ablations/f1_gate_component_ablation_five_seeds
noB,2028,TAV,0.3,random,5026,0.6698762035763411,0.5916356151882863,0.6440707711058615,0.6129032258064516,0.240506329113924,0.3454545454545454,0.6596856218889426,0.6348504915885256,0.0,problem2_retrain_v2/results/aligned/ablations/f1_gate_component_ablation_five_seeds
noB,2028,TAV,0.3,random,5027,0.6396148555708391,0.553379202654565,0.6128136819423226,0.4305555555555556,0.1962025316455696,0.2695652173913043,0.6670177670151212,0.6303491633951235,0.0,problem2_retrain_v2/results/aligned/ablations/f1_gate_component_ablation_five_seeds
noB,2028,TAV,0.3,random,5028,0.6327372764786795,0.5385562564708468,0.5999760710895359,0.4310344827586206,0.1582278481012658,0.2314814814814814,0.6821417733226912,0.6276757525836133,0.0,problem2_retrain_v2/results/aligned/ablations/f1_gate_component_ablation_five_seeds
noBeta,2027,none,0.0,none,0,0.6932599724896836,0.629732605952236,0.6765442100880652,0.5319148936170213,0.3164556962025316,0.3968253968253968,0.6234559359269138,0.6955515544072929,0.0,problem2_retrain_v2/results/aligned/ablations/f1_gate_component_ablation_five_seeds
noBeta,2027,T,0.1,random,5026,0.6932599724896836,0.6215610509569783,0.6723641649378581,0.5421686746987951,0.2848101265822785,0.3734439834024896,0.6275396746941126,0.6860045825099387,0.0,problem2_retrain_v2/results/aligned/ablations/f1_gate_component_ablation_five_seeds
noBeta,2027,T,0.1,random,5027,0.6781292984869326,0.6034374828762751,0.6553406566611726,0.5256410256410257,0.2594936708860759,0.3474576271186441,0.6373442237510205,0.6653575024597014,0.0,problem2_retrain_v2/results/aligned/ablations/f1_gate_component_ablation_five_seeds
noBeta,2027,T,0.1,random,5028,0.6822558459422283,0.6181464809723775,0.6646048127387367,0.5632183908045977,0.310126582278481,0.4,0.6477312583666972,0.6673270273132778,0.0,problem2_retrain_v2/results/aligned/ablations/f1_gate_component_ablation_five_seeds
noBeta,2027,T,0.2,random,5026,0.6836313617606602,0.6063262499883361,0.6597571268233876,0.5526315789473685,0.2658227848101265,0.358974358974359,0.6550659618485203,0.6479265568504546,0.0,problem2_retrain_v2/results/aligned/ablations/f1_gate_component_ablation_five_seeds
noBeta,2027,T,0.2,random,5027,0.6740027510316369,0.5893850525491666,0.6466259669704817,0.5070422535211268,0.2278481012658227,0.314410480349345,0.6561629781249282,0.6495593832132766,0.0,problem2_retrain_v2/results/aligned/ablations/f1_gate_component_ablation_five_seeds
noBeta,2027,T,0.2,random,5028,0.6643741403026134,0.593151419900337,0.6425088329915056,0.5526315789473685,0.2658227848101265,0.358974358974359,0.6731867535312017,0.6349075381641268,0.0,problem2_retrain_v2/results/aligned/ablations/f1_gate_component_ablation_five_seeds
noBeta,2027,T,0.3,start,5026,0.6657496561210454,0.5717163774473147,0.6329522508628163,0.5172413793103449,0.189873417721519,0.2777777777777778,0.6539504172582141,0.6508394701509329,0.0,problem2_retrain_v2/results/aligned/ablations/f1_gate_component_ablation_five_seeds
noBeta,2027,T,0.3,middle,5026,0.6506189821182944,0.5662218193102623,0.6227671890982843,0.4852941176470588,0.2088607594936709,0.2920353982300885,0.677890768625174,0.6264174558417104,0.0,problem2_retrain_v2/results/aligned/ablations/f1_gate_component_ablation_five_seeds
noBeta,2027,T,0.3,end,5026,0.6464924346629987,0.5681970689199605,0.6208614496219939,0.5522388059701493,0.2341772151898734,0.3288888888888889,0.6920247059368316,0.6018639049050203,0.0,problem2_retrain_v2/results/aligned/ablations/f1_gate_component_ablation_five_seeds
noBeta,2027,T,0.3,random,5026,0.6698762035763411,0.5816987235467554,0.6402151446231167,0.5230769230769231,0.2151898734177215,0.3049327354260089,0.6627921014869621,0.6326623587207152,0.0,problem2_retrain_v2/results/aligned/ablations/f1_gate_component_ablation_five_seeds
noBeta,2027,T,0.3,random,5027,0.656121045392022,0.567934813236018,0.6267760703689841,0.4776119402985074,0.2025316455696202,0.2844444444444444,0.6741130593400442,0.6222322085824453,0.0,problem2_retrain_v2/results/aligned/ablations/f1_gate_component_ablation_five_seeds
noBeta,2027,T,0.3,random,5028,0.6629986244841816,0.5867430741885383,0.6382667646042356,0.5652173913043478,0.2468354430379747,0.3436123348017621,0.6889121872844653,0.6152420148232034,0.0,problem2_retrain_v2/results/aligned/ablations/f1_gate_component_ablation_five_seeds
noBeta,2027,T,0.4,random,5026,0.6423658872077029,0.5491999801334336,0.6095341444276033,0.4915254237288136,0.1835443037974683,0.2672811059907834,0.7021295071724392,0.584860571867084,0.0,problem2_retrain_v2/results/aligned/ablations/f1_gate_component_ablation_five_seeds
noBeta,2027,T,0.4,random,5027,0.6286107290233838,0.5408450648568014,0.5990336321587535,0.417910447761194,0.1772151898734177,0.2488888888888888,0.714526175171483,0.5766754618606513,0.0,problem2_retrain_v2/results/aligned/ablations/f1_gate_component_ablation_five_seeds
noBeta,2027,T,0.4,random,5028,0.6327372764786795,0.5470515996012677,0.6037739095596422,0.5079365079365079,0.2025316455696202,0.2895927601809955,0.7089216466351835,0.582039440592577,0.0,problem2_retrain_v2/results/aligned/ablations/f1_gate_component_ablation_five_seeds
noBeta,2027,T,0.5,random,5026,0.6176066024759285,0.5067111271562238,0.5752948939543766,0.4444444444444444,0.1265822784810126,0.1970443349753694,0.7306353665708777,0.5444465337910642,0.0,problem2_retrain_v2/results/aligned/ablations/f1_gate_component_ablation_five_seeds
noBeta,2027,T,0.5,random,5027,0.6231086657496562,0.5246757343387384,0.5867140560019285,0.4897959183673469,0.1518987341772152,0.2318840579710145,0.7233790817661464,0.55572229779591,0.0,problem2_retrain_v2/results/aligned/ablations/f1_gate_component_ablation_five_seeds
noBeta,2027,T,0.5,random,5028,0.6368638239339752,0.5382742349809473,0.6004163856852713,0.52,0.1645569620253164,0.25,0.7183411026831935,0.5645826418842025,0.0,problem2_retrain_v2/results/aligned/ablations/f1_gate_component_ablation_five_seeds
noBeta,2027,A,0.1,random,5026,0.6932599724896836,0.629732605952236,0.6765442100880652,0.5319148936170213,0.3164556962025316,0.3968253968253968,0.6232268518375295,0.6960105463773125,0.0,problem2_retrain_v2/results/aligned/ablations/f1_gate_component_ablation_five_seeds
noBeta,2027,A,0.1,random,5027,0.6946354883081155,0.6312928456755199,0.6777704012325028,0.5376344086021505,0.3164556962025316,0.398406374501992,0.6228969467299429,0.6961576838248735,0.0,problem2_retrain_v2/results/aligned/ablations/f1_gate_component_ablation_five_seeds
noBeta,2027,A,0.1,random,5028,0.6932599724896836,0.629732605952236,0.6765442100880652,0.5319148936170213,0.3164556962025316,0.3968253968253968,0.6233958117807664,0.6956989454891322,0.0,problem2_retrain_v2/results/aligned/ablations/f1_gate_component_ablation_five_seeds
noBeta,2027,A,0.2,random,5026,0.6932599724896836,0.629732605952236,0.6765442100880652,0.5319148936170213,0.3164556962025316,0.3968253968253968,0.6231808220090458,0.6961513015408091,0.0,problem2_retrain_v2/results/aligned/ablations/f1_gate_component_ablation_five_seeds
noBeta,2027,A,0.2,random,5027,0.6946354883081155,0.6312928456755199,0.6777704012325028,0.5376344086021505,0.3164556962025316,0.398406374501992,0.6231357697678986,0.696058874692181,0.0,problem2_retrain_v2/results/aligned/ablations/f1_gate_component_ablation_five_seeds
noBeta,2027,A,0.2,random,5028,0.6932599724896836,0.629732605952236,0.6765442100880652,0.5319148936170213,0.3164556962025316,0.3968253968253968,0.6233936001051882,0.6957493228398799,0.0,problem2_retrain_v2/results/aligned/ablations/f1_gate_component_ablation_five_seeds
noBeta,2027,A,0.3,start,5026,0.6932599724896836,0.6295378949935695,0.6766934725145788,0.5263157894736842,0.3164556962025316,0.3952569169960474,0.6225599716993544,0.6962360993025585,0.0,problem2_retrain_v2/results/aligned/ablations/f1_gate_component_ablation_five_seeds
noBeta,2027,A,0.3,middle,5026,0.6932599724896836,0.629732605952236,0.6765442100880652,0.5319148936170213,0.3164556962025316,0.3968253968253968,0.622650324380086,0.6964117036310479,0.0,problem2_retrain_v2/results/aligned/ablations/f1_gate_component_ablation_five_seeds
noBeta,2027,A,0.3,end,5026,0.6946354883081155,0.6312928456755199,0.6777704012325028,0.5376344086021505,0.3164556962025316,0.398406374501992,0.6227618784770115,0.6962763963696047,0.0,problem2_retrain_v2/results/aligned/ablations/f1_gate_component_ablation_five_seeds
noBeta,2027,A,0.3,random,5026,0.6932599724896836,0.6295378949935695,0.6766934725145788,0.5263157894736842,0.3164556962025316,0.3952569169960474,0.6224752774241129,0.696598942445686,0.0,problem2_retrain_v2/results/aligned/ablations/f1_gate_component_ablation_five_seeds
noBeta,2027,A,0.3,random,5027,0.6946354883081155,0.6312928456755199,0.6777704012325028,0.5376344086021505,0.3164556962025316,0.398406374501992,0.622905414510461,0.696368229740944,0.0,problem2_retrain_v2/results/aligned/ablations/f1_gate_component_ablation_five_seeds
noBeta,2027,A,0.3,random,5028,0.6932599724896836,0.629732605952236,0.6765442100880652,0.5319148936170213,0.3164556962025316,0.3968253968253968,0.6230979757709819,0.6960071964325193,0.0,problem2_retrain_v2/results/aligned/ablations/f1_gate_component_ablation_five_seeds
noBeta,2027,A,0.4,random,5026,0.6932599724896836,0.6295378949935695,0.6766934725145788,0.5263157894736842,0.3164556962025316,0.3952569169960474,0.6226567517647809,0.6965529290543427,0.0,problem2_retrain_v2/results/aligned/ablations/f1_gate_component_ablation_five_seeds
noBeta,2027,A,0.4,random,5027,0.6946354883081155,0.6312928456755199,0.6777704012325028,0.5376344086021505,0.3164556962025316,0.398406374501992,0.6227857198593217,0.6966120323726749,0.0,problem2_retrain_v2/results/aligned/ablations/f1_gate_component_ablation_five_seeds
noBeta,2027,A,0.4,random,5028,0.6932599724896836,0.629732605952236,0.6765442100880652,0.5319148936170213,0.3164556962025316,0.3968253968253968,0.6228912244864322,0.6961093796885125,0.0,problem2_retrain_v2/results/aligned/ablations/f1_gate_component_ablation_five_seeds
noBeta,2027,A,0.5,random,5026,0.6946354883081155,0.6309000916481167,0.6780674555068531,0.5263157894736842,0.3164556962025316,0.3952569169960474,0.622390008488244,0.6966907533286383,0.0,problem2_retrain_v2/results/aligned/ablations/f1_gate_component_ablation_five_seeds
noBeta,2027,A,0.5,random,5027,0.6932599724896836,0.6295378949935695,0.6766934725145788,0.5263157894736842,0.3164556962025316,0.3952569169960474,0.6224774103873904,0.69677449106506,0.0,problem2_retrain_v2/results/aligned/ablations/f1_gate_component_ablation_five_seeds
noBeta,2027,A,0.5,random,5028,0.6932599724896836,0.6295378949935695,0.6766934725145788,0.5263157894736842,0.3164556962025316,0.3952569169960474,0.6223841559562816,0.6963503370521026,0.0,problem2_retrain_v2/results/aligned/ablations/f1_gate_component_ablation_five_seeds
noBeta,2027,V,0.1,random,5026,0.6932599724896836,0.6297896393924463,0.6766986437579533,0.5263157894736842,0.3164556962025316,0.3952569169960474,0.6238712330071128,0.6954377172854622,0.0,problem2_retrain_v2/results/aligned/ablations/f1_gate_component_ablation_five_seeds
noBeta,2027,V,0.1,random,5027,0.6932599724896836,0.6297896393924463,0.6766986437579533,0.5263157894736842,0.3164556962025316,0.3952569169960474,0.6237558739447199,0.6955344334208629,0.0,problem2_retrain_v2/results/aligned/ablations/f1_gate_component_ablation_five_seeds
noBeta,2027,V,0.1,random,5028,0.6932599724896836,0.6297896393924463,0.6766986437579533,0.5263157894736842,0.3164556962025316,0.3952569169960474,0.6237984203699242,0.6954637577712296,0.0,problem2_retrain_v2/results/aligned/ablations/f1_gate_component_ablation_five_seeds
noBeta,2027,V,0.2,random,5026,0.6932599724896836,0.6295990451787387,0.6768505902795295,0.5208333333333334,0.3164556962025316,0.3937007874015748,0.6237544564589508,0.6953899874348647,0.0,problem2_retrain_v2/results/aligned/ablations/f1_gate_component_ablation_five_seeds
noBeta,2027,V,0.2,random,5027,0.6932599724896836,0.6295990451787387,0.6768505902795295,0.5208333333333334,0.3164556962025316,0.3937007874015748,0.6236532581332459,0.6954736297332613,0.0,problem2_retrain_v2/results/aligned/ablations/f1_gate_component_ablation_five_seeds
noBeta,2027,V,0.2,random,5028,0.6932599724896836,0.6295990451787387,0.6768505902795295,0.5208333333333334,0.3164556962025316,0.3937007874015748,0.6237210982669077,0.6954954001761784,0.0,problem2_retrain_v2/results/aligned/ablations/f1_gate_component_ablation_five_seeds
noBeta,2027,V,0.3,start,5026,0.6932599724896836,0.6295990451787387,0.6768505902795295,0.5208333333333334,0.3164556962025316,0.3937007874015748,0.6236417280545519,0.6955286964737869,0.0,problem2_retrain_v2/results/aligned/ablations/f1_gate_component_ablation_five_seeds
noBeta,2027,V,0.3,middle,5026,0.6932599724896836,0.6295990451787387,0.6768505902795295,0.5208333333333334,0.3164556962025316,0.3937007874015748,0.6241881242883214,0.6950531883036549,0.0,problem2_retrain_v2/results/aligned/ablations/f1_gate_component_ablation_five_seeds
noBeta,2027,V,0.3,end,5026,0.6932599724896836,0.6295990451787387,0.6768505902795295,0.5208333333333334,0.3164556962025316,0.3937007874015748,0.624027638748946,0.6952620148464708,0.0,problem2_retrain_v2/results/aligned/ablations/f1_gate_component_ablation_five_seeds
noBeta,2027,V,0.3,random,5026,0.6932599724896836,0.6295990451787387,0.6768505902795295,0.5208333333333334,0.3164556962025316,0.3937007874015748,0.6242158447646363,0.695172588811444,0.0,problem2_retrain_v2/results/aligned/ablations/f1_gate_component_ablation_five_seeds
noBeta,2027,V,0.3,random,5027,0.6932599724896836,0.6295990451787387,0.6768505902795295,0.5208333333333334,0.3164556962025316,0.3937007874015748,0.6240540991259611,0.6952811017398737,0.0,problem2_retrain_v2/results/aligned/ablations/f1_gate_component_ablation_five_seeds
noBeta,2027,V,0.3,random,5028,0.6932599724896836,0.6295990451787387,0.6768505902795295,0.5208333333333334,0.3164556962025316,0.3937007874015748,0.6240796247084284,0.6953755938849666,0.0,problem2_retrain_v2/results/aligned/ablations/f1_gate_component_ablation_five_seeds
noBeta,2027,V,0.4,random,5026,0.6918844566712518,0.6280450253637587,0.6756272147679269,0.5154639175257731,0.3164556962025316,0.392156862745098,0.6245730554641662,0.6948686602127618,0.0,problem2_retrain_v2/results/aligned/ablations/f1_gate_component_ablation_five_seeds
noBeta,2027,V,0.4,random,5027,0.6918844566712518,0.6280450253637587,0.6756272147679269,0.5154639175257731,0.3164556962025316,0.392156862745098,0.6243369127853697,0.6950866686500111,0.0,problem2_retrain_v2/results/aligned/ablations/f1_gate_component_ablation_five_seeds
noBeta,2027,V,0.4,random,5028,0.6918844566712518,0.6280450253637587,0.6756272147679269,0.5154639175257731,0.3164556962025316,0.392156862745098,0.6244310978293416,0.6951091794929954,0.0,problem2_retrain_v2/results/aligned/ablations/f1_gate_component_ablation_five_seeds
noBeta,2027,V,0.5,random,5026,0.6918844566712518,0.6280450253637587,0.6756272147679269,0.5154639175257731,0.3164556962025316,0.392156862745098,0.6251785811689741,0.6946874445928074,0.0,problem2_retrain_v2/results/aligned/ablations/f1_gate_component_ablation_five_seeds
noBeta,2027,V,0.5,random,5027,0.6918844566712518,0.6280450253637587,0.6756272147679269,0.5154639175257731,0.3164556962025316,0.392156862745098,0.624908370098377,0.6948756475766746,0.0,problem2_retrain_v2/results/aligned/ablations/f1_gate_component_ablation_five_seeds
noBeta,2027,V,0.5,random,5028,0.6918844566712518,0.6280450253637587,0.6756272147679269,0.5154639175257731,0.3164556962025316,0.392156862745098,0.6250866893864027,0.6948354644046133,0.0,problem2_retrain_v2/results/aligned/ablations/f1_gate_component_ablation_five_seeds
noBeta,2027,TA,0.3,start,5026,0.6657496561210454,0.5719241344428947,0.6336669511955262,0.4918032786885246,0.189873417721519,0.273972602739726,0.6533158766678098,0.6516440480027735,0.0,problem2_retrain_v2/results/aligned/ablations/f1_gate_component_ablation_five_seeds
noBeta,2027,TA,0.3,middle,5026,0.6478679504814305,0.5624499363877623,0.6196159440923398,0.4705882352941176,0.2025316455696202,0.2831858407079646,0.6775847032444935,0.6272181336775595,0.0,problem2_retrain_v2/results/aligned/ablations/f1_gate_component_ablation_five_seeds
noBeta,2027,TA,0.3,end,5026,0.6437414030261348,0.5638335160981199,0.6175397675968979,0.5373134328358209,0.2278481012658227,0.32,0.6911149086711569,0.6027681158450011,0.0,problem2_retrain_v2/results/aligned/ablations/f1_gate_component_ablation_five_seeds
noBeta,2027,TA,0.3,random,5026,0.6698762035763411,0.5821227944204513,0.6405481018693626,0.5151515151515151,0.2151898734177215,0.3035714285714285,0.6618334941143896,0.6339542210259521,0.0,problem2_retrain_v2/results/aligned/ablations/f1_gate_component_ablation_five_seeds
noBeta,2027,TA,0.3,random,5027,0.656121045392022,0.5698345736410192,0.6278448889881056,0.4782608695652174,0.2088607594936709,0.2907488986784141,0.6732294812154902,0.6232723483196865,0.0,problem2_retrain_v2/results/aligned/ablations/f1_gate_component_ablation_five_seeds
noBeta,2027,TA,0.3,random,5028,0.6616231086657497,0.5855374973588194,0.6373079526445101,0.5492957746478874,0.2468354430379747,0.3406113537117904,0.6889518487089968,0.615086819720195,0.0,problem2_retrain_v2/results/aligned/ablations/f1_gate_component_ablation_five_seeds
noBeta,2027,TV,0.3,start,5026,0.6657496561210454,0.572135728504832,0.6336454715309178,0.4918032786885246,0.189873417721519,0.273972602739726,0.6553643713079788,0.6498931993001874,0.0,problem2_retrain_v2/results/aligned/ablations/f1_gate_component_ablation_five_seeds
noBeta,2027,TV,0.3,middle,5026,0.6533700137551581,0.5732351096179084,0.6281134018633567,0.4864864864864865,0.2278481012658227,0.3103448275862069,0.6798525475152419,0.6253916448215531,0.0,problem2_retrain_v2/results/aligned/ablations/f1_gate_component_ablation_five_seeds
noBeta,2027,TV,0.3,end,5026,0.6464924346629987,0.5688053455043747,0.621605324947962,0.5428571428571428,0.240506329113924,0.3333333333333333,0.6941439582804135,0.601822180296373,0.0,problem2_retrain_v2/results/aligned/ablations/f1_gate_component_ablation_five_seeds
noBeta,2027,TV,0.3,random,5026,0.6685006877579092,0.583018332767742,0.6409043834909551,0.5070422535211268,0.2278481012658227,0.314410480349345,0.6641615799949754,0.6323121692788864,0.0,problem2_retrain_v2/results/aligned/ablations/f1_gate_component_ablation_five_seeds
noBeta,2027,TV,0.3,random,5027,0.6547455295735901,0.5683346714278618,0.6266496293382511,0.4714285714285714,0.2088607594936709,0.2894736842105263,0.675698521407879,0.6214043764350623,0.0,problem2_retrain_v2/results/aligned/ablations/f1_gate_component_ablation_five_seeds
noBeta,2027,TV,0.3,random,5028,0.6629986244841816,0.5884487055102022,0.6392060443415603,0.5633802816901409,0.2531645569620253,0.3493449781659388,0.6914472205666631,0.6135416654656711,0.0,problem2_retrain_v2/results/aligned/ablations/f1_gate_component_ablation_five_seeds
noBeta,2027,AV,0.3,start,5026,0.6946354883081155,0.6320277322016753,0.6787109956947022,0.5257731958762887,0.3227848101265823,0.4,0.6229919962125938,0.6961070156235064,0.0,problem2_retrain_v2/results/aligned/ablations/f1_gate_component_ablation_five_seeds
noBeta,2027,AV,0.3,middle,5026,0.6932599724896836,0.6295990451787387,0.6768505902795295,0.5208333333333334,0.3164556962025316,0.3937007874015748,0.6235990663477435,0.6958968665366588,0.0,problem2_retrain_v2/results/aligned/ablations/f1_gate_component_ablation_five_seeds
noBeta,2027,AV,0.3,end,5026,0.6932599724896836,0.6295990451787387,0.6768505902795295,0.5208333333333334,0.3164556962025316,0.3937007874015748,0.6234327429213988,0.695974179244506,0.0,problem2_retrain_v2/results/aligned/ablations/f1_gate_component_ablation_five_seeds
noBeta,2027,AV,0.3,random,5026,0.6932599724896836,0.6295990451787387,0.6768505902795295,0.5208333333333334,0.3164556962025316,0.3937007874015748,0.6235698947285216,0.6961216667632754,0.0,problem2_retrain_v2/results/aligned/ablations/f1_gate_component_ablation_five_seeds
noBeta,2027,AV,0.3,random,5027,0.6932599724896836,0.6295990451787387,0.6768505902795295,0.5208333333333334,0.3164556962025316,0.3937007874015748,0.6235152618171922,0.6960852429991397,0.0,problem2_retrain_v2/results/aligned/ablations/f1_gate_component_ablation_five_seeds
noBeta,2027,AV,0.3,random,5028,0.6932599724896836,0.6295990451787387,0.6768505902795295,0.5208333333333334,0.3164556962025316,0.3937007874015748,0.6238270174135692,0.6958111646058327,0.0,problem2_retrain_v2/results/aligned/ablations/f1_gate_component_ablation_five_seeds
noBeta,2027,TAV,0.3,start,5026,0.6671251719394773,0.5754933142975179,0.6365224465102947,0.4769230769230769,0.1962025316455696,0.2780269058295964,0.6534181064835367,0.651594722441895,0.0,problem2_retrain_v2/results/aligned/ablations/f1_gate_component_ablation_five_seeds
noBeta,2027,TAV,0.3,middle,5026,0.6478679504814305,0.5653894073632,0.6219344135108132,0.4533333333333333,0.2151898734177215,0.2918454935622318,0.6790595753814891,0.6270295188895252,0.0,problem2_retrain_v2/results/aligned/ablations/f1_gate_component_ablation_five_seeds
noBeta,2027,TAV,0.3,end,5026,0.6423658872077029,0.5620927692905592,0.6164363261906776,0.5217391304347826,0.2278481012658227,0.3171806167400881,0.6935583253106927,0.6027105099712523,0.0,problem2_retrain_v2/results/aligned/ablations/f1_gate_component_ablation_five_seeds
noBeta,2027,TAV,0.3,random,5026,0.671251719394773,0.5876050425509273,0.6447054135058896,0.5068493150684932,0.2341772151898734,0.3203463203463203,0.6628352616749328,0.6343021197653755,0.0,problem2_retrain_v2/results/aligned/ablations/f1_gate_component_ablation_five_seeds
noBeta,2027,TAV,0.3,random,5027,0.657496561210454,0.5757103571426608,0.6318109518109236,0.4864864864864865,0.2278481012658227,0.3103448275862069,0.6746151942029578,0.6221692132108521,0.0,problem2_retrain_v2/results/aligned/ablations/f1_gate_component_ablation_five_seeds
noBeta,2027,TAV,0.3,random,5028,0.6616231086657497,0.5891180720147474,0.6391401670679139,0.5466666666666666,0.2594936708860759,0.351931330472103,0.6917008820222568,0.6125734366622178,0.0,problem2_retrain_v2/results/aligned/ablations/f1_gate_component_ablation_five_seeds
noBeta,2028,none,0.0,none,0,0.6891334250343879,0.6145438677811016,0.6680430424515046,0.5,0.2658227848101265,0.3471074380165289,0.6182131694803696,0.7015020839436839,0.0,problem2_retrain_v2/results/aligned/ablations/f1_gate_component_ablation_five_seeds
noBeta,2028,T,0.1,random,5026,0.6850068775790922,0.6067555902015315,0.659169297917705,0.5588235294117647,0.240506329113924,0.336283185840708,0.6256274980020625,0.6868891150572444,0.0,problem2_retrain_v2/results/aligned/ablations/f1_gate_component_ablation_five_seeds
noBeta,2028,T,0.1,random,5027,0.6795048143053645,0.5998930871238134,0.6538597980993124,0.5211267605633803,0.2341772151898734,0.3231441048034934,0.6339393165451798,0.6678848525904879,0.0,problem2_retrain_v2/results/aligned/ablations/f1_gate_component_ablation_five_seeds
noBeta,2028,T,0.1,random,5028,0.6795048143053645,0.6114157964570499,0.6591150556193179,0.5569620253164557,0.2784810126582278,0.3713080168776371,0.6326050287867039,0.6827981129728088,0.0,problem2_retrain_v2/results/aligned/ablations/f1_gate_component_ablation_five_seeds
noBeta,2028,T,0.2,random,5026,0.6808803301237965,0.5927789677789678,0.6484020644955997,0.66,0.2088607594936709,0.3173076923076923,0.6459951975956891,0.6541250617178332,0.0,problem2_retrain_v2/results/aligned/ablations/f1_gate_component_ablation_five_seeds
noBeta,2028,T,0.2,random,5027,0.671251719394773,0.586843549130056,0.641143166201468,0.559322033898305,0.2088607594936709,0.304147465437788,0.6494262663709256,0.650427798956585,0.0,problem2_retrain_v2/results/aligned/ablations/f1_gate_component_ablation_five_seeds
noBeta,2028,T,0.2,random,5028,0.656121045392022,0.5745627602123254,0.6284918616697162,0.5396825396825397,0.2151898734177215,0.3076923076923077,0.6609435842796085,0.6516156103917807,0.0,problem2_retrain_v2/results/aligned/ablations/f1_gate_component_ablation_five_seeds
noBeta,2028,T,0.3,start,5026,0.657496561210454,0.5462171426009018,0.6141746541363592,0.4878048780487805,0.1265822784810126,0.2010050251256281,0.6527143837838288,0.6594301291752559,0.0,problem2_retrain_v2/results/aligned/ablations/f1_gate_component_ablation_five_seeds
noBeta,2028,T,0.3,middle,5026,0.6478679504814305,0.5426474127557159,0.6067424441807073,0.5238095238095238,0.1392405063291139,0.22,0.6718426308198404,0.6345720054037286,0.0,problem2_retrain_v2/results/aligned/ablations/f1_gate_component_ablation_five_seeds
noBeta,2028,T,0.3,end,5026,0.6451169188445667,0.5464545653112782,0.6083685447462921,0.5208333333333334,0.1582278481012658,0.2427184466019417,0.6936758316667093,0.6016469538056749,0.0,problem2_retrain_v2/results/aligned/ablations/f1_gate_component_ablation_five_seeds
noBeta,2028,T,0.3,random,5026,0.6629986244841816,0.5645369356212729,0.624645687916101,0.675,0.170886075949367,0.2727272727272727,0.6615917480718012,0.6308958460409485,0.0,problem2_retrain_v2/results/aligned/ablations/f1_gate_component_ablation_five_seeds
noBeta,2028,T,0.3,random,5027,0.6478679504814305,0.5535580093015897,0.6140779459219795,0.5,0.1772151898734177,0.2616822429906542,0.6693113744344409,0.6274834321376087,0.0,problem2_retrain_v2/results/aligned/ablations/f1_gate_component_ablation_five_seeds
noBeta,2028,T,0.3,random,5028,0.6354883081155434,0.5338029854043324,0.5967289274566617,0.4782608695652174,0.1392405063291139,0.2156862745098039,0.6816846002442876,0.6278889058731119,0.0,problem2_retrain_v2/results/aligned/ablations/f1_gate_component_ablation_five_seeds
noBeta,2028,T,0.4,random,5026,0.6258596973865199,0.499572316159238,0.5740287939994408,0.4193548387096774,0.0822784810126582,0.1375661375661375,0.7073405126104176,0.5783755775001199,0.0,problem2_retrain_v2/results/aligned/ablations/f1_gate_component_ablation_five_seeds
noBeta,2028,T,0.4,random,5027,0.6327372764786795,0.5149494046018482,0.5852351466803911,0.4444444444444444,0.1012658227848101,0.1649484536082474,0.712259235501022,0.5704023051702611,0.0,problem2_retrain_v2/results/aligned/ablations/f1_gate_component_ablation_five_seeds
noBeta,2028,T,0.4,random,5028,0.6299862448418156,0.5081917756426473,0.5799598307502001,0.4242424242424242,0.0886075949367088,0.1465968586387434,0.7038755653655057,0.5937522772846291,0.0,problem2_retrain_v2/results/aligned/ablations/f1_gate_component_ablation_five_seeds
noBeta,2028,T,0.5,random,5026,0.609353507565337,0.4708666482332825,0.5494345896578336,0.4736842105263157,0.0569620253164556,0.1016949152542373,0.729897594815522,0.5348022635600865,0.0,problem2_retrain_v2/results/aligned/ablations/f1_gate_component_ablation_five_seeds
noBeta,2028,T,0.5,random,5027,0.6203576341127923,0.4923484858432269,0.565468665341662,0.5217391304347826,0.0759493670886076,0.1325966850828729,0.7185342498434539,0.551822962033146,0.0,problem2_retrain_v2/results/aligned/ablations/f1_gate_component_ablation_five_seeds
noBeta,2028,T,0.5,random,5028,0.6354883081155434,0.4974959887556752,0.5756123090537534,0.4761904761904761,0.0632911392405063,0.1117318435754189,0.7174914081428818,0.5707048331169071,0.0,problem2_retrain_v2/results/aligned/ablations/f1_gate_component_ablation_five_seeds
noBeta,2028,A,0.1,random,5026,0.6891334250343879,0.6145438677811016,0.6680430424515046,0.5,0.2658227848101265,0.3471074380165289,0.6181852247689291,0.7014994549505119,0.0,problem2_retrain_v2/results/aligned/ablations/f1_gate_component_ablation_five_seeds
noBeta,2028,A,0.1,random,5027,0.6905089408528198,0.6173595597941558,0.6699897349094254,0.5058823529411764,0.2721518987341772,0.3539094650205761,0.6165892619817491,0.7025352726691522,0.0,problem2_retrain_v2/results/aligned/ablations/f1_gate_component_ablation_five_seeds
noBeta,2028,A,0.1,random,5028,0.6891334250343879,0.6145438677811016,0.6680430424515046,0.5,0.2658227848101265,0.3471074380165289,0.6182565413433693,0.7015623896712954,0.0,problem2_retrain_v2/results/aligned/ablations/f1_gate_component_ablation_five_seeds
noBeta,2028,A,0.2,random,5026,0.6891334250343879,0.6145438677811016,0.6680430424515046,0.5,0.2658227848101265,0.3471074380165289,0.6179791631261943,0.7016183941986268,0.0,problem2_retrain_v2/results/aligned/ablations/f1_gate_component_ablation_five_seeds
noBeta,2028,A,0.2,random,5027,0.6891334250343879,0.6163517448044883,0.6688912540857064,0.5,0.2721518987341772,0.3524590163934426,0.6168758432643796,0.7025706412902939,0.0,problem2_retrain_v2/results/aligned/ablations/f1_gate_component_ablation_five_seeds
noBeta,2028,A,0.2,random,5028,0.6891334250343879,0.6145438677811016,0.6680430424515046,0.5,0.2658227848101265,0.3471074380165289,0.6182353438734154,0.7015738252842764,0.0,problem2_retrain_v2/results/aligned/ablations/f1_gate_component_ablation_five_seeds
noBeta,2028,A,0.3,start,5026,0.687757909215956,0.6135433937768618,0.666949347909894,0.4941176470588235,0.2658227848101265,0.345679012345679,0.6187703595413027,0.7012098485721461,0.0,problem2_retrain_v2/results/aligned/ablations/f1_gate_component_ablation_five_seeds
noBeta,2028,A,0.3,middle,5026,0.6891334250343879,0.6145438677811016,0.6680430424515046,0.5,0.2658227848101265,0.3471074380165289,0.6178776256773727,0.7017328863619924,0.0,problem2_retrain_v2/results/aligned/ablations/f1_gate_component_ablation_five_seeds
noBeta,2028,A,0.3,end,5026,0.6891334250343879,0.6163517448044883,0.6688912540857064,0.5,0.2721518987341772,0.3524590163934426,0.617089458627544,0.7024897096450191,0.0,problem2_retrain_v2/results/aligned/ablations/f1_gate_component_ablation_five_seeds
noBeta,2028,A,0.3,random,5026,0.687757909215956,0.6135433937768618,0.666949347909894,0.4941176470588235,0.2658227848101265,0.345679012345679,0.6182552535013641,0.7015751301473195,0.0,problem2_retrain_v2/results/aligned/ablations/f1_gate_component_ablation_five_seeds
noBeta,2028,A,0.3,random,5027,0.6891334250343879,0.6163517448044883,0.6688912540857064,0.5,0.2721518987341772,0.3524590163934426,0.6169594373852266,0.7025540779946307,0.0,problem2_retrain_v2/results/aligned/ablations/f1_gate_component_ablation_five_seeds
noBeta,2028,A,0.3,random,5028,0.6891334250343879,0.6145438677811016,0.6680430424515046,0.5,0.2658227848101265,0.3471074380165289,0.6183345710263877,0.7015079873930187,0.0,problem2_retrain_v2/results/aligned/ablations/f1_gate_component_ablation_five_seeds
noBeta,2028,A,0.4,random,5026,0.687757909215956,0.6135433937768618,0.666949347909894,0.4941176470588235,0.2658227848101265,0.345679012345679,0.6183971152509258,0.701460211250902,0.0,problem2_retrain_v2/results/aligned/ablations/f1_gate_component_ablation_five_seeds
noBeta,2028,A,0.4,random,5027,0.6891334250343879,0.6163517448044883,0.6688912540857064,0.5,0.2721518987341772,0.3524590163934426,0.6171415061583913,0.7024986812142838,0.0,problem2_retrain_v2/results/aligned/ablations/f1_gate_component_ablation_five_seeds
noBeta,2028,A,0.4,random,5028,0.6891334250343879,0.6145438677811016,0.6680430424515046,0.5,0.2658227848101265,0.3471074380165289,0.618335677373735,0.7015286373353644,0.0,problem2_retrain_v2/results/aligned/ablations/f1_gate_component_ablation_five_seeds
noBeta,2028,A,0.5,random,5026,0.687757909215956,0.6135433937768618,0.666949347909894,0.4941176470588235,0.2658227848101265,0.345679012345679,0.6181656501657224,0.7016731006955281,0.0,problem2_retrain_v2/results/aligned/ablations/f1_gate_component_ablation_five_seeds
noBeta,2028,A,0.5,random,5027,0.6891334250343879,0.6163517448044883,0.6688912540857064,0.5,0.2721518987341772,0.3524590163934426,0.6168772086793631,0.702733355541594,0.0,problem2_retrain_v2/results/aligned/ablations/f1_gate_component_ablation_five_seeds
noBeta,2028,A,0.5,random,5028,0.687757909215956,0.6135433937768618,0.666949347909894,0.4941176470588235,0.2658227848101265,0.345679012345679,0.6186794134571189,0.7015651938759364,0.0,problem2_retrain_v2/results/aligned/ablations/f1_gate_component_ablation_five_seeds
noBeta,2028,V,0.1,random,5026,0.6905089408528198,0.6173595597941558,0.6699897349094254,0.5058823529411764,0.2721518987341772,0.3539094650205761,0.6165695505708222,0.7022957523786392,0.0,problem2_retrain_v2/results/aligned/ablations/f1_gate_component_ablation_five_seeds
noBeta,2028,V,0.1,random,5027,0.6905089408528198,0.6173595597941558,0.6699897349094254,0.5058823529411764,0.2721518987341772,0.3539094650205761,0.6164881621286431,0.7023514674711341,0.0,problem2_retrain_v2/results/aligned/ablations/f1_gate_component_ablation_five_seeds
noBeta,2028,V,0.1,random,5028,0.6905089408528198,0.6173595597941558,0.6699897349094254,0.5058823529411764,0.2721518987341772,0.3539094650205761,0.6166453595193353,0.7022754473676482,0.0,problem2_retrain_v2/results/aligned/ablations/f1_gate_component_ablation_five_seeds
noBeta,2028,V,0.2,random,5026,0.6905089408528198,0.6173595597941558,0.6699897349094254,0.5058823529411764,0.2721518987341772,0.3539094650205761,0.6164925283780146,0.7024817435423074,0.0,problem2_retrain_v2/results/aligned/ablations/f1_gate_component_ablation_five_seeds
noBeta,2028,V,0.2,random,5027,0.6905089408528198,0.6173595597941558,0.6699897349094254,0.5058823529411764,0.2721518987341772,0.3539094650205761,0.6164848060765199,0.7024613056153078,0.0,problem2_retrain_v2/results/aligned/ablations/f1_gate_component_ablation_five_seeds
noBeta,2028,V,0.2,random,5028,0.6905089408528198,0.6173595597941558,0.6699897349094254,0.5058823529411764,0.2721518987341772,0.3539094650205761,0.6165500630911128,0.7024633802251671,0.0,problem2_retrain_v2/results/aligned/ablations/f1_gate_component_ablation_five_seeds
noBeta,2028,V,0.3,start,5026,0.6918844566712518,0.620159193991018,0.6719264687123397,0.5116279069767442,0.2784810126582278,0.360655737704918,0.6164746887570256,0.7022854551981197,0.0,problem2_retrain_v2/results/aligned/ablations/f1_gate_component_ablation_five_seeds
noBeta,2028,V,0.3,middle,5026,0.6918844566712518,0.620159193991018,0.6719264687123397,0.5116279069767442,0.2784810126582278,0.360655737704918,0.6165420252940287,0.7024188073236872,0.0,problem2_retrain_v2/results/aligned/ablations/f1_gate_component_ablation_five_seeds
noBeta,2028,V,0.3,end,5026,0.6918844566712518,0.620159193991018,0.6719264687123397,0.5116279069767442,0.2784810126582278,0.360655737704918,0.6165061405842814,0.7025049491859389,0.0,problem2_retrain_v2/results/aligned/ablations/f1_gate_component_ablation_five_seeds
noBeta,2028,V,0.3,random,5026,0.6918844566712518,0.620159193991018,0.6719264687123397,0.5116279069767442,0.2784810126582278,0.360655737704918,0.6164483069371336,0.7025769617993936,0.0,problem2_retrain_v2/results/aligned/ablations/f1_gate_component_ablation_five_seeds
noBeta,2028,V,0.3,random,5027,0.6918844566712518,0.620159193991018,0.6719264687123397,0.5116279069767442,0.2784810126582278,0.360655737704918,0.6163985612673684,0.7025249210704352,0.0,problem2_retrain_v2/results/aligned/ablations/f1_gate_component_ablation_five_seeds
noBeta,2028,V,0.3,random,5028,0.6918844566712518,0.620159193991018,0.6719264687123397,0.5116279069767442,0.2784810126582278,0.360655737704918,0.6163408829413292,0.7026197786102846,0.0,problem2_retrain_v2/results/aligned/ablations/f1_gate_component_ablation_five_seeds
noBeta,2028,V,0.4,random,5026,0.6918844566712518,0.6200043888523151,0.6721082881393229,0.5057471264367817,0.2784810126582278,0.3591836734693877,0.6160067025729636,0.7028678950029672,0.0,problem2_retrain_v2/results/aligned/ablations/f1_gate_component_ablation_five_seeds
noBeta,2028,V,0.4,random,5027,0.6918844566712518,0.6200043888523151,0.6721082881393229,0.5057471264367817,0.2784810126582278,0.3591836734693877,0.6159663139774881,0.7028422690070533,0.0,problem2_retrain_v2/results/aligned/ablations/f1_gate_component_ablation_five_seeds
noBeta,2028,V,0.4,random,5028,0.6918844566712518,0.6200043888523151,0.6721082881393229,0.5057471264367817,0.2784810126582278,0.3591836734693877,0.6157995016439213,0.7030019384766817,0.0,problem2_retrain_v2/results/aligned/ablations/f1_gate_component_ablation_five_seeds
noBeta,2028,V,0.5,random,5026,0.6918844566712518,0.6200043888523151,0.6721082881393229,0.5057471264367817,0.2784810126582278,0.3591836734693877,0.6162206370782234,0.7028461101082499,0.0,problem2_retrain_v2/results/aligned/ablations/f1_gate_component_ablation_five_seeds
noBeta,2028,V,0.5,random,5027,0.6918844566712518,0.6200043888523151,0.6721082881393229,0.5057471264367817,0.2784810126582278,0.3591836734693877,0.6160932310025163,0.7028754473680017,0.0,problem2_retrain_v2/results/aligned/ablations/f1_gate_component_ablation_five_seeds
noBeta,2028,V,0.5,random,5028,0.6918844566712518,0.6200043888523151,0.6721082881393229,0.5057471264367817,0.2784810126582278,0.3591836734693877,0.6159100989161211,0.7030165246303112,0.0,problem2_retrain_v2/results/aligned/ablations/f1_gate_component_ablation_five_seeds
noBeta,2028,TA,0.3,start,5026,0.656121045392022,0.5476798788396047,0.6141652978666609,0.5,0.1329113924050632,0.21,0.6532890770180838,0.6586231797729999,0.0,problem2_retrain_v2/results/aligned/ablations/f1_gate_component_ablation_five_seeds
noBeta,2028,TA,0.3,middle,5026,0.6437414030261348,0.5399862484292387,0.6039776237425307,0.4782608695652174,0.1392405063291139,0.2156862745098039,0.6726061228121405,0.63450401453395,0.0,problem2_retrain_v2/results/aligned/ablations/f1_gate_component_ablation_five_seeds
noBeta,2028,TA,0.3,end,5026,0.6396148555708391,0.537679257361617,0.6013945408259683,0.4893617021276595,0.1455696202531645,0.224390243902439,0.6945875068841256,0.6027973704679639,0.0,problem2_retrain_v2/results/aligned/ablations/f1_gate_component_ablation_five_seeds
noBeta,2028,TA,0.3,random,5026,0.6616231086657497,0.5613117744914186,0.6222882228724989,0.6666666666666666,0.1645569620253164,0.2639593908629442,0.6613055460837507,0.6317438756062869,0.0,problem2_retrain_v2/results/aligned/ablations/f1_gate_component_ablation_five_seeds
noBeta,2028,TA,0.3,random,5027,0.6506189821182944,0.5539820366621484,0.6156380090211112,0.4909090909090909,0.170886075949367,0.2535211267605634,0.6680118039129862,0.6316865174177382,0.0,problem2_retrain_v2/results/aligned/ablations/f1_gate_component_ablation_five_seeds
noBeta,2028,TA,0.3,random,5028,0.6354883081155434,0.5338029854043324,0.5967289274566617,0.4782608695652174,0.1392405063291139,0.2156862745098039,0.6823065367409473,0.6281005600216689,0.0,problem2_retrain_v2/results/aligned/ablations/f1_gate_component_ablation_five_seeds
noBeta,2028,TV,0.3,start,5026,0.6588720770288858,0.5495249795249796,0.6165918976372896,0.5,0.1329113924050632,0.21,0.6525267783021216,0.658947375152784,0.0,problem2_retrain_v2/results/aligned/ablations/f1_gate_component_ablation_five_seeds
noBeta,2028,TV,0.3,middle,5026,0.6437414030261348,0.5376570960458751,0.6023870801937348,0.4883720930232558,0.1329113924050632,0.208955223880597,0.6735172257500791,0.6333626765614463,0.0,problem2_retrain_v2/results/aligned/ablations/f1_gate_component_ablation_five_seeds
noBeta,2028,TV,0.3,end,5026,0.6423658872077029,0.5426123678550864,0.6050274264373969,0.5,0.1518987341772152,0.233009708737864,0.6950384620960783,0.6014184566664446,0.0,problem2_retrain_v2/results/aligned/ablations/f1_gate_component_ablation_five_seeds
noBeta,2028,TV,0.3,random,5026,0.6616231086657497,0.5613117744914186,0.6222882228724989,0.6666666666666666,0.1645569620253164,0.2639593908629442,0.6624650692511952,0.6308079122252069,0.0,problem2_retrain_v2/results/aligned/ablations/f1_gate_component_ablation_five_seeds
noBeta,2028,TV,0.3,random,5027,0.6464924346629987,0.5483841982148543,0.6106247646473043,0.490566037735849,0.1645569620253164,0.2464454976303317,0.669730371779167,0.6274149911750364,0.0,problem2_retrain_v2/results/aligned/ablations/f1_gate_component_ablation_five_seeds
noBeta,2028,TV,0.3,random,5028,0.6354883081155434,0.5313887387886884,0.5955889434452265,0.4666666666666667,0.1329113924050632,0.2068965517241379,0.6816705671266445,0.6285162798375756,0.0,problem2_retrain_v2/results/aligned/ablations/f1_gate_component_ablation_five_seeds
noBeta,2028,AV,0.3,start,5026,0.687757909215956,0.6134067941543799,0.6671428322727301,0.4883720930232558,0.2658227848101265,0.3442622950819672,0.6183454011431262,0.7015721216373559,0.0,problem2_retrain_v2/results/aligned/ablations/f1_gate_component_ablation_five_seeds
noBeta,2028,AV,0.3,middle,5026,0.6918844566712518,0.620159193991018,0.6719264687123397,0.5116279069767442,0.2784810126582278,0.360655737704918,0.6162901568012162,0.7026551271909047,0.0,problem2_retrain_v2/results/aligned/ablations/f1_gate_component_ablation_five_seeds
noBeta,2028,AV,0.3,end,5026,0.6891334250343879,0.6162078481931844,0.669079980851979,0.4942528735632184,0.2721518987341772,0.3510204081632653,0.6165245633634157,0.7031061108496883,0.0,problem2_retrain_v2/results/aligned/ablations/f1_gate_component_ablation_five_seeds
noBeta,2028,AV,0.3,random,5026,0.6891334250343879,0.6162078481931844,0.669079980851979,0.4942528735632184,0.2721518987341772,0.3510204081632653,0.6160901104473696,0.7029082060833581,0.0,problem2_retrain_v2/results/aligned/ablations/f1_gate_component_ablation_five_seeds
noBeta,2028,AV,0.3,random,5027,0.6891334250343879,0.6162078481931844,0.669079980851979,0.4942528735632184,0.2721518987341772,0.3510204081632653,0.6162919218317178,0.7032087585062281,0.0,problem2_retrain_v2/results/aligned/ablations/f1_gate_component_ablation_five_seeds
noBeta,2028,AV,0.3,random,5028,0.6891334250343879,0.6144036088306254,0.6682343459131775,0.4941176470588235,0.2658227848101265,0.345679012345679,0.6176375731584572,0.7022266243381621,0.0,problem2_retrain_v2/results/aligned/ablations/f1_gate_component_ablation_five_seeds
noBeta,2028,TAV,0.3,start,5026,0.657496561210454,0.5485423798417338,0.6151575945742297,0.5121951219512195,0.1329113924050632,0.2110552763819095,0.6535685051355045,0.6579962549369139,0.0,problem2_retrain_v2/results/aligned/ablations/f1_gate_component_ablation_five_seeds
noBeta,2028,TAV,0.3,middle,5026,0.6464924346629987,0.5415503998243225,0.6057460731083829,0.5116279069767442,0.1392405063291139,0.2189054726368159,0.6729871436543423,0.6338651545210199,0.0,problem2_retrain_v2/results/aligned/ablations/f1_gate_component_ablation_five_seeds
noBeta,2028,TAV,0.3,end,5026,0.6423658872077029,0.544204284822973,0.6060041125631458,0.5102040816326531,0.1582278481012658,0.2415458937198067,0.6953699662095841,0.6025634461038941,0.0,problem2_retrain_v2/results/aligned/ablations/f1_gate_component_ablation_five_seeds
noBeta,2028,TAV,0.3,random,5026,0.6629986244841816,0.5645369356212729,0.624645687916101,0.675,0.170886075949367,0.2727272727272727,0.661817852534392,0.6316178856590201,0.0,problem2_retrain_v2/results/aligned/ablations/f1_gate_component_ablation_five_seeds
noBeta,2028,TAV,0.3,random,5027,0.6464924346629987,0.5487838089982001,0.6111827742625341,0.4727272727272727,0.1645569620253164,0.244131455399061,0.6693081180775594,0.6298372386662673,0.0,problem2_retrain_v2/results/aligned/ablations/f1_gate_component_ablation_five_seeds
noBeta,2028,TAV,0.3,random,5028,0.6382393397524071,0.5356416255021007,0.5991480564937859,0.4782608695652174,0.1392405063291139,0.2156862745098039,0.6817724938221845,0.6290997034495873,0.0,problem2_retrain_v2/results/aligned/ablations/f1_gate_component_ablation_five_seeds
noC,2027,none,0.0,none,0,0.7015130674002751,0.6327329105985645,0.6819590427728772,0.5609756097560976,0.2911392405063291,0.3833333333333333,0.649024994262413,0.6910523712143488,0.0,problem2_retrain_v2/results/aligned/ablations/f1_gate_component_ablation_five_seeds
noC,2027,T,0.1,random,5026,0.6918844566712518,0.6321048006097026,0.6778216421239724,0.5306122448979592,0.3291139240506329,0.40625,0.6398970881682292,0.6739541000642236,0.0,problem2_retrain_v2/results/aligned/ablations/f1_gate_component_ablation_five_seeds
noC,2027,T,0.1,random,5027,0.6822558459422283,0.609872715025666,0.6618806812153192,0.5121951219512195,0.2658227848101265,0.35,0.643132073776553,0.6631444796434348,0.0,problem2_retrain_v2/results/aligned/ablations/f1_gate_component_ablation_five_seeds
noC,2027,T,0.1,random,5028,0.6795048143053645,0.6221318566600429,0.6665200983372457,0.5408163265306123,0.3354430379746835,0.4140625,0.6475722218678147,0.6611447805546367,0.0,problem2_retrain_v2/results/aligned/ablations/f1_gate_component_ablation_five_seeds
noC,2027,T,0.2,random,5026,0.6822558459422283,0.6199766138625206,0.6692379394292189,0.5048543689320388,0.3291139240506329,0.3984674329501915,0.6576626896515639,0.6406885965350353,0.0,problem2_retrain_v2/results/aligned/ablations/f1_gate_component_ablation_five_seeds
noC,2027,T,0.2,random,5027,0.6616231086657497,0.5904534175014553,0.6428646359473892,0.4606741573033708,0.2594936708860759,0.3319838056680162,0.6495908017378953,0.648760281693199,0.0,problem2_retrain_v2/results/aligned/ablations/f1_gate_component_ablation_five_seeds
noC,2027,T,0.2,random,5028,0.6671251719394773,0.6106597513267639,0.6551072750222576,0.53,0.3354430379746835,0.4108527131782946,0.6669911900371788,0.627790792239217,0.0,problem2_retrain_v2/results/aligned/ablations/f1_gate_component_ablation_five_seeds
noC,2027,T,0.3,start,5026,0.6753782668500687,0.6167652242218017,0.6632384947774649,0.5048543689320388,0.3291139240506329,0.3984674329501915,0.6545814747930019,0.640600650564243,0.0,problem2_retrain_v2/results/aligned/ablations/f1_gate_component_ablation_five_seeds
noC,2027,T,0.3,middle,5026,0.6519944979367263,0.5890464503028366,0.6397984905934178,0.4444444444444444,0.3037974683544304,0.3609022556390977,0.6739856460537378,0.6166704495517822,0.0,problem2_retrain_v2/results/aligned/ablations/f1_gate_component_ablation_five_seeds
noC,2027,T,0.3,end,5026,0.657496561210454,0.5944156557597319,0.6422920438887605,0.4895833333333333,0.2974683544303797,0.3700787401574803,0.6925240605018685,0.591119294978632,0.0,problem2_retrain_v2/results/aligned/ablations/f1_gate_component_ablation_five_seeds
noC,2027,T,0.3,random,5026,0.671251719394773,0.6117103665871455,0.6599957874292831,0.4818181818181818,0.3354430379746835,0.3955223880597014,0.6614236815033402,0.6231082571320931,0.0,problem2_retrain_v2/results/aligned/ablations/f1_gate_component_ablation_five_seeds
noC,2027,T,0.3,random,5027,0.6437414030261348,0.5875283314684773,0.6323785805375679,0.4761904761904761,0.3164556962025316,0.3802281368821292,0.6671398543437418,0.6165406728837892,0.0,problem2_retrain_v2/results/aligned/ablations/f1_gate_component_ablation_five_seeds
noC,2027,T,0.3,random,5028,0.657496561210454,0.5997497309833268,0.6442615021772167,0.5208333333333334,0.3164556962025316,0.3937007874015748,0.6812728277091599,0.6111090520846968,0.0,problem2_retrain_v2/results/aligned/ablations/f1_gate_component_ablation_five_seeds
noC,2027,T,0.4,random,5026,0.640990371389271,0.5809867349775607,0.6305517739204626,0.4358974358974359,0.3227848101265823,0.3709090909090909,0.7036240831707677,0.5690421800178033,0.0,problem2_retrain_v2/results/aligned/ablations/f1_gate_component_ablation_five_seeds
noC,2027,T,0.4,random,5027,0.6134800550206327,0.5591542228805709,0.6054840347373803,0.392,0.310126582278481,0.3462897526501767,0.7145734455349824,0.563542156830719,0.0,problem2_retrain_v2/results/aligned/ablations/f1_gate_component_ablation_five_seeds
noC,2027,T,0.4,random,5028,0.6313617606602476,0.5827957902665309,0.6246374739208493,0.4409448818897638,0.3544303797468354,0.3929824561403509,0.7096510940228192,0.5678965701728661,0.0,problem2_retrain_v2/results/aligned/ablations/f1_gate_component_ablation_five_seeds
noC,2027,T,0.5,random,5026,0.6272352132049519,0.5692033190504139,0.6187411804109809,0.40625,0.3291139240506329,0.3636363636363636,0.7428829162418,0.5312735149867824,0.0,problem2_retrain_v2/results/aligned/ablations/f1_gate_component_ablation_five_seeds
noC,2027,T,0.5,random,5027,0.5969738651994498,0.5463011197717578,0.5915675311011332,0.3676470588235294,0.3164556962025316,0.3401360544217687,0.7438002309131153,0.5264526886737801,0.0,problem2_retrain_v2/results/aligned/ablations/f1_gate_component_ablation_five_seeds
noC,2027,T,0.5,random,5028,0.6176066024759285,0.5692335942420966,0.6122939785571158,0.4,0.3417721518987341,0.3686006825938566,0.7428542756452134,0.5378011134424022,0.0,problem2_retrain_v2/results/aligned/ablations/f1_gate_component_ablation_five_seeds
noC,2027,A,0.1,random,5026,0.7015130674002751,0.6327329105985645,0.6819590427728772,0.5609756097560976,0.2911392405063291,0.3833333333333333,0.648935270193044,0.6913605974167064,0.0,problem2_retrain_v2/results/aligned/ablations/f1_gate_component_ablation_five_seeds
noC,2027,A,0.1,random,5027,0.7028885832187071,0.6338034147051824,0.6832130319442732,0.5609756097560976,0.2911392405063291,0.3833333333333333,0.64882081555187,0.6914601773903776,0.0,problem2_retrain_v2/results/aligned/ablations/f1_gate_component_ablation_five_seeds
noC,2027,A,0.1,random,5028,0.7028885832187071,0.6338034147051824,0.6832130319442732,0.5609756097560976,0.2911392405063291,0.3833333333333333,0.6489521392689531,0.6912148345881244,0.0,problem2_retrain_v2/results/aligned/ablations/f1_gate_component_ablation_five_seeds
noC,2027,A,0.2,random,5026,0.7015130674002751,0.632546460446401,0.6821268508369093,0.5542168674698795,0.2911392405063291,0.3817427385892116,0.6490653067746623,0.6914249409880499,0.0,problem2_retrain_v2/results/aligned/ablations/f1_gate_component_ablation_five_seeds
noC,2027,A,0.2,random,5027,0.7028885832187071,0.6338034147051824,0.6832130319442732,0.5609756097560976,0.2911392405063291,0.3833333333333333,0.6489221981308324,0.6914343431946028,0.0,problem2_retrain_v2/results/aligned/ablations/f1_gate_component_ablation_five_seeds
noC,2027,A,0.2,random,5028,0.7028885832187071,0.6338034147051824,0.6832130319442732,0.5609756097560976,0.2911392405063291,0.3833333333333333,0.6490548008974519,0.691193118513375,0.0,problem2_retrain_v2/results/aligned/ablations/f1_gate_component_ablation_five_seeds
noC,2027,A,0.3,start,5026,0.7042640990371389,0.6363834618840847,0.6851847877984649,0.5662650602409639,0.2974683544303797,0.3900414937759336,0.6475977076184225,0.6916996079863506,0.0,problem2_retrain_v2/results/aligned/ablations/f1_gate_component_ablation_five_seeds
noC,2027,A,0.3,middle,5026,0.7056396148555708,0.6378605052686998,0.6863369342499094,0.573170731707317,0.2974683544303797,0.3916666666666666,0.6478426412582104,0.6919057834231473,0.0,problem2_retrain_v2/results/aligned/ablations/f1_gate_component_ablation_five_seeds
noC,2027,A,0.3,end,5026,0.7042640990371389,0.6365918104228907,0.6852434764695788,0.5662650602409639,0.2974683544303797,0.3900414937759336,0.6481771725130951,0.6916060478597789,0.0,problem2_retrain_v2/results/aligned/ablations/f1_gate_component_ablation_five_seeds
noC,2027,A,0.3,random,5026,0.7028885832187071,0.6351201176348317,0.6840949952074006,0.5595238095238095,0.2974683544303797,0.3884297520661157,0.6480586991307303,0.6918372092314192,0.0,problem2_retrain_v2/results/aligned/ablations/f1_gate_component_ablation_five_seeds
noC,2027,A,0.3,random,5027,0.7056396148555708,0.6378605052686998,0.6863369342499094,0.573170731707317,0.2974683544303797,0.3916666666666666,0.6479737752430003,0.6918281790584089,0.0,problem2_retrain_v2/results/aligned/ablations/f1_gate_component_ablation_five_seeds
noC,2027,A,0.3,random,5028,0.7042640990371389,0.6363834618840847,0.6851847877984649,0.5662650602409639,0.2974683544303797,0.3900414937759336,0.6483017573507177,0.6914312103367884,0.0,problem2_retrain_v2/results/aligned/ablations/f1_gate_component_ablation_five_seeds
noC,2027,A,0.4,random,5026,0.7028885832187071,0.6355217753537258,0.6840973103398535,0.5595238095238095,0.2974683544303797,0.3884297520661157,0.648367660236075,0.6916305572137985,0.0,problem2_retrain_v2/results/aligned/ablations/f1_gate_component_ablation_five_seeds
noC,2027,A,0.4,random,5027,0.7042640990371389,0.6367876384289956,0.6851903068520975,0.5662650602409639,0.2974683544303797,0.3900414937759336,0.6479416206508746,0.6919041544631278,0.0,problem2_retrain_v2/results/aligned/ablations/f1_gate_component_ablation_five_seeds
noC,2027,A,0.4,random,5028,0.7028885832187071,0.6349067385860514,0.6840320094981932,0.5595238095238095,0.2974683544303797,0.3884297520661157,0.6481782352065555,0.6914876831509374,0.0,problem2_retrain_v2/results/aligned/ablations/f1_gate_component_ablation_five_seeds
noC,2027,A,0.5,random,5026,0.7028885832187071,0.6351268993521644,0.6842085258640928,0.5529411764705883,0.2974683544303797,0.3868312757201646,0.6482888669018317,0.6917203596564391,0.0,problem2_retrain_v2/results/aligned/ablations/f1_gate_component_ablation_five_seeds
noC,2027,A,0.5,random,5027,0.7042640990371389,0.6367876384289956,0.6851903068520975,0.5662650602409639,0.2974683544303797,0.3900414937759336,0.6480245832373046,0.6919227952314524,0.0,problem2_retrain_v2/results/aligned/ablations/f1_gate_component_ablation_five_seeds
noC,2027,A,0.5,random,5028,0.7015130674002751,0.6338427705946078,0.6828911841004852,0.5529411764705883,0.2974683544303797,0.3868312757201646,0.6480434497592676,0.6914910321461307,0.0,problem2_retrain_v2/results/aligned/ablations/f1_gate_component_ablation_five_seeds
noC,2027,V,0.1,random,5026,0.7015130674002751,0.6327329105985645,0.6819590427728772,0.5609756097560976,0.2911392405063291,0.3833333333333333,0.649147293205958,0.690895659999002,0.0,problem2_retrain_v2/results/aligned/ablations/f1_gate_component_ablation_five_seeds
noC,2027,V,0.1,random,5027,0.7015130674002751,0.6327329105985645,0.6819590427728772,0.5609756097560976,0.2911392405063291,0.3833333333333333,0.6490867319510223,0.6909284147051787,0.0,problem2_retrain_v2/results/aligned/ablations/f1_gate_component_ablation_five_seeds
noC,2027,V,0.1,random,5028,0.7015130674002751,0.6327329105985645,0.6819590427728772,0.5609756097560976,0.2911392405063291,0.3833333333333333,0.6490420914723096,0.6909542821101481,0.0,problem2_retrain_v2/results/aligned/ablations/f1_gate_component_ablation_five_seeds
noC,2027,V,0.2,random,5026,0.7028885832187071,0.6353127121753083,0.6839304317440648,0.5662650602409639,0.2974683544303797,0.3900414937759336,0.6484188284882311,0.6908047361314625,0.0,problem2_retrain_v2/results/aligned/ablations/f1_gate_component_ablation_five_seeds
noC,2027,V,0.2,random,5027,0.7015130674002751,0.6327329105985645,0.6819590427728772,0.5609756097560976,0.2911392405063291,0.3833333333333333,0.6492375505074723,0.6906404901427912,0.0,problem2_retrain_v2/results/aligned/ablations/f1_gate_component_ablation_five_seeds
noC,2027,V,0.2,random,5028,0.7015130674002751,0.6327329105985645,0.6819590427728772,0.5609756097560976,0.2911392405063291,0.3833333333333333,0.6491735443511725,0.6907304049882925,0.0,problem2_retrain_v2/results/aligned/ablations/f1_gate_component_ablation_five_seeds
noC,2027,V,0.3,start,5026,0.7042640990371389,0.6378749385714707,0.6858911233008902,0.5714285714285714,0.3037974683544304,0.396694214876033,0.6476871056310536,0.6908653716118376,0.0,problem2_retrain_v2/results/aligned/ablations/f1_gate_component_ablation_five_seeds
noC,2027,V,0.3,middle,5026,0.7028885832187071,0.6351201176348317,0.6840949952074006,0.5595238095238095,0.2974683544303797,0.3884297520661157,0.648701707252221,0.690295515022817,0.0,problem2_retrain_v2/results/aligned/ablations/f1_gate_component_ablation_five_seeds
noC,2027,V,0.3,end,5026,0.7028885832187071,0.6353127121753083,0.6839304317440648,0.5662650602409639,0.2974683544303797,0.3900414937759336,0.6484052528104444,0.6907015451662,0.0,problem2_retrain_v2/results/aligned/ablations/f1_gate_component_ablation_five_seeds
noC,2027,V,0.3,random,5026,0.7028885832187071,0.6353127121753083,0.6839304317440648,0.5662650602409639,0.2974683544303797,0.3900414937759336,0.6486866911649143,0.6904694618061842,0.0,problem2_retrain_v2/results/aligned/ablations/f1_gate_component_ablation_five_seeds
noC,2027,V,0.3,random,5027,0.7028885832187071,0.6351201176348317,0.6840949952074006,0.5595238095238095,0.2974683544303797,0.3884297520661157,0.6487227999390872,0.6905111930802128,0.0,problem2_retrain_v2/results/aligned/ablations/f1_gate_component_ablation_five_seeds
noC,2027,V,0.3,random,5028,0.7028885832187071,0.6351201176348317,0.6840949952074006,0.5595238095238095,0.2974683544303797,0.3884297520661157,0.6486931972284423,0.6906289915972719,0.0,problem2_retrain_v2/results/aligned/ablations/f1_gate_component_ablation_five_seeds
noC,2027,V,0.4,random,5026,0.7042640990371389,0.6376763372830235,0.6860525349141839,0.5647058823529412,0.3037974683544304,0.3950617283950617,0.6484889849230107,0.6901238699658352,0.0,problem2_retrain_v2/results/aligned/ablations/f1_gate_component_ablation_five_seeds
noC,2027,V,0.4,random,5027,0.7015130674002751,0.6340545043536223,0.6829517120590934,0.5529411764705883,0.2974683544303797,0.3868312757201646,0.6494764505067055,0.6899984709778784,0.0,problem2_retrain_v2/results/aligned/ablations/f1_gate_component_ablation_five_seeds
noC,2027,V,0.4,random,5028,0.7028885832187071,0.6351201176348317,0.6840949952074006,0.5595238095238095,0.2974683544303797,0.3884297520661157,0.648812820280796,0.6903226942597808,0.0,problem2_retrain_v2/results/aligned/ablations/f1_gate_component_ablation_five_seeds
noC,2027,V,0.5,random,5026,0.7028885832187071,0.6366036006344499,0.6849043994400084,0.5581395348837209,0.3037974683544304,0.3934426229508196,0.6494959271378415,0.6895816031746812,0.0,problem2_retrain_v2/results/aligned/ablations/f1_gate_component_ablation_five_seeds
noC,2027,V,0.5,random,5027,0.7028885832187071,0.6366036006344499,0.6849043994400084,0.5581395348837209,0.3037974683544304,0.3934426229508196,0.6493866714428772,0.689791537527907,0.0,problem2_retrain_v2/results/aligned/ablations/f1_gate_component_ablation_five_seeds
noC,2027,V,0.5,random,5028,0.7028885832187071,0.6366036006344499,0.6849043994400084,0.5581395348837209,0.3037974683544304,0.3934426229508196,0.6495858098981184,0.6897638159191647,0.0,problem2_retrain_v2/results/aligned/ablations/f1_gate_component_ablation_five_seeds
noC,2027,TA,0.3,start,5026,0.6740027510316369,0.6151131206482422,0.6622503535813483,0.4952380952380952,0.3291139240506329,0.3954372623574144,0.6538319947086687,0.6422092166261784,0.0,problem2_retrain_v2/results/aligned/ablations/f1_gate_component_ablation_five_seeds
noC,2027,TA,0.3,middle,5026,0.6533700137551581,0.5899294525103422,0.6411175282789074,0.4444444444444444,0.3037974683544304,0.3609022556390977,0.6724166904288749,0.6192211708171349,0.0,problem2_retrain_v2/results/aligned/ablations/f1_gate_component_ablation_five_seeds
noC,2027,TA,0.3,end,5026,0.6533700137551581,0.5941016042784918,0.6402313703547041,0.4803921568627451,0.310126582278481,0.3769230769230769,0.6914116208241828,0.593100990427527,0.0,problem2_retrain_v2/results/aligned/ablations/f1_gate_component_ablation_five_seeds
noC,2027,TA,0.3,random,5026,0.671251719394773,0.6115601378741494,0.6601839603061658,0.4774774774774775,0.3354430379746835,0.3940520446096654,0.6602746941324215,0.6255741414758866,0.0,problem2_retrain_v2/results/aligned/ablations/f1_gate_component_ablation_five_seeds
noC,2027,TA,0.3,random,5027,0.640990371389271,0.5854434843942867,0.6300694525126873,0.4672897196261682,0.3164556962025316,0.3773584905660377,0.6655658563571601,0.6188031174235622,0.0,problem2_retrain_v2/results/aligned/ablations/f1_gate_component_ablation_five_seeds
noC,2027,TA,0.3,random,5028,0.6519944979367263,0.5950396418304825,0.6395821742732505,0.5,0.3164556962025316,0.3875968992248062,0.6820585999216168,0.6115491401825398,0.0,problem2_retrain_v2/results/aligned/ablations/f1_gate_component_ablation_five_seeds
noC,2027,TV,0.3,start,5026,0.672627235213205,0.6140620441653546,0.6611005545398907,0.490566037735849,0.3291139240506329,0.3939393939393939,0.6539432723510917,0.6407725531092507,0.0,problem2_retrain_v2/results/aligned/ablations/f1_gate_component_ablation_five_seeds
noC,2027,TV,0.3,middle,5026,0.6519944979367263,0.5905423520738134,0.6403104644301092,0.4495412844036697,0.310126582278481,0.3670411985018726,0.6761478761943053,0.6150179702119886,0.0,problem2_retrain_v2/results/aligned/ablations/f1_gate_component_ablation_five_seeds
noC,2027,TV,0.3,end,5026,0.6519944979367263,0.5894572797013912,0.6378135537753793,0.47,0.2974683544303797,0.3643410852713178,0.6944324594212453,0.5910919088177548,0.0,problem2_retrain_v2/results/aligned/ablations/f1_gate_component_ablation_five_seeds
noC,2027,TV,0.3,random,5026,0.6740027510316369,0.6155666100284827,0.6630041814024492,0.4909090909090909,0.3417721518987341,0.4029850746268656,0.6608054906362033,0.6235242399416139,0.0,problem2_retrain_v2/results/aligned/ablations/f1_gate_component_ablation_five_seeds
noC,2027,TV,0.3,random,5027,0.6437414030261348,0.5886809269162211,0.6330057595127585,0.4811320754716981,0.3227848101265823,0.3863636363636363,0.6660518175145204,0.6174034729121068,0.0,problem2_retrain_v2/results/aligned/ablations/f1_gate_component_ablation_five_seeds
noC,2027,TV,0.3,random,5028,0.656121045392022,0.6009026301099208,0.6444266237894436,0.5148514851485149,0.3291139240506329,0.4015444015444015,0.680015080044115,0.6115284790584089,0.0,problem2_retrain_v2/results/aligned/ablations/f1_gate_component_ablation_five_seeds
noC,2027,AV,0.3,start,5026,0.7042640990371389,0.6376763372830235,0.6860525349141839,0.5647058823529412,0.3037974683544304,0.3950617283950617,0.6470160641271178,0.6915106705127225,0.0,problem2_retrain_v2/results/aligned/ablations/f1_gate_component_ablation_five_seeds
noC,2027,AV,0.3,middle,5026,0.7028885832187071,0.6355217753537258,0.6840973103398535,0.5595238095238095,0.2974683544303797,0.3884297520661157,0.6483145978870759,0.6909791875033268,0.0,problem2_retrain_v2/results/aligned/ablations/f1_gate_component_ablation_five_seeds
noC,2027,AV,0.3,end,5026,0.7042640990371389,0.6365918104228907,0.6852434764695788,0.5662650602409639,0.2974683544303797,0.3900414937759336,0.6483581750413697,0.6911207318529251,0.0,problem2_retrain_v2/results/aligned/ablations/f1_gate_component_ablation_five_seeds
noC,2027,AV,0.3,random,5026,0.7015130674002751,0.6340545043536223,0.6829517120590934,0.5529411764705883,0.2974683544303797,0.3868312757201646,0.6492305564059452,0.6908653595608069,0.0,problem2_retrain_v2/results/aligned/ablations/f1_gate_component_ablation_five_seeds
noC,2027,AV,0.3,random,5027,0.7028885832187071,0.6355217753537258,0.6840973103398535,0.5595238095238095,0.2974683544303797,0.3884297520661157,0.6484712555974524,0.6910737693819508,0.0,problem2_retrain_v2/results/aligned/ablations/f1_gate_component_ablation_five_seeds
noC,2027,AV,0.3,random,5028,0.7015130674002751,0.6340545043536223,0.6829517120590934,0.5529411764705883,0.2974683544303797,0.3868312757201646,0.6495067899780144,0.6906135003396778,0.0,problem2_retrain_v2/results/aligned/ablations/f1_gate_component_ablation_five_seeds
noC,2027,TAV,0.3,start,5026,0.671251719394773,0.6143176824118101,0.6606225565403627,0.4862385321100917,0.3354430379746835,0.3970037453183521,0.6538460868010217,0.6412624904670449,0.0,problem2_retrain_v2/results/aligned/ablations/f1_gate_component_ablation_five_seeds
noC,2027,TAV,0.3,middle,5026,0.6519944979367263,0.5905423520738134,0.6403104644301092,0.4495412844036697,0.310126582278481,0.3670411985018726,0.6751182883410176,0.617014191847124,0.0,problem2_retrain_v2/results/aligned/ablations/f1_gate_component_ablation_five_seeds
noC,2027,TAV,0.3,end,5026,0.6547455295735901,0.5976509135364595,0.6427995607117204,0.4857142857142857,0.3227848101265823,0.3878326996197718,0.6923761189999049,0.5937315172150405,0.0,problem2_retrain_v2/results/aligned/ablations/f1_gate_component_ablation_five_seeds
noC,2027,TAV,0.3,random,5026,0.6753782668500687,0.6167737604357914,0.6645728192432515,0.4864864864864865,0.3417721518987341,0.4014869888475836,0.6596350885409714,0.6258944068731883,0.0,problem2_retrain_v2/results/aligned/ablations/f1_gate_component_ablation_five_seeds
noC,2027,TAV,0.3,random,5027,0.6382393397524071,0.5844874300225628,0.6283596152856509,0.4636363636363636,0.3227848101265823,0.3805970149253731,0.6650022288581282,0.6195735270801893,0.0,problem2_retrain_v2/results/aligned/ablations/f1_gate_component_ablation_five_seeds
noC,2027,TAV,0.3,random,5028,0.6519944979367263,0.5972406096124102,0.6408932190141001,0.5,0.3291139240506329,0.3969465648854962,0.6807360654923038,0.6117486546129615,0.0,problem2_retrain_v2/results/aligned/ablations/f1_gate_component_ablation_five_seeds
noC,2028,none,0.0,none,0,0.6960110041265475,0.63090999043139,0.6799217789950752,0.5051546391752577,0.310126582278481,0.3843137254901961,0.607932573265975,0.702362277792921,0.0,problem2_retrain_v2/results/aligned/ablations/f1_gate_component_ablation_five_seeds
noC,2028,T,0.1,random,5026,0.6946354883081155,0.6375987652863663,0.6827021215810227,0.514018691588785,0.3481012658227848,0.4150943396226415,0.6175826708606005,0.6850805435634957,0.0,problem2_retrain_v2/results/aligned/ablations/f1_gate_component_ablation_five_seeds
noC,2028,T,0.1,random,5027,0.6808803301237965,0.6197863588775958,0.6673360659340616,0.4716981132075472,0.3164556962025316,0.3787878787878788,0.6255402260294611,0.662755323728255,0.0,problem2_retrain_v2/results/aligned/ablations/f1_gate_component_ablation_five_seeds
noC,2028,T,0.1,random,5028,0.6795048143053645,0.6279464863884787,0.6698719986814544,0.5087719298245614,0.3670886075949367,0.4264705882352941,0.6242773001907354,0.6832071023368053,0.0,problem2_retrain_v2/results/aligned/ablations/f1_gate_component_ablation_five_seeds
noC,2028,T,0.2,random,5026,0.687757909215956,0.6302985038685405,0.676038796639669,0.5045045045045045,0.3544303797468354,0.4163568773234201,0.6447184509828098,0.6470961812476789,0.0,problem2_retrain_v2/results/aligned/ablations/f1_gate_component_ablation_five_seeds
noC,2028,T,0.2,random,5027,0.6671251719394773,0.6112946484917329,0.6575676612116519,0.45,0.3417721518987341,0.3884892086330935,0.6475519592186464,0.6422495664600578,0.0,problem2_retrain_v2/results/aligned/ablations/f1_gate_component_ablation_five_seeds
noC,2028,T,0.2,random,5028,0.6671251719394773,0.6192671565843515,0.6599802471893697,0.496,0.3924050632911392,0.4381625441696113,0.6516918510507548,0.6529406140966976,0.0,problem2_retrain_v2/results/aligned/ablations/f1_gate_component_ablation_five_seeds
noC,2028,T,0.3,start,5026,0.6643741403026134,0.6068402628152395,0.6531674627026111,0.4727272727272727,0.3291139240506329,0.3880597014925373,0.6640260774844216,0.644232889515406,0.0,problem2_retrain_v2/results/aligned/ablations/f1_gate_component_ablation_five_seeds
noC,2028,T,0.3,middle,5026,0.6616231086657497,0.614488904480715,0.6549061344013298,0.4806201550387597,0.3924050632911392,0.4320557491289198,0.6848363468936453,0.6286007877241692,0.0,problem2_retrain_v2/results/aligned/ablations/f1_gate_component_ablation_five_seeds
noC,2028,T,0.3,end,5026,0.6492434662998624,0.6028682554699584,0.6439013562374037,0.4411764705882353,0.379746835443038,0.4081632653061224,0.7045492297435876,0.5872169654514927,0.0,problem2_retrain_v2/results/aligned/ablations/f1_gate_component_ablation_five_seeds
noC,2028,T,0.3,random,5026,0.6602475928473177,0.6083863401308628,0.6525510367395364,0.4496124031007752,0.3670886075949367,0.4041811846689895,0.6764397380534736,0.6189520148224218,0.0,problem2_retrain_v2/results/aligned/ablations/f1_gate_component_ablation_five_seeds
noC,2028,T,0.3,random,5027,0.6519944979367263,0.60491821344349,0.6462475507497457,0.4411764705882353,0.379746835443038,0.4081632653061224,0.6827629661217622,0.6189420299282122,0.0,problem2_retrain_v2/results/aligned/ablations/f1_gate_component_ablation_five_seeds
noC,2028,T,0.3,random,5028,0.6519944979367263,0.6014756389259305,0.6439666822880896,0.4715447154471545,0.3670886075949367,0.4128113879003559,0.6844536281739206,0.6310868980062118,0.0,problem2_retrain_v2/results/aligned/ablations/f1_gate_component_ablation_five_seeds
noC,2028,T,0.4,random,5026,0.6451169188445667,0.597338417851741,0.638014990457314,0.4812030075187969,0.4050632911392405,0.4398625429553264,0.7295953856468445,0.5544199547956595,0.0,problem2_retrain_v2/results/aligned/ablations/f1_gate_component_ablation_five_seeds
noC,2028,T,0.4,random,5027,0.6176066024759285,0.5678423423876323,0.6114418888711444,0.391304347826087,0.3417721518987341,0.3648648648648648,0.7371785983472194,0.5547760032515999,0.0,problem2_retrain_v2/results/aligned/ablations/f1_gate_component_ablation_five_seeds
noC,2028,T,0.4,random,5028,0.6341127922971114,0.5865706465727489,0.6286379001652432,0.4264705882352941,0.3670886075949367,0.3945578231292517,0.7243735332854583,0.5936377243613693,0.0,problem2_retrain_v2/results/aligned/ablations/f1_gate_component_ablation_five_seeds
noC,2028,T,0.5,random,5026,0.6162310866574966,0.5629080570192317,0.6094792107360117,0.4041095890410959,0.3734177215189873,0.3881578947368421,0.7757179037558805,0.4954237103189542,0.0,problem2_retrain_v2/results/aligned/ablations/f1_gate_component_ablation_five_seeds
noC,2028,T,0.5,random,5027,0.6079779917469051,0.5686547256131645,0.6089856270224926,0.3720930232558139,0.4050632911392405,0.3878787878787879,0.7645480597745503,0.5361563017784368,0.0,problem2_retrain_v2/results/aligned/ablations/f1_gate_component_ablation_five_seeds
noC,2028,T,0.5,random,5028,0.6134800550206327,0.5667074115682548,0.6105074729206409,0.3766233766233766,0.3670886075949367,0.3717948717948718,0.7659976009309459,0.5531616341393114,0.0,problem2_retrain_v2/results/aligned/ablations/f1_gate_component_ablation_five_seeds
noC,2028,A,0.1,random,5026,0.6946354883081155,0.6298812984496124,0.6788063601612232,0.5,0.310126582278481,0.3828125,0.6079689644130963,0.7022942781569983,0.0,problem2_retrain_v2/results/aligned/ablations/f1_gate_component_ablation_five_seeds
noC,2028,A,0.1,random,5027,0.6960110041265475,0.63090999043139,0.6799217789950752,0.5051546391752577,0.310126582278481,0.3843137254901961,0.6076667873602003,0.7028597545924751,0.0,problem2_retrain_v2/results/aligned/ablations/f1_gate_component_ablation_five_seeds
noC,2028,A,0.1,random,5028,0.6946354883081155,0.6298812984496124,0.6788063601612232,0.5,0.310126582278481,0.3828125,0.6079779408613263,0.7023884275423192,0.0,problem2_retrain_v2/results/aligned/ablations/f1_gate_component_ablation_five_seeds
noC,2028,A,0.2,random,5026,0.6946354883081155,0.6298812984496124,0.6788063601612232,0.5,0.310126582278481,0.3828125,0.6078238441381262,0.7023848413463951,0.0,problem2_retrain_v2/results/aligned/ablations/f1_gate_component_ablation_five_seeds
noC,2028,A,0.2,random,5027,0.6946354883081155,0.6298812984496124,0.6788063601612232,0.5,0.310126582278481,0.3828125,0.6076941793243164,0.7029446950111202,0.0,problem2_retrain_v2/results/aligned/ablations/f1_gate_component_ablation_five_seeds
noC,2028,A,0.2,random,5028,0.6946354883081155,0.6298812984496124,0.6788063601612232,0.5,0.310126582278481,0.3828125,0.6079798595152159,0.7023826737790106,0.0,problem2_retrain_v2/results/aligned/ablations/f1_gate_component_ablation_five_seeds
noC,2028,A,0.3,start,5026,0.6960110041265475,0.6323183441977814,0.6806811191376976,0.5050505050505051,0.3164556962025316,0.3891050583657587,0.6081848256526324,0.702145410475518,0.0,problem2_retrain_v2/results/aligned/ablations/f1_gate_component_ablation_five_seeds
noC,2028,A,0.3,middle,5026,0.6946354883081155,0.6298812984496124,0.6788063601612232,0.5,0.310126582278481,0.3828125,0.6078869327722609,0.7025241371216008,0.0,problem2_retrain_v2/results/aligned/ablations/f1_gate_component_ablation_five_seeds
noC,2028,A,0.3,end,5026,0.6946354883081155,0.6298812984496124,0.6788063601612232,0.5,0.310126582278481,0.3828125,0.6078141982351917,0.702862211120258,0.0,problem2_retrain_v2/results/aligned/ablations/f1_gate_component_ablation_five_seeds
noC,2028,A,0.3,random,5026,0.6946354883081155,0.6298812984496124,0.6788063601612232,0.5,0.310126582278481,0.3828125,0.607794184454132,0.7024074475300004,0.0,problem2_retrain_v2/results/aligned/ablations/f1_gate_component_ablation_five_seeds
noC,2028,A,0.3,random,5027,0.6960110041265475,0.6323183441977814,0.6806811191376976,0.5050505050505051,0.3164556962025316,0.3891050583657587,0.6078599319838027,0.7028408778616942,0.0,problem2_retrain_v2/results/aligned/ablations/f1_gate_component_ablation_five_seeds
noC,2028,A,0.3,random,5028,0.6946354883081155,0.6298812984496124,0.6788063601612232,0.5,0.310126582278481,0.3828125,0.6080864292009547,0.7023048765466103,0.0,problem2_retrain_v2/results/aligned/ablations/f1_gate_component_ablation_five_seeds
noC,2028,A,0.4,random,5026,0.6946354883081155,0.6298812984496124,0.6788063601612232,0.5,0.310126582278481,0.3828125,0.6079112385316279,0.7023124529533715,0.0,problem2_retrain_v2/results/aligned/ablations/f1_gate_component_ablation_five_seeds
noC,2028,A,0.4,random,5027,0.6946354883081155,0.6298812984496124,0.6788063601612232,0.5,0.310126582278481,0.3828125,0.6080806171953165,0.7027617799411356,0.0,problem2_retrain_v2/results/aligned/ablations/f1_gate_component_ablation_five_seeds
noC,2028,A,0.4,random,5028,0.6946354883081155,0.6296596635705649,0.6788342067448787,0.5,0.310126582278481,0.3828125,0.608238995797034,0.7023305828015031,0.0,problem2_retrain_v2/results/aligned/ablations/f1_gate_component_ablation_five_seeds
noC,2028,A,0.5,random,5026,0.6946354883081155,0.6298812984496124,0.6788063601612232,0.5,0.310126582278481,0.3828125,0.6077943430214187,0.7024792982507113,0.0,problem2_retrain_v2/results/aligned/ablations/f1_gate_component_ablation_five_seeds
noC,2028,A,0.5,random,5027,0.6946354883081155,0.6298812984496124,0.6788063601612232,0.5,0.310126582278481,0.3828125,0.6078223801301148,0.7030275788717503,0.0,problem2_retrain_v2/results/aligned/ablations/f1_gate_component_ablation_five_seeds
noC,2028,A,0.5,random,5028,0.6946354883081155,0.6298812984496124,0.6788063601612232,0.5,0.310126582278481,0.3828125,0.6079125326674265,0.7024965048986197,0.0,problem2_retrain_v2/results/aligned/ablations/f1_gate_component_ablation_five_seeds
noC,2028,V,0.1,random,5026,0.6946354883081155,0.6298812984496124,0.6788063601612232,0.5,0.310126582278481,0.3828125,0.6077986279792681,0.702447560796035,0.0,problem2_retrain_v2/results/aligned/ablations/f1_gate_component_ablation_five_seeds
noC,2028,V,0.1,random,5027,0.6946354883081155,0.6296596635705649,0.6788342067448787,0.5,0.310126582278481,0.3828125,0.6079014964946284,0.702498495012398,0.0,problem2_retrain_v2/results/aligned/ablations/f1_gate_component_ablation_five_seeds
noC,2028,V,0.1,random,5028,0.6946354883081155,0.6298812984496124,0.6788063601612232,0.5,0.310126582278481,0.3828125,0.6079259466493265,0.7024697917991113,0.0,problem2_retrain_v2/results/aligned/ablations/f1_gate_component_ablation_five_seeds
noC,2028,V,0.2,random,5026,0.6946354883081155,0.629503562087922,0.6790189942570759,0.494949494949495,0.310126582278481,0.3813229571984435,0.6078704534699435,0.7025648091075601,0.0,problem2_retrain_v2/results/aligned/ablations/f1_gate_component_ablation_five_seeds
noC,2028,V,0.2,random,5027,0.6946354883081155,0.629503562087922,0.6790189942570759,0.494949494949495,0.310126582278481,0.3813229571984435,0.6078831340237657,0.7025785148799445,0.0,problem2_retrain_v2/results/aligned/ablations/f1_gate_component_ablation_five_seeds
noC,2028,V,0.2,random,5028,0.6946354883081155,0.629503562087922,0.6790189942570759,0.494949494949495,0.310126582278481,0.3813229571984435,0.6080029177939459,0.7025943349025222,0.0,problem2_retrain_v2/results/aligned/ablations/f1_gate_component_ablation_five_seeds
noC,2028,V,0.3,start,5026,0.6946354883081155,0.629503562087922,0.6790189942570759,0.494949494949495,0.310126582278481,0.3813229571984435,0.6079858411619977,0.7024417798063405,0.0,problem2_retrain_v2/results/aligned/ablations/f1_gate_component_ablation_five_seeds
noC,2028,V,0.3,middle,5026,0.6946354883081155,0.629503562087922,0.6790189942570759,0.494949494949495,0.310126582278481,0.3813229571984435,0.6080212377461436,0.7025238098935236,0.0,problem2_retrain_v2/results/aligned/ablations/f1_gate_component_ablation_five_seeds
noC,2028,V,0.3,end,5026,0.6960110041265475,0.6305288508804302,0.6801326075956542,0.5,0.310126582278481,0.3828125,0.6076513839352583,0.7027699802749527,0.0,problem2_retrain_v2/results/aligned/ablations/f1_gate_component_ablation_five_seeds
noC,2028,V,0.3,random,5026,0.6946354883081155,0.629503562087922,0.6790189942570759,0.494949494949495,0.310126582278481,0.3813229571984435,0.6079693039817083,0.7026164134016477,0.0,problem2_retrain_v2/results/aligned/ablations/f1_gate_component_ablation_five_seeds
noC,2028,V,0.3,random,5027,0.6946354883081155,0.629503562087922,0.6790189942570759,0.494949494949495,0.310126582278481,0.3813229571984435,0.6080019974492992,0.7026016016325023,0.0,problem2_retrain_v2/results/aligned/ablations/f1_gate_component_ablation_five_seeds
noC,2028,V,0.3,random,5028,0.6946354883081155,0.629503562087922,0.6790189942570759,0.494949494949495,0.310126582278481,0.3813229571984435,0.6079947658723442,0.7027100327510407,0.0,problem2_retrain_v2/results/aligned/ablations/f1_gate_component_ablation_five_seeds
noC,2028,V,0.4,random,5026,0.6946354883081155,0.629503562087922,0.6790189942570759,0.494949494949495,0.310126582278481,0.3813229571984435,0.6080355630422143,0.7026578798886749,0.0,problem2_retrain_v2/results/aligned/ablations/f1_gate_component_ablation_five_seeds
noC,2028,V,0.4,random,5027,0.6946354883081155,0.629503562087922,0.6790189942570759,0.494949494949495,0.310126582278481,0.3813229571984435,0.6080369697915122,0.7026600162234057,0.0,problem2_retrain_v2/results/aligned/ablations/f1_gate_component_ablation_five_seeds
noC,2028,V,0.4,random,5028,0.6946354883081155,0.629503562087922,0.6790189942570759,0.494949494949495,0.310126582278481,0.3813229571984435,0.60789087512159,0.702849373098348,0.0,problem2_retrain_v2/results/aligned/ablations/f1_gate_component_ablation_five_seeds
noC,2028,V,0.5,random,5026,0.6946354883081155,0.6291989664082687,0.6787787365514005,0.5,0.310126582278481,0.3828125,0.6082417851590562,0.7021138605645746,0.0,problem2_retrain_v2/results/aligned/ablations/f1_gate_component_ablation_five_seeds
noC,2028,V,0.5,random,5027,0.6932599724896836,0.6281739228784438,0.6776654895887151,0.494949494949495,0.310126582278481,0.3813229571984435,0.6085329802486404,0.7019955744274838,0.0,problem2_retrain_v2/results/aligned/ablations/f1_gate_component_ablation_five_seeds
noC,2028,V,0.5,random,5028,0.6932599724896836,0.6281739228784438,0.6776654895887151,0.494949494949495,0.310126582278481,0.3813229571984435,0.6084000880293138,0.7021374373076937,0.0,problem2_retrain_v2/results/aligned/ablations/f1_gate_component_ablation_five_seeds
noC,2028,TA,0.3,start,5026,0.6657496561210454,0.6062586435684448,0.6539927121287399,0.4678899082568807,0.3227848101265823,0.3820224719101123,0.6630407483201245,0.6454892345533128,0.0,problem2_retrain_v2/results/aligned/ablations/f1_gate_component_ablation_five_seeds
noC,2028,TA,0.3,middle,5026,0.6616231086657497,0.614488904480715,0.6549061344013298,0.4806201550387597,0.3924050632911392,0.4320557491289198,0.6836935844136491,0.6295633434667316,0.0,problem2_retrain_v2/results/aligned/ablations/f1_gate_component_ablation_five_seeds
noC,2028,TA,0.3,end,5026,0.6492434662998624,0.6030037054418339,0.6445604087394353,0.4316546762589928,0.379746835443038,0.404040404040404,0.702852151444741,0.5890514368725615,0.0,problem2_retrain_v2/results/aligned/ablations/f1_gate_component_ablation_five_seeds
noC,2028,TA,0.3,random,5026,0.6602475928473177,0.606977781241341,0.6519764071309575,0.4488188976377952,0.360759493670886,0.4,0.6758869105031393,0.6192792745315696,0.0,problem2_retrain_v2/results/aligned/ablations/f1_gate_component_ablation_five_seeds
noC,2028,TA,0.3,random,5027,0.6506189821182944,0.6043015816947289,0.6456965692760005,0.4357142857142857,0.3860759493670886,0.4093959731543624,0.6823823460829206,0.6198734011089402,0.0,problem2_retrain_v2/results/aligned/ablations/f1_gate_component_ablation_five_seeds
noC,2028,TA,0.3,random,5028,0.6519944979367263,0.602012699581755,0.6440722826489462,0.4715447154471545,0.3670886075949367,0.4128113879003559,0.684256700929557,0.6307819427576146,0.0,problem2_retrain_v2/results/aligned/ablations/f1_gate_component_ablation_five_seeds
noC,2028,TV,0.3,start,5026,0.6657496561210454,0.6091714713023005,0.654968362869123,0.4774774774774775,0.3354430379746835,0.3940520446096654,0.6626925297715707,0.6450849849009694,0.0,problem2_retrain_v2/results/aligned/ablations/f1_gate_component_ablation_five_seeds
noC,2028,TV,0.3,middle,5026,0.6629986244841816,0.6156918373249232,0.6563529974955071,0.4806201550387597,0.3924050632911392,0.4320557491289198,0.6842761345897443,0.6292661787248791,0.0,problem2_retrain_v2/results/aligned/ablations/f1_gate_component_ablation_five_seeds
noC,2028,TV,0.3,end,5026,0.6519944979367263,0.6078057541581661,0.6476405878018371,0.4428571428571428,0.3924050632911392,0.4161073825503356,0.7021969367423107,0.5885993722113023,0.0,problem2_retrain_v2/results/aligned/ablations/f1_gate_component_ablation_five_seeds
noC,2028,TV,0.3,random,5026,0.6629986244841816,0.612722029988466,0.655928806347363,0.4580152671755725,0.379746835443038,0.4152249134948096,0.6747819317329167,0.6199662765429746,0.0,problem2_retrain_v2/results/aligned/ablations/f1_gate_component_ablation_five_seeds
noC,2028,TV,0.3,random,5027,0.6519944979367263,0.6047792194442586,0.646428166694486,0.437956204379562,0.379746835443038,0.4067796610169492,0.6817005711785584,0.6199093289269334,0.0,problem2_retrain_v2/results/aligned/ablations/f1_gate_component_ablation_five_seeds
noC,2028,TV,0.3,random,5028,0.6506189821182944,0.6009711520302781,0.6429271779360818,0.4677419354838709,0.3670886075949367,0.4113475177304964,0.6829849184225354,0.6328015564756049,0.0,problem2_retrain_v2/results/aligned/ablations/f1_gate_component_ablation_five_seeds
noC,2028,AV,0.3,start,5026,0.6960110041265475,0.6319361788493163,0.6808923610101656,0.5,0.3164556962025316,0.3875968992248062,0.608376772879508,0.7022279331804998,0.0,problem2_retrain_v2/results/aligned/ablations/f1_gate_component_ablation_five_seeds
noC,2028,AV,0.3,middle,5026,0.6946354883081155,0.629503562087922,0.6790189942570759,0.494949494949495,0.310126582278481,0.3813229571984435,0.6079768447651241,0.7026901924200517,0.0,problem2_retrain_v2/results/aligned/ablations/f1_gate_component_ablation_five_seeds
noC,2028,AV,0.3,end,5026,0.6946354883081155,0.629503562087922,0.6790189942570759,0.494949494949495,0.310126582278481,0.3813229571984435,0.6078916187461559,0.7031153839279637,0.0,problem2_retrain_v2/results/aligned/ablations/f1_gate_component_ablation_five_seeds
noC,2028,AV,0.3,random,5026,0.6946354883081155,0.629503562087922,0.6790189942570759,0.494949494949495,0.310126582278481,0.3813229571984435,0.6078292084296629,0.7026691380382641,0.0,problem2_retrain_v2/results/aligned/ablations/f1_gate_component_ablation_five_seeds
noC,2028,AV,0.3,random,5027,0.6960110041265475,0.6319361788493163,0.6808923610101656,0.5,0.3164556962025316,0.3875968992248062,0.6080265387698656,0.7030844082436319,0.0,problem2_retrain_v2/results/aligned/ablations/f1_gate_component_ablation_five_seeds
noC,2028,AV,0.3,random,5028,0.6946354883081155,0.629503562087922,0.6790189942570759,0.494949494949495,0.310126582278481,0.3813229571984435,0.60821426074664,0.7026621217051984,0.0,problem2_retrain_v2/results/aligned/ablations/f1_gate_component_ablation_five_seeds
noC,2028,TAV,0.3,start,5026,0.6671251719394773,0.6098384793946897,0.6562193432833549,0.4818181818181818,0.3354430379746835,0.3955223880597014,0.6612565919078586,0.6453976115806308,0.0,problem2_retrain_v2/results/aligned/ablations/f1_gate_component_ablation_five_seeds
noC,2028,TAV,0.3,middle,5026,0.6616231086657497,0.6144735512253442,0.6553721204025922,0.4732824427480916,0.3924050632911392,0.4290657439446367,0.683046876730767,0.6302671230432088,0.0,problem2_retrain_v2/results/aligned/ablations/f1_gate_component_ablation_five_seeds
noC,2028,TAV,0.3,end,5026,0.6519944979367263,0.6079683276365309,0.6479307920141129,0.4397163120567376,0.3924050632911392,0.4147157190635451,0.7009689209968766,0.5899885980279879,0.0,problem2_retrain_v2/results/aligned/ablations/f1_gate_component_ablation_five_seeds
noC,2028,TAV,0.3,random,5026,0.6643741403026134,0.6135171330931929,0.6570682037074516,0.4615384615384615,0.379746835443038,0.4166666666666667,0.6739959739854917,0.6203833485298744,0.0,problem2_retrain_v2/results/aligned/ablations/f1_gate_component_ablation_five_seeds
noC,2028,TAV,0.3,random,5027,0.6492434662998624,0.6032904293773859,0.6445703091836695,0.4326241134751773,0.3860759493670886,0.4080267558528428,0.6814097972849034,0.6207635605744376,0.0,problem2_retrain_v2/results/aligned/ablations/f1_gate_component_ablation_five_seeds
noC,2028,TAV,0.3,random,5028,0.6506189821182944,0.6006100417543329,0.6431322892230569,0.464,0.3670886075949367,0.4098939929328622,0.682072419153558,0.6330297414346269,0.0,problem2_retrain_v2/results/aligned/ablations/f1_gate_component_ablation_five_seeds
noQ,2027,none,0.0,none,0,0.6987620357634112,0.6442981038569274,0.688443277533212,0.5130434782608696,0.3734177215189873,0.4322344322344322,0.6186977742168309,0.695155542906545,0.0,problem2_retrain_v2/results/aligned/ablations/f1_gate_component_ablation_five_seeds
noQ,2027,T,0.1,random,5026,0.6946354883081155,0.634113259694655,0.6805549979984579,0.5196078431372549,0.3354430379746835,0.4076923076923077,0.6285226322929037,0.6830517875587346,0.0,problem2_retrain_v2/results/aligned/ablations/f1_gate_component_ablation_five_seeds
noQ,2027,T,0.1,random,5027,0.6850068775790922,0.6230734179338275,0.6702168077094509,0.51,0.3227848101265823,0.3953488372093023,0.6339468121086128,0.6670046512284913,0.0,problem2_retrain_v2/results/aligned/ablations/f1_gate_component_ablation_five_seeds
noQ,2027,T,0.1,random,5028,0.6850068775790922,0.6313856997692477,0.6739379198553513,0.5370370370370371,0.3670886075949367,0.4360902255639097,0.6427886872485185,0.6661280558469264,0.0,problem2_retrain_v2/results/aligned/ablations/f1_gate_component_ablation_five_seeds
noQ,2027,T,0.2,random,5026,0.687757909215956,0.6209905294208974,0.6695228106907114,0.5632183908045977,0.310126582278481,0.4,0.6578798890037177,0.6428199793437546,0.0,problem2_retrain_v2/results/aligned/ablations/f1_gate_component_ablation_five_seeds
noQ,2027,T,0.2,random,5027,0.6795048143053645,0.6100361522134164,0.6610223759668041,0.5054945054945055,0.2911392405063291,0.3694779116465863,0.6540509719754841,0.6488561678566254,0.0,problem2_retrain_v2/results/aligned/ablations/f1_gate_component_ablation_five_seeds
noQ,2027,T,0.2,random,5028,0.6671251719394773,0.6070410971061596,0.6520682947989501,0.5263157894736842,0.3164556962025316,0.3952569169960474,0.6707089459792579,0.6350034347445322,0.0,problem2_retrain_v2/results/aligned/ablations/f1_gate_component_ablation_five_seeds
noQ,2027,T,0.3,start,5026,0.657496561210454,0.5756991883501877,0.6329266857099981,0.4605263157894737,0.2215189873417721,0.2991452991452991,0.6579190393437757,0.648327661051177,0.0,problem2_retrain_v2/results/aligned/ablations/f1_gate_component_ablation_five_seeds
noQ,2027,T,0.3,middle,5026,0.6547455295735901,0.5869198302404409,0.6373044043211625,0.4680851063829787,0.2784810126582278,0.3492063492063492,0.6756278658583057,0.6288833264825738,0.0,problem2_retrain_v2/results/aligned/ablations/f1_gate_component_ablation_five_seeds
noQ,2027,T,0.3,end,5026,0.6478679504814305,0.5758469256921269,0.6268308893883268,0.5125,0.2594936708860759,0.3445378151260504,0.6949340828643604,0.5991017147317272,0.0,problem2_retrain_v2/results/aligned/ablations/f1_gate_component_ablation_five_seeds
noQ,2027,T,0.3,random,5026,0.6685006877579092,0.5946281687098613,0.6483697121028612,0.4886363636363636,0.2721518987341772,0.3495934959349593,0.6632684313588387,0.630418328259288,0.0,problem2_retrain_v2/results/aligned/ablations/f1_gate_component_ablation_five_seeds
noQ,2027,T,0.3,random,5027,0.656121045392022,0.5847676523320552,0.6361116868435772,0.4712643678160919,0.2594936708860759,0.3346938775510204,0.6699297029806687,0.6216583200949177,0.0,problem2_retrain_v2/results/aligned/ablations/f1_gate_component_ablation_five_seeds
noQ,2027,T,0.3,random,5028,0.657496561210454,0.5889960208142027,0.6379924037170505,0.5119047619047619,0.2721518987341772,0.3553719008264462,0.6879202628145976,0.6171665771319811,0.0,problem2_retrain_v2/results/aligned/ablations/f1_gate_component_ablation_five_seeds
noQ,2027,T,0.4,random,5026,0.6464924346629987,0.5702161314527212,0.6249231964316374,0.4705882352941176,0.2531645569620253,0.3292181069958848,0.6987839449415159,0.5842987434316174,0.0,problem2_retrain_v2/results/aligned/ablations/f1_gate_component_ablation_five_seeds
noQ,2027,T,0.4,random,5027,0.6217331499312242,0.54785961422017,0.6016237380958631,0.4044943820224719,0.2278481012658227,0.291497975708502,0.7112961878776431,0.5771310044159274,0.0,problem2_retrain_v2/results/aligned/ablations/f1_gate_component_ablation_five_seeds
noQ,2027,T,0.4,random,5028,0.6341127922971114,0.5587058528682913,0.6117505251683993,0.4810126582278481,0.240506329113924,0.3206751054852321,0.7073104545285529,0.5829644874792219,0.0,problem2_retrain_v2/results/aligned/ablations/f1_gate_component_ablation_five_seeds
noQ,2027,T,0.5,random,5026,0.6327372764786795,0.5453687572590011,0.6040761038873899,0.5,0.2088607594936709,0.2946428571428571,0.7262530726677431,0.5465548825361941,0.0,problem2_retrain_v2/results/aligned/ablations/f1_gate_component_ablation_five_seeds
noQ,2027,T,0.5,random,5027,0.6231086657496562,0.5410226926358336,0.5966657559363173,0.4705882352941176,0.2025316455696202,0.2831858407079646,0.7222127289780721,0.5549857133118881,0.0,problem2_retrain_v2/results/aligned/ablations/f1_gate_component_ablation_five_seeds
noQ,2027,T,0.5,random,5028,0.6396148555708391,0.5589950597640866,0.6133987213000037,0.5223880597014925,0.2215189873417721,0.3111111111111111,0.7153161624436379,0.5658048889454753,0.0,problem2_retrain_v2/results/aligned/ablations/f1_gate_component_ablation_five_seeds
noQ,2027,A,0.1,random,5026,0.7001375515818432,0.6465475574539472,0.6901979750418187,0.5172413793103449,0.379746835443038,0.437956204379562,0.6182554852991515,0.6956533266394945,0.0,problem2_retrain_v2/results/aligned/ablations/f1_gate_component_ablation_five_seeds
noQ,2027,A,0.1,random,5027,0.7001375515818432,0.6465475574539472,0.6901979750418187,0.5172413793103449,0.379746835443038,0.437956204379562,0.6179453927239901,0.6957785975491058,0.0,problem2_retrain_v2/results/aligned/ablations/f1_gate_component_ablation_five_seeds
noQ,2027,A,0.1,random,5028,0.7001375515818432,0.6465475574539472,0.6901979750418187,0.5172413793103449,0.379746835443038,0.437956204379562,0.6183455534409804,0.6953606300096914,0.0,problem2_retrain_v2/results/aligned/ablations/f1_gate_component_ablation_five_seeds
noQ,2027,A,0.2,random,5026,0.7001375515818432,0.6465475574539472,0.6901979750418187,0.5172413793103449,0.379746835443038,0.437956204379562,0.6182145703109013,0.6958282801369349,0.0,problem2_retrain_v2/results/aligned/ablations/f1_gate_component_ablation_five_seeds
noQ,2027,A,0.2,random,5027,0.7001375515818432,0.6465475574539472,0.6901979750418187,0.5172413793103449,0.379746835443038,0.437956204379562,0.6180343066538502,0.6957416216765199,0.0,problem2_retrain_v2/results/aligned/ablations/f1_gate_component_ablation_five_seeds
noQ,2027,A,0.2,random,5028,0.7001375515818432,0.6465475574539472,0.6901979750418187,0.5172413793103449,0.379746835443038,0.437956204379562,0.6183353199090399,0.695440800845085,0.0,problem2_retrain_v2/results/aligned/ablations/f1_gate_component_ablation_five_seeds
noQ,2027,A,0.3,start,5026,0.7001375515818432,0.6465475574539472,0.6901979750418187,0.5172413793103449,0.379746835443038,0.437956204379562,0.6175176711711599,0.6959745729010822,0.0,problem2_retrain_v2/results/aligned/ablations/f1_gate_component_ablation_five_seeds
noQ,2027,A,0.3,middle,5026,0.7015130674002751,0.6487840370638537,0.6919449686703891,0.5213675213675214,0.3860759493670886,0.4436363636363636,0.6172741736253688,0.6961606226988898,0.0,problem2_retrain_v2/results/aligned/ablations/f1_gate_component_ablation_five_seeds
noQ,2027,A,0.3,end,5026,0.7015130674002751,0.6481084047094067,0.6914231175752125,0.5217391304347826,0.379746835443038,0.4395604395604395,0.617881416828489,0.6959980941081285,0.0,problem2_retrain_v2/results/aligned/ablations/f1_gate_component_ablation_five_seeds
noQ,2027,A,0.3,random,5026,0.7001375515818432,0.6465475574539472,0.6901979750418187,0.5172413793103449,0.379746835443038,0.437956204379562,0.617860687833326,0.6961945304788177,0.0,problem2_retrain_v2/results/aligned/ablations/f1_gate_component_ablation_five_seeds
noQ,2027,A,0.3,random,5027,0.7015130674002751,0.6481084047094067,0.6914231175752125,0.5217391304347826,0.379746835443038,0.4395604395604395,0.6176279135924954,0.696116993870021,0.0,problem2_retrain_v2/results/aligned/ablations/f1_gate_component_ablation_five_seeds
noQ,2027,A,0.3,random,5028,0.7001375515818432,0.6465475574539472,0.6901979750418187,0.5172413793103449,0.379746835443038,0.437956204379562,0.6180080955121213,0.6957297289126773,0.0,problem2_retrain_v2/results/aligned/ablations/f1_gate_component_ablation_five_seeds
noQ,2027,A,0.4,random,5026,0.7001375515818432,0.6465475574539472,0.6901979750418187,0.5172413793103449,0.379746835443038,0.437956204379562,0.6181148109346096,0.6961433917017514,0.0,problem2_retrain_v2/results/aligned/ablations/f1_gate_component_ablation_five_seeds
noQ,2027,A,0.4,random,5027,0.7015130674002751,0.6481084047094067,0.6914231175752125,0.5217391304347826,0.379746835443038,0.4395604395604395,0.6174468258834236,0.6963688170090143,0.0,problem2_retrain_v2/results/aligned/ablations/f1_gate_component_ablation_five_seeds
noQ,2027,A,0.4,random,5028,0.7015130674002751,0.6487840370638537,0.6919449686703891,0.5213675213675214,0.3860759493670886,0.4436363636363636,0.6172057058235377,0.6959654526799398,0.0,problem2_retrain_v2/results/aligned/ablations/f1_gate_component_ablation_five_seeds
noQ,2027,A,0.5,random,5026,0.7001375515818432,0.6475291713391046,0.6909692582900278,0.5126050420168067,0.3860759493670886,0.4404332129963899,0.6177043924533991,0.6958865429775627,0.0,problem2_retrain_v2/results/aligned/ablations/f1_gate_component_ablation_five_seeds
noQ,2027,A,0.5,random,5027,0.7001375515818432,0.6477173474135132,0.6908025755178034,0.5169491525423728,0.3860759493670886,0.4420289855072464,0.6172193794349637,0.6960911735251524,0.0,problem2_retrain_v2/results/aligned/ablations/f1_gate_component_ablation_five_seeds
noQ,2027,A,0.5,random,5028,0.7001375515818432,0.6477173474135132,0.6908025755178034,0.5169491525423728,0.3860759493670886,0.4420289855072464,0.6172412600127424,0.6957089406646932,0.0,problem2_retrain_v2/results/aligned/ablations/f1_gate_component_ablation_five_seeds
noQ,2027,V,0.1,random,5026,0.6987620357634112,0.6442981038569274,0.688443277533212,0.5130434782608696,0.3734177215189873,0.4322344322344322,0.6191477834107955,0.6948414546658827,0.0,problem2_retrain_v2/results/aligned/ablations/f1_gate_component_ablation_five_seeds
noQ,2027,V,0.1,random,5027,0.6987620357634112,0.6442981038569274,0.688443277533212,0.5130434782608696,0.3734177215189873,0.4322344322344322,0.6190832675446715,0.6948895636544327,0.0,problem2_retrain_v2/results/aligned/ablations/f1_gate_component_ablation_five_seeds
noQ,2027,V,0.1,random,5028,0.6987620357634112,0.6442981038569274,0.688443277533212,0.5130434782608696,0.3734177215189873,0.4322344322344322,0.6190817543872752,0.6948356639136645,0.0,problem2_retrain_v2/results/aligned/ablations/f1_gate_component_ablation_five_seeds
noQ,2027,V,0.2,random,5026,0.6987620357634112,0.6442981038569274,0.688443277533212,0.5130434782608696,0.3734177215189873,0.4322344322344322,0.6193774612117556,0.6945236319131669,0.0,problem2_retrain_v2/results/aligned/ablations/f1_gate_component_ablation_five_seeds
noQ,2027,V,0.2,random,5027,0.6987620357634112,0.6442981038569274,0.688443277533212,0.5130434782608696,0.3734177215189873,0.4322344322344322,0.6194032623776433,0.6945529026335568,0.0,problem2_retrain_v2/results/aligned/ablations/f1_gate_component_ablation_five_seeds
noQ,2027,V,0.2,random,5028,0.7001375515818432,0.6465475574539472,0.6901979750418187,0.5172413793103449,0.379746835443038,0.437956204379562,0.6191805365240245,0.694585256189046,0.0,problem2_retrain_v2/results/aligned/ablations/f1_gate_component_ablation_five_seeds
noQ,2027,V,0.3,start,5026,0.7001375515818432,0.6465475574539472,0.6901979750418187,0.5172413793103449,0.379746835443038,0.437956204379562,0.6194410218048142,0.6944692512174793,0.0,problem2_retrain_v2/results/aligned/ablations/f1_gate_component_ablation_five_seeds
noQ,2027,V,0.3,middle,5026,0.6987620357634112,0.6442981038569274,0.688443277533212,0.5130434782608696,0.3734177215189873,0.4322344322344322,0.6200161025576839,0.6940080304509745,0.0,problem2_retrain_v2/results/aligned/ablations/f1_gate_component_ablation_five_seeds
noQ,2027,V,0.3,end,5026,0.6987620357634112,0.6442981038569274,0.688443277533212,0.5130434782608696,0.3734177215189873,0.4322344322344322,0.6197304996530966,0.6941601235400398,0.0,problem2_retrain_v2/results/aligned/ablations/f1_gate_component_ablation_five_seeds
noQ,2027,V,0.3,random,5026,0.6987620357634112,0.6442981038569274,0.688443277533212,0.5130434782608696,0.3734177215189873,0.4322344322344322,0.6199110692909168,0.6941345393766893,0.0,problem2_retrain_v2/results/aligned/ablations/f1_gate_component_ablation_five_seeds
noQ,2027,V,0.3,random,5027,0.6987620357634112,0.6442981038569274,0.688443277533212,0.5130434782608696,0.3734177215189873,0.4322344322344322,0.6199554614693801,0.6941635140132955,0.0,problem2_retrain_v2/results/aligned/ablations/f1_gate_component_ablation_five_seeds
noQ,2027,V,0.3,random,5028,0.7001375515818432,0.6465475574539472,0.6901979750418187,0.5172413793103449,0.379746835443038,0.437956204379562,0.6195780997378273,0.6942997711411643,0.0,problem2_retrain_v2/results/aligned/ablations/f1_gate_component_ablation_five_seeds
noQ,2027,V,0.4,random,5026,0.6987620357634112,0.6443476496511306,0.6885919231132195,0.5086206896551724,0.3734177215189873,0.4306569343065693,0.620164063781535,0.693758155264694,0.0,problem2_retrain_v2/results/aligned/ablations/f1_gate_component_ablation_five_seeds
noQ,2027,V,0.4,random,5027,0.6987620357634112,0.6443476496511306,0.6885919231132195,0.5086206896551724,0.3734177215189873,0.4306569343065693,0.6201405737400255,0.6938955040781041,0.0,problem2_retrain_v2/results/aligned/ablations/f1_gate_component_ablation_five_seeds
noQ,2027,V,0.4,random,5028,0.7001375515818432,0.6465920798854629,0.6903433454169928,0.5128205128205128,0.379746835443038,0.4363636363636363,0.6198260007205593,0.6939692643870471,0.0,problem2_retrain_v2/results/aligned/ablations/f1_gate_component_ablation_five_seeds
noQ,2027,V,0.5,random,5026,0.6987620357634112,0.6450329227474686,0.68911808238128,0.5084745762711864,0.379746835443038,0.4347826086956521,0.6207507465936373,0.6934606256852298,0.0,problem2_retrain_v2/results/aligned/ablations/f1_gate_component_ablation_five_seeds
noQ,2027,V,0.5,random,5027,0.7001375515818432,0.6464081638537739,0.6905122544044131,0.5084745762711864,0.379746835443038,0.4347826086956521,0.6207402927459509,0.6935696221266173,0.0,problem2_retrain_v2/results/aligned/ablations/f1_gate_component_ablation_five_seeds
noQ,2027,V,0.5,random,5028,0.7001375515818432,0.6464081638537739,0.6905122544044131,0.5084745762711864,0.379746835443038,0.4347826086956521,0.6206148269078969,0.6935961428326877,0.0,problem2_retrain_v2/results/aligned/ablations/f1_gate_component_ablation_five_seeds
noQ,2027,TA,0.3,start,5026,0.656121045392022,0.5753238668250444,0.632461755663752,0.4430379746835443,0.2215189873417721,0.2953586497890295,0.6580171980331231,0.6488221041916281,0.0,problem2_retrain_v2/results/aligned/ablations/f1_gate_component_ablation_five_seeds
noQ,2027,TA,0.3,middle,5026,0.656121045392022,0.5889920536807619,0.6392458084307808,0.4736842105263157,0.2848101265822785,0.3557312252964427,0.6748998293033429,0.630185484968682,0.0,problem2_retrain_v2/results/aligned/ablations/f1_gate_component_ablation_five_seeds
noQ,2027,TA,0.3,end,5026,0.6437414030261348,0.5742236293814124,0.6244120103629273,0.4941176470588235,0.2658227848101265,0.345679012345679,0.6957884337188558,0.5979597607217058,0.0,problem2_retrain_v2/results/aligned/ablations/f1_gate_component_ablation_five_seeds
noQ,2027,TA,0.3,random,5026,0.672627235213205,0.602479727706588,0.6551353712673509,0.4842105263157895,0.2911392405063291,0.3636363636363636,0.6612379759213808,0.632040460120506,0.0,problem2_retrain_v2/results/aligned/ablations/f1_gate_component_ablation_five_seeds
noQ,2027,TA,0.3,random,5027,0.6533700137551581,0.5828078535344489,0.6339445797870881,0.4606741573033708,0.2594936708860759,0.3319838056680162,0.6697057427092898,0.6225958233687306,0.0,problem2_retrain_v2/results/aligned/ablations/f1_gate_component_ablation_five_seeds
noQ,2027,TA,0.3,random,5028,0.6547455295735901,0.586435445041786,0.6356632166516143,0.5,0.2721518987341772,0.3524590163934426,0.6890246443972885,0.6161899522648828,0.0,problem2_retrain_v2/results/aligned/ablations/f1_gate_component_ablation_five_seeds
noQ,2027,TV,0.3,start,5026,0.6588720770288858,0.5784334692546621,0.6349802516361681,0.4675324675324675,0.2278481012658227,0.3063829787234042,0.6597007530823288,0.6464212813890078,0.0,problem2_retrain_v2/results/aligned/ablations/f1_gate_component_ablation_five_seeds
noQ,2027,TV,0.3,middle,5026,0.656121045392022,0.5881296049975379,0.638380331949561,0.4731182795698925,0.2784810126582278,0.350597609561753,0.680106744090701,0.6245629326777099,0.0,problem2_retrain_v2/results/aligned/ablations/f1_gate_component_ablation_five_seeds
noQ,2027,TV,0.3,end,5026,0.6437414030261348,0.5728785815881833,0.6236669404514195,0.4880952380952381,0.2594936708860759,0.3388429752066115,0.6991937279641467,0.5961627129529143,0.0,problem2_retrain_v2/results/aligned/ablations/f1_gate_component_ablation_five_seeds
noQ,2027,TV,0.3,random,5026,0.6657496561210454,0.5941954077399586,0.6470479717416745,0.4782608695652174,0.2784810126582278,0.352,0.667939290044345,0.6282216449771186,0.0,problem2_retrain_v2/results/aligned/ablations/f1_gate_component_ablation_five_seeds
noQ,2027,TV,0.3,random,5027,0.6588720770288858,0.5885555897573743,0.6391337002484722,0.4827586206896552,0.2658227848101265,0.3428571428571428,0.6719992074591296,0.6205113546199917,0.0,problem2_retrain_v2/results/aligned/ablations/f1_gate_component_ablation_five_seeds
noQ,2027,TV,0.3,random,5028,0.6547455295735901,0.5866060647727757,0.6355110866762628,0.5058823529411764,0.2721518987341772,0.3539094650205761,0.6923655414313605,0.6112674821312593,0.0,problem2_retrain_v2/results/aligned/ablations/f1_gate_component_ablation_five_seeds
noQ,2027,AV,0.3,start,5026,0.7015130674002751,0.6487840370638537,0.6919449686703891,0.5213675213675214,0.3860759493670886,0.4436363636363636,0.6183046205920361,0.6952274175947056,0.0,problem2_retrain_v2/results/aligned/ablations/f1_gate_component_ablation_five_seeds
noQ,2027,AV,0.3,middle,5026,0.7028885832187071,0.6510076969893813,0.693684361996246,0.5254237288135594,0.3924050632911392,0.4492753623188406,0.6186106710661213,0.6949855424485265,0.0,problem2_retrain_v2/results/aligned/ablations/f1_gate_component_ablation_five_seeds
noQ,2027,AV,0.3,end,5026,0.7028885832187071,0.650811950505791,0.693847076704465,0.5210084033613446,0.3924050632911392,0.447653429602888,0.6185967609125222,0.695047139652679,0.0,problem2_retrain_v2/results/aligned/ablations/f1_gate_component_ablation_five_seeds
noQ,2027,AV,0.3,random,5026,0.7015130674002751,0.6485922380521832,0.6921094960592008,0.5169491525423728,0.3860759493670886,0.4420289855072464,0.6190943617083233,0.695123873774934,0.0,problem2_retrain_v2/results/aligned/ablations/f1_gate_component_ablation_five_seeds
noQ,2027,AV,0.3,random,5027,0.7015130674002751,0.6499359102079373,0.6925384387904772,0.5210084033613446,0.3924050632911392,0.447653429602888,0.6187934353226945,0.6946336613082843,0.0,problem2_retrain_v2/results/aligned/ablations/f1_gate_component_ablation_five_seeds
noQ,2027,AV,0.3,random,5028,0.7028885832187071,0.6510076969893813,0.693684361996246,0.5254237288135594,0.3924050632911392,0.4492753623188406,0.6185541770489935,0.694901782146759,0.0,problem2_retrain_v2/results/aligned/ablations/f1_gate_component_ablation_five_seeds
noQ,2027,TAV,0.3,start,5026,0.656121045392022,0.5767012503500033,0.6331555652880947,0.45,0.2278481012658227,0.3025210084033613,0.6602109651457905,0.6467418675100701,0.0,problem2_retrain_v2/results/aligned/ablations/f1_gate_component_ablation_five_seeds
noQ,2027,TAV,0.3,middle,5026,0.6547455295735901,0.58794050375004,0.6381277111550776,0.4639175257731959,0.2848101265822785,0.3529411764705882,0.6783665754877071,0.628598042945059,0.0,problem2_retrain_v2/results/aligned/ablations/f1_gate_component_ablation_five_seeds
noQ,2027,TAV,0.3,end,5026,0.640990371389271,0.5723146793895791,0.622477189331531,0.4719101123595505,0.2658227848101265,0.340080971659919,0.6994198305359302,0.5953516293138551,0.0,problem2_retrain_v2/results/aligned/ablations/f1_gate_component_ablation_five_seeds
noQ,2027,TAV,0.3,random,5026,0.6671251719394773,0.5992157216345156,0.6510843947047286,0.47,0.2974683544303797,0.3643410852713178,0.6654653392480732,0.6300105176559749,0.0,problem2_retrain_v2/results/aligned/ablations/f1_gate_component_ablation_five_seeds
noQ,2027,TAV,0.3,random,5027,0.6533700137551581,0.5840699379966104,0.6346610040605509,0.4615384615384615,0.2658227848101265,0.3373493975903614,0.6721772575613142,0.6210682237323483,0.0,problem2_retrain_v2/results/aligned/ablations/f1_gate_component_ablation_five_seeds
noQ,2027,TAV,0.3,random,5028,0.6519944979367263,0.5844184742018931,0.6334543250992165,0.4886363636363636,0.2721518987341772,0.3495934959349593,0.6925974793574899,0.6130745503130545,0.0,problem2_retrain_v2/results/aligned/ablations/f1_gate_component_ablation_five_seeds
noQ,2028,none,0.0,none,0,0.6918844566712518,0.6324415508173549,0.6797321779824899,0.4907407407407407,0.3354430379746835,0.3984962406015037,0.6146455018225268,0.6996989969424985,0.0,problem2_retrain_v2/results/aligned/ablations/f1_gate_component_ablation_five_seeds
noQ,2028,T,0.1,random,5026,0.6822558459422283,0.6140763607976724,0.6635990106360143,0.5232558139534884,0.2848101265822785,0.3688524590163934,0.6319105497517746,0.6843401617976539,0.0,problem2_retrain_v2/results/aligned/ablations/f1_gate_component_ablation_five_seeds
noQ,2028,T,0.1,random,5027,0.6753782668500687,0.6076946215384935,0.6578748188957979,0.4731182795698925,0.2784810126582278,0.350597609561753,0.6380289417350025,0.6648822841814006,0.0,problem2_retrain_v2/results/aligned/ablations/f1_gate_component_ablation_five_seeds
noQ,2028,T,0.1,random,5028,0.6822558459422283,0.6273037044764838,0.669952544241103,0.5392156862745098,0.3481012658227848,0.4230769230769231,0.6346466955991444,0.681731917357906,0.0,problem2_retrain_v2/results/aligned/ablations/f1_gate_component_ablation_five_seeds
noQ,2028,T,0.2,random,5026,0.6891334250343879,0.6150369614211596,0.6657841715913992,0.6,0.2658227848101265,0.3684210526315789,0.650030195043963,0.6514141598270177,0.0,problem2_retrain_v2/results/aligned/ablations/f1_gate_component_ablation_five_seeds
noQ,2028,T,0.2,random,5027,0.6657496561210454,0.5850704485036395,0.641247187065713,0.4675324675324675,0.2278481012658227,0.3063829787234042,0.6510751694585064,0.6499218490795097,0.0,problem2_retrain_v2/results/aligned/ablations/f1_gate_component_ablation_five_seeds
noQ,2028,T,0.2,random,5028,0.6657496561210454,0.6024502779881504,0.6483620410337105,0.5662650602409639,0.2974683544303797,0.3900414937759336,0.6584595766070415,0.6535899892263914,0.0,problem2_retrain_v2/results/aligned/ablations/f1_gate_component_ablation_five_seeds
noQ,2028,T,0.3,start,5026,0.6671251719394773,0.5750323382897861,0.63576201332805,0.5172413793103449,0.189873417721519,0.2777777777777778,0.6534029349013026,0.6595405405733522,0.0,problem2_retrain_v2/results/aligned/ablations/f1_gate_component_ablation_five_seeds
noQ,2028,T,0.3,middle,5026,0.6382393397524071,0.5467101380541082,0.6076713258656041,0.4516129032258064,0.1772151898734177,0.2545454545454545,0.6746364271675437,0.6328909558497464,0.0,problem2_retrain_v2/results/aligned/ablations/f1_gate_component_ablation_five_seeds
noQ,2028,T,0.3,end,5026,0.6437414030261348,0.5551969818024864,0.6135262142291155,0.4833333333333333,0.1835443037974683,0.2660550458715596,0.6941651596611733,0.6021445874224223,0.0,problem2_retrain_v2/results/aligned/ablations/f1_gate_component_ablation_five_seeds
noQ,2028,T,0.3,random,5026,0.6602475928473177,0.5800470476088972,0.6339869596173133,0.5625,0.2278481012658227,0.3243243243243243,0.6607525972942839,0.6322887533476111,0.0,problem2_retrain_v2/results/aligned/ablations/f1_gate_component_ablation_five_seeds
noQ,2028,T,0.3,random,5027,0.640990371389271,0.5536347204028021,0.6133416458733237,0.4225352112676056,0.189873417721519,0.2620087336244541,0.6719464489820252,0.6278724849309731,0.0,problem2_retrain_v2/results/aligned/ablations/f1_gate_component_ablation_five_seeds
noQ,2028,T,0.3,random,5028,0.6437414030261348,0.5605937057419507,0.6164150330799543,0.4848484848484848,0.2025316455696202,0.2857142857142857,0.6811265952179503,0.6299449162348109,0.0,problem2_retrain_v2/results/aligned/ablations/f1_gate_component_ablation_five_seeds
noQ,2028,T,0.4,random,5026,0.6299862448418156,0.5287186155720344,0.5928969156201572,0.4693877551020408,0.1455696202531645,0.2222222222222222,0.7084257180790575,0.5777683712713085,0.0,problem2_retrain_v2/results/aligned/ablations/f1_gate_component_ablation_five_seeds
noQ,2028,T,0.4,random,5027,0.6286107290233838,0.5346247018390886,0.59608042972297,0.4166666666666667,0.1582278481012658,0.2293577981651376,0.7142585315862774,0.5762268921771109,0.0,problem2_retrain_v2/results/aligned/ablations/f1_gate_component_ablation_five_seeds
noQ,2028,T,0.4,random,5028,0.6396148555708391,0.5454627733061588,0.6061911842136123,0.4909090909090909,0.170886075949367,0.2535211267605634,0.7023600706765823,0.597677260380408,0.0,problem2_retrain_v2/results/aligned/ablations/f1_gate_component_ablation_five_seeds
noQ,2028,T,0.5,random,5026,0.6162310866574966,0.502393120074505,0.5716927328588524,0.5,0.1139240506329113,0.1855670103092783,0.7272546848725053,0.5424855604644521,0.0,problem2_retrain_v2/results/aligned/ablations/f1_gate_component_ablation_five_seeds
noQ,2028,T,0.5,random,5027,0.6134800550206327,0.501233314532807,0.5700261836767468,0.4358974358974359,0.1075949367088607,0.1725888324873096,0.7168331485053897,0.55797286660019,0.0,problem2_retrain_v2/results/aligned/ablations/f1_gate_component_ablation_five_seeds
noQ,2028,T,0.5,random,5028,0.6272352132049519,0.5073691438903,0.5798832239917343,0.4444444444444444,0.1012658227848101,0.1649484536082474,0.7167943982993333,0.5719962904525151,0.0,problem2_retrain_v2/results/aligned/ablations/f1_gate_component_ablation_five_seeds
noQ,2028,A,0.1,random,5026,0.6918844566712518,0.6324415508173549,0.6797321779824899,0.4907407407407407,0.3354430379746835,0.3984962406015037,0.6146366429489679,0.6997572870528216,0.0,problem2_retrain_v2/results/aligned/ablations/f1_gate_component_ablation_five_seeds
noQ,2028,A,0.1,random,5027,0.6918844566712518,0.6324415508173549,0.6797321779824899,0.4907407407407407,0.3354430379746835,0.3984962406015037,0.6145443430094951,0.7002260744218822,0.0,problem2_retrain_v2/results/aligned/ablations/f1_gate_component_ablation_five_seeds
noQ,2028,A,0.1,random,5028,0.6918844566712518,0.6324415508173549,0.6797321779824899,0.4907407407407407,0.3354430379746835,0.3984962406015037,0.6147487098193669,0.6998350369618186,0.0,problem2_retrain_v2/results/aligned/ablations/f1_gate_component_ablation_five_seeds
noQ,2028,A,0.2,random,5026,0.6918844566712518,0.6323959733039864,0.6795918920865777,0.4953271028037383,0.3354430379746835,0.4,0.6145670669882366,0.6999432018233847,0.0,problem2_retrain_v2/results/aligned/ablations/f1_gate_component_ablation_five_seeds
noQ,2028,A,0.2,random,5027,0.6918844566712518,0.6324415508173549,0.6797321779824899,0.4907407407407407,0.3354430379746835,0.3984962406015037,0.6145621406274517,0.7004534916455258,0.0,problem2_retrain_v2/results/aligned/ablations/f1_gate_component_ablation_five_seeds
noQ,2028,A,0.2,random,5028,0.6918844566712518,0.6324415508173549,0.6797321779824899,0.4907407407407407,0.3354430379746835,0.3984962406015037,0.6147904958379334,0.6999623350081379,0.0,problem2_retrain_v2/results/aligned/ablations/f1_gate_component_ablation_five_seeds
noQ,2028,A,0.3,start,5026,0.6918844566712518,0.6323959733039864,0.6795918920865777,0.4953271028037383,0.3354430379746835,0.4,0.6152180713601527,0.6997215814938764,0.0,problem2_retrain_v2/results/aligned/ablations/f1_gate_component_ablation_five_seeds
noQ,2028,A,0.3,middle,5026,0.6918844566712518,0.6324415508173549,0.6797321779824899,0.4907407407407407,0.3354430379746835,0.3984962406015037,0.6144230245189932,0.7002719669217963,0.0,problem2_retrain_v2/results/aligned/ablations/f1_gate_component_ablation_five_seeds
noQ,2028,A,0.3,end,5026,0.6918844566712518,0.6323959733039864,0.6795918920865777,0.4953271028037383,0.3354430379746835,0.4,0.6148314026169124,0.7004566350552559,0.0,problem2_retrain_v2/results/aligned/ablations/f1_gate_component_ablation_five_seeds
noQ,2028,A,0.3,random,5026,0.6918844566712518,0.6323959733039864,0.6795918920865777,0.4953271028037383,0.3354430379746835,0.4,0.6145534387544358,0.7000703612019242,0.0,problem2_retrain_v2/results/aligned/ablations/f1_gate_component_ablation_five_seeds
noQ,2028,A,0.3,random,5027,0.6918844566712518,0.6324415508173549,0.6797321779824899,0.4907407407407407,0.3354430379746835,0.3984962406015037,0.6146357788740857,0.7005162236767126,0.0,problem2_retrain_v2/results/aligned/ablations/f1_gate_component_ablation_five_seeds
noQ,2028,A,0.3,random,5028,0.6918844566712518,0.6324415508173549,0.6797321779824899,0.4907407407407407,0.3354430379746835,0.3984962406015037,0.6149278817386435,0.7000082198797365,0.0,problem2_retrain_v2/results/aligned/ablations/f1_gate_component_ablation_five_seeds
noQ,2028,A,0.4,random,5026,0.6918844566712518,0.6323959733039864,0.6795918920865777,0.4953271028037383,0.3354430379746835,0.4,0.6146342274091735,0.700110093594628,0.0,problem2_retrain_v2/results/aligned/ablations/f1_gate_component_ablation_five_seeds
noQ,2028,A,0.4,random,5027,0.6918844566712518,0.6324415508173549,0.6797321779824899,0.4907407407407407,0.3354430379746835,0.3984962406015037,0.6147701641601182,0.7006173052354205,0.0,problem2_retrain_v2/results/aligned/ablations/f1_gate_component_ablation_five_seeds
noQ,2028,A,0.4,random,5028,0.6918844566712518,0.6324415508173549,0.6797321779824899,0.4907407407407407,0.3354430379746835,0.3984962406015037,0.6149459918159644,0.7001676718602383,0.0,problem2_retrain_v2/results/aligned/ablations/f1_gate_component_ablation_five_seeds
noQ,2028,A,0.5,random,5026,0.6918844566712518,0.6324415508173549,0.6797321779824899,0.4907407407407407,0.3354430379746835,0.3984962406015037,0.614356578569482,0.7004503411325583,0.0,problem2_retrain_v2/results/aligned/ablations/f1_gate_component_ablation_five_seeds
noQ,2028,A,0.5,random,5027,0.6918844566712518,0.6323959733039864,0.6795918920865777,0.4953271028037383,0.3354430379746835,0.4,0.6146309954831972,0.700942416116839,0.0,problem2_retrain_v2/results/aligned/ablations/f1_gate_component_ablation_five_seeds
noQ,2028,A,0.5,random,5028,0.6918844566712518,0.6323959733039864,0.6795918920865777,0.4953271028037383,0.3354430379746835,0.4,0.6149207233214534,0.70038741884241,0.0,problem2_retrain_v2/results/aligned/ablations/f1_gate_component_ablation_five_seeds
noQ,2028,V,0.1,random,5026,0.6918844566712518,0.6324415508173549,0.6797321779824899,0.4907407407407407,0.3354430379746835,0.3984962406015037,0.6143393267078142,0.6998030212178015,0.0,problem2_retrain_v2/results/aligned/ablations/f1_gate_component_ablation_five_seeds
noQ,2028,V,0.1,random,5027,0.6918844566712518,0.6324415508173549,0.6797321779824899,0.4907407407407407,0.3354430379746835,0.3984962406015037,0.6142588259310333,0.6998465660111114,0.0,problem2_retrain_v2/results/aligned/ablations/f1_gate_component_ablation_five_seeds
noQ,2028,V,0.1,random,5028,0.6918844566712518,0.6324415508173549,0.6797321779824899,0.4907407407407407,0.3354430379746835,0.3984962406015037,0.6143944591159654,0.6997726354479925,0.0,problem2_retrain_v2/results/aligned/ablations/f1_gate_component_ablation_five_seeds
noQ,2028,V,0.2,random,5026,0.6918844566712518,0.6324415508173549,0.6797321779824899,0.4907407407407407,0.3354430379746835,0.3984962406015037,0.6141313393663709,0.6999082874050758,0.0,problem2_retrain_v2/results/aligned/ablations/f1_gate_component_ablation_five_seeds
noQ,2028,V,0.2,random,5027,0.6918844566712518,0.6324415508173549,0.6797321779824899,0.4907407407407407,0.3354430379746835,0.3984962406015037,0.6140292901397814,0.6998978186568349,0.0,problem2_retrain_v2/results/aligned/ablations/f1_gate_component_ablation_five_seeds
noQ,2028,V,0.2,random,5028,0.6918844566712518,0.6324415508173549,0.6797321779824899,0.4907407407407407,0.3354430379746835,0.3984962406015037,0.6141776486627252,0.6998697838215165,0.0,problem2_retrain_v2/results/aligned/ablations/f1_gate_component_ablation_five_seeds
noQ,2028,V,0.3,start,5026,0.6918844566712518,0.6324415508173549,0.6797321779824899,0.4907407407407407,0.3354430379746835,0.3984962406015037,0.6140262517303171,0.6996329037064964,0.0,problem2_retrain_v2/results/aligned/ablations/f1_gate_component_ablation_five_seeds
noQ,2028,V,0.3,middle,5026,0.6918844566712518,0.6325969294188293,0.6795423213716342,0.4953271028037383,0.3354430379746835,0.4,0.6145348895623641,0.6995648632244176,0.0,problem2_retrain_v2/results/aligned/ablations/f1_gate_component_ablation_five_seeds
noQ,2028,V,0.3,end,5026,0.6905089408528198,0.630081206148389,0.6779020836409757,0.4859813084112149,0.3291139240506329,0.3924528301886792,0.6140000942493051,0.6999015348078838,0.0,problem2_retrain_v2/results/aligned/ablations/f1_gate_component_ablation_five_seeds
noQ,2028,V,0.3,random,5026,0.6918844566712518,0.6324415508173549,0.6797321779824899,0.4907407407407407,0.3354430379746835,0.3984962406015037,0.6139462473724777,0.6999555676377934,0.0,problem2_retrain_v2/results/aligned/ablations/f1_gate_component_ablation_five_seeds
noQ,2028,V,0.3,random,5027,0.6918844566712518,0.6324415508173549,0.6797321779824899,0.4907407407407407,0.3354430379746835,0.3984962406015037,0.6138122388983523,0.6999090882724753,0.0,problem2_retrain_v2/results/aligned/ablations/f1_gate_component_ablation_five_seeds
noQ,2028,V,0.3,random,5028,0.6918844566712518,0.6324415508173549,0.6797321779824899,0.4907407407407407,0.3354430379746835,0.3984962406015037,0.6138198803555711,0.6999929307246671,0.0,problem2_retrain_v2/results/aligned/ablations/f1_gate_component_ablation_five_seeds
noQ,2028,V,0.4,random,5026,0.6905089408528198,0.63140196036419,0.6785980291594169,0.4862385321100917,0.3354430379746835,0.3970037453183521,0.6138437960118175,0.6998690364562655,0.0,problem2_retrain_v2/results/aligned/ablations/f1_gate_component_ablation_five_seeds
noQ,2028,V,0.4,random,5027,0.6918844566712518,0.6328519241961661,0.6796408516135698,0.4907407407407407,0.3354430379746835,0.3984962406015037,0.6143595974986756,0.6996221549805849,0.0,problem2_retrain_v2/results/aligned/ablations/f1_gate_component_ablation_five_seeds
noQ,2028,V,0.4,random,5028,0.6918844566712518,0.6324933914332979,0.6798770545868572,0.4862385321100917,0.3354430379746835,0.3970037453183521,0.613566439263122,0.7000405298173764,0.0,problem2_retrain_v2/results/aligned/ablations/f1_gate_component_ablation_five_seeds
noQ,2028,V,0.5,random,5026,0.6905089408528198,0.6312239054750758,0.6786712830167563,0.4818181818181818,0.3354430379746835,0.3955223880597014,0.6143403251705046,0.6997136404895117,0.0,problem2_retrain_v2/results/aligned/ablations/f1_gate_component_ablation_five_seeds
noQ,2028,V,0.5,random,5027,0.6905089408528198,0.6314323707014157,0.6786287141366899,0.4818181818181818,0.3354430379746835,0.3955223880597014,0.6144568793272803,0.6995680905187085,0.0,problem2_retrain_v2/results/aligned/ablations/f1_gate_component_ablation_five_seeds
noQ,2028,V,0.5,random,5028,0.6905089408528198,0.6312872120919742,0.67882446078587,0.4774774774774775,0.3354430379746835,0.3940520446096654,0.6138235971544577,0.6999572151231948,0.0,problem2_retrain_v2/results/aligned/ablations/f1_gate_component_ablation_five_seeds
noQ,2028,TA,0.3,start,5026,0.6671251719394773,0.5750323382897861,0.63576201332805,0.5172413793103449,0.189873417721519,0.2777777777777778,0.6537902282574316,0.6600019679677446,0.0,problem2_retrain_v2/results/aligned/ablations/f1_gate_component_ablation_five_seeds
noQ,2028,TA,0.3,middle,5026,0.640990371389271,0.5505896150172579,0.6112664801010496,0.453125,0.1835443037974683,0.2612612612612612,0.6750556718101298,0.6337370348737694,0.0,problem2_retrain_v2/results/aligned/ablations/f1_gate_component_ablation_five_seeds
noQ,2028,TA,0.3,end,5026,0.6464924346629987,0.5595561093055696,0.6171731020295956,0.4918032786885246,0.189873417721519,0.273972602739726,0.6946683448570892,0.605162692634957,0.0,problem2_retrain_v2/results/aligned/ablations/f1_gate_component_ablation_five_seeds
noQ,2028,TA,0.3,random,5026,0.6629986244841816,0.583765519796266,0.6369201823051998,0.5873015873015873,0.2341772151898734,0.334841628959276,0.6608548928351976,0.6337983032288346,0.0,problem2_retrain_v2/results/aligned/ablations/f1_gate_component_ablation_five_seeds
noQ,2028,TA,0.3,random,5027,0.6423658872077029,0.5564656224076514,0.6154500872609837,0.4305555555555556,0.1962025316455696,0.2695652173913043,0.6730374303028501,0.6289392604096593,0.0,problem2_retrain_v2/results/aligned/ablations/f1_gate_component_ablation_five_seeds
noQ,2028,TA,0.3,random,5028,0.6451169188445667,0.5635160825773992,0.6186830189614099,0.4852941176470588,0.2088607594936709,0.2920353982300885,0.6830379744159828,0.6303329178065847,0.0,problem2_retrain_v2/results/aligned/ablations/f1_gate_component_ablation_five_seeds
noQ,2028,TV,0.3,start,5026,0.6685006877579092,0.5778277094502261,0.63803145077228,0.5254237288135594,0.1962025316455696,0.2857142857142857,0.6533996463340052,0.6590917839498139,0.0,problem2_retrain_v2/results/aligned/ablations/f1_gate_component_ablation_five_seeds
noQ,2028,TV,0.3,middle,5026,0.6382393397524071,0.548942358335657,0.6091433479510389,0.4393939393939394,0.1835443037974683,0.2589285714285714,0.6740781473675719,0.6336890135708775,0.0,problem2_retrain_v2/results/aligned/ablations/f1_gate_component_ablation_five_seeds
noQ,2028,TV,0.3,end,5026,0.6451169188445667,0.5599418011182716,0.6165167769990166,0.5,0.1962025316455696,0.2818181818181818,0.6953208722334415,0.601801270398158,0.0,problem2_retrain_v2/results/aligned/ablations/f1_gate_component_ablation_five_seeds
noQ,2028,TV,0.3,random,5026,0.6629986244841816,0.5859388372121819,0.6377367214820479,0.59375,0.240506329113924,0.3423423423423423,0.6614633556223108,0.6318459363104003,0.0,problem2_retrain_v2/results/aligned/ablations/f1_gate_component_ablation_five_seeds
noQ,2028,TV,0.3,random,5027,0.6423658872077029,0.5582309154949064,0.6163339756126424,0.4324324324324324,0.2025316455696202,0.2758620689655172,0.6714781134182672,0.6277448994865914,0.0,problem2_retrain_v2/results/aligned/ablations/f1_gate_component_ablation_five_seeds
noQ,2028,TV,0.3,random,5028,0.6437414030261348,0.5589825971805261,0.6151356831528332,0.492063492063492,0.1962025316455696,0.2805429864253393,0.6804925009543686,0.6299995197650834,0.0,problem2_retrain_v2/results/aligned/ablations/f1_gate_component_ablation_five_seeds
noQ,2028,AV,0.3,start,5026,0.6918844566712518,0.6324415508173549,0.6797321779824899,0.4907407407407407,0.3354430379746835,0.3984962406015037,0.6145778011015982,0.6997192784616545,0.0,problem2_retrain_v2/results/aligned/ablations/f1_gate_component_ablation_five_seeds
noQ,2028,AV,0.3,middle,5026,0.6905089408528198,0.63140196036419,0.6785980291594169,0.4862385321100917,0.3354430379746835,0.3970037453183521,0.6138396247755957,0.7003413361526032,0.0,problem2_retrain_v2/results/aligned/ablations/f1_gate_component_ablation_five_seeds
noQ,2028,AV,0.3,end,5026,0.6918844566712518,0.6325969294188293,0.6795423213716342,0.4953271028037383,0.3354430379746835,0.4,0.6146859374333197,0.700419486500447,0.0,problem2_retrain_v2/results/aligned/ablations/f1_gate_component_ablation_five_seeds
noQ,2028,AV,0.3,random,5026,0.6918844566712518,0.6324415508173549,0.6797321779824899,0.4907407407407407,0.3354430379746835,0.3984962406015037,0.613711242140573,0.7004080549692087,0.0,problem2_retrain_v2/results/aligned/ablations/f1_gate_component_ablation_five_seeds
noQ,2028,AV,0.3,random,5027,0.6918844566712518,0.6325969294188293,0.6795423213716342,0.4953271028037383,0.3354430379746835,0.4,0.6143850804440018,0.7004875767329086,0.0,problem2_retrain_v2/results/aligned/ablations/f1_gate_component_ablation_five_seeds
noQ,2028,AV,0.3,random,5028,0.6918844566712518,0.6324415508173549,0.6797321779824899,0.4907407407407407,0.3354430379746835,0.3984962406015037,0.6140980609696162,0.7003375151369022,0.0,problem2_retrain_v2/results/aligned/ablations/f1_gate_component_ablation_five_seeds
noQ,2028,TAV,0.3,start,5026,0.6685006877579092,0.5780030652698485,0.637972689918559,0.5254237288135594,0.1962025316455696,0.2857142857142857,0.653543171417038,0.6594428804315777,0.0,problem2_retrain_v2/results/aligned/ablations/f1_gate_component_ablation_five_seeds
noQ,2028,TAV,0.3,middle,5026,0.6396148555708391,0.549672347234739,0.610225006265226,0.4461538461538462,0.1835443037974683,0.2600896860986547,0.6750996808614035,0.6342449669032815,0.0,problem2_retrain_v2/results/aligned/ablations/f1_gate_component_ablation_five_seeds
noQ,2028,TAV,0.3,end,5026,0.6464924346629987,0.5625965723010022,0.6193805623812265,0.4848484848484848,0.2025316455696202,0.2857142857142857,0.6959935634859755,0.6032689443015649,0.0,problem2_retrain_v2/results/aligned/ablations/f1_gate_component_ablation_five_seeds
noQ,2028,TAV,0.3,random,5026,0.6657496561210454,0.5878228140452473,0.6400029699109201,0.6129032258064516,0.240506329113924,0.3454545454545454,0.661540003178784,0.6332575916101583,0.0,problem2_retrain_v2/results/aligned/ablations/f1_gate_component_ablation_five_seeds
noQ,2028,TAV,0.3,random,5027,0.6451169188445667,0.5603128288743138,0.618769849893209,0.4383561643835616,0.2025316455696202,0.277056277056277,0.6724456720104227,0.629004339633867,0.0,problem2_retrain_v2/results/aligned/ablations/f1_gate_component_ablation_five_seeds
noQ,2028,TAV,0.3,random,5028,0.6464924346629987,0.5646062469663641,0.619579851022223,0.5,0.2088607594936709,0.2946428571428571,0.6824000530422518,0.6302179567349793,0.0,problem2_retrain_v2/results/aligned/ablations/f1_gate_component_ablation_five_seeds
B0,2035,none,0.0,none,0,0.6905089408528198,0.6101692539268538,0.6647544215947413,0.5492957746478874,0.2468354430379747,0.3406113537117904,0.6327106183580006,0.6850442698909097,0.0,problem2_retrain_v2/results/aligned/ablations/f1_gate_component_ablation_s2031_2035
B0,2035,T,0.1,random,5026,0.6822558459422283,0.5943508849079469,0.6513796585122462,0.576271186440678,0.2151898734177215,0.3133640552995391,0.6384702309330594,0.6784019863645995,0.0,problem2_retrain_v2/results/aligned/ablations/f1_gate_component_ablation_s2031_2035
B0,2035,T,0.1,random,5027,0.6657496561210454,0.5753130398501082,0.6348625049560551,0.492063492063492,0.1962025316455696,0.2805429864253393,0.6504797413070149,0.6536503246362367,0.0,problem2_retrain_v2/results/aligned/ablations/f1_gate_component_ablation_s2031_2035
B0,2035,T,0.1,random,5028,0.671251719394773,0.5923378949137986,0.6452205984810239,0.5671641791044776,0.240506329113924,0.3377777777777778,0.6489990481371181,0.6656855617661311,0.0,problem2_retrain_v2/results/aligned/ablations/f1_gate_component_ablation_s2031_2035
B0,2035,T,0.2,random,5026,0.6685006877579092,0.5743964985432622,0.635232246099867,0.5636363636363636,0.1962025316455696,0.2910798122065727,0.663153611239434,0.6426971061533552,0.0,problem2_retrain_v2/results/aligned/ablations/f1_gate_component_ablation_s2031_2035
B0,2035,T,0.2,random,5027,0.6685006877579092,0.5835678009591053,0.6391429142460779,0.5396825396825397,0.2151898734177215,0.3076923076923077,0.6682223770722194,0.636575506818682,0.0,problem2_retrain_v2/results/aligned/ablations/f1_gate_component_ablation_s2031_2035
B0,2035,T,0.2,random,5028,0.6671251719394773,0.5886997267658223,0.6403326584066332,0.6129032258064516,0.240506329113924,0.3454545454545454,0.667351313641767,0.6391973484239362,0.0,problem2_retrain_v2/results/aligned/ablations/f1_gate_component_ablation_s2031_2035
B0,2035,T,0.3,start,5026,0.6657496561210454,0.5661602288921069,0.6294243760413608,0.5510204081632653,0.170886075949367,0.2608695652173913,0.6615507903773273,0.6499721627490541,0.0,problem2_retrain_v2/results/aligned/ablations/f1_gate_component_ablation_s2031_2035
B0,2035,T,0.3,middle,5026,0.6313617606602476,0.5326297011231288,0.5960141642263136,0.4210526315789473,0.1518987341772152,0.2232558139534883,0.6863192857739446,0.6204698919852425,0.0,problem2_retrain_v2/results/aligned/ablations/f1_gate_component_ablation_s2031_2035
B0,2035,T,0.3,end,5026,0.6437414030261348,0.554175806373179,0.6123484260319285,0.5357142857142857,0.189873417721519,0.2803738317757009,0.7070236530835612,0.5868976717636566,0.0,problem2_retrain_v2/results/aligned/ablations/f1_gate_component_ablation_s2031_2035
B0,2035,T,0.3,random,5026,0.6629986244841816,0.5615462608996071,0.6255360456334013,0.5510204081632653,0.170886075949367,0.2608695652173913,0.676615478276202,0.6252595063807608,0.0,problem2_retrain_v2/results/aligned/ablations/f1_gate_component_ablation_s2031_2035
B0,2035,T,0.3,random,5027,0.640990371389271,0.5450833419520694,0.6063108964757099,0.4814814814814814,0.1645569620253164,0.2452830188679245,0.6851020054752945,0.6210131286919861,0.0,problem2_retrain_v2/results/aligned/ablations/f1_gate_component_ablation_s2031_2035
B0,2035,T,0.3,random,5028,0.6299862448418156,0.5275179542221874,0.5927271928195619,0.4230769230769231,0.1392405063291139,0.2095238095238095,0.7005280314869219,0.6071142128798239,0.0,problem2_retrain_v2/results/aligned/ablations/f1_gate_component_ablation_s2031_2035
B0,2035,T,0.4,random,5026,0.6313617606602476,0.5264769663481416,0.5934451735581474,0.4339622641509434,0.1455696202531645,0.2180094786729857,0.7112697579422043,0.5708696519852762,0.0,problem2_retrain_v2/results/aligned/ablations/f1_gate_component_ablation_s2031_2035
B0,2035,T,0.4,random,5027,0.640990371389271,0.5464602237977615,0.6073965285796358,0.4821428571428571,0.170886075949367,0.2523364485981308,0.7154321671101664,0.5720591585404472,0.0,problem2_retrain_v2/results/aligned/ablations/f1_gate_component_ablation_s2031_2035
B0,2035,T,0.4,random,5028,0.624484181568088,0.5250180005137836,0.5893537252541864,0.4285714285714285,0.1518987341772152,0.2242990654205607,0.7152900454342064,0.5773299119699863,0.0,problem2_retrain_v2/results/aligned/ablations/f1_gate_component_ablation_s2031_2035
B0,2035,T,0.5,random,5026,0.6189821182943603,0.5099965567100794,0.577837361758125,0.4772727272727273,0.1329113924050632,0.2079207920792079,0.7392548953075178,0.5338077274992139,0.0,problem2_retrain_v2/results/aligned/ablations/f1_gate_component_ablation_s2031_2035
B0,2035,T,0.5,random,5027,0.6231086657496562,0.5251374753701529,0.5867030126290372,0.5,0.1518987341772152,0.233009708737864,0.7355638974857266,0.5408334191517575,0.0,problem2_retrain_v2/results/aligned/ablations/f1_gate_component_ablation_s2031_2035
B0,2035,T,0.5,random,5028,0.6327372764786795,0.5274900108203674,0.5929345219986403,0.5,0.1455696202531645,0.2254901960784313,0.7295229551605289,0.5582597838438369,0.0,problem2_retrain_v2/results/aligned/ablations/f1_gate_component_ablation_s2031_2035
B0,2035,A,0.1,random,5026,0.6891334250343879,0.6074178403755869,0.6626865825858406,0.5428571428571428,0.240506329113924,0.3333333333333333,0.6349471954262446,0.6843804222421287,0.0,problem2_retrain_v2/results/aligned/ablations/f1_gate_component_ablation_s2031_2035
B0,2035,A,0.1,random,5027,0.687757909215956,0.6044170475296351,0.6606181818899107,0.5362318840579711,0.2341772151898734,0.3259911894273127,0.6350697039574016,0.6844581384686526,0.0,problem2_retrain_v2/results/aligned/ablations/f1_gate_component_ablation_s2031_2035
B0,2035,A,0.1,random,5028,0.687757909215956,0.6044170475296351,0.6606181818899107,0.5362318840579711,0.2341772151898734,0.3259911894273127,0.6356721917638732,0.6840032247677922,0.0,problem2_retrain_v2/results/aligned/ablations/f1_gate_component_ablation_s2031_2035
B0,2035,A,0.2,random,5026,0.6891334250343879,0.6074178403755869,0.6626865825858406,0.5428571428571428,0.240506329113924,0.3333333333333333,0.6352715980456284,0.684491439606397,0.0,problem2_retrain_v2/results/aligned/ablations/f1_gate_component_ablation_s2031_2035
B0,2035,A,0.2,random,5027,0.687757909215956,0.6044170475296351,0.6606181818899107,0.5362318840579711,0.2341772151898734,0.3259911894273127,0.6355240931644769,0.684460753564944,0.0,problem2_retrain_v2/results/aligned/ablations/f1_gate_component_ablation_s2031_2035
B0,2035,A,0.2,random,5028,0.687757909215956,0.6044170475296351,0.6606181818899107,0.5362318840579711,0.2341772151898734,0.3259911894273127,0.6360377846990277,0.6839020314646018,0.0,problem2_retrain_v2/results/aligned/ablations/f1_gate_component_ablation_s2031_2035
B0,2035,A,0.3,start,5026,0.6891334250343879,0.6072580457754712,0.6628563298976912,0.5352112676056338,0.240506329113924,0.3318777292576419,0.6349738783816687,0.6851757231808095,0.0,problem2_retrain_v2/results/aligned/ablations/f1_gate_component_ablation_s2031_2035
B0,2035,A,0.3,middle,5026,0.687757909215956,0.6042658589819029,0.6607935403005643,0.5285714285714286,0.2341772151898734,0.3245614035087719,0.6357871745655408,0.6846156553514546,0.0,problem2_retrain_v2/results/aligned/ablations/f1_gate_component_ablation_s2031_2035
B0,2035,A,0.3,end,5026,0.6891334250343879,0.6074178403755869,0.6626865825858406,0.5428571428571428,0.240506329113924,0.3333333333333333,0.6354759158816609,0.6852918135113542,0.0,problem2_retrain_v2/results/aligned/ablations/f1_gate_component_ablation_s2031_2035
B0,2035,A,0.3,random,5026,0.6891334250343879,0.6072580457754712,0.6628563298976912,0.5352112676056338,0.240506329113924,0.3318777292576419,0.6351492131600334,0.6851377064373574,0.0,problem2_retrain_v2/results/aligned/ablations/f1_gate_component_ablation_s2031_2035
B0,2035,A,0.3,random,5027,0.687757909215956,0.6046458648164016,0.66060602123722,0.5362318840579711,0.2341772151898734,0.3259911894273127,0.6362744816229944,0.684648084804976,0.0,problem2_retrain_v2/results/aligned/ablations/f1_gate_component_ablation_s2031_2035
B0,2035,A,0.3,random,5028,0.6891334250343879,0.6070308565457598,0.6628709225585824,0.5352112676056338,0.240506329113924,0.3318777292576419,0.635601278507193,0.6845503867356292,0.0,problem2_retrain_v2/results/aligned/ablations/f1_gate_component_ablation_s2031_2035
B0,2035,A,0.4,random,5026,0.6891334250343879,0.6070308565457598,0.6628709225585824,0.5352112676056338,0.240506329113924,0.3318777292576419,0.6358698498229644,0.6848315214004315,0.0,problem2_retrain_v2/results/aligned/ablations/f1_gate_component_ablation_s2031_2035
B0,2035,A,0.4,random,5027,0.687757909215956,0.6046458648164016,0.66060602123722,0.5362318840579711,0.2341772151898734,0.3259911894273127,0.636847121887332,0.6844991468978575,0.0,problem2_retrain_v2/results/aligned/ablations/f1_gate_component_ablation_s2031_2035
B0,2035,A,0.4,random,5028,0.6891334250343879,0.6070308565457598,0.6628709225585824,0.5352112676056338,0.240506329113924,0.3318777292576419,0.635884337160516,0.684570492641448,0.0,problem2_retrain_v2/results/aligned/ablations/f1_gate_component_ablation_s2031_2035
B0,2035,A,0.5,random,5026,0.687757909215956,0.6044938637673998,0.6607801659252069,0.5285714285714286,0.2341772151898734,0.3245614035087719,0.6372707802703148,0.68454093579947,0.0,problem2_retrain_v2/results/aligned/ablations/f1_gate_component_ablation_s2031_2035
B0,2035,A,0.5,random,5027,0.687757909215956,0.6046458648164016,0.66060602123722,0.5362318840579711,0.2341772151898734,0.3259911894273127,0.6369800065689667,0.6845977577072639,0.0,problem2_retrain_v2/results/aligned/ablations/f1_gate_component_ablation_s2031_2035
B0,2035,A,0.5,random,5028,0.6891334250343879,0.6072580457754712,0.6628563298976912,0.5352112676056338,0.240506329113924,0.3318777292576419,0.6370542397216051,0.6844095391109618,0.0,problem2_retrain_v2/results/aligned/ablations/f1_gate_component_ablation_s2031_2035
B0,2035,V,0.1,random,5026,0.6918844566712518,0.6129003873226647,0.6668097246015161,0.5555555555555556,0.2531645569620253,0.3478260869565217,0.6321231825187535,0.6851536328086552,0.0,problem2_retrain_v2/results/aligned/ablations/f1_gate_component_ablation_s2031_2035
B0,2035,V,0.1,random,5027,0.6918844566712518,0.6129003873226647,0.6668097246015161,0.5555555555555556,0.2531645569620253,0.3478260869565217,0.6325131245623592,0.6851099347961908,0.0,problem2_retrain_v2/results/aligned/ablations/f1_gate_component_ablation_s2031_2035
B0,2035,V,0.1,random,5028,0.6918844566712518,0.6129003873226647,0.6668097246015161,0.5555555555555556,0.2531645569620253,0.3478260869565217,0.632208991237241,0.6851582346863142,0.0,problem2_retrain_v2/results/aligned/ablations/f1_gate_component_ablation_s2031_2035
B0,2035,V,0.2,random,5026,0.6918844566712518,0.6129003873226647,0.6668097246015161,0.5555555555555556,0.2531645569620253,0.3478260869565217,0.6322435605732988,0.6851483748844345,0.0,problem2_retrain_v2/results/aligned/ablations/f1_gate_component_ablation_s2031_2035
B0,2035,V,0.2,random,5027,0.6918844566712518,0.6129003873226647,0.6668097246015161,0.5555555555555556,0.2531645569620253,0.3478260869565217,0.632558846351738,0.6851243607273161,0.0,problem2_retrain_v2/results/aligned/ablations/f1_gate_component_ablation_s2031_2035
B0,2035,V,0.2,random,5028,0.6918844566712518,0.6129003873226647,0.6668097246015161,0.5555555555555556,0.2531645569620253,0.3478260869565217,0.6322094136259764,0.6852188366903069,0.0,problem2_retrain_v2/results/aligned/ablations/f1_gate_component_ablation_s2031_2035
B0,2035,V,0.3,start,5026,0.6918844566712518,0.6129003873226647,0.6668097246015161,0.5555555555555556,0.2531645569620253,0.3478260869565217,0.6323067632966802,0.6854768236178501,0.0,problem2_retrain_v2/results/aligned/ablations/f1_gate_component_ablation_s2031_2035
B0,2035,V,0.3,middle,5026,0.6918844566712518,0.6129003873226647,0.6668097246015161,0.5555555555555556,0.2531645569620253,0.3478260869565217,0.6319557824665284,0.6855731626298991,0.0,problem2_retrain_v2/results/aligned/ablations/f1_gate_component_ablation_s2031_2035
B0,2035,V,0.3,end,5026,0.6918844566712518,0.6129003873226647,0.6668097246015161,0.5555555555555556,0.2531645569620253,0.3478260869565217,0.6316821122131552,0.685479600486606,0.0,problem2_retrain_v2/results/aligned/ablations/f1_gate_component_ablation_s2031_2035
B0,2035,V,0.3,random,5026,0.6918844566712518,0.6129003873226647,0.6668097246015161,0.5555555555555556,0.2531645569620253,0.3478260869565217,0.6320240484954661,0.6853818624963192,0.0,problem2_retrain_v2/results/aligned/ablations/f1_gate_component_ablation_s2031_2035
B0,2035,V,0.3,random,5027,0.6918844566712518,0.6129003873226647,0.6668097246015161,0.5555555555555556,0.2531645569620253,0.3478260869565217,0.6322596271252042,0.6853405649720372,0.0,problem2_retrain_v2/results/aligned/ablations/f1_gate_component_ablation_s2031_2035
B0,2035,V,0.3,random,5028,0.6918844566712518,0.6129003873226647,0.6668097246015161,0.5555555555555556,0.2531645569620253,0.3478260869565217,0.6320438786938869,0.6854195391309408,0.0,problem2_retrain_v2/results/aligned/ablations/f1_gate_component_ablation_s2031_2035
B0,2035,V,0.4,random,5026,0.6932599724896836,0.6156115176031411,0.6688526748190449,0.5616438356164384,0.2594936708860759,0.354978354978355,0.6315647565687444,0.6855455139318756,0.0,problem2_retrain_v2/results/aligned/ablations/f1_gate_component_ablation_s2031_2035
B0,2035,V,0.4,random,5027,0.6932599724896836,0.6156115176031411,0.6688526748190449,0.5616438356164384,0.2594936708860759,0.354978354978355,0.6318567048539314,0.6854407932007224,0.0,problem2_retrain_v2/results/aligned/ablations/f1_gate_component_ablation_s2031_2035
B0,2035,V,0.4,random,5028,0.6918844566712518,0.6129003873226647,0.6668097246015161,0.5555555555555556,0.2531645569620253,0.3478260869565217,0.6321964707696988,0.6855264566052072,0.0,problem2_retrain_v2/results/aligned/ablations/f1_gate_component_ablation_s2031_2035
B0,2035,V,0.5,random,5026,0.6946354883081155,0.6185310702830001,0.6708686339631811,0.5675675675675675,0.2658227848101265,0.3620689655172414,0.6316029351551262,0.6856664557703794,0.0,problem2_retrain_v2/results/aligned/ablations/f1_gate_component_ablation_s2031_2035
B0,2035,V,0.5,random,5027,0.6946354883081155,0.6185310702830001,0.6708686339631811,0.5675675675675675,0.2658227848101265,0.3620689655172414,0.6318929865037258,0.6855563588499389,0.0,problem2_retrain_v2/results/aligned/ablations/f1_gate_component_ablation_s2031_2035
B0,2035,V,0.5,random,5028,0.6932599724896836,0.6158404924968393,0.6688390838588648,0.5616438356164384,0.2594936708860759,0.354978354978355,0.6322077440185785,0.6856563764904667,0.0,problem2_retrain_v2/results/aligned/ablations/f1_gate_component_ablation_s2031_2035
B0,2035,TA,0.3,start,5026,0.6671251719394773,0.5690707376398919,0.6317519173673387,0.56,0.1772151898734177,0.2692307692307692,0.6614416267404399,0.6503143729658564,0.0,problem2_retrain_v2/results/aligned/ablations/f1_gate_component_ablation_s2031_2035
B0,2035,TA,0.3,middle,5026,0.6313617606602476,0.5326820031811113,0.5957995517582065,0.4285714285714285,0.1518987341772152,0.2242990654205607,0.6871846813699064,0.6199247135438974,0.0,problem2_retrain_v2/results/aligned/ablations/f1_gate_component_ablation_s2031_2035
B0,2035,TA,0.3,end,5026,0.6437414030261348,0.554175806373179,0.6123484260319285,0.5357142857142857,0.189873417721519,0.2803738317757009,0.7068168042809437,0.5882191594273335,0.0,problem2_retrain_v2/results/aligned/ablations/f1_gate_component_ablation_s2031_2035
B0,2035,TA,0.3,random,5026,0.6629986244841816,0.5635049409125538,0.6268100094215352,0.5490196078431373,0.1772151898734177,0.2679425837320574,0.6769390407871974,0.6258543363019848,0.0,problem2_retrain_v2/results/aligned/ablations/f1_gate_component_ablation_s2031_2035
B0,2035,TA,0.3,random,5027,0.6423658872077029,0.5481299014441897,0.6085502219204753,0.4909090909090909,0.170886075949367,0.2535211267605634,0.6844693762569878,0.6217179737868024,0.0,problem2_retrain_v2/results/aligned/ablations/f1_gate_component_ablation_s2031_2035
B0,2035,TA,0.3,random,5028,0.6327372764786795,0.5339478694325851,0.5972728316983317,0.4444444444444444,0.1518987341772152,0.2264150943396226,0.7022533804963207,0.6066779833840108,0.0,problem2_retrain_v2/results/aligned/ablations/f1_gate_component_ablation_s2031_2035
B0,2035,TV,0.3,start,5026,0.6671251719394773,0.5692634595387884,0.6317138160187571,0.56,0.1772151898734177,0.2692307692307692,0.6617591975489207,0.650379088093362,0.0,problem2_retrain_v2/results/aligned/ablations/f1_gate_component_ablation_s2031_2035
B0,2035,TV,0.3,middle,5026,0.6299862448418156,0.531291121717333,0.59525056024596,0.4067796610169492,0.1518987341772152,0.2211981566820276,0.6862347604150723,0.6212353200996814,0.0,problem2_retrain_v2/results/aligned/ablations/f1_gate_component_ablation_s2031_2035
B0,2035,TV,0.3,end,5026,0.6437414030261348,0.55624471586334,0.6136192729864124,0.5254237288135594,0.1962025316455696,0.2857142857142857,0.7072169463107614,0.5873711494402967,0.0,problem2_retrain_v2/results/aligned/ablations/f1_gate_component_ablation_s2031_2035
B0,2035,TV,0.3,random,5026,0.6602475928473177,0.5595114549575707,0.6231604418110531,0.5510204081632653,0.170886075949367,0.2608695652173913,0.6772904897215863,0.6253755944364178,0.0,problem2_retrain_v2/results/aligned/ablations/f1_gate_component_ablation_s2031_2035
B0,2035,TV,0.3,random,5027,0.6423658872077029,0.5479182028887642,0.6085620798665046,0.4909090909090909,0.170886075949367,0.2535211267605634,0.6841878117393431,0.6211676978264281,0.0,problem2_retrain_v2/results/aligned/ablations/f1_gate_component_ablation_s2031_2035
B0,2035,TV,0.3,random,5028,0.6327372764786795,0.5339478694325851,0.5972728316983317,0.4444444444444444,0.1518987341772152,0.2264150943396226,0.6998802575370412,0.6075967222578628,0.0,problem2_retrain_v2/results/aligned/ablations/f1_gate_component_ablation_s2031_2035
B0,2035,AV,0.3,start,5026,0.6905089408528198,0.610001836598027,0.6649198854770618,0.5416666666666666,0.2468354430379747,0.3391304347826087,0.6345589498273922,0.6856608048164653,0.0,problem2_retrain_v2/results/aligned/ablations/f1_gate_component_ablation_s2031_2035
B0,2035,AV,0.3,middle,5026,0.6905089408528198,0.6099420646971426,0.6647690142556325,0.5492957746478874,0.2468354430379747,0.3406113537117904,0.6350188806836958,0.6845489411433477,0.0,problem2_retrain_v2/results/aligned/ablations/f1_gate_component_ablation_s2031_2035
B0,2035,AV,0.3,end,5026,0.6891334250343879,0.60718983559009,0.662699956961198,0.5428571428571428,0.240506329113924,0.3333333333333333,0.6340576087136385,0.6857765080920945,0.0,problem2_retrain_v2/results/aligned/ablations/f1_gate_component_ablation_s2031_2035
B0,2035,AV,0.3,random,5026,0.6905089408528198,0.610001836598027,0.6649198854770618,0.5416666666666666,0.2468354430379747,0.3391304347826087,0.6343457070198709,0.685490305721658,0.0,problem2_retrain_v2/results/aligned/ablations/f1_gate_component_ablation_s2031_2035
B0,2035,AV,0.3,random,5027,0.6891334250343879,0.60718983559009,0.662699956961198,0.5428571428571428,0.240506329113924,0.3333333333333333,0.6352291495354987,0.6849860513337945,0.0,problem2_retrain_v2/results/aligned/ablations/f1_gate_component_ablation_s2031_2035
B0,2035,AV,0.3,random,5028,0.6891334250343879,0.60718983559009,0.662699956961198,0.5428571428571428,0.240506329113924,0.3333333333333333,0.6356744322854813,0.6843106289937168,0.0,problem2_retrain_v2/results/aligned/ablations/f1_gate_component_ablation_s2031_2035
B0,2035,TAV,0.3,start,5026,0.6657496561210454,0.5681319452740069,0.6307110113596166,0.5490196078431373,0.1772151898734177,0.2679425837320574,0.6624470104276365,0.6504453826997246,0.0,problem2_retrain_v2/results/aligned/ablations/f1_gate_component_ablation_s2031_2035
B0,2035,TAV,0.3,middle,5026,0.6299862448418156,0.5319956628431205,0.5950253755704529,0.4137931034482758,0.1518987341772152,0.2222222222222222,0.6876616065393529,0.6206429010957827,0.0,problem2_retrain_v2/results/aligned/ablations/f1_gate_component_ablation_s2031_2035
B0,2035,TAV,0.3,end,5026,0.6437414030261348,0.55624471586334,0.6136192729864124,0.5254237288135594,0.1962025316455696,0.2857142857142857,0.7070935521978636,0.5886700898581969,0.0,problem2_retrain_v2/results/aligned/ablations/f1_gate_component_ablation_s2031_2035
B0,2035,TAV,0.3,random,5026,0.6616231086657497,0.5626074373486144,0.6254390542703987,0.56,0.1772151898734177,0.2692307692307692,0.6778636771043195,0.6258421301478789,0.0,problem2_retrain_v2/results/aligned/ablations/f1_gate_component_ablation_s2031_2035
B0,2035,TAV,0.3,random,5027,0.6423658872077029,0.5481299014441897,0.6085502219204753,0.4909090909090909,0.170886075949367,0.2535211267605634,0.6846205324136658,0.6216705130560635,0.0,problem2_retrain_v2/results/aligned/ablations/f1_gate_component_ablation_s2031_2035
B0,2035,TAV,0.3,random,5028,0.6354883081155434,0.5400747307829838,0.6017740108095725,0.4642857142857143,0.1645569620253164,0.2429906542056074,0.7016568173464364,0.6070869663999606,0.0,problem2_retrain_v2/results/aligned/ablations/f1_gate_component_ablation_s2031_2035
noB,2035,none,0.0,none,0,0.6905089408528198,0.6034434347281928,0.6625207889863525,0.4861111111111111,0.2215189873417721,0.3043478260869565,0.6555658999450967,0.6733925359106359,0.0,problem2_retrain_v2/results/aligned/ablations/f1_gate_component_ablation_s2031_2035
noB,2035,T,0.1,random,5026,0.6822558459422283,0.5871327783358696,0.6490564895360391,0.5254237288135594,0.1962025316455696,0.2857142857142857,0.6606798102054268,0.6675997017221672,0.0,problem2_retrain_v2/results/aligned/ablations/f1_gate_component_ablation_s2031_2035
noB,2035,T,0.1,random,5027,0.6740027510316369,0.580798426045925,0.6421458865931391,0.4615384615384615,0.189873417721519,0.2690582959641255,0.6732442595220066,0.6409003074174003,0.0,problem2_retrain_v2/results/aligned/ablations/f1_gate_component_ablation_s2031_2035
noB,2035,T,0.1,random,5028,0.672627235213205,0.5827854810606615,0.6418780833022788,0.532258064516129,0.2088607594936709,0.3,0.6807952094356168,0.6486480080368022,0.0,problem2_retrain_v2/results/aligned/ablations/f1_gate_component_ablation_s2031_2035
noB,2035,T,0.2,random,5026,0.6698762035763411,0.5709495451818799,0.6343446725715823,0.5272727272727272,0.1835443037974683,0.272300469483568,0.6876124078612432,0.623207610101743,0.0,problem2_retrain_v2/results/aligned/ablations/f1_gate_component_ablation_s2031_2035
noB,2035,T,0.2,random,5027,0.6643741403026134,0.5684382280220555,0.6303479784679098,0.4590163934426229,0.1772151898734177,0.2557077625570776,0.6961452809381916,0.6173279535965808,0.0,problem2_retrain_v2/results/aligned/ablations/f1_gate_component_ablation_s2031_2035
noB,2035,T,0.2,random,5028,0.6629986244841816,0.5729606407830251,0.631298862426936,0.5517241379310345,0.2025316455696202,0.2962962962962963,0.6990689853539128,0.6226323173335961,0.0,problem2_retrain_v2/results/aligned/ablations/f1_gate_component_ablation_s2031_2035
noB,2035,T,0.3,start,5026,0.6671251719394773,0.5733932193567082,0.634899949260167,0.5254237288135594,0.1962025316455696,0.2857142857142857,0.6803738524601408,0.6294156234500475,0.0,problem2_retrain_v2/results/aligned/ablations/f1_gate_component_ablation_s2031_2035
noB,2035,T,0.3,middle,5026,0.6492434662998624,0.5469757441379085,0.6112828135590133,0.4716981132075472,0.1582278481012658,0.2369668246445497,0.707517199058163,0.6027891809091745,0.0,problem2_retrain_v2/results/aligned/ablations/f1_gate_component_ablation_s2031_2035
noB,2035,T,0.3,end,5026,0.6258596973865199,0.5161991661026579,0.5855718862261915,0.3846153846153846,0.1265822784810126,0.1904761904761904,0.7277549120681881,0.5597827956289949,0.0,problem2_retrain_v2/results/aligned/ablations/f1_gate_component_ablation_s2031_2035
noB,2035,T,0.3,random,5026,0.6602475928473177,0.5593116796471783,0.6237645005343937,0.5185185185185185,0.1772151898734177,0.2641509433962264,0.692015044514136,0.609933534784826,0.0,problem2_retrain_v2/results/aligned/ablations/f1_gate_component_ablation_s2031_2035
noB,2035,T,0.3,random,5027,0.6451169188445667,0.5421772233142562,0.6082389530427305,0.4210526315789473,0.1518987341772152,0.2232558139534883,0.7081210505962465,0.6006024237433167,0.0,problem2_retrain_v2/results/aligned/ablations/f1_gate_component_ablation_s2031_2035
noB,2035,T,0.3,random,5028,0.6341127922971114,0.5371084540539052,0.599961960949349,0.4310344827586206,0.1582278481012658,0.2314814814814814,0.7211311904719054,0.5938391941414556,0.0,problem2_retrain_v2/results/aligned/ablations/f1_gate_component_ablation_s2031_2035
noB,2035,T,0.4,random,5026,0.6341127922971114,0.5241257786361297,0.5923455723149629,0.4489795918367347,0.1392405063291139,0.2125603864734299,0.7336037296998668,0.5523603908553006,0.0,problem2_retrain_v2/results/aligned/ablations/f1_gate_component_ablation_s2031_2035
noB,2035,T,0.4,random,5027,0.6423658872077029,0.5425223615332162,0.6053216253484922,0.4716981132075472,0.1582278481012658,0.2369668246445497,0.7382148108790991,0.5511529282824997,0.0,problem2_retrain_v2/results/aligned/ablations/f1_gate_component_ablation_s2031_2035
noB,2035,T,0.4,random,5028,0.6299862448418156,0.5274500830227576,0.591375305344277,0.48,0.1518987341772152,0.2307692307692307,0.7378494403432432,0.555848888450667,0.0,problem2_retrain_v2/results/aligned/ablations/f1_gate_component_ablation_s2031_2035
noB,2035,T,0.5,random,5026,0.6134800550206327,0.5026482910797229,0.5691703234826999,0.5121951219512195,0.1329113924050632,0.2110552763819095,0.7680582336442305,0.5009211671297176,0.0,problem2_retrain_v2/results/aligned/ablations/f1_gate_component_ablation_s2031_2035
noB,2035,T,0.5,random,5027,0.6354883081155434,0.5320251723498279,0.5954054184071024,0.5,0.1455696202531645,0.2254901960784313,0.7595957293433618,0.5211410671349582,0.0,problem2_retrain_v2/results/aligned/ablations/f1_gate_component_ablation_s2031_2035
noB,2035,T,0.5,random,5028,0.6176066024759285,0.4893764302208092,0.5640756322224133,0.4193548387096774,0.0822784810126582,0.1375661375661375,0.7570251345308457,0.5299001474968487,0.0,problem2_retrain_v2/results/aligned/ablations/f1_gate_component_ablation_s2031_2035
noB,2035,A,0.1,random,5026,0.6905089408528198,0.6034434347281928,0.6625207889863525,0.4861111111111111,0.2215189873417721,0.3043478260869565,0.6561404088271435,0.6734715843108314,0.0,problem2_retrain_v2/results/aligned/ablations/f1_gate_component_ablation_s2031_2035
noB,2035,A,0.1,random,5027,0.6918844566712518,0.6062185767448924,0.6646065457503957,0.4931506849315068,0.2278481012658227,0.3116883116883117,0.6551470301902613,0.6737341570382339,0.0,problem2_retrain_v2/results/aligned/ablations/f1_gate_component_ablation_s2031_2035
noB,2035,A,0.1,random,5028,0.6918844566712518,0.6060998860670042,0.6648062330690238,0.4864864864864865,0.2278481012658227,0.3103448275862069,0.6550720103691723,0.674560999016316,0.0,problem2_retrain_v2/results/aligned/ablations/f1_gate_component_ablation_s2031_2035
noB,2035,A,0.2,random,5026,0.6905089408528198,0.6034434347281928,0.6625207889863525,0.4861111111111111,0.2215189873417721,0.3043478260869565,0.6565530907018307,0.6735775330916124,0.0,problem2_retrain_v2/results/aligned/ablations/f1_gate_component_ablation_s2031_2035
noB,2035,A,0.2,random,5027,0.6918844566712518,0.6060998860670042,0.6648062330690238,0.4864864864864865,0.2278481012658227,0.3103448275862069,0.6546010100984208,0.6751510610257659,0.0,problem2_retrain_v2/results/aligned/ablations/f1_gate_component_ablation_s2031_2035
noB,2035,A,0.2,random,5028,0.6918844566712518,0.6060998860670042,0.6648062330690238,0.4864864864864865,0.2278481012658227,0.3103448275862069,0.6559252836290043,0.6744059866483152,0.0,problem2_retrain_v2/results/aligned/ablations/f1_gate_component_ablation_s2031_2035
noB,2035,A,0.3,start,5026,0.6905089408528198,0.6034434347281928,0.6625207889863525,0.4861111111111111,0.2215189873417721,0.3043478260869565,0.6576056721035457,0.6735301550238809,0.0,problem2_retrain_v2/results/aligned/ablations/f1_gate_component_ablation_s2031_2035
noB,2035,A,0.3,middle,5026,0.6905089408528198,0.6034434347281928,0.6625207889863525,0.4861111111111111,0.2215189873417721,0.3043478260869565,0.6568365727683975,0.6741367118686243,0.0,problem2_retrain_v2/results/aligned/ablations/f1_gate_component_ablation_s2031_2035
noB,2035,A,0.3,end,5026,0.6905089408528198,0.6034434347281928,0.6625207889863525,0.4861111111111111,0.2215189873417721,0.3043478260869565,0.657366042647998,0.6748854332618146,0.0,problem2_retrain_v2/results/aligned/ablations/f1_gate_component_ablation_s2031_2035
noB,2035,A,0.3,random,5026,0.6891334250343879,0.6004118562312,0.660430300528329,0.4788732394366197,0.2151898734177215,0.296943231441048,0.6567353147499653,0.674651448551848,0.0,problem2_retrain_v2/results/aligned/ablations/f1_gate_component_ablation_s2031_2035
noB,2035,A,0.3,random,5027,0.6918844566712518,0.6060998860670042,0.6648062330690238,0.4864864864864865,0.2278481012658227,0.3103448275862069,0.6550609037495299,0.6752149038735492,0.0,problem2_retrain_v2/results/aligned/ablations/f1_gate_component_ablation_s2031_2035
noB,2035,A,0.3,random,5028,0.6905089408528198,0.6032083679294172,0.6625299902071445,0.4861111111111111,0.2215189873417721,0.3043478260869565,0.6571380745723836,0.674099157970423,0.0,problem2_retrain_v2/results/aligned/ablations/f1_gate_component_ablation_s2031_2035
noB,2035,A,0.4,random,5026,0.6891334250343879,0.6004118562312,0.660430300528329,0.4788732394366197,0.2151898734177215,0.296943231441048,0.6573830126058388,0.674430686676413,0.0,problem2_retrain_v2/results/aligned/ablations/f1_gate_component_ablation_s2031_2035
noB,2035,A,0.4,random,5027,0.6918844566712518,0.6060998860670042,0.6648062330690238,0.4864864864864865,0.2278481012658227,0.3103448275862069,0.6558269964661732,0.6749868587643998,0.0,problem2_retrain_v2/results/aligned/ablations/f1_gate_component_ablation_s2031_2035
noB,2035,A,0.4,random,5028,0.6905089408528198,0.6032083679294172,0.6625299902071445,0.4861111111111111,0.2215189873417721,0.3043478260869565,0.6575775296621709,0.674043880581151,0.0,problem2_retrain_v2/results/aligned/ablations/f1_gate_component_ablation_s2031_2035
noB,2035,A,0.5,random,5026,0.687757909215956,0.5973612656561901,0.6583279498642497,0.4714285714285714,0.2088607594936709,0.2894736842105263,0.6575325528605542,0.6741310804171766,0.0,problem2_retrain_v2/results/aligned/ablations/f1_gate_component_ablation_s2031_2035
noB,2035,A,0.5,random,5027,0.6918844566712518,0.6064563009978269,0.6645996145145181,0.4931506849315068,0.2278481012658227,0.3116883116883117,0.6568692313764364,0.6748784017579778,0.0,problem2_retrain_v2/results/aligned/ablations/f1_gate_component_ablation_s2031_2035
noB,2035,A,0.5,random,5028,0.6905089408528198,0.6032083679294172,0.6625299902071445,0.4861111111111111,0.2215189873417721,0.3043478260869565,0.6579094366192885,0.6739001541649852,0.0,problem2_retrain_v2/results/aligned/ablations/f1_gate_component_ablation_s2031_2035
noB,2035,V,0.1,random,5026,0.6905089408528198,0.6034434347281928,0.6625207889863525,0.4861111111111111,0.2215189873417721,0.3043478260869565,0.6553343179507273,0.6734863207015411,0.0,problem2_retrain_v2/results/aligned/ablations/f1_gate_component_ablation_s2031_2035
noB,2035,V,0.1,random,5027,0.6905089408528198,0.6034434347281928,0.6625207889863525,0.4861111111111111,0.2215189873417721,0.3043478260869565,0.655732546688987,0.6734695670960107,0.0,problem2_retrain_v2/results/aligned/ablations/f1_gate_component_ablation_s2031_2035
noB,2035,V,0.1,random,5028,0.6905089408528198,0.6034434347281928,0.6625207889863525,0.4861111111111111,0.2215189873417721,0.3043478260869565,0.6553656777381401,0.6736104602080368,0.0,problem2_retrain_v2/results/aligned/ablations/f1_gate_component_ablation_s2031_2035
noB,2035,V,0.2,random,5026,0.6905089408528198,0.6034434347281928,0.6625207889863525,0.4861111111111111,0.2215189873417721,0.3043478260869565,0.6555018467637219,0.6735064749394148,0.0,problem2_retrain_v2/results/aligned/ablations/f1_gate_component_ablation_s2031_2035
noB,2035,V,0.2,random,5027,0.6905089408528198,0.6034434347281928,0.6625207889863525,0.4861111111111111,0.2215189873417721,0.3043478260869565,0.6560110279751133,0.6734889961452224,0.0,problem2_retrain_v2/results/aligned/ablations/f1_gate_component_ablation_s2031_2035
noB,2035,V,0.2,random,5028,0.6905089408528198,0.6034434347281928,0.6625207889863525,0.4861111111111111,0.2215189873417721,0.3043478260869565,0.655502899570729,0.6736884300543512,0.0,problem2_retrain_v2/results/aligned/ablations/f1_gate_component_ablation_s2031_2035
noB,2035,V,0.3,start,5026,0.6905089408528198,0.6034434347281928,0.6625207889863525,0.4861111111111111,0.2215189873417721,0.3043478260869565,0.6555279489700345,0.674144610782604,0.0,problem2_retrain_v2/results/aligned/ablations/f1_gate_component_ablation_s2031_2035
noB,2035,V,0.3,middle,5026,0.6918844566712518,0.6062185767448924,0.6646065457503957,0.4931506849315068,0.2278481012658227,0.3116883116883117,0.6544533582930231,0.6742154543774521,0.0,problem2_retrain_v2/results/aligned/ablations/f1_gate_component_ablation_s2031_2035
noB,2035,V,0.3,end,5026,0.6905089408528198,0.6034434347281928,0.6625207889863525,0.4861111111111111,0.2215189873417721,0.3043478260869565,0.6550111580067658,0.6739535925616656,0.0,problem2_retrain_v2/results/aligned/ablations/f1_gate_component_ablation_s2031_2035
noB,2035,V,0.3,random,5026,0.6918844566712518,0.6062185767448924,0.6646065457503957,0.4931506849315068,0.2278481012658227,0.3116883116883117,0.6545971064233393,0.6738498350166304,0.0,problem2_retrain_v2/results/aligned/ablations/f1_gate_component_ablation_s2031_2035
noB,2035,V,0.3,random,5027,0.6918844566712518,0.6062185767448924,0.6646065457503957,0.4931506849315068,0.2278481012658227,0.3116883116883117,0.6551570723924194,0.6738091584013072,0.0,problem2_retrain_v2/results/aligned/ablations/f1_gate_component_ablation_s2031_2035
noB,2035,V,0.3,random,5028,0.6918844566712518,0.6062185767448924,0.6646065457503957,0.4931506849315068,0.2278481012658227,0.3116883116883117,0.6547365591632746,0.6739993904560615,0.0,problem2_retrain_v2/results/aligned/ablations/f1_gate_component_ablation_s2031_2035
noB,2035,V,0.4,random,5026,0.6918844566712518,0.6060998860670042,0.6648062330690238,0.4864864864864865,0.2278481012658227,0.3103448275862069,0.6542507178695308,0.6741534808395022,0.0,problem2_retrain_v2/results/aligned/ablations/f1_gate_component_ablation_s2031_2035
noB,2035,V,0.4,random,5027,0.6918844566712518,0.6060998860670042,0.6648062330690238,0.4864864864864865,0.2278481012658227,0.3103448275862069,0.6548855579714596,0.6739675770089317,0.0,problem2_retrain_v2/results/aligned/ablations/f1_gate_component_ablation_s2031_2035
noB,2035,V,0.4,random,5028,0.6918844566712518,0.6060998860670042,0.6648062330690238,0.4864864864864865,0.2278481012658227,0.3103448275862069,0.6545321808047467,0.6742196416115919,0.0,problem2_retrain_v2/results/aligned/ablations/f1_gate_component_ablation_s2031_2035
noB,2035,V,0.5,random,5026,0.6918844566712518,0.6060998860670042,0.6648062330690238,0.4864864864864865,0.2278481012658227,0.3103448275862069,0.6543056520404837,0.6743249001158814,0.0,problem2_retrain_v2/results/aligned/ablations/f1_gate_component_ablation_s2031_2035
noB,2035,V,0.5,random,5027,0.6932599724896836,0.6088470967138985,0.6668751684463251,0.4933333333333333,0.2341772151898734,0.3175965665236051,0.6539390790145027,0.674245068731605,0.0,problem2_retrain_v2/results/aligned/ablations/f1_gate_component_ablation_s2031_2035
noB,2035,V,0.5,random,5028,0.6932599724896836,0.6088470967138985,0.6668751684463251,0.4933333333333333,0.2341772151898734,0.3175965665236051,0.6536442134481417,0.6744875342102704,0.0,problem2_retrain_v2/results/aligned/ablations/f1_gate_component_ablation_s2031_2035
noB,2035,TA,0.3,start,5026,0.6657496561210454,0.5683705432133105,0.6318885963003686,0.5,0.1835443037974683,0.2685185185185185,0.682750752959061,0.6294959855377142,0.0,problem2_retrain_v2/results/aligned/ablations/f1_gate_component_ablation_s2031_2035
noB,2035,TA,0.3,middle,5026,0.6492434662998624,0.5425861385577985,0.6091114510903284,0.4509803921568627,0.1455696202531645,0.2200956937799043,0.709580970513034,0.6031646368234986,0.0,problem2_retrain_v2/results/aligned/ablations/f1_gate_component_ablation_s2031_2035
noB,2035,TA,0.3,end,5026,0.6286107290233838,0.5201962978000121,0.5886018897605308,0.4117647058823529,0.1329113924050632,0.200956937799043,0.727749181601955,0.562193535636231,0.0,problem2_retrain_v2/results/aligned/ablations/f1_gate_component_ablation_s2031_2035
noB,2035,TA,0.3,random,5026,0.656121045392022,0.5502347669530332,0.6171793819704355,0.4807692307692308,0.1582278481012658,0.238095238095238,0.6960973273860043,0.6088764218368938,0.0,problem2_retrain_v2/results/aligned/ablations/f1_gate_component_ablation_s2031_2035
noB,2035,TA,0.3,random,5027,0.6423658872077029,0.5342959089112147,0.6025599066073954,0.3962264150943396,0.1329113924050632,0.1990521327014218,0.7101246611826234,0.6015117040040726,0.0,problem2_retrain_v2/results/aligned/ablations/f1_gate_component_ablation_s2031_2035
noB,2035,TA,0.3,random,5028,0.6354883081155434,0.5359548543334367,0.5999277092786671,0.4285714285714285,0.1518987341772152,0.2242990654205607,0.7246936241379909,0.5930787044667235,0.0,problem2_retrain_v2/results/aligned/ablations/f1_gate_component_ablation_s2031_2035
noB,2035,TV,0.3,start,5026,0.6657496561210454,0.5704316298064942,0.6327029222553735,0.5172413793103449,0.189873417721519,0.2777777777777778,0.6792309862555445,0.6314358152741111,0.0,problem2_retrain_v2/results/aligned/ablations/f1_gate_component_ablation_s2031_2035
noB,2035,TV,0.3,middle,5026,0.6464924346629987,0.5468879167920057,0.6107743861674358,0.4406779661016949,0.1645569620253164,0.2396313364055299,0.708228626108838,0.602266658175503,0.0,problem2_retrain_v2/results/aligned/ablations/f1_gate_component_ablation_s2031_2035
noB,2035,TV,0.3,end,5026,0.6258596973865199,0.5208007332969786,0.5884681828161128,0.3859649122807017,0.1392405063291139,0.2046511627906976,0.7257430529970351,0.5607560958530052,0.0,problem2_retrain_v2/results/aligned/ablations/f1_gate_component_ablation_s2031_2035
noB,2035,TV,0.3,random,5026,0.6602475928473177,0.561023334682331,0.6247630702338012,0.5178571428571429,0.1835443037974683,0.2710280373831775,0.6915691067891239,0.6098701617461639,0.0,problem2_retrain_v2/results/aligned/ablations/f1_gate_component_ablation_s2031_2035
noB,2035,TV,0.3,random,5027,0.6492434662998624,0.5488913731741881,0.6136996938619128,0.4482758620689655,0.1645569620253164,0.2407407407407407,0.7055444130193192,0.6015258437477489,0.0,problem2_retrain_v2/results/aligned/ablations/f1_gate_component_ablation_s2031_2035
noB,2035,TV,0.3,random,5028,0.6368638239339752,0.5413641630959117,0.6033779038713614,0.4406779661016949,0.1645569620253164,0.2396313364055299,0.7193248979452969,0.593913208682912,0.0,problem2_retrain_v2/results/aligned/ablations/f1_gate_component_ablation_s2031_2035
noB,2035,AV,0.3,start,5026,0.6905089408528198,0.6034434347281928,0.6625207889863525,0.4861111111111111,0.2215189873417721,0.3043478260869565,0.6575344674810824,0.6742495681624849,0.0,problem2_retrain_v2/results/aligned/ablations/f1_gate_component_ablation_s2031_2035
noB,2035,AV,0.3,middle,5026,0.6905089408528198,0.6034434347281928,0.6625207889863525,0.4861111111111111,0.2215189873417721,0.3043478260869565,0.6563609741583869,0.6749103304027246,0.0,problem2_retrain_v2/results/aligned/ablations/f1_gate_component_ablation_s2031_2035
noB,2035,AV,0.3,end,5026,0.6905089408528198,0.6034434347281928,0.6625207889863525,0.4861111111111111,0.2215189873417721,0.3043478260869565,0.656690453267573,0.6754060579424276,0.0,problem2_retrain_v2/results/aligned/ablations/f1_gate_component_ablation_s2031_2035
noB,2035,AV,0.3,random,5026,0.6905089408528198,0.6033325738588896,0.6627248877476923,0.4794520547945205,0.2215189873417721,0.303030303030303,0.6557734908553265,0.6752094720871673,0.0,problem2_retrain_v2/results/aligned/ablations/f1_gate_component_ablation_s2031_2035
noB,2035,AV,0.3,random,5027,0.6918844566712518,0.6060998860670042,0.6648062330690238,0.4864864864864865,0.2278481012658227,0.3103448275862069,0.6551895904719105,0.6755984161131432,0.0,problem2_retrain_v2/results/aligned/ablations/f1_gate_component_ablation_s2031_2035
noB,2035,AV,0.3,random,5028,0.6932599724896836,0.6091045796308955,0.6664882037530991,0.5068493150684932,0.2341772151898734,0.3203463203463203,0.657244609640337,0.6732004069071634,0.0,problem2_retrain_v2/results/aligned/ablations/f1_gate_component_ablation_s2031_2035
noB,2035,TAV,0.3,start,5026,0.6643741403026134,0.5694958036399014,0.6320390772386787,0.4918032786885246,0.189873417721519,0.273972602739726,0.6815849704606436,0.6309105612587308,0.0,problem2_retrain_v2/results/aligned/ablations/f1_gate_component_ablation_s2031_2035
noB,2035,TAV,0.3,middle,5026,0.6451169188445667,0.5398186400450165,0.6061995484134991,0.4259259259259259,0.1455696202531645,0.2169811320754717,0.710068044085207,0.6019096950520856,0.0,problem2_retrain_v2/results/aligned/ablations/f1_gate_component_ablation_s2031_2035
noB,2035,TAV,0.3,end,5026,0.6272352132049519,0.5216512659355504,0.5891995041151071,0.4,0.1392405063291139,0.2065727699530516,0.7261438930670958,0.563298440421935,0.0,problem2_retrain_v2/results/aligned/ablations/f1_gate_component_ablation_s2031_2035
noB,2035,TAV,0.3,random,5026,0.6547455295735901,0.5493658348204623,0.6161980010185351,0.4716981132075472,0.1582278481012658,0.2369668246445497,0.6951306617205151,0.6097932825050186,0.0,problem2_retrain_v2/results/aligned/ablations/f1_gate_component_ablation_s2031_2035
noB,2035,TAV,0.3,random,5027,0.6464924346629987,0.544997850919084,0.6104817072317145,0.4310344827586206,0.1582278481012658,0.2314814814814814,0.7073641362096157,0.6020299007157434,0.0,problem2_retrain_v2/results/aligned/ablations/f1_gate_component_ablation_s2031_2035
noB,2035,TAV,0.3,random,5028,0.6354883081155434,0.5383472831313093,0.6011581497626233,0.4310344827586206,0.1582278481012658,0.2314814814814814,0.7235385364580611,0.5927226659203056,0.0,problem2_retrain_v2/results/aligned/ablations/f1_gate_component_ablation_s2031_2035
noBeta,2035,none,0.0,none,0,0.686382393397524,0.5835125667314528,0.6472135903163015,0.5306122448979592,0.1645569620253164,0.251207729468599,0.663318212539023,0.6717641743920888,0.0,problem2_retrain_v2/results/aligned/ablations/f1_gate_component_ablation_s2031_2035
noBeta,2035,T,0.1,random,5026,0.6767537826685007,0.5547406967537608,0.626820353059951,0.5294117647058824,0.1139240506329113,0.1875,0.6716624521156332,0.6622611054625601,0.0,problem2_retrain_v2/results/aligned/ablations/f1_gate_component_ablation_s2031_2035
noBeta,2035,T,0.1,random,5027,0.6698762035763411,0.5477851698824187,0.6208711412006153,0.4358974358974359,0.1075949367088607,0.1725888324873096,0.6826694235644724,0.639258466880235,0.0,problem2_retrain_v2/results/aligned/ablations/f1_gate_component_ablation_s2031_2035
noBeta,2035,T,0.1,random,5028,0.6602475928473177,0.5491083844329165,0.615910872520949,0.5384615384615384,0.1329113924050632,0.2131979695431472,0.689352245336871,0.646217239079307,0.0,problem2_retrain_v2/results/aligned/ablations/f1_gate_component_ablation_s2031_2035
noBeta,2035,T,0.2,random,5026,0.656121045392022,0.5227798926957412,0.5991465518262997,0.5,0.0822784810126582,0.1413043478260869,0.7012238820961912,0.620026423609365,0.0,problem2_retrain_v2/results/aligned/ablations/f1_gate_component_ablation_s2031_2035
noBeta,2035,T,0.2,random,5027,0.6547455295735901,0.5249922318042324,0.6007223714750876,0.3939393939393939,0.0822784810126582,0.1361256544502617,0.7056489194787846,0.617420229100069,0.0,problem2_retrain_v2/results/aligned/ablations/f1_gate_component_ablation_s2031_2035
noBeta,2035,T,0.2,random,5028,0.6547455295735901,0.533856480391472,0.6039778029718995,0.5862068965517241,0.1075949367088607,0.1818181818181818,0.7055316999903394,0.6208148925618455,0.0,problem2_retrain_v2/results/aligned/ablations/f1_gate_component_ablation_s2031_2035
noBeta,2035,T,0.3,start,5026,0.6506189821182944,0.5226984903483421,0.5972025046910526,0.5357142857142857,0.0949367088607595,0.1612903225806451,0.6922111713971847,0.6266707966176106,0.0,problem2_retrain_v2/results/aligned/ablations/f1_gate_component_ablation_s2031_2035
noBeta,2035,T,0.3,middle,5026,0.6368638239339752,0.5095967317186921,0.582864094804808,0.4666666666666667,0.0886075949367088,0.1489361702127659,0.7192955051924766,0.6013976234640811,0.0,problem2_retrain_v2/results/aligned/ablations/f1_gate_component_ablation_s2031_2035
noBeta,2035,T,0.3,end,5026,0.624484181568088,0.4883764985495089,0.5673434602566505,0.3448275862068966,0.0632911392405063,0.106951871657754,0.7334074112800938,0.5609183199790052,0.0,problem2_retrain_v2/results/aligned/ablations/f1_gate_component_ablation_s2031_2035
noBeta,2035,T,0.3,random,5026,0.640990371389271,0.500104466468971,0.578765978900153,0.5555555555555556,0.0632911392405063,0.1136363636363636,0.7087950074030545,0.6053998167320277,0.0,problem2_retrain_v2/results/aligned/ablations/f1_gate_component_ablation_s2031_2035
noBeta,2035,T,0.3,random,5027,0.6354883081155434,0.5037285805136288,0.5803533023296114,0.34375,0.0696202531645569,0.1157894736842105,0.7180490116994875,0.5975737671567136,0.0,problem2_retrain_v2/results/aligned/ablations/f1_gate_component_ablation_s2031_2035
noBeta,2035,T,0.3,random,5028,0.624484181568088,0.4854357232657689,0.5650813240136057,0.32,0.050632911392405,0.087431693989071,0.7287435575575615,0.5922272324215049,0.0,problem2_retrain_v2/results/aligned/ablations/f1_gate_component_ablation_s2031_2035
noBeta,2035,T,0.4,random,5026,0.6203576341127923,0.4810275591525592,0.5600272423045807,0.4166666666666667,0.0632911392405063,0.1098901098901098,0.7437836872733179,0.5465729121987686,0.0,problem2_retrain_v2/results/aligned/ablations/f1_gate_component_ablation_s2031_2035
noBeta,2035,T,0.4,random,5027,0.6341127922971114,0.5030738789737138,0.5776088194799601,0.4230769230769231,0.0696202531645569,0.1195652173913043,0.7459143809929357,0.5523763876763159,0.0,problem2_retrain_v2/results/aligned/ablations/f1_gate_component_ablation_s2031_2035
noBeta,2035,T,0.4,random,5028,0.6203576341127923,0.4832903350857727,0.5596129034897003,0.5555555555555556,0.0632911392405063,0.1136363636363636,0.74851656836027,0.5492242263235277,0.0,problem2_retrain_v2/results/aligned/ablations/f1_gate_component_ablation_s2031_2035
noBeta,2035,T,0.5,random,5026,0.6134800550206327,0.4723874562061579,0.5497527500333652,0.6666666666666666,0.0632911392405063,0.1156069364161849,0.7717572966695151,0.5034829876673776,0.0,problem2_retrain_v2/results/aligned/ablations/f1_gate_component_ablation_s2031_2035
noBeta,2035,T,0.5,random,5027,0.6286107290233838,0.4922477175505391,0.5680922173580643,0.5263157894736842,0.0632911392405063,0.1129943502824858,0.766145413106358,0.5235405667616051,0.0,problem2_retrain_v2/results/aligned/ablations/f1_gate_component_ablation_s2031_2035
noBeta,2035,T,0.5,random,5028,0.6148555708390646,0.4596628829374791,0.5436027261009537,0.5,0.0316455696202531,0.0595238095238095,0.7645525352238568,0.5249727806937239,0.0,problem2_retrain_v2/results/aligned/ablations/f1_gate_component_ablation_s2031_2035
noBeta,2035,A,0.1,random,5026,0.6850068775790922,0.5777479157164908,0.6437546286617063,0.5106382978723404,0.1518987341772152,0.2341463414634146,0.6638523610264454,0.672063192489059,0.0,problem2_retrain_v2/results/aligned/ablations/f1_gate_component_ablation_s2031_2035
noBeta,2035,A,0.1,random,5027,0.6850068775790922,0.5802919548151887,0.6451137690669079,0.5102040816326531,0.1582278481012658,0.2415458937198067,0.6633997541046504,0.6722223880713989,0.0,problem2_retrain_v2/results/aligned/ablations/f1_gate_component_ablation_s2031_2035
noBeta,2035,A,0.1,random,5028,0.686382393397524,0.5811756555504095,0.6461048257525945,0.5208333333333334,0.1582278481012658,0.2427184466019417,0.6640399585086636,0.6717588934556473,0.0,problem2_retrain_v2/results/aligned/ablations/f1_gate_component_ablation_s2031_2035
noBeta,2035,A,0.2,random,5026,0.6836313617606602,0.5764212622332082,0.6424208922567682,0.5106382978723404,0.1518987341772152,0.2341463414634146,0.6646505803398008,0.6721630608657738,0.0,problem2_retrain_v2/results/aligned/ablations/f1_gate_component_ablation_s2031_2035
noBeta,2035,A,0.2,random,5027,0.6850068775790922,0.5777479157164908,0.6437546286617063,0.5106382978723404,0.1518987341772152,0.2341463414634146,0.6641173791794281,0.6722555157586219,0.0,problem2_retrain_v2/results/aligned/ablations/f1_gate_component_ablation_s2031_2035
noBeta,2035,A,0.2,random,5028,0.6822558459422283,0.5729692614275831,0.6400556358930419,0.5,0.1455696202531645,0.2254901960784313,0.6654476493637698,0.671560391105123,0.0,problem2_retrain_v2/results/aligned/ablations/f1_gate_component_ablation_s2031_2035
noBeta,2035,A,0.3,start,5026,0.6836313617606602,0.5771332830338467,0.6427906111326285,0.5,0.1518987341772152,0.233009708737864,0.6676226846600035,0.6710865906760682,0.0,problem2_retrain_v2/results/aligned/ablations/f1_gate_component_ablation_s2031_2035
noBeta,2035,A,0.3,middle,5026,0.6808803301237965,0.572364076733817,0.6390978392307712,0.4893617021276595,0.1455696202531645,0.224390243902439,0.6677509416699129,0.6706512013335005,0.0,problem2_retrain_v2/results/aligned/ablations/f1_gate_component_ablation_s2031_2035
noBeta,2035,A,0.3,end,5026,0.6808803301237965,0.5697427148804347,0.6376886780956885,0.4888888888888889,0.1392405063291139,0.2167487684729064,0.666469379683425,0.672072625763407,0.0,problem2_retrain_v2/results/aligned/ablations/f1_gate_component_ablation_s2031_2035
noBeta,2035,A,0.3,random,5026,0.6822558459422283,0.573223143092907,0.6400724689722698,0.5,0.1455696202531645,0.2254901960784313,0.6674789763014631,0.6711032182392975,0.0,problem2_retrain_v2/results/aligned/ablations/f1_gate_component_ablation_s2031_2035
noBeta,2035,A,0.3,random,5027,0.6822558459422283,0.5732814223793128,0.6398478339238721,0.5111111111111111,0.1455696202531645,0.2266009852216748,0.667578916052957,0.6713275020456992,0.0,problem2_retrain_v2/results/aligned/ablations/f1_gate_component_ablation_s2031_2035
noBeta,2035,A,0.3,random,5028,0.6808803301237965,0.5697427148804347,0.6376886780956885,0.4888888888888889,0.1392405063291139,0.2167487684729064,0.6683780842184195,0.6705293606712283,0.0,problem2_retrain_v2/results/aligned/ablations/f1_gate_component_ablation_s2031_2035
noBeta,2035,A,0.4,random,5026,0.6822558459422283,0.573223143092907,0.6400724689722698,0.5,0.1455696202531645,0.2254901960784313,0.6681849864652158,0.6709188891028254,0.0,problem2_retrain_v2/results/aligned/ablations/f1_gate_component_ablation_s2031_2035
noBeta,2035,A,0.4,random,5027,0.6822558459422283,0.573223143092907,0.6400724689722698,0.5,0.1455696202531645,0.2254901960784313,0.6678671753678351,0.6713416174852844,0.0,problem2_retrain_v2/results/aligned/ablations/f1_gate_component_ablation_s2031_2035
noBeta,2035,A,0.4,random,5028,0.6808803301237965,0.5697427148804347,0.6376886780956885,0.4888888888888889,0.1392405063291139,0.2167487684729064,0.66886108810407,0.6705382593106112,0.0,problem2_retrain_v2/results/aligned/ablations/f1_gate_component_ablation_s2031_2035
noBeta,2035,A,0.5,random,5026,0.6836313617606602,0.5766778420842971,0.6424400301136577,0.5106382978723404,0.1518987341772152,0.2341463414634146,0.6687929330969492,0.6706444532157447,0.0,problem2_retrain_v2/results/aligned/ablations/f1_gate_component_ablation_s2031_2035
noBeta,2035,A,0.5,random,5027,0.6822558459422283,0.573223143092907,0.6400724689722698,0.5,0.1455696202531645,0.2254901960784313,0.668212213754836,0.6713804024544825,0.0,problem2_retrain_v2/results/aligned/ablations/f1_gate_component_ablation_s2031_2035
noBeta,2035,A,0.5,random,5028,0.6808803301237965,0.5697427148804347,0.6376886780956885,0.4888888888888889,0.1392405063291139,0.2167487684729064,0.6696012550395094,0.670370086871736,0.0,problem2_retrain_v2/results/aligned/ablations/f1_gate_component_ablation_s2031_2035
noBeta,2035,V,0.1,random,5026,0.686382393397524,0.5835125667314528,0.6472135903163015,0.5306122448979592,0.1645569620253164,0.251207729468599,0.663103818729831,0.6718247466536087,0.0,problem2_retrain_v2/results/aligned/ablations/f1_gate_component_ablation_s2031_2035
noBeta,2035,V,0.1,random,5027,0.686382393397524,0.5835125667314528,0.6472135903163015,0.5306122448979592,0.1645569620253164,0.251207729468599,0.6635148964013834,0.6718202231522931,0.0,problem2_retrain_v2/results/aligned/ablations/f1_gate_component_ablation_s2031_2035
noBeta,2035,V,0.1,random,5028,0.686382393397524,0.5835125667314528,0.6472135903163015,0.5306122448979592,0.1645569620253164,0.251207729468599,0.6630887783346312,0.671963566257446,0.0,problem2_retrain_v2/results/aligned/ablations/f1_gate_component_ablation_s2031_2035
noBeta,2035,V,0.2,random,5026,0.687757909215956,0.584411901505102,0.648214840309024,0.5416666666666666,0.1645569620253164,0.2524271844660194,0.6631943710588153,0.6718623494212392,0.0,problem2_retrain_v2/results/aligned/ablations/f1_gate_component_ablation_s2031_2035
noBeta,2035,V,0.2,random,5027,0.687757909215956,0.584411901505102,0.648214840309024,0.5416666666666666,0.1645569620253164,0.2524271844660194,0.6636457917421293,0.6718777063050697,0.0,problem2_retrain_v2/results/aligned/ablations/f1_gate_component_ablation_s2031_2035
noBeta,2035,V,0.2,random,5028,0.687757909215956,0.584411901505102,0.648214840309024,0.5416666666666666,0.1645569620253164,0.2524271844660194,0.6631158499782366,0.6721165992164819,0.0,problem2_retrain_v2/results/aligned/ablations/f1_gate_component_ablation_s2031_2035
noBeta,2035,V,0.3,start,5026,0.687757909215956,0.584411901505102,0.648214840309024,0.5416666666666666,0.1645569620253164,0.2524271844660194,0.662948504252094,0.6726284109384931,0.0,problem2_retrain_v2/results/aligned/ablations/f1_gate_component_ablation_s2031_2035
noBeta,2035,V,0.3,middle,5026,0.687757909215956,0.584411901505102,0.648214840309024,0.5416666666666666,0.1645569620253164,0.2524271844660194,0.6628014928943001,0.6725761213963803,0.0,problem2_retrain_v2/results/aligned/ablations/f1_gate_component_ablation_s2031_2035
noBeta,2035,V,0.3,end,5026,0.686382393397524,0.5835125667314528,0.6472135903163015,0.5306122448979592,0.1645569620253164,0.251207729468599,0.6630320957781554,0.6721991428615501,0.0,problem2_retrain_v2/results/aligned/ablations/f1_gate_component_ablation_s2031_2035
noBeta,2035,V,0.3,random,5026,0.687757909215956,0.584411901505102,0.648214840309024,0.5416666666666666,0.1645569620253164,0.2524271844660194,0.6629962698073947,0.6721816538838067,0.0,problem2_retrain_v2/results/aligned/ablations/f1_gate_component_ablation_s2031_2035
noBeta,2035,V,0.3,random,5027,0.687757909215956,0.584411901505102,0.648214840309024,0.5416666666666666,0.1645569620253164,0.2524271844660194,0.6634696883190322,0.6721553389656845,0.0,problem2_retrain_v2/results/aligned/ablations/f1_gate_component_ablation_s2031_2035
noBeta,2035,V,0.3,random,5028,0.687757909215956,0.584411901505102,0.648214840309024,0.5416666666666666,0.1645569620253164,0.2524271844660194,0.6630248999392631,0.6723995256933916,0.0,problem2_retrain_v2/results/aligned/ablations/f1_gate_component_ablation_s2031_2035
noBeta,2035,V,0.4,random,5026,0.686382393397524,0.5836057749432318,0.6470106402454875,0.5416666666666666,0.1645569620253164,0.2524271844660194,0.6639000391328727,0.6721198275745219,0.0,problem2_retrain_v2/results/aligned/ablations/f1_gate_component_ablation_s2031_2035
noBeta,2035,V,0.4,random,5027,0.686382393397524,0.5835125667314528,0.6472135903163015,0.5306122448979592,0.1645569620253164,0.251207729468599,0.6639374558903427,0.6720995525172326,0.0,problem2_retrain_v2/results/aligned/ablations/f1_gate_component_ablation_s2031_2035
noBeta,2035,V,0.4,random,5028,0.686382393397524,0.5835125667314528,0.6472135903163015,0.5306122448979592,0.1645569620253164,0.251207729468599,0.6636351482005391,0.6723577644681529,0.0,problem2_retrain_v2/results/aligned/ablations/f1_gate_component_ablation_s2031_2035
noBeta,2035,V,0.5,random,5026,0.686382393397524,0.5836057749432318,0.6470106402454875,0.5416666666666666,0.1645569620253164,0.2524271844660194,0.6638826368523817,0.6723209649790572,0.0,problem2_retrain_v2/results/aligned/ablations/f1_gate_component_ablation_s2031_2035
noBeta,2035,V,0.5,random,5027,0.6850068775790922,0.5804516730492101,0.6446910988605973,0.5319148936170213,0.1582278481012658,0.2439024390243902,0.6648585315518211,0.6721673323396533,0.0,problem2_retrain_v2/results/aligned/ablations/f1_gate_component_ablation_s2031_2035
noBeta,2035,V,0.5,random,5028,0.686382393397524,0.5836057749432318,0.6470106402454875,0.5416666666666666,0.1645569620253164,0.2524271844660194,0.6641097601869933,0.6724081549420488,0.0,problem2_retrain_v2/results/aligned/ablations/f1_gate_component_ablation_s2031_2035
noBeta,2035,TA,0.3,start,5026,0.6506189821182944,0.522718875494489,0.5977144339700143,0.5,0.0949367088607595,0.1595744680851064,0.6913946448748554,0.6279658377921808,0.0,problem2_retrain_v2/results/aligned/ablations/f1_gate_component_ablation_s2031_2035
noBeta,2035,TA,0.3,middle,5026,0.6368638239339752,0.5074741007514117,0.5817181309604413,0.4482758620689655,0.0822784810126582,0.1390374331550802,0.7216104637377213,0.6012672142687127,0.0,problem2_retrain_v2/results/aligned/ablations/f1_gate_component_ablation_s2031_2035
noBeta,2035,TA,0.3,end,5026,0.6272352132049519,0.4927104959630911,0.5708165042859931,0.3793103448275862,0.0696202531645569,0.1176470588235294,0.7335556788377059,0.5622380541132961,0.0,problem2_retrain_v2/results/aligned/ablations/f1_gate_component_ablation_s2031_2035
noBeta,2035,TA,0.3,random,5026,0.640990371389271,0.5001733705582486,0.5790490608329545,0.5263157894736842,0.0632911392405063,0.1129943502824858,0.7089882978363079,0.6063517688988445,0.0,problem2_retrain_v2/results/aligned/ablations/f1_gate_component_ablation_s2031_2035
noBeta,2035,TA,0.3,random,5027,0.6368638239339752,0.5047635380402783,0.5815467302785233,0.34375,0.0696202531645569,0.1157894736842105,0.7185871151952863,0.5995650314015452,0.0,problem2_retrain_v2/results/aligned/ablations/f1_gate_component_ablation_s2031_2035
noBeta,2035,TA,0.3,random,5028,0.6272352132049519,0.4898521057202633,0.5686118372857646,0.36,0.0569620253164556,0.0983606557377049,0.7307335338758643,0.5921808430917498,0.0,problem2_retrain_v2/results/aligned/ablations/f1_gate_component_ablation_s2031_2035
noBeta,2035,TV,0.3,start,5026,0.6492434662998624,0.51909036958934,0.5946015844523999,0.5185185185185185,0.0886075949367088,0.1513513513513513,0.6908894997772377,0.6288531809494782,0.0,problem2_retrain_v2/results/aligned/ablations/f1_gate_component_ablation_s2031_2035
noBeta,2035,TV,0.3,middle,5026,0.6368638239339752,0.5070513626035051,0.5814828165798284,0.4482758620689655,0.0822784810126582,0.1390374331550802,0.718610006319239,0.6033823563452141,0.0,problem2_retrain_v2/results/aligned/ablations/f1_gate_component_ablation_s2031_2035
noBeta,2035,TV,0.3,end,5026,0.624484181568088,0.4883764985495089,0.5673434602566505,0.3448275862068966,0.0632911392405063,0.106951871657754,0.7319515744224517,0.5625388355406361,0.0,problem2_retrain_v2/results/aligned/ablations/f1_gate_component_ablation_s2031_2035
noBeta,2035,TV,0.3,random,5026,0.640990371389271,0.500104466468971,0.578765978900153,0.5555555555555556,0.0632911392405063,0.1136363636363636,0.7081261759141687,0.6062196571231518,0.0,problem2_retrain_v2/results/aligned/ablations/f1_gate_component_ablation_s2031_2035
noBeta,2035,TV,0.3,random,5027,0.6327372764786795,0.5012803843635335,0.577770242362858,0.34375,0.0696202531645569,0.1157894736842105,0.7169497220403351,0.5979687290272501,0.0,problem2_retrain_v2/results/aligned/ablations/f1_gate_component_ablation_s2031_2035
noBeta,2035,TV,0.3,random,5028,0.6258596973865199,0.4890787105153136,0.5674565316563623,0.36,0.0569620253164556,0.0983606557377049,0.7273499673738987,0.592016191562544,0.0,problem2_retrain_v2/results/aligned/ablations/f1_gate_component_ablation_s2031_2035
noBeta,2035,AV,0.3,start,5026,0.6850068775790922,0.5780047935079509,0.6437735372658675,0.5106382978723404,0.1518987341772152,0.2341463414634146,0.6670290008248458,0.6719498791461864,0.0,problem2_retrain_v2/results/aligned/ablations/f1_gate_component_ablation_s2031_2035
noBeta,2035,AV,0.3,middle,5026,0.6850068775790922,0.5780047935079509,0.6437735372658675,0.5106382978723404,0.1518987341772152,0.2341463414634146,0.6665079085045714,0.6715187591950282,0.0,problem2_retrain_v2/results/aligned/ablations/f1_gate_component_ablation_s2031_2035
noBeta,2035,AV,0.3,end,5026,0.6836313617606602,0.5771332830338467,0.6427906111326285,0.5,0.1518987341772152,0.233009708737864,0.6656150532982558,0.6725373885242616,0.0,problem2_retrain_v2/results/aligned/ablations/f1_gate_component_ablation_s2031_2035
noBeta,2035,AV,0.3,random,5026,0.6850068775790922,0.5780047935079509,0.6437735372658675,0.5106382978723404,0.1518987341772152,0.2341463414634146,0.6665751268688137,0.6715455888464805,0.0,problem2_retrain_v2/results/aligned/ablations/f1_gate_component_ablation_s2031_2035
noBeta,2035,AV,0.3,random,5027,0.6850068775790922,0.5780746482238589,0.6435558149550186,0.5217391304347826,0.1518987341772152,0.2352941176470588,0.667273208225183,0.6717393125312895,0.0,problem2_retrain_v2/results/aligned/ablations/f1_gate_component_ablation_s2031_2035
noBeta,2035,AV,0.3,random,5028,0.6850068775790922,0.5780047935079509,0.6437735372658675,0.5106382978723404,0.1518987341772152,0.2341463414634146,0.6673696918584378,0.6711517440980989,0.0,problem2_retrain_v2/results/aligned/ablations/f1_gate_component_ablation_s2031_2035
noBeta,2035,TAV,0.3,start,5026,0.6519944979367263,0.5262649747852691,0.6000264711967404,0.5333333333333333,0.1012658227848101,0.1702127659574468,0.6898585442175007,0.6298249573938413,0.0,problem2_retrain_v2/results/aligned/ablations/f1_gate_component_ablation_s2031_2035
noBeta,2035,TAV,0.3,middle,5026,0.6368638239339752,0.5074741007514117,0.5817181309604413,0.4482758620689655,0.0822784810126582,0.1390374331550802,0.7207948806999249,0.602197029170116,0.0,problem2_retrain_v2/results/aligned/ablations/f1_gate_component_ablation_s2031_2035
noBeta,2035,TAV,0.3,end,5026,0.6258596973865199,0.492176044158467,0.5696868388249923,0.3793103448275862,0.0696202531645569,0.1176470588235294,0.7323876068896178,0.5638437139792521,0.0,problem2_retrain_v2/results/aligned/ablations/f1_gate_component_ablation_s2031_2035
noBeta,2035,TAV,0.3,random,5026,0.6423658872077029,0.5039906412494221,0.5817765990477743,0.55,0.0696202531645569,0.1235955056179775,0.7079358334204829,0.6070618367948152,0.0,problem2_retrain_v2/results/aligned/ablations/f1_gate_component_ablation_s2031_2035
noBeta,2035,TAV,0.3,random,5027,0.6341127922971114,0.5029596454886384,0.5792046593624318,0.34375,0.0696202531645569,0.1157894736842105,0.717847324227212,0.5999878731551395,0.0,problem2_retrain_v2/results/aligned/ablations/f1_gate_component_ablation_s2031_2035
noBeta,2035,TAV,0.3,random,5028,0.6272352132049519,0.4929578680119224,0.569852342351875,0.4,0.0632911392405063,0.1092896174863388,0.7296421297123322,0.5918391239795722,0.0,problem2_retrain_v2/results/aligned/ablations/f1_gate_component_ablation_s2031_2035
noC,2035,none,0.0,none,0,0.6685006877579092,0.5541385179421989,0.6232791641193258,0.5405405405405406,0.1265822784810126,0.2051282051282051,0.6592223736803667,0.6370193932669181,0.0,problem2_retrain_v2/results/aligned/ablations/f1_gate_component_ablation_s2031_2035
noC,2035,T,0.1,random,5026,0.6836313617606602,0.5681032238001037,0.6375876570349579,0.5675675675675675,0.1329113924050632,0.2153846153846154,0.6684930523814362,0.632383179077773,0.0,problem2_retrain_v2/results/aligned/ablations/f1_gate_component_ablation_s2031_2035
noC,2035,T,0.1,random,5027,0.672627235213205,0.5632021467360899,0.6307048043502657,0.5348837209302325,0.1455696202531645,0.2288557213930348,0.6792645713741865,0.6017357007802978,0.0,problem2_retrain_v2/results/aligned/ablations/f1_gate_component_ablation_s2031_2035
noC,2035,T,0.1,random,5028,0.657496561210454,0.5510554708725857,0.6174321258882535,0.5,0.1455696202531645,0.2254901960784313,0.684515614221272,0.6108899927088267,0.0,problem2_retrain_v2/results/aligned/ablations/f1_gate_component_ablation_s2031_2035
noC,2035,T,0.2,random,5026,0.6657496561210454,0.5601503853931039,0.6262560831543618,0.5,0.1518987341772152,0.233009708737864,0.6990858159652517,0.5798047579600869,0.0,problem2_retrain_v2/results/aligned/ablations/f1_gate_component_ablation_s2031_2035
noC,2035,T,0.2,random,5027,0.657496561210454,0.5561674685802364,0.6198810550023851,0.5,0.1582278481012658,0.2403846153846154,0.7066584416439678,0.5756205900917202,0.0,problem2_retrain_v2/results/aligned/ablations/f1_gate_component_ablation_s2031_2035
noC,2035,T,0.2,random,5028,0.6464924346629987,0.5423242193944434,0.6076065750518929,0.5333333333333333,0.1518987341772152,0.2364532019704433,0.7123538933307719,0.5784771645706106,0.0,problem2_retrain_v2/results/aligned/ablations/f1_gate_component_ablation_s2031_2035
noC,2035,T,0.3,start,5026,0.656121045392022,0.5500805427634696,0.6168584795283222,0.5106382978723404,0.1518987341772152,0.2341463414634146,0.7176151432990945,0.5798119762623359,0.0,problem2_retrain_v2/results/aligned/ablations/f1_gate_component_ablation_s2031_2035
noC,2035,T,0.3,middle,5026,0.6382393397524071,0.5326816861868292,0.5987553804060399,0.5,0.1455696202531645,0.2254901960784313,0.7262607834808672,0.5573253652505077,0.0,problem2_retrain_v2/results/aligned/ablations/f1_gate_component_ablation_s2031_2035
noC,2035,T,0.3,end,5026,0.6341127922971114,0.5319851009513173,0.5970685780489202,0.4509803921568627,0.1455696202531645,0.2200956937799043,0.7444217794118954,0.5249994708268402,0.0,problem2_retrain_v2/results/aligned/ablations/f1_gate_component_ablation_s2031_2035
noC,2035,T,0.3,random,5026,0.6588720770288858,0.5607932040858871,0.6227325279812951,0.54,0.170886075949367,0.2596153846153846,0.7184186100006166,0.5643537288892809,0.0,problem2_retrain_v2/results/aligned/ablations/f1_gate_component_ablation_s2031_2035
noC,2035,T,0.3,random,5027,0.6327372764786795,0.532269894914214,0.5968454033346,0.4363636363636363,0.1518987341772152,0.2253521126760563,0.7373853238840534,0.5436042921279876,0.0,problem2_retrain_v2/results/aligned/ablations/f1_gate_component_ablation_s2031_2035
noC,2035,T,0.3,random,5028,0.6299862448418156,0.5289808230984702,0.5932831793176481,0.4423076923076923,0.1455696202531645,0.219047619047619,0.7361360724260445,0.5516653136028149,0.0,problem2_retrain_v2/results/aligned/ablations/f1_gate_component_ablation_s2031_2035
noC,2035,T,0.4,random,5026,0.6286107290233838,0.5243755367439578,0.5898832988484042,0.4705882352941176,0.1518987341772152,0.2296650717703349,0.7587712996342342,0.4996731874230142,0.0,problem2_retrain_v2/results/aligned/ablations/f1_gate_component_ablation_s2031_2035
noC,2035,T,0.4,random,5027,0.6189821182943603,0.521464837516682,0.585570554253227,0.3968253968253968,0.1582278481012658,0.2262443438914027,0.7635760720109872,0.4966349222601539,0.0,problem2_retrain_v2/results/aligned/ablations/f1_gate_component_ablation_s2031_2035
noC,2035,T,0.4,random,5028,0.6011004126547456,0.4961688693877089,0.5625410974708077,0.42,0.1329113924050632,0.2019230769230769,0.7631154947834782,0.5002731206628789,0.0,problem2_retrain_v2/results/aligned/ablations/f1_gate_component_ablation_s2031_2035
noC,2035,T,0.5,random,5026,0.5955983493810179,0.4896857270088402,0.5562359104835455,0.4259259259259259,0.1455696202531645,0.2169811320754717,0.7928641246338195,0.4425388861503975,0.0,problem2_retrain_v2/results/aligned/ablations/f1_gate_component_ablation_s2031_2035
noC,2035,T,0.5,random,5027,0.6134800550206327,0.524126178121688,0.5835420107683954,0.4202898550724637,0.1835443037974683,0.2555066079295154,0.7861261994135255,0.4649615877501712,0.0,problem2_retrain_v2/results/aligned/ablations/f1_gate_component_ablation_s2031_2035
noC,2035,T,0.5,random,5028,0.609353507565337,0.511187572459841,0.5732822919517464,0.4561403508771929,0.1645569620253164,0.241860465116279,0.7882880848857537,0.4578819017021339,0.0,problem2_retrain_v2/results/aligned/ablations/f1_gate_component_ablation_s2031_2035
noC,2035,A,0.1,random,5026,0.6698762035763411,0.5572581265241608,0.6260050480818642,0.5384615384615384,0.1329113924050632,0.2131979695431472,0.6599942475492355,0.6371567943500003,0.0,problem2_retrain_v2/results/aligned/ablations/f1_gate_component_ablation_s2031_2035
noC,2035,A,0.1,random,5027,0.6698762035763411,0.5573046212003051,0.6257692754419867,0.5526315789473685,0.1329113924050632,0.2142857142857142,0.6596132496845785,0.6373039058771606,0.0,problem2_retrain_v2/results/aligned/ablations/f1_gate_component_ablation_s2031_2035
noC,2035,A,0.1,random,5028,0.671251719394773,0.5581246294003871,0.6269942120379826,0.5526315789473685,0.1329113924050632,0.2142857142857142,0.6597583020255027,0.637285327788114,0.0,problem2_retrain_v2/results/aligned/ablations/f1_gate_component_ablation_s2031_2035
noC,2035,A,0.2,random,5026,0.6698762035763411,0.5572581265241608,0.6260050480818642,0.5384615384615384,0.1329113924050632,0.2131979695431472,0.6602638840261715,0.6371363554097748,0.0,problem2_retrain_v2/results/aligned/ablations/f1_gate_component_ablation_s2031_2035
noC,2035,A,0.2,random,5027,0.671251719394773,0.5581746121071963,0.6267605193219153,0.5675675675675675,0.1329113924050632,0.2153846153846154,0.6592749551326159,0.6377399157559752,0.0,problem2_retrain_v2/results/aligned/ablations/f1_gate_component_ablation_s2031_2035
noC,2035,A,0.2,random,5028,0.671251719394773,0.5581246294003871,0.6269942120379826,0.5526315789473685,0.1329113924050632,0.2142857142857142,0.6601987965214042,0.6369987350349469,0.0,problem2_retrain_v2/results/aligned/ablations/f1_gate_component_ablation_s2031_2035
noC,2035,A,0.3,start,5026,0.6698762035763411,0.5572581265241608,0.6260050480818642,0.5384615384615384,0.1329113924050632,0.2131979695431472,0.6597293307871439,0.6370049649363905,0.0,problem2_retrain_v2/results/aligned/ablations/f1_gate_component_ablation_s2031_2035
noC,2035,A,0.3,middle,5026,0.6698762035763411,0.5572581265241608,0.6260050480818642,0.5384615384615384,0.1329113924050632,0.2131979695431472,0.6608933563965956,0.635852334584655,0.0,problem2_retrain_v2/results/aligned/ablations/f1_gate_component_ablation_s2031_2035
noC,2035,A,0.3,end,5026,0.6698762035763411,0.5549941997789177,0.6242606890859386,0.5555555555555556,0.1265822784810126,0.2061855670103092,0.6613502468988235,0.6378078412859723,0.0,problem2_retrain_v2/results/aligned/ablations/f1_gate_component_ablation_s2031_2035
noC,2035,A,0.3,random,5026,0.6698762035763411,0.5572581265241608,0.6260050480818642,0.5384615384615384,0.1329113924050632,0.2131979695431472,0.6608474935660026,0.6367297124636594,0.0,problem2_retrain_v2/results/aligned/ablations/f1_gate_component_ablation_s2031_2035
noC,2035,A,0.3,random,5027,0.6698762035763411,0.5573046212003051,0.6257692754419867,0.5526315789473685,0.1329113924050632,0.2142857142857142,0.659927643403002,0.6372584154666161,0.0,problem2_retrain_v2/results/aligned/ablations/f1_gate_component_ablation_s2031_2035
noC,2035,A,0.3,random,5028,0.671251719394773,0.5581246294003871,0.6269942120379826,0.5526315789473685,0.1329113924050632,0.2142857142857142,0.660764312829398,0.6367180645852424,0.0,problem2_retrain_v2/results/aligned/ablations/f1_gate_component_ablation_s2031_2035
noC,2035,A,0.4,random,5026,0.6698762035763411,0.5572581265241608,0.6260050480818642,0.5384615384615384,0.1329113924050632,0.2131979695431472,0.6613241614486309,0.6362582537460846,0.0,problem2_retrain_v2/results/aligned/ablations/f1_gate_component_ablation_s2031_2035
noC,2035,A,0.4,random,5027,0.671251719394773,0.5581746121071963,0.6267605193219153,0.5675675675675675,0.1329113924050632,0.2153846153846154,0.6601622658626095,0.6373359816753977,0.0,problem2_retrain_v2/results/aligned/ablations/f1_gate_component_ablation_s2031_2035
noC,2035,A,0.4,random,5028,0.671251719394773,0.5581246294003871,0.6269942120379826,0.5526315789473685,0.1329113924050632,0.2142857142857142,0.6612637592772447,0.636505130259301,0.0,problem2_retrain_v2/results/aligned/ablations/f1_gate_component_ablation_s2031_2035
noC,2035,A,0.5,random,5026,0.671251719394773,0.5581246294003871,0.6269942120379826,0.5526315789473685,0.1329113924050632,0.2142857142857142,0.661609368098191,0.6360793022626039,0.0,problem2_retrain_v2/results/aligned/ablations/f1_gate_component_ablation_s2031_2035
noC,2035,A,0.5,random,5027,0.671251719394773,0.5581746121071963,0.6267605193219153,0.5675675675675675,0.1329113924050632,0.2153846153846154,0.6603838250588797,0.6371757726875569,0.0,problem2_retrain_v2/results/aligned/ablations/f1_gate_component_ablation_s2031_2035
noC,2035,A,0.5,random,5028,0.671251719394773,0.5581246294003871,0.6269942120379826,0.5526315789473685,0.1329113924050632,0.2142857142857142,0.6618543042814807,0.6358891983812206,0.0,problem2_retrain_v2/results/aligned/ablations/f1_gate_component_ablation_s2031_2035
noC,2035,V,0.1,random,5026,0.6685006877579092,0.5539368078693921,0.6233080465434453,0.5405405405405406,0.1265822784810126,0.2051282051282051,0.6591710891285035,0.6374805739984941,0.0,problem2_retrain_v2/results/aligned/ablations/f1_gate_component_ablation_s2031_2035
noC,2035,V,0.1,random,5027,0.6671251719394773,0.550740780198027,0.6207997250125655,0.5277777777777778,0.120253164556962,0.1958762886597938,0.6596360735095548,0.6374271597216877,0.0,problem2_retrain_v2/results/aligned/ablations/f1_gate_component_ablation_s2031_2035
noC,2035,V,0.1,random,5028,0.6671251719394773,0.5505382992023995,0.6208274558243282,0.5277777777777778,0.120253164556962,0.1958762886597938,0.6590153049432861,0.6375729600913633,0.0,problem2_retrain_v2/results/aligned/ablations/f1_gate_component_ablation_s2031_2035
noC,2035,V,0.2,random,5026,0.6685006877579092,0.5539368078693921,0.6233080465434453,0.5405405405405406,0.1265822784810126,0.2051282051282051,0.6587618847115875,0.6378216450580213,0.0,problem2_retrain_v2/results/aligned/ablations/f1_gate_component_ablation_s2031_2035
noC,2035,V,0.2,random,5027,0.6671251719394773,0.550740780198027,0.6207997250125655,0.5277777777777778,0.120253164556962,0.1958762886597938,0.6591949317278207,0.6378273606573764,0.0,problem2_retrain_v2/results/aligned/ablations/f1_gate_component_ablation_s2031_2035
noC,2035,V,0.2,random,5028,0.6685006877579092,0.5539368078693921,0.6233080465434453,0.5405405405405406,0.1265822784810126,0.2051282051282051,0.6581631989659442,0.6380275416077464,0.0,problem2_retrain_v2/results/aligned/ablations/f1_gate_component_ablation_s2031_2035
noC,2035,V,0.3,start,5026,0.6671251719394773,0.5505382992023995,0.6208274558243282,0.5277777777777778,0.120253164556962,0.1958762886597938,0.6581350119140247,0.6391238882452502,0.0,problem2_retrain_v2/results/aligned/ablations/f1_gate_component_ablation_s2031_2035
noC,2035,V,0.3,middle,5026,0.6671251719394773,0.5505382992023995,0.6208274558243282,0.5277777777777778,0.120253164556962,0.1958762886597938,0.6577008014774829,0.6392971586786653,0.0,problem2_retrain_v2/results/aligned/ablations/f1_gate_component_ablation_s2031_2035
noC,2035,V,0.3,end,5026,0.6671251719394773,0.553285196142339,0.6222981370358066,0.5263157894736842,0.1265822784810126,0.2040816326530612,0.6572854001142856,0.638745144725679,0.0,problem2_retrain_v2/results/aligned/ablations/f1_gate_component_ablation_s2031_2035
noC,2035,V,0.3,random,5026,0.6671251719394773,0.5505382992023995,0.6208274558243282,0.5277777777777778,0.120253164556962,0.1958762886597938,0.6581100002537803,0.6386401282293693,0.0,problem2_retrain_v2/results/aligned/ablations/f1_gate_component_ablation_s2031_2035
noC,2035,V,0.3,random,5027,0.6685006877579092,0.5541385179421989,0.6232791641193258,0.5405405405405406,0.1265822784810126,0.2051282051282051,0.6578588845684232,0.6387719287923666,0.0,problem2_retrain_v2/results/aligned/ablations/f1_gate_component_ablation_s2031_2035
noC,2035,V,0.3,random,5028,0.6685006877579092,0.5539368078693921,0.6233080465434453,0.5405405405405406,0.1265822784810126,0.2051282051282051,0.6574192326123097,0.6388242219151009,0.0,problem2_retrain_v2/results/aligned/ablations/f1_gate_component_ablation_s2031_2035
noC,2035,V,0.4,random,5026,0.6685006877579092,0.5564371084617634,0.6247786029432623,0.5384615384615384,0.1329113924050632,0.2131979695431472,0.6568850374040616,0.6393535575933726,0.0,problem2_retrain_v2/results/aligned/ablations/f1_gate_component_ablation_s2031_2035
noC,2035,V,0.4,random,5027,0.6685006877579092,0.5564371084617634,0.6247786029432623,0.5384615384615384,0.1329113924050632,0.2131979695431472,0.6570937798210156,0.6392369027375021,0.0,problem2_retrain_v2/results/aligned/ablations/f1_gate_component_ablation_s2031_2035
noC,2035,V,0.4,random,5028,0.6685006877579092,0.5564371084617634,0.6247786029432623,0.5384615384615384,0.1329113924050632,0.2131979695431472,0.656837306050515,0.6393942850230421,0.0,problem2_retrain_v2/results/aligned/ablations/f1_gate_component_ablation_s2031_2035
noC,2035,V,0.5,random,5026,0.6671251719394773,0.555572012957125,0.6237884582335477,0.525,0.1329113924050632,0.2121212121212121,0.6563978531069652,0.6399111373422061,0.0,problem2_retrain_v2/results/aligned/ablations/f1_gate_component_ablation_s2031_2035
noC,2035,V,0.5,random,5027,0.6671251719394773,0.555572012957125,0.6237884582335477,0.525,0.1329113924050632,0.2121212121212121,0.6563500085778696,0.6398264221051481,0.0,problem2_retrain_v2/results/aligned/ablations/f1_gate_component_ablation_s2031_2035
noC,2035,V,0.5,random,5028,0.6671251719394773,0.555572012957125,0.6237884582335477,0.525,0.1329113924050632,0.2121212121212121,0.6563695356893898,0.6399888411528433,0.0,problem2_retrain_v2/results/aligned/ablations/f1_gate_component_ablation_s2031_2035
noC,2035,TA,0.3,start,5026,0.6602475928473177,0.5595988944917667,0.6239537775624323,0.5294117647058824,0.170886075949367,0.2583732057416268,0.7166064723055566,0.5813179953919063,0.0,problem2_retrain_v2/results/aligned/ablations/f1_gate_component_ablation_s2031_2035
noC,2035,TA,0.3,middle,5026,0.6396148555708391,0.5352170727239421,0.6013787158643916,0.5,0.1518987341772152,0.233009708737864,0.7265288889733196,0.5566773131153767,0.0,problem2_retrain_v2/results/aligned/ablations/f1_gate_component_ablation_s2031_2035
noC,2035,TA,0.3,end,5026,0.6327372764786795,0.5270322767023883,0.5935450878759788,0.4375,0.1329113924050632,0.203883495145631,0.7445291649284813,0.5267517865001929,0.0,problem2_retrain_v2/results/aligned/ablations/f1_gate_component_ablation_s2031_2035
noC,2035,TA,0.3,random,5026,0.6533700137551581,0.550574769417196,0.6146148728957427,0.5106382978723404,0.1518987341772152,0.2341463414634146,0.7198639146955673,0.5630761986113816,0.0,problem2_retrain_v2/results/aligned/ablations/f1_gate_component_ablation_s2031_2035
noC,2035,TA,0.3,random,5027,0.6313617606602476,0.5312042605092087,0.5958697742513692,0.4285714285714285,0.1518987341772152,0.2242990654205607,0.736416339133076,0.5458996507382915,0.0,problem2_retrain_v2/results/aligned/ablations/f1_gate_component_ablation_s2031_2035
noC,2035,TA,0.3,random,5028,0.6286107290233838,0.5235492812184624,0.5894246191997901,0.4375,0.1329113924050632,0.203883495145631,0.7365194252298253,0.5515928746958346,0.0,problem2_retrain_v2/results/aligned/ablations/f1_gate_component_ablation_s2031_2035
noC,2035,TV,0.3,start,5026,0.656121045392022,0.5551179925195289,0.6196024707348923,0.5098039215686274,0.1645569620253164,0.2488038277511961,0.7153940220497017,0.5851979168802912,0.0,problem2_retrain_v2/results/aligned/ablations/f1_gate_component_ablation_s2031_2035
noC,2035,TV,0.3,middle,5026,0.6368638239339752,0.5318775044417549,0.5975540855296291,0.5,0.1455696202531645,0.2254901960784313,0.7257220271654983,0.5610634810848457,0.0,problem2_retrain_v2/results/aligned/ablations/f1_gate_component_ablation_s2031_2035
noC,2035,TV,0.3,end,5026,0.6327372764786795,0.5311192194913125,0.5960692107584402,0.4423076923076923,0.1455696202531645,0.219047619047619,0.7433056375732496,0.5280020526857856,0.0,problem2_retrain_v2/results/aligned/ablations/f1_gate_component_ablation_s2031_2035
noC,2035,TV,0.3,random,5026,0.657496561210454,0.5600922640587948,0.6213335270016093,0.5510204081632653,0.170886075949367,0.2608695652173913,0.7178056777249654,0.5664263213330418,0.0,problem2_retrain_v2/results/aligned/ablations/f1_gate_component_ablation_s2031_2035
noC,2035,TV,0.3,random,5027,0.6327372764786795,0.532269894914214,0.5968454033346,0.4363636363636363,0.1518987341772152,0.2253521126760563,0.7353626376044318,0.5465968102600034,0.0,problem2_retrain_v2/results/aligned/ablations/f1_gate_component_ablation_s2031_2035
noC,2035,TV,0.3,random,5028,0.6286107290233838,0.5282706136409523,0.5924666848247438,0.4339622641509434,0.1455696202531645,0.2180094786729857,0.7340698028728786,0.5541279520094741,0.0,problem2_retrain_v2/results/aligned/ablations/f1_gate_component_ablation_s2031_2035
noC,2035,AV,0.3,start,5026,0.6698762035763411,0.5597054491489212,0.6274419813956206,0.5365853658536586,0.1392405063291139,0.2211055276381909,0.6574193304180252,0.639387933376834,0.0,problem2_retrain_v2/results/aligned/ablations/f1_gate_component_ablation_s2031_2035
noC,2035,AV,0.3,middle,5026,0.6698762035763411,0.5572581265241608,0.6260050480818642,0.5384615384615384,0.1329113924050632,0.2131979695431472,0.6585735042457167,0.6381547378796124,0.0,problem2_retrain_v2/results/aligned/ablations/f1_gate_component_ablation_s2031_2035
noC,2035,AV,0.3,end,5026,0.6685006877579092,0.5566382780030298,0.6247489130676258,0.5384615384615384,0.1329113924050632,0.2131979695431472,0.6585933899363473,0.6392718558260087,0.0,problem2_retrain_v2/results/aligned/ablations/f1_gate_component_ablation_s2031_2035
noC,2035,AV,0.3,random,5026,0.6685006877579092,0.5563940433722503,0.6250164156349591,0.525,0.1329113924050632,0.2121212121212121,0.6587110229278103,0.6385368408992699,0.0,problem2_retrain_v2/results/aligned/ablations/f1_gate_component_ablation_s2031_2035
noC,2035,AV,0.3,random,5027,0.6698762035763411,0.5597610467392536,0.6272116833047797,0.55,0.1392405063291139,0.2222222222222222,0.6575833529487289,0.6391166304951684,0.0,problem2_retrain_v2/results/aligned/ablations/f1_gate_component_ablation_s2031_2035
noC,2035,AV,0.3,random,5028,0.6698762035763411,0.5597054491489212,0.6274419813956206,0.5365853658536586,0.1392405063291139,0.2211055276381909,0.6583454485715273,0.6380833947693567,0.0,problem2_retrain_v2/results/aligned/ablations/f1_gate_component_ablation_s2031_2035
noC,2035,TAV,0.3,start,5026,0.656121045392022,0.5525515190920003,0.618778278896366,0.4901960784313725,0.1582278481012658,0.2392344497607655,0.7148199870430909,0.5870044431202069,0.0,problem2_retrain_v2/results/aligned/ablations/f1_gate_component_ablation_s2031_2035
noC,2035,TAV,0.3,middle,5026,0.6368638239339752,0.5288898669201856,0.5964899762649031,0.4888888888888889,0.1392405063291139,0.2167487684729064,0.7252650557246771,0.5606766200785641,0.0,problem2_retrain_v2/results/aligned/ablations/f1_gate_component_ablation_s2031_2035
noC,2035,TAV,0.3,end,5026,0.6286107290233838,0.5216267973751574,0.5888687890007138,0.4166666666666667,0.1265822784810126,0.1941747572815534,0.744032651742873,0.528996792187121,0.0,problem2_retrain_v2/results/aligned/ablations/f1_gate_component_ablation_s2031_2035
noC,2035,TAV,0.3,random,5026,0.6533700137551581,0.5504369347284758,0.6144197747187222,0.5217391304347826,0.1518987341772152,0.2352941176470588,0.7185774887646292,0.5663688555946672,0.0,problem2_retrain_v2/results/aligned/ablations/f1_gate_component_ablation_s2031_2035
noC,2035,TAV,0.3,random,5027,0.6313617606602476,0.5310562012384321,0.5956723270399915,0.4363636363636363,0.1518987341772152,0.2253521126760563,0.7348382945393389,0.5480468053977705,0.0,problem2_retrain_v2/results/aligned/ablations/f1_gate_component_ablation_s2031_2035
noC,2035,TAV,0.3,random,5028,0.6286107290233838,0.5260346083244422,0.590942318554748,0.44,0.1392405063291139,0.2115384615384615,0.7340561188929733,0.5544784193391215,0.0,problem2_retrain_v2/results/aligned/ablations/f1_gate_component_ablation_s2031_2035
noQ,2035,none,0.0,none,0,0.6905089408528198,0.6114392533542595,0.665755872922793,0.547945205479452,0.2531645569620253,0.3463203463203463,0.6295520970485876,0.6852747042091497,0.0,problem2_retrain_v2/results/aligned/ablations/f1_gate_component_ablation_s2031_2035
noQ,2035,T,0.1,random,5026,0.6795048143053645,0.5882405253171138,0.6470048939593177,0.5714285714285714,0.2025316455696202,0.2990654205607476,0.6376172895696375,0.6779776552248732,0.0,problem2_retrain_v2/results/aligned/ablations/f1_gate_component_ablation_s2031_2035
noQ,2035,T,0.1,random,5027,0.6629986244841816,0.5687911096457565,0.6305507936340115,0.4754098360655737,0.1835443037974683,0.2648401826484018,0.6476031741807633,0.6551815527689228,0.0,problem2_retrain_v2/results/aligned/ablations/f1_gate_component_ablation_s2031_2035
noQ,2035,T,0.1,random,5028,0.6767537826685007,0.601071812651012,0.6522499578441484,0.6029411764705882,0.2594936708860759,0.3628318584070796,0.6440345813872448,0.6665025826852126,0.0,problem2_retrain_v2/results/aligned/ablations/f1_gate_component_ablation_s2031_2035
noQ,2035,T,0.2,random,5026,0.6767537826685007,0.5836354207180584,0.6441202140006697,0.5714285714285714,0.2025316455696202,0.2990654205607476,0.6583383449703657,0.6450259027119181,0.0,problem2_retrain_v2/results/aligned/ablations/f1_gate_component_ablation_s2031_2035
noQ,2035,T,0.2,random,5027,0.6629986244841816,0.575290704695579,0.6325341882107567,0.5245901639344263,0.2025316455696202,0.2922374429223744,0.6665692425026805,0.6357379204503001,0.0,problem2_retrain_v2/results/aligned/ablations/f1_gate_component_ablation_s2031_2035
noQ,2035,T,0.2,random,5028,0.6698762035763411,0.5917554735901495,0.6432092805707237,0.6129032258064516,0.240506329113924,0.3454545454545454,0.6631444739324515,0.6405586580697252,0.0,problem2_retrain_v2/results/aligned/ablations/f1_gate_component_ablation_s2031_2035
noQ,2035,T,0.3,start,5026,0.6643741403026134,0.5649502133015952,0.6282673432228374,0.5510204081632653,0.170886075949367,0.2608695652173913,0.6577243211347695,0.6517241904862904,0.0,problem2_retrain_v2/results/aligned/ablations/f1_gate_component_ablation_s2031_2035
noQ,2035,T,0.3,middle,5026,0.6341127922971114,0.5332687113241356,0.5978800937395126,0.4107142857142857,0.1455696202531645,0.2149532710280373,0.682602618347471,0.6214740011884956,0.0,problem2_retrain_v2/results/aligned/ablations/f1_gate_component_ablation_s2031_2035
noQ,2035,T,0.3,end,5026,0.6382393397524071,0.5434565432669721,0.6045339461338793,0.5,0.170886075949367,0.2547169811320754,0.706261174002199,0.5877886819961907,0.0,problem2_retrain_v2/results/aligned/ablations/f1_gate_component_ablation_s2031_2035
noQ,2035,T,0.3,random,5026,0.6629986244841816,0.5656068418051046,0.6275511183530653,0.58,0.1835443037974683,0.2788461538461538,0.67218459714897,0.6286697513712544,0.0,problem2_retrain_v2/results/aligned/ablations/f1_gate_component_ablation_s2031_2035
noQ,2035,T,0.3,random,5027,0.6382393397524071,0.5402231823381674,0.6033118272979521,0.4545454545454545,0.1582278481012658,0.2347417840375587,0.6853954063482723,0.6197504782250909,0.0,problem2_retrain_v2/results/aligned/ablations/f1_gate_component_ablation_s2031_2035
noQ,2035,T,0.3,random,5028,0.6354883081155434,0.532429816837613,0.5974879004461874,0.4489795918367347,0.1392405063291139,0.2125603864734299,0.6969674216353318,0.6091346810615287,0.0,problem2_retrain_v2/results/aligned/ablations/f1_gate_component_ablation_s2031_2035
noQ,2035,T,0.4,random,5026,0.6299862448418156,0.5273595293635543,0.593118147359312,0.4444444444444444,0.1518987341772152,0.2264150943396226,0.7065651532699425,0.5759041533085237,0.0,problem2_retrain_v2/results/aligned/ablations/f1_gate_component_ablation_s2031_2035
noQ,2035,T,0.4,random,5027,0.6368638239339752,0.5393389306638373,0.6017108346824412,0.4629629629629629,0.1582278481012658,0.2358490566037736,0.7128930691529307,0.5739729700754591,0.0,problem2_retrain_v2/results/aligned/ablations/f1_gate_component_ablation_s2031_2035
noQ,2035,T,0.4,random,5028,0.6217331499312242,0.5215926573768906,0.5858588091249588,0.4339622641509434,0.1455696202531645,0.2180094786729857,0.7141489628426139,0.5781465861615644,0.0,problem2_retrain_v2/results/aligned/ablations/f1_gate_component_ablation_s2031_2035
noQ,2035,T,0.5,random,5026,0.6176066024759285,0.507177974889819,0.5757078568897062,0.4651162790697674,0.1265822784810126,0.1990049751243781,0.7348786906951162,0.5388760941216997,0.0,problem2_retrain_v2/results/aligned/ablations/f1_gate_component_ablation_s2031_2035
noQ,2035,T,0.5,random,5027,0.6176066024759285,0.5160073836591453,0.5795555004711295,0.4782608695652174,0.1392405063291139,0.2156862745098039,0.733138069946862,0.5423708351044301,0.0,problem2_retrain_v2/results/aligned/ablations/f1_gate_component_ablation_s2031_2035
noQ,2035,T,0.5,random,5028,0.6341127922971114,0.5274035982552224,0.5934155640946149,0.5116279069767442,0.1392405063291139,0.2189054726368159,0.7261086782372671,0.562188424881841,0.0,problem2_retrain_v2/results/aligned/ablations/f1_gate_component_ablation_s2031_2035
noQ,2035,A,0.1,random,5026,0.6891334250343879,0.6087149821980007,0.6637038556985858,0.5416666666666666,0.2468354430379747,0.3391304347826087,0.631698728686701,0.6846314556729137,0.0,problem2_retrain_v2/results/aligned/ablations/f1_gate_component_ablation_s2031_2035
noQ,2035,A,0.1,random,5027,0.6891334250343879,0.6087149821980007,0.6637038556985858,0.5416666666666666,0.2468354430379747,0.3391304347826087,0.6313134357823289,0.6848650131142626,0.0,problem2_retrain_v2/results/aligned/ablations/f1_gate_component_ablation_s2031_2035
noQ,2035,A,0.1,random,5028,0.6891334250343879,0.6087149821980007,0.6637038556985858,0.5416666666666666,0.2468354430379747,0.3391304347826087,0.6319924208019905,0.6843622530324217,0.0,problem2_retrain_v2/results/aligned/ablations/f1_gate_component_ablation_s2031_2035
noQ,2035,A,0.2,random,5026,0.6891334250343879,0.6087149821980007,0.6637038556985858,0.5416666666666666,0.2468354430379747,0.3391304347826087,0.6319609604355721,0.6847893579674638,0.0,problem2_retrain_v2/results/aligned/ablations/f1_gate_component_ablation_s2031_2035
noQ,2035,A,0.2,random,5027,0.6891334250343879,0.6087149821980007,0.6637038556985858,0.5416666666666666,0.2468354430379747,0.3391304347826087,0.6316526200074031,0.684920190036403,0.0,problem2_retrain_v2/results/aligned/ablations/f1_gate_component_ablation_s2031_2035
noQ,2035,A,0.2,random,5028,0.6891334250343879,0.6087149821980007,0.6637038556985858,0.5416666666666666,0.2468354430379747,0.3391304347826087,0.6323452029297797,0.6842972724259598,0.0,problem2_retrain_v2/results/aligned/ablations/f1_gate_component_ablation_s2031_2035
noQ,2035,A,0.3,start,5026,0.6891334250343879,0.6087149821980007,0.6637038556985858,0.5416666666666666,0.2468354430379747,0.3391304347826087,0.6322134204664904,0.6848755112596087,0.0,problem2_retrain_v2/results/aligned/ablations/f1_gate_component_ablation_s2031_2035
noQ,2035,A,0.3,middle,5026,0.6891334250343879,0.6087149821980007,0.6637038556985858,0.5416666666666666,0.2468354430379747,0.3391304347826087,0.6324963647086926,0.6844137766193628,0.0,problem2_retrain_v2/results/aligned/ablations/f1_gate_component_ablation_s2031_2035
noQ,2035,A,0.3,end,5026,0.6891334250343879,0.6087149821980007,0.6637038556985858,0.5416666666666666,0.2468354430379747,0.3391304347826087,0.6312001116879445,0.6859143497018751,0.0,problem2_retrain_v2/results/aligned/ablations/f1_gate_component_ablation_s2031_2035
noQ,2035,A,0.3,random,5026,0.6891334250343879,0.6087149821980007,0.6637038556985858,0.5416666666666666,0.2468354430379747,0.3391304347826087,0.6322827445140731,0.6848403003555885,0.0,problem2_retrain_v2/results/aligned/ablations/f1_gate_component_ablation_s2031_2035
noQ,2035,A,0.3,random,5027,0.6891334250343879,0.6087149821980007,0.6637038556985858,0.5416666666666666,0.2468354430379747,0.3391304347826087,0.6317648764925907,0.6852097279875988,0.0,problem2_retrain_v2/results/aligned/ablations/f1_gate_component_ablation_s2031_2035
noQ,2035,A,0.3,random,5028,0.6891334250343879,0.6087149821980007,0.6637038556985858,0.5416666666666666,0.2468354430379747,0.3391304347826087,0.6326056624810112,0.6844145990229238,0.0,problem2_retrain_v2/results/aligned/ablations/f1_gate_component_ablation_s2031_2035
noQ,2035,A,0.4,random,5026,0.6905089408528198,0.6116624448859395,0.6657369625264549,0.547945205479452,0.2531645569620253,0.3463203463203463,0.6322892016668431,0.6848185672673668,0.0,problem2_retrain_v2/results/aligned/ablations/f1_gate_component_ablation_s2031_2035
noQ,2035,A,0.4,random,5027,0.6891334250343879,0.6087149821980007,0.6637038556985858,0.5416666666666666,0.2468354430379747,0.3391304347826087,0.632249584834344,0.685102226357837,0.0,problem2_retrain_v2/results/aligned/ablations/f1_gate_component_ablation_s2031_2035
noQ,2035,A,0.4,random,5028,0.6891334250343879,0.6087149821980007,0.6637038556985858,0.5416666666666666,0.2468354430379747,0.3391304347826087,0.6327949717840721,0.6845363761330263,0.0,problem2_retrain_v2/results/aligned/ablations/f1_gate_component_ablation_s2031_2035
noQ,2035,A,0.5,random,5026,0.6905089408528198,0.6116624448859395,0.6657369625264549,0.547945205479452,0.2531645569620253,0.3463203463203463,0.6326939034720235,0.6846553765686779,0.0,problem2_retrain_v2/results/aligned/ablations/f1_gate_component_ablation_s2031_2035
noQ,2035,A,0.5,random,5027,0.6891334250343879,0.6087149821980007,0.6637038556985858,0.5416666666666666,0.2468354430379747,0.3391304347826087,0.6323416605550245,0.6852549156517098,0.0,problem2_retrain_v2/results/aligned/ablations/f1_gate_component_ablation_s2031_2035
noQ,2035,A,0.5,random,5028,0.687757909215956,0.6057491561320751,0.6616592952911355,0.5352112676056338,0.240506329113924,0.3318777292576419,0.6338574712560544,0.6843629023816504,0.0,problem2_retrain_v2/results/aligned/ablations/f1_gate_component_ablation_s2031_2035
noQ,2035,V,0.1,random,5026,0.6905089408528198,0.6114392533542595,0.665755872922793,0.547945205479452,0.2531645569620253,0.3463203463203463,0.6296244788856736,0.6853731510733395,0.0,problem2_retrain_v2/results/aligned/ablations/f1_gate_component_ablation_s2031_2035
noQ,2035,V,0.1,random,5027,0.6905089408528198,0.6114392533542595,0.665755872922793,0.547945205479452,0.2531645569620253,0.3463203463203463,0.6298008853959811,0.6853489660065719,0.0,problem2_retrain_v2/results/aligned/ablations/f1_gate_component_ablation_s2031_2035
noQ,2035,V,0.1,random,5028,0.6905089408528198,0.6114392533542595,0.665755872922793,0.547945205479452,0.2531645569620253,0.3463203463203463,0.6295397724406169,0.6853848774326796,0.0,problem2_retrain_v2/results/aligned/ablations/f1_gate_component_ablation_s2031_2035
noQ,2035,V,0.2,random,5026,0.6905089408528198,0.6114392533542595,0.665755872922793,0.547945205479452,0.2531645569620253,0.3463203463203463,0.6299241073942005,0.6854037149123792,0.0,problem2_retrain_v2/results/aligned/ablations/f1_gate_component_ablation_s2031_2035
noQ,2035,V,0.2,random,5027,0.6905089408528198,0.6114392533542595,0.665755872922793,0.547945205479452,0.2531645569620253,0.3463203463203463,0.6300699094632691,0.6853993862532767,0.0,problem2_retrain_v2/results/aligned/ablations/f1_gate_component_ablation_s2031_2035
noQ,2035,V,0.2,random,5028,0.6905089408528198,0.6114392533542595,0.665755872922793,0.547945205479452,0.2531645569620253,0.3463203463203463,0.6297170586292923,0.685474923408432,0.0,problem2_retrain_v2/results/aligned/ablations/f1_gate_component_ablation_s2031_2035
noQ,2035,V,0.3,start,5026,0.6905089408528198,0.612804775127055,0.6664418708228778,0.5540540540540541,0.2594936708860759,0.3534482758620689,0.6296833555881534,0.6857177309194015,0.0,problem2_retrain_v2/results/aligned/ablations/f1_gate_component_ablation_s2031_2035
noQ,2035,V,0.3,middle,5026,0.6891334250343879,0.6101011646361346,0.664403324238795,0.547945205479452,0.2531645569620253,0.3463203463203463,0.6298171608321922,0.6857600427333369,0.0,problem2_retrain_v2/results/aligned/ablations/f1_gate_component_ablation_s2031_2035
noQ,2035,V,0.3,end,5026,0.6905089408528198,0.6114392533542595,0.665755872922793,0.547945205479452,0.2531645569620253,0.3463203463203463,0.6293698515479866,0.685796054474668,0.0,problem2_retrain_v2/results/aligned/ablations/f1_gate_component_ablation_s2031_2035
noQ,2035,V,0.3,random,5026,0.6891334250343879,0.6101011646361346,0.664403324238795,0.547945205479452,0.2531645569620253,0.3463203463203463,0.6300392084411682,0.6855740831170672,0.0,problem2_retrain_v2/results/aligned/ablations/f1_gate_component_ablation_s2031_2035
noQ,2035,V,0.3,random,5027,0.6905089408528198,0.6114392533542595,0.665755872922793,0.547945205479452,0.2531645569620253,0.3463203463203463,0.6300009252747659,0.6856290689428753,0.0,problem2_retrain_v2/results/aligned/ablations/f1_gate_component_ablation_s2031_2035
noQ,2035,V,0.3,random,5028,0.6891334250343879,0.6101011646361346,0.664403324238795,0.547945205479452,0.2531645569620253,0.3463203463203463,0.6298548182949136,0.6856034646012216,0.0,problem2_retrain_v2/results/aligned/ablations/f1_gate_component_ablation_s2031_2035
noQ,2035,V,0.4,random,5026,0.6891334250343879,0.6101011646361346,0.664403324238795,0.547945205479452,0.2531645569620253,0.3463203463203463,0.6301272432633677,0.6857130575446028,0.0,problem2_retrain_v2/results/aligned/ablations/f1_gate_component_ablation_s2031_2035
noQ,2035,V,0.4,random,5027,0.6918844566712518,0.6141436891196813,0.6677956523103262,0.5540540540540541,0.2594936708860759,0.3534482758620689,0.6296853010899568,0.6857352244862387,0.0,problem2_retrain_v2/results/aligned/ablations/f1_gate_component_ablation_s2031_2035
noQ,2035,V,0.4,random,5028,0.6891334250343879,0.6101011646361346,0.664403324238795,0.547945205479452,0.2531645569620253,0.3463203463203463,0.6301772709173039,0.6856883626932209,0.0,problem2_retrain_v2/results/aligned/ablations/f1_gate_component_ablation_s2031_2035
noQ,2035,V,0.5,random,5026,0.6905089408528198,0.612804775127055,0.6664418708228778,0.5540540540540541,0.2594936708860759,0.3534482758620689,0.6300572327160838,0.6858080868707459,0.0,problem2_retrain_v2/results/aligned/ablations/f1_gate_component_ablation_s2031_2035
noQ,2035,V,0.5,random,5027,0.6918844566712518,0.6154888162442888,0.668468353012005,0.56,0.2658227848101265,0.3605150214592275,0.6297820424818074,0.6857298737087113,0.0,problem2_retrain_v2/results/aligned/ablations/f1_gate_component_ablation_s2031_2035
noQ,2035,V,0.5,random,5028,0.6932599724896836,0.6183740114985015,0.6704606436527495,0.5657894736842105,0.2721518987341772,0.3675213675213675,0.6295770556352845,0.6858364462255444,0.0,problem2_retrain_v2/results/aligned/ablations/f1_gate_component_ablation_s2031_2035
noQ,2035,TA,0.3,start,5026,0.6643741403026134,0.5647522957591607,0.6286721835006532,0.5294117647058824,0.170886075949367,0.2583732057416268,0.6569672670215695,0.6537496318589966,0.0,problem2_retrain_v2/results/aligned/ablations/f1_gate_component_ablation_s2031_2035
noQ,2035,TA,0.3,middle,5026,0.6327372764786795,0.5324566934597424,0.596667093188301,0.4107142857142857,0.1455696202531645,0.2149532710280373,0.6836510390010406,0.6208337165296932,0.0,problem2_retrain_v2/results/aligned/ablations/f1_gate_component_ablation_s2031_2035
noQ,2035,TA,0.3,end,5026,0.6396148555708391,0.5466742852789365,0.607088569590089,0.4912280701754385,0.1772151898734177,0.2604651162790697,0.704720962259304,0.5904557307527183,0.0,problem2_retrain_v2/results/aligned/ablations/f1_gate_component_ablation_s2031_2035
noQ,2035,TA,0.3,random,5026,0.6657496561210454,0.569599528335164,0.6313073001358525,0.5660377358490566,0.189873417721519,0.2843601895734597,0.6722601934001353,0.6297067071685264,0.0,problem2_retrain_v2/results/aligned/ablations/f1_gate_component_ablation_s2031_2035
noQ,2035,TA,0.3,random,5027,0.6423658872077029,0.5454540478504276,0.6081531425952534,0.4561403508771929,0.1645569620253164,0.241860465116279,0.6835267269362276,0.6215997540474469,0.0,problem2_retrain_v2/results/aligned/ablations/f1_gate_component_ablation_s2031_2035
noQ,2035,TA,0.3,random,5028,0.6368638239339752,0.5335709265997677,0.5991248633414099,0.4313725490196078,0.1392405063291139,0.2105263157894736,0.6978280216359597,0.6094093618095062,0.0,problem2_retrain_v2/results/aligned/ablations/f1_gate_component_ablation_s2031_2035
noQ,2035,TV,0.3,start,5026,0.6657496561210454,0.568053989021731,0.6305575974365076,0.56,0.1772151898734177,0.2692307692307692,0.6585890473032386,0.6519857808166567,0.0,problem2_retrain_v2/results/aligned/ablations/f1_gate_component_ablation_s2031_2035
noQ,2035,TV,0.3,middle,5026,0.6327372764786795,0.5336324682674428,0.5980159276925063,0.4067796610169492,0.1518987341772152,0.2211981566820276,0.6834240858012672,0.6222211241377489,0.0,problem2_retrain_v2/results/aligned/ablations/f1_gate_component_ablation_s2031_2035
noQ,2035,TV,0.3,end,5026,0.640990371389271,0.5497750604727348,0.6091102579557843,0.5087719298245614,0.1835443037974683,0.2697674418604651,0.7060858966456138,0.5877537361956703,0.0,problem2_retrain_v2/results/aligned/ablations/f1_gate_component_ablation_s2031_2035
noQ,2035,TV,0.3,random,5026,0.6643741403026134,0.5705746221603308,0.6311539347105626,0.5740740740740741,0.1962025316455696,0.2924528301886792,0.672829540000181,0.6291490848205602,0.0,problem2_retrain_v2/results/aligned/ablations/f1_gate_component_ablation_s2031_2035
noQ,2035,TV,0.3,random,5027,0.640990371389271,0.5463429050230476,0.6081717781089914,0.4576271186440678,0.170886075949367,0.2488479262672811,0.6849860526493249,0.6208279592322833,0.0,problem2_retrain_v2/results/aligned/ablations/f1_gate_component_ablation_s2031_2035
noQ,2035,TV,0.3,random,5028,0.6382393397524071,0.539209070601331,0.602466179063413,0.4528301886792453,0.1518987341772152,0.2274881516587677,0.6957727268234648,0.6102303648828403,0.0,problem2_retrain_v2/results/aligned/ablations/f1_gate_component_ablation_s2031_2035
noQ,2035,AV,0.3,start,5026,0.6905089408528198,0.6114392533542595,0.665755872922793,0.547945205479452,0.2531645569620253,0.3463203463203463,0.6321147434145158,0.6853732418179406,0.0,problem2_retrain_v2/results/aligned/ablations/f1_gate_component_ablation_s2031_2035
noQ,2035,AV,0.3,middle,5026,0.6891334250343879,0.6087149821980007,0.6637038556985858,0.5416666666666666,0.2468354430379747,0.3391304347826087,0.6325619142282206,0.6849331739762007,0.0,problem2_retrain_v2/results/aligned/ablations/f1_gate_component_ablation_s2031_2035
noQ,2035,AV,0.3,end,5026,0.6905089408528198,0.6116624448859395,0.6657369625264549,0.547945205479452,0.2531645569620253,0.3463203463203463,0.6305307620880843,0.6864598764796775,0.0,problem2_retrain_v2/results/aligned/ablations/f1_gate_component_ablation_s2031_2035
noQ,2035,AV,0.3,random,5026,0.6905089408528198,0.6116624448859395,0.6657369625264549,0.547945205479452,0.2531645569620253,0.3463203463203463,0.6321117499897044,0.6852491986416964,0.0,problem2_retrain_v2/results/aligned/ablations/f1_gate_component_ablation_s2031_2035
noQ,2035,AV,0.3,random,5027,0.6905089408528198,0.6114392533542595,0.665755872922793,0.547945205479452,0.2531645569620253,0.3463203463203463,0.6316703691636093,0.6855609118080818,0.0,problem2_retrain_v2/results/aligned/ablations/f1_gate_component_ablation_s2031_2035
noQ,2035,AV,0.3,random,5028,0.6891334250343879,0.6101011646361346,0.664403324238795,0.547945205479452,0.2531645569620253,0.3463203463203463,0.6322861797659257,0.6847387869399724,0.0,problem2_retrain_v2/results/aligned/ablations/f1_gate_component_ablation_s2031_2035
noQ,2035,TAV,0.3,start,5026,0.6657496561210454,0.5699488414469829,0.6321663538356597,0.5370370370370371,0.1835443037974683,0.2735849056603773,0.6585920717915651,0.6534244072795901,0.0,problem2_retrain_v2/results/aligned/ablations/f1_gate_component_ablation_s2031_2035
noQ,2035,TAV,0.3,middle,5026,0.6341127922971114,0.5372941825321206,0.6002101501705353,0.4166666666666667,0.1582278481012658,0.2293577981651376,0.6835488302127921,0.6217669477387938,0.0,problem2_retrain_v2/results/aligned/ablations/f1_gate_component_ablation_s2031_2035
noQ,2035,TAV,0.3,end,5026,0.6423658872077029,0.5548139434687127,0.6125729789344385,0.5081967213114754,0.1962025316455696,0.2831050228310502,0.7055875678492294,0.5898351440937073,0.0,problem2_retrain_v2/results/aligned/ablations/f1_gate_component_ablation_s2031_2035
noQ,2035,TAV,0.3,random,5026,0.6629986244841816,0.5675653725378638,0.6289295242504602,0.5660377358490566,0.189873417721519,0.2843601895734597,0.6738984465234613,0.6295668588239398,0.0,problem2_retrain_v2/results/aligned/ablations/f1_gate_component_ablation_s2031_2035
noQ,2035,TAV,0.3,random,5027,0.6423658872077029,0.5497344801720656,0.6103325300233814,0.4666666666666667,0.1772151898734177,0.2568807339449541,0.6844101922702507,0.6215493910997698,0.0,problem2_retrain_v2/results/aligned/ablations/f1_gate_component_ablation_s2031_2035
noQ,2035,TAV,0.3,random,5028,0.6423658872077029,0.5463881798424243,0.6081972946112879,0.4727272727272727,0.1645569620253164,0.244131455399061,0.6980932445609629,0.6095034233762308,0.0,problem2_retrain_v2/results/aligned/ablations/f1_gate_component_ablation_s2031_2035
