id,seed,dataset,neutral_weight,true_class,true_intensity,class,intensity,raw_intensity,balance_beta,boundary_weight,boundary_margin,boundary_warmup_epochs,boundary_max_intensity,weight_negative,weight_neutral,weight_positive,baseline_class,change
-AUZQgSxyPQ$_$2,2026,processed_po,1.0,2,0.6666666865348816,2,1.4543007612228394,1.4543007612228394,0.0,0.1,0.5,3,0.5,1.0,1.0,1.0,2,unchanged_correctness
-HeZS2-Prhc$_$2,2026,processed_po,1.0,2,0.6666666865348816,0,-1e-06,0.3791306912899017,0.0,0.1,0.5,3,0.5,1.0,1.0,1.0,0,unchanged_correctness
-MeTTeMJBNc$_$0,2026,processed_po,1.0,2,0.3333333432674408,2,0.1978954672813415,0.1978954672813415,0.0,0.1,0.5,3,0.5,1.0,1.0,1.0,2,unchanged_correctness
-RfYyzHpjk4$_$2,2026,processed_po,1.0,2,0.3333333432674408,2,0.0823927819728851,0.0823927819728851,0.0,0.1,0.5,3,0.5,1.0,1.0,1.0,2,unchanged_correctness
-s9qJ7ATP7w$_$2,2026,processed_po,1.0,2,1.3333333730697632,2,1.4510180950164795,1.4510180950164795,0.0,0.1,0.5,3,0.5,1.0,1.0,1.0,2,unchanged_correctness
-s9qJ7ATP7w$_$5,2026,processed_po,1.0,0,-2.0,0,-1.894381046295166,-1.894381046295166,0.0,0.1,0.5,3,0.5,1.0,1.0,1.0,0,unchanged_correctness
-s9qJ7ATP7w$_$6,2026,processed_po,1.0,1,0.0,0,-1.315719723701477,-1.315719723701477,0.0,0.1,0.5,3,0.5,1.0,1.0,1.0,0,unchanged_correctness
-yRb-Jum7EQ$_$1,2026,processed_po,1.0,1,0.0,0,-0.8049118518829346,-0.8049118518829346,0.0,0.1,0.5,3,0.5,1.0,1.0,1.0,0,unchanged_correctness
0K7dCp80n9c$_$6,2026,processed_po,1.0,1,0.0,0,-0.6175458431243896,-0.6175458431243896,0.0,0.1,0.5,3,0.5,1.0,1.0,1.0,0,unchanged_correctness
0YiAKqU36KE$_$1,2026,processed_po,1.0,2,1.3333333730697632,0,-1.658802509307861,-1.658802509307861,0.0,0.1,0.5,3,0.5,1.0,1.0,1.0,0,unchanged_correctness
0YiAKqU36KE$_$0,2026,processed_po,1.0,0,-1.0,0,-1.7892107963562012,-1.7892107963562012,0.0,0.1,0.5,3,0.5,1.0,1.0,1.0,0,unchanged_correctness
0bxhZ-LIfZY$_$4,2026,processed_po,1.0,0,-0.3333333432674408,0,-1.1686855554580688,-1.1686855554580688,0.0,0.1,0.5,3,0.5,1.0,1.0,1.0,0,unchanged_correctness
100178$_$15,2026,processed_po,1.0,1,0.0,1,0.0,-0.5220963954925537,0.0,0.1,0.5,3,0.5,1.0,1.0,1.0,1,unchanged_correctness
10219$_$10,2026,processed_po,1.0,2,2.0,2,1e-06,-0.3620041310787201,0.0,0.1,0.5,3,0.5,1.0,1.0,1.0,2,unchanged_correctness
10219$_$1,2026,processed_po,1.0,1,0.0,1,0.0,0.1031934469938278,0.0,0.1,0.5,3,0.5,1.0,1.0,1.0,1,unchanged_correctness
10219$_$5,2026,processed_po,1.0,2,1.6666666269302368,2,1.6426143646240234,1.6426143646240234,0.0,0.1,0.5,3,0.5,1.0,1.0,1.0,2,unchanged_correctness
102213$_$2,2026,processed_po,1.0,2,1.3333333730697632,2,1.59608793258667,1.59608793258667,0.0,0.1,0.5,3,0.5,1.0,1.0,1.0,2,unchanged_correctness
102213$_$5,2026,processed_po,1.0,0,-1.0,0,-2.002322196960449,-2.002322196960449,0.0,0.1,0.5,3,0.5,1.0,1.0,1.0,0,unchanged_correctness
102213$_$7,2026,processed_po,1.0,0,-1.0,0,-0.3187547624111175,-0.3187547624111175,0.0,0.1,0.5,3,0.5,1.0,1.0,1.0,0,unchanged_correctness
102389$_$5,2026,processed_po,1.0,0,-1.6666666269302368,0,-0.8952864408493042,-0.8952864408493042,0.0,0.1,0.5,3,0.5,1.0,1.0,1.0,0,unchanged_correctness
104741$_$0,2026,processed_po,1.0,1,0.0,1,0.0,0.0743943154811859,0.0,0.1,0.5,3,0.5,1.0,1.0,1.0,1,unchanged_correctness
104741$_$5,2026,processed_po,1.0,1,0.0,0,-1e-06,0.3013840317726135,0.0,0.1,0.5,3,0.5,1.0,1.0,1.0,0,unchanged_correctness
107585$_$12,2026,processed_po,1.0,0,-2.0,0,-2.536343097686768,-2.536343097686768,0.0,0.1,0.5,3,0.5,1.0,1.0,1.0,0,unchanged_correctness
107585$_$18,2026,processed_po,1.0,0,-2.0,0,-2.3650925159454346,-2.3650925159454346,0.0,0.1,0.5,3,0.5,1.0,1.0,1.0,0,unchanged_correctness
107585$_$1,2026,processed_po,1.0,0,-0.6666666865348816,2,1.2697901725769043,1.2697901725769043,0.0,0.1,0.5,3,0.5,1.0,1.0,1.0,2,unchanged_correctness
108146$_$3,2026,processed_po,1.0,0,-1.6666666269302368,0,-2.052133560180664,-2.052133560180664,0.0,0.1,0.5,3,0.5,1.0,1.0,1.0,0,unchanged_correctness
110565$_$1,2026,processed_po,1.0,0,-1.0,2,1.8333091735839844,1.8333091735839844,0.0,0.1,0.5,3,0.5,1.0,1.0,1.0,2,unchanged_correctness
110565$_$5,2026,processed_po,1.0,2,1.0,2,1.79495108127594,1.79495108127594,0.0,0.1,0.5,3,0.5,1.0,1.0,1.0,2,unchanged_correctness
111881$_$11,2026,processed_po,1.0,0,-1.0,0,-0.8520106077194214,-0.8520106077194214,0.0,0.1,0.5,3,0.5,1.0,1.0,1.0,0,unchanged_correctness
111881$_$10,2026,processed_po,1.0,0,-2.0,2,0.9962464570999146,0.9962464570999146,0.0,0.1,0.5,3,0.5,1.0,1.0,1.0,2,unchanged_correctness
111881$_$15,2026,processed_po,1.0,0,-2.0,0,-0.0944569632411003,-0.0944569632411003,0.0,0.1,0.5,3,0.5,1.0,1.0,1.0,0,unchanged_correctness
111881$_$4,2026,processed_po,1.0,0,-1.3333333730697632,0,-0.8004083633422852,-0.8004083633422852,0.0,0.1,0.5,3,0.5,1.0,1.0,1.0,0,unchanged_correctness
111881$_$7,2026,processed_po,1.0,0,-2.0,0,-0.9188420176506042,-0.9188420176506042,0.0,0.1,0.5,3,0.5,1.0,1.0,1.0,0,unchanged_correctness
111881$_$6,2026,processed_po,1.0,2,0.3333333432674408,2,0.857157826423645,0.857157826423645,0.0,0.1,0.5,3,0.5,1.0,1.0,1.0,2,unchanged_correctness
112425$_$10,2026,processed_po,1.0,2,2.3333332538604736,2,0.8573813438415527,0.8573813438415527,0.0,0.1,0.5,3,0.5,1.0,1.0,1.0,2,unchanged_correctness
112425$_$1,2026,processed_po,1.0,2,0.6666666865348816,1,0.0,0.162280261516571,0.0,0.1,0.5,3,0.5,1.0,1.0,1.0,1,unchanged_correctness
112425$_$7,2026,processed_po,1.0,2,1.3333333730697632,2,1.8904478549957275,1.8904478549957275,0.0,0.1,0.5,3,0.5,1.0,1.0,1.0,2,unchanged_correctness
112509$_$4,2026,processed_po,1.0,0,-2.0,0,-2.0318524837493896,-2.0318524837493896,0.0,0.1,0.5,3,0.5,1.0,1.0,1.0,0,unchanged_correctness
116213$_$3,2026,processed_po,1.0,0,-0.6666666865348816,0,-0.1499735414981842,-0.1499735414981842,0.0,0.1,0.5,3,0.5,1.0,1.0,1.0,0,unchanged_correctness
121400$_$0,2026,processed_po,1.0,1,0.0,2,0.3337099552154541,0.3337099552154541,0.0,0.1,0.5,3,0.5,1.0,1.0,1.0,2,unchanged_correctness
126872$_$11,2026,processed_po,1.0,0,-2.0,0,-1.4455854892730713,-1.4455854892730713,0.0,0.1,0.5,3,0.5,1.0,1.0,1.0,0,unchanged_correctness
130366$_$11,2026,processed_po,1.0,0,-1.3333333730697632,0,-1.790744066238403,-1.790744066238403,0.0,0.1,0.5,3,0.5,1.0,1.0,1.0,0,unchanged_correctness
130366$_$2,2026,processed_po,1.0,2,0.3333333432674408,0,-0.4463232755661011,-0.4463232755661011,0.0,0.1,0.5,3,0.5,1.0,1.0,1.0,0,unchanged_correctness
130366$_$4,2026,processed_po,1.0,0,-0.3333333432674408,0,-0.8571987152099609,-0.8571987152099609,0.0,0.1,0.5,3,0.5,1.0,1.0,1.0,0,unchanged_correctness
132028$_$7,2026,processed_po,1.0,2,0.3333333432674408,2,1.429013967514038,1.429013967514038,0.0,0.1,0.5,3,0.5,1.0,1.0,1.0,2,unchanged_correctness
135623$_$5,2026,processed_po,1.0,0,-2.3333332538604736,0,-1.939330816268921,-1.939330816268921,0.0,0.1,0.5,3,0.5,1.0,1.0,1.0,0,unchanged_correctness
135623$_$8,2026,processed_po,1.0,0,-1.3333333730697632,2,1.30661141872406,1.30661141872406,0.0,0.1,0.5,3,0.5,1.0,1.0,1.0,2,unchanged_correctness
136196$_$0,2026,processed_po,1.0,2,0.3333333432674408,1,0.0,-0.0154578471556305,0.0,0.1,0.5,3,0.5,1.0,1.0,1.0,1,unchanged_correctness
136196$_$9,2026,processed_po,1.0,0,-2.0,0,-2.154109477996826,-2.154109477996826,0.0,0.1,0.5,3,0.5,1.0,1.0,1.0,0,unchanged_correctness
136196$_$8,2026,processed_po,1.0,0,-1.6666666269302368,0,-2.280963182449341,-2.280963182449341,0.0,0.1,0.5,3,0.5,1.0,1.0,1.0,0,unchanged_correctness
167521$_$17,2026,processed_po,1.0,2,1.3333333730697632,2,0.2676032781600952,0.2676032781600952,0.0,0.1,0.5,3,0.5,1.0,1.0,1.0,2,unchanged_correctness
167521$_$16,2026,processed_po,1.0,2,2.0,2,1.8117127418518064,1.8117127418518064,0.0,0.1,0.5,3,0.5,1.0,1.0,1.0,2,unchanged_correctness
167521$_$5,2026,processed_po,1.0,2,0.3333333432674408,0,-1.818859338760376,-1.818859338760376,0.0,0.1,0.5,3,0.5,1.0,1.0,1.0,0,unchanged_correctness
190743$_$13,2026,processed_po,1.0,0,-2.0,0,-1.0150489807128906,-1.0150489807128906,0.0,0.1,0.5,3,0.5,1.0,1.0,1.0,0,unchanged_correctness
190743$_$17,2026,processed_po,1.0,0,-2.0,0,-1.6431723833084106,-1.6431723833084106,0.0,0.1,0.5,3,0.5,1.0,1.0,1.0,0,unchanged_correctness
190743$_$5,2026,processed_po,1.0,0,-2.0,0,-2.2867848873138428,-2.2867848873138428,0.0,0.1,0.5,3,0.5,1.0,1.0,1.0,0,unchanged_correctness
194299$_$14,2026,processed_po,1.0,1,0.0,2,0.7336412072181702,0.7336412072181702,0.0,0.1,0.5,3,0.5,1.0,1.0,1.0,2,unchanged_correctness
194299$_$4,2026,processed_po,1.0,0,-1.0,0,-2.114001750946045,-2.114001750946045,0.0,0.1,0.5,3,0.5,1.0,1.0,1.0,0,unchanged_correctness
194299$_$9,2026,processed_po,1.0,1,0.0,1,0.0,0.105461485683918,0.0,0.1,0.5,3,0.5,1.0,1.0,1.0,1,unchanged_correctness
198112$_$12,2026,processed_po,1.0,2,2.0,2,1.9868885278701784,1.9868885278701784,0.0,0.1,0.5,3,0.5,1.0,1.0,1.0,2,unchanged_correctness
198112$_$0,2026,processed_po,1.0,2,0.3333333432674408,2,0.1614296585321426,0.1614296585321426,0.0,0.1,0.5,3,0.5,1.0,1.0,1.0,2,unchanged_correctness
198112$_$5,2026,processed_po,1.0,2,1.0,2,1.8382236957550049,1.8382236957550049,0.0,0.1,0.5,3,0.5,1.0,1.0,1.0,2,unchanged_correctness
198112$_$9,2026,processed_po,1.0,2,2.3333332538604736,0,-0.9981464147567748,-0.9981464147567748,0.0,0.1,0.5,3,0.5,1.0,1.0,1.0,0,unchanged_correctness
198112$_$8,2026,processed_po,1.0,2,2.0,0,-0.3472582101821899,-0.3472582101821899,0.0,0.1,0.5,3,0.5,1.0,1.0,1.0,0,unchanged_correctness
1HS2HcN2LDo$_$1,2026,processed_po,1.0,2,0.3333333432674408,2,0.7123194932937622,0.7123194932937622,0.0,0.1,0.5,3,0.5,1.0,1.0,1.0,2,unchanged_correctness
1HS2HcN2LDo$_$9,2026,processed_po,1.0,2,1.3333333730697632,2,0.705876886844635,0.705876886844635,0.0,0.1,0.5,3,0.5,1.0,1.0,1.0,2,unchanged_correctness
1S6ji_d4OLI$_$9,2026,processed_po,1.0,2,0.6666666865348816,2,0.6987617611885071,0.6987617611885071,0.0,0.1,0.5,3,0.5,1.0,1.0,1.0,2,unchanged_correctness
1jogeKX0wGw$_$4,2026,processed_po,1.0,2,1.0,2,1.0186283588409424,1.0186283588409424,0.0,0.1,0.5,3,0.5,1.0,1.0,1.0,2,unchanged_correctness
1pl2FVdQWj0$_$2,2026,processed_po,1.0,2,0.6666666865348816,2,1.0293999910354614,1.0293999910354614,0.0,0.1,0.5,3,0.5,1.0,1.0,1.0,2,unchanged_correctness
200941$_$10,2026,processed_po,1.0,0,-1.0,0,-2.350196599960327,-2.350196599960327,0.0,0.1,0.5,3,0.5,1.0,1.0,1.0,0,unchanged_correctness
202826$_$10,2026,processed_po,1.0,0,-1.6666666269302368,0,-0.4961046576499939,-0.4961046576499939,0.0,0.1,0.5,3,0.5,1.0,1.0,1.0,0,unchanged_correctness
202826$_$7,2026,processed_po,1.0,2,1.0,2,1.1665164232254028,1.1665164232254028,0.0,0.1,0.5,3,0.5,1.0,1.0,1.0,2,unchanged_correctness
206585$_$3,2026,processed_po,1.0,1,0.0,2,0.4005701541900635,0.4005701541900635,0.0,0.1,0.5,3,0.5,1.0,1.0,1.0,2,unchanged_correctness
208322$_$12,2026,processed_po,1.0,0,-2.3333332538604736,2,0.9699159860610962,0.9699159860610962,0.0,0.1,0.5,3,0.5,1.0,1.0,1.0,2,unchanged_correctness
208592$_$2,2026,processed_po,1.0,1,0.0,1,0.0,0.0168062001466751,0.0,0.1,0.5,3,0.5,1.0,1.0,1.0,1,unchanged_correctness
208592$_$9,2026,processed_po,1.0,0,-2.6666667461395264,0,-1.5781011581420898,-1.5781011581420898,0.0,0.1,0.5,3,0.5,1.0,1.0,1.0,0,unchanged_correctness
209758$_$15,2026,processed_po,1.0,2,1.3333333730697632,2,1e-06,-0.2855695784091949,0.0,0.1,0.5,3,0.5,1.0,1.0,1.0,2,unchanged_correctness
209758$_$3,2026,processed_po,1.0,1,0.0,2,0.2290647178888321,0.2290647178888321,0.0,0.1,0.5,3,0.5,1.0,1.0,1.0,2,unchanged_correctness
209758$_$5,2026,processed_po,1.0,1,0.0,1,0.0,0.178033635020256,0.0,0.1,0.5,3,0.5,1.0,1.0,1.0,1,unchanged_correctness
20LfN8ENbhM$_$1,2026,processed_po,1.0,2,2.0,2,1.755580186843872,1.755580186843872,0.0,0.1,0.5,3,0.5,1.0,1.0,1.0,2,unchanged_correctness
210259$_$11,2026,processed_po,1.0,0,-3.0,0,-2.385684013366699,-2.385684013366699,0.0,0.1,0.5,3,0.5,1.0,1.0,1.0,0,unchanged_correctness
210259$_$16,2026,processed_po,1.0,0,-2.3333332538604736,0,-2.2651774883270264,-2.2651774883270264,0.0,0.1,0.5,3,0.5,1.0,1.0,1.0,0,unchanged_correctness
210259$_$0,2026,processed_po,1.0,1,0.0,1,0.0,0.3350546956062317,0.0,0.1,0.5,3,0.5,1.0,1.0,1.0,1,unchanged_correctness
210259$_$8,2026,processed_po,1.0,0,-2.3333332538604736,0,-2.3152480125427246,-2.3152480125427246,0.0,0.1,0.5,3,0.5,1.0,1.0,1.0,0,unchanged_correctness
210433$_$0,2026,processed_po,1.0,1,0.0,1,0.0,0.23414146900177,0.0,0.1,0.5,3,0.5,1.0,1.0,1.0,1,unchanged_correctness
210433$_$7,2026,processed_po,1.0,0,-2.0,0,-2.44685697555542,-2.44685697555542,0.0,0.1,0.5,3,0.5,1.0,1.0,1.0,0,unchanged_correctness
211875$_$4,2026,processed_po,1.0,0,-1.6666666269302368,2,1.7841371297836304,1.7841371297836304,0.0,0.1,0.5,3,0.5,1.0,1.0,1.0,2,unchanged_correctness
211875$_$8,2026,processed_po,1.0,0,-1.3333333730697632,0,-1.3207600116729736,-1.3207600116729736,0.0,0.1,0.5,3,0.5,1.0,1.0,1.0,0,unchanged_correctness
213327$_$6,2026,processed_po,1.0,0,-2.3333332538604736,0,-1.2436223030090332,-1.2436223030090332,0.0,0.1,0.5,3,0.5,1.0,1.0,1.0,0,unchanged_correctness
213327$_$8,2026,processed_po,1.0,0,-2.0,0,-1.2397407293319702,-1.2397407293319702,0.0,0.1,0.5,3,0.5,1.0,1.0,1.0,0,unchanged_correctness
215318$_$12,2026,processed_po,1.0,1,0.0,0,-0.5189555287361145,-0.5189555287361145,0.0,0.1,0.5,3,0.5,1.0,1.0,1.0,0,unchanged_correctness
221137$_$2,2026,processed_po,1.0,1,0.0,0,-1e-06,0.2366594672203064,0.0,0.1,0.5,3,0.5,1.0,1.0,1.0,0,unchanged_correctness
221137$_$5,2026,processed_po,1.0,0,-2.0,0,-1.897536277770996,-1.897536277770996,0.0,0.1,0.5,3,0.5,1.0,1.0,1.0,0,unchanged_correctness
221153$_$14,2026,processed_po,1.0,0,-1.6666666269302368,0,-1.7564939260482788,-1.7564939260482788,0.0,0.1,0.5,3,0.5,1.0,1.0,1.0,0,unchanged_correctness
221153$_$16,2026,processed_po,1.0,0,-0.6666666865348816,0,-1.40885591506958,-1.40885591506958,0.0,0.1,0.5,3,0.5,1.0,1.0,1.0,0,unchanged_correctness
221153$_$6,2026,processed_po,1.0,1,0.0,1,0.0,-0.6182646155357361,0.0,0.1,0.5,3,0.5,1.0,1.0,1.0,1,unchanged_correctness
221153$_$20,2026,processed_po,1.0,2,0.3333333432674408,1,0.0,-0.0967617034912109,0.0,0.1,0.5,3,0.5,1.0,1.0,1.0,1,unchanged_correctness
22373$_$10,2026,processed_po,1.0,0,-2.6666667461395264,0,-2.0225839614868164,-2.0225839614868164,0.0,0.1,0.5,3,0.5,1.0,1.0,1.0,0,unchanged_correctness
22373$_$1,2026,processed_po,1.0,1,0.0,1,0.0,-0.2677434682846069,0.0,0.1,0.5,3,0.5,1.0,1.0,1.0,1,unchanged_correctness
22373$_$2,2026,processed_po,1.0,0,-2.3333332538604736,0,-0.638505220413208,-0.638505220413208,0.0,0.1,0.5,3,0.5,1.0,1.0,1.0,0,unchanged_correctness
22373$_$7,2026,processed_po,1.0,1,0.0,0,-0.706623911857605,-0.706623911857605,0.0,0.1,0.5,3,0.5,1.0,1.0,1.0,0,unchanged_correctness
224263$_$13,2026,processed_po,1.0,2,0.6666666865348816,2,1.9921313524246216,1.9921313524246216,0.0,0.1,0.5,3,0.5,1.0,1.0,1.0,2,unchanged_correctness
224263$_$14,2026,processed_po,1.0,0,-2.3333332538604736,0,-1.4437556266784668,-1.4437556266784668,0.0,0.1,0.5,3,0.5,1.0,1.0,1.0,0,unchanged_correctness
224263$_$3,2026,processed_po,1.0,0,-2.3333332538604736,0,-2.2797884941101074,-2.2797884941101074,0.0,0.1,0.5,3,0.5,1.0,1.0,1.0,0,unchanged_correctness
224370$_$3,2026,processed_po,1.0,0,-2.0,0,-1.0929055213928225,-1.0929055213928225,0.0,0.1,0.5,3,0.5,1.0,1.0,1.0,0,unchanged_correctness
224370$_$5,2026,processed_po,1.0,0,-2.6666667461395264,2,0.7821241617202759,0.7821241617202759,0.0,0.1,0.5,3,0.5,1.0,1.0,1.0,2,unchanged_correctness
224370$_$11,2026,processed_po,1.0,2,0.3333333432674408,0,-0.3927436172962188,-0.3927436172962188,0.0,0.1,0.5,3,0.5,1.0,1.0,1.0,0,unchanged_correctness
224370$_$15,2026,processed_po,1.0,0,-1.6666666269302368,0,-1.633338451385498,-1.633338451385498,0.0,0.1,0.5,3,0.5,1.0,1.0,1.0,0,unchanged_correctness
224631$_$5,2026,processed_po,1.0,2,0.3333333432674408,2,0.3744482696056366,0.3744482696056366,0.0,0.1,0.5,3,0.5,1.0,1.0,1.0,2,unchanged_correctness
226601$_$11,2026,processed_po,1.0,0,-1.3333333730697632,0,-1.9653364419937132,-1.9653364419937132,0.0,0.1,0.5,3,0.5,1.0,1.0,1.0,0,unchanged_correctness
226601$_$18,2026,processed_po,1.0,0,-2.0,0,-1.781680941581726,-1.781680941581726,0.0,0.1,0.5,3,0.5,1.0,1.0,1.0,0,unchanged_correctness
226601$_$0,2026,processed_po,1.0,2,0.3333333432674408,1,0.0,0.1862908005714416,0.0,0.1,0.5,3,0.5,1.0,1.0,1.0,1,unchanged_correctness
226640$_$9,2026,processed_po,1.0,1,0.0,2,0.7384395599365234,0.7384395599365234,0.0,0.1,0.5,3,0.5,1.0,1.0,1.0,2,unchanged_correctness
22689$_$1,2026,processed_po,1.0,0,-2.0,0,-1.6992863416671753,-1.6992863416671753,0.0,0.1,0.5,3,0.5,1.0,1.0,1.0,0,unchanged_correctness
22689$_$0,2026,processed_po,1.0,1,0.0,1,0.0,-0.350882351398468,0.0,0.1,0.5,3,0.5,1.0,1.0,1.0,1,unchanged_correctness
234046$_$1,2026,processed_po,1.0,1,0.0,1,0.0,0.136338859796524,0.0,0.1,0.5,3,0.5,1.0,1.0,1.0,1,unchanged_correctness
236442$_$3,2026,processed_po,1.0,0,-1.3333333730697632,0,-0.8771151304244995,-0.8771151304244995,0.0,0.1,0.5,3,0.5,1.0,1.0,1.0,0,unchanged_correctness
23656$_$1,2026,processed_po,1.0,1,0.0,2,0.2995196878910064,0.2995196878910064,0.0,0.1,0.5,3,0.5,1.0,1.0,1.0,2,unchanged_correctness
23656$_$0,2026,processed_po,1.0,2,0.3333333432674408,1,0.0,0.4379057586193084,0.0,0.1,0.5,3,0.5,1.0,1.0,1.0,1,unchanged_correctness
23656$_$2,2026,processed_po,1.0,2,1.0,2,1.2528213262557983,1.2528213262557983,0.0,0.1,0.5,3,0.5,1.0,1.0,1.0,2,unchanged_correctness
23656$_$7,2026,processed_po,1.0,0,-2.0,0,-0.4675631523132324,-0.4675631523132324,0.0,0.1,0.5,3,0.5,1.0,1.0,1.0,0,unchanged_correctness
23656$_$9,2026,processed_po,1.0,0,-1.3333333730697632,0,-1.5758366584777832,-1.5758366584777832,0.0,0.1,0.5,3,0.5,1.0,1.0,1.0,0,unchanged_correctness
23656$_$15,2026,processed_po,1.0,2,0.3333333432674408,2,1.324694037437439,1.324694037437439,0.0,0.1,0.5,3,0.5,1.0,1.0,1.0,2,unchanged_correctness
237363$_$10,2026,processed_po,1.0,1,0.0,0,-0.7190892100334167,-0.7190892100334167,0.0,0.1,0.5,3,0.5,1.0,1.0,1.0,0,unchanged_correctness
237363$_$4,2026,processed_po,1.0,1,0.0,1,0.0,-0.0947786942124366,0.0,0.1,0.5,3,0.5,1.0,1.0,1.0,1,unchanged_correctness
238063$_$15,2026,processed_po,1.0,0,-1.3333333730697632,0,-2.1700539588928223,-2.1700539588928223,0.0,0.1,0.5,3,0.5,1.0,1.0,1.0,0,unchanged_correctness
238063$_$17,2026,processed_po,1.0,2,1.0,0,-0.3240692615509033,-0.3240692615509033,0.0,0.1,0.5,3,0.5,1.0,1.0,1.0,0,unchanged_correctness
238063$_$16,2026,processed_po,1.0,0,-1.0,2,1.4761430025100708,1.4761430025100708,0.0,0.1,0.5,3,0.5,1.0,1.0,1.0,2,unchanged_correctness
238063$_$7,2026,processed_po,1.0,0,-0.3333333432674408,0,-1.0123499631881714,-1.0123499631881714,0.0,0.1,0.5,3,0.5,1.0,1.0,1.0,0,unchanged_correctness
24196$_$0,2026,processed_po,1.0,2,0.3333333432674408,1,0.0,0.21762216091156,0.0,0.1,0.5,3,0.5,1.0,1.0,1.0,1,unchanged_correctness
24196$_$3,2026,processed_po,1.0,0,-0.3333333432674408,0,-2.324836254119873,-2.324836254119873,0.0,0.1,0.5,3,0.5,1.0,1.0,1.0,0,unchanged_correctness
243981$_$10,2026,processed_po,1.0,0,-2.3333332538604736,0,-2.2753281593322754,-2.2753281593322754,0.0,0.1,0.5,3,0.5,1.0,1.0,1.0,0,unchanged_correctness
243981$_$1,2026,processed_po,1.0,1,0.0,2,0.0558722242712974,0.0558722242712974,0.0,0.1,0.5,3,0.5,1.0,1.0,1.0,2,unchanged_correctness
243981$_$4,2026,processed_po,1.0,0,-2.3333332538604736,0,-1.9826663732528689,-1.9826663732528689,0.0,0.1,0.5,3,0.5,1.0,1.0,1.0,0,unchanged_correctness
243981$_$6,2026,processed_po,1.0,0,-2.0,0,-1.5721752643585205,-1.5721752643585205,0.0,0.1,0.5,3,0.5,1.0,1.0,1.0,0,unchanged_correctness
24504$_$10,2026,processed_po,1.0,2,0.6666666865348816,2,0.735395610332489,0.735395610332489,0.0,0.1,0.5,3,0.5,1.0,1.0,1.0,2,unchanged_correctness
245582$_$11,2026,processed_po,1.0,0,-1.6666666269302368,0,-2.356229782104492,-2.356229782104492,0.0,0.1,0.5,3,0.5,1.0,1.0,1.0,0,unchanged_correctness
245582$_$13,2026,processed_po,1.0,2,0.3333333432674408,0,-1.199431300163269,-1.199431300163269,0.0,0.1,0.5,3,0.5,1.0,1.0,1.0,0,unchanged_correctness
245582$_$16,2026,processed_po,1.0,2,1.0,0,-2.2292256355285645,-2.2292256355285645,0.0,0.1,0.5,3,0.5,1.0,1.0,1.0,0,unchanged_correctness
245582$_$4,2026,processed_po,1.0,0,-1.3333333730697632,0,-2.238396167755127,-2.238396167755127,0.0,0.1,0.5,3,0.5,1.0,1.0,1.0,0,unchanged_correctness
252097$_$12,2026,processed_po,1.0,0,-2.3333332538604736,0,-2.293449878692627,-2.293449878692627,0.0,0.1,0.5,3,0.5,1.0,1.0,1.0,0,unchanged_correctness
252097$_$4,2026,processed_po,1.0,0,-1.3333333730697632,0,-2.294329881668091,-2.294329881668091,0.0,0.1,0.5,3,0.5,1.0,1.0,1.0,0,unchanged_correctness
252912$_$13,2026,processed_po,1.0,0,-1.6666666269302368,0,-2.0826306343078613,-2.0826306343078613,0.0,0.1,0.5,3,0.5,1.0,1.0,1.0,0,unchanged_correctness
257277$_$1,2026,processed_po,1.0,2,0.3333333432674408,2,0.6240811944007874,0.6240811944007874,0.0,0.1,0.5,3,0.5,1.0,1.0,1.0,2,unchanged_correctness
257277$_$3,2026,processed_po,1.0,2,1.0,1,0.0,-0.1679926961660385,0.0,0.1,0.5,3,0.5,1.0,1.0,1.0,1,unchanged_correctness
257277$_$5,2026,processed_po,1.0,0,-2.0,0,-0.7144694328308105,-0.7144694328308105,0.0,0.1,0.5,3,0.5,1.0,1.0,1.0,0,unchanged_correctness
257534$_$4,2026,processed_po,1.0,1,0.0,1,0.0,-0.1120556518435478,0.0,0.1,0.5,3,0.5,1.0,1.0,1.0,1,unchanged_correctness
267466$_$24,2026,processed_po,1.0,2,0.6666666865348816,2,0.2214102298021316,0.2214102298021316,0.0,0.1,0.5,3,0.5,1.0,1.0,1.0,2,unchanged_correctness
267466$_$44,2026,processed_po,1.0,0,-2.6666667461395264,0,-1.9776474237442017,-1.9776474237442017,0.0,0.1,0.5,3,0.5,1.0,1.0,1.0,0,unchanged_correctness
267466$_$42,2026,processed_po,1.0,0,-2.3333332538604736,0,-2.0668439865112305,-2.0668439865112305,0.0,0.1,0.5,3,0.5,1.0,1.0,1.0,0,unchanged_correctness
267466$_$9,2026,processed_po,1.0,0,-1.0,0,-0.7326738834381104,-0.7326738834381104,0.0,0.1,0.5,3,0.5,1.0,1.0,1.0,0,unchanged_correctness
267466$_$13,2026,processed_po,1.0,1,0.0,1,0.0,-0.1070525050163269,0.0,0.1,0.5,3,0.5,1.0,1.0,1.0,1,unchanged_correctness
267466$_$38,2026,processed_po,1.0,1,0.0,0,-1.5786995887756348,-1.5786995887756348,0.0,0.1,0.5,3,0.5,1.0,1.0,1.0,0,unchanged_correctness
267466$_$35,2026,processed_po,1.0,0,-1.0,0,-1.9820752143859863,-1.9820752143859863,0.0,0.1,0.5,3,0.5,1.0,1.0,1.0,0,unchanged_correctness
267466$_$34,2026,processed_po,1.0,0,-2.3333332538604736,0,-2.2044410705566406,-2.2044410705566406,0.0,0.1,0.5,3,0.5,1.0,1.0,1.0,0,unchanged_correctness
267694$_$14,2026,processed_po,1.0,0,-2.3333332538604736,0,-2.260871648788452,-2.260871648788452,0.0,0.1,0.5,3,0.5,1.0,1.0,1.0,0,unchanged_correctness
267694$_$16,2026,processed_po,1.0,0,-1.0,0,-1.069366216659546,-1.069366216659546,0.0,0.1,0.5,3,0.5,1.0,1.0,1.0,0,unchanged_correctness
267694$_$3,2026,processed_po,1.0,0,-0.3333333432674408,0,-1.609938144683838,-1.609938144683838,0.0,0.1,0.5,3,0.5,1.0,1.0,1.0,0,unchanged_correctness
267694$_$5,2026,processed_po,1.0,1,0.0,1,0.0,-0.2161619365215301,0.0,0.1,0.5,3,0.5,1.0,1.0,1.0,1,unchanged_correctness
267694$_$4,2026,processed_po,1.0,1,0.0,0,-0.3375875055789947,-0.3375875055789947,0.0,0.1,0.5,3,0.5,1.0,1.0,1.0,0,unchanged_correctness
267694$_$7,2026,processed_po,1.0,0,-2.0,0,-2.251940488815308,-2.251940488815308,0.0,0.1,0.5,3,0.5,1.0,1.0,1.0,0,unchanged_correctness
267694$_$6,2026,processed_po,1.0,0,-1.6666666269302368,0,-2.335925579071045,-2.335925579071045,0.0,0.1,0.5,3,0.5,1.0,1.0,1.0,0,unchanged_correctness
273207$_$0,2026,processed_po,1.0,1,0.0,1,0.0,-0.0115918796509504,0.0,0.1,0.5,3,0.5,1.0,1.0,1.0,1,unchanged_correctness
273207$_$5,2026,processed_po,1.0,2,0.3333333432674408,0,-0.998934268951416,-0.998934268951416,0.0,0.1,0.5,3,0.5,1.0,1.0,1.0,0,unchanged_correctness
273207$_$7,2026,processed_po,1.0,0,-0.3333333432674408,0,-2.332992553710937,-2.332992553710937,0.0,0.1,0.5,3,0.5,1.0,1.0,1.0,0,unchanged_correctness
273207$_$9,2026,processed_po,1.0,0,-0.3333333432674408,2,1.0530794858932495,1.0530794858932495,0.0,0.1,0.5,3,0.5,1.0,1.0,1.0,2,unchanged_correctness
273250$_$20,2026,processed_po,1.0,0,-0.3333333432674408,0,-1.0110595226287842,-1.0110595226287842,0.0,0.1,0.5,3,0.5,1.0,1.0,1.0,0,unchanged_correctness
273250$_$3,2026,processed_po,1.0,0,-0.6666666865348816,1,0.0,-0.4520390629768371,0.0,0.1,0.5,3,0.5,1.0,1.0,1.0,1,unchanged_correctness
273250$_$7,2026,processed_po,1.0,0,-0.3333333432674408,1,0.0,0.1437652260065078,0.0,0.1,0.5,3,0.5,1.0,1.0,1.0,1,unchanged_correctness
273250$_$11,2026,processed_po,1.0,0,-1.3333333730697632,1,0.0,-0.0153302662074565,0.0,0.1,0.5,3,0.5,1.0,1.0,1.0,1,unchanged_correctness
273250$_$12,2026,processed_po,1.0,0,-2.6666667461395264,1,0.0,-0.3262158632278442,0.0,0.1,0.5,3,0.5,1.0,1.0,1.0,1,unchanged_correctness
273250$_$16,2026,processed_po,1.0,0,-2.3333332538604736,0,-0.7223414778709412,-0.7223414778709412,0.0,0.1,0.5,3,0.5,1.0,1.0,1.0,0,unchanged_correctness
273250$_$19,2026,processed_po,1.0,1,0.0,0,-0.9575525522232056,-0.9575525522232056,0.0,0.1,0.5,3,0.5,1.0,1.0,1.0,0,unchanged_correctness
275267$_$5,2026,processed_po,1.0,1,0.0,1,0.0,-0.7111111879348755,0.0,0.1,0.5,3,0.5,1.0,1.0,1.0,1,unchanged_correctness
27v7Blr0vjw$_$0,2026,processed_po,1.0,0,-0.3333333432674408,2,0.2852970957756042,0.2852970957756042,0.0,0.1,0.5,3,0.5,1.0,1.0,1.0,2,unchanged_correctness
27v7Blr0vjw$_$3,2026,processed_po,1.0,1,0.0,2,0.4696761965751648,0.4696761965751648,0.0,0.1,0.5,3,0.5,1.0,1.0,1.0,2,unchanged_correctness
28006$_$22,2026,processed_po,1.0,0,-2.3333332538604736,0,-1.7789729833602903,-1.7789729833602903,0.0,0.1,0.5,3,0.5,1.0,1.0,1.0,0,unchanged_correctness
28006$_$0,2026,processed_po,1.0,0,-2.6666667461395264,0,-1.0172085762023926,-1.0172085762023926,0.0,0.1,0.5,3,0.5,1.0,1.0,1.0,0,unchanged_correctness
28006$_$5,2026,processed_po,1.0,0,-1.6666666269302368,0,-1.4081639051437378,-1.4081639051437378,0.0,0.1,0.5,3,0.5,1.0,1.0,1.0,0,unchanged_correctness
28006$_$7,2026,processed_po,1.0,0,-2.3333332538604736,0,-2.2162795066833496,-2.2162795066833496,0.0,0.1,0.5,3,0.5,1.0,1.0,1.0,0,unchanged_correctness
28006$_$13,2026,processed_po,1.0,0,-2.3333332538604736,0,-2.167484760284424,-2.167484760284424,0.0,0.1,0.5,3,0.5,1.0,1.0,1.0,0,unchanged_correctness
28006$_$15,2026,processed_po,1.0,0,-1.6666666269302368,0,-2.253011703491211,-2.253011703491211,0.0,0.1,0.5,3,0.5,1.0,1.0,1.0,0,unchanged_correctness
28006$_$17,2026,processed_po,1.0,0,-2.0,1,0.0,-0.3643828332424164,0.0,0.1,0.5,3,0.5,1.0,1.0,1.0,1,unchanged_correctness
28006$_$16,2026,processed_po,1.0,0,-1.3333333730697632,0,-2.069486141204834,-2.069486141204834,0.0,0.1,0.5,3,0.5,1.0,1.0,1.0,0,unchanged_correctness
286943$_$5,2026,processed_po,1.0,0,-1.3333333730697632,0,-1.7869888544082642,-1.7869888544082642,0.0,0.1,0.5,3,0.5,1.0,1.0,1.0,0,unchanged_correctness
29751$_$10,2026,processed_po,1.0,1,0.0,0,-0.8056590557098389,-0.8056590557098389,0.0,0.1,0.5,3,0.5,1.0,1.0,1.0,0,unchanged_correctness
29751$_$1,2026,processed_po,1.0,1,0.0,1,0.0,0.2525233030319214,0.0,0.1,0.5,3,0.5,1.0,1.0,1.0,1,unchanged_correctness
29751$_$9,2026,processed_po,1.0,1,0.0,0,-1.2905675172805786,-1.2905675172805786,0.0,0.1,0.5,3,0.5,1.0,1.0,1.0,0,unchanged_correctness
2BuFtglEcaY$_$11,2026,processed_po,1.0,2,2.3333332538604736,2,1.4550164937973022,1.4550164937973022,0.0,0.1,0.5,3,0.5,1.0,1.0,1.0,2,unchanged_correctness
2BuFtglEcaY$_$6,2026,processed_po,1.0,2,1.0,2,0.8061268329620361,0.8061268329620361,0.0,0.1,0.5,3,0.5,1.0,1.0,1.0,2,unchanged_correctness
2ItiGjefTRA$_$3,2026,processed_po,1.0,1,0.0,0,-0.2753154039382934,-0.2753154039382934,0.0,0.1,0.5,3,0.5,1.0,1.0,1.0,0,unchanged_correctness
2ItiGjefTRA$_$4,2026,processed_po,1.0,0,-0.6666666865348816,0,-0.8191972970962524,-0.8191972970962524,0.0,0.1,0.5,3,0.5,1.0,1.0,1.0,0,unchanged_correctness
2W-U94hXuK0$_$3,2026,processed_po,1.0,0,-3.0,0,-1.791717290878296,-1.791717290878296,0.0,0.1,0.5,3,0.5,1.0,1.0,1.0,0,unchanged_correctness
2W-U94hXuK0$_$4,2026,processed_po,1.0,0,-2.0,0,-1.5620107650756836,-1.5620107650756836,0.0,0.1,0.5,3,0.5,1.0,1.0,1.0,0,unchanged_correctness
2fbBrB1nJEQ$_$0,2026,processed_po,1.0,2,2.0,2,1.555026292800903,1.555026292800903,0.0,0.1,0.5,3,0.5,1.0,1.0,1.0,2,unchanged_correctness
2m58ShI1QSI$_$2,2026,processed_po,1.0,2,0.3333333432674408,2,0.5136203169822693,0.5136203169822693,0.0,0.1,0.5,3,0.5,1.0,1.0,1.0,2,unchanged_correctness
2vsgDSlJ9pU$_$0,2026,processed_po,1.0,1,0.0,2,0.3623668551445007,0.3623668551445007,0.0,0.1,0.5,3,0.5,1.0,1.0,1.0,2,unchanged_correctness
2vsgDSlJ9pU$_$13,2026,processed_po,1.0,2,0.6666666865348816,2,1.2342208623886108,1.2342208623886108,0.0,0.1,0.5,3,0.5,1.0,1.0,1.0,2,unchanged_correctness
2ze94yo2aPo$_$0,2026,processed_po,1.0,2,2.0,2,1.097156286239624,1.097156286239624,0.0,0.1,0.5,3,0.5,1.0,1.0,1.0,2,unchanged_correctness
2ze94yo2aPo$_$5,2026,processed_po,1.0,2,1.0,2,0.3775382041931152,0.3775382041931152,0.0,0.1,0.5,3,0.5,1.0,1.0,1.0,2,unchanged_correctness
35694$_$10,2026,processed_po,1.0,1,0.0,0,-0.5862137675285339,-0.5862137675285339,0.0,0.1,0.5,3,0.5,1.0,1.0,1.0,0,unchanged_correctness
35694$_$17,2026,processed_po,1.0,0,-1.6666666269302368,0,-1.359894037246704,-1.359894037246704,0.0,0.1,0.5,3,0.5,1.0,1.0,1.0,0,unchanged_correctness
3At-BKm9eYk$_$5,2026,processed_po,1.0,0,-0.3333333432674408,2,0.8983551263809204,0.8983551263809204,0.0,0.1,0.5,3,0.5,1.0,1.0,1.0,2,unchanged_correctness
3HyAaqre_Fk$_$2,2026,processed_po,1.0,2,1.0,2,0.6413924694061279,0.6413924694061279,0.0,0.1,0.5,3,0.5,1.0,1.0,1.0,2,unchanged_correctness
3HyAaqre_Fk$_$6,2026,processed_po,1.0,2,1.3333333730697632,2,1.8791395425796509,1.8791395425796509,0.0,0.1,0.5,3,0.5,1.0,1.0,1.0,2,unchanged_correctness
3OYY5Tsz_2k$_$7,2026,processed_po,1.0,1,0.0,2,0.230633944272995,0.230633944272995,0.0,0.1,0.5,3,0.5,1.0,1.0,1.0,2,unchanged_correctness
3REPHw7oLWo$_$13,2026,processed_po,1.0,2,0.3333333432674408,2,1.0077643394470217,1.0077643394470217,0.0,0.1,0.5,3,0.5,1.0,1.0,1.0,2,unchanged_correctness
3wHE78v9zr4$_$24,2026,processed_po,1.0,2,1.3333333730697632,2,1.558557629585266,1.558557629585266,0.0,0.1,0.5,3,0.5,1.0,1.0,1.0,2,unchanged_correctness
3wHE78v9zr4$_$7,2026,processed_po,1.0,2,1.6666666269302368,2,0.7345784902572632,0.7345784902572632,0.0,0.1,0.5,3,0.5,1.0,1.0,1.0,2,unchanged_correctness
3wHE78v9zr4$_$9,2026,processed_po,1.0,2,0.3333333432674408,2,1.049769639968872,1.049769639968872,0.0,0.1,0.5,3,0.5,1.0,1.0,1.0,2,unchanged_correctness
3wHE78v9zr4$_$12,2026,processed_po,1.0,2,1.0,2,0.1927693486213684,0.1927693486213684,0.0,0.1,0.5,3,0.5,1.0,1.0,1.0,2,unchanged_correctness
41381$_$7,2026,processed_po,1.0,1,0.0,1,0.0,-0.5318319201469421,0.0,0.1,0.5,3,0.5,1.0,1.0,1.0,1,unchanged_correctness
41381$_$8,2026,processed_po,1.0,2,1.0,2,0.0598312318325042,0.0598312318325042,0.0,0.1,0.5,3,0.5,1.0,1.0,1.0,2,unchanged_correctness
424SXFTCFsA$_$3,2026,processed_po,1.0,2,1.3333333730697632,2,1.425380825996399,1.425380825996399,0.0,0.1,0.5,3,0.5,1.0,1.0,1.0,2,unchanged_correctness
424SXFTCFsA$_$2,2026,processed_po,1.0,2,1.3333333730697632,2,0.4511969983577728,0.4511969983577728,0.0,0.1,0.5,3,0.5,1.0,1.0,1.0,2,unchanged_correctness
424SXFTCFsA$_$4,2026,processed_po,1.0,2,2.0,2,1.187665939331055,1.187665939331055,0.0,0.1,0.5,3,0.5,1.0,1.0,1.0,2,unchanged_correctness
46495$_$9,2026,processed_po,1.0,0,-2.0,0,-2.2798399925231934,-2.2798399925231934,0.0,0.1,0.5,3,0.5,1.0,1.0,1.0,0,unchanged_correctness
46615$_$1,2026,processed_po,1.0,0,-1.3333333730697632,0,-1.2851107120513916,-1.2851107120513916,0.0,0.1,0.5,3,0.5,1.0,1.0,1.0,0,unchanged_correctness
4EDblUpJieU$_$7,2026,processed_po,1.0,2,1.3333333730697632,2,1.2484110593795776,1.2484110593795776,0.0,0.1,0.5,3,0.5,1.0,1.0,1.0,2,unchanged_correctness
53609$_$10,2026,processed_po,1.0,0,-2.0,0,-2.411555290222168,-2.411555290222168,0.0,0.1,0.5,3,0.5,1.0,1.0,1.0,0,unchanged_correctness
53609$_$13,2026,processed_po,1.0,0,-2.0,0,-2.3340506553649902,-2.3340506553649902,0.0,0.1,0.5,3,0.5,1.0,1.0,1.0,0,unchanged_correctness
53609$_$3,2026,processed_po,1.0,1,0.0,0,-1.2396700382232666,-1.2396700382232666,0.0,0.1,0.5,3,0.5,1.0,1.0,1.0,0,unchanged_correctness
53609$_$7,2026,processed_po,1.0,0,-1.6666666269302368,0,-2.3803963661193848,-2.3803963661193848,0.0,0.1,0.5,3,0.5,1.0,1.0,1.0,0,unchanged_correctness
53766$_$4,2026,processed_po,1.0,2,2.3333332538604736,2,1.6343203783035278,1.6343203783035278,0.0,0.1,0.5,3,0.5,1.0,1.0,1.0,2,unchanged_correctness
53766$_$9,2026,processed_po,1.0,2,2.0,2,0.9821491241455078,0.9821491241455078,0.0,0.1,0.5,3,0.5,1.0,1.0,1.0,2,unchanged_correctness
56989$_$12,2026,processed_po,1.0,0,-0.6666666865348816,0,-0.4539582431316376,-0.4539582431316376,0.0,0.1,0.5,3,0.5,1.0,1.0,1.0,0,unchanged_correctness
56989$_$5,2026,processed_po,1.0,0,-2.3333332538604736,0,-2.3203988075256348,-2.3203988075256348,0.0,0.1,0.5,3,0.5,1.0,1.0,1.0,0,unchanged_correctness
56989$_$9,2026,processed_po,1.0,2,1.0,2,1.450491189956665,1.450491189956665,0.0,0.1,0.5,3,0.5,1.0,1.0,1.0,2,unchanged_correctness
59673$_$4,2026,processed_po,1.0,2,1.0,0,-1.4637975692749023,-1.4637975692749023,0.0,0.1,0.5,3,0.5,1.0,1.0,1.0,0,unchanged_correctness
59673$_$6,2026,processed_po,1.0,0,-0.3333333432674408,0,-1.904262900352478,-1.904262900352478,0.0,0.1,0.5,3,0.5,1.0,1.0,1.0,0,unchanged_correctness
5eY4S1F62Z4$_$13,2026,processed_po,1.0,2,0.3333333432674408,0,-0.5828492045402527,-0.5828492045402527,0.0,0.1,0.5,3,0.5,1.0,1.0,1.0,0,unchanged_correctness
5eY4S1F62Z4$_$17,2026,processed_po,1.0,2,0.3333333432674408,1,0.0,-0.0347868576645851,0.0,0.1,0.5,3,0.5,1.0,1.0,1.0,1,unchanged_correctness
5fKPJPFqPho$_$2,2026,processed_po,1.0,2,0.6666666865348816,2,0.3971199095249176,0.3971199095249176,0.0,0.1,0.5,3,0.5,1.0,1.0,1.0,2,unchanged_correctness
5lrDS7LluCA$_$4,2026,processed_po,1.0,2,1.0,2,2.180579423904419,2.180579423904419,0.0,0.1,0.5,3,0.5,1.0,1.0,1.0,2,unchanged_correctness
5pxFqJ5hKMU$_$2,2026,processed_po,1.0,1,0.0,2,0.3092439472675323,0.3092439472675323,0.0,0.1,0.5,3,0.5,1.0,1.0,1.0,2,unchanged_correctness
5vwXp27bCLw$_$16,2026,processed_po,1.0,1,0.0,1,0.0,0.0352036729454994,0.0,0.1,0.5,3,0.5,1.0,1.0,1.0,1,unchanged_correctness
5xa0Ac2krGs$_$2,2026,processed_po,1.0,0,-0.3333333432674408,0,-0.3987405002117157,-0.3987405002117157,0.0,0.1,0.5,3,0.5,1.0,1.0,1.0,0,unchanged_correctness
5xa0Ac2krGs$_$7,2026,processed_po,1.0,2,0.3333333432674408,1,0.0,0.279111236333847,0.0,0.1,0.5,3,0.5,1.0,1.0,1.0,1,unchanged_correctness
61531$_$3,2026,processed_po,1.0,1,0.0,1,0.0,0.0195259042084217,0.0,0.1,0.5,3,0.5,1.0,1.0,1.0,1,unchanged_correctness
61531$_$9,2026,processed_po,1.0,2,2.0,2,2.0832014083862305,2.0832014083862305,0.0,0.1,0.5,3,0.5,1.0,1.0,1.0,2,unchanged_correctness
63951$_$1,2026,processed_po,1.0,1,0.0,2,0.0870424807071685,0.0870424807071685,0.0,0.1,0.5,3,0.5,1.0,1.0,1.0,2,unchanged_correctness
67uKYi7mslE$_$3,2026,processed_po,1.0,2,0.6666666865348816,2,0.280834823846817,0.280834823846817,0.0,0.1,0.5,3,0.5,1.0,1.0,1.0,2,unchanged_correctness
67uKYi7mslE$_$4,2026,processed_po,1.0,1,0.0,2,0.0815474689006805,0.0815474689006805,0.0,0.1,0.5,3,0.5,1.0,1.0,1.0,2,unchanged_correctness
69824$_$5,2026,processed_po,1.0,0,-2.6666667461395264,0,-2.465179681777954,-2.465179681777954,0.0,0.1,0.5,3,0.5,1.0,1.0,1.0,0,unchanged_correctness
6EDoVEm16fU$_$13,2026,processed_po,1.0,2,1.3333333730697632,2,1.7386701107025146,1.7386701107025146,0.0,0.1,0.5,3,0.5,1.0,1.0,1.0,2,unchanged_correctness
6EDoVEm16fU$_$4,2026,processed_po,1.0,2,1.6666666269302368,2,1.2289403676986694,1.2289403676986694,0.0,0.1,0.5,3,0.5,1.0,1.0,1.0,2,unchanged_correctness
6EDoVEm16fU$_$6,2026,processed_po,1.0,2,1.0,2,0.8102776408195496,0.8102776408195496,0.0,0.1,0.5,3,0.5,1.0,1.0,1.0,2,unchanged_correctness
6EJHA6IDLNk$_$3,2026,processed_po,1.0,2,0.6666666865348816,2,0.4900572299957275,0.4900572299957275,0.0,0.1,0.5,3,0.5,1.0,1.0,1.0,2,unchanged_correctness
6EJHA6IDLNk$_$4,2026,processed_po,1.0,1,0.0,2,0.7458955645561218,0.7458955645561218,0.0,0.1,0.5,3,0.5,1.0,1.0,1.0,2,unchanged_correctness
6RFVsOWK1m4$_$7,2026,processed_po,1.0,0,-0.6666666865348816,0,-1.7121448516845703,-1.7121448516845703,0.0,0.1,0.5,3,0.5,1.0,1.0,1.0,0,unchanged_correctness
6RFVsOWK1m4$_$9,2026,processed_po,1.0,2,1.0,2,0.6012802720069885,0.6012802720069885,0.0,0.1,0.5,3,0.5,1.0,1.0,1.0,2,unchanged_correctness
6brtMLkjjYk$_$0,2026,processed_po,1.0,2,2.0,2,0.6600235104560852,0.6600235104560852,0.0,0.1,0.5,3,0.5,1.0,1.0,1.0,2,unchanged_correctness
6gtfeIqGasE$_$0,2026,processed_po,1.0,2,1.3333333730697632,2,1.3629646301269531,1.3629646301269531,0.0,0.1,0.5,3,0.5,1.0,1.0,1.0,2,unchanged_correctness
6uoM8-9d0zA$_$4,2026,processed_po,1.0,2,0.6666666865348816,2,0.6253455877304077,0.6253455877304077,0.0,0.1,0.5,3,0.5,1.0,1.0,1.0,2,unchanged_correctness
79356$_$7,2026,processed_po,1.0,2,2.6666667461395264,2,0.4148263931274414,0.4148263931274414,0.0,0.1,0.5,3,0.5,1.0,1.0,1.0,2,unchanged_correctness
79356$_$9,2026,processed_po,1.0,2,1.0,0,-0.3780120015144348,-0.3780120015144348,0.0,0.1,0.5,3,0.5,1.0,1.0,1.0,0,unchanged_correctness
7IxmlIwqigw$_$20,2026,processed_po,1.0,2,0.6666666865348816,2,0.4723126888275146,0.4723126888275146,0.0,0.1,0.5,3,0.5,1.0,1.0,1.0,2,unchanged_correctness
7IxmlIwqigw$_$16,2026,processed_po,1.0,2,0.6666666865348816,2,0.8394043445587158,0.8394043445587158,0.0,0.1,0.5,3,0.5,1.0,1.0,1.0,2,unchanged_correctness
7deoh0NoMs4$_$0,2026,processed_po,1.0,2,2.0,2,0.9834303855895996,0.9834303855895996,0.0,0.1,0.5,3,0.5,1.0,1.0,1.0,2,unchanged_correctness
7f3ndBCx_JE$_$19,2026,processed_po,1.0,2,2.0,2,1.8706905841827397,1.8706905841827397,0.0,0.1,0.5,3,0.5,1.0,1.0,1.0,2,unchanged_correctness
7mb8Y2AhXIY$_$6,2026,processed_po,1.0,2,2.0,2,0.8034507036209106,0.8034507036209106,0.0,0.1,0.5,3,0.5,1.0,1.0,1.0,2,unchanged_correctness
83400$_$5,2026,processed_po,1.0,1,0.0,0,-0.838981568813324,-0.838981568813324,0.0,0.1,0.5,3,0.5,1.0,1.0,1.0,0,unchanged_correctness
86c2OkQ3_U8$_$22,2026,processed_po,1.0,2,2.0,2,1.1123876571655271,1.1123876571655271,0.0,0.1,0.5,3,0.5,1.0,1.0,1.0,2,unchanged_correctness
86c2OkQ3_U8$_$3,2026,processed_po,1.0,2,0.6666666865348816,2,0.5891931653022766,0.5891931653022766,0.0,0.1,0.5,3,0.5,1.0,1.0,1.0,2,unchanged_correctness
88791$_$15,2026,processed_po,1.0,2,0.3333333432674408,2,0.7931846380233765,0.7931846380233765,0.0,0.1,0.5,3,0.5,1.0,1.0,1.0,2,unchanged_correctness
88791$_$1,2026,processed_po,1.0,0,-1.0,1,0.0,-0.1215545982122421,0.0,0.1,0.5,3,0.5,1.0,1.0,1.0,1,unchanged_correctness
88791$_$2,2026,processed_po,1.0,1,0.0,1,0.0,-0.1947183161973953,0.0,0.1,0.5,3,0.5,1.0,1.0,1.0,1,unchanged_correctness
8XZszYrUSCQ$_$0,2026,processed_po,1.0,2,1.0,2,1.5009348392486572,1.5009348392486572,0.0,0.1,0.5,3,0.5,1.0,1.0,1.0,2,unchanged_correctness
8i7u3fl-hP8$_$0,2026,processed_po,1.0,2,1.3333333730697632,2,1.6512186527252195,1.6512186527252195,0.0,0.1,0.5,3,0.5,1.0,1.0,1.0,2,unchanged_correctness
8lfS97s2AKc$_$0,2026,processed_po,1.0,0,-1.3333333730697632,0,-1.770157814025879,-1.770157814025879,0.0,0.1,0.5,3,0.5,1.0,1.0,1.0,0,unchanged_correctness
8lfS97s2AKc$_$7,2026,processed_po,1.0,0,-1.0,1,0.0,0.4733332693576813,0.0,0.1,0.5,3,0.5,1.0,1.0,1.0,1,unchanged_correctness
8wNr-NQImFg$_$8,2026,processed_po,1.0,2,0.3333333432674408,2,1.5545722246170044,1.5545722246170044,0.0,0.1,0.5,3,0.5,1.0,1.0,1.0,2,unchanged_correctness
8wQhzezNcUY$_$1,2026,processed_po,1.0,2,2.0,2,1.580770492553711,1.580770492553711,0.0,0.1,0.5,3,0.5,1.0,1.0,1.0,2,unchanged_correctness
8wQhzezNcUY$_$2,2026,processed_po,1.0,2,1.0,2,1.6994529962539673,1.6994529962539673,0.0,0.1,0.5,3,0.5,1.0,1.0,1.0,2,unchanged_correctness
91844$_$10,2026,processed_po,1.0,0,-0.3333333432674408,0,-1.6868677139282229,-1.6868677139282229,0.0,0.1,0.5,3,0.5,1.0,1.0,1.0,0,unchanged_correctness
91844$_$5,2026,processed_po,1.0,2,3.0,0,-1.6991899013519287,-1.6991899013519287,0.0,0.1,0.5,3,0.5,1.0,1.0,1.0,0,unchanged_correctness
91844$_$7,2026,processed_po,1.0,2,0.6666666865348816,0,-1.4460108280181885,-1.4460108280181885,0.0,0.1,0.5,3,0.5,1.0,1.0,1.0,0,unchanged_correctness
91844$_$9,2026,processed_po,1.0,0,-0.3333333432674408,0,-0.9957257509231568,-0.9957257509231568,0.0,0.1,0.5,3,0.5,1.0,1.0,1.0,0,unchanged_correctness
92291$_$1,2026,processed_po,1.0,2,1.3333333730697632,1,0.0,0.3506420850753784,0.0,0.1,0.5,3,0.5,1.0,1.0,1.0,1,unchanged_correctness
92291$_$2,2026,processed_po,1.0,1,0.0,1,0.0,0.2451796978712082,0.0,0.1,0.5,3,0.5,1.0,1.0,1.0,1,unchanged_correctness
92291$_$5,2026,processed_po,1.0,0,-2.3333332538604736,0,-1.8924944400787356,-1.8924944400787356,0.0,0.1,0.5,3,0.5,1.0,1.0,1.0,0,unchanged_correctness
92496$_$0,2026,processed_po,1.0,0,-2.6666667461395264,0,-1.1563876867294312,-1.1563876867294312,0.0,0.1,0.5,3,0.5,1.0,1.0,1.0,0,unchanged_correctness
93iGT5oueTA$_$12,2026,processed_po,1.0,0,-2.0,0,-2.2579779624938965,-2.2579779624938965,0.0,0.1,0.5,3,0.5,1.0,1.0,1.0,0,unchanged_correctness
93iGT5oueTA$_$4,2026,processed_po,1.0,2,1.3333333730697632,1,0.0,0.4564798772335052,0.0,0.1,0.5,3,0.5,1.0,1.0,1.0,1,unchanged_correctness
94481$_$2,2026,processed_po,1.0,2,0.6666666865348816,2,1e-06,-0.076871857047081,0.0,0.1,0.5,3,0.5,1.0,1.0,1.0,2,unchanged_correctness
94481$_$4,2026,processed_po,1.0,2,2.6666667461395264,2,0.3184682726860046,0.3184682726860046,0.0,0.1,0.5,3,0.5,1.0,1.0,1.0,2,unchanged_correctness
97ENTofrmNo$_$0,2026,processed_po,1.0,2,1.3333333730697632,2,1.0914226770401,1.0914226770401,0.0,0.1,0.5,3,0.5,1.0,1.0,1.0,2,unchanged_correctness
9GzFQBljNIY$_$0,2026,processed_po,1.0,1,0.0,1,0.0,-0.0713497698307037,0.0,0.1,0.5,3,0.5,1.0,1.0,1.0,1,unchanged_correctness
9PzZSheh10U$_$24,2026,processed_po,1.0,2,2.3333332538604736,2,0.6444091796875,0.6444091796875,0.0,0.1,0.5,3,0.5,1.0,1.0,1.0,2,unchanged_correctness
9PzZSheh10U$_$23,2026,processed_po,1.0,2,0.6666666865348816,2,1e-06,-0.0306738689541816,0.0,0.1,0.5,3,0.5,1.0,1.0,1.0,2,unchanged_correctness
9PzZSheh10U$_$5,2026,processed_po,1.0,1,0.0,2,0.2392381429672241,0.2392381429672241,0.0,0.1,0.5,3,0.5,1.0,1.0,1.0,2,unchanged_correctness
9PzZSheh10U$_$19,2026,processed_po,1.0,2,0.3333333432674408,2,0.1809281408786773,0.1809281408786773,0.0,0.1,0.5,3,0.5,1.0,1.0,1.0,2,unchanged_correctness
9cYNT_YSo8o$_$2,2026,processed_po,1.0,0,-1.0,0,-0.8269712924957275,-0.8269712924957275,0.0,0.1,0.5,3,0.5,1.0,1.0,1.0,0,unchanged_correctness
9orb0lQnVW4$_$0,2026,processed_po,1.0,1,0.0,1,0.0,0.0473598204553127,0.0,0.1,0.5,3,0.5,1.0,1.0,1.0,1,unchanged_correctness
A1lFJXUpxZo$_$7,2026,processed_po,1.0,2,1.6666666269302368,2,1.441275715827942,1.441275715827942,0.0,0.1,0.5,3,0.5,1.0,1.0,1.0,2,unchanged_correctness
AB1PbMaW03s$_$13,2026,processed_po,1.0,1,0.0,1,0.0,-0.0017918383236974,0.0,0.1,0.5,3,0.5,1.0,1.0,1.0,1,unchanged_correctness
AB1PbMaW03s$_$3,2026,processed_po,1.0,2,0.3333333432674408,2,0.199912279844284,0.199912279844284,0.0,0.1,0.5,3,0.5,1.0,1.0,1.0,2,unchanged_correctness
AB1PbMaW03s$_$8,2026,processed_po,1.0,1,0.0,1,0.0,-0.0486762672662735,0.0,0.1,0.5,3,0.5,1.0,1.0,1.0,1,unchanged_correctness
AHiA9hohKr8$_$0,2026,processed_po,1.0,1,0.0,2,1.0318140983581543,1.0318140983581543,0.0,0.1,0.5,3,0.5,1.0,1.0,1.0,2,unchanged_correctness
C5-cY1nPQ20$_$11,2026,processed_po,1.0,2,0.6666666865348816,2,0.8649224042892456,0.8649224042892456,0.0,0.1,0.5,3,0.5,1.0,1.0,1.0,2,unchanged_correctness
C5-cY1nPQ20$_$8,2026,processed_po,1.0,2,0.3333333432674408,2,1.0932958126068115,1.0932958126068115,0.0,0.1,0.5,3,0.5,1.0,1.0,1.0,2,unchanged_correctness
CKqDDh50gcU$_$14,2026,processed_po,1.0,2,1.3333333730697632,2,1.077017068862915,1.077017068862915,0.0,0.1,0.5,3,0.5,1.0,1.0,1.0,2,unchanged_correctness
CKqDDh50gcU$_$6,2026,processed_po,1.0,2,1.6666666269302368,2,0.9857091307640076,0.9857091307640076,0.0,0.1,0.5,3,0.5,1.0,1.0,1.0,2,unchanged_correctness
CO2YoTZbUr0$_$0,2026,processed_po,1.0,1,0.0,0,-1.1985522508621216,-1.1985522508621216,0.0,0.1,0.5,3,0.5,1.0,1.0,1.0,0,unchanged_correctness
CO6n-skQJss$_$0,2026,processed_po,1.0,1,0.0,2,0.5085769891738892,0.5085769891738892,0.0,0.1,0.5,3,0.5,1.0,1.0,1.0,2,unchanged_correctness
CO6n-skQJss$_$3,2026,processed_po,1.0,0,-1.3333333730697632,2,0.1749430149793625,0.1749430149793625,0.0,0.1,0.5,3,0.5,1.0,1.0,1.0,2,unchanged_correctness
CU6U-gS76K4$_$20,2026,processed_po,1.0,2,1.6666666269302368,2,1.216737985610962,1.216737985610962,0.0,0.1,0.5,3,0.5,1.0,1.0,1.0,2,unchanged_correctness
CbRexsp1HKw$_$7,2026,processed_po,1.0,1,0.0,0,-0.4989812970161438,-0.4989812970161438,0.0,0.1,0.5,3,0.5,1.0,1.0,1.0,0,unchanged_correctness
ChhZna-aBK4$_$10,2026,processed_po,1.0,2,0.3333333432674408,2,0.1380091905593872,0.1380091905593872,0.0,0.1,0.5,3,0.5,1.0,1.0,1.0,2,unchanged_correctness
ChhZna-aBK4$_$16,2026,processed_po,1.0,1,0.0,1,0.0,0.2577763795852661,0.0,0.1,0.5,3,0.5,1.0,1.0,1.0,1,unchanged_correctness
ChhZna-aBK4$_$8,2026,processed_po,1.0,2,0.6666666865348816,2,0.7423261404037476,0.7423261404037476,0.0,0.1,0.5,3,0.5,1.0,1.0,1.0,2,unchanged_correctness
DVAY-u_cJWU$_$5,2026,processed_po,1.0,2,1.0,2,1.4868801832199097,1.4868801832199097,0.0,0.1,0.5,3,0.5,1.0,1.0,1.0,2,unchanged_correctness
DjcZrtcBZi4$_$10,2026,processed_po,1.0,2,0.3333333432674408,2,0.5231146216392517,0.5231146216392517,0.0,0.1,0.5,3,0.5,1.0,1.0,1.0,2,unchanged_correctness
DjcZrtcBZi4$_$8,2026,processed_po,1.0,1,0.0,2,0.4377840757369995,0.4377840757369995,0.0,0.1,0.5,3,0.5,1.0,1.0,1.0,2,unchanged_correctness
DnBHq5I52LM$_$5,2026,processed_po,1.0,0,-1.3333333730697632,0,-1.6066350936889648,-1.6066350936889648,0.0,0.1,0.5,3,0.5,1.0,1.0,1.0,0,unchanged_correctness
DtbT85s3i94$_$5,2026,processed_po,1.0,2,1.0,0,-0.0066430270671844,-0.0066430270671844,0.0,0.1,0.5,3,0.5,1.0,1.0,1.0,0,unchanged_correctness
EMS14J0odIE$_$16,2026,processed_po,1.0,0,-0.3333333432674408,2,0.1320952773094177,0.1320952773094177,0.0,0.1,0.5,3,0.5,1.0,1.0,1.0,2,unchanged_correctness
EO_5o9Gup6g$_$10,2026,processed_po,1.0,0,-0.6666666865348816,0,-0.8201217651367188,-0.8201217651367188,0.0,0.1,0.5,3,0.5,1.0,1.0,1.0,0,unchanged_correctness
EO_5o9Gup6g$_$4,2026,processed_po,1.0,0,-1.0,2,1e-06,-0.45998015999794,0.0,0.1,0.5,3,0.5,1.0,1.0,1.0,2,unchanged_correctness
EO_5o9Gup6g$_$6,2026,processed_po,1.0,0,-2.0,0,-1.4708935022354126,-1.4708935022354126,0.0,0.1,0.5,3,0.5,1.0,1.0,1.0,0,unchanged_correctness
EyoMU2yoJPY$_$11,2026,processed_po,1.0,2,1.6666666269302368,2,1.5558810234069824,1.5558810234069824,0.0,0.1,0.5,3,0.5,1.0,1.0,1.0,2,unchanged_correctness
EyoMU2yoJPY$_$7,2026,processed_po,1.0,0,-0.3333333432674408,0,-1e-06,0.2569405436515808,0.0,0.1,0.5,3,0.5,1.0,1.0,1.0,0,unchanged_correctness
F2hc2FLOdhI$_$3,2026,processed_po,1.0,2,1.0,0,-1.5707871913909912,-1.5707871913909912,0.0,0.1,0.5,3,0.5,1.0,1.0,1.0,0,unchanged_correctness
F2hc2FLOdhI$_$5,2026,processed_po,1.0,2,1.0,2,0.1998817920684814,0.1998817920684814,0.0,0.1,0.5,3,0.5,1.0,1.0,1.0,2,unchanged_correctness
F8eQI8E-6q4$_$3,2026,processed_po,1.0,0,-0.6666666865348816,0,-1.9726442098617556,-1.9726442098617556,0.0,0.1,0.5,3,0.5,1.0,1.0,1.0,0,unchanged_correctness
FHDVQkU-nGI$_$7,2026,processed_po,1.0,2,2.0,2,2.1101694107055664,2.1101694107055664,0.0,0.1,0.5,3,0.5,1.0,1.0,1.0,2,unchanged_correctness
F_YaG_pvZrA$_$11,2026,processed_po,1.0,1,0.0,2,1.0208728313446045,1.0208728313446045,0.0,0.1,0.5,3,0.5,1.0,1.0,1.0,2,unchanged_correctness
GAVpYuhMZAw$_$12,2026,processed_po,1.0,2,1.0,1,0.0,0.0808431804180145,0.0,0.1,0.5,3,0.5,1.0,1.0,1.0,1,unchanged_correctness
GAVpYuhMZAw$_$1,2026,processed_po,1.0,2,2.0,1,0.0,0.1457132995128631,0.0,0.1,0.5,3,0.5,1.0,1.0,1.0,1,unchanged_correctness
GAVpYuhMZAw$_$4,2026,processed_po,1.0,2,0.3333333432674408,1,0.0,0.0699463263154029,0.0,0.1,0.5,3,0.5,1.0,1.0,1.0,1,unchanged_correctness
GAVpYuhMZAw$_$6,2026,processed_po,1.0,0,-0.3333333432674408,0,-0.0697866156697273,-0.0697866156697273,0.0,0.1,0.5,3,0.5,1.0,1.0,1.0,0,unchanged_correctness
GK-Pprzh0t0$_$1,2026,processed_po,1.0,0,-1.6666666269302368,0,-1.1306902170181274,-1.1306902170181274,0.0,0.1,0.5,3,0.5,1.0,1.0,1.0,0,unchanged_correctness
GKsjv42t284$_$1,2026,processed_po,1.0,2,1.3333333730697632,2,1.151313304901123,1.151313304901123,0.0,0.1,0.5,3,0.5,1.0,1.0,1.0,2,unchanged_correctness
GMa0cIAltnw$_$3,2026,processed_po,1.0,2,0.3333333432674408,2,0.4531893730163574,0.4531893730163574,0.0,0.1,0.5,3,0.5,1.0,1.0,1.0,2,unchanged_correctness
GNP0PFas12Y$_$4,2026,processed_po,1.0,2,0.3333333432674408,2,0.7050012946128845,0.7050012946128845,0.0,0.1,0.5,3,0.5,1.0,1.0,1.0,2,unchanged_correctness
HFPGeaEPy9o$_$0,2026,processed_po,1.0,0,-0.3333333432674408,0,-1.72052264213562,-1.72052264213562,0.0,0.1,0.5,3,0.5,1.0,1.0,1.0,0,unchanged_correctness
HJTxq72GuMs$_$14,2026,processed_po,1.0,2,0.6666666865348816,2,0.6033905744552612,0.6033905744552612,0.0,0.1,0.5,3,0.5,1.0,1.0,1.0,2,unchanged_correctness
HMRqR-P68Ws$_$0,2026,processed_po,1.0,2,1.0,1,0.0,0.0480310916900634,0.0,0.1,0.5,3,0.5,1.0,1.0,1.0,1,unchanged_correctness
HR18U0yAlTc$_$10,2026,processed_po,1.0,1,0.0,2,1.8230726718902588,1.8230726718902588,0.0,0.1,0.5,3,0.5,1.0,1.0,1.0,2,unchanged_correctness
HR18U0yAlTc$_$4,2026,processed_po,1.0,0,-0.3333333432674408,2,0.5018987655639648,0.5018987655639648,0.0,0.1,0.5,3,0.5,1.0,1.0,1.0,2,unchanged_correctness
HR18U0yAlTc$_$9,2026,processed_po,1.0,0,-0.3333333432674408,2,1.1938308477401731,1.1938308477401731,0.0,0.1,0.5,3,0.5,1.0,1.0,1.0,2,unchanged_correctness
HbaycY0VuZk$_$0,2026,processed_po,1.0,2,1.3333333730697632,2,0.4665412008762359,0.4665412008762359,0.0,0.1,0.5,3,0.5,1.0,1.0,1.0,2,unchanged_correctness
IHp8hd1jm6k$_$27,2026,processed_po,1.0,2,1.3333333730697632,2,0.7063254117965698,0.7063254117965698,0.0,0.1,0.5,3,0.5,1.0,1.0,1.0,2,unchanged_correctness
IHp8hd1jm6k$_$0,2026,processed_po,1.0,2,1.6666666269302368,2,0.5593839883804321,0.5593839883804321,0.0,0.1,0.5,3,0.5,1.0,1.0,1.0,2,unchanged_correctness
IHp8hd1jm6k$_$5,2026,processed_po,1.0,2,1.0,2,1.414182424545288,1.414182424545288,0.0,0.1,0.5,3,0.5,1.0,1.0,1.0,2,unchanged_correctness
IHp8hd1jm6k$_$7,2026,processed_po,1.0,1,0.0,0,-1e-06,0.1385194361209869,0.0,0.1,0.5,3,0.5,1.0,1.0,1.0,0,unchanged_correctness
IHp8hd1jm6k$_$15,2026,processed_po,1.0,2,1.3333333730697632,2,0.8264269828796387,0.8264269828796387,0.0,0.1,0.5,3,0.5,1.0,1.0,1.0,2,unchanged_correctness
IIPYcCii7Sg$_$3,2026,processed_po,1.0,0,-0.3333333432674408,1,0.0,0.1108549684286117,0.0,0.1,0.5,3,0.5,1.0,1.0,1.0,1,unchanged_correctness
IRSxo_XXArg$_$12,2026,processed_po,1.0,1,0.0,2,1.9478570222854612,1.9478570222854612,0.0,0.1,0.5,3,0.5,1.0,1.0,1.0,2,unchanged_correctness
IRSxo_XXArg$_$7,2026,processed_po,1.0,1,0.0,2,2.024235725402832,2.024235725402832,0.0,0.1,0.5,3,0.5,1.0,1.0,1.0,2,unchanged_correctness
Iemw8vqt-54$_$13,2026,processed_po,1.0,2,0.3333333432674408,2,0.5208429098129272,0.5208429098129272,0.0,0.1,0.5,3,0.5,1.0,1.0,1.0,2,unchanged_correctness
Iemw8vqt-54$_$0,2026,processed_po,1.0,2,0.6666666865348816,2,1.3029208183288574,1.3029208183288574,0.0,0.1,0.5,3,0.5,1.0,1.0,1.0,2,unchanged_correctness
Iemw8vqt-54$_$9,2026,processed_po,1.0,2,1.0,2,0.6174535751342773,0.6174535751342773,0.0,0.1,0.5,3,0.5,1.0,1.0,1.0,2,unchanged_correctness
JKueLneBoik$_$0,2026,processed_po,1.0,2,1.0,2,1.5117655992507937,1.5117655992507937,0.0,0.1,0.5,3,0.5,1.0,1.0,1.0,2,unchanged_correctness
JKueLneBoik$_$4,2026,processed_po,1.0,1,0.0,2,0.0894466191530227,0.0894466191530227,0.0,0.1,0.5,3,0.5,1.0,1.0,1.0,2,unchanged_correctness
JNhqI4JtPXA$_$3,2026,processed_po,1.0,2,2.0,2,2.2442593574523926,2.2442593574523926,0.0,0.1,0.5,3,0.5,1.0,1.0,1.0,2,unchanged_correctness
JXYot3NDQn0$_$2,2026,processed_po,1.0,2,0.6666666865348816,2,1.9865076541900637,1.9865076541900637,0.0,0.1,0.5,3,0.5,1.0,1.0,1.0,2,unchanged_correctness
KB5hSnV1emg$_$3,2026,processed_po,1.0,1,0.0,0,-0.1271640956401825,-0.1271640956401825,0.0,0.1,0.5,3,0.5,1.0,1.0,1.0,0,unchanged_correctness
Kn5eKHlPD0k$_$12,2026,processed_po,1.0,2,1.0,2,0.497931957244873,0.497931957244873,0.0,0.1,0.5,3,0.5,1.0,1.0,1.0,2,unchanged_correctness
Kn99u05vlpA$_$5,2026,processed_po,1.0,2,1.6666666269302368,2,0.3052475154399872,0.3052475154399872,0.0,0.1,0.5,3,0.5,1.0,1.0,1.0,2,unchanged_correctness
L-7oRnbi9-w$_$3,2026,processed_po,1.0,2,0.3333333432674408,2,0.5165637135505676,0.5165637135505676,0.0,0.1,0.5,3,0.5,1.0,1.0,1.0,2,unchanged_correctness
L-a4Sh6iAcw$_$7,2026,processed_po,1.0,2,0.6666666865348816,2,0.6709758043289185,0.6709758043289185,0.0,0.1,0.5,3,0.5,1.0,1.0,1.0,2,unchanged_correctness
L-a4Sh6iAcw$_$9,2026,processed_po,1.0,2,0.6666666865348816,2,1.172120213508606,1.172120213508606,0.0,0.1,0.5,3,0.5,1.0,1.0,1.0,2,unchanged_correctness
LD3HYOwk1Bc$_$0,2026,processed_po,1.0,1,0.0,2,0.7824645042419434,0.7824645042419434,0.0,0.1,0.5,3,0.5,1.0,1.0,1.0,2,unchanged_correctness
LJGL2sGvSS0$_$2,2026,processed_po,1.0,2,1.3333333730697632,1,0.0,0.0152383362874388,0.0,0.1,0.5,3,0.5,1.0,1.0,1.0,1,unchanged_correctness
LJGL2sGvSS0$_$10,2026,processed_po,1.0,2,1.3333333730697632,2,0.8268498182296753,0.8268498182296753,0.0,0.1,0.5,3,0.5,1.0,1.0,1.0,2,unchanged_correctness
LJGL2sGvSS0$_$14,2026,processed_po,1.0,2,1.6666666269302368,2,1.5881869792938232,1.5881869792938232,0.0,0.1,0.5,3,0.5,1.0,1.0,1.0,2,unchanged_correctness
LJGL2sGvSS0$_$19,2026,processed_po,1.0,2,1.0,2,0.1465135961771011,0.1465135961771011,0.0,0.1,0.5,3,0.5,1.0,1.0,1.0,2,unchanged_correctness
LcfubBagG6Q$_$1,2026,processed_po,1.0,2,1.3333333730697632,2,0.75209641456604,0.75209641456604,0.0,0.1,0.5,3,0.5,1.0,1.0,1.0,2,unchanged_correctness
LcfubBagG6Q$_$3,2026,processed_po,1.0,2,0.3333333432674408,1,0.0,0.103766918182373,0.0,0.1,0.5,3,0.5,1.0,1.0,1.0,1,unchanged_correctness
LyOq9mOEPuk$_$8,2026,processed_po,1.0,0,-0.6666666865348816,0,-1.1135878562927246,-1.1135878562927246,0.0,0.1,0.5,3,0.5,1.0,1.0,1.0,0,unchanged_correctness
MHVrwCEWLPI$_$4,2026,processed_po,1.0,2,1.0,2,1.2583643198013306,1.2583643198013306,0.0,0.1,0.5,3,0.5,1.0,1.0,1.0,2,unchanged_correctness
MHVrwCEWLPI$_$6,2026,processed_po,1.0,2,0.3333333432674408,2,0.2142046988010406,0.2142046988010406,0.0,0.1,0.5,3,0.5,1.0,1.0,1.0,2,unchanged_correctness
MHyW857u_X8$_$18,2026,processed_po,1.0,0,-0.3333333432674408,2,0.2546172142028808,0.2546172142028808,0.0,0.1,0.5,3,0.5,1.0,1.0,1.0,2,unchanged_correctness
MZUr1DfYNNw$_$1,2026,processed_po,1.0,2,1.3333333730697632,2,0.1976910829544067,0.1976910829544067,0.0,0.1,0.5,3,0.5,1.0,1.0,1.0,2,unchanged_correctness
NIpuKcoJhGM$_$0,2026,processed_po,1.0,2,2.0,0,-1e-06,0.4495419263839721,0.0,0.1,0.5,3,0.5,1.0,1.0,1.0,0,unchanged_correctness
NVLPURuAVLU$_$2,2026,processed_po,1.0,0,-0.6666666865348816,0,-0.0845686122775077,-0.0845686122775077,0.0,0.1,0.5,3,0.5,1.0,1.0,1.0,0,unchanged_correctness
NaWmaHwjElo$_$5,2026,processed_po,1.0,1,0.0,0,-0.1534385979175567,-0.1534385979175567,0.0,0.1,0.5,3,0.5,1.0,1.0,1.0,0,unchanged_correctness
NiAjz4ciA60$_$1,2026,processed_po,1.0,2,1.0,2,1.4509669542312622,1.4509669542312622,0.0,0.1,0.5,3,0.5,1.0,1.0,1.0,2,unchanged_correctness
NocexkPXja8$_$13,2026,processed_po,1.0,0,-1.0,0,-0.9284591674804688,-0.9284591674804688,0.0,0.1,0.5,3,0.5,1.0,1.0,1.0,0,unchanged_correctness
NocexkPXja8$_$4,2026,processed_po,1.0,0,-2.3333332538604736,0,-1.9609962701797483,-1.9609962701797483,0.0,0.1,0.5,3,0.5,1.0,1.0,1.0,0,unchanged_correctness
O-b3DQg0QmA$_$1,2026,processed_po,1.0,1,0.0,2,0.3172473609447479,0.3172473609447479,0.0,0.1,0.5,3,0.5,1.0,1.0,1.0,2,unchanged_correctness
OFia3dWgaoI$_$0,2026,processed_po,1.0,0,-1.3333333730697632,0,-0.1849760115146637,-0.1849760115146637,0.0,0.1,0.5,3,0.5,1.0,1.0,1.0,0,unchanged_correctness
OFia3dWgaoI$_$6,2026,processed_po,1.0,0,-0.6666666865348816,0,-0.6945992112159729,-0.6945992112159729,0.0,0.1,0.5,3,0.5,1.0,1.0,1.0,0,unchanged_correctness
OKJPFisBoPY$_$0,2026,processed_po,1.0,2,0.3333333432674408,2,1.058321475982666,1.058321475982666,0.0,0.1,0.5,3,0.5,1.0,1.0,1.0,2,unchanged_correctness
OORklkFql3k$_$10,2026,processed_po,1.0,0,-0.3333333432674408,0,-0.9781863689422609,-0.9781863689422609,0.0,0.1,0.5,3,0.5,1.0,1.0,1.0,0,unchanged_correctness
OORklkFql3k$_$4,2026,processed_po,1.0,0,-2.0,2,1e-06,-0.0389268025755882,0.0,0.1,0.5,3,0.5,1.0,1.0,1.0,2,unchanged_correctness
OWWHjP3pX9o$_$0,2026,processed_po,1.0,0,-0.3333333432674408,0,-0.0449878796935081,-0.0449878796935081,0.0,0.1,0.5,3,0.5,1.0,1.0,1.0,0,unchanged_correctness
OWWHjP3pX9o$_$4,2026,processed_po,1.0,2,0.6666666865348816,2,0.0196999721229076,0.0196999721229076,0.0,0.1,0.5,3,0.5,1.0,1.0,1.0,2,unchanged_correctness
OXsTIPdytiw$_$0,2026,processed_po,1.0,2,0.6666666865348816,2,0.3553810119628906,0.3553810119628906,0.0,0.1,0.5,3,0.5,1.0,1.0,1.0,2,unchanged_correctness
OXsTIPdytiw$_$7,2026,processed_po,1.0,2,0.6666666865348816,2,0.9472115635871888,0.9472115635871888,0.0,0.1,0.5,3,0.5,1.0,1.0,1.0,2,unchanged_correctness
Oa2xVjzAMFc$_$9,2026,processed_po,1.0,0,-0.3333333432674408,1,0.0,0.3213066160678863,0.0,0.1,0.5,3,0.5,1.0,1.0,1.0,1,unchanged_correctness
OctOcfI4KSs$_$3,2026,processed_po,1.0,2,0.3333333432674408,0,-0.3252997100353241,-0.3252997100353241,0.0,0.1,0.5,3,0.5,1.0,1.0,1.0,0,unchanged_correctness
OctOcfI4KSs$_$7,2026,processed_po,1.0,2,0.3333333432674408,1,0.0,0.2243114858865738,0.0,0.1,0.5,3,0.5,1.0,1.0,1.0,1,unchanged_correctness
P0UHzR4CmYg$_$1,2026,processed_po,1.0,2,1.0,1,0.0,0.4290680587291717,0.0,0.1,0.5,3,0.5,1.0,1.0,1.0,1,unchanged_correctness
P0UHzR4CmYg$_$3,2026,processed_po,1.0,2,0.6666666865348816,2,1.192896604537964,1.192896604537964,0.0,0.1,0.5,3,0.5,1.0,1.0,1.0,2,unchanged_correctness
P0UHzR4CmYg$_$4,2026,processed_po,1.0,2,1.0,2,1.3070870637893677,1.3070870637893677,0.0,0.1,0.5,3,0.5,1.0,1.0,1.0,2,unchanged_correctness
P0UHzR4CmYg$_$8,2026,processed_po,1.0,2,0.6666666865348816,0,-0.6012637615203857,-0.6012637615203857,0.0,0.1,0.5,3,0.5,1.0,1.0,1.0,0,unchanged_correctness
P0UHzR4CmYg$_$11,2026,processed_po,1.0,0,-1.0,0,-0.5147265195846558,-0.5147265195846558,0.0,0.1,0.5,3,0.5,1.0,1.0,1.0,0,unchanged_correctness
PcqKFt1p3UQ$_$10,2026,processed_po,1.0,2,0.3333333432674408,2,1e-06,-0.0196077525615692,0.0,0.1,0.5,3,0.5,1.0,1.0,1.0,2,unchanged_correctness
PzI6yY9Y2xQ$_$0,2026,processed_po,1.0,2,1.6666666269302368,2,1.386855125427246,1.386855125427246,0.0,0.1,0.5,3,0.5,1.0,1.0,1.0,2,unchanged_correctness
PzI6yY9Y2xQ$_$2,2026,processed_po,1.0,2,1.3333333730697632,2,1.249040126800537,1.249040126800537,0.0,0.1,0.5,3,0.5,1.0,1.0,1.0,2,unchanged_correctness
QBc7X5jj8oA$_$4,2026,processed_po,1.0,2,1.3333333730697632,2,0.7538299560546875,0.7538299560546875,0.0,0.1,0.5,3,0.5,1.0,1.0,1.0,2,unchanged_correctness
QCR7uyowjhM$_$10,2026,processed_po,1.0,2,0.3333333432674408,2,0.4219031929969787,0.4219031929969787,0.0,0.1,0.5,3,0.5,1.0,1.0,1.0,2,unchanged_correctness
QCR7uyowjhM$_$8,2026,processed_po,1.0,1,0.0,1,0.0,-0.1973975300788879,0.0,0.1,0.5,3,0.5,1.0,1.0,1.0,1,unchanged_correctness
QIonRUsCqBs$_$1,2026,processed_po,1.0,2,1.3333333730697632,2,1.3195619583129885,1.3195619583129885,0.0,0.1,0.5,3,0.5,1.0,1.0,1.0,2,unchanged_correctness
Qfa1fY_07bQ$_$5,2026,processed_po,1.0,2,1.3333333730697632,2,0.4857264161109924,0.4857264161109924,0.0,0.1,0.5,3,0.5,1.0,1.0,1.0,2,unchanged_correctness
R9xTBw3MCWI$_$5,2026,processed_po,1.0,2,0.3333333432674408,2,1.6364750862121582,1.6364750862121582,0.0,0.1,0.5,3,0.5,1.0,1.0,1.0,2,unchanged_correctness
ROC2YI3tDsk$_$13,2026,processed_po,1.0,2,0.3333333432674408,2,1.1469813585281372,1.1469813585281372,0.0,0.1,0.5,3,0.5,1.0,1.0,1.0,2,unchanged_correctness
ROC2YI3tDsk$_$3,2026,processed_po,1.0,2,1.0,2,0.9479747414588928,0.9479747414588928,0.0,0.1,0.5,3,0.5,1.0,1.0,1.0,2,unchanged_correctness
RVC8l5hf2Eg$_$13,2026,processed_po,1.0,0,-0.6666666865348816,2,0.1913619339466095,0.1913619339466095,0.0,0.1,0.5,3,0.5,1.0,1.0,1.0,2,unchanged_correctness
RVC8l5hf2Eg$_$8,2026,processed_po,1.0,0,-0.3333333432674408,0,-0.2868708372116089,-0.2868708372116089,0.0,0.1,0.5,3,0.5,1.0,1.0,1.0,0,unchanged_correctness
Rb1uzHNcYcA$_$4,2026,processed_po,1.0,2,1.6666666269302368,2,1.5036137104034424,1.5036137104034424,0.0,0.1,0.5,3,0.5,1.0,1.0,1.0,2,unchanged_correctness
RvmTZVNAAuQ$_$2,2026,processed_po,1.0,1,0.0,2,0.7227999567985535,0.7227999567985535,0.0,0.1,0.5,3,0.5,1.0,1.0,1.0,2,unchanged_correctness
SKTyBOhDX6U$_$11,2026,processed_po,1.0,2,1.6666666269302368,2,1.0363504886627195,1.0363504886627195,0.0,0.1,0.5,3,0.5,1.0,1.0,1.0,2,unchanged_correctness
SKTyBOhDX6U$_$12,2026,processed_po,1.0,2,0.6666666865348816,0,-1e-06,0.1088508665561676,0.0,0.1,0.5,3,0.5,1.0,1.0,1.0,0,unchanged_correctness
SKTyBOhDX6U$_$9,2026,processed_po,1.0,2,1.0,2,1.1549601554870603,1.1549601554870603,0.0,0.1,0.5,3,0.5,1.0,1.0,1.0,2,unchanged_correctness
SYQ_zv8dWng$_$0,2026,processed_po,1.0,2,0.3333333432674408,1,0.0,0.2651006579399109,0.0,0.1,0.5,3,0.5,1.0,1.0,1.0,1,unchanged_correctness
SYQ_zv8dWng$_$5,2026,processed_po,1.0,2,0.6666666865348816,2,0.3587000966072082,0.3587000966072082,0.0,0.1,0.5,3,0.5,1.0,1.0,1.0,2,unchanged_correctness
SYQ_zv8dWng$_$6,2026,processed_po,1.0,2,0.6666666865348816,2,0.0566466972231864,0.0566466972231864,0.0,0.1,0.5,3,0.5,1.0,1.0,1.0,2,unchanged_correctness
SYQ_zv8dWng$_$9,2026,processed_po,1.0,1,0.0,2,0.2810748815536499,0.2810748815536499,0.0,0.1,0.5,3,0.5,1.0,1.0,1.0,2,unchanged_correctness
SZ7HK5ns6mE$_$11,2026,processed_po,1.0,2,1.6666666269302368,2,0.1847395300865173,0.1847395300865173,0.0,0.1,0.5,3,0.5,1.0,1.0,1.0,2,unchanged_correctness
Sq6DIhFxPqQ$_$4,2026,processed_po,1.0,1,0.0,0,-0.927236557006836,-0.927236557006836,0.0,0.1,0.5,3,0.5,1.0,1.0,1.0,0,unchanged_correctness
SwT0gh0V8fI$_$10,2026,processed_po,1.0,1,0.0,0,-0.4366815090179443,-0.4366815090179443,0.0,0.1,0.5,3,0.5,1.0,1.0,1.0,0,unchanged_correctness
SwT0gh0V8fI$_$19,2026,processed_po,1.0,2,0.6666666865348816,2,1.7743477821350098,1.7743477821350098,0.0,0.1,0.5,3,0.5,1.0,1.0,1.0,2,unchanged_correctness
SwT0gh0V8fI$_$5,2026,processed_po,1.0,1,0.0,0,-1.2233399152755735,-1.2233399152755735,0.0,0.1,0.5,3,0.5,1.0,1.0,1.0,0,unchanged_correctness
TXiOSZdaLJ8$_$2,2026,processed_po,1.0,2,0.6666666865348816,2,1.0144875049591064,1.0144875049591064,0.0,0.1,0.5,3,0.5,1.0,1.0,1.0,2,unchanged_correctness
TcTGCIh6e5s$_$4,2026,processed_po,1.0,1,0.0,1,0.0,0.1677504777908325,0.0,0.1,0.5,3,0.5,1.0,1.0,1.0,1,unchanged_correctness
TxRtSItpGMo$_$4,2026,processed_po,1.0,2,2.0,2,1.0121322870254517,1.0121322870254517,0.0,0.1,0.5,3,0.5,1.0,1.0,1.0,2,unchanged_correctness
U-KihZeIfKI$_$20,2026,processed_po,1.0,2,1.3333333730697632,2,1.4027200937271118,1.4027200937271118,0.0,0.1,0.5,3,0.5,1.0,1.0,1.0,2,unchanged_correctness
U-KihZeIfKI$_$1,2026,processed_po,1.0,2,0.6666666865348816,2,0.7005994915962219,0.7005994915962219,0.0,0.1,0.5,3,0.5,1.0,1.0,1.0,2,unchanged_correctness
U-KihZeIfKI$_$6,2026,processed_po,1.0,0,-1.0,0,-1.9454493522644043,-1.9454493522644043,0.0,0.1,0.5,3,0.5,1.0,1.0,1.0,0,unchanged_correctness
U-KihZeIfKI$_$15,2026,processed_po,1.0,2,0.6666666865348816,0,-0.0403565093874931,-0.0403565093874931,0.0,0.1,0.5,3,0.5,1.0,1.0,1.0,0,unchanged_correctness
U-KihZeIfKI$_$16,2026,processed_po,1.0,2,1.0,2,1.5075197219848633,1.5075197219848633,0.0,0.1,0.5,3,0.5,1.0,1.0,1.0,2,unchanged_correctness
UiurP5k-f1A$_$4,2026,processed_po,1.0,2,1.0,2,1.0824518203735352,1.0824518203735352,0.0,0.1,0.5,3,0.5,1.0,1.0,1.0,2,unchanged_correctness
UjqA6KVW2m8$_$0,2026,processed_po,1.0,0,-0.3333333432674408,0,-1.5062661170959473,-1.5062661170959473,0.0,0.1,0.5,3,0.5,1.0,1.0,1.0,0,unchanged_correctness
UjqA6KVW2m8$_$3,2026,processed_po,1.0,0,-0.6666666865348816,2,0.3327394425868988,0.3327394425868988,0.0,0.1,0.5,3,0.5,1.0,1.0,1.0,2,unchanged_correctness
UjqA6KVW2m8$_$2,2026,processed_po,1.0,0,-1.3333333730697632,0,-1.431918382644653,-1.431918382644653,0.0,0.1,0.5,3,0.5,1.0,1.0,1.0,0,unchanged_correctness
UjqA6KVW2m8$_$4,2026,processed_po,1.0,2,1.0,2,1.4502487182617188,1.4502487182617188,0.0,0.1,0.5,3,0.5,1.0,1.0,1.0,2,unchanged_correctness
UweZVaFqruU$_$1,2026,processed_po,1.0,2,0.3333333432674408,2,0.236095055937767,0.236095055937767,0.0,0.1,0.5,3,0.5,1.0,1.0,1.0,2,unchanged_correctness
UweZVaFqruU$_$5,2026,processed_po,1.0,1,0.0,1,0.0,0.091881975531578,0.0,0.1,0.5,3,0.5,1.0,1.0,1.0,1,unchanged_correctness
V27mmEkN80g$_$0,2026,processed_po,1.0,1,0.0,2,0.7048020362854004,0.7048020362854004,0.0,0.1,0.5,3,0.5,1.0,1.0,1.0,2,unchanged_correctness
VDkBM0ZG4q8$_$4,2026,processed_po,1.0,1,0.0,1,0.0,-0.1293252259492874,0.0,0.1,0.5,3,0.5,1.0,1.0,1.0,1,unchanged_correctness
VDkBM0ZG4q8$_$7,2026,processed_po,1.0,2,0.3333333432674408,2,1.1048567295074463,1.1048567295074463,0.0,0.1,0.5,3,0.5,1.0,1.0,1.0,2,unchanged_correctness
VLQgw-88v4Q$_$2,2026,processed_po,1.0,2,1.0,2,0.6105679273605347,0.6105679273605347,0.0,0.1,0.5,3,0.5,1.0,1.0,1.0,2,unchanged_correctness
VLQgw-88v4Q$_$6,2026,processed_po,1.0,2,1.6666666269302368,2,0.5974124670028687,0.5974124670028687,0.0,0.1,0.5,3,0.5,1.0,1.0,1.0,2,unchanged_correctness
VLQgw-88v4Q$_$8,2026,processed_po,1.0,2,1.3333333730697632,2,0.7727786302566528,0.7727786302566528,0.0,0.1,0.5,3,0.5,1.0,1.0,1.0,2,unchanged_correctness
VXy21GwGs8o$_$0,2026,processed_po,1.0,1,0.0,2,0.7119554281234741,0.7119554281234741,0.0,0.1,0.5,3,0.5,1.0,1.0,1.0,2,unchanged_correctness
Vdf1McvE9ao$_$9,2026,processed_po,1.0,1,0.0,1,0.0,-0.4440966844558716,0.0,0.1,0.5,3,0.5,1.0,1.0,1.0,1,unchanged_correctness
Vlas-mPydcg$_$17,2026,processed_po,1.0,2,0.6666666865348816,2,0.1191787049174308,0.1191787049174308,0.0,0.1,0.5,3,0.5,1.0,1.0,1.0,2,unchanged_correctness
Vlas-mPydcg$_$3,2026,processed_po,1.0,2,1.0,2,0.5498753786087036,0.5498753786087036,0.0,0.1,0.5,3,0.5,1.0,1.0,1.0,2,unchanged_correctness
VsXGwSZazwA$_$4,2026,processed_po,1.0,1,0.0,1,0.0,0.128682404756546,0.0,0.1,0.5,3,0.5,1.0,1.0,1.0,1,unchanged_correctness
VsXGwSZazwA$_$6,2026,processed_po,1.0,2,1.6666666269302368,2,0.2463799715042114,0.2463799715042114,0.0,0.1,0.5,3,0.5,1.0,1.0,1.0,2,unchanged_correctness
VwGPIUNayKM$_$1,2026,processed_po,1.0,1,0.0,1,0.0,0.1599198430776596,0.0,0.1,0.5,3,0.5,1.0,1.0,1.0,1,unchanged_correctness
VwGPIUNayKM$_$5,2026,processed_po,1.0,0,-1.0,0,-0.3594491481781006,-0.3594491481781006,0.0,0.1,0.5,3,0.5,1.0,1.0,1.0,0,unchanged_correctness
VwGPIUNayKM$_$8,2026,processed_po,1.0,2,1.0,2,1.1513088941574097,1.1513088941574097,0.0,0.1,0.5,3,0.5,1.0,1.0,1.0,2,unchanged_correctness
W1CWpktWtTs$_$5,2026,processed_po,1.0,2,1.0,2,1.5596494674682615,1.5596494674682615,0.0,0.1,0.5,3,0.5,1.0,1.0,1.0,2,unchanged_correctness
W1CWpktWtTs$_$9,2026,processed_po,1.0,2,0.6666666865348816,2,0.593424916267395,0.593424916267395,0.0,0.1,0.5,3,0.5,1.0,1.0,1.0,2,unchanged_correctness
WfNiQBXmPw8$_$3,2026,processed_po,1.0,0,-0.3333333432674408,0,-0.3308041989803314,-0.3308041989803314,0.0,0.1,0.5,3,0.5,1.0,1.0,1.0,0,unchanged_correctness
WfNiQBXmPw8$_$5,2026,processed_po,1.0,2,0.3333333432674408,0,-0.4185281991958618,-0.4185281991958618,0.0,0.1,0.5,3,0.5,1.0,1.0,1.0,0,unchanged_correctness
WgI8IbJtXHw$_$0,2026,processed_po,1.0,1,0.0,2,1.8731770515441892,1.8731770515441892,0.0,0.1,0.5,3,0.5,1.0,1.0,1.0,2,unchanged_correctness
X2Hs89fZ2-c$_$4,2026,processed_po,1.0,2,1.0,1,0.0,0.1646325290203094,0.0,0.1,0.5,3,0.5,1.0,1.0,1.0,1,unchanged_correctness
X6N7UEFJLNY$_$0,2026,processed_po,1.0,2,0.3333333432674408,2,0.6506160497665405,0.6506160497665405,0.0,0.1,0.5,3,0.5,1.0,1.0,1.0,2,unchanged_correctness
X6N7UEFJLNY$_$2,2026,processed_po,1.0,1,0.0,2,0.7175540328025818,0.7175540328025818,0.0,0.1,0.5,3,0.5,1.0,1.0,1.0,2,unchanged_correctness
X6N7UEFJLNY$_$4,2026,processed_po,1.0,2,0.6666666865348816,2,1.3350510597229004,1.3350510597229004,0.0,0.1,0.5,3,0.5,1.0,1.0,1.0,2,unchanged_correctness
XDVit9ASVUg$_$2,2026,processed_po,1.0,2,0.3333333432674408,1,0.0,0.0552869215607643,0.0,0.1,0.5,3,0.5,1.0,1.0,1.0,1,unchanged_correctness
XKyumlBmix8$_$0,2026,processed_po,1.0,1,0.0,2,0.3522363901138305,0.3522363901138305,0.0,0.1,0.5,3,0.5,1.0,1.0,1.0,2,unchanged_correctness
XKyumlBmix8$_$2,2026,processed_po,1.0,0,-0.6666666865348816,0,-1.0274031162261963,-1.0274031162261963,0.0,0.1,0.5,3,0.5,1.0,1.0,1.0,0,unchanged_correctness
XVWiAArXYpE$_$3,2026,processed_po,1.0,0,-0.6666666865348816,2,0.8609588742256165,0.8609588742256165,0.0,0.1,0.5,3,0.5,1.0,1.0,1.0,2,unchanged_correctness
XVWiAArXYpE$_$4,2026,processed_po,1.0,0,-2.0,0,-1.717436671257019,-1.717436671257019,0.0,0.1,0.5,3,0.5,1.0,1.0,1.0,0,unchanged_correctness
XVWiAArXYpE$_$9,2026,processed_po,1.0,0,-0.3333333432674408,2,0.0618015080690383,0.0618015080690383,0.0,0.1,0.5,3,0.5,1.0,1.0,1.0,2,unchanged_correctness
X_TusmBIlC0$_$5,2026,processed_po,1.0,1,0.0,2,0.3982598781585693,0.3982598781585693,0.0,0.1,0.5,3,0.5,1.0,1.0,1.0,2,unchanged_correctness
Xa086gxLJ3Y$_$12,2026,processed_po,1.0,2,0.3333333432674408,1,0.0,0.3666260242462158,0.0,0.1,0.5,3,0.5,1.0,1.0,1.0,1,unchanged_correctness
XrNaL-MTjXg$_$3,2026,processed_po,1.0,1,0.0,2,1e-06,-0.1679776012897491,0.0,0.1,0.5,3,0.5,1.0,1.0,1.0,2,unchanged_correctness
Xy57UpKRNEo$_$7,2026,processed_po,1.0,0,-1.0,0,-1.0351691246032717,-1.0351691246032717,0.0,0.1,0.5,3,0.5,1.0,1.0,1.0,0,unchanged_correctness
Y8dI1GTWCk4$_$6,2026,processed_po,1.0,2,1.3333333730697632,2,1.0172983407974243,1.0172983407974243,0.0,0.1,0.5,3,0.5,1.0,1.0,1.0,2,unchanged_correctness
YLK58srjhNI$_$3,2026,processed_po,1.0,2,0.6666666865348816,2,1.4588744640350342,1.4588744640350342,0.0,0.1,0.5,3,0.5,1.0,1.0,1.0,2,unchanged_correctness
YQZPnHZRp1w$_$1,2026,processed_po,1.0,2,0.3333333432674408,2,0.2645626962184906,0.2645626962184906,0.0,0.1,0.5,3,0.5,1.0,1.0,1.0,2,unchanged_correctness
YUNxD04EvfE$_$1,2026,processed_po,1.0,0,-0.3333333432674408,2,0.0225192140787839,0.0225192140787839,0.0,0.1,0.5,3,0.5,1.0,1.0,1.0,2,unchanged_correctness
Z4iYSMMMycQ$_$4,2026,processed_po,1.0,2,0.6666666865348816,2,0.6743474006652832,0.6743474006652832,0.0,0.1,0.5,3,0.5,1.0,1.0,1.0,2,unchanged_correctness
ZKErPftd--w$_$6,2026,processed_po,1.0,2,0.6666666865348816,2,2.13273549079895,2.13273549079895,0.0,0.1,0.5,3,0.5,1.0,1.0,1.0,2,unchanged_correctness
ZKZ8UjaQQT4$_$7,2026,processed_po,1.0,1,0.0,2,0.3955506384372711,0.3955506384372711,0.0,0.1,0.5,3,0.5,1.0,1.0,1.0,2,unchanged_correctness
ZS1Nb0OWYNE$_$11,2026,processed_po,1.0,2,0.6666666865348816,2,2.017571926116944,2.017571926116944,0.0,0.1,0.5,3,0.5,1.0,1.0,1.0,2,unchanged_correctness
ZS1Nb0OWYNE$_$15,2026,processed_po,1.0,1,0.0,2,1.931718826293945,1.931718826293945,0.0,0.1,0.5,3,0.5,1.0,1.0,1.0,2,unchanged_correctness
ZS1Nb0OWYNE$_$5,2026,processed_po,1.0,2,0.6666666865348816,2,0.5455256700515747,0.5455256700515747,0.0,0.1,0.5,3,0.5,1.0,1.0,1.0,2,unchanged_correctness
ZS1Nb0OWYNE$_$9,2026,processed_po,1.0,2,2.6666667461395264,2,1.4266018867492676,1.4266018867492676,0.0,0.1,0.5,3,0.5,1.0,1.0,1.0,2,unchanged_correctness
ZcFzcd4ZoMg$_$4,2026,processed_po,1.0,0,-0.3333333432674408,0,-0.0782690420746803,-0.0782690420746803,0.0,0.1,0.5,3,0.5,1.0,1.0,1.0,0,unchanged_correctness
ZeH7gZw94k0$_$1,2026,processed_po,1.0,2,1.6666666269302368,2,1.5630714893341064,1.5630714893341064,0.0,0.1,0.5,3,0.5,1.0,1.0,1.0,2,unchanged_correctness
ZtocGyL3Tfc$_$13,2026,processed_po,1.0,2,1.0,2,0.3899939656257629,0.3899939656257629,0.0,0.1,0.5,3,0.5,1.0,1.0,1.0,2,unchanged_correctness
ZtocGyL3Tfc$_$10,2026,processed_po,1.0,2,1.0,2,0.7658695578575134,0.7658695578575134,0.0,0.1,0.5,3,0.5,1.0,1.0,1.0,2,unchanged_correctness
ZtocGyL3Tfc$_$9,2026,processed_po,1.0,2,1.6666666269302368,2,1.533411741256714,1.533411741256714,0.0,0.1,0.5,3,0.5,1.0,1.0,1.0,2,unchanged_correctness
ZznoGQVwTtw$_$4,2026,processed_po,1.0,2,1.6666666269302368,2,0.556205153465271,0.556205153465271,0.0,0.1,0.5,3,0.5,1.0,1.0,1.0,2,unchanged_correctness
_1nvuNk7EFY$_$10,2026,processed_po,1.0,0,-0.3333333432674408,0,-1.3070321083068848,-1.3070321083068848,0.0,0.1,0.5,3,0.5,1.0,1.0,1.0,0,unchanged_correctness
_OmWVs0-6UM$_$0,2026,processed_po,1.0,1,0.0,2,0.5196378231048584,0.5196378231048584,0.0,0.1,0.5,3,0.5,1.0,1.0,1.0,2,unchanged_correctness
_on_E-ZWy0I$_$21,2026,processed_po,1.0,2,1.3333333730697632,2,0.962504744529724,0.962504744529724,0.0,0.1,0.5,3,0.5,1.0,1.0,1.0,2,unchanged_correctness
_on_E-ZWy0I$_$3,2026,processed_po,1.0,1,0.0,0,-0.9970686435699464,-0.9970686435699464,0.0,0.1,0.5,3,0.5,1.0,1.0,1.0,0,unchanged_correctness
_on_E-ZWy0I$_$12,2026,processed_po,1.0,0,-1.0,2,0.2828094959259033,0.2828094959259033,0.0,0.1,0.5,3,0.5,1.0,1.0,1.0,2,unchanged_correctness
_q7DM8WkzAQ$_$3,2026,processed_po,1.0,2,0.6666666865348816,2,0.7978686094284058,0.7978686094284058,0.0,0.1,0.5,3,0.5,1.0,1.0,1.0,2,unchanged_correctness
a4PHWxILDp0$_$15,2026,processed_po,1.0,1,0.0,1,0.0,0.0865157470107078,0.0,0.1,0.5,3,0.5,1.0,1.0,1.0,1,unchanged_correctness
ahG9c_uaf8s$_$1,2026,processed_po,1.0,2,0.3333333432674408,2,0.958759069442749,0.958759069442749,0.0,0.1,0.5,3,0.5,1.0,1.0,1.0,2,unchanged_correctness
ahG9c_uaf8s$_$3,2026,processed_po,1.0,2,0.3333333432674408,2,1.0113431215286257,1.0113431215286257,0.0,0.1,0.5,3,0.5,1.0,1.0,1.0,2,unchanged_correctness
b92iw0OAnI4$_$7,2026,processed_po,1.0,2,1.3333333730697632,2,0.9853047132492064,0.9853047132492064,0.0,0.1,0.5,3,0.5,1.0,1.0,1.0,2,unchanged_correctness
bNQOeiAotbk$_$8,2026,processed_po,1.0,1,0.0,2,0.1182752400636673,0.1182752400636673,0.0,0.1,0.5,3,0.5,1.0,1.0,1.0,2,unchanged_correctness
bdFCD-3BCRg$_$2,2026,processed_po,1.0,2,1.0,2,1.4101210832595823,1.4101210832595823,0.0,0.1,0.5,3,0.5,1.0,1.0,1.0,2,unchanged_correctness
bdFCD-3BCRg$_$11,2026,processed_po,1.0,2,0.6666666865348816,2,0.988987684249878,0.988987684249878,0.0,0.1,0.5,3,0.5,1.0,1.0,1.0,2,unchanged_correctness
bdFCD-3BCRg$_$12,2026,processed_po,1.0,2,1.0,2,1.1862568855285645,1.1862568855285645,0.0,0.1,0.5,3,0.5,1.0,1.0,1.0,2,unchanged_correctness
c5VEvmutmVg$_$13,2026,processed_po,1.0,2,1.0,2,0.7622847557067871,0.7622847557067871,0.0,0.1,0.5,3,0.5,1.0,1.0,1.0,2,unchanged_correctness
c5VEvmutmVg$_$19,2026,processed_po,1.0,1,0.0,2,0.4924032092094421,0.4924032092094421,0.0,0.1,0.5,3,0.5,1.0,1.0,1.0,2,unchanged_correctness
c5VEvmutmVg$_$0,2026,processed_po,1.0,2,1.6666666269302368,2,1.9219369888305664,1.9219369888305664,0.0,0.1,0.5,3,0.5,1.0,1.0,1.0,2,unchanged_correctness
c5zxqITn3ZM$_$5,2026,processed_po,1.0,2,0.6666666865348816,0,-1.6272904872894287,-1.6272904872894287,0.0,0.1,0.5,3,0.5,1.0,1.0,1.0,0,unchanged_correctness
c5zxqITn3ZM$_$6,2026,processed_po,1.0,2,1.0,2,0.8418309688568115,0.8418309688568115,0.0,0.1,0.5,3,0.5,1.0,1.0,1.0,2,unchanged_correctness
c9hE1ghElrM$_$2,2026,processed_po,1.0,1,0.0,1,0.0,-0.210023358464241,0.0,0.1,0.5,3,0.5,1.0,1.0,1.0,1,unchanged_correctness
c9hE1ghElrM$_$4,2026,processed_po,1.0,1,0.0,0,-0.6023818850517273,-0.6023818850517273,0.0,0.1,0.5,3,0.5,1.0,1.0,1.0,0,unchanged_correctness
cW-aX4dPVfk$_$4,2026,processed_po,1.0,0,-0.3333333432674408,1,0.0,0.0606628283858299,0.0,0.1,0.5,3,0.5,1.0,1.0,1.0,1,unchanged_correctness
cW-aX4dPVfk$_$11,2026,processed_po,1.0,2,0.3333333432674408,2,1.0553665161132812,1.0553665161132812,0.0,0.1,0.5,3,0.5,1.0,1.0,1.0,2,unchanged_correctness
cW-aX4dPVfk$_$32,2026,processed_po,1.0,2,1.6666666269302368,2,1.167468547821045,1.167468547821045,0.0,0.1,0.5,3,0.5,1.0,1.0,1.0,2,unchanged_correctness
cW-aX4dPVfk$_$30,2026,processed_po,1.0,2,2.3333332538604736,2,1.91016149520874,1.91016149520874,0.0,0.1,0.5,3,0.5,1.0,1.0,1.0,2,unchanged_correctness
cml9rShionM$_$3,2026,processed_po,1.0,0,-0.3333333432674408,2,1.805302619934082,1.805302619934082,0.0,0.1,0.5,3,0.5,1.0,1.0,1.0,2,unchanged_correctness
d-Uw_uZyUys$_$1,2026,processed_po,1.0,0,-2.3333332538604736,1,0.0,0.2513619661331177,0.0,0.1,0.5,3,0.5,1.0,1.0,1.0,1,unchanged_correctness
d-Uw_uZyUys$_$6,2026,processed_po,1.0,0,-2.3333332538604736,0,-0.7290680408477783,-0.7290680408477783,0.0,0.1,0.5,3,0.5,1.0,1.0,1.0,0,unchanged_correctness
dHk--ExZbHs$_$7,2026,processed_po,1.0,2,0.6666666865348816,2,0.3253493309020996,0.3253493309020996,0.0,0.1,0.5,3,0.5,1.0,1.0,1.0,2,unchanged_correctness
dR68gbeOWOc$_$1,2026,processed_po,1.0,2,0.3333333432674408,2,0.4977551698684692,0.4977551698684692,0.0,0.1,0.5,3,0.5,1.0,1.0,1.0,2,unchanged_correctness
dTcz1am1eUw$_$2,2026,processed_po,1.0,2,1.3333333730697632,2,1.3272534608840942,1.3272534608840942,0.0,0.1,0.5,3,0.5,1.0,1.0,1.0,2,unchanged_correctness
ddWHTdJz2O8$_$1,2026,processed_po,1.0,0,-0.3333333432674408,2,0.3805004954338074,0.3805004954338074,0.0,0.1,0.5,3,0.5,1.0,1.0,1.0,2,unchanged_correctness
dlE05KC95uk$_$11,2026,processed_po,1.0,2,0.3333333432674408,2,0.2587342262268066,0.2587342262268066,0.0,0.1,0.5,3,0.5,1.0,1.0,1.0,2,unchanged_correctness
eE8Qr9fOvVA$_$2,2026,processed_po,1.0,0,-1.3333333730697632,2,0.4587796032428741,0.4587796032428741,0.0,0.1,0.5,3,0.5,1.0,1.0,1.0,2,unchanged_correctness
eFV7iFPYZB4$_$12,2026,processed_po,1.0,2,1.6666666269302368,2,1.2234511375427246,1.2234511375427246,0.0,0.1,0.5,3,0.5,1.0,1.0,1.0,2,unchanged_correctness
eFV7iFPYZB4$_$14,2026,processed_po,1.0,2,1.3333333730697632,2,1.147271990776062,1.147271990776062,0.0,0.1,0.5,3,0.5,1.0,1.0,1.0,2,unchanged_correctness
eJfT7-dDqzA$_$3,2026,processed_po,1.0,2,0.6666666865348816,0,-1e-06,0.0250307209789752,0.0,0.1,0.5,3,0.5,1.0,1.0,1.0,0,unchanged_correctness
eJfT7-dDqzA$_$2,2026,processed_po,1.0,2,0.6666666865348816,2,1.104860782623291,1.104860782623291,0.0,0.1,0.5,3,0.5,1.0,1.0,1.0,2,unchanged_correctness
eJfT7-dDqzA$_$7,2026,processed_po,1.0,2,0.6666666865348816,2,0.8726047277450562,0.8726047277450562,0.0,0.1,0.5,3,0.5,1.0,1.0,1.0,2,unchanged_correctness
eKQKEi2-0Ws$_$0,2026,processed_po,1.0,1,0.0,2,0.6242194175720215,0.6242194175720215,0.0,0.1,0.5,3,0.5,1.0,1.0,1.0,2,unchanged_correctness
eQc5uI7FKCU$_$5,2026,processed_po,1.0,2,0.3333333432674408,2,0.2916622757911682,0.2916622757911682,0.0,0.1,0.5,3,0.5,1.0,1.0,1.0,2,unchanged_correctness
ey1lr8wFFDc$_$0,2026,processed_po,1.0,2,0.6666666865348816,2,1.2105258703231812,1.2105258703231812,0.0,0.1,0.5,3,0.5,1.0,1.0,1.0,2,unchanged_correctness
f-VdKweez2U$_$4,2026,processed_po,1.0,1,0.0,2,0.7077534198760986,0.7077534198760986,0.0,0.1,0.5,3,0.5,1.0,1.0,1.0,2,unchanged_correctness
f8Puta8k8fU$_$1,2026,processed_po,1.0,1,0.0,0,-0.3971632719039917,-0.3971632719039917,0.0,0.1,0.5,3,0.5,1.0,1.0,1.0,0,unchanged_correctness
fT6SrlsWV7M$_$12,2026,processed_po,1.0,0,-1.3333333730697632,2,0.4300782680511474,0.4300782680511474,0.0,0.1,0.5,3,0.5,1.0,1.0,1.0,2,unchanged_correctness
fWAKek8jA5M$_$0,2026,processed_po,1.0,0,-1.6666666269302368,0,-1.8541713953018188,-1.8541713953018188,0.0,0.1,0.5,3,0.5,1.0,1.0,1.0,0,unchanged_correctness
fWAKek8jA5M$_$3,2026,processed_po,1.0,0,-1.3333333730697632,2,0.3824251592159271,0.3824251592159271,0.0,0.1,0.5,3,0.5,1.0,1.0,1.0,2,unchanged_correctness
fWAKek8jA5M$_$4,2026,processed_po,1.0,1,0.0,0,-0.4831166267395019,-0.4831166267395019,0.0,0.1,0.5,3,0.5,1.0,1.0,1.0,0,unchanged_correctness
frCWtiam4tE$_$0,2026,processed_po,1.0,2,1.6666666269302368,2,0.5126229524612427,0.5126229524612427,0.0,0.1,0.5,3,0.5,1.0,1.0,1.0,2,unchanged_correctness
fsBzpr4k3rY$_$0,2026,processed_po,1.0,2,2.0,0,-1e-06,0.0091694490984082,0.0,0.1,0.5,3,0.5,1.0,1.0,1.0,0,unchanged_correctness
fz-MzQcOBwQ$_$1,2026,processed_po,1.0,2,1.3333333730697632,2,0.6480004787445068,0.6480004787445068,0.0,0.1,0.5,3,0.5,1.0,1.0,1.0,2,unchanged_correctness
gE7kUqMqQ9g$_$2,2026,processed_po,1.0,0,-0.6666666865348816,0,-1.2193145751953125,-1.2193145751953125,0.0,0.1,0.5,3,0.5,1.0,1.0,1.0,0,unchanged_correctness
gJjkCPO7iXg$_$1,2026,processed_po,1.0,2,1.0,2,1.170578956604004,1.170578956604004,0.0,0.1,0.5,3,0.5,1.0,1.0,1.0,2,unchanged_correctness
gJjkCPO7iXg$_$0,2026,processed_po,1.0,2,1.0,2,0.3950161337852478,0.3950161337852478,0.0,0.1,0.5,3,0.5,1.0,1.0,1.0,2,unchanged_correctness
gLTxaEcx41E$_$2,2026,processed_po,1.0,1,0.0,2,0.4645384550094604,0.4645384550094604,0.0,0.1,0.5,3,0.5,1.0,1.0,1.0,2,unchanged_correctness
gLTxaEcx41E$_$4,2026,processed_po,1.0,1,0.0,0,-0.9722448587417604,-0.9722448587417604,0.0,0.1,0.5,3,0.5,1.0,1.0,1.0,0,unchanged_correctness
gLTxaEcx41E$_$7,2026,processed_po,1.0,1,0.0,2,0.0582840368151664,0.0582840368151664,0.0,0.1,0.5,3,0.5,1.0,1.0,1.0,2,unchanged_correctness
gLTxaEcx41E$_$6,2026,processed_po,1.0,2,0.3333333432674408,2,0.5486013889312744,0.5486013889312744,0.0,0.1,0.5,3,0.5,1.0,1.0,1.0,2,unchanged_correctness
gcFECfN4BCU$_$23,2026,processed_po,1.0,2,2.0,2,1.7631769180297852,1.7631769180297852,0.0,0.1,0.5,3,0.5,1.0,1.0,1.0,2,unchanged_correctness
gcFECfN4BCU$_$10,2026,processed_po,1.0,2,0.6666666865348816,2,1.5444881916046145,1.5444881916046145,0.0,0.1,0.5,3,0.5,1.0,1.0,1.0,2,unchanged_correctness
gcFECfN4BCU$_$15,2026,processed_po,1.0,2,1.3333333730697632,2,1.043458104133606,1.043458104133606,0.0,0.1,0.5,3,0.5,1.0,1.0,1.0,2,unchanged_correctness
gpn71-aKWwQ$_$2,2026,processed_po,1.0,2,1.6666666269302368,2,1.4452780485153198,1.4452780485153198,0.0,0.1,0.5,3,0.5,1.0,1.0,1.0,2,unchanged_correctness
h1ZZHUU4j0k$_$3,2026,processed_po,1.0,2,0.6666666865348816,2,0.6898136138916016,0.6898136138916016,0.0,0.1,0.5,3,0.5,1.0,1.0,1.0,2,unchanged_correctness
h1ZZHUU4j0k$_$4,2026,processed_po,1.0,2,0.6666666865348816,0,-1.257603645324707,-1.257603645324707,0.0,0.1,0.5,3,0.5,1.0,1.0,1.0,0,unchanged_correctness
h1ZZHUU4j0k$_$10,2026,processed_po,1.0,2,1.0,2,0.2375874817371368,0.2375874817371368,0.0,0.1,0.5,3,0.5,1.0,1.0,1.0,2,unchanged_correctness
h1ZZHUU4j0k$_$13,2026,processed_po,1.0,0,-1.0,0,-1.1252995729446411,-1.1252995729446411,0.0,0.1,0.5,3,0.5,1.0,1.0,1.0,0,unchanged_correctness
iQDB_OkAQWs$_$4,2026,processed_po,1.0,1,0.0,0,-1.208155632019043,-1.208155632019043,0.0,0.1,0.5,3,0.5,1.0,1.0,1.0,0,unchanged_correctness
iXiMifHNKPI$_$8,2026,processed_po,1.0,2,0.3333333432674408,2,0.3464723229408264,0.3464723229408264,0.0,0.1,0.5,3,0.5,1.0,1.0,1.0,2,unchanged_correctness
j1m6ctAgjsM$_$1,2026,processed_po,1.0,2,1.3333333730697632,2,1.240572810173035,1.240572810173035,0.0,0.1,0.5,3,0.5,1.0,1.0,1.0,2,unchanged_correctness
j1m6ctAgjsM$_$2,2026,processed_po,1.0,2,1.0,2,0.6260262727737427,0.6260262727737427,0.0,0.1,0.5,3,0.5,1.0,1.0,1.0,2,unchanged_correctness
j1m6ctAgjsM$_$4,2026,processed_po,1.0,2,0.3333333432674408,2,0.3361838757991791,0.3361838757991791,0.0,0.1,0.5,3,0.5,1.0,1.0,1.0,2,unchanged_correctness
j1m6ctAgjsM$_$14,2026,processed_po,1.0,1,0.0,2,0.4097039699554443,0.4097039699554443,0.0,0.1,0.5,3,0.5,1.0,1.0,1.0,2,unchanged_correctness
j1m6ctAgjsM$_$18,2026,processed_po,1.0,2,1.0,1,0.0,0.4273293614387512,0.0,0.1,0.5,3,0.5,1.0,1.0,1.0,1,unchanged_correctness
j1m6ctAgjsM$_$30,2026,processed_po,1.0,2,0.3333333432674408,2,0.2248461544513702,0.2248461544513702,0.0,0.1,0.5,3,0.5,1.0,1.0,1.0,2,unchanged_correctness
j1m6ctAgjsM$_$35,2026,processed_po,1.0,2,1.0,2,0.5315902233123779,0.5315902233123779,0.0,0.1,0.5,3,0.5,1.0,1.0,1.0,2,unchanged_correctness
j1m6ctAgjsM$_$33,2026,processed_po,1.0,2,0.3333333432674408,2,0.1962431520223617,0.1962431520223617,0.0,0.1,0.5,3,0.5,1.0,1.0,1.0,2,unchanged_correctness
j1m6ctAgjsM$_$37,2026,processed_po,1.0,1,0.0,2,0.139956995844841,0.139956995844841,0.0,0.1,0.5,3,0.5,1.0,1.0,1.0,2,unchanged_correctness
jXQmVFcOiUI$_$0,2026,processed_po,1.0,2,1.0,2,1.2444076538085938,1.2444076538085938,0.0,0.1,0.5,3,0.5,1.0,1.0,1.0,2,unchanged_correctness
jj8aSNPHMw8$_$14,2026,processed_po,1.0,1,0.0,0,-0.3983716368675232,-0.3983716368675232,0.0,0.1,0.5,3,0.5,1.0,1.0,1.0,0,unchanged_correctness
jj8aSNPHMw8$_$5,2026,processed_po,1.0,0,-1.3333333730697632,2,0.1095732152462005,0.1095732152462005,0.0,0.1,0.5,3,0.5,1.0,1.0,1.0,2,unchanged_correctness
jqutn5ou8_0$_$6,2026,processed_po,1.0,2,0.6666666865348816,2,0.5718277096748352,0.5718277096748352,0.0,0.1,0.5,3,0.5,1.0,1.0,1.0,2,unchanged_correctness
jscKL5jS-SQ$_$17,2026,processed_po,1.0,2,1.0,2,1.2285878658294678,1.2285878658294678,0.0,0.1,0.5,3,0.5,1.0,1.0,1.0,2,unchanged_correctness
kaudsLIvYC8$_$0,2026,processed_po,1.0,2,1.6666666269302368,2,1.031548023223877,1.031548023223877,0.0,0.1,0.5,3,0.5,1.0,1.0,1.0,2,unchanged_correctness
kg-W6-hP2Do$_$3,2026,processed_po,1.0,1,0.0,2,1.1797044277191162,1.1797044277191162,0.0,0.1,0.5,3,0.5,1.0,1.0,1.0,2,unchanged_correctness
kpS4BXif_Sw$_$12,2026,processed_po,1.0,0,-2.0,0,-1.3251399993896484,-1.3251399993896484,0.0,0.1,0.5,3,0.5,1.0,1.0,1.0,0,unchanged_correctness
kpS4BXif_Sw$_$15,2026,processed_po,1.0,2,1.3333333730697632,2,0.324256420135498,0.324256420135498,0.0,0.1,0.5,3,0.5,1.0,1.0,1.0,2,unchanged_correctness
kpS4BXif_Sw$_$4,2026,processed_po,1.0,1,0.0,2,0.9531654119491576,0.9531654119491576,0.0,0.1,0.5,3,0.5,1.0,1.0,1.0,2,unchanged_correctness
kpS4BXif_Sw$_$8,2026,processed_po,1.0,0,-1.0,0,-1.3423614501953125,-1.3423614501953125,0.0,0.1,0.5,3,0.5,1.0,1.0,1.0,0,unchanged_correctness
ktblaVOnFVE$_$4,2026,processed_po,1.0,2,1.3333333730697632,2,0.5471283793449402,0.5471283793449402,0.0,0.1,0.5,3,0.5,1.0,1.0,1.0,2,unchanged_correctness
l0vCKpk6Aes$_$24,2026,processed_po,1.0,1,0.0,2,0.9850656986236572,0.9850656986236572,0.0,0.1,0.5,3,0.5,1.0,1.0,1.0,2,unchanged_correctness
l0vCKpk6Aes$_$12,2026,processed_po,1.0,2,1.0,2,1.1464807987213137,1.1464807987213137,0.0,0.1,0.5,3,0.5,1.0,1.0,1.0,2,unchanged_correctness
l0vCKpk6Aes$_$19,2026,processed_po,1.0,1,0.0,2,0.5332845449447632,0.5332845449447632,0.0,0.1,0.5,3,0.5,1.0,1.0,1.0,2,unchanged_correctness
l4oMbKDuW3Y$_$3,2026,processed_po,1.0,0,-0.6666666865348816,0,-2.2620081901550293,-2.2620081901550293,0.0,0.1,0.5,3,0.5,1.0,1.0,1.0,0,unchanged_correctness
lD4xtQ6NpDY$_$2,2026,processed_po,1.0,1,0.0,2,1e-06,-0.1205619424581527,0.0,0.1,0.5,3,0.5,1.0,1.0,1.0,2,unchanged_correctness
lYwgLa4R5XQ$_$1,2026,processed_po,1.0,1,0.0,2,0.1860755234956741,0.1860755234956741,0.0,0.1,0.5,3,0.5,1.0,1.0,1.0,2,unchanged_correctness
lkIe41StoGI$_$10,2026,processed_po,1.0,1,0.0,1,0.0,-0.0795418992638588,0.0,0.1,0.5,3,0.5,1.0,1.0,1.0,1,unchanged_correctness
lkIe41StoGI$_$3,2026,processed_po,1.0,2,0.6666666865348816,2,0.640417754650116,0.640417754650116,0.0,0.1,0.5,3,0.5,1.0,1.0,1.0,2,unchanged_correctness
lkIe41StoGI$_$2,2026,processed_po,1.0,2,0.6666666865348816,0,-1e-06,0.1895041763782501,0.0,0.1,0.5,3,0.5,1.0,1.0,1.0,0,unchanged_correctness
lkIe41StoGI$_$8,2026,processed_po,1.0,1,0.0,1,0.0,0.0996786877512931,0.0,0.1,0.5,3,0.5,1.0,1.0,1.0,1,unchanged_correctness
lwL4hjhkid4$_$1,2026,processed_po,1.0,1,0.0,1,0.0,0.2250607311725616,0.0,0.1,0.5,3,0.5,1.0,1.0,1.0,1,unchanged_correctness
lwL4hjhkid4$_$3,2026,processed_po,1.0,2,2.0,2,0.4796784520149231,0.4796784520149231,0.0,0.1,0.5,3,0.5,1.0,1.0,1.0,2,unchanged_correctness
lwL4hjhkid4$_$6,2026,processed_po,1.0,2,0.3333333432674408,2,0.8849831819534302,0.8849831819534302,0.0,0.1,0.5,3,0.5,1.0,1.0,1.0,2,unchanged_correctness
m-7yRWZLwLY$_$0,2026,processed_po,1.0,1,0.0,2,0.3396309018135071,0.3396309018135071,0.0,0.1,0.5,3,0.5,1.0,1.0,1.0,2,unchanged_correctness
mVnqP-vLpuo$_$0,2026,processed_po,1.0,2,0.6666666865348816,2,1.0900256633758545,1.0900256633758545,0.0,0.1,0.5,3,0.5,1.0,1.0,1.0,2,unchanged_correctness
mZ_8em_-CGc$_$7,2026,processed_po,1.0,2,0.6666666865348816,2,0.6359848976135254,0.6359848976135254,0.0,0.1,0.5,3,0.5,1.0,1.0,1.0,2,unchanged_correctness
mgsvwAVQAQo$_$4,2026,processed_po,1.0,2,0.3333333432674408,2,0.3524688184261322,0.3524688184261322,0.0,0.1,0.5,3,0.5,1.0,1.0,1.0,2,unchanged_correctness
mmg_eTDHjkk$_$5,2026,processed_po,1.0,2,0.3333333432674408,2,0.0565785765647888,0.0565785765647888,0.0,0.1,0.5,3,0.5,1.0,1.0,1.0,2,unchanged_correctness
mmg_eTDHjkk$_$8,2026,processed_po,1.0,2,0.6666666865348816,2,0.2260427772998809,0.2260427772998809,0.0,0.1,0.5,3,0.5,1.0,1.0,1.0,2,unchanged_correctness
mmg_eTDHjkk$_$15,2026,processed_po,1.0,2,1.0,2,0.170294851064682,0.170294851064682,0.0,0.1,0.5,3,0.5,1.0,1.0,1.0,2,unchanged_correctness
mzAu5gxjE-w$_$2,2026,processed_po,1.0,2,1.6666666269302368,2,2.0379016399383545,2.0379016399383545,0.0,0.1,0.5,3,0.5,1.0,1.0,1.0,2,unchanged_correctness
nFTo-Lz4Fr8$_$1,2026,processed_po,1.0,2,0.6666666865348816,2,1.5847806930541992,1.5847806930541992,0.0,0.1,0.5,3,0.5,1.0,1.0,1.0,2,unchanged_correctness
nZFPKP9kBkw$_$4,2026,processed_po,1.0,1,0.0,2,1.6926974058151243,1.6926974058151243,0.0,0.1,0.5,3,0.5,1.0,1.0,1.0,2,unchanged_correctness
namehdJxRIM$_$1,2026,processed_po,1.0,2,0.3333333432674408,2,0.49803426861763,0.49803426861763,0.0,0.1,0.5,3,0.5,1.0,1.0,1.0,2,unchanged_correctness
o2XbNJDpOlc$_$6,2026,processed_po,1.0,2,1.6666666269302368,0,-1e-06,0.1169843971729278,0.0,0.1,0.5,3,0.5,1.0,1.0,1.0,0,unchanged_correctness
oBS-IW-BO00$_$3,2026,processed_po,1.0,1,0.0,2,0.2998893558979034,0.2998893558979034,0.0,0.1,0.5,3,0.5,1.0,1.0,1.0,2,unchanged_correctness
oHff2W51wZ8$_$1,2026,processed_po,1.0,2,1.3333333730697632,2,1.2048991918563845,1.2048991918563845,0.0,0.1,0.5,3,0.5,1.0,1.0,1.0,2,unchanged_correctness
oHff2W51wZ8$_$2,2026,processed_po,1.0,2,2.0,2,1.4685531854629517,1.4685531854629517,0.0,0.1,0.5,3,0.5,1.0,1.0,1.0,2,unchanged_correctness
oHff2W51wZ8$_$5,2026,processed_po,1.0,2,2.6666667461395264,2,1.0954272747039795,1.0954272747039795,0.0,0.1,0.5,3,0.5,1.0,1.0,1.0,2,unchanged_correctness
oPlnhc0DkcU$_$1,2026,processed_po,1.0,0,-0.3333333432674408,0,-0.8375916481018066,-0.8375916481018066,0.0,0.1,0.5,3,0.5,1.0,1.0,1.0,0,unchanged_correctness
oZxMx8e0x2U$_$2,2026,processed_po,1.0,2,0.3333333432674408,0,-1.0077366828918457,-1.0077366828918457,0.0,0.1,0.5,3,0.5,1.0,1.0,1.0,0,unchanged_correctness
obGF3RfWQKE$_$24,2026,processed_po,1.0,1,0.0,0,-0.4752084016799927,-0.4752084016799927,0.0,0.1,0.5,3,0.5,1.0,1.0,1.0,0,unchanged_correctness
obGF3RfWQKE$_$3,2026,processed_po,1.0,2,1.3333333730697632,2,1.8611351251602173,1.8611351251602173,0.0,0.1,0.5,3,0.5,1.0,1.0,1.0,2,unchanged_correctness
ossKC1VrusE$_$3,2026,processed_po,1.0,2,0.6666666865348816,2,0.4802271723747253,0.4802271723747253,0.0,0.1,0.5,3,0.5,1.0,1.0,1.0,2,unchanged_correctness
ossKC1VrusE$_$2,2026,processed_po,1.0,2,1.6666666269302368,2,0.9749157428741456,0.9749157428741456,0.0,0.1,0.5,3,0.5,1.0,1.0,1.0,2,unchanged_correctness
ozA7pRW4gFM$_$7,2026,processed_po,1.0,1,0.0,0,-1e-06,0.0118663776665925,0.0,0.1,0.5,3,0.5,1.0,1.0,1.0,0,unchanged_correctness
p4WmcxrXkc4$_$0,2026,processed_po,1.0,2,0.3333333432674408,2,0.759863555431366,0.759863555431366,0.0,0.1,0.5,3,0.5,1.0,1.0,1.0,2,unchanged_correctness
p7zuPEZgtY4$_$0,2026,processed_po,1.0,2,0.3333333432674408,2,0.3420911431312561,0.3420911431312561,0.0,0.1,0.5,3,0.5,1.0,1.0,1.0,2,unchanged_correctness
pIaEcqnzI-s$_$3,2026,processed_po,1.0,2,0.3333333432674408,2,0.4953935146331787,0.4953935146331787,0.0,0.1,0.5,3,0.5,1.0,1.0,1.0,2,unchanged_correctness
pIaEcqnzI-s$_$5,2026,processed_po,1.0,0,-0.3333333432674408,1,0.0,0.3326954543590545,0.0,0.1,0.5,3,0.5,1.0,1.0,1.0,1,unchanged_correctness
pIaEcqnzI-s$_$7,2026,processed_po,1.0,0,-0.3333333432674408,1,0.0,0.221274584531784,0.0,0.1,0.5,3,0.5,1.0,1.0,1.0,1,unchanged_correctness
pIaEcqnzI-s$_$6,2026,processed_po,1.0,1,0.0,1,0.0,0.3500823378562927,0.0,0.1,0.5,3,0.5,1.0,1.0,1.0,1,unchanged_correctness
pQpy7RSfWzM$_$19,2026,processed_po,1.0,2,0.3333333432674408,2,1.0486469268798828,1.0486469268798828,0.0,0.1,0.5,3,0.5,1.0,1.0,1.0,2,unchanged_correctness
pQpy7RSfWzM$_$8,2026,processed_po,1.0,1,0.0,2,0.1034707278013229,0.1034707278013229,0.0,0.1,0.5,3,0.5,1.0,1.0,1.0,2,unchanged_correctness
pSxte-ms0t8$_$33,2026,processed_po,1.0,0,-0.3333333432674408,0,-1e-06,0.0204230844974517,0.0,0.1,0.5,3,0.5,1.0,1.0,1.0,0,unchanged_correctness
pSxte-ms0t8$_$2,2026,processed_po,1.0,2,0.6666666865348816,2,0.0336306765675544,0.0336306765675544,0.0,0.1,0.5,3,0.5,1.0,1.0,1.0,2,unchanged_correctness
pSxte-ms0t8$_$7,2026,processed_po,1.0,0,-2.0,0,-1.882051944732666,-1.882051944732666,0.0,0.1,0.5,3,0.5,1.0,1.0,1.0,0,unchanged_correctness
pSxte-ms0t8$_$6,2026,processed_po,1.0,2,1.0,2,0.5399103164672852,0.5399103164672852,0.0,0.1,0.5,3,0.5,1.0,1.0,1.0,2,unchanged_correctness
pZye4zFzk3o$_$2,2026,processed_po,1.0,0,-0.6666666865348816,2,0.7050396203994751,0.7050396203994751,0.0,0.1,0.5,3,0.5,1.0,1.0,1.0,2,unchanged_correctness
pZye4zFzk3o$_$5,2026,processed_po,1.0,0,-0.6666666865348816,0,-0.9527552127838136,-0.9527552127838136,0.0,0.1,0.5,3,0.5,1.0,1.0,1.0,0,unchanged_correctness
pnpFPX34Agk$_$2,2026,processed_po,1.0,2,0.3333333432674408,1,0.0,0.1439300924539566,0.0,0.1,0.5,3,0.5,1.0,1.0,1.0,1,unchanged_correctness
q5M1God4M6Y$_$9,2026,processed_po,1.0,2,0.6666666865348816,1,0.0,0.0863528251647949,0.0,0.1,0.5,3,0.5,1.0,1.0,1.0,1,unchanged_correctness
qDfSYz0PX9g$_$0,2026,processed_po,1.0,0,-2.0,0,-1.4330251216888428,-1.4330251216888428,0.0,0.1,0.5,3,0.5,1.0,1.0,1.0,0,unchanged_correctness
qDfSYz0PX9g$_$8,2026,processed_po,1.0,0,-0.6666666865348816,0,-1.2951276302337646,-1.2951276302337646,0.0,0.1,0.5,3,0.5,1.0,1.0,1.0,0,unchanged_correctness
qEuJj4uW93E$_$1,2026,processed_po,1.0,1,0.0,2,0.4639018774032593,0.4639018774032593,0.0,0.1,0.5,3,0.5,1.0,1.0,1.0,2,unchanged_correctness
qgC8_emxSIU$_$6,2026,processed_po,1.0,1,0.0,2,0.1417558789253235,0.1417558789253235,0.0,0.1,0.5,3,0.5,1.0,1.0,1.0,2,unchanged_correctness
r46amqjpWgg$_$26,2026,processed_po,1.0,2,0.6666666865348816,2,1.1866179704666138,1.1866179704666138,0.0,0.1,0.5,3,0.5,1.0,1.0,1.0,2,unchanged_correctness
r46amqjpWgg$_$22,2026,processed_po,1.0,2,0.6666666865348816,2,1.1512455940246582,1.1512455940246582,0.0,0.1,0.5,3,0.5,1.0,1.0,1.0,2,unchanged_correctness
r46amqjpWgg$_$6,2026,processed_po,1.0,2,1.3333333730697632,2,0.7596309185028076,0.7596309185028076,0.0,0.1,0.5,3,0.5,1.0,1.0,1.0,2,unchanged_correctness
r46amqjpWgg$_$15,2026,processed_po,1.0,1,0.0,0,-0.1596505939960479,-0.1596505939960479,0.0,0.1,0.5,3,0.5,1.0,1.0,1.0,0,unchanged_correctness
r46amqjpWgg$_$32,2026,processed_po,1.0,2,1.0,2,1.9085147380828855,1.9085147380828855,0.0,0.1,0.5,3,0.5,1.0,1.0,1.0,2,unchanged_correctness
rcfnqiD0y8o$_$0,2026,processed_po,1.0,2,1.6666666269302368,2,2.167095899581909,2.167095899581909,0.0,0.1,0.5,3,0.5,1.0,1.0,1.0,2,unchanged_correctness
rhQB8e999-Q$_$10,2026,processed_po,1.0,2,1.0,2,0.9921841621398926,0.9921841621398926,0.0,0.1,0.5,3,0.5,1.0,1.0,1.0,2,unchanged_correctness
rhQB8e999-Q$_$0,2026,processed_po,1.0,2,0.6666666865348816,2,1.3072129487991333,1.3072129487991333,0.0,0.1,0.5,3,0.5,1.0,1.0,1.0,2,unchanged_correctness
rhQB8e999-Q$_$5,2026,processed_po,1.0,1,0.0,2,0.769974410533905,0.769974410533905,0.0,0.1,0.5,3,0.5,1.0,1.0,1.0,2,unchanged_correctness
rhQB8e999-Q$_$7,2026,processed_po,1.0,2,0.6666666865348816,2,1.100013256072998,1.100013256072998,0.0,0.1,0.5,3,0.5,1.0,1.0,1.0,2,unchanged_correctness
rhQB8e999-Q$_$8,2026,processed_po,1.0,1,0.0,2,0.6309460401535034,0.6309460401535034,0.0,0.1,0.5,3,0.5,1.0,1.0,1.0,2,unchanged_correctness
svsbGQn389o$_$8,2026,processed_po,1.0,0,-1.3333333730697632,0,-1.3064286708831787,-1.3064286708831787,0.0,0.1,0.5,3,0.5,1.0,1.0,1.0,0,unchanged_correctness
tC2KicUHB9Q$_$7,2026,processed_po,1.0,0,-0.3333333432674408,1,0.0,0.3853276669979095,0.0,0.1,0.5,3,0.5,1.0,1.0,1.0,1,unchanged_correctness
tNd3--lvSXE$_$6,2026,processed_po,1.0,2,0.6666666865348816,1,0.0,0.3700141310691833,0.0,0.1,0.5,3,0.5,1.0,1.0,1.0,1,unchanged_correctness
teQqaAmqqx0$_$0,2026,processed_po,1.0,1,0.0,2,0.9102035760879515,0.9102035760879515,0.0,0.1,0.5,3,0.5,1.0,1.0,1.0,2,unchanged_correctness
teQqaAmqqx0$_$3,2026,processed_po,1.0,1,0.0,2,0.921601414680481,0.921601414680481,0.0,0.1,0.5,3,0.5,1.0,1.0,1.0,2,unchanged_correctness
tnWmVXZ87h0$_$0,2026,processed_po,1.0,2,2.0,2,1.615668773651123,1.615668773651123,0.0,0.1,0.5,3,0.5,1.0,1.0,1.0,2,unchanged_correctness
tnWmVXZ87h0$_$3,2026,processed_po,1.0,2,1.6666666269302368,2,0.96925151348114,0.96925151348114,0.0,0.1,0.5,3,0.5,1.0,1.0,1.0,2,unchanged_correctness
ttfaZ8IIWCo$_$2,2026,processed_po,1.0,2,2.3333332538604736,2,1.1810033321380615,1.1810033321380615,0.0,0.1,0.5,3,0.5,1.0,1.0,1.0,2,unchanged_correctness
ttfaZ8IIWCo$_$5,2026,processed_po,1.0,2,2.3333332538604736,2,1.51397705078125,1.51397705078125,0.0,0.1,0.5,3,0.5,1.0,1.0,1.0,2,unchanged_correctness
ttfaZ8IIWCo$_$4,2026,processed_po,1.0,2,2.3333332538604736,2,1.3015977144241333,1.3015977144241333,0.0,0.1,0.5,3,0.5,1.0,1.0,1.0,2,unchanged_correctness
tymso_pAxhk$_$12,2026,processed_po,1.0,0,-1.0,2,0.3671399354934692,0.3671399354934692,0.0,0.1,0.5,3,0.5,1.0,1.0,1.0,2,unchanged_correctness
u9ZV8jb_-U0$_$0,2026,processed_po,1.0,0,-1.6666666269302368,0,-1.3001574277877808,-1.3001574277877808,0.0,0.1,0.5,3,0.5,1.0,1.0,1.0,0,unchanged_correctness
um8WVjZMLUc$_$1,2026,processed_po,1.0,1,0.0,0,-1.4023921489715576,-1.4023921489715576,0.0,0.1,0.5,3,0.5,1.0,1.0,1.0,0,unchanged_correctness
unOeTDc2rlY$_$27,2026,processed_po,1.0,2,1.0,2,0.6907429695129395,0.6907429695129395,0.0,0.1,0.5,3,0.5,1.0,1.0,1.0,2,unchanged_correctness
unOeTDc2rlY$_$31,2026,processed_po,1.0,2,1.0,1,0.0,0.0715782716870307,0.0,0.1,0.5,3,0.5,1.0,1.0,1.0,1,unchanged_correctness
unOeTDc2rlY$_$29,2026,processed_po,1.0,0,-0.3333333432674408,0,-1.095902681350708,-1.095902681350708,0.0,0.1,0.5,3,0.5,1.0,1.0,1.0,0,unchanged_correctness
uogwnZGb-iE$_$26,2026,processed_po,1.0,2,2.0,2,1.099649429321289,1.099649429321289,0.0,0.1,0.5,3,0.5,1.0,1.0,1.0,2,unchanged_correctness
uogwnZGb-iE$_$21,2026,processed_po,1.0,2,0.3333333432674408,2,0.3076797127723694,0.3076797127723694,0.0,0.1,0.5,3,0.5,1.0,1.0,1.0,2,unchanged_correctness
uogwnZGb-iE$_$22,2026,processed_po,1.0,2,2.0,2,2.2439494132995605,2.2439494132995605,0.0,0.1,0.5,3,0.5,1.0,1.0,1.0,2,unchanged_correctness
uogwnZGb-iE$_$28,2026,processed_po,1.0,2,2.3333332538604736,2,2.150934934616089,2.150934934616089,0.0,0.1,0.5,3,0.5,1.0,1.0,1.0,2,unchanged_correctness
uogwnZGb-iE$_$13,2026,processed_po,1.0,2,2.3333332538604736,2,2.098663330078125,2.098663330078125,0.0,0.1,0.5,3,0.5,1.0,1.0,1.0,2,unchanged_correctness
uogwnZGb-iE$_$6,2026,processed_po,1.0,2,1.0,2,1.888426780700684,1.888426780700684,0.0,0.1,0.5,3,0.5,1.0,1.0,1.0,2,unchanged_correctness
vB_kZocHtYo$_$8,2026,processed_po,1.0,1,0.0,2,0.1240055710077285,0.1240055710077285,0.0,0.1,0.5,3,0.5,1.0,1.0,1.0,2,unchanged_correctness
vGkIaClHKDg$_$6,2026,processed_po,1.0,2,1.3333333730697632,2,1.8955543041229248,1.8955543041229248,0.0,0.1,0.5,3,0.5,1.0,1.0,1.0,2,unchanged_correctness
vR90Pdx9wxs$_$3,2026,processed_po,1.0,2,0.3333333432674408,2,0.2419438660144806,0.2419438660144806,0.0,0.1,0.5,3,0.5,1.0,1.0,1.0,2,unchanged_correctness
v_8QeoNc4QY$_$5,2026,processed_po,1.0,2,0.3333333432674408,1,0.0,-0.2689962089061737,0.0,0.1,0.5,3,0.5,1.0,1.0,1.0,1,unchanged_correctness
veA6ECsGFxI$_$0,2026,processed_po,1.0,2,0.6666666865348816,2,0.782234787940979,0.782234787940979,0.0,0.1,0.5,3,0.5,1.0,1.0,1.0,2,unchanged_correctness
wC_1M7KIv9s$_$24,2026,processed_po,1.0,1,0.0,2,0.5962024331092834,0.5962024331092834,0.0,0.1,0.5,3,0.5,1.0,1.0,1.0,2,unchanged_correctness
wC_1M7KIv9s$_$12,2026,processed_po,1.0,2,0.3333333432674408,2,1.2696716785430908,1.2696716785430908,0.0,0.1,0.5,3,0.5,1.0,1.0,1.0,2,unchanged_correctness
wC_1M7KIv9s$_$23,2026,processed_po,1.0,1,0.0,0,-0.2465596795082092,-0.2465596795082092,0.0,0.1,0.5,3,0.5,1.0,1.0,1.0,0,unchanged_correctness
wC_1M7KIv9s$_$1,2026,processed_po,1.0,2,0.6666666865348816,1,0.0,0.648772120475769,0.0,0.1,0.5,3,0.5,1.0,1.0,1.0,1,unchanged_correctness
wC_1M7KIv9s$_$5,2026,processed_po,1.0,1,0.0,1,0.0,0.0701630115509033,0.0,0.1,0.5,3,0.5,1.0,1.0,1.0,1,unchanged_correctness
wC_1M7KIv9s$_$25,2026,processed_po,1.0,2,2.0,2,0.9885252714157104,0.9885252714157104,0.0,0.1,0.5,3,0.5,1.0,1.0,1.0,2,unchanged_correctness
wC_1M7KIv9s$_$21,2026,processed_po,1.0,0,-0.3333333432674408,0,-0.3877597153186798,-0.3877597153186798,0.0,0.1,0.5,3,0.5,1.0,1.0,1.0,0,unchanged_correctness
wHeZHLv9wGI$_$12,2026,processed_po,1.0,0,-0.6666666865348816,0,-0.1899654865264892,-0.1899654865264892,0.0,0.1,0.5,3,0.5,1.0,1.0,1.0,0,unchanged_correctness
wnL3ld9bM2o$_$25,2026,processed_po,1.0,2,2.0,0,-1.1262125968933103,-1.1262125968933103,0.0,0.1,0.5,3,0.5,1.0,1.0,1.0,0,unchanged_correctness
wnL3ld9bM2o$_$21,2026,processed_po,1.0,2,0.3333333432674408,1,0.0,-0.22362020611763,0.0,0.1,0.5,3,0.5,1.0,1.0,1.0,1,unchanged_correctness
wnL3ld9bM2o$_$4,2026,processed_po,1.0,2,0.3333333432674408,2,1.6272084712982178,1.6272084712982178,0.0,0.1,0.5,3,0.5,1.0,1.0,1.0,2,unchanged_correctness
wnL3ld9bM2o$_$9,2026,processed_po,1.0,2,1.0,2,1.0279924869537354,1.0279924869537354,0.0,0.1,0.5,3,0.5,1.0,1.0,1.0,2,unchanged_correctness
wnL3ld9bM2o$_$15,2026,processed_po,1.0,1,0.0,0,-0.7202172875404358,-0.7202172875404358,0.0,0.1,0.5,3,0.5,1.0,1.0,1.0,0,unchanged_correctness
wnL3ld9bM2o$_$14,2026,processed_po,1.0,1,0.0,1,0.0,0.0092633813619613,0.0,0.1,0.5,3,0.5,1.0,1.0,1.0,1,unchanged_correctness
wznRBN1fWj4$_$0,2026,processed_po,1.0,1,0.0,0,-0.2485942840576172,-0.2485942840576172,0.0,0.1,0.5,3,0.5,1.0,1.0,1.0,0,unchanged_correctness
wznRBN1fWj4$_$6,2026,processed_po,1.0,1,0.0,2,0.4696568846702575,0.4696568846702575,0.0,0.1,0.5,3,0.5,1.0,1.0,1.0,2,unchanged_correctness
x0rLwBIocuI$_$7,2026,processed_po,1.0,0,-0.6666666865348816,0,-1.381391167640686,-1.381391167640686,0.0,0.1,0.5,3,0.5,1.0,1.0,1.0,0,unchanged_correctness
xBE9YWYGjtk$_$7,2026,processed_po,1.0,2,2.0,2,1.7732588052749634,1.7732588052749634,0.0,0.1,0.5,3,0.5,1.0,1.0,1.0,2,unchanged_correctness
xSCvspXYU9k$_$19,2026,processed_po,1.0,0,-1.0,0,-1.108565092086792,-1.108565092086792,0.0,0.1,0.5,3,0.5,1.0,1.0,1.0,0,unchanged_correctness
xSCvspXYU9k$_$7,2026,processed_po,1.0,1,0.0,2,1.5492689609527588,1.5492689609527588,0.0,0.1,0.5,3,0.5,1.0,1.0,1.0,2,unchanged_correctness
xXXcgb9eZ9Y$_$7,2026,processed_po,1.0,0,-0.3333333432674408,0,-0.2490065693855285,-0.2490065693855285,0.0,0.1,0.5,3,0.5,1.0,1.0,1.0,0,unchanged_correctness
xmLJHru6Z1M$_$12,2026,processed_po,1.0,2,1.0,2,0.0572581999003887,0.0572581999003887,0.0,0.1,0.5,3,0.5,1.0,1.0,1.0,2,unchanged_correctness
xmLJHru6Z1M$_$14,2026,processed_po,1.0,2,1.0,2,0.1717337369918823,0.1717337369918823,0.0,0.1,0.5,3,0.5,1.0,1.0,1.0,2,unchanged_correctness
xmLJHru6Z1M$_$8,2026,processed_po,1.0,2,0.3333333432674408,2,0.4170654416084289,0.4170654416084289,0.0,0.1,0.5,3,0.5,1.0,1.0,1.0,2,unchanged_correctness
xobMRm5Vs44$_$1,2026,processed_po,1.0,1,0.0,2,1.4301987886428833,1.4301987886428833,0.0,0.1,0.5,3,0.5,1.0,1.0,1.0,2,unchanged_correctness
yCpHmPSshKY$_$1,2026,processed_po,1.0,2,1.6666666269302368,0,-0.6093314290046692,-0.6093314290046692,0.0,0.1,0.5,3,0.5,1.0,1.0,1.0,0,unchanged_correctness
yCpHmPSshKY$_$0,2026,processed_po,1.0,2,0.6666666865348816,2,0.0302793122828006,0.0302793122828006,0.0,0.1,0.5,3,0.5,1.0,1.0,1.0,2,unchanged_correctness
yLo-Jl8nBXU$_$11,2026,processed_po,1.0,2,0.6666666865348816,2,1.6875439882278442,1.6875439882278442,0.0,0.1,0.5,3,0.5,1.0,1.0,1.0,2,unchanged_correctness
yLo-Jl8nBXU$_$0,2026,processed_po,1.0,1,0.0,0,-0.2851769924163818,-0.2851769924163818,0.0,0.1,0.5,3,0.5,1.0,1.0,1.0,0,unchanged_correctness
yLo-Jl8nBXU$_$6,2026,processed_po,1.0,2,1.3333333730697632,2,1.9703056812286377,1.9703056812286377,0.0,0.1,0.5,3,0.5,1.0,1.0,1.0,2,unchanged_correctness
ySblgk7T7eQ$_$12,2026,processed_po,1.0,0,-0.3333333432674408,2,0.209228515625,0.209228515625,0.0,0.1,0.5,3,0.5,1.0,1.0,1.0,2,unchanged_correctness
ySblgk7T7eQ$_$0,2026,processed_po,1.0,2,1.0,2,1.6692498922348022,1.6692498922348022,0.0,0.1,0.5,3,0.5,1.0,1.0,1.0,2,unchanged_correctness
ySblgk7T7eQ$_$4,2026,processed_po,1.0,2,0.6666666865348816,2,0.0811549052596092,0.0811549052596092,0.0,0.1,0.5,3,0.5,1.0,1.0,1.0,2,unchanged_correctness
ySblgk7T7eQ$_$9,2026,processed_po,1.0,2,1.0,0,-1.4585239887237549,-1.4585239887237549,0.0,0.1,0.5,3,0.5,1.0,1.0,1.0,0,unchanged_correctness
yUqNp-poh9M$_$2,2026,processed_po,1.0,0,-0.3333333432674408,0,-0.3914719223976135,-0.3914719223976135,0.0,0.1,0.5,3,0.5,1.0,1.0,1.0,0,unchanged_correctness
yUqNp-poh9M$_$9,2026,processed_po,1.0,1,0.0,0,-1.9744967222213743,-1.9744967222213743,0.0,0.1,0.5,3,0.5,1.0,1.0,1.0,0,unchanged_correctness
ydzNAuqUAnc$_$6,2026,processed_po,1.0,0,-1.0,0,-0.1119577288627624,-0.1119577288627624,0.0,0.1,0.5,3,0.5,1.0,1.0,1.0,0,unchanged_correctness
yoDMh8FlHR8$_$0,2026,processed_po,1.0,2,1.6666666269302368,2,0.613216757774353,0.613216757774353,0.0,0.1,0.5,3,0.5,1.0,1.0,1.0,2,unchanged_correctness
yzCHa2qchpg$_$1,2026,processed_po,1.0,0,-2.0,0,-0.8039100170135498,-0.8039100170135498,0.0,0.1,0.5,3,0.5,1.0,1.0,1.0,0,unchanged_correctness
yzCHa2qchpg$_$2,2026,processed_po,1.0,2,1.3333333730697632,2,1.5721893310546875,1.5721893310546875,0.0,0.1,0.5,3,0.5,1.0,1.0,1.0,2,unchanged_correctness
z441aDJvAcU$_$20,2026,processed_po,1.0,2,1.0,2,1.1260029077529907,1.1260029077529907,0.0,0.1,0.5,3,0.5,1.0,1.0,1.0,2,unchanged_correctness
z441aDJvAcU$_$21,2026,processed_po,1.0,2,0.3333333432674408,2,1.1686806678771973,1.1686806678771973,0.0,0.1,0.5,3,0.5,1.0,1.0,1.0,2,unchanged_correctness
z441aDJvAcU$_$22,2026,processed_po,1.0,1,0.0,0,-1e-06,0.1319965720176696,0.0,0.1,0.5,3,0.5,1.0,1.0,1.0,0,unchanged_correctness
zfZUOvZZTuk$_$1,2026,processed_po,1.0,1,0.0,1,0.0,0.0495553016662597,0.0,0.1,0.5,3,0.5,1.0,1.0,1.0,1,unchanged_correctness
zfZUOvZZTuk$_$8,2026,processed_po,1.0,1,0.0,2,0.8251311779022217,0.8251311779022217,0.0,0.1,0.5,3,0.5,1.0,1.0,1.0,2,unchanged_correctness
zhNksSReaQk$_$27,2026,processed_po,1.0,1,0.0,2,0.6715202331542969,0.6715202331542969,0.0,0.1,0.5,3,0.5,1.0,1.0,1.0,2,unchanged_correctness
zhNksSReaQk$_$44,2026,processed_po,1.0,0,-1.0,2,1.3907036781311035,1.3907036781311035,0.0,0.1,0.5,3,0.5,1.0,1.0,1.0,2,unchanged_correctness
zhNksSReaQk$_$28,2026,processed_po,1.0,0,-1.0,0,-1e-06,0.040118683129549,0.0,0.1,0.5,3,0.5,1.0,1.0,1.0,0,unchanged_correctness
zhNksSReaQk$_$1,2026,processed_po,1.0,1,0.0,2,0.6255665421485901,0.6255665421485901,0.0,0.1,0.5,3,0.5,1.0,1.0,1.0,2,unchanged_correctness
zhNksSReaQk$_$4,2026,processed_po,1.0,0,-0.3333333432674408,0,-2.04157829284668,-2.04157829284668,0.0,0.1,0.5,3,0.5,1.0,1.0,1.0,0,unchanged_correctness
zhNksSReaQk$_$15,2026,processed_po,1.0,1,0.0,2,0.2162542194128036,0.2162542194128036,0.0,0.1,0.5,3,0.5,1.0,1.0,1.0,2,unchanged_correctness
zhNksSReaQk$_$36,2026,processed_po,1.0,1,0.0,0,-1.3457680940628052,-1.3457680940628052,0.0,0.1,0.5,3,0.5,1.0,1.0,1.0,0,unchanged_correctness
