id,seed,dataset,neutral_weight,true_class,true_intensity,class,intensity,raw_intensity,balance_beta,boundary_weight,boundary_margin,boundary_warmup_epochs,boundary_max_intensity,weight_negative,weight_neutral,weight_positive,baseline_class,change
-AUZQgSxyPQ$_$2,2026,processed_po,1.0,2,0.6666666865348816,2,1.445400953292847,1.445400953292847,0.1,0.1,0.5,3,0.5,1.02108719491422,1.046257433819571,0.9667937411273744,2,unchanged_correctness
-HeZS2-Prhc$_$2,2026,processed_po,1.0,2,0.6666666865348816,0,-1e-06,0.3699186444282532,0.1,0.1,0.5,3,0.5,1.02108719491422,1.046257433819571,0.9667937411273744,0,unchanged_correctness
-MeTTeMJBNc$_$0,2026,processed_po,1.0,2,0.3333333432674408,2,0.1929147988557815,0.1929147988557815,0.1,0.1,0.5,3,0.5,1.02108719491422,1.046257433819571,0.9667937411273744,2,unchanged_correctness
-RfYyzHpjk4$_$2,2026,processed_po,1.0,2,0.3333333432674408,2,0.0792252719402313,0.0792252719402313,0.1,0.1,0.5,3,0.5,1.02108719491422,1.046257433819571,0.9667937411273744,2,unchanged_correctness
-s9qJ7ATP7w$_$2,2026,processed_po,1.0,2,1.3333333730697632,2,1.4370566606521606,1.4370566606521606,0.1,0.1,0.5,3,0.5,1.02108719491422,1.046257433819571,0.9667937411273744,2,unchanged_correctness
-s9qJ7ATP7w$_$5,2026,processed_po,1.0,0,-2.0,0,-1.8902699947357176,-1.8902699947357176,0.1,0.1,0.5,3,0.5,1.02108719491422,1.046257433819571,0.9667937411273744,0,unchanged_correctness
-s9qJ7ATP7w$_$6,2026,processed_po,1.0,1,0.0,0,-1.331963300704956,-1.331963300704956,0.1,0.1,0.5,3,0.5,1.02108719491422,1.046257433819571,0.9667937411273744,0,unchanged_correctness
-yRb-Jum7EQ$_$1,2026,processed_po,1.0,1,0.0,0,-0.8158302307128906,-0.8158302307128906,0.1,0.1,0.5,3,0.5,1.02108719491422,1.046257433819571,0.9667937411273744,0,unchanged_correctness
0K7dCp80n9c$_$6,2026,processed_po,1.0,1,0.0,0,-0.5957540273666382,-0.5957540273666382,0.1,0.1,0.5,3,0.5,1.02108719491422,1.046257433819571,0.9667937411273744,0,unchanged_correctness
0YiAKqU36KE$_$1,2026,processed_po,1.0,2,1.3333333730697632,0,-1.6202356815338137,-1.6202356815338137,0.1,0.1,0.5,3,0.5,1.02108719491422,1.046257433819571,0.9667937411273744,0,unchanged_correctness
0YiAKqU36KE$_$0,2026,processed_po,1.0,0,-1.0,0,-1.764369249343872,-1.764369249343872,0.1,0.1,0.5,3,0.5,1.02108719491422,1.046257433819571,0.9667937411273744,0,unchanged_correctness
0bxhZ-LIfZY$_$4,2026,processed_po,1.0,0,-0.3333333432674408,0,-1.187101125717163,-1.187101125717163,0.1,0.1,0.5,3,0.5,1.02108719491422,1.046257433819571,0.9667937411273744,0,unchanged_correctness
100178$_$15,2026,processed_po,1.0,1,0.0,1,0.0,-0.500091552734375,0.1,0.1,0.5,3,0.5,1.02108719491422,1.046257433819571,0.9667937411273744,1,unchanged_correctness
10219$_$10,2026,processed_po,1.0,2,2.0,2,1e-06,-0.3584031760692596,0.1,0.1,0.5,3,0.5,1.02108719491422,1.046257433819571,0.9667937411273744,2,unchanged_correctness
10219$_$1,2026,processed_po,1.0,1,0.0,1,0.0,0.1094705164432525,0.1,0.1,0.5,3,0.5,1.02108719491422,1.046257433819571,0.9667937411273744,1,unchanged_correctness
10219$_$5,2026,processed_po,1.0,2,1.6666666269302368,2,1.631218671798706,1.631218671798706,0.1,0.1,0.5,3,0.5,1.02108719491422,1.046257433819571,0.9667937411273744,2,unchanged_correctness
102213$_$2,2026,processed_po,1.0,2,1.3333333730697632,2,1.597700834274292,1.597700834274292,0.1,0.1,0.5,3,0.5,1.02108719491422,1.046257433819571,0.9667937411273744,2,unchanged_correctness
102213$_$5,2026,processed_po,1.0,0,-1.0,0,-2.0140178203582764,-2.0140178203582764,0.1,0.1,0.5,3,0.5,1.02108719491422,1.046257433819571,0.9667937411273744,0,unchanged_correctness
102213$_$7,2026,processed_po,1.0,0,-1.0,0,-0.3125906884670257,-0.3125906884670257,0.1,0.1,0.5,3,0.5,1.02108719491422,1.046257433819571,0.9667937411273744,0,unchanged_correctness
102389$_$5,2026,processed_po,1.0,0,-1.6666666269302368,0,-0.8816200494766235,-0.8816200494766235,0.1,0.1,0.5,3,0.5,1.02108719491422,1.046257433819571,0.9667937411273744,0,unchanged_correctness
104741$_$0,2026,processed_po,1.0,1,0.0,1,0.0,0.0725350901484489,0.1,0.1,0.5,3,0.5,1.02108719491422,1.046257433819571,0.9667937411273744,1,unchanged_correctness
104741$_$5,2026,processed_po,1.0,1,0.0,0,-1e-06,0.3001250624656677,0.1,0.1,0.5,3,0.5,1.02108719491422,1.046257433819571,0.9667937411273744,0,unchanged_correctness
107585$_$12,2026,processed_po,1.0,0,-2.0,0,-2.536534547805786,-2.536534547805786,0.1,0.1,0.5,3,0.5,1.02108719491422,1.046257433819571,0.9667937411273744,0,unchanged_correctness
107585$_$18,2026,processed_po,1.0,0,-2.0,0,-2.362267255783081,-2.362267255783081,0.1,0.1,0.5,3,0.5,1.02108719491422,1.046257433819571,0.9667937411273744,0,unchanged_correctness
107585$_$1,2026,processed_po,1.0,0,-0.6666666865348816,2,1.284949779510498,1.284949779510498,0.1,0.1,0.5,3,0.5,1.02108719491422,1.046257433819571,0.9667937411273744,2,unchanged_correctness
108146$_$3,2026,processed_po,1.0,0,-1.6666666269302368,0,-2.003376007080078,-2.003376007080078,0.1,0.1,0.5,3,0.5,1.02108719491422,1.046257433819571,0.9667937411273744,0,unchanged_correctness
110565$_$1,2026,processed_po,1.0,0,-1.0,2,1.830694556236267,1.830694556236267,0.1,0.1,0.5,3,0.5,1.02108719491422,1.046257433819571,0.9667937411273744,2,unchanged_correctness
110565$_$5,2026,processed_po,1.0,2,1.0,2,1.7944775819778442,1.7944775819778442,0.1,0.1,0.5,3,0.5,1.02108719491422,1.046257433819571,0.9667937411273744,2,unchanged_correctness
111881$_$11,2026,processed_po,1.0,0,-1.0,0,-0.8452543020248413,-0.8452543020248413,0.1,0.1,0.5,3,0.5,1.02108719491422,1.046257433819571,0.9667937411273744,0,unchanged_correctness
111881$_$10,2026,processed_po,1.0,0,-2.0,2,1.0033178329467771,1.0033178329467771,0.1,0.1,0.5,3,0.5,1.02108719491422,1.046257433819571,0.9667937411273744,2,unchanged_correctness
111881$_$15,2026,processed_po,1.0,0,-2.0,0,-0.092153400182724,-0.092153400182724,0.1,0.1,0.5,3,0.5,1.02108719491422,1.046257433819571,0.9667937411273744,0,unchanged_correctness
111881$_$4,2026,processed_po,1.0,0,-1.3333333730697632,0,-0.7329187989234924,-0.7329187989234924,0.1,0.1,0.5,3,0.5,1.02108719491422,1.046257433819571,0.9667937411273744,0,unchanged_correctness
111881$_$7,2026,processed_po,1.0,0,-2.0,0,-0.9372584223747252,-0.9372584223747252,0.1,0.1,0.5,3,0.5,1.02108719491422,1.046257433819571,0.9667937411273744,0,unchanged_correctness
111881$_$6,2026,processed_po,1.0,2,0.3333333432674408,2,0.8456125259399414,0.8456125259399414,0.1,0.1,0.5,3,0.5,1.02108719491422,1.046257433819571,0.9667937411273744,2,unchanged_correctness
112425$_$10,2026,processed_po,1.0,2,2.3333332538604736,2,0.8503426909446716,0.8503426909446716,0.1,0.1,0.5,3,0.5,1.02108719491422,1.046257433819571,0.9667937411273744,2,unchanged_correctness
112425$_$1,2026,processed_po,1.0,2,0.6666666865348816,1,0.0,0.1691120862960815,0.1,0.1,0.5,3,0.5,1.02108719491422,1.046257433819571,0.9667937411273744,1,unchanged_correctness
112425$_$7,2026,processed_po,1.0,2,1.3333333730697632,2,1.8912594318389893,1.8912594318389893,0.1,0.1,0.5,3,0.5,1.02108719491422,1.046257433819571,0.9667937411273744,2,unchanged_correctness
112509$_$4,2026,processed_po,1.0,0,-2.0,0,-2.0243818759918213,-2.0243818759918213,0.1,0.1,0.5,3,0.5,1.02108719491422,1.046257433819571,0.9667937411273744,0,unchanged_correctness
116213$_$3,2026,processed_po,1.0,0,-0.6666666865348816,0,-0.1337552070617675,-0.1337552070617675,0.1,0.1,0.5,3,0.5,1.02108719491422,1.046257433819571,0.9667937411273744,0,unchanged_correctness
121400$_$0,2026,processed_po,1.0,1,0.0,1,0.0,0.3298600912094116,0.1,0.1,0.5,3,0.5,1.02108719491422,1.046257433819571,0.9667937411273744,2,fixed
126872$_$11,2026,processed_po,1.0,0,-2.0,0,-1.4387491941452026,-1.4387491941452026,0.1,0.1,0.5,3,0.5,1.02108719491422,1.046257433819571,0.9667937411273744,0,unchanged_correctness
130366$_$11,2026,processed_po,1.0,0,-1.3333333730697632,0,-1.824496865272522,-1.824496865272522,0.1,0.1,0.5,3,0.5,1.02108719491422,1.046257433819571,0.9667937411273744,0,unchanged_correctness
130366$_$2,2026,processed_po,1.0,2,0.3333333432674408,0,-0.4594618678092956,-0.4594618678092956,0.1,0.1,0.5,3,0.5,1.02108719491422,1.046257433819571,0.9667937411273744,0,unchanged_correctness
130366$_$4,2026,processed_po,1.0,0,-0.3333333432674408,0,-0.8560285568237305,-0.8560285568237305,0.1,0.1,0.5,3,0.5,1.02108719491422,1.046257433819571,0.9667937411273744,0,unchanged_correctness
132028$_$7,2026,processed_po,1.0,2,0.3333333432674408,2,1.3982045650482178,1.3982045650482178,0.1,0.1,0.5,3,0.5,1.02108719491422,1.046257433819571,0.9667937411273744,2,unchanged_correctness
135623$_$5,2026,processed_po,1.0,0,-2.3333332538604736,0,-1.9324017763137815,-1.9324017763137815,0.1,0.1,0.5,3,0.5,1.02108719491422,1.046257433819571,0.9667937411273744,0,unchanged_correctness
135623$_$8,2026,processed_po,1.0,0,-1.3333333730697632,2,1.2983152866363523,1.2983152866363523,0.1,0.1,0.5,3,0.5,1.02108719491422,1.046257433819571,0.9667937411273744,2,unchanged_correctness
136196$_$0,2026,processed_po,1.0,2,0.3333333432674408,1,0.0,-0.0111092114821076,0.1,0.1,0.5,3,0.5,1.02108719491422,1.046257433819571,0.9667937411273744,1,unchanged_correctness
136196$_$9,2026,processed_po,1.0,0,-2.0,0,-2.153817892074585,-2.153817892074585,0.1,0.1,0.5,3,0.5,1.02108719491422,1.046257433819571,0.9667937411273744,0,unchanged_correctness
136196$_$8,2026,processed_po,1.0,0,-1.6666666269302368,0,-2.2727298736572266,-2.2727298736572266,0.1,0.1,0.5,3,0.5,1.02108719491422,1.046257433819571,0.9667937411273744,0,unchanged_correctness
167521$_$17,2026,processed_po,1.0,2,1.3333333730697632,2,0.2757370173931122,0.2757370173931122,0.1,0.1,0.5,3,0.5,1.02108719491422,1.046257433819571,0.9667937411273744,2,unchanged_correctness
167521$_$16,2026,processed_po,1.0,2,2.0,2,1.82878053188324,1.82878053188324,0.1,0.1,0.5,3,0.5,1.02108719491422,1.046257433819571,0.9667937411273744,2,unchanged_correctness
167521$_$5,2026,processed_po,1.0,2,0.3333333432674408,0,-1.8104095458984373,-1.8104095458984373,0.1,0.1,0.5,3,0.5,1.02108719491422,1.046257433819571,0.9667937411273744,0,unchanged_correctness
190743$_$13,2026,processed_po,1.0,0,-2.0,0,-1.0075896978378296,-1.0075896978378296,0.1,0.1,0.5,3,0.5,1.02108719491422,1.046257433819571,0.9667937411273744,0,unchanged_correctness
190743$_$17,2026,processed_po,1.0,0,-2.0,0,-1.6284127235412598,-1.6284127235412598,0.1,0.1,0.5,3,0.5,1.02108719491422,1.046257433819571,0.9667937411273744,0,unchanged_correctness
190743$_$5,2026,processed_po,1.0,0,-2.0,0,-2.281944274902344,-2.281944274902344,0.1,0.1,0.5,3,0.5,1.02108719491422,1.046257433819571,0.9667937411273744,0,unchanged_correctness
194299$_$14,2026,processed_po,1.0,1,0.0,2,0.7183049917221069,0.7183049917221069,0.1,0.1,0.5,3,0.5,1.02108719491422,1.046257433819571,0.9667937411273744,2,unchanged_correctness
194299$_$4,2026,processed_po,1.0,0,-1.0,0,-2.105766773223877,-2.105766773223877,0.1,0.1,0.5,3,0.5,1.02108719491422,1.046257433819571,0.9667937411273744,0,unchanged_correctness
194299$_$9,2026,processed_po,1.0,1,0.0,1,0.0,0.1093043237924575,0.1,0.1,0.5,3,0.5,1.02108719491422,1.046257433819571,0.9667937411273744,1,unchanged_correctness
198112$_$12,2026,processed_po,1.0,2,2.0,2,1.9630889892578125,1.9630889892578125,0.1,0.1,0.5,3,0.5,1.02108719491422,1.046257433819571,0.9667937411273744,2,unchanged_correctness
198112$_$0,2026,processed_po,1.0,2,0.3333333432674408,2,0.1688800454139709,0.1688800454139709,0.1,0.1,0.5,3,0.5,1.02108719491422,1.046257433819571,0.9667937411273744,2,unchanged_correctness
198112$_$5,2026,processed_po,1.0,2,1.0,2,1.83465313911438,1.83465313911438,0.1,0.1,0.5,3,0.5,1.02108719491422,1.046257433819571,0.9667937411273744,2,unchanged_correctness
198112$_$9,2026,processed_po,1.0,2,2.3333332538604736,0,-0.95140939950943,-0.95140939950943,0.1,0.1,0.5,3,0.5,1.02108719491422,1.046257433819571,0.9667937411273744,0,unchanged_correctness
198112$_$8,2026,processed_po,1.0,2,2.0,0,-0.3445403575897217,-0.3445403575897217,0.1,0.1,0.5,3,0.5,1.02108719491422,1.046257433819571,0.9667937411273744,0,unchanged_correctness
1HS2HcN2LDo$_$1,2026,processed_po,1.0,2,0.3333333432674408,2,0.7134498357772827,0.7134498357772827,0.1,0.1,0.5,3,0.5,1.02108719491422,1.046257433819571,0.9667937411273744,2,unchanged_correctness
1HS2HcN2LDo$_$9,2026,processed_po,1.0,2,1.3333333730697632,2,0.7133830785751343,0.7133830785751343,0.1,0.1,0.5,3,0.5,1.02108719491422,1.046257433819571,0.9667937411273744,2,unchanged_correctness
1S6ji_d4OLI$_$9,2026,processed_po,1.0,2,0.6666666865348816,2,0.6831802129745483,0.6831802129745483,0.1,0.1,0.5,3,0.5,1.02108719491422,1.046257433819571,0.9667937411273744,2,unchanged_correctness
1jogeKX0wGw$_$4,2026,processed_po,1.0,2,1.0,2,1.0178964138031006,1.0178964138031006,0.1,0.1,0.5,3,0.5,1.02108719491422,1.046257433819571,0.9667937411273744,2,unchanged_correctness
1pl2FVdQWj0$_$2,2026,processed_po,1.0,2,0.6666666865348816,2,1.0199601650238037,1.0199601650238037,0.1,0.1,0.5,3,0.5,1.02108719491422,1.046257433819571,0.9667937411273744,2,unchanged_correctness
200941$_$10,2026,processed_po,1.0,0,-1.0,0,-2.344334602355957,-2.344334602355957,0.1,0.1,0.5,3,0.5,1.02108719491422,1.046257433819571,0.9667937411273744,0,unchanged_correctness
202826$_$10,2026,processed_po,1.0,0,-1.6666666269302368,0,-0.5233138799667358,-0.5233138799667358,0.1,0.1,0.5,3,0.5,1.02108719491422,1.046257433819571,0.9667937411273744,0,unchanged_correctness
202826$_$7,2026,processed_po,1.0,2,1.0,2,1.1717420816421509,1.1717420816421509,0.1,0.1,0.5,3,0.5,1.02108719491422,1.046257433819571,0.9667937411273744,2,unchanged_correctness
206585$_$3,2026,processed_po,1.0,1,0.0,2,0.3913058638572693,0.3913058638572693,0.1,0.1,0.5,3,0.5,1.02108719491422,1.046257433819571,0.9667937411273744,2,unchanged_correctness
208322$_$12,2026,processed_po,1.0,0,-2.3333332538604736,2,0.9736917614936828,0.9736917614936828,0.1,0.1,0.5,3,0.5,1.02108719491422,1.046257433819571,0.9667937411273744,2,unchanged_correctness
208592$_$2,2026,processed_po,1.0,1,0.0,1,0.0,0.0218390543013811,0.1,0.1,0.5,3,0.5,1.02108719491422,1.046257433819571,0.9667937411273744,1,unchanged_correctness
208592$_$9,2026,processed_po,1.0,0,-2.6666667461395264,0,-1.574824333190918,-1.574824333190918,0.1,0.1,0.5,3,0.5,1.02108719491422,1.046257433819571,0.9667937411273744,0,unchanged_correctness
209758$_$15,2026,processed_po,1.0,2,1.3333333730697632,2,1e-06,-0.2508954703807831,0.1,0.1,0.5,3,0.5,1.02108719491422,1.046257433819571,0.9667937411273744,2,unchanged_correctness
209758$_$3,2026,processed_po,1.0,1,0.0,2,0.2403732687234878,0.2403732687234878,0.1,0.1,0.5,3,0.5,1.02108719491422,1.046257433819571,0.9667937411273744,2,unchanged_correctness
209758$_$5,2026,processed_po,1.0,1,0.0,1,0.0,0.174363762140274,0.1,0.1,0.5,3,0.5,1.02108719491422,1.046257433819571,0.9667937411273744,1,unchanged_correctness
20LfN8ENbhM$_$1,2026,processed_po,1.0,2,2.0,2,1.759519100189209,1.759519100189209,0.1,0.1,0.5,3,0.5,1.02108719491422,1.046257433819571,0.9667937411273744,2,unchanged_correctness
210259$_$11,2026,processed_po,1.0,0,-3.0,0,-2.376516342163086,-2.376516342163086,0.1,0.1,0.5,3,0.5,1.02108719491422,1.046257433819571,0.9667937411273744,0,unchanged_correctness
210259$_$16,2026,processed_po,1.0,0,-2.3333332538604736,0,-2.263091564178467,-2.263091564178467,0.1,0.1,0.5,3,0.5,1.02108719491422,1.046257433819571,0.9667937411273744,0,unchanged_correctness
210259$_$0,2026,processed_po,1.0,1,0.0,1,0.0,0.3382426798343658,0.1,0.1,0.5,3,0.5,1.02108719491422,1.046257433819571,0.9667937411273744,1,unchanged_correctness
210259$_$8,2026,processed_po,1.0,0,-2.3333332538604736,0,-2.315325975418091,-2.315325975418091,0.1,0.1,0.5,3,0.5,1.02108719491422,1.046257433819571,0.9667937411273744,0,unchanged_correctness
210433$_$0,2026,processed_po,1.0,1,0.0,1,0.0,0.242575004696846,0.1,0.1,0.5,3,0.5,1.02108719491422,1.046257433819571,0.9667937411273744,1,unchanged_correctness
210433$_$7,2026,processed_po,1.0,0,-2.0,0,-2.4445059299468994,-2.4445059299468994,0.1,0.1,0.5,3,0.5,1.02108719491422,1.046257433819571,0.9667937411273744,0,unchanged_correctness
211875$_$4,2026,processed_po,1.0,0,-1.6666666269302368,2,1.7810200452804563,1.7810200452804563,0.1,0.1,0.5,3,0.5,1.02108719491422,1.046257433819571,0.9667937411273744,2,unchanged_correctness
211875$_$8,2026,processed_po,1.0,0,-1.3333333730697632,0,-1.2856780290603638,-1.2856780290603638,0.1,0.1,0.5,3,0.5,1.02108719491422,1.046257433819571,0.9667937411273744,0,unchanged_correctness
213327$_$6,2026,processed_po,1.0,0,-2.3333332538604736,0,-1.2028353214263916,-1.2028353214263916,0.1,0.1,0.5,3,0.5,1.02108719491422,1.046257433819571,0.9667937411273744,0,unchanged_correctness
213327$_$8,2026,processed_po,1.0,0,-2.0,0,-1.2189857959747314,-1.2189857959747314,0.1,0.1,0.5,3,0.5,1.02108719491422,1.046257433819571,0.9667937411273744,0,unchanged_correctness
215318$_$12,2026,processed_po,1.0,1,0.0,0,-0.5120545029640198,-0.5120545029640198,0.1,0.1,0.5,3,0.5,1.02108719491422,1.046257433819571,0.9667937411273744,0,unchanged_correctness
221137$_$2,2026,processed_po,1.0,1,0.0,0,-1e-06,0.2482640743255615,0.1,0.1,0.5,3,0.5,1.02108719491422,1.046257433819571,0.9667937411273744,0,unchanged_correctness
221137$_$5,2026,processed_po,1.0,0,-2.0,0,-1.9070570468902588,-1.9070570468902588,0.1,0.1,0.5,3,0.5,1.02108719491422,1.046257433819571,0.9667937411273744,0,unchanged_correctness
221153$_$14,2026,processed_po,1.0,0,-1.6666666269302368,0,-1.7471630573272705,-1.7471630573272705,0.1,0.1,0.5,3,0.5,1.02108719491422,1.046257433819571,0.9667937411273744,0,unchanged_correctness
221153$_$16,2026,processed_po,1.0,0,-0.6666666865348816,0,-1.42413592338562,-1.42413592338562,0.1,0.1,0.5,3,0.5,1.02108719491422,1.046257433819571,0.9667937411273744,0,unchanged_correctness
221153$_$6,2026,processed_po,1.0,1,0.0,1,0.0,-0.6111171245574951,0.1,0.1,0.5,3,0.5,1.02108719491422,1.046257433819571,0.9667937411273744,1,unchanged_correctness
221153$_$20,2026,processed_po,1.0,2,0.3333333432674408,1,0.0,-0.0832030698657035,0.1,0.1,0.5,3,0.5,1.02108719491422,1.046257433819571,0.9667937411273744,1,unchanged_correctness
22373$_$10,2026,processed_po,1.0,0,-2.6666667461395264,0,-2.0097694396972656,-2.0097694396972656,0.1,0.1,0.5,3,0.5,1.02108719491422,1.046257433819571,0.9667937411273744,0,unchanged_correctness
22373$_$1,2026,processed_po,1.0,1,0.0,1,0.0,-0.2620097994804382,0.1,0.1,0.5,3,0.5,1.02108719491422,1.046257433819571,0.9667937411273744,1,unchanged_correctness
22373$_$2,2026,processed_po,1.0,0,-2.3333332538604736,0,-0.6451833844184875,-0.6451833844184875,0.1,0.1,0.5,3,0.5,1.02108719491422,1.046257433819571,0.9667937411273744,0,unchanged_correctness
22373$_$7,2026,processed_po,1.0,1,0.0,0,-0.6639642119407654,-0.6639642119407654,0.1,0.1,0.5,3,0.5,1.02108719491422,1.046257433819571,0.9667937411273744,0,unchanged_correctness
224263$_$13,2026,processed_po,1.0,2,0.6666666865348816,2,1.9891895055770876,1.9891895055770876,0.1,0.1,0.5,3,0.5,1.02108719491422,1.046257433819571,0.9667937411273744,2,unchanged_correctness
224263$_$14,2026,processed_po,1.0,0,-2.3333332538604736,0,-1.440744161605835,-1.440744161605835,0.1,0.1,0.5,3,0.5,1.02108719491422,1.046257433819571,0.9667937411273744,0,unchanged_correctness
224263$_$3,2026,processed_po,1.0,0,-2.3333332538604736,0,-2.274389266967773,-2.274389266967773,0.1,0.1,0.5,3,0.5,1.02108719491422,1.046257433819571,0.9667937411273744,0,unchanged_correctness
224370$_$3,2026,processed_po,1.0,0,-2.0,0,-1.08892023563385,-1.08892023563385,0.1,0.1,0.5,3,0.5,1.02108719491422,1.046257433819571,0.9667937411273744,0,unchanged_correctness
224370$_$5,2026,processed_po,1.0,0,-2.6666667461395264,2,0.7897616028785706,0.7897616028785706,0.1,0.1,0.5,3,0.5,1.02108719491422,1.046257433819571,0.9667937411273744,2,unchanged_correctness
224370$_$11,2026,processed_po,1.0,2,0.3333333432674408,0,-0.3587630093097687,-0.3587630093097687,0.1,0.1,0.5,3,0.5,1.02108719491422,1.046257433819571,0.9667937411273744,0,unchanged_correctness
224370$_$15,2026,processed_po,1.0,0,-1.6666666269302368,0,-1.5995932817459106,-1.5995932817459106,0.1,0.1,0.5,3,0.5,1.02108719491422,1.046257433819571,0.9667937411273744,0,unchanged_correctness
224631$_$5,2026,processed_po,1.0,2,0.3333333432674408,2,0.3850672841072082,0.3850672841072082,0.1,0.1,0.5,3,0.5,1.02108719491422,1.046257433819571,0.9667937411273744,2,unchanged_correctness
226601$_$11,2026,processed_po,1.0,0,-1.3333333730697632,0,-1.95992374420166,-1.95992374420166,0.1,0.1,0.5,3,0.5,1.02108719491422,1.046257433819571,0.9667937411273744,0,unchanged_correctness
226601$_$18,2026,processed_po,1.0,0,-2.0,0,-1.7838549613952637,-1.7838549613952637,0.1,0.1,0.5,3,0.5,1.02108719491422,1.046257433819571,0.9667937411273744,0,unchanged_correctness
226601$_$0,2026,processed_po,1.0,2,0.3333333432674408,1,0.0,0.1906487792730331,0.1,0.1,0.5,3,0.5,1.02108719491422,1.046257433819571,0.9667937411273744,1,unchanged_correctness
226640$_$9,2026,processed_po,1.0,1,0.0,2,0.7220078110694885,0.7220078110694885,0.1,0.1,0.5,3,0.5,1.02108719491422,1.046257433819571,0.9667937411273744,2,unchanged_correctness
22689$_$1,2026,processed_po,1.0,0,-2.0,0,-1.7004958391189575,-1.7004958391189575,0.1,0.1,0.5,3,0.5,1.02108719491422,1.046257433819571,0.9667937411273744,0,unchanged_correctness
22689$_$0,2026,processed_po,1.0,1,0.0,1,0.0,-0.3464004397392273,0.1,0.1,0.5,3,0.5,1.02108719491422,1.046257433819571,0.9667937411273744,1,unchanged_correctness
234046$_$1,2026,processed_po,1.0,1,0.0,1,0.0,0.1322819888591766,0.1,0.1,0.5,3,0.5,1.02108719491422,1.046257433819571,0.9667937411273744,1,unchanged_correctness
236442$_$3,2026,processed_po,1.0,0,-1.3333333730697632,0,-0.8660004138946533,-0.8660004138946533,0.1,0.1,0.5,3,0.5,1.02108719491422,1.046257433819571,0.9667937411273744,0,unchanged_correctness
23656$_$1,2026,processed_po,1.0,1,0.0,2,0.2969760298728943,0.2969760298728943,0.1,0.1,0.5,3,0.5,1.02108719491422,1.046257433819571,0.9667937411273744,2,unchanged_correctness
23656$_$0,2026,processed_po,1.0,2,0.3333333432674408,1,0.0,0.4385970532894134,0.1,0.1,0.5,3,0.5,1.02108719491422,1.046257433819571,0.9667937411273744,1,unchanged_correctness
23656$_$2,2026,processed_po,1.0,2,1.0,2,1.2407710552215576,1.2407710552215576,0.1,0.1,0.5,3,0.5,1.02108719491422,1.046257433819571,0.9667937411273744,2,unchanged_correctness
23656$_$7,2026,processed_po,1.0,0,-2.0,0,-0.363980233669281,-0.363980233669281,0.1,0.1,0.5,3,0.5,1.02108719491422,1.046257433819571,0.9667937411273744,0,unchanged_correctness
23656$_$9,2026,processed_po,1.0,0,-1.3333333730697632,0,-1.5277236700057983,-1.5277236700057983,0.1,0.1,0.5,3,0.5,1.02108719491422,1.046257433819571,0.9667937411273744,0,unchanged_correctness
23656$_$15,2026,processed_po,1.0,2,0.3333333432674408,2,1.3091861009597778,1.3091861009597778,0.1,0.1,0.5,3,0.5,1.02108719491422,1.046257433819571,0.9667937411273744,2,unchanged_correctness
237363$_$10,2026,processed_po,1.0,1,0.0,0,-0.7060079574584961,-0.7060079574584961,0.1,0.1,0.5,3,0.5,1.02108719491422,1.046257433819571,0.9667937411273744,0,unchanged_correctness
237363$_$4,2026,processed_po,1.0,1,0.0,1,0.0,-0.0937197655439376,0.1,0.1,0.5,3,0.5,1.02108719491422,1.046257433819571,0.9667937411273744,1,unchanged_correctness
238063$_$15,2026,processed_po,1.0,0,-1.3333333730697632,0,-2.164909839630127,-2.164909839630127,0.1,0.1,0.5,3,0.5,1.02108719491422,1.046257433819571,0.9667937411273744,0,unchanged_correctness
238063$_$17,2026,processed_po,1.0,2,1.0,0,-0.3231313824653625,-0.3231313824653625,0.1,0.1,0.5,3,0.5,1.02108719491422,1.046257433819571,0.9667937411273744,0,unchanged_correctness
238063$_$16,2026,processed_po,1.0,0,-1.0,2,1.4857053756713867,1.4857053756713867,0.1,0.1,0.5,3,0.5,1.02108719491422,1.046257433819571,0.9667937411273744,2,unchanged_correctness
238063$_$7,2026,processed_po,1.0,0,-0.3333333432674408,0,-1.0061628818511963,-1.0061628818511963,0.1,0.1,0.5,3,0.5,1.02108719491422,1.046257433819571,0.9667937411273744,0,unchanged_correctness
24196$_$0,2026,processed_po,1.0,2,0.3333333432674408,1,0.0,0.2220211029052734,0.1,0.1,0.5,3,0.5,1.02108719491422,1.046257433819571,0.9667937411273744,1,unchanged_correctness
24196$_$3,2026,processed_po,1.0,0,-0.3333333432674408,0,-2.3226027488708496,-2.3226027488708496,0.1,0.1,0.5,3,0.5,1.02108719491422,1.046257433819571,0.9667937411273744,0,unchanged_correctness
243981$_$10,2026,processed_po,1.0,0,-2.3333332538604736,0,-2.2824363708496094,-2.2824363708496094,0.1,0.1,0.5,3,0.5,1.02108719491422,1.046257433819571,0.9667937411273744,0,unchanged_correctness
243981$_$1,2026,processed_po,1.0,1,0.0,2,0.0704889744520187,0.0704889744520187,0.1,0.1,0.5,3,0.5,1.02108719491422,1.046257433819571,0.9667937411273744,2,unchanged_correctness
243981$_$4,2026,processed_po,1.0,0,-2.3333332538604736,0,-1.9598040580749512,-1.9598040580749512,0.1,0.1,0.5,3,0.5,1.02108719491422,1.046257433819571,0.9667937411273744,0,unchanged_correctness
243981$_$6,2026,processed_po,1.0,0,-2.0,0,-1.5859861373901367,-1.5859861373901367,0.1,0.1,0.5,3,0.5,1.02108719491422,1.046257433819571,0.9667937411273744,0,unchanged_correctness
24504$_$10,2026,processed_po,1.0,2,0.6666666865348816,2,0.7281365394592285,0.7281365394592285,0.1,0.1,0.5,3,0.5,1.02108719491422,1.046257433819571,0.9667937411273744,2,unchanged_correctness
245582$_$11,2026,processed_po,1.0,0,-1.6666666269302368,0,-2.3450889587402344,-2.3450889587402344,0.1,0.1,0.5,3,0.5,1.02108719491422,1.046257433819571,0.9667937411273744,0,unchanged_correctness
245582$_$13,2026,processed_po,1.0,2,0.3333333432674408,0,-1.1909630298614502,-1.1909630298614502,0.1,0.1,0.5,3,0.5,1.02108719491422,1.046257433819571,0.9667937411273744,0,unchanged_correctness
245582$_$16,2026,processed_po,1.0,2,1.0,0,-2.2234058380126958,-2.2234058380126958,0.1,0.1,0.5,3,0.5,1.02108719491422,1.046257433819571,0.9667937411273744,0,unchanged_correctness
245582$_$4,2026,processed_po,1.0,0,-1.3333333730697632,0,-2.2297286987304688,-2.2297286987304688,0.1,0.1,0.5,3,0.5,1.02108719491422,1.046257433819571,0.9667937411273744,0,unchanged_correctness
252097$_$12,2026,processed_po,1.0,0,-2.3333332538604736,0,-2.291101217269897,-2.291101217269897,0.1,0.1,0.5,3,0.5,1.02108719491422,1.046257433819571,0.9667937411273744,0,unchanged_correctness
252097$_$4,2026,processed_po,1.0,0,-1.3333333730697632,0,-2.294748306274414,-2.294748306274414,0.1,0.1,0.5,3,0.5,1.02108719491422,1.046257433819571,0.9667937411273744,0,unchanged_correctness
252912$_$13,2026,processed_po,1.0,0,-1.6666666269302368,0,-2.0868752002716064,-2.0868752002716064,0.1,0.1,0.5,3,0.5,1.02108719491422,1.046257433819571,0.9667937411273744,0,unchanged_correctness
257277$_$1,2026,processed_po,1.0,2,0.3333333432674408,2,0.6553590297698975,0.6553590297698975,0.1,0.1,0.5,3,0.5,1.02108719491422,1.046257433819571,0.9667937411273744,2,unchanged_correctness
257277$_$3,2026,processed_po,1.0,2,1.0,1,0.0,-0.1656605303287506,0.1,0.1,0.5,3,0.5,1.02108719491422,1.046257433819571,0.9667937411273744,1,unchanged_correctness
257277$_$5,2026,processed_po,1.0,0,-2.0,0,-0.7077600359916687,-0.7077600359916687,0.1,0.1,0.5,3,0.5,1.02108719491422,1.046257433819571,0.9667937411273744,0,unchanged_correctness
257534$_$4,2026,processed_po,1.0,1,0.0,1,0.0,-0.1088375151157379,0.1,0.1,0.5,3,0.5,1.02108719491422,1.046257433819571,0.9667937411273744,1,unchanged_correctness
267466$_$24,2026,processed_po,1.0,2,0.6666666865348816,2,0.232958048582077,0.232958048582077,0.1,0.1,0.5,3,0.5,1.02108719491422,1.046257433819571,0.9667937411273744,2,unchanged_correctness
267466$_$44,2026,processed_po,1.0,0,-2.6666667461395264,0,-1.9502177238464355,-1.9502177238464355,0.1,0.1,0.5,3,0.5,1.02108719491422,1.046257433819571,0.9667937411273744,0,unchanged_correctness
267466$_$42,2026,processed_po,1.0,0,-2.3333332538604736,0,-2.059858798980713,-2.059858798980713,0.1,0.1,0.5,3,0.5,1.02108719491422,1.046257433819571,0.9667937411273744,0,unchanged_correctness
267466$_$9,2026,processed_po,1.0,0,-1.0,0,-0.7534149885177612,-0.7534149885177612,0.1,0.1,0.5,3,0.5,1.02108719491422,1.046257433819571,0.9667937411273744,0,unchanged_correctness
267466$_$13,2026,processed_po,1.0,1,0.0,1,0.0,-0.1127018630504608,0.1,0.1,0.5,3,0.5,1.02108719491422,1.046257433819571,0.9667937411273744,1,unchanged_correctness
267466$_$38,2026,processed_po,1.0,1,0.0,0,-1.5618085861206057,-1.5618085861206057,0.1,0.1,0.5,3,0.5,1.02108719491422,1.046257433819571,0.9667937411273744,0,unchanged_correctness
267466$_$35,2026,processed_po,1.0,0,-1.0,0,-1.9778685569763184,-1.9778685569763184,0.1,0.1,0.5,3,0.5,1.02108719491422,1.046257433819571,0.9667937411273744,0,unchanged_correctness
267466$_$34,2026,processed_po,1.0,0,-2.3333332538604736,0,-2.1985158920288086,-2.1985158920288086,0.1,0.1,0.5,3,0.5,1.02108719491422,1.046257433819571,0.9667937411273744,0,unchanged_correctness
267694$_$14,2026,processed_po,1.0,0,-2.3333332538604736,0,-2.259371757507324,-2.259371757507324,0.1,0.1,0.5,3,0.5,1.02108719491422,1.046257433819571,0.9667937411273744,0,unchanged_correctness
267694$_$16,2026,processed_po,1.0,0,-1.0,0,-1.0583282709121704,-1.0583282709121704,0.1,0.1,0.5,3,0.5,1.02108719491422,1.046257433819571,0.9667937411273744,0,unchanged_correctness
267694$_$3,2026,processed_po,1.0,0,-0.3333333432674408,0,-1.5715649127960205,-1.5715649127960205,0.1,0.1,0.5,3,0.5,1.02108719491422,1.046257433819571,0.9667937411273744,0,unchanged_correctness
267694$_$5,2026,processed_po,1.0,1,0.0,1,0.0,-0.2053856551647186,0.1,0.1,0.5,3,0.5,1.02108719491422,1.046257433819571,0.9667937411273744,1,unchanged_correctness
267694$_$4,2026,processed_po,1.0,1,0.0,0,-0.3190445601940155,-0.3190445601940155,0.1,0.1,0.5,3,0.5,1.02108719491422,1.046257433819571,0.9667937411273744,0,unchanged_correctness
267694$_$7,2026,processed_po,1.0,0,-2.0,0,-2.251569986343384,-2.251569986343384,0.1,0.1,0.5,3,0.5,1.02108719491422,1.046257433819571,0.9667937411273744,0,unchanged_correctness
267694$_$6,2026,processed_po,1.0,0,-1.6666666269302368,0,-2.3307199478149414,-2.3307199478149414,0.1,0.1,0.5,3,0.5,1.02108719491422,1.046257433819571,0.9667937411273744,0,unchanged_correctness
273207$_$0,2026,processed_po,1.0,1,0.0,1,0.0,-0.0037417241837829,0.1,0.1,0.5,3,0.5,1.02108719491422,1.046257433819571,0.9667937411273744,1,unchanged_correctness
273207$_$5,2026,processed_po,1.0,2,0.3333333432674408,0,-0.937184751033783,-0.937184751033783,0.1,0.1,0.5,3,0.5,1.02108719491422,1.046257433819571,0.9667937411273744,0,unchanged_correctness
273207$_$7,2026,processed_po,1.0,0,-0.3333333432674408,0,-2.331993579864502,-2.331993579864502,0.1,0.1,0.5,3,0.5,1.02108719491422,1.046257433819571,0.9667937411273744,0,unchanged_correctness
273207$_$9,2026,processed_po,1.0,0,-0.3333333432674408,2,1.051053524017334,1.051053524017334,0.1,0.1,0.5,3,0.5,1.02108719491422,1.046257433819571,0.9667937411273744,2,unchanged_correctness
273250$_$20,2026,processed_po,1.0,0,-0.3333333432674408,0,-1.0019304752349854,-1.0019304752349854,0.1,0.1,0.5,3,0.5,1.02108719491422,1.046257433819571,0.9667937411273744,0,unchanged_correctness
273250$_$3,2026,processed_po,1.0,0,-0.6666666865348816,1,0.0,-0.4489834308624267,0.1,0.1,0.5,3,0.5,1.02108719491422,1.046257433819571,0.9667937411273744,1,unchanged_correctness
273250$_$7,2026,processed_po,1.0,0,-0.3333333432674408,1,0.0,0.1515492498874664,0.1,0.1,0.5,3,0.5,1.02108719491422,1.046257433819571,0.9667937411273744,1,unchanged_correctness
273250$_$11,2026,processed_po,1.0,0,-1.3333333730697632,1,0.0,-0.0091238636523485,0.1,0.1,0.5,3,0.5,1.02108719491422,1.046257433819571,0.9667937411273744,1,unchanged_correctness
273250$_$12,2026,processed_po,1.0,0,-2.6666667461395264,1,0.0,-0.3317095637321472,0.1,0.1,0.5,3,0.5,1.02108719491422,1.046257433819571,0.9667937411273744,1,unchanged_correctness
273250$_$16,2026,processed_po,1.0,0,-2.3333332538604736,0,-0.6294413805007935,-0.6294413805007935,0.1,0.1,0.5,3,0.5,1.02108719491422,1.046257433819571,0.9667937411273744,0,unchanged_correctness
273250$_$19,2026,processed_po,1.0,1,0.0,0,-0.9000296592712402,-0.9000296592712402,0.1,0.1,0.5,3,0.5,1.02108719491422,1.046257433819571,0.9667937411273744,0,unchanged_correctness
275267$_$5,2026,processed_po,1.0,1,0.0,1,0.0,-0.6713314056396484,0.1,0.1,0.5,3,0.5,1.02108719491422,1.046257433819571,0.9667937411273744,1,unchanged_correctness
27v7Blr0vjw$_$0,2026,processed_po,1.0,0,-0.3333333432674408,2,0.2851379513740539,0.2851379513740539,0.1,0.1,0.5,3,0.5,1.02108719491422,1.046257433819571,0.9667937411273744,2,unchanged_correctness
27v7Blr0vjw$_$3,2026,processed_po,1.0,1,0.0,2,0.4518648982048034,0.4518648982048034,0.1,0.1,0.5,3,0.5,1.02108719491422,1.046257433819571,0.9667937411273744,2,unchanged_correctness
28006$_$22,2026,processed_po,1.0,0,-2.3333332538604736,0,-1.7767399549484253,-1.7767399549484253,0.1,0.1,0.5,3,0.5,1.02108719491422,1.046257433819571,0.9667937411273744,0,unchanged_correctness
28006$_$0,2026,processed_po,1.0,0,-2.6666667461395264,0,-0.998358964920044,-0.998358964920044,0.1,0.1,0.5,3,0.5,1.02108719491422,1.046257433819571,0.9667937411273744,0,unchanged_correctness
28006$_$5,2026,processed_po,1.0,0,-1.6666666269302368,0,-1.3942691087722778,-1.3942691087722778,0.1,0.1,0.5,3,0.5,1.02108719491422,1.046257433819571,0.9667937411273744,0,unchanged_correctness
28006$_$7,2026,processed_po,1.0,0,-2.3333332538604736,0,-2.2338614463806152,-2.2338614463806152,0.1,0.1,0.5,3,0.5,1.02108719491422,1.046257433819571,0.9667937411273744,0,unchanged_correctness
28006$_$13,2026,processed_po,1.0,0,-2.3333332538604736,0,-2.1636250019073486,-2.1636250019073486,0.1,0.1,0.5,3,0.5,1.02108719491422,1.046257433819571,0.9667937411273744,0,unchanged_correctness
28006$_$15,2026,processed_po,1.0,0,-1.6666666269302368,0,-2.2413017749786377,-2.2413017749786377,0.1,0.1,0.5,3,0.5,1.02108719491422,1.046257433819571,0.9667937411273744,0,unchanged_correctness
28006$_$17,2026,processed_po,1.0,0,-2.0,1,0.0,-0.3626758158206939,0.1,0.1,0.5,3,0.5,1.02108719491422,1.046257433819571,0.9667937411273744,1,unchanged_correctness
28006$_$16,2026,processed_po,1.0,0,-1.3333333730697632,0,-2.0701467990875244,-2.0701467990875244,0.1,0.1,0.5,3,0.5,1.02108719491422,1.046257433819571,0.9667937411273744,0,unchanged_correctness
286943$_$5,2026,processed_po,1.0,0,-1.3333333730697632,0,-1.788990139961243,-1.788990139961243,0.1,0.1,0.5,3,0.5,1.02108719491422,1.046257433819571,0.9667937411273744,0,unchanged_correctness
29751$_$10,2026,processed_po,1.0,1,0.0,0,-0.7885963916778564,-0.7885963916778564,0.1,0.1,0.5,3,0.5,1.02108719491422,1.046257433819571,0.9667937411273744,0,unchanged_correctness
29751$_$1,2026,processed_po,1.0,1,0.0,1,0.0,0.2511418759822845,0.1,0.1,0.5,3,0.5,1.02108719491422,1.046257433819571,0.9667937411273744,1,unchanged_correctness
29751$_$9,2026,processed_po,1.0,1,0.0,0,-1.3344467878341677,-1.3344467878341677,0.1,0.1,0.5,3,0.5,1.02108719491422,1.046257433819571,0.9667937411273744,0,unchanged_correctness
2BuFtglEcaY$_$11,2026,processed_po,1.0,2,2.3333332538604736,2,1.4591107368469238,1.4591107368469238,0.1,0.1,0.5,3,0.5,1.02108719491422,1.046257433819571,0.9667937411273744,2,unchanged_correctness
2BuFtglEcaY$_$6,2026,processed_po,1.0,2,1.0,2,0.786483645439148,0.786483645439148,0.1,0.1,0.5,3,0.5,1.02108719491422,1.046257433819571,0.9667937411273744,2,unchanged_correctness
2ItiGjefTRA$_$3,2026,processed_po,1.0,1,0.0,0,-0.2675672769546509,-0.2675672769546509,0.1,0.1,0.5,3,0.5,1.02108719491422,1.046257433819571,0.9667937411273744,0,unchanged_correctness
2ItiGjefTRA$_$4,2026,processed_po,1.0,0,-0.6666666865348816,0,-0.7951177954673767,-0.7951177954673767,0.1,0.1,0.5,3,0.5,1.02108719491422,1.046257433819571,0.9667937411273744,0,unchanged_correctness
2W-U94hXuK0$_$3,2026,processed_po,1.0,0,-3.0,0,-1.7878305912017822,-1.7878305912017822,0.1,0.1,0.5,3,0.5,1.02108719491422,1.046257433819571,0.9667937411273744,0,unchanged_correctness
2W-U94hXuK0$_$4,2026,processed_po,1.0,0,-2.0,0,-1.5614243745803833,-1.5614243745803833,0.1,0.1,0.5,3,0.5,1.02108719491422,1.046257433819571,0.9667937411273744,0,unchanged_correctness
2fbBrB1nJEQ$_$0,2026,processed_po,1.0,2,2.0,2,1.5309927463531494,1.5309927463531494,0.1,0.1,0.5,3,0.5,1.02108719491422,1.046257433819571,0.9667937411273744,2,unchanged_correctness
2m58ShI1QSI$_$2,2026,processed_po,1.0,2,0.3333333432674408,2,0.5215005874633789,0.5215005874633789,0.1,0.1,0.5,3,0.5,1.02108719491422,1.046257433819571,0.9667937411273744,2,unchanged_correctness
2vsgDSlJ9pU$_$0,2026,processed_po,1.0,1,0.0,2,0.3780761361122131,0.3780761361122131,0.1,0.1,0.5,3,0.5,1.02108719491422,1.046257433819571,0.9667937411273744,2,unchanged_correctness
2vsgDSlJ9pU$_$13,2026,processed_po,1.0,2,0.6666666865348816,2,1.2375034093856812,1.2375034093856812,0.1,0.1,0.5,3,0.5,1.02108719491422,1.046257433819571,0.9667937411273744,2,unchanged_correctness
2ze94yo2aPo$_$0,2026,processed_po,1.0,2,2.0,2,1.0954185724258425,1.0954185724258425,0.1,0.1,0.5,3,0.5,1.02108719491422,1.046257433819571,0.9667937411273744,2,unchanged_correctness
2ze94yo2aPo$_$5,2026,processed_po,1.0,2,1.0,2,0.3842017650604248,0.3842017650604248,0.1,0.1,0.5,3,0.5,1.02108719491422,1.046257433819571,0.9667937411273744,2,unchanged_correctness
35694$_$10,2026,processed_po,1.0,1,0.0,0,-0.595686674118042,-0.595686674118042,0.1,0.1,0.5,3,0.5,1.02108719491422,1.046257433819571,0.9667937411273744,0,unchanged_correctness
35694$_$17,2026,processed_po,1.0,0,-1.6666666269302368,0,-1.3883111476898191,-1.3883111476898191,0.1,0.1,0.5,3,0.5,1.02108719491422,1.046257433819571,0.9667937411273744,0,unchanged_correctness
3At-BKm9eYk$_$5,2026,processed_po,1.0,0,-0.3333333432674408,2,0.938231885433197,0.938231885433197,0.1,0.1,0.5,3,0.5,1.02108719491422,1.046257433819571,0.9667937411273744,2,unchanged_correctness
3HyAaqre_Fk$_$2,2026,processed_po,1.0,2,1.0,2,0.6024292707443237,0.6024292707443237,0.1,0.1,0.5,3,0.5,1.02108719491422,1.046257433819571,0.9667937411273744,2,unchanged_correctness
3HyAaqre_Fk$_$6,2026,processed_po,1.0,2,1.3333333730697632,2,1.8832221031188965,1.8832221031188965,0.1,0.1,0.5,3,0.5,1.02108719491422,1.046257433819571,0.9667937411273744,2,unchanged_correctness
3OYY5Tsz_2k$_$7,2026,processed_po,1.0,1,0.0,2,0.2336615025997162,0.2336615025997162,0.1,0.1,0.5,3,0.5,1.02108719491422,1.046257433819571,0.9667937411273744,2,unchanged_correctness
3REPHw7oLWo$_$13,2026,processed_po,1.0,2,0.3333333432674408,2,0.9938949346542358,0.9938949346542358,0.1,0.1,0.5,3,0.5,1.02108719491422,1.046257433819571,0.9667937411273744,2,unchanged_correctness
3wHE78v9zr4$_$24,2026,processed_po,1.0,2,1.3333333730697632,2,1.5521950721740725,1.5521950721740725,0.1,0.1,0.5,3,0.5,1.02108719491422,1.046257433819571,0.9667937411273744,2,unchanged_correctness
3wHE78v9zr4$_$7,2026,processed_po,1.0,2,1.6666666269302368,2,0.7506541013717651,0.7506541013717651,0.1,0.1,0.5,3,0.5,1.02108719491422,1.046257433819571,0.9667937411273744,2,unchanged_correctness
3wHE78v9zr4$_$9,2026,processed_po,1.0,2,0.3333333432674408,2,1.0282912254333496,1.0282912254333496,0.1,0.1,0.5,3,0.5,1.02108719491422,1.046257433819571,0.9667937411273744,2,unchanged_correctness
3wHE78v9zr4$_$12,2026,processed_po,1.0,2,1.0,2,0.1928412169218063,0.1928412169218063,0.1,0.1,0.5,3,0.5,1.02108719491422,1.046257433819571,0.9667937411273744,2,unchanged_correctness
41381$_$7,2026,processed_po,1.0,1,0.0,1,0.0,-0.5278825163841248,0.1,0.1,0.5,3,0.5,1.02108719491422,1.046257433819571,0.9667937411273744,1,unchanged_correctness
41381$_$8,2026,processed_po,1.0,2,1.0,0,-0.2248678654432296,-0.2248678654432296,0.1,0.1,0.5,3,0.5,1.02108719491422,1.046257433819571,0.9667937411273744,2,introduced
424SXFTCFsA$_$3,2026,processed_po,1.0,2,1.3333333730697632,2,1.4088367223739624,1.4088367223739624,0.1,0.1,0.5,3,0.5,1.02108719491422,1.046257433819571,0.9667937411273744,2,unchanged_correctness
424SXFTCFsA$_$2,2026,processed_po,1.0,2,1.3333333730697632,2,0.4459916353225708,0.4459916353225708,0.1,0.1,0.5,3,0.5,1.02108719491422,1.046257433819571,0.9667937411273744,2,unchanged_correctness
424SXFTCFsA$_$4,2026,processed_po,1.0,2,2.0,2,1.1789562702178955,1.1789562702178955,0.1,0.1,0.5,3,0.5,1.02108719491422,1.046257433819571,0.9667937411273744,2,unchanged_correctness
46495$_$9,2026,processed_po,1.0,0,-2.0,0,-2.283308267593384,-2.283308267593384,0.1,0.1,0.5,3,0.5,1.02108719491422,1.046257433819571,0.9667937411273744,0,unchanged_correctness
46615$_$1,2026,processed_po,1.0,0,-1.3333333730697632,0,-1.2948750257492063,-1.2948750257492063,0.1,0.1,0.5,3,0.5,1.02108719491422,1.046257433819571,0.9667937411273744,0,unchanged_correctness
4EDblUpJieU$_$7,2026,processed_po,1.0,2,1.3333333730697632,2,1.248434066772461,1.248434066772461,0.1,0.1,0.5,3,0.5,1.02108719491422,1.046257433819571,0.9667937411273744,2,unchanged_correctness
53609$_$10,2026,processed_po,1.0,0,-2.0,0,-2.411409854888916,-2.411409854888916,0.1,0.1,0.5,3,0.5,1.02108719491422,1.046257433819571,0.9667937411273744,0,unchanged_correctness
53609$_$13,2026,processed_po,1.0,0,-2.0,0,-2.329857349395752,-2.329857349395752,0.1,0.1,0.5,3,0.5,1.02108719491422,1.046257433819571,0.9667937411273744,0,unchanged_correctness
53609$_$3,2026,processed_po,1.0,1,0.0,0,-1.2190229892730713,-1.2190229892730713,0.1,0.1,0.5,3,0.5,1.02108719491422,1.046257433819571,0.9667937411273744,0,unchanged_correctness
53609$_$7,2026,processed_po,1.0,0,-1.6666666269302368,0,-2.378962516784668,-2.378962516784668,0.1,0.1,0.5,3,0.5,1.02108719491422,1.046257433819571,0.9667937411273744,0,unchanged_correctness
53766$_$4,2026,processed_po,1.0,2,2.3333332538604736,2,1.6182351112365725,1.6182351112365725,0.1,0.1,0.5,3,0.5,1.02108719491422,1.046257433819571,0.9667937411273744,2,unchanged_correctness
53766$_$9,2026,processed_po,1.0,2,2.0,2,0.9936467409133912,0.9936467409133912,0.1,0.1,0.5,3,0.5,1.02108719491422,1.046257433819571,0.9667937411273744,2,unchanged_correctness
56989$_$12,2026,processed_po,1.0,0,-0.6666666865348816,0,-0.3822132647037506,-0.3822132647037506,0.1,0.1,0.5,3,0.5,1.02108719491422,1.046257433819571,0.9667937411273744,0,unchanged_correctness
56989$_$5,2026,processed_po,1.0,0,-2.3333332538604736,0,-2.3201804161071777,-2.3201804161071777,0.1,0.1,0.5,3,0.5,1.02108719491422,1.046257433819571,0.9667937411273744,0,unchanged_correctness
56989$_$9,2026,processed_po,1.0,2,1.0,2,1.4369635581970217,1.4369635581970217,0.1,0.1,0.5,3,0.5,1.02108719491422,1.046257433819571,0.9667937411273744,2,unchanged_correctness
59673$_$4,2026,processed_po,1.0,2,1.0,0,-1.441002368927002,-1.441002368927002,0.1,0.1,0.5,3,0.5,1.02108719491422,1.046257433819571,0.9667937411273744,0,unchanged_correctness
59673$_$6,2026,processed_po,1.0,0,-0.3333333432674408,0,-1.8971132040023804,-1.8971132040023804,0.1,0.1,0.5,3,0.5,1.02108719491422,1.046257433819571,0.9667937411273744,0,unchanged_correctness
5eY4S1F62Z4$_$13,2026,processed_po,1.0,2,0.3333333432674408,0,-0.577925980091095,-0.577925980091095,0.1,0.1,0.5,3,0.5,1.02108719491422,1.046257433819571,0.9667937411273744,0,unchanged_correctness
5eY4S1F62Z4$_$17,2026,processed_po,1.0,2,0.3333333432674408,1,0.0,-0.0295525174587965,0.1,0.1,0.5,3,0.5,1.02108719491422,1.046257433819571,0.9667937411273744,1,unchanged_correctness
5fKPJPFqPho$_$2,2026,processed_po,1.0,2,0.6666666865348816,2,0.3985421657562256,0.3985421657562256,0.1,0.1,0.5,3,0.5,1.02108719491422,1.046257433819571,0.9667937411273744,2,unchanged_correctness
5lrDS7LluCA$_$4,2026,processed_po,1.0,2,1.0,2,2.1724867820739746,2.1724867820739746,0.1,0.1,0.5,3,0.5,1.02108719491422,1.046257433819571,0.9667937411273744,2,unchanged_correctness
5pxFqJ5hKMU$_$2,2026,processed_po,1.0,1,0.0,2,0.2914576530456543,0.2914576530456543,0.1,0.1,0.5,3,0.5,1.02108719491422,1.046257433819571,0.9667937411273744,2,unchanged_correctness
5vwXp27bCLw$_$16,2026,processed_po,1.0,1,0.0,1,0.0,0.0403884537518024,0.1,0.1,0.5,3,0.5,1.02108719491422,1.046257433819571,0.9667937411273744,1,unchanged_correctness
5xa0Ac2krGs$_$2,2026,processed_po,1.0,0,-0.3333333432674408,0,-0.3844702541828155,-0.3844702541828155,0.1,0.1,0.5,3,0.5,1.02108719491422,1.046257433819571,0.9667937411273744,0,unchanged_correctness
5xa0Ac2krGs$_$7,2026,processed_po,1.0,2,0.3333333432674408,1,0.0,0.2709181308746338,0.1,0.1,0.5,3,0.5,1.02108719491422,1.046257433819571,0.9667937411273744,1,unchanged_correctness
61531$_$3,2026,processed_po,1.0,1,0.0,1,0.0,0.0239050611853599,0.1,0.1,0.5,3,0.5,1.02108719491422,1.046257433819571,0.9667937411273744,1,unchanged_correctness
61531$_$9,2026,processed_po,1.0,2,2.0,2,2.063713788986206,2.063713788986206,0.1,0.1,0.5,3,0.5,1.02108719491422,1.046257433819571,0.9667937411273744,2,unchanged_correctness
63951$_$1,2026,processed_po,1.0,1,0.0,1,0.0,0.0856033861637115,0.1,0.1,0.5,3,0.5,1.02108719491422,1.046257433819571,0.9667937411273744,2,fixed
67uKYi7mslE$_$3,2026,processed_po,1.0,2,0.6666666865348816,1,0.0,0.285189539194107,0.1,0.1,0.5,3,0.5,1.02108719491422,1.046257433819571,0.9667937411273744,2,introduced
67uKYi7mslE$_$4,2026,processed_po,1.0,1,0.0,2,0.0701970681548118,0.0701970681548118,0.1,0.1,0.5,3,0.5,1.02108719491422,1.046257433819571,0.9667937411273744,2,unchanged_correctness
69824$_$5,2026,processed_po,1.0,0,-2.6666667461395264,0,-2.465229749679565,-2.465229749679565,0.1,0.1,0.5,3,0.5,1.02108719491422,1.046257433819571,0.9667937411273744,0,unchanged_correctness
6EDoVEm16fU$_$13,2026,processed_po,1.0,2,1.3333333730697632,2,1.729081392288208,1.729081392288208,0.1,0.1,0.5,3,0.5,1.02108719491422,1.046257433819571,0.9667937411273744,2,unchanged_correctness
6EDoVEm16fU$_$4,2026,processed_po,1.0,2,1.6666666269302368,2,1.2180843353271484,1.2180843353271484,0.1,0.1,0.5,3,0.5,1.02108719491422,1.046257433819571,0.9667937411273744,2,unchanged_correctness
6EDoVEm16fU$_$6,2026,processed_po,1.0,2,1.0,2,0.8111051917076111,0.8111051917076111,0.1,0.1,0.5,3,0.5,1.02108719491422,1.046257433819571,0.9667937411273744,2,unchanged_correctness
6EJHA6IDLNk$_$3,2026,processed_po,1.0,2,0.6666666865348816,2,0.4863090515136719,0.4863090515136719,0.1,0.1,0.5,3,0.5,1.02108719491422,1.046257433819571,0.9667937411273744,2,unchanged_correctness
6EJHA6IDLNk$_$4,2026,processed_po,1.0,1,0.0,2,0.7292234897613525,0.7292234897613525,0.1,0.1,0.5,3,0.5,1.02108719491422,1.046257433819571,0.9667937411273744,2,unchanged_correctness
6RFVsOWK1m4$_$7,2026,processed_po,1.0,0,-0.6666666865348816,0,-1.707860827445984,-1.707860827445984,0.1,0.1,0.5,3,0.5,1.02108719491422,1.046257433819571,0.9667937411273744,0,unchanged_correctness
6RFVsOWK1m4$_$9,2026,processed_po,1.0,2,1.0,2,0.5908211469650269,0.5908211469650269,0.1,0.1,0.5,3,0.5,1.02108719491422,1.046257433819571,0.9667937411273744,2,unchanged_correctness
6brtMLkjjYk$_$0,2026,processed_po,1.0,2,2.0,2,0.6536166667938232,0.6536166667938232,0.1,0.1,0.5,3,0.5,1.02108719491422,1.046257433819571,0.9667937411273744,2,unchanged_correctness
6gtfeIqGasE$_$0,2026,processed_po,1.0,2,1.3333333730697632,2,1.345304012298584,1.345304012298584,0.1,0.1,0.5,3,0.5,1.02108719491422,1.046257433819571,0.9667937411273744,2,unchanged_correctness
6uoM8-9d0zA$_$4,2026,processed_po,1.0,2,0.6666666865348816,2,0.632987380027771,0.632987380027771,0.1,0.1,0.5,3,0.5,1.02108719491422,1.046257433819571,0.9667937411273744,2,unchanged_correctness
79356$_$7,2026,processed_po,1.0,2,2.6666667461395264,2,0.4027121365070343,0.4027121365070343,0.1,0.1,0.5,3,0.5,1.02108719491422,1.046257433819571,0.9667937411273744,2,unchanged_correctness
79356$_$9,2026,processed_po,1.0,2,1.0,0,-0.3786146640777588,-0.3786146640777588,0.1,0.1,0.5,3,0.5,1.02108719491422,1.046257433819571,0.9667937411273744,0,unchanged_correctness
7IxmlIwqigw$_$20,2026,processed_po,1.0,2,0.6666666865348816,2,0.4780555367469787,0.4780555367469787,0.1,0.1,0.5,3,0.5,1.02108719491422,1.046257433819571,0.9667937411273744,2,unchanged_correctness
7IxmlIwqigw$_$16,2026,processed_po,1.0,2,0.6666666865348816,2,0.8371646404266357,0.8371646404266357,0.1,0.1,0.5,3,0.5,1.02108719491422,1.046257433819571,0.9667937411273744,2,unchanged_correctness
7deoh0NoMs4$_$0,2026,processed_po,1.0,2,2.0,2,0.9784270524978638,0.9784270524978638,0.1,0.1,0.5,3,0.5,1.02108719491422,1.046257433819571,0.9667937411273744,2,unchanged_correctness
7f3ndBCx_JE$_$19,2026,processed_po,1.0,2,2.0,2,1.862679362297058,1.862679362297058,0.1,0.1,0.5,3,0.5,1.02108719491422,1.046257433819571,0.9667937411273744,2,unchanged_correctness
7mb8Y2AhXIY$_$6,2026,processed_po,1.0,2,2.0,2,0.7928321957588196,0.7928321957588196,0.1,0.1,0.5,3,0.5,1.02108719491422,1.046257433819571,0.9667937411273744,2,unchanged_correctness
83400$_$5,2026,processed_po,1.0,1,0.0,0,-0.8475342392921448,-0.8475342392921448,0.1,0.1,0.5,3,0.5,1.02108719491422,1.046257433819571,0.9667937411273744,0,unchanged_correctness
86c2OkQ3_U8$_$22,2026,processed_po,1.0,2,2.0,2,1.1055397987365725,1.1055397987365725,0.1,0.1,0.5,3,0.5,1.02108719491422,1.046257433819571,0.9667937411273744,2,unchanged_correctness
86c2OkQ3_U8$_$3,2026,processed_po,1.0,2,0.6666666865348816,2,0.5634214878082275,0.5634214878082275,0.1,0.1,0.5,3,0.5,1.02108719491422,1.046257433819571,0.9667937411273744,2,unchanged_correctness
88791$_$15,2026,processed_po,1.0,2,0.3333333432674408,2,0.7939866781234741,0.7939866781234741,0.1,0.1,0.5,3,0.5,1.02108719491422,1.046257433819571,0.9667937411273744,2,unchanged_correctness
88791$_$1,2026,processed_po,1.0,0,-1.0,1,0.0,-0.1231381148099899,0.1,0.1,0.5,3,0.5,1.02108719491422,1.046257433819571,0.9667937411273744,1,unchanged_correctness
88791$_$2,2026,processed_po,1.0,1,0.0,1,0.0,-0.1892854571342468,0.1,0.1,0.5,3,0.5,1.02108719491422,1.046257433819571,0.9667937411273744,1,unchanged_correctness
8XZszYrUSCQ$_$0,2026,processed_po,1.0,2,1.0,2,1.5114165544509888,1.5114165544509888,0.1,0.1,0.5,3,0.5,1.02108719491422,1.046257433819571,0.9667937411273744,2,unchanged_correctness
8i7u3fl-hP8$_$0,2026,processed_po,1.0,2,1.3333333730697632,2,1.6553757190704346,1.6553757190704346,0.1,0.1,0.5,3,0.5,1.02108719491422,1.046257433819571,0.9667937411273744,2,unchanged_correctness
8lfS97s2AKc$_$0,2026,processed_po,1.0,0,-1.3333333730697632,0,-1.755281925201416,-1.755281925201416,0.1,0.1,0.5,3,0.5,1.02108719491422,1.046257433819571,0.9667937411273744,0,unchanged_correctness
8lfS97s2AKc$_$7,2026,processed_po,1.0,0,-1.0,1,0.0,0.4820529818534851,0.1,0.1,0.5,3,0.5,1.02108719491422,1.046257433819571,0.9667937411273744,1,unchanged_correctness
8wNr-NQImFg$_$8,2026,processed_po,1.0,2,0.3333333432674408,2,1.555981993675232,1.555981993675232,0.1,0.1,0.5,3,0.5,1.02108719491422,1.046257433819571,0.9667937411273744,2,unchanged_correctness
8wQhzezNcUY$_$1,2026,processed_po,1.0,2,2.0,2,1.5732367038726809,1.5732367038726809,0.1,0.1,0.5,3,0.5,1.02108719491422,1.046257433819571,0.9667937411273744,2,unchanged_correctness
8wQhzezNcUY$_$2,2026,processed_po,1.0,2,1.0,2,1.6932847499847412,1.6932847499847412,0.1,0.1,0.5,3,0.5,1.02108719491422,1.046257433819571,0.9667937411273744,2,unchanged_correctness
91844$_$10,2026,processed_po,1.0,0,-0.3333333432674408,0,-1.6556098461151123,-1.6556098461151123,0.1,0.1,0.5,3,0.5,1.02108719491422,1.046257433819571,0.9667937411273744,0,unchanged_correctness
91844$_$5,2026,processed_po,1.0,2,3.0,0,-1.6698710918426514,-1.6698710918426514,0.1,0.1,0.5,3,0.5,1.02108719491422,1.046257433819571,0.9667937411273744,0,unchanged_correctness
91844$_$7,2026,processed_po,1.0,2,0.6666666865348816,0,-1.4378061294555664,-1.4378061294555664,0.1,0.1,0.5,3,0.5,1.02108719491422,1.046257433819571,0.9667937411273744,0,unchanged_correctness
91844$_$9,2026,processed_po,1.0,0,-0.3333333432674408,0,-0.9723213315010072,-0.9723213315010072,0.1,0.1,0.5,3,0.5,1.02108719491422,1.046257433819571,0.9667937411273744,0,unchanged_correctness
92291$_$1,2026,processed_po,1.0,2,1.3333333730697632,1,0.0,0.3679293692111969,0.1,0.1,0.5,3,0.5,1.02108719491422,1.046257433819571,0.9667937411273744,1,unchanged_correctness
92291$_$2,2026,processed_po,1.0,1,0.0,1,0.0,0.2775344848632812,0.1,0.1,0.5,3,0.5,1.02108719491422,1.046257433819571,0.9667937411273744,1,unchanged_correctness
92291$_$5,2026,processed_po,1.0,0,-2.3333332538604736,0,-1.8890962600708008,-1.8890962600708008,0.1,0.1,0.5,3,0.5,1.02108719491422,1.046257433819571,0.9667937411273744,0,unchanged_correctness
92496$_$0,2026,processed_po,1.0,0,-2.6666667461395264,0,-1.1381779909133911,-1.1381779909133911,0.1,0.1,0.5,3,0.5,1.02108719491422,1.046257433819571,0.9667937411273744,0,unchanged_correctness
93iGT5oueTA$_$12,2026,processed_po,1.0,0,-2.0,0,-2.255126714706421,-2.255126714706421,0.1,0.1,0.5,3,0.5,1.02108719491422,1.046257433819571,0.9667937411273744,0,unchanged_correctness
93iGT5oueTA$_$4,2026,processed_po,1.0,2,1.3333333730697632,1,0.0,0.44941246509552,0.1,0.1,0.5,3,0.5,1.02108719491422,1.046257433819571,0.9667937411273744,1,unchanged_correctness
94481$_$2,2026,processed_po,1.0,2,0.6666666865348816,2,1e-06,-0.0102286981418728,0.1,0.1,0.5,3,0.5,1.02108719491422,1.046257433819571,0.9667937411273744,2,unchanged_correctness
94481$_$4,2026,processed_po,1.0,2,2.6666667461395264,2,0.346990019083023,0.346990019083023,0.1,0.1,0.5,3,0.5,1.02108719491422,1.046257433819571,0.9667937411273744,2,unchanged_correctness
97ENTofrmNo$_$0,2026,processed_po,1.0,2,1.3333333730697632,2,1.102327823638916,1.102327823638916,0.1,0.1,0.5,3,0.5,1.02108719491422,1.046257433819571,0.9667937411273744,2,unchanged_correctness
9GzFQBljNIY$_$0,2026,processed_po,1.0,1,0.0,1,0.0,-0.0583354979753494,0.1,0.1,0.5,3,0.5,1.02108719491422,1.046257433819571,0.9667937411273744,1,unchanged_correctness
9PzZSheh10U$_$24,2026,processed_po,1.0,2,2.3333332538604736,2,0.6274325847625732,0.6274325847625732,0.1,0.1,0.5,3,0.5,1.02108719491422,1.046257433819571,0.9667937411273744,2,unchanged_correctness
9PzZSheh10U$_$23,2026,processed_po,1.0,2,0.6666666865348816,2,1e-06,-0.0310089886188507,0.1,0.1,0.5,3,0.5,1.02108719491422,1.046257433819571,0.9667937411273744,2,unchanged_correctness
9PzZSheh10U$_$5,2026,processed_po,1.0,1,0.0,2,0.2395575940608978,0.2395575940608978,0.1,0.1,0.5,3,0.5,1.02108719491422,1.046257433819571,0.9667937411273744,2,unchanged_correctness
9PzZSheh10U$_$19,2026,processed_po,1.0,2,0.3333333432674408,2,0.1772333085536956,0.1772333085536956,0.1,0.1,0.5,3,0.5,1.02108719491422,1.046257433819571,0.9667937411273744,2,unchanged_correctness
9cYNT_YSo8o$_$2,2026,processed_po,1.0,0,-1.0,0,-0.8128622174263,-0.8128622174263,0.1,0.1,0.5,3,0.5,1.02108719491422,1.046257433819571,0.9667937411273744,0,unchanged_correctness
9orb0lQnVW4$_$0,2026,processed_po,1.0,1,0.0,1,0.0,0.050073355436325,0.1,0.1,0.5,3,0.5,1.02108719491422,1.046257433819571,0.9667937411273744,1,unchanged_correctness
A1lFJXUpxZo$_$7,2026,processed_po,1.0,2,1.6666666269302368,2,1.4237762689590454,1.4237762689590454,0.1,0.1,0.5,3,0.5,1.02108719491422,1.046257433819571,0.9667937411273744,2,unchanged_correctness
AB1PbMaW03s$_$13,2026,processed_po,1.0,1,0.0,1,0.0,0.0023503745906054,0.1,0.1,0.5,3,0.5,1.02108719491422,1.046257433819571,0.9667937411273744,1,unchanged_correctness
AB1PbMaW03s$_$3,2026,processed_po,1.0,2,0.3333333432674408,2,0.2035326659679412,0.2035326659679412,0.1,0.1,0.5,3,0.5,1.02108719491422,1.046257433819571,0.9667937411273744,2,unchanged_correctness
AB1PbMaW03s$_$8,2026,processed_po,1.0,1,0.0,1,0.0,-0.0459415540099144,0.1,0.1,0.5,3,0.5,1.02108719491422,1.046257433819571,0.9667937411273744,1,unchanged_correctness
AHiA9hohKr8$_$0,2026,processed_po,1.0,1,0.0,2,1.0292341709136963,1.0292341709136963,0.1,0.1,0.5,3,0.5,1.02108719491422,1.046257433819571,0.9667937411273744,2,unchanged_correctness
C5-cY1nPQ20$_$11,2026,processed_po,1.0,2,0.6666666865348816,2,0.8983009457588196,0.8983009457588196,0.1,0.1,0.5,3,0.5,1.02108719491422,1.046257433819571,0.9667937411273744,2,unchanged_correctness
C5-cY1nPQ20$_$8,2026,processed_po,1.0,2,0.3333333432674408,2,1.1077088117599487,1.1077088117599487,0.1,0.1,0.5,3,0.5,1.02108719491422,1.046257433819571,0.9667937411273744,2,unchanged_correctness
CKqDDh50gcU$_$14,2026,processed_po,1.0,2,1.3333333730697632,2,1.0803412199020386,1.0803412199020386,0.1,0.1,0.5,3,0.5,1.02108719491422,1.046257433819571,0.9667937411273744,2,unchanged_correctness
CKqDDh50gcU$_$6,2026,processed_po,1.0,2,1.6666666269302368,2,0.961885929107666,0.961885929107666,0.1,0.1,0.5,3,0.5,1.02108719491422,1.046257433819571,0.9667937411273744,2,unchanged_correctness
CO2YoTZbUr0$_$0,2026,processed_po,1.0,1,0.0,0,-1.1805315017700195,-1.1805315017700195,0.1,0.1,0.5,3,0.5,1.02108719491422,1.046257433819571,0.9667937411273744,0,unchanged_correctness
CO6n-skQJss$_$0,2026,processed_po,1.0,1,0.0,2,0.5097564458847046,0.5097564458847046,0.1,0.1,0.5,3,0.5,1.02108719491422,1.046257433819571,0.9667937411273744,2,unchanged_correctness
CO6n-skQJss$_$3,2026,processed_po,1.0,0,-1.3333333730697632,2,0.1871499270200729,0.1871499270200729,0.1,0.1,0.5,3,0.5,1.02108719491422,1.046257433819571,0.9667937411273744,2,unchanged_correctness
CU6U-gS76K4$_$20,2026,processed_po,1.0,2,1.6666666269302368,2,1.2116665840148926,1.2116665840148926,0.1,0.1,0.5,3,0.5,1.02108719491422,1.046257433819571,0.9667937411273744,2,unchanged_correctness
CbRexsp1HKw$_$7,2026,processed_po,1.0,1,0.0,0,-0.5099579095840454,-0.5099579095840454,0.1,0.1,0.5,3,0.5,1.02108719491422,1.046257433819571,0.9667937411273744,0,unchanged_correctness
ChhZna-aBK4$_$10,2026,processed_po,1.0,2,0.3333333432674408,2,0.1368884742259979,0.1368884742259979,0.1,0.1,0.5,3,0.5,1.02108719491422,1.046257433819571,0.9667937411273744,2,unchanged_correctness
ChhZna-aBK4$_$16,2026,processed_po,1.0,1,0.0,1,0.0,0.2516062259674072,0.1,0.1,0.5,3,0.5,1.02108719491422,1.046257433819571,0.9667937411273744,1,unchanged_correctness
ChhZna-aBK4$_$8,2026,processed_po,1.0,2,0.6666666865348816,2,0.7262006998062134,0.7262006998062134,0.1,0.1,0.5,3,0.5,1.02108719491422,1.046257433819571,0.9667937411273744,2,unchanged_correctness
DVAY-u_cJWU$_$5,2026,processed_po,1.0,2,1.0,2,1.4733988046646118,1.4733988046646118,0.1,0.1,0.5,3,0.5,1.02108719491422,1.046257433819571,0.9667937411273744,2,unchanged_correctness
DjcZrtcBZi4$_$10,2026,processed_po,1.0,2,0.3333333432674408,2,0.523114800453186,0.523114800453186,0.1,0.1,0.5,3,0.5,1.02108719491422,1.046257433819571,0.9667937411273744,2,unchanged_correctness
DjcZrtcBZi4$_$8,2026,processed_po,1.0,1,0.0,2,0.4340792298316955,0.4340792298316955,0.1,0.1,0.5,3,0.5,1.02108719491422,1.046257433819571,0.9667937411273744,2,unchanged_correctness
DnBHq5I52LM$_$5,2026,processed_po,1.0,0,-1.3333333730697632,0,-1.609792947769165,-1.609792947769165,0.1,0.1,0.5,3,0.5,1.02108719491422,1.046257433819571,0.9667937411273744,0,unchanged_correctness
DtbT85s3i94$_$5,2026,processed_po,1.0,2,1.0,0,-0.0135715054348111,-0.0135715054348111,0.1,0.1,0.5,3,0.5,1.02108719491422,1.046257433819571,0.9667937411273744,0,unchanged_correctness
EMS14J0odIE$_$16,2026,processed_po,1.0,0,-0.3333333432674408,1,0.0,0.1315165162086486,0.1,0.1,0.5,3,0.5,1.02108719491422,1.046257433819571,0.9667937411273744,2,unchanged_correctness
EO_5o9Gup6g$_$10,2026,processed_po,1.0,0,-0.6666666865348816,0,-0.8309810161590576,-0.8309810161590576,0.1,0.1,0.5,3,0.5,1.02108719491422,1.046257433819571,0.9667937411273744,0,unchanged_correctness
EO_5o9Gup6g$_$4,2026,processed_po,1.0,0,-1.0,0,-0.4739051461219787,-0.4739051461219787,0.1,0.1,0.5,3,0.5,1.02108719491422,1.046257433819571,0.9667937411273744,2,fixed
EO_5o9Gup6g$_$6,2026,processed_po,1.0,0,-2.0,0,-1.4772586822509766,-1.4772586822509766,0.1,0.1,0.5,3,0.5,1.02108719491422,1.046257433819571,0.9667937411273744,0,unchanged_correctness
EyoMU2yoJPY$_$11,2026,processed_po,1.0,2,1.6666666269302368,2,1.548569917678833,1.548569917678833,0.1,0.1,0.5,3,0.5,1.02108719491422,1.046257433819571,0.9667937411273744,2,unchanged_correctness
EyoMU2yoJPY$_$7,2026,processed_po,1.0,0,-0.3333333432674408,0,-1e-06,0.2764450311660766,0.1,0.1,0.5,3,0.5,1.02108719491422,1.046257433819571,0.9667937411273744,0,unchanged_correctness
F2hc2FLOdhI$_$3,2026,processed_po,1.0,2,1.0,0,-1.5628069639205933,-1.5628069639205933,0.1,0.1,0.5,3,0.5,1.02108719491422,1.046257433819571,0.9667937411273744,0,unchanged_correctness
F2hc2FLOdhI$_$5,2026,processed_po,1.0,2,1.0,2,0.2076061517000198,0.2076061517000198,0.1,0.1,0.5,3,0.5,1.02108719491422,1.046257433819571,0.9667937411273744,2,unchanged_correctness
F8eQI8E-6q4$_$3,2026,processed_po,1.0,0,-0.6666666865348816,0,-1.9615298509597776,-1.9615298509597776,0.1,0.1,0.5,3,0.5,1.02108719491422,1.046257433819571,0.9667937411273744,0,unchanged_correctness
FHDVQkU-nGI$_$7,2026,processed_po,1.0,2,2.0,2,2.1099207401275635,2.1099207401275635,0.1,0.1,0.5,3,0.5,1.02108719491422,1.046257433819571,0.9667937411273744,2,unchanged_correctness
F_YaG_pvZrA$_$11,2026,processed_po,1.0,1,0.0,2,1.0175260305404663,1.0175260305404663,0.1,0.1,0.5,3,0.5,1.02108719491422,1.046257433819571,0.9667937411273744,2,unchanged_correctness
GAVpYuhMZAw$_$12,2026,processed_po,1.0,2,1.0,1,0.0,0.0868709459900856,0.1,0.1,0.5,3,0.5,1.02108719491422,1.046257433819571,0.9667937411273744,1,unchanged_correctness
GAVpYuhMZAw$_$1,2026,processed_po,1.0,2,2.0,1,0.0,0.1448068618774414,0.1,0.1,0.5,3,0.5,1.02108719491422,1.046257433819571,0.9667937411273744,1,unchanged_correctness
GAVpYuhMZAw$_$4,2026,processed_po,1.0,2,0.3333333432674408,1,0.0,0.0753034278750419,0.1,0.1,0.5,3,0.5,1.02108719491422,1.046257433819571,0.9667937411273744,1,unchanged_correctness
GAVpYuhMZAw$_$6,2026,processed_po,1.0,0,-0.3333333432674408,0,-0.0714274272322654,-0.0714274272322654,0.1,0.1,0.5,3,0.5,1.02108719491422,1.046257433819571,0.9667937411273744,0,unchanged_correctness
GK-Pprzh0t0$_$1,2026,processed_po,1.0,0,-1.6666666269302368,0,-1.1288692951202393,-1.1288692951202393,0.1,0.1,0.5,3,0.5,1.02108719491422,1.046257433819571,0.9667937411273744,0,unchanged_correctness
GKsjv42t284$_$1,2026,processed_po,1.0,2,1.3333333730697632,2,1.1516921520233154,1.1516921520233154,0.1,0.1,0.5,3,0.5,1.02108719491422,1.046257433819571,0.9667937411273744,2,unchanged_correctness
GMa0cIAltnw$_$3,2026,processed_po,1.0,2,0.3333333432674408,2,0.4526638984680176,0.4526638984680176,0.1,0.1,0.5,3,0.5,1.02108719491422,1.046257433819571,0.9667937411273744,2,unchanged_correctness
GNP0PFas12Y$_$4,2026,processed_po,1.0,2,0.3333333432674408,2,0.7073241472244263,0.7073241472244263,0.1,0.1,0.5,3,0.5,1.02108719491422,1.046257433819571,0.9667937411273744,2,unchanged_correctness
HFPGeaEPy9o$_$0,2026,processed_po,1.0,0,-0.3333333432674408,0,-1.7213433980941772,-1.7213433980941772,0.1,0.1,0.5,3,0.5,1.02108719491422,1.046257433819571,0.9667937411273744,0,unchanged_correctness
HJTxq72GuMs$_$14,2026,processed_po,1.0,2,0.6666666865348816,2,0.5963909029960632,0.5963909029960632,0.1,0.1,0.5,3,0.5,1.02108719491422,1.046257433819571,0.9667937411273744,2,unchanged_correctness
HMRqR-P68Ws$_$0,2026,processed_po,1.0,2,1.0,1,0.0,0.0497910976409912,0.1,0.1,0.5,3,0.5,1.02108719491422,1.046257433819571,0.9667937411273744,1,unchanged_correctness
HR18U0yAlTc$_$10,2026,processed_po,1.0,1,0.0,2,1.8264498710632324,1.8264498710632324,0.1,0.1,0.5,3,0.5,1.02108719491422,1.046257433819571,0.9667937411273744,2,unchanged_correctness
HR18U0yAlTc$_$4,2026,processed_po,1.0,0,-0.3333333432674408,2,0.5156883001327515,0.5156883001327515,0.1,0.1,0.5,3,0.5,1.02108719491422,1.046257433819571,0.9667937411273744,2,unchanged_correctness
HR18U0yAlTc$_$9,2026,processed_po,1.0,0,-0.3333333432674408,2,1.1927214860916138,1.1927214860916138,0.1,0.1,0.5,3,0.5,1.02108719491422,1.046257433819571,0.9667937411273744,2,unchanged_correctness
HbaycY0VuZk$_$0,2026,processed_po,1.0,2,1.3333333730697632,2,0.4572435021400451,0.4572435021400451,0.1,0.1,0.5,3,0.5,1.02108719491422,1.046257433819571,0.9667937411273744,2,unchanged_correctness
IHp8hd1jm6k$_$27,2026,processed_po,1.0,2,1.3333333730697632,2,0.7030730247497559,0.7030730247497559,0.1,0.1,0.5,3,0.5,1.02108719491422,1.046257433819571,0.9667937411273744,2,unchanged_correctness
IHp8hd1jm6k$_$0,2026,processed_po,1.0,2,1.6666666269302368,2,0.5467113256454468,0.5467113256454468,0.1,0.1,0.5,3,0.5,1.02108719491422,1.046257433819571,0.9667937411273744,2,unchanged_correctness
IHp8hd1jm6k$_$5,2026,processed_po,1.0,2,1.0,2,1.397695779800415,1.397695779800415,0.1,0.1,0.5,3,0.5,1.02108719491422,1.046257433819571,0.9667937411273744,2,unchanged_correctness
IHp8hd1jm6k$_$7,2026,processed_po,1.0,1,0.0,0,-1e-06,0.1408534944057464,0.1,0.1,0.5,3,0.5,1.02108719491422,1.046257433819571,0.9667937411273744,0,unchanged_correctness
IHp8hd1jm6k$_$15,2026,processed_po,1.0,2,1.3333333730697632,2,0.825263261795044,0.825263261795044,0.1,0.1,0.5,3,0.5,1.02108719491422,1.046257433819571,0.9667937411273744,2,unchanged_correctness
IIPYcCii7Sg$_$3,2026,processed_po,1.0,0,-0.3333333432674408,1,0.0,0.11419677734375,0.1,0.1,0.5,3,0.5,1.02108719491422,1.046257433819571,0.9667937411273744,1,unchanged_correctness
IRSxo_XXArg$_$12,2026,processed_po,1.0,1,0.0,2,1.9453428983688357,1.9453428983688357,0.1,0.1,0.5,3,0.5,1.02108719491422,1.046257433819571,0.9667937411273744,2,unchanged_correctness
IRSxo_XXArg$_$7,2026,processed_po,1.0,1,0.0,2,2.021375894546509,2.021375894546509,0.1,0.1,0.5,3,0.5,1.02108719491422,1.046257433819571,0.9667937411273744,2,unchanged_correctness
Iemw8vqt-54$_$13,2026,processed_po,1.0,2,0.3333333432674408,2,0.5223469734191895,0.5223469734191895,0.1,0.1,0.5,3,0.5,1.02108719491422,1.046257433819571,0.9667937411273744,2,unchanged_correctness
Iemw8vqt-54$_$0,2026,processed_po,1.0,2,0.6666666865348816,2,1.2903157472610474,1.2903157472610474,0.1,0.1,0.5,3,0.5,1.02108719491422,1.046257433819571,0.9667937411273744,2,unchanged_correctness
Iemw8vqt-54$_$9,2026,processed_po,1.0,2,1.0,2,0.5967178344726562,0.5967178344726562,0.1,0.1,0.5,3,0.5,1.02108719491422,1.046257433819571,0.9667937411273744,2,unchanged_correctness
JKueLneBoik$_$0,2026,processed_po,1.0,2,1.0,2,1.514657735824585,1.514657735824585,0.1,0.1,0.5,3,0.5,1.02108719491422,1.046257433819571,0.9667937411273744,2,unchanged_correctness
JKueLneBoik$_$4,2026,processed_po,1.0,1,0.0,1,0.0,0.0618360489606857,0.1,0.1,0.5,3,0.5,1.02108719491422,1.046257433819571,0.9667937411273744,2,fixed
JNhqI4JtPXA$_$3,2026,processed_po,1.0,2,2.0,2,2.2470617294311523,2.2470617294311523,0.1,0.1,0.5,3,0.5,1.02108719491422,1.046257433819571,0.9667937411273744,2,unchanged_correctness
JXYot3NDQn0$_$2,2026,processed_po,1.0,2,0.6666666865348816,2,1.9856561422348025,1.9856561422348025,0.1,0.1,0.5,3,0.5,1.02108719491422,1.046257433819571,0.9667937411273744,2,unchanged_correctness
KB5hSnV1emg$_$3,2026,processed_po,1.0,1,0.0,0,-0.1233803033828735,-0.1233803033828735,0.1,0.1,0.5,3,0.5,1.02108719491422,1.046257433819571,0.9667937411273744,0,unchanged_correctness
Kn5eKHlPD0k$_$12,2026,processed_po,1.0,2,1.0,2,0.4937978088855743,0.4937978088855743,0.1,0.1,0.5,3,0.5,1.02108719491422,1.046257433819571,0.9667937411273744,2,unchanged_correctness
Kn99u05vlpA$_$5,2026,processed_po,1.0,2,1.6666666269302368,2,0.3070415556430816,0.3070415556430816,0.1,0.1,0.5,3,0.5,1.02108719491422,1.046257433819571,0.9667937411273744,2,unchanged_correctness
L-7oRnbi9-w$_$3,2026,processed_po,1.0,2,0.3333333432674408,2,0.519891083240509,0.519891083240509,0.1,0.1,0.5,3,0.5,1.02108719491422,1.046257433819571,0.9667937411273744,2,unchanged_correctness
L-a4Sh6iAcw$_$7,2026,processed_po,1.0,2,0.6666666865348816,2,0.6671434640884399,0.6671434640884399,0.1,0.1,0.5,3,0.5,1.02108719491422,1.046257433819571,0.9667937411273744,2,unchanged_correctness
L-a4Sh6iAcw$_$9,2026,processed_po,1.0,2,0.6666666865348816,2,1.1757385730743408,1.1757385730743408,0.1,0.1,0.5,3,0.5,1.02108719491422,1.046257433819571,0.9667937411273744,2,unchanged_correctness
LD3HYOwk1Bc$_$0,2026,processed_po,1.0,1,0.0,2,0.7794390320777893,0.7794390320777893,0.1,0.1,0.5,3,0.5,1.02108719491422,1.046257433819571,0.9667937411273744,2,unchanged_correctness
LJGL2sGvSS0$_$2,2026,processed_po,1.0,2,1.3333333730697632,1,0.0,0.0162656046450138,0.1,0.1,0.5,3,0.5,1.02108719491422,1.046257433819571,0.9667937411273744,1,unchanged_correctness
LJGL2sGvSS0$_$10,2026,processed_po,1.0,2,1.3333333730697632,2,0.8207176923751831,0.8207176923751831,0.1,0.1,0.5,3,0.5,1.02108719491422,1.046257433819571,0.9667937411273744,2,unchanged_correctness
LJGL2sGvSS0$_$14,2026,processed_po,1.0,2,1.6666666269302368,2,1.57706880569458,1.57706880569458,0.1,0.1,0.5,3,0.5,1.02108719491422,1.046257433819571,0.9667937411273744,2,unchanged_correctness
LJGL2sGvSS0$_$19,2026,processed_po,1.0,2,1.0,2,0.1753263622522354,0.1753263622522354,0.1,0.1,0.5,3,0.5,1.02108719491422,1.046257433819571,0.9667937411273744,2,unchanged_correctness
LcfubBagG6Q$_$1,2026,processed_po,1.0,2,1.3333333730697632,2,0.7644987106323242,0.7644987106323242,0.1,0.1,0.5,3,0.5,1.02108719491422,1.046257433819571,0.9667937411273744,2,unchanged_correctness
LcfubBagG6Q$_$3,2026,processed_po,1.0,2,0.3333333432674408,1,0.0,0.1143185496330261,0.1,0.1,0.5,3,0.5,1.02108719491422,1.046257433819571,0.9667937411273744,1,unchanged_correctness
LyOq9mOEPuk$_$8,2026,processed_po,1.0,0,-0.6666666865348816,0,-1.1028645038604736,-1.1028645038604736,0.1,0.1,0.5,3,0.5,1.02108719491422,1.046257433819571,0.9667937411273744,0,unchanged_correctness
MHVrwCEWLPI$_$4,2026,processed_po,1.0,2,1.0,2,1.2571500539779663,1.2571500539779663,0.1,0.1,0.5,3,0.5,1.02108719491422,1.046257433819571,0.9667937411273744,2,unchanged_correctness
MHVrwCEWLPI$_$6,2026,processed_po,1.0,2,0.3333333432674408,2,0.216507151722908,0.216507151722908,0.1,0.1,0.5,3,0.5,1.02108719491422,1.046257433819571,0.9667937411273744,2,unchanged_correctness
MHyW857u_X8$_$18,2026,processed_po,1.0,0,-0.3333333432674408,2,0.2631891071796417,0.2631891071796417,0.1,0.1,0.5,3,0.5,1.02108719491422,1.046257433819571,0.9667937411273744,2,unchanged_correctness
MZUr1DfYNNw$_$1,2026,processed_po,1.0,2,1.3333333730697632,2,0.1950926780700683,0.1950926780700683,0.1,0.1,0.5,3,0.5,1.02108719491422,1.046257433819571,0.9667937411273744,2,unchanged_correctness
NIpuKcoJhGM$_$0,2026,processed_po,1.0,2,2.0,0,-1e-06,0.4402839839458465,0.1,0.1,0.5,3,0.5,1.02108719491422,1.046257433819571,0.9667937411273744,0,unchanged_correctness
NVLPURuAVLU$_$2,2026,processed_po,1.0,0,-0.6666666865348816,0,-0.0721072852611541,-0.0721072852611541,0.1,0.1,0.5,3,0.5,1.02108719491422,1.046257433819571,0.9667937411273744,0,unchanged_correctness
NaWmaHwjElo$_$5,2026,processed_po,1.0,1,0.0,0,-0.1453510224819183,-0.1453510224819183,0.1,0.1,0.5,3,0.5,1.02108719491422,1.046257433819571,0.9667937411273744,0,unchanged_correctness
NiAjz4ciA60$_$1,2026,processed_po,1.0,2,1.0,2,1.4511544704437256,1.4511544704437256,0.1,0.1,0.5,3,0.5,1.02108719491422,1.046257433819571,0.9667937411273744,2,unchanged_correctness
NocexkPXja8$_$13,2026,processed_po,1.0,0,-1.0,0,-0.9245547652244568,-0.9245547652244568,0.1,0.1,0.5,3,0.5,1.02108719491422,1.046257433819571,0.9667937411273744,0,unchanged_correctness
NocexkPXja8$_$4,2026,processed_po,1.0,0,-2.3333332538604736,0,-1.9532690048217771,-1.9532690048217771,0.1,0.1,0.5,3,0.5,1.02108719491422,1.046257433819571,0.9667937411273744,0,unchanged_correctness
O-b3DQg0QmA$_$1,2026,processed_po,1.0,1,0.0,2,0.3043533265590668,0.3043533265590668,0.1,0.1,0.5,3,0.5,1.02108719491422,1.046257433819571,0.9667937411273744,2,unchanged_correctness
OFia3dWgaoI$_$0,2026,processed_po,1.0,0,-1.3333333730697632,0,-0.178344115614891,-0.178344115614891,0.1,0.1,0.5,3,0.5,1.02108719491422,1.046257433819571,0.9667937411273744,0,unchanged_correctness
OFia3dWgaoI$_$6,2026,processed_po,1.0,0,-0.6666666865348816,0,-0.7047169804573059,-0.7047169804573059,0.1,0.1,0.5,3,0.5,1.02108719491422,1.046257433819571,0.9667937411273744,0,unchanged_correctness
OKJPFisBoPY$_$0,2026,processed_po,1.0,2,0.3333333432674408,2,1.0478688478469849,1.0478688478469849,0.1,0.1,0.5,3,0.5,1.02108719491422,1.046257433819571,0.9667937411273744,2,unchanged_correctness
OORklkFql3k$_$10,2026,processed_po,1.0,0,-0.3333333432674408,0,-0.9843641519546508,-0.9843641519546508,0.1,0.1,0.5,3,0.5,1.02108719491422,1.046257433819571,0.9667937411273744,0,unchanged_correctness
OORklkFql3k$_$4,2026,processed_po,1.0,0,-2.0,2,1e-06,-0.0417621135711669,0.1,0.1,0.5,3,0.5,1.02108719491422,1.046257433819571,0.9667937411273744,2,unchanged_correctness
OWWHjP3pX9o$_$0,2026,processed_po,1.0,0,-0.3333333432674408,0,-0.0660222172737121,-0.0660222172737121,0.1,0.1,0.5,3,0.5,1.02108719491422,1.046257433819571,0.9667937411273744,0,unchanged_correctness
OWWHjP3pX9o$_$4,2026,processed_po,1.0,2,0.6666666865348816,2,0.0366574451327323,0.0366574451327323,0.1,0.1,0.5,3,0.5,1.02108719491422,1.046257433819571,0.9667937411273744,2,unchanged_correctness
OXsTIPdytiw$_$0,2026,processed_po,1.0,2,0.6666666865348816,2,0.3404825925827026,0.3404825925827026,0.1,0.1,0.5,3,0.5,1.02108719491422,1.046257433819571,0.9667937411273744,2,unchanged_correctness
OXsTIPdytiw$_$7,2026,processed_po,1.0,2,0.6666666865348816,2,0.9357194900512696,0.9357194900512696,0.1,0.1,0.5,3,0.5,1.02108719491422,1.046257433819571,0.9667937411273744,2,unchanged_correctness
Oa2xVjzAMFc$_$9,2026,processed_po,1.0,0,-0.3333333432674408,1,0.0,0.3265369832515716,0.1,0.1,0.5,3,0.5,1.02108719491422,1.046257433819571,0.9667937411273744,1,unchanged_correctness
OctOcfI4KSs$_$3,2026,processed_po,1.0,2,0.3333333432674408,0,-0.3152554035186767,-0.3152554035186767,0.1,0.1,0.5,3,0.5,1.02108719491422,1.046257433819571,0.9667937411273744,0,unchanged_correctness
OctOcfI4KSs$_$7,2026,processed_po,1.0,2,0.3333333432674408,1,0.0,0.2467953860759735,0.1,0.1,0.5,3,0.5,1.02108719491422,1.046257433819571,0.9667937411273744,1,unchanged_correctness
P0UHzR4CmYg$_$1,2026,processed_po,1.0,2,1.0,1,0.0,0.4340525269508362,0.1,0.1,0.5,3,0.5,1.02108719491422,1.046257433819571,0.9667937411273744,1,unchanged_correctness
P0UHzR4CmYg$_$3,2026,processed_po,1.0,2,0.6666666865348816,2,1.1799063682556152,1.1799063682556152,0.1,0.1,0.5,3,0.5,1.02108719491422,1.046257433819571,0.9667937411273744,2,unchanged_correctness
P0UHzR4CmYg$_$4,2026,processed_po,1.0,2,1.0,2,1.3035832643508911,1.3035832643508911,0.1,0.1,0.5,3,0.5,1.02108719491422,1.046257433819571,0.9667937411273744,2,unchanged_correctness
P0UHzR4CmYg$_$8,2026,processed_po,1.0,2,0.6666666865348816,0,-0.5709061026573181,-0.5709061026573181,0.1,0.1,0.5,3,0.5,1.02108719491422,1.046257433819571,0.9667937411273744,0,unchanged_correctness
P0UHzR4CmYg$_$11,2026,processed_po,1.0,0,-1.0,0,-0.4926506876945495,-0.4926506876945495,0.1,0.1,0.5,3,0.5,1.02108719491422,1.046257433819571,0.9667937411273744,0,unchanged_correctness
PcqKFt1p3UQ$_$10,2026,processed_po,1.0,2,0.3333333432674408,1,0.0,-0.0290585234761238,0.1,0.1,0.5,3,0.5,1.02108719491422,1.046257433819571,0.9667937411273744,2,introduced
PzI6yY9Y2xQ$_$0,2026,processed_po,1.0,2,1.6666666269302368,2,1.3793725967407229,1.3793725967407229,0.1,0.1,0.5,3,0.5,1.02108719491422,1.046257433819571,0.9667937411273744,2,unchanged_correctness
PzI6yY9Y2xQ$_$2,2026,processed_po,1.0,2,1.3333333730697632,2,1.2292497158050537,1.2292497158050537,0.1,0.1,0.5,3,0.5,1.02108719491422,1.046257433819571,0.9667937411273744,2,unchanged_correctness
QBc7X5jj8oA$_$4,2026,processed_po,1.0,2,1.3333333730697632,2,0.766903817653656,0.766903817653656,0.1,0.1,0.5,3,0.5,1.02108719491422,1.046257433819571,0.9667937411273744,2,unchanged_correctness
QCR7uyowjhM$_$10,2026,processed_po,1.0,2,0.3333333432674408,2,0.4174858331680298,0.4174858331680298,0.1,0.1,0.5,3,0.5,1.02108719491422,1.046257433819571,0.9667937411273744,2,unchanged_correctness
QCR7uyowjhM$_$8,2026,processed_po,1.0,1,0.0,1,0.0,-0.1952858865261078,0.1,0.1,0.5,3,0.5,1.02108719491422,1.046257433819571,0.9667937411273744,1,unchanged_correctness
QIonRUsCqBs$_$1,2026,processed_po,1.0,2,1.3333333730697632,2,1.316648244857788,1.316648244857788,0.1,0.1,0.5,3,0.5,1.02108719491422,1.046257433819571,0.9667937411273744,2,unchanged_correctness
Qfa1fY_07bQ$_$5,2026,processed_po,1.0,2,1.3333333730697632,2,0.48574960231781,0.48574960231781,0.1,0.1,0.5,3,0.5,1.02108719491422,1.046257433819571,0.9667937411273744,2,unchanged_correctness
R9xTBw3MCWI$_$5,2026,processed_po,1.0,2,0.3333333432674408,2,1.6348214149475098,1.6348214149475098,0.1,0.1,0.5,3,0.5,1.02108719491422,1.046257433819571,0.9667937411273744,2,unchanged_correctness
ROC2YI3tDsk$_$13,2026,processed_po,1.0,2,0.3333333432674408,2,1.1376630067825315,1.1376630067825315,0.1,0.1,0.5,3,0.5,1.02108719491422,1.046257433819571,0.9667937411273744,2,unchanged_correctness
ROC2YI3tDsk$_$3,2026,processed_po,1.0,2,1.0,2,0.9415676593780518,0.9415676593780518,0.1,0.1,0.5,3,0.5,1.02108719491422,1.046257433819571,0.9667937411273744,2,unchanged_correctness
RVC8l5hf2Eg$_$13,2026,processed_po,1.0,0,-0.6666666865348816,2,0.1950852572917938,0.1950852572917938,0.1,0.1,0.5,3,0.5,1.02108719491422,1.046257433819571,0.9667937411273744,2,unchanged_correctness
RVC8l5hf2Eg$_$8,2026,processed_po,1.0,0,-0.3333333432674408,0,-0.2872730493545532,-0.2872730493545532,0.1,0.1,0.5,3,0.5,1.02108719491422,1.046257433819571,0.9667937411273744,0,unchanged_correctness
Rb1uzHNcYcA$_$4,2026,processed_po,1.0,2,1.6666666269302368,2,1.5061192512512207,1.5061192512512207,0.1,0.1,0.5,3,0.5,1.02108719491422,1.046257433819571,0.9667937411273744,2,unchanged_correctness
RvmTZVNAAuQ$_$2,2026,processed_po,1.0,1,0.0,2,0.7222452163696289,0.7222452163696289,0.1,0.1,0.5,3,0.5,1.02108719491422,1.046257433819571,0.9667937411273744,2,unchanged_correctness
SKTyBOhDX6U$_$11,2026,processed_po,1.0,2,1.6666666269302368,2,1.014368772506714,1.014368772506714,0.1,0.1,0.5,3,0.5,1.02108719491422,1.046257433819571,0.9667937411273744,2,unchanged_correctness
SKTyBOhDX6U$_$12,2026,processed_po,1.0,2,0.6666666865348816,0,-1e-06,0.122023269534111,0.1,0.1,0.5,3,0.5,1.02108719491422,1.046257433819571,0.9667937411273744,0,unchanged_correctness
SKTyBOhDX6U$_$9,2026,processed_po,1.0,2,1.0,2,1.1478898525238037,1.1478898525238037,0.1,0.1,0.5,3,0.5,1.02108719491422,1.046257433819571,0.9667937411273744,2,unchanged_correctness
SYQ_zv8dWng$_$0,2026,processed_po,1.0,2,0.3333333432674408,1,0.0,0.2690829336643219,0.1,0.1,0.5,3,0.5,1.02108719491422,1.046257433819571,0.9667937411273744,1,unchanged_correctness
SYQ_zv8dWng$_$5,2026,processed_po,1.0,2,0.6666666865348816,2,0.3655838966369629,0.3655838966369629,0.1,0.1,0.5,3,0.5,1.02108719491422,1.046257433819571,0.9667937411273744,2,unchanged_correctness
SYQ_zv8dWng$_$6,2026,processed_po,1.0,2,0.6666666865348816,2,0.0597724914550781,0.0597724914550781,0.1,0.1,0.5,3,0.5,1.02108719491422,1.046257433819571,0.9667937411273744,2,unchanged_correctness
SYQ_zv8dWng$_$9,2026,processed_po,1.0,1,0.0,2,0.2774908244609833,0.2774908244609833,0.1,0.1,0.5,3,0.5,1.02108719491422,1.046257433819571,0.9667937411273744,2,unchanged_correctness
SZ7HK5ns6mE$_$11,2026,processed_po,1.0,2,1.6666666269302368,2,0.1856484413146972,0.1856484413146972,0.1,0.1,0.5,3,0.5,1.02108719491422,1.046257433819571,0.9667937411273744,2,unchanged_correctness
Sq6DIhFxPqQ$_$4,2026,processed_po,1.0,1,0.0,0,-0.8749635815620422,-0.8749635815620422,0.1,0.1,0.5,3,0.5,1.02108719491422,1.046257433819571,0.9667937411273744,0,unchanged_correctness
SwT0gh0V8fI$_$10,2026,processed_po,1.0,1,0.0,0,-0.4580711722373962,-0.4580711722373962,0.1,0.1,0.5,3,0.5,1.02108719491422,1.046257433819571,0.9667937411273744,0,unchanged_correctness
SwT0gh0V8fI$_$19,2026,processed_po,1.0,2,0.6666666865348816,2,1.7741163969039917,1.7741163969039917,0.1,0.1,0.5,3,0.5,1.02108719491422,1.046257433819571,0.9667937411273744,2,unchanged_correctness
SwT0gh0V8fI$_$5,2026,processed_po,1.0,1,0.0,0,-1.2183778285980225,-1.2183778285980225,0.1,0.1,0.5,3,0.5,1.02108719491422,1.046257433819571,0.9667937411273744,0,unchanged_correctness
TXiOSZdaLJ8$_$2,2026,processed_po,1.0,2,0.6666666865348816,2,1.0021222829818726,1.0021222829818726,0.1,0.1,0.5,3,0.5,1.02108719491422,1.046257433819571,0.9667937411273744,2,unchanged_correctness
TcTGCIh6e5s$_$4,2026,processed_po,1.0,1,0.0,1,0.0,0.1632863283157348,0.1,0.1,0.5,3,0.5,1.02108719491422,1.046257433819571,0.9667937411273744,1,unchanged_correctness
TxRtSItpGMo$_$4,2026,processed_po,1.0,2,2.0,2,1.0054067373275757,1.0054067373275757,0.1,0.1,0.5,3,0.5,1.02108719491422,1.046257433819571,0.9667937411273744,2,unchanged_correctness
U-KihZeIfKI$_$20,2026,processed_po,1.0,2,1.3333333730697632,2,1.3955259323120115,1.3955259323120115,0.1,0.1,0.5,3,0.5,1.02108719491422,1.046257433819571,0.9667937411273744,2,unchanged_correctness
U-KihZeIfKI$_$1,2026,processed_po,1.0,2,0.6666666865348816,2,0.6928091049194336,0.6928091049194336,0.1,0.1,0.5,3,0.5,1.02108719491422,1.046257433819571,0.9667937411273744,2,unchanged_correctness
U-KihZeIfKI$_$6,2026,processed_po,1.0,0,-1.0,0,-1.9506025314331052,-1.9506025314331052,0.1,0.1,0.5,3,0.5,1.02108719491422,1.046257433819571,0.9667937411273744,0,unchanged_correctness
U-KihZeIfKI$_$15,2026,processed_po,1.0,2,0.6666666865348816,0,-0.041109811514616,-0.041109811514616,0.1,0.1,0.5,3,0.5,1.02108719491422,1.046257433819571,0.9667937411273744,0,unchanged_correctness
U-KihZeIfKI$_$16,2026,processed_po,1.0,2,1.0,2,1.5014487504959106,1.5014487504959106,0.1,0.1,0.5,3,0.5,1.02108719491422,1.046257433819571,0.9667937411273744,2,unchanged_correctness
UiurP5k-f1A$_$4,2026,processed_po,1.0,2,1.0,2,1.0838512182235718,1.0838512182235718,0.1,0.1,0.5,3,0.5,1.02108719491422,1.046257433819571,0.9667937411273744,2,unchanged_correctness
UjqA6KVW2m8$_$0,2026,processed_po,1.0,0,-0.3333333432674408,0,-1.5158767700195312,-1.5158767700195312,0.1,0.1,0.5,3,0.5,1.02108719491422,1.046257433819571,0.9667937411273744,0,unchanged_correctness
UjqA6KVW2m8$_$3,2026,processed_po,1.0,0,-0.6666666865348816,2,0.3310451209545135,0.3310451209545135,0.1,0.1,0.5,3,0.5,1.02108719491422,1.046257433819571,0.9667937411273744,2,unchanged_correctness
UjqA6KVW2m8$_$2,2026,processed_po,1.0,0,-1.3333333730697632,0,-1.4389679431915283,-1.4389679431915283,0.1,0.1,0.5,3,0.5,1.02108719491422,1.046257433819571,0.9667937411273744,0,unchanged_correctness
UjqA6KVW2m8$_$4,2026,processed_po,1.0,2,1.0,2,1.4443892240524292,1.4443892240524292,0.1,0.1,0.5,3,0.5,1.02108719491422,1.046257433819571,0.9667937411273744,2,unchanged_correctness
UweZVaFqruU$_$1,2026,processed_po,1.0,2,0.3333333432674408,2,0.2373974323272705,0.2373974323272705,0.1,0.1,0.5,3,0.5,1.02108719491422,1.046257433819571,0.9667937411273744,2,unchanged_correctness
UweZVaFqruU$_$5,2026,processed_po,1.0,1,0.0,1,0.0,0.0958142429590225,0.1,0.1,0.5,3,0.5,1.02108719491422,1.046257433819571,0.9667937411273744,1,unchanged_correctness
V27mmEkN80g$_$0,2026,processed_po,1.0,1,0.0,2,0.6808579564094543,0.6808579564094543,0.1,0.1,0.5,3,0.5,1.02108719491422,1.046257433819571,0.9667937411273744,2,unchanged_correctness
VDkBM0ZG4q8$_$4,2026,processed_po,1.0,1,0.0,1,0.0,-0.1315419971942901,0.1,0.1,0.5,3,0.5,1.02108719491422,1.046257433819571,0.9667937411273744,1,unchanged_correctness
VDkBM0ZG4q8$_$7,2026,processed_po,1.0,2,0.3333333432674408,2,1.112015962600708,1.112015962600708,0.1,0.1,0.5,3,0.5,1.02108719491422,1.046257433819571,0.9667937411273744,2,unchanged_correctness
VLQgw-88v4Q$_$2,2026,processed_po,1.0,2,1.0,2,0.6080751419067383,0.6080751419067383,0.1,0.1,0.5,3,0.5,1.02108719491422,1.046257433819571,0.9667937411273744,2,unchanged_correctness
VLQgw-88v4Q$_$6,2026,processed_po,1.0,2,1.6666666269302368,2,0.6057883501052856,0.6057883501052856,0.1,0.1,0.5,3,0.5,1.02108719491422,1.046257433819571,0.9667937411273744,2,unchanged_correctness
VLQgw-88v4Q$_$8,2026,processed_po,1.0,2,1.3333333730697632,2,0.7748592495918274,0.7748592495918274,0.1,0.1,0.5,3,0.5,1.02108719491422,1.046257433819571,0.9667937411273744,2,unchanged_correctness
VXy21GwGs8o$_$0,2026,processed_po,1.0,1,0.0,2,0.7027722597122192,0.7027722597122192,0.1,0.1,0.5,3,0.5,1.02108719491422,1.046257433819571,0.9667937411273744,2,unchanged_correctness
Vdf1McvE9ao$_$9,2026,processed_po,1.0,1,0.0,1,0.0,-0.4405319094657898,0.1,0.1,0.5,3,0.5,1.02108719491422,1.046257433819571,0.9667937411273744,1,unchanged_correctness
Vlas-mPydcg$_$17,2026,processed_po,1.0,2,0.6666666865348816,2,0.1482455432415008,0.1482455432415008,0.1,0.1,0.5,3,0.5,1.02108719491422,1.046257433819571,0.9667937411273744,2,unchanged_correctness
Vlas-mPydcg$_$3,2026,processed_po,1.0,2,1.0,2,0.547482967376709,0.547482967376709,0.1,0.1,0.5,3,0.5,1.02108719491422,1.046257433819571,0.9667937411273744,2,unchanged_correctness
VsXGwSZazwA$_$4,2026,processed_po,1.0,1,0.0,1,0.0,0.1311402320861816,0.1,0.1,0.5,3,0.5,1.02108719491422,1.046257433819571,0.9667937411273744,1,unchanged_correctness
VsXGwSZazwA$_$6,2026,processed_po,1.0,2,1.6666666269302368,2,0.2424743324518203,0.2424743324518203,0.1,0.1,0.5,3,0.5,1.02108719491422,1.046257433819571,0.9667937411273744,2,unchanged_correctness
VwGPIUNayKM$_$1,2026,processed_po,1.0,1,0.0,1,0.0,0.164608359336853,0.1,0.1,0.5,3,0.5,1.02108719491422,1.046257433819571,0.9667937411273744,1,unchanged_correctness
VwGPIUNayKM$_$5,2026,processed_po,1.0,0,-1.0,0,-0.3486888706684112,-0.3486888706684112,0.1,0.1,0.5,3,0.5,1.02108719491422,1.046257433819571,0.9667937411273744,0,unchanged_correctness
VwGPIUNayKM$_$8,2026,processed_po,1.0,2,1.0,2,1.150540828704834,1.150540828704834,0.1,0.1,0.5,3,0.5,1.02108719491422,1.046257433819571,0.9667937411273744,2,unchanged_correctness
W1CWpktWtTs$_$5,2026,processed_po,1.0,2,1.0,2,1.5540587902069092,1.5540587902069092,0.1,0.1,0.5,3,0.5,1.02108719491422,1.046257433819571,0.9667937411273744,2,unchanged_correctness
W1CWpktWtTs$_$9,2026,processed_po,1.0,2,0.6666666865348816,2,0.6001773476600647,0.6001773476600647,0.1,0.1,0.5,3,0.5,1.02108719491422,1.046257433819571,0.9667937411273744,2,unchanged_correctness
WfNiQBXmPw8$_$3,2026,processed_po,1.0,0,-0.3333333432674408,0,-0.288001537322998,-0.288001537322998,0.1,0.1,0.5,3,0.5,1.02108719491422,1.046257433819571,0.9667937411273744,0,unchanged_correctness
WfNiQBXmPw8$_$5,2026,processed_po,1.0,2,0.3333333432674408,0,-0.4067717492580414,-0.4067717492580414,0.1,0.1,0.5,3,0.5,1.02108719491422,1.046257433819571,0.9667937411273744,0,unchanged_correctness
WgI8IbJtXHw$_$0,2026,processed_po,1.0,1,0.0,2,1.8670417070388796,1.8670417070388796,0.1,0.1,0.5,3,0.5,1.02108719491422,1.046257433819571,0.9667937411273744,2,unchanged_correctness
X2Hs89fZ2-c$_$4,2026,processed_po,1.0,2,1.0,1,0.0,0.1671800017356872,0.1,0.1,0.5,3,0.5,1.02108719491422,1.046257433819571,0.9667937411273744,1,unchanged_correctness
X6N7UEFJLNY$_$0,2026,processed_po,1.0,2,0.3333333432674408,2,0.652935266494751,0.652935266494751,0.1,0.1,0.5,3,0.5,1.02108719491422,1.046257433819571,0.9667937411273744,2,unchanged_correctness
X6N7UEFJLNY$_$2,2026,processed_po,1.0,1,0.0,2,0.7179080247879028,0.7179080247879028,0.1,0.1,0.5,3,0.5,1.02108719491422,1.046257433819571,0.9667937411273744,2,unchanged_correctness
X6N7UEFJLNY$_$4,2026,processed_po,1.0,2,0.6666666865348816,2,1.3421257734298706,1.3421257734298706,0.1,0.1,0.5,3,0.5,1.02108719491422,1.046257433819571,0.9667937411273744,2,unchanged_correctness
XDVit9ASVUg$_$2,2026,processed_po,1.0,2,0.3333333432674408,1,0.0,0.0596766993403434,0.1,0.1,0.5,3,0.5,1.02108719491422,1.046257433819571,0.9667937411273744,1,unchanged_correctness
XKyumlBmix8$_$0,2026,processed_po,1.0,1,0.0,2,0.3518978953361511,0.3518978953361511,0.1,0.1,0.5,3,0.5,1.02108719491422,1.046257433819571,0.9667937411273744,2,unchanged_correctness
XKyumlBmix8$_$2,2026,processed_po,1.0,0,-0.6666666865348816,0,-1.028247594833374,-1.028247594833374,0.1,0.1,0.5,3,0.5,1.02108719491422,1.046257433819571,0.9667937411273744,0,unchanged_correctness
XVWiAArXYpE$_$3,2026,processed_po,1.0,0,-0.6666666865348816,2,0.8505030870437622,0.8505030870437622,0.1,0.1,0.5,3,0.5,1.02108719491422,1.046257433819571,0.9667937411273744,2,unchanged_correctness
XVWiAArXYpE$_$4,2026,processed_po,1.0,0,-2.0,0,-1.7088106870651243,-1.7088106870651243,0.1,0.1,0.5,3,0.5,1.02108719491422,1.046257433819571,0.9667937411273744,0,unchanged_correctness
XVWiAArXYpE$_$9,2026,processed_po,1.0,0,-0.3333333432674408,2,0.0619157664477825,0.0619157664477825,0.1,0.1,0.5,3,0.5,1.02108719491422,1.046257433819571,0.9667937411273744,2,unchanged_correctness
X_TusmBIlC0$_$5,2026,processed_po,1.0,1,0.0,2,0.4016499817371368,0.4016499817371368,0.1,0.1,0.5,3,0.5,1.02108719491422,1.046257433819571,0.9667937411273744,2,unchanged_correctness
Xa086gxLJ3Y$_$12,2026,processed_po,1.0,2,0.3333333432674408,1,0.0,0.3640939891338348,0.1,0.1,0.5,3,0.5,1.02108719491422,1.046257433819571,0.9667937411273744,1,unchanged_correctness
XrNaL-MTjXg$_$3,2026,processed_po,1.0,1,0.0,2,1e-06,-0.1655223965644836,0.1,0.1,0.5,3,0.5,1.02108719491422,1.046257433819571,0.9667937411273744,2,unchanged_correctness
Xy57UpKRNEo$_$7,2026,processed_po,1.0,0,-1.0,0,-1.025110125541687,-1.025110125541687,0.1,0.1,0.5,3,0.5,1.02108719491422,1.046257433819571,0.9667937411273744,0,unchanged_correctness
Y8dI1GTWCk4$_$6,2026,processed_po,1.0,2,1.3333333730697632,2,1.0088764429092407,1.0088764429092407,0.1,0.1,0.5,3,0.5,1.02108719491422,1.046257433819571,0.9667937411273744,2,unchanged_correctness
YLK58srjhNI$_$3,2026,processed_po,1.0,2,0.6666666865348816,2,1.44706130027771,1.44706130027771,0.1,0.1,0.5,3,0.5,1.02108719491422,1.046257433819571,0.9667937411273744,2,unchanged_correctness
YQZPnHZRp1w$_$1,2026,processed_po,1.0,2,0.3333333432674408,2,0.2735924422740936,0.2735924422740936,0.1,0.1,0.5,3,0.5,1.02108719491422,1.046257433819571,0.9667937411273744,2,unchanged_correctness
YUNxD04EvfE$_$1,2026,processed_po,1.0,0,-0.3333333432674408,2,0.0235775727778673,0.0235775727778673,0.1,0.1,0.5,3,0.5,1.02108719491422,1.046257433819571,0.9667937411273744,2,unchanged_correctness
Z4iYSMMMycQ$_$4,2026,processed_po,1.0,2,0.6666666865348816,2,0.6715168952941895,0.6715168952941895,0.1,0.1,0.5,3,0.5,1.02108719491422,1.046257433819571,0.9667937411273744,2,unchanged_correctness
ZKErPftd--w$_$6,2026,processed_po,1.0,2,0.6666666865348816,2,2.1309213638305664,2.1309213638305664,0.1,0.1,0.5,3,0.5,1.02108719491422,1.046257433819571,0.9667937411273744,2,unchanged_correctness
ZKZ8UjaQQT4$_$7,2026,processed_po,1.0,1,0.0,2,0.4065142571926117,0.4065142571926117,0.1,0.1,0.5,3,0.5,1.02108719491422,1.046257433819571,0.9667937411273744,2,unchanged_correctness
ZS1Nb0OWYNE$_$11,2026,processed_po,1.0,2,0.6666666865348816,2,2.014927387237549,2.014927387237549,0.1,0.1,0.5,3,0.5,1.02108719491422,1.046257433819571,0.9667937411273744,2,unchanged_correctness
ZS1Nb0OWYNE$_$15,2026,processed_po,1.0,1,0.0,2,1.9248647689819336,1.9248647689819336,0.1,0.1,0.5,3,0.5,1.02108719491422,1.046257433819571,0.9667937411273744,2,unchanged_correctness
ZS1Nb0OWYNE$_$5,2026,processed_po,1.0,2,0.6666666865348816,2,0.5447449088096619,0.5447449088096619,0.1,0.1,0.5,3,0.5,1.02108719491422,1.046257433819571,0.9667937411273744,2,unchanged_correctness
ZS1Nb0OWYNE$_$9,2026,processed_po,1.0,2,2.6666667461395264,2,1.427207350730896,1.427207350730896,0.1,0.1,0.5,3,0.5,1.02108719491422,1.046257433819571,0.9667937411273744,2,unchanged_correctness
ZcFzcd4ZoMg$_$4,2026,processed_po,1.0,0,-0.3333333432674408,0,-0.0823551267385482,-0.0823551267385482,0.1,0.1,0.5,3,0.5,1.02108719491422,1.046257433819571,0.9667937411273744,0,unchanged_correctness
ZeH7gZw94k0$_$1,2026,processed_po,1.0,2,1.6666666269302368,2,1.5498995780944824,1.5498995780944824,0.1,0.1,0.5,3,0.5,1.02108719491422,1.046257433819571,0.9667937411273744,2,unchanged_correctness
ZtocGyL3Tfc$_$13,2026,processed_po,1.0,2,1.0,2,0.3596947193145752,0.3596947193145752,0.1,0.1,0.5,3,0.5,1.02108719491422,1.046257433819571,0.9667937411273744,2,unchanged_correctness
ZtocGyL3Tfc$_$10,2026,processed_po,1.0,2,1.0,2,0.7485019564628601,0.7485019564628601,0.1,0.1,0.5,3,0.5,1.02108719491422,1.046257433819571,0.9667937411273744,2,unchanged_correctness
ZtocGyL3Tfc$_$9,2026,processed_po,1.0,2,1.6666666269302368,2,1.541056752204895,1.541056752204895,0.1,0.1,0.5,3,0.5,1.02108719491422,1.046257433819571,0.9667937411273744,2,unchanged_correctness
ZznoGQVwTtw$_$4,2026,processed_po,1.0,2,1.6666666269302368,2,0.5610496997833252,0.5610496997833252,0.1,0.1,0.5,3,0.5,1.02108719491422,1.046257433819571,0.9667937411273744,2,unchanged_correctness
_1nvuNk7EFY$_$10,2026,processed_po,1.0,0,-0.3333333432674408,0,-1.310953140258789,-1.310953140258789,0.1,0.1,0.5,3,0.5,1.02108719491422,1.046257433819571,0.9667937411273744,0,unchanged_correctness
_OmWVs0-6UM$_$0,2026,processed_po,1.0,1,0.0,2,0.5150963068008423,0.5150963068008423,0.1,0.1,0.5,3,0.5,1.02108719491422,1.046257433819571,0.9667937411273744,2,unchanged_correctness
_on_E-ZWy0I$_$21,2026,processed_po,1.0,2,1.3333333730697632,2,0.9815733432769777,0.9815733432769777,0.1,0.1,0.5,3,0.5,1.02108719491422,1.046257433819571,0.9667937411273744,2,unchanged_correctness
_on_E-ZWy0I$_$3,2026,processed_po,1.0,1,0.0,0,-0.986926794052124,-0.986926794052124,0.1,0.1,0.5,3,0.5,1.02108719491422,1.046257433819571,0.9667937411273744,0,unchanged_correctness
_on_E-ZWy0I$_$12,2026,processed_po,1.0,0,-1.0,2,0.2863817811012268,0.2863817811012268,0.1,0.1,0.5,3,0.5,1.02108719491422,1.046257433819571,0.9667937411273744,2,unchanged_correctness
_q7DM8WkzAQ$_$3,2026,processed_po,1.0,2,0.6666666865348816,2,0.7883597016334534,0.7883597016334534,0.1,0.1,0.5,3,0.5,1.02108719491422,1.046257433819571,0.9667937411273744,2,unchanged_correctness
a4PHWxILDp0$_$15,2026,processed_po,1.0,1,0.0,1,0.0,0.0917593538761138,0.1,0.1,0.5,3,0.5,1.02108719491422,1.046257433819571,0.9667937411273744,1,unchanged_correctness
ahG9c_uaf8s$_$1,2026,processed_po,1.0,2,0.3333333432674408,2,0.9554466605186462,0.9554466605186462,0.1,0.1,0.5,3,0.5,1.02108719491422,1.046257433819571,0.9667937411273744,2,unchanged_correctness
ahG9c_uaf8s$_$3,2026,processed_po,1.0,2,0.3333333432674408,2,0.9899663925170898,0.9899663925170898,0.1,0.1,0.5,3,0.5,1.02108719491422,1.046257433819571,0.9667937411273744,2,unchanged_correctness
b92iw0OAnI4$_$7,2026,processed_po,1.0,2,1.3333333730697632,2,0.9913918375968932,0.9913918375968932,0.1,0.1,0.5,3,0.5,1.02108719491422,1.046257433819571,0.9667937411273744,2,unchanged_correctness
bNQOeiAotbk$_$8,2026,processed_po,1.0,1,0.0,2,0.1236815303564071,0.1236815303564071,0.1,0.1,0.5,3,0.5,1.02108719491422,1.046257433819571,0.9667937411273744,2,unchanged_correctness
bdFCD-3BCRg$_$2,2026,processed_po,1.0,2,1.0,2,1.3990938663482666,1.3990938663482666,0.1,0.1,0.5,3,0.5,1.02108719491422,1.046257433819571,0.9667937411273744,2,unchanged_correctness
bdFCD-3BCRg$_$11,2026,processed_po,1.0,2,0.6666666865348816,2,0.9907238483428956,0.9907238483428956,0.1,0.1,0.5,3,0.5,1.02108719491422,1.046257433819571,0.9667937411273744,2,unchanged_correctness
bdFCD-3BCRg$_$12,2026,processed_po,1.0,2,1.0,2,1.1898224353790283,1.1898224353790283,0.1,0.1,0.5,3,0.5,1.02108719491422,1.046257433819571,0.9667937411273744,2,unchanged_correctness
c5VEvmutmVg$_$13,2026,processed_po,1.0,2,1.0,2,0.7682926654815674,0.7682926654815674,0.1,0.1,0.5,3,0.5,1.02108719491422,1.046257433819571,0.9667937411273744,2,unchanged_correctness
c5VEvmutmVg$_$19,2026,processed_po,1.0,1,0.0,2,0.4899892210960388,0.4899892210960388,0.1,0.1,0.5,3,0.5,1.02108719491422,1.046257433819571,0.9667937411273744,2,unchanged_correctness
c5VEvmutmVg$_$0,2026,processed_po,1.0,2,1.6666666269302368,2,1.9248064756393437,1.9248064756393437,0.1,0.1,0.5,3,0.5,1.02108719491422,1.046257433819571,0.9667937411273744,2,unchanged_correctness
c5zxqITn3ZM$_$5,2026,processed_po,1.0,2,0.6666666865348816,0,-1.618424892425537,-1.618424892425537,0.1,0.1,0.5,3,0.5,1.02108719491422,1.046257433819571,0.9667937411273744,0,unchanged_correctness
c5zxqITn3ZM$_$6,2026,processed_po,1.0,2,1.0,2,0.8259521722793579,0.8259521722793579,0.1,0.1,0.5,3,0.5,1.02108719491422,1.046257433819571,0.9667937411273744,2,unchanged_correctness
c9hE1ghElrM$_$2,2026,processed_po,1.0,1,0.0,1,0.0,-0.2022329568862915,0.1,0.1,0.5,3,0.5,1.02108719491422,1.046257433819571,0.9667937411273744,1,unchanged_correctness
c9hE1ghElrM$_$4,2026,processed_po,1.0,1,0.0,0,-0.6012421250343323,-0.6012421250343323,0.1,0.1,0.5,3,0.5,1.02108719491422,1.046257433819571,0.9667937411273744,0,unchanged_correctness
cW-aX4dPVfk$_$4,2026,processed_po,1.0,0,-0.3333333432674408,1,0.0,0.0653384700417518,0.1,0.1,0.5,3,0.5,1.02108719491422,1.046257433819571,0.9667937411273744,1,unchanged_correctness
cW-aX4dPVfk$_$11,2026,processed_po,1.0,2,0.3333333432674408,2,1.029151439666748,1.029151439666748,0.1,0.1,0.5,3,0.5,1.02108719491422,1.046257433819571,0.9667937411273744,2,unchanged_correctness
cW-aX4dPVfk$_$32,2026,processed_po,1.0,2,1.6666666269302368,2,1.178826928138733,1.178826928138733,0.1,0.1,0.5,3,0.5,1.02108719491422,1.046257433819571,0.9667937411273744,2,unchanged_correctness
cW-aX4dPVfk$_$30,2026,processed_po,1.0,2,2.3333332538604736,2,1.904570460319519,1.904570460319519,0.1,0.1,0.5,3,0.5,1.02108719491422,1.046257433819571,0.9667937411273744,2,unchanged_correctness
cml9rShionM$_$3,2026,processed_po,1.0,0,-0.3333333432674408,2,1.7933002710342407,1.7933002710342407,0.1,0.1,0.5,3,0.5,1.02108719491422,1.046257433819571,0.9667937411273744,2,unchanged_correctness
d-Uw_uZyUys$_$1,2026,processed_po,1.0,0,-2.3333332538604736,1,0.0,0.2538622617721557,0.1,0.1,0.5,3,0.5,1.02108719491422,1.046257433819571,0.9667937411273744,1,unchanged_correctness
d-Uw_uZyUys$_$6,2026,processed_po,1.0,0,-2.3333332538604736,0,-0.728538453578949,-0.728538453578949,0.1,0.1,0.5,3,0.5,1.02108719491422,1.046257433819571,0.9667937411273744,0,unchanged_correctness
dHk--ExZbHs$_$7,2026,processed_po,1.0,2,0.6666666865348816,2,0.3209625780582428,0.3209625780582428,0.1,0.1,0.5,3,0.5,1.02108719491422,1.046257433819571,0.9667937411273744,2,unchanged_correctness
dR68gbeOWOc$_$1,2026,processed_po,1.0,2,0.3333333432674408,2,0.4914032220840454,0.4914032220840454,0.1,0.1,0.5,3,0.5,1.02108719491422,1.046257433819571,0.9667937411273744,2,unchanged_correctness
dTcz1am1eUw$_$2,2026,processed_po,1.0,2,1.3333333730697632,2,1.314085602760315,1.314085602760315,0.1,0.1,0.5,3,0.5,1.02108719491422,1.046257433819571,0.9667937411273744,2,unchanged_correctness
ddWHTdJz2O8$_$1,2026,processed_po,1.0,0,-0.3333333432674408,2,0.3662000596523285,0.3662000596523285,0.1,0.1,0.5,3,0.5,1.02108719491422,1.046257433819571,0.9667937411273744,2,unchanged_correctness
dlE05KC95uk$_$11,2026,processed_po,1.0,2,0.3333333432674408,1,0.0,0.256365567445755,0.1,0.1,0.5,3,0.5,1.02108719491422,1.046257433819571,0.9667937411273744,2,introduced
eE8Qr9fOvVA$_$2,2026,processed_po,1.0,0,-1.3333333730697632,2,0.4617088437080383,0.4617088437080383,0.1,0.1,0.5,3,0.5,1.02108719491422,1.046257433819571,0.9667937411273744,2,unchanged_correctness
eFV7iFPYZB4$_$12,2026,processed_po,1.0,2,1.6666666269302368,2,1.2126749753952026,1.2126749753952026,0.1,0.1,0.5,3,0.5,1.02108719491422,1.046257433819571,0.9667937411273744,2,unchanged_correctness
eFV7iFPYZB4$_$14,2026,processed_po,1.0,2,1.3333333730697632,2,1.1520146131515503,1.1520146131515503,0.1,0.1,0.5,3,0.5,1.02108719491422,1.046257433819571,0.9667937411273744,2,unchanged_correctness
eJfT7-dDqzA$_$3,2026,processed_po,1.0,2,0.6666666865348816,0,-1e-06,0.0259998328983783,0.1,0.1,0.5,3,0.5,1.02108719491422,1.046257433819571,0.9667937411273744,0,unchanged_correctness
eJfT7-dDqzA$_$2,2026,processed_po,1.0,2,0.6666666865348816,2,1.1064000129699707,1.1064000129699707,0.1,0.1,0.5,3,0.5,1.02108719491422,1.046257433819571,0.9667937411273744,2,unchanged_correctness
eJfT7-dDqzA$_$7,2026,processed_po,1.0,2,0.6666666865348816,2,0.8776334524154663,0.8776334524154663,0.1,0.1,0.5,3,0.5,1.02108719491422,1.046257433819571,0.9667937411273744,2,unchanged_correctness
eKQKEi2-0Ws$_$0,2026,processed_po,1.0,1,0.0,2,0.622310221195221,0.622310221195221,0.1,0.1,0.5,3,0.5,1.02108719491422,1.046257433819571,0.9667937411273744,2,unchanged_correctness
eQc5uI7FKCU$_$5,2026,processed_po,1.0,2,0.3333333432674408,2,0.2862779498100281,0.2862779498100281,0.1,0.1,0.5,3,0.5,1.02108719491422,1.046257433819571,0.9667937411273744,2,unchanged_correctness
ey1lr8wFFDc$_$0,2026,processed_po,1.0,2,0.6666666865348816,2,1.1942145824432373,1.1942145824432373,0.1,0.1,0.5,3,0.5,1.02108719491422,1.046257433819571,0.9667937411273744,2,unchanged_correctness
f-VdKweez2U$_$4,2026,processed_po,1.0,1,0.0,2,0.6983678340911865,0.6983678340911865,0.1,0.1,0.5,3,0.5,1.02108719491422,1.046257433819571,0.9667937411273744,2,unchanged_correctness
f8Puta8k8fU$_$1,2026,processed_po,1.0,1,0.0,0,-0.392425537109375,-0.392425537109375,0.1,0.1,0.5,3,0.5,1.02108719491422,1.046257433819571,0.9667937411273744,0,unchanged_correctness
fT6SrlsWV7M$_$12,2026,processed_po,1.0,0,-1.3333333730697632,2,0.422903299331665,0.422903299331665,0.1,0.1,0.5,3,0.5,1.02108719491422,1.046257433819571,0.9667937411273744,2,unchanged_correctness
fWAKek8jA5M$_$0,2026,processed_po,1.0,0,-1.6666666269302368,0,-1.838472604751587,-1.838472604751587,0.1,0.1,0.5,3,0.5,1.02108719491422,1.046257433819571,0.9667937411273744,0,unchanged_correctness
fWAKek8jA5M$_$3,2026,processed_po,1.0,0,-1.3333333730697632,2,0.372495949268341,0.372495949268341,0.1,0.1,0.5,3,0.5,1.02108719491422,1.046257433819571,0.9667937411273744,2,unchanged_correctness
fWAKek8jA5M$_$4,2026,processed_po,1.0,1,0.0,0,-0.4609495103359222,-0.4609495103359222,0.1,0.1,0.5,3,0.5,1.02108719491422,1.046257433819571,0.9667937411273744,0,unchanged_correctness
frCWtiam4tE$_$0,2026,processed_po,1.0,2,1.6666666269302368,2,0.4597525596618652,0.4597525596618652,0.1,0.1,0.5,3,0.5,1.02108719491422,1.046257433819571,0.9667937411273744,2,unchanged_correctness
fsBzpr4k3rY$_$0,2026,processed_po,1.0,2,2.0,0,-1e-06,0.0890067815780639,0.1,0.1,0.5,3,0.5,1.02108719491422,1.046257433819571,0.9667937411273744,0,unchanged_correctness
fz-MzQcOBwQ$_$1,2026,processed_po,1.0,2,1.3333333730697632,2,0.6281419992446899,0.6281419992446899,0.1,0.1,0.5,3,0.5,1.02108719491422,1.046257433819571,0.9667937411273744,2,unchanged_correctness
gE7kUqMqQ9g$_$2,2026,processed_po,1.0,0,-0.6666666865348816,0,-1.2176315784454346,-1.2176315784454346,0.1,0.1,0.5,3,0.5,1.02108719491422,1.046257433819571,0.9667937411273744,0,unchanged_correctness
gJjkCPO7iXg$_$1,2026,processed_po,1.0,2,1.0,2,1.165494441986084,1.165494441986084,0.1,0.1,0.5,3,0.5,1.02108719491422,1.046257433819571,0.9667937411273744,2,unchanged_correctness
gJjkCPO7iXg$_$0,2026,processed_po,1.0,2,1.0,2,0.3941850662231445,0.3941850662231445,0.1,0.1,0.5,3,0.5,1.02108719491422,1.046257433819571,0.9667937411273744,2,unchanged_correctness
gLTxaEcx41E$_$2,2026,processed_po,1.0,1,0.0,2,0.4616990089416504,0.4616990089416504,0.1,0.1,0.5,3,0.5,1.02108719491422,1.046257433819571,0.9667937411273744,2,unchanged_correctness
gLTxaEcx41E$_$4,2026,processed_po,1.0,1,0.0,0,-0.989177107810974,-0.989177107810974,0.1,0.1,0.5,3,0.5,1.02108719491422,1.046257433819571,0.9667937411273744,0,unchanged_correctness
gLTxaEcx41E$_$7,2026,processed_po,1.0,1,0.0,2,0.0620590895414352,0.0620590895414352,0.1,0.1,0.5,3,0.5,1.02108719491422,1.046257433819571,0.9667937411273744,2,unchanged_correctness
gLTxaEcx41E$_$6,2026,processed_po,1.0,2,0.3333333432674408,2,0.5353167653083801,0.5353167653083801,0.1,0.1,0.5,3,0.5,1.02108719491422,1.046257433819571,0.9667937411273744,2,unchanged_correctness
gcFECfN4BCU$_$23,2026,processed_po,1.0,2,2.0,2,1.7622853517532349,1.7622853517532349,0.1,0.1,0.5,3,0.5,1.02108719491422,1.046257433819571,0.9667937411273744,2,unchanged_correctness
gcFECfN4BCU$_$10,2026,processed_po,1.0,2,0.6666666865348816,2,1.5431900024414062,1.5431900024414062,0.1,0.1,0.5,3,0.5,1.02108719491422,1.046257433819571,0.9667937411273744,2,unchanged_correctness
gcFECfN4BCU$_$15,2026,processed_po,1.0,2,1.3333333730697632,2,1.0376490354537964,1.0376490354537964,0.1,0.1,0.5,3,0.5,1.02108719491422,1.046257433819571,0.9667937411273744,2,unchanged_correctness
gpn71-aKWwQ$_$2,2026,processed_po,1.0,2,1.6666666269302368,2,1.4482097625732422,1.4482097625732422,0.1,0.1,0.5,3,0.5,1.02108719491422,1.046257433819571,0.9667937411273744,2,unchanged_correctness
h1ZZHUU4j0k$_$3,2026,processed_po,1.0,2,0.6666666865348816,2,0.685243546962738,0.685243546962738,0.1,0.1,0.5,3,0.5,1.02108719491422,1.046257433819571,0.9667937411273744,2,unchanged_correctness
h1ZZHUU4j0k$_$4,2026,processed_po,1.0,2,0.6666666865348816,0,-1.249499797821045,-1.249499797821045,0.1,0.1,0.5,3,0.5,1.02108719491422,1.046257433819571,0.9667937411273744,0,unchanged_correctness
h1ZZHUU4j0k$_$10,2026,processed_po,1.0,2,1.0,2,0.2448642700910568,0.2448642700910568,0.1,0.1,0.5,3,0.5,1.02108719491422,1.046257433819571,0.9667937411273744,2,unchanged_correctness
h1ZZHUU4j0k$_$13,2026,processed_po,1.0,0,-1.0,0,-1.1172772645950315,-1.1172772645950315,0.1,0.1,0.5,3,0.5,1.02108719491422,1.046257433819571,0.9667937411273744,0,unchanged_correctness
iQDB_OkAQWs$_$4,2026,processed_po,1.0,1,0.0,0,-1.2047382593154907,-1.2047382593154907,0.1,0.1,0.5,3,0.5,1.02108719491422,1.046257433819571,0.9667937411273744,0,unchanged_correctness
iXiMifHNKPI$_$8,2026,processed_po,1.0,2,0.3333333432674408,2,0.3399935662746429,0.3399935662746429,0.1,0.1,0.5,3,0.5,1.02108719491422,1.046257433819571,0.9667937411273744,2,unchanged_correctness
j1m6ctAgjsM$_$1,2026,processed_po,1.0,2,1.3333333730697632,2,1.2408246994018557,1.2408246994018557,0.1,0.1,0.5,3,0.5,1.02108719491422,1.046257433819571,0.9667937411273744,2,unchanged_correctness
j1m6ctAgjsM$_$2,2026,processed_po,1.0,2,1.0,2,0.6186169385910034,0.6186169385910034,0.1,0.1,0.5,3,0.5,1.02108719491422,1.046257433819571,0.9667937411273744,2,unchanged_correctness
j1m6ctAgjsM$_$4,2026,processed_po,1.0,2,0.3333333432674408,2,0.3337489664554596,0.3337489664554596,0.1,0.1,0.5,3,0.5,1.02108719491422,1.046257433819571,0.9667937411273744,2,unchanged_correctness
j1m6ctAgjsM$_$14,2026,processed_po,1.0,1,0.0,2,0.4023645222187042,0.4023645222187042,0.1,0.1,0.5,3,0.5,1.02108719491422,1.046257433819571,0.9667937411273744,2,unchanged_correctness
j1m6ctAgjsM$_$18,2026,processed_po,1.0,2,1.0,1,0.0,0.4362890720367431,0.1,0.1,0.5,3,0.5,1.02108719491422,1.046257433819571,0.9667937411273744,1,unchanged_correctness
j1m6ctAgjsM$_$30,2026,processed_po,1.0,2,0.3333333432674408,2,0.2282387763261795,0.2282387763261795,0.1,0.1,0.5,3,0.5,1.02108719491422,1.046257433819571,0.9667937411273744,2,unchanged_correctness
j1m6ctAgjsM$_$35,2026,processed_po,1.0,2,1.0,2,0.5376874804496765,0.5376874804496765,0.1,0.1,0.5,3,0.5,1.02108719491422,1.046257433819571,0.9667937411273744,2,unchanged_correctness
j1m6ctAgjsM$_$33,2026,processed_po,1.0,2,0.3333333432674408,2,0.2019730806350708,0.2019730806350708,0.1,0.1,0.5,3,0.5,1.02108719491422,1.046257433819571,0.9667937411273744,2,unchanged_correctness
j1m6ctAgjsM$_$37,2026,processed_po,1.0,1,0.0,2,0.1417352259159088,0.1417352259159088,0.1,0.1,0.5,3,0.5,1.02108719491422,1.046257433819571,0.9667937411273744,2,unchanged_correctness
jXQmVFcOiUI$_$0,2026,processed_po,1.0,2,1.0,2,1.2299883365631104,1.2299883365631104,0.1,0.1,0.5,3,0.5,1.02108719491422,1.046257433819571,0.9667937411273744,2,unchanged_correctness
jj8aSNPHMw8$_$14,2026,processed_po,1.0,1,0.0,0,-0.3811784982681274,-0.3811784982681274,0.1,0.1,0.5,3,0.5,1.02108719491422,1.046257433819571,0.9667937411273744,0,unchanged_correctness
jj8aSNPHMw8$_$5,2026,processed_po,1.0,0,-1.3333333730697632,2,0.1159383356571197,0.1159383356571197,0.1,0.1,0.5,3,0.5,1.02108719491422,1.046257433819571,0.9667937411273744,2,unchanged_correctness
jqutn5ou8_0$_$6,2026,processed_po,1.0,2,0.6666666865348816,2,0.5586856603622437,0.5586856603622437,0.1,0.1,0.5,3,0.5,1.02108719491422,1.046257433819571,0.9667937411273744,2,unchanged_correctness
jscKL5jS-SQ$_$17,2026,processed_po,1.0,2,1.0,2,1.2449593544006348,1.2449593544006348,0.1,0.1,0.5,3,0.5,1.02108719491422,1.046257433819571,0.9667937411273744,2,unchanged_correctness
kaudsLIvYC8$_$0,2026,processed_po,1.0,2,1.6666666269302368,2,1.0353363752365112,1.0353363752365112,0.1,0.1,0.5,3,0.5,1.02108719491422,1.046257433819571,0.9667937411273744,2,unchanged_correctness
kg-W6-hP2Do$_$3,2026,processed_po,1.0,1,0.0,2,1.1877899169921875,1.1877899169921875,0.1,0.1,0.5,3,0.5,1.02108719491422,1.046257433819571,0.9667937411273744,2,unchanged_correctness
kpS4BXif_Sw$_$12,2026,processed_po,1.0,0,-2.0,0,-1.3175865411758425,-1.3175865411758425,0.1,0.1,0.5,3,0.5,1.02108719491422,1.046257433819571,0.9667937411273744,0,unchanged_correctness
kpS4BXif_Sw$_$15,2026,processed_po,1.0,2,1.3333333730697632,2,0.3278400599956512,0.3278400599956512,0.1,0.1,0.5,3,0.5,1.02108719491422,1.046257433819571,0.9667937411273744,2,unchanged_correctness
kpS4BXif_Sw$_$4,2026,processed_po,1.0,1,0.0,2,0.9523124098777772,0.9523124098777772,0.1,0.1,0.5,3,0.5,1.02108719491422,1.046257433819571,0.9667937411273744,2,unchanged_correctness
kpS4BXif_Sw$_$8,2026,processed_po,1.0,0,-1.0,0,-1.3381820917129517,-1.3381820917129517,0.1,0.1,0.5,3,0.5,1.02108719491422,1.046257433819571,0.9667937411273744,0,unchanged_correctness
ktblaVOnFVE$_$4,2026,processed_po,1.0,2,1.3333333730697632,2,0.5396698713302612,0.5396698713302612,0.1,0.1,0.5,3,0.5,1.02108719491422,1.046257433819571,0.9667937411273744,2,unchanged_correctness
l0vCKpk6Aes$_$24,2026,processed_po,1.0,1,0.0,2,0.9737375378608704,0.9737375378608704,0.1,0.1,0.5,3,0.5,1.02108719491422,1.046257433819571,0.9667937411273744,2,unchanged_correctness
l0vCKpk6Aes$_$12,2026,processed_po,1.0,2,1.0,2,1.1390948295593262,1.1390948295593262,0.1,0.1,0.5,3,0.5,1.02108719491422,1.046257433819571,0.9667937411273744,2,unchanged_correctness
l0vCKpk6Aes$_$19,2026,processed_po,1.0,1,0.0,2,0.560244619846344,0.560244619846344,0.1,0.1,0.5,3,0.5,1.02108719491422,1.046257433819571,0.9667937411273744,2,unchanged_correctness
l4oMbKDuW3Y$_$3,2026,processed_po,1.0,0,-0.6666666865348816,0,-2.2610487937927246,-2.2610487937927246,0.1,0.1,0.5,3,0.5,1.02108719491422,1.046257433819571,0.9667937411273744,0,unchanged_correctness
lD4xtQ6NpDY$_$2,2026,processed_po,1.0,1,0.0,2,1e-06,-0.1073542684316635,0.1,0.1,0.5,3,0.5,1.02108719491422,1.046257433819571,0.9667937411273744,2,unchanged_correctness
lYwgLa4R5XQ$_$1,2026,processed_po,1.0,1,0.0,2,0.1882752776145935,0.1882752776145935,0.1,0.1,0.5,3,0.5,1.02108719491422,1.046257433819571,0.9667937411273744,2,unchanged_correctness
lkIe41StoGI$_$10,2026,processed_po,1.0,1,0.0,1,0.0,-0.074654534459114,0.1,0.1,0.5,3,0.5,1.02108719491422,1.046257433819571,0.9667937411273744,1,unchanged_correctness
lkIe41StoGI$_$3,2026,processed_po,1.0,2,0.6666666865348816,2,0.638750433921814,0.638750433921814,0.1,0.1,0.5,3,0.5,1.02108719491422,1.046257433819571,0.9667937411273744,2,unchanged_correctness
lkIe41StoGI$_$2,2026,processed_po,1.0,2,0.6666666865348816,0,-1e-06,0.2034199386835098,0.1,0.1,0.5,3,0.5,1.02108719491422,1.046257433819571,0.9667937411273744,0,unchanged_correctness
lkIe41StoGI$_$8,2026,processed_po,1.0,1,0.0,1,0.0,0.1011630743741989,0.1,0.1,0.5,3,0.5,1.02108719491422,1.046257433819571,0.9667937411273744,1,unchanged_correctness
lwL4hjhkid4$_$1,2026,processed_po,1.0,1,0.0,1,0.0,0.2310559749603271,0.1,0.1,0.5,3,0.5,1.02108719491422,1.046257433819571,0.9667937411273744,1,unchanged_correctness
lwL4hjhkid4$_$3,2026,processed_po,1.0,2,2.0,2,0.4751873910427093,0.4751873910427093,0.1,0.1,0.5,3,0.5,1.02108719491422,1.046257433819571,0.9667937411273744,2,unchanged_correctness
lwL4hjhkid4$_$6,2026,processed_po,1.0,2,0.3333333432674408,2,0.8757021427154541,0.8757021427154541,0.1,0.1,0.5,3,0.5,1.02108719491422,1.046257433819571,0.9667937411273744,2,unchanged_correctness
m-7yRWZLwLY$_$0,2026,processed_po,1.0,1,0.0,2,0.3368068337440491,0.3368068337440491,0.1,0.1,0.5,3,0.5,1.02108719491422,1.046257433819571,0.9667937411273744,2,unchanged_correctness
mVnqP-vLpuo$_$0,2026,processed_po,1.0,2,0.6666666865348816,2,1.0778751373291016,1.0778751373291016,0.1,0.1,0.5,3,0.5,1.02108719491422,1.046257433819571,0.9667937411273744,2,unchanged_correctness
mZ_8em_-CGc$_$7,2026,processed_po,1.0,2,0.6666666865348816,2,0.6221672296524048,0.6221672296524048,0.1,0.1,0.5,3,0.5,1.02108719491422,1.046257433819571,0.9667937411273744,2,unchanged_correctness
mgsvwAVQAQo$_$4,2026,processed_po,1.0,2,0.3333333432674408,2,0.3395568132400512,0.3395568132400512,0.1,0.1,0.5,3,0.5,1.02108719491422,1.046257433819571,0.9667937411273744,2,unchanged_correctness
mmg_eTDHjkk$_$5,2026,processed_po,1.0,2,0.3333333432674408,2,0.0596994757652282,0.0596994757652282,0.1,0.1,0.5,3,0.5,1.02108719491422,1.046257433819571,0.9667937411273744,2,unchanged_correctness
mmg_eTDHjkk$_$8,2026,processed_po,1.0,2,0.6666666865348816,2,0.2271090298891067,0.2271090298891067,0.1,0.1,0.5,3,0.5,1.02108719491422,1.046257433819571,0.9667937411273744,2,unchanged_correctness
mmg_eTDHjkk$_$15,2026,processed_po,1.0,2,1.0,2,0.1823853254318237,0.1823853254318237,0.1,0.1,0.5,3,0.5,1.02108719491422,1.046257433819571,0.9667937411273744,2,unchanged_correctness
mzAu5gxjE-w$_$2,2026,processed_po,1.0,2,1.6666666269302368,2,2.0369315147399902,2.0369315147399902,0.1,0.1,0.5,3,0.5,1.02108719491422,1.046257433819571,0.9667937411273744,2,unchanged_correctness
nFTo-Lz4Fr8$_$1,2026,processed_po,1.0,2,0.6666666865348816,2,1.575419783592224,1.575419783592224,0.1,0.1,0.5,3,0.5,1.02108719491422,1.046257433819571,0.9667937411273744,2,unchanged_correctness
nZFPKP9kBkw$_$4,2026,processed_po,1.0,1,0.0,2,1.6807258129119873,1.6807258129119873,0.1,0.1,0.5,3,0.5,1.02108719491422,1.046257433819571,0.9667937411273744,2,unchanged_correctness
namehdJxRIM$_$1,2026,processed_po,1.0,2,0.3333333432674408,2,0.4907463788986206,0.4907463788986206,0.1,0.1,0.5,3,0.5,1.02108719491422,1.046257433819571,0.9667937411273744,2,unchanged_correctness
o2XbNJDpOlc$_$6,2026,processed_po,1.0,2,1.6666666269302368,0,-1e-06,0.117891825735569,0.1,0.1,0.5,3,0.5,1.02108719491422,1.046257433819571,0.9667937411273744,0,unchanged_correctness
oBS-IW-BO00$_$3,2026,processed_po,1.0,1,0.0,2,0.2930666804313659,0.2930666804313659,0.1,0.1,0.5,3,0.5,1.02108719491422,1.046257433819571,0.9667937411273744,2,unchanged_correctness
oHff2W51wZ8$_$1,2026,processed_po,1.0,2,1.3333333730697632,2,1.1928987503051758,1.1928987503051758,0.1,0.1,0.5,3,0.5,1.02108719491422,1.046257433819571,0.9667937411273744,2,unchanged_correctness
oHff2W51wZ8$_$2,2026,processed_po,1.0,2,2.0,2,1.4625680446624756,1.4625680446624756,0.1,0.1,0.5,3,0.5,1.02108719491422,1.046257433819571,0.9667937411273744,2,unchanged_correctness
oHff2W51wZ8$_$5,2026,processed_po,1.0,2,2.6666667461395264,2,1.088396430015564,1.088396430015564,0.1,0.1,0.5,3,0.5,1.02108719491422,1.046257433819571,0.9667937411273744,2,unchanged_correctness
oPlnhc0DkcU$_$1,2026,processed_po,1.0,0,-0.3333333432674408,0,-0.8634389638900757,-0.8634389638900757,0.1,0.1,0.5,3,0.5,1.02108719491422,1.046257433819571,0.9667937411273744,0,unchanged_correctness
oZxMx8e0x2U$_$2,2026,processed_po,1.0,2,0.3333333432674408,0,-1.0200786590576172,-1.0200786590576172,0.1,0.1,0.5,3,0.5,1.02108719491422,1.046257433819571,0.9667937411273744,0,unchanged_correctness
obGF3RfWQKE$_$24,2026,processed_po,1.0,1,0.0,0,-0.4589782357215881,-0.4589782357215881,0.1,0.1,0.5,3,0.5,1.02108719491422,1.046257433819571,0.9667937411273744,0,unchanged_correctness
obGF3RfWQKE$_$3,2026,processed_po,1.0,2,1.3333333730697632,2,1.8592361211776731,1.8592361211776731,0.1,0.1,0.5,3,0.5,1.02108719491422,1.046257433819571,0.9667937411273744,2,unchanged_correctness
ossKC1VrusE$_$3,2026,processed_po,1.0,2,0.6666666865348816,2,0.4780866801738739,0.4780866801738739,0.1,0.1,0.5,3,0.5,1.02108719491422,1.046257433819571,0.9667937411273744,2,unchanged_correctness
ossKC1VrusE$_$2,2026,processed_po,1.0,2,1.6666666269302368,2,0.9633170366287231,0.9633170366287231,0.1,0.1,0.5,3,0.5,1.02108719491422,1.046257433819571,0.9667937411273744,2,unchanged_correctness
ozA7pRW4gFM$_$7,2026,processed_po,1.0,1,0.0,0,-1e-06,0.0204056408256292,0.1,0.1,0.5,3,0.5,1.02108719491422,1.046257433819571,0.9667937411273744,0,unchanged_correctness
p4WmcxrXkc4$_$0,2026,processed_po,1.0,2,0.3333333432674408,2,0.7473486065864563,0.7473486065864563,0.1,0.1,0.5,3,0.5,1.02108719491422,1.046257433819571,0.9667937411273744,2,unchanged_correctness
p7zuPEZgtY4$_$0,2026,processed_po,1.0,2,0.3333333432674408,2,0.2880062758922577,0.2880062758922577,0.1,0.1,0.5,3,0.5,1.02108719491422,1.046257433819571,0.9667937411273744,2,unchanged_correctness
pIaEcqnzI-s$_$3,2026,processed_po,1.0,2,0.3333333432674408,2,0.4885279536247253,0.4885279536247253,0.1,0.1,0.5,3,0.5,1.02108719491422,1.046257433819571,0.9667937411273744,2,unchanged_correctness
pIaEcqnzI-s$_$5,2026,processed_po,1.0,0,-0.3333333432674408,1,0.0,0.333665132522583,0.1,0.1,0.5,3,0.5,1.02108719491422,1.046257433819571,0.9667937411273744,1,unchanged_correctness
pIaEcqnzI-s$_$7,2026,processed_po,1.0,0,-0.3333333432674408,1,0.0,0.2227562963962555,0.1,0.1,0.5,3,0.5,1.02108719491422,1.046257433819571,0.9667937411273744,1,unchanged_correctness
pIaEcqnzI-s$_$6,2026,processed_po,1.0,1,0.0,1,0.0,0.3479805886745453,0.1,0.1,0.5,3,0.5,1.02108719491422,1.046257433819571,0.9667937411273744,1,unchanged_correctness
pQpy7RSfWzM$_$19,2026,processed_po,1.0,2,0.3333333432674408,2,1.032776117324829,1.032776117324829,0.1,0.1,0.5,3,0.5,1.02108719491422,1.046257433819571,0.9667937411273744,2,unchanged_correctness
pQpy7RSfWzM$_$8,2026,processed_po,1.0,1,0.0,2,0.1215776652097702,0.1215776652097702,0.1,0.1,0.5,3,0.5,1.02108719491422,1.046257433819571,0.9667937411273744,2,unchanged_correctness
pSxte-ms0t8$_$33,2026,processed_po,1.0,0,-0.3333333432674408,0,-1e-06,0.0249163880944252,0.1,0.1,0.5,3,0.5,1.02108719491422,1.046257433819571,0.9667937411273744,0,unchanged_correctness
pSxte-ms0t8$_$2,2026,processed_po,1.0,2,0.6666666865348816,0,-1e-06,0.0368716195225715,0.1,0.1,0.5,3,0.5,1.02108719491422,1.046257433819571,0.9667937411273744,2,introduced
pSxte-ms0t8$_$7,2026,processed_po,1.0,0,-2.0,0,-1.8825299739837649,-1.8825299739837649,0.1,0.1,0.5,3,0.5,1.02108719491422,1.046257433819571,0.9667937411273744,0,unchanged_correctness
pSxte-ms0t8$_$6,2026,processed_po,1.0,2,1.0,2,0.5217394828796387,0.5217394828796387,0.1,0.1,0.5,3,0.5,1.02108719491422,1.046257433819571,0.9667937411273744,2,unchanged_correctness
pZye4zFzk3o$_$2,2026,processed_po,1.0,0,-0.6666666865348816,2,0.6866750717163086,0.6866750717163086,0.1,0.1,0.5,3,0.5,1.02108719491422,1.046257433819571,0.9667937411273744,2,unchanged_correctness
pZye4zFzk3o$_$5,2026,processed_po,1.0,0,-0.6666666865348816,0,-0.938348650932312,-0.938348650932312,0.1,0.1,0.5,3,0.5,1.02108719491422,1.046257433819571,0.9667937411273744,0,unchanged_correctness
pnpFPX34Agk$_$2,2026,processed_po,1.0,2,0.3333333432674408,1,0.0,0.1471188217401504,0.1,0.1,0.5,3,0.5,1.02108719491422,1.046257433819571,0.9667937411273744,1,unchanged_correctness
q5M1God4M6Y$_$9,2026,processed_po,1.0,2,0.6666666865348816,1,0.0,0.0905612632632255,0.1,0.1,0.5,3,0.5,1.02108719491422,1.046257433819571,0.9667937411273744,1,unchanged_correctness
qDfSYz0PX9g$_$0,2026,processed_po,1.0,0,-2.0,0,-1.4379925727844238,-1.4379925727844238,0.1,0.1,0.5,3,0.5,1.02108719491422,1.046257433819571,0.9667937411273744,0,unchanged_correctness
qDfSYz0PX9g$_$8,2026,processed_po,1.0,0,-0.6666666865348816,0,-1.291470289230347,-1.291470289230347,0.1,0.1,0.5,3,0.5,1.02108719491422,1.046257433819571,0.9667937411273744,0,unchanged_correctness
qEuJj4uW93E$_$1,2026,processed_po,1.0,1,0.0,2,0.4561809003353119,0.4561809003353119,0.1,0.1,0.5,3,0.5,1.02108719491422,1.046257433819571,0.9667937411273744,2,unchanged_correctness
qgC8_emxSIU$_$6,2026,processed_po,1.0,1,0.0,2,0.1413519978523254,0.1413519978523254,0.1,0.1,0.5,3,0.5,1.02108719491422,1.046257433819571,0.9667937411273744,2,unchanged_correctness
r46amqjpWgg$_$26,2026,processed_po,1.0,2,0.6666666865348816,2,1.183691382408142,1.183691382408142,0.1,0.1,0.5,3,0.5,1.02108719491422,1.046257433819571,0.9667937411273744,2,unchanged_correctness
r46amqjpWgg$_$22,2026,processed_po,1.0,2,0.6666666865348816,2,1.166597843170166,1.166597843170166,0.1,0.1,0.5,3,0.5,1.02108719491422,1.046257433819571,0.9667937411273744,2,unchanged_correctness
r46amqjpWgg$_$6,2026,processed_po,1.0,2,1.3333333730697632,2,0.756049394607544,0.756049394607544,0.1,0.1,0.5,3,0.5,1.02108719491422,1.046257433819571,0.9667937411273744,2,unchanged_correctness
r46amqjpWgg$_$15,2026,processed_po,1.0,1,0.0,0,-0.1569479554891586,-0.1569479554891586,0.1,0.1,0.5,3,0.5,1.02108719491422,1.046257433819571,0.9667937411273744,0,unchanged_correctness
r46amqjpWgg$_$32,2026,processed_po,1.0,2,1.0,2,1.9080262184143064,1.9080262184143064,0.1,0.1,0.5,3,0.5,1.02108719491422,1.046257433819571,0.9667937411273744,2,unchanged_correctness
rcfnqiD0y8o$_$0,2026,processed_po,1.0,2,1.6666666269302368,2,2.1678221225738525,2.1678221225738525,0.1,0.1,0.5,3,0.5,1.02108719491422,1.046257433819571,0.9667937411273744,2,unchanged_correctness
rhQB8e999-Q$_$10,2026,processed_po,1.0,2,1.0,2,0.986181378364563,0.986181378364563,0.1,0.1,0.5,3,0.5,1.02108719491422,1.046257433819571,0.9667937411273744,2,unchanged_correctness
rhQB8e999-Q$_$0,2026,processed_po,1.0,2,0.6666666865348816,2,1.3060386180877686,1.3060386180877686,0.1,0.1,0.5,3,0.5,1.02108719491422,1.046257433819571,0.9667937411273744,2,unchanged_correctness
rhQB8e999-Q$_$5,2026,processed_po,1.0,1,0.0,2,0.7548871040344238,0.7548871040344238,0.1,0.1,0.5,3,0.5,1.02108719491422,1.046257433819571,0.9667937411273744,2,unchanged_correctness
rhQB8e999-Q$_$7,2026,processed_po,1.0,2,0.6666666865348816,2,1.0980746746063232,1.0980746746063232,0.1,0.1,0.5,3,0.5,1.02108719491422,1.046257433819571,0.9667937411273744,2,unchanged_correctness
rhQB8e999-Q$_$8,2026,processed_po,1.0,1,0.0,2,0.6235355138778687,0.6235355138778687,0.1,0.1,0.5,3,0.5,1.02108719491422,1.046257433819571,0.9667937411273744,2,unchanged_correctness
svsbGQn389o$_$8,2026,processed_po,1.0,0,-1.3333333730697632,0,-1.3067015409469604,-1.3067015409469604,0.1,0.1,0.5,3,0.5,1.02108719491422,1.046257433819571,0.9667937411273744,0,unchanged_correctness
tC2KicUHB9Q$_$7,2026,processed_po,1.0,0,-0.3333333432674408,1,0.0,0.392233282327652,0.1,0.1,0.5,3,0.5,1.02108719491422,1.046257433819571,0.9667937411273744,1,unchanged_correctness
tNd3--lvSXE$_$6,2026,processed_po,1.0,2,0.6666666865348816,1,0.0,0.3694426715373993,0.1,0.1,0.5,3,0.5,1.02108719491422,1.046257433819571,0.9667937411273744,1,unchanged_correctness
teQqaAmqqx0$_$0,2026,processed_po,1.0,1,0.0,2,0.9335033893585204,0.9335033893585204,0.1,0.1,0.5,3,0.5,1.02108719491422,1.046257433819571,0.9667937411273744,2,unchanged_correctness
teQqaAmqqx0$_$3,2026,processed_po,1.0,1,0.0,2,0.9153558015823364,0.9153558015823364,0.1,0.1,0.5,3,0.5,1.02108719491422,1.046257433819571,0.9667937411273744,2,unchanged_correctness
tnWmVXZ87h0$_$0,2026,processed_po,1.0,2,2.0,2,1.6119085550308228,1.6119085550308228,0.1,0.1,0.5,3,0.5,1.02108719491422,1.046257433819571,0.9667937411273744,2,unchanged_correctness
tnWmVXZ87h0$_$3,2026,processed_po,1.0,2,1.6666666269302368,2,0.9493390321731568,0.9493390321731568,0.1,0.1,0.5,3,0.5,1.02108719491422,1.046257433819571,0.9667937411273744,2,unchanged_correctness
ttfaZ8IIWCo$_$2,2026,processed_po,1.0,2,2.3333332538604736,2,1.1705853939056396,1.1705853939056396,0.1,0.1,0.5,3,0.5,1.02108719491422,1.046257433819571,0.9667937411273744,2,unchanged_correctness
ttfaZ8IIWCo$_$5,2026,processed_po,1.0,2,2.3333332538604736,2,1.505820393562317,1.505820393562317,0.1,0.1,0.5,3,0.5,1.02108719491422,1.046257433819571,0.9667937411273744,2,unchanged_correctness
ttfaZ8IIWCo$_$4,2026,processed_po,1.0,2,2.3333332538604736,2,1.299780249595642,1.299780249595642,0.1,0.1,0.5,3,0.5,1.02108719491422,1.046257433819571,0.9667937411273744,2,unchanged_correctness
tymso_pAxhk$_$12,2026,processed_po,1.0,0,-1.0,2,0.3644551038742065,0.3644551038742065,0.1,0.1,0.5,3,0.5,1.02108719491422,1.046257433819571,0.9667937411273744,2,unchanged_correctness
u9ZV8jb_-U0$_$0,2026,processed_po,1.0,0,-1.6666666269302368,0,-1.3064227104187012,-1.3064227104187012,0.1,0.1,0.5,3,0.5,1.02108719491422,1.046257433819571,0.9667937411273744,0,unchanged_correctness
um8WVjZMLUc$_$1,2026,processed_po,1.0,1,0.0,0,-1.3946477174758911,-1.3946477174758911,0.1,0.1,0.5,3,0.5,1.02108719491422,1.046257433819571,0.9667937411273744,0,unchanged_correctness
unOeTDc2rlY$_$27,2026,processed_po,1.0,2,1.0,2,0.6828622221946716,0.6828622221946716,0.1,0.1,0.5,3,0.5,1.02108719491422,1.046257433819571,0.9667937411273744,2,unchanged_correctness
unOeTDc2rlY$_$31,2026,processed_po,1.0,2,1.0,1,0.0,0.0807667002081871,0.1,0.1,0.5,3,0.5,1.02108719491422,1.046257433819571,0.9667937411273744,1,unchanged_correctness
unOeTDc2rlY$_$29,2026,processed_po,1.0,0,-0.3333333432674408,0,-1.1242201328277588,-1.1242201328277588,0.1,0.1,0.5,3,0.5,1.02108719491422,1.046257433819571,0.9667937411273744,0,unchanged_correctness
uogwnZGb-iE$_$26,2026,processed_po,1.0,2,2.0,2,1.1078014373779297,1.1078014373779297,0.1,0.1,0.5,3,0.5,1.02108719491422,1.046257433819571,0.9667937411273744,2,unchanged_correctness
uogwnZGb-iE$_$21,2026,processed_po,1.0,2,0.3333333432674408,2,0.3360926210880279,0.3360926210880279,0.1,0.1,0.5,3,0.5,1.02108719491422,1.046257433819571,0.9667937411273744,2,unchanged_correctness
uogwnZGb-iE$_$22,2026,processed_po,1.0,2,2.0,2,2.2426161766052246,2.2426161766052246,0.1,0.1,0.5,3,0.5,1.02108719491422,1.046257433819571,0.9667937411273744,2,unchanged_correctness
uogwnZGb-iE$_$28,2026,processed_po,1.0,2,2.3333332538604736,2,2.148555278778076,2.148555278778076,0.1,0.1,0.5,3,0.5,1.02108719491422,1.046257433819571,0.9667937411273744,2,unchanged_correctness
uogwnZGb-iE$_$13,2026,processed_po,1.0,2,2.3333332538604736,2,2.097687244415283,2.097687244415283,0.1,0.1,0.5,3,0.5,1.02108719491422,1.046257433819571,0.9667937411273744,2,unchanged_correctness
uogwnZGb-iE$_$6,2026,processed_po,1.0,2,1.0,2,1.8928542137146,1.8928542137146,0.1,0.1,0.5,3,0.5,1.02108719491422,1.046257433819571,0.9667937411273744,2,unchanged_correctness
vB_kZocHtYo$_$8,2026,processed_po,1.0,1,0.0,2,0.121651254594326,0.121651254594326,0.1,0.1,0.5,3,0.5,1.02108719491422,1.046257433819571,0.9667937411273744,2,unchanged_correctness
vGkIaClHKDg$_$6,2026,processed_po,1.0,2,1.3333333730697632,2,1.894741415977478,1.894741415977478,0.1,0.1,0.5,3,0.5,1.02108719491422,1.046257433819571,0.9667937411273744,2,unchanged_correctness
vR90Pdx9wxs$_$3,2026,processed_po,1.0,2,0.3333333432674408,2,0.2375844717025756,0.2375844717025756,0.1,0.1,0.5,3,0.5,1.02108719491422,1.046257433819571,0.9667937411273744,2,unchanged_correctness
v_8QeoNc4QY$_$5,2026,processed_po,1.0,2,0.3333333432674408,1,0.0,-0.2716021835803985,0.1,0.1,0.5,3,0.5,1.02108719491422,1.046257433819571,0.9667937411273744,1,unchanged_correctness
veA6ECsGFxI$_$0,2026,processed_po,1.0,2,0.6666666865348816,2,0.7744240164756775,0.7744240164756775,0.1,0.1,0.5,3,0.5,1.02108719491422,1.046257433819571,0.9667937411273744,2,unchanged_correctness
wC_1M7KIv9s$_$24,2026,processed_po,1.0,1,0.0,2,0.6023364663124084,0.6023364663124084,0.1,0.1,0.5,3,0.5,1.02108719491422,1.046257433819571,0.9667937411273744,2,unchanged_correctness
wC_1M7KIv9s$_$12,2026,processed_po,1.0,2,0.3333333432674408,2,1.2576289176940918,1.2576289176940918,0.1,0.1,0.5,3,0.5,1.02108719491422,1.046257433819571,0.9667937411273744,2,unchanged_correctness
wC_1M7KIv9s$_$23,2026,processed_po,1.0,1,0.0,0,-0.2337714731693267,-0.2337714731693267,0.1,0.1,0.5,3,0.5,1.02108719491422,1.046257433819571,0.9667937411273744,0,unchanged_correctness
wC_1M7KIv9s$_$1,2026,processed_po,1.0,2,0.6666666865348816,1,0.0,0.6512366533279419,0.1,0.1,0.5,3,0.5,1.02108719491422,1.046257433819571,0.9667937411273744,1,unchanged_correctness
wC_1M7KIv9s$_$5,2026,processed_po,1.0,1,0.0,1,0.0,0.0794277489185333,0.1,0.1,0.5,3,0.5,1.02108719491422,1.046257433819571,0.9667937411273744,1,unchanged_correctness
wC_1M7KIv9s$_$25,2026,processed_po,1.0,2,2.0,2,0.9873981475830078,0.9873981475830078,0.1,0.1,0.5,3,0.5,1.02108719491422,1.046257433819571,0.9667937411273744,2,unchanged_correctness
wC_1M7KIv9s$_$21,2026,processed_po,1.0,0,-0.3333333432674408,0,-0.3505816459655761,-0.3505816459655761,0.1,0.1,0.5,3,0.5,1.02108719491422,1.046257433819571,0.9667937411273744,0,unchanged_correctness
wHeZHLv9wGI$_$12,2026,processed_po,1.0,0,-0.6666666865348816,0,-0.1708582788705825,-0.1708582788705825,0.1,0.1,0.5,3,0.5,1.02108719491422,1.046257433819571,0.9667937411273744,0,unchanged_correctness
wnL3ld9bM2o$_$25,2026,processed_po,1.0,2,2.0,0,-1.128044605255127,-1.128044605255127,0.1,0.1,0.5,3,0.5,1.02108719491422,1.046257433819571,0.9667937411273744,0,unchanged_correctness
wnL3ld9bM2o$_$21,2026,processed_po,1.0,2,0.3333333432674408,1,0.0,-0.2177577018737793,0.1,0.1,0.5,3,0.5,1.02108719491422,1.046257433819571,0.9667937411273744,1,unchanged_correctness
wnL3ld9bM2o$_$4,2026,processed_po,1.0,2,0.3333333432674408,2,1.6270899772644043,1.6270899772644043,0.1,0.1,0.5,3,0.5,1.02108719491422,1.046257433819571,0.9667937411273744,2,unchanged_correctness
wnL3ld9bM2o$_$9,2026,processed_po,1.0,2,1.0,2,1.0310431718826294,1.0310431718826294,0.1,0.1,0.5,3,0.5,1.02108719491422,1.046257433819571,0.9667937411273744,2,unchanged_correctness
wnL3ld9bM2o$_$15,2026,processed_po,1.0,1,0.0,0,-0.7031856775283813,-0.7031856775283813,0.1,0.1,0.5,3,0.5,1.02108719491422,1.046257433819571,0.9667937411273744,0,unchanged_correctness
wnL3ld9bM2o$_$14,2026,processed_po,1.0,1,0.0,1,0.0,0.0115047199651598,0.1,0.1,0.5,3,0.5,1.02108719491422,1.046257433819571,0.9667937411273744,1,unchanged_correctness
wznRBN1fWj4$_$0,2026,processed_po,1.0,1,0.0,0,-0.2411766350269317,-0.2411766350269317,0.1,0.1,0.5,3,0.5,1.02108719491422,1.046257433819571,0.9667937411273744,0,unchanged_correctness
wznRBN1fWj4$_$6,2026,processed_po,1.0,1,0.0,2,0.4684933423995971,0.4684933423995971,0.1,0.1,0.5,3,0.5,1.02108719491422,1.046257433819571,0.9667937411273744,2,unchanged_correctness
x0rLwBIocuI$_$7,2026,processed_po,1.0,0,-0.6666666865348816,0,-1.370225191116333,-1.370225191116333,0.1,0.1,0.5,3,0.5,1.02108719491422,1.046257433819571,0.9667937411273744,0,unchanged_correctness
xBE9YWYGjtk$_$7,2026,processed_po,1.0,2,2.0,2,1.7783342599868774,1.7783342599868774,0.1,0.1,0.5,3,0.5,1.02108719491422,1.046257433819571,0.9667937411273744,2,unchanged_correctness
xSCvspXYU9k$_$19,2026,processed_po,1.0,0,-1.0,0,-1.128590703010559,-1.128590703010559,0.1,0.1,0.5,3,0.5,1.02108719491422,1.046257433819571,0.9667937411273744,0,unchanged_correctness
xSCvspXYU9k$_$7,2026,processed_po,1.0,1,0.0,2,1.549898624420166,1.549898624420166,0.1,0.1,0.5,3,0.5,1.02108719491422,1.046257433819571,0.9667937411273744,2,unchanged_correctness
xXXcgb9eZ9Y$_$7,2026,processed_po,1.0,0,-0.3333333432674408,0,-0.2243452817201614,-0.2243452817201614,0.1,0.1,0.5,3,0.5,1.02108719491422,1.046257433819571,0.9667937411273744,0,unchanged_correctness
xmLJHru6Z1M$_$12,2026,processed_po,1.0,2,1.0,2,0.0704841166734695,0.0704841166734695,0.1,0.1,0.5,3,0.5,1.02108719491422,1.046257433819571,0.9667937411273744,2,unchanged_correctness
xmLJHru6Z1M$_$14,2026,processed_po,1.0,2,1.0,2,0.1721655279397964,0.1721655279397964,0.1,0.1,0.5,3,0.5,1.02108719491422,1.046257433819571,0.9667937411273744,2,unchanged_correctness
xmLJHru6Z1M$_$8,2026,processed_po,1.0,2,0.3333333432674408,2,0.4124638438224792,0.4124638438224792,0.1,0.1,0.5,3,0.5,1.02108719491422,1.046257433819571,0.9667937411273744,2,unchanged_correctness
xobMRm5Vs44$_$1,2026,processed_po,1.0,1,0.0,2,1.4287868738174438,1.4287868738174438,0.1,0.1,0.5,3,0.5,1.02108719491422,1.046257433819571,0.9667937411273744,2,unchanged_correctness
yCpHmPSshKY$_$1,2026,processed_po,1.0,2,1.6666666269302368,0,-0.6090476512908936,-0.6090476512908936,0.1,0.1,0.5,3,0.5,1.02108719491422,1.046257433819571,0.9667937411273744,0,unchanged_correctness
yCpHmPSshKY$_$0,2026,processed_po,1.0,2,0.6666666865348816,2,0.0152853969484567,0.0152853969484567,0.1,0.1,0.5,3,0.5,1.02108719491422,1.046257433819571,0.9667937411273744,2,unchanged_correctness
yLo-Jl8nBXU$_$11,2026,processed_po,1.0,2,0.6666666865348816,2,1.690312385559082,1.690312385559082,0.1,0.1,0.5,3,0.5,1.02108719491422,1.046257433819571,0.9667937411273744,2,unchanged_correctness
yLo-Jl8nBXU$_$0,2026,processed_po,1.0,1,0.0,0,-0.2794435322284698,-0.2794435322284698,0.1,0.1,0.5,3,0.5,1.02108719491422,1.046257433819571,0.9667937411273744,0,unchanged_correctness
yLo-Jl8nBXU$_$6,2026,processed_po,1.0,2,1.3333333730697632,2,1.968117356300354,1.968117356300354,0.1,0.1,0.5,3,0.5,1.02108719491422,1.046257433819571,0.9667937411273744,2,unchanged_correctness
ySblgk7T7eQ$_$12,2026,processed_po,1.0,0,-0.3333333432674408,2,0.2108139991760254,0.2108139991760254,0.1,0.1,0.5,3,0.5,1.02108719491422,1.046257433819571,0.9667937411273744,2,unchanged_correctness
ySblgk7T7eQ$_$0,2026,processed_po,1.0,2,1.0,2,1.661989688873291,1.661989688873291,0.1,0.1,0.5,3,0.5,1.02108719491422,1.046257433819571,0.9667937411273744,2,unchanged_correctness
ySblgk7T7eQ$_$4,2026,processed_po,1.0,2,0.6666666865348816,2,0.0820265784859657,0.0820265784859657,0.1,0.1,0.5,3,0.5,1.02108719491422,1.046257433819571,0.9667937411273744,2,unchanged_correctness
ySblgk7T7eQ$_$9,2026,processed_po,1.0,2,1.0,0,-1.4504050016403198,-1.4504050016403198,0.1,0.1,0.5,3,0.5,1.02108719491422,1.046257433819571,0.9667937411273744,0,unchanged_correctness
yUqNp-poh9M$_$2,2026,processed_po,1.0,0,-0.3333333432674408,0,-0.4160502254962921,-0.4160502254962921,0.1,0.1,0.5,3,0.5,1.02108719491422,1.046257433819571,0.9667937411273744,0,unchanged_correctness
yUqNp-poh9M$_$9,2026,processed_po,1.0,1,0.0,0,-1.975021719932556,-1.975021719932556,0.1,0.1,0.5,3,0.5,1.02108719491422,1.046257433819571,0.9667937411273744,0,unchanged_correctness
ydzNAuqUAnc$_$6,2026,processed_po,1.0,0,-1.0,0,-0.0674891769886016,-0.0674891769886016,0.1,0.1,0.5,3,0.5,1.02108719491422,1.046257433819571,0.9667937411273744,0,unchanged_correctness
yoDMh8FlHR8$_$0,2026,processed_po,1.0,2,1.6666666269302368,2,0.6092529296875,0.6092529296875,0.1,0.1,0.5,3,0.5,1.02108719491422,1.046257433819571,0.9667937411273744,2,unchanged_correctness
yzCHa2qchpg$_$1,2026,processed_po,1.0,0,-2.0,0,-0.8104590177536011,-0.8104590177536011,0.1,0.1,0.5,3,0.5,1.02108719491422,1.046257433819571,0.9667937411273744,0,unchanged_correctness
yzCHa2qchpg$_$2,2026,processed_po,1.0,2,1.3333333730697632,2,1.5728061199188232,1.5728061199188232,0.1,0.1,0.5,3,0.5,1.02108719491422,1.046257433819571,0.9667937411273744,2,unchanged_correctness
z441aDJvAcU$_$20,2026,processed_po,1.0,2,1.0,2,1.1182068586349487,1.1182068586349487,0.1,0.1,0.5,3,0.5,1.02108719491422,1.046257433819571,0.9667937411273744,2,unchanged_correctness
z441aDJvAcU$_$21,2026,processed_po,1.0,2,0.3333333432674408,2,1.1715312004089355,1.1715312004089355,0.1,0.1,0.5,3,0.5,1.02108719491422,1.046257433819571,0.9667937411273744,2,unchanged_correctness
z441aDJvAcU$_$22,2026,processed_po,1.0,1,0.0,0,-1e-06,0.1342318058013916,0.1,0.1,0.5,3,0.5,1.02108719491422,1.046257433819571,0.9667937411273744,0,unchanged_correctness
zfZUOvZZTuk$_$1,2026,processed_po,1.0,1,0.0,1,0.0,0.0624459944665432,0.1,0.1,0.5,3,0.5,1.02108719491422,1.046257433819571,0.9667937411273744,1,unchanged_correctness
zfZUOvZZTuk$_$8,2026,processed_po,1.0,1,0.0,2,0.8111584782600403,0.8111584782600403,0.1,0.1,0.5,3,0.5,1.02108719491422,1.046257433819571,0.9667937411273744,2,unchanged_correctness
zhNksSReaQk$_$27,2026,processed_po,1.0,1,0.0,2,0.6581497192382812,0.6581497192382812,0.1,0.1,0.5,3,0.5,1.02108719491422,1.046257433819571,0.9667937411273744,2,unchanged_correctness
zhNksSReaQk$_$44,2026,processed_po,1.0,0,-1.0,2,1.383847951889038,1.383847951889038,0.1,0.1,0.5,3,0.5,1.02108719491422,1.046257433819571,0.9667937411273744,2,unchanged_correctness
zhNksSReaQk$_$28,2026,processed_po,1.0,0,-1.0,0,-1e-06,0.0335958562791347,0.1,0.1,0.5,3,0.5,1.02108719491422,1.046257433819571,0.9667937411273744,0,unchanged_correctness
zhNksSReaQk$_$1,2026,processed_po,1.0,1,0.0,2,0.6288021802902222,0.6288021802902222,0.1,0.1,0.5,3,0.5,1.02108719491422,1.046257433819571,0.9667937411273744,2,unchanged_correctness
zhNksSReaQk$_$4,2026,processed_po,1.0,0,-0.3333333432674408,0,-2.0486316680908203,-2.0486316680908203,0.1,0.1,0.5,3,0.5,1.02108719491422,1.046257433819571,0.9667937411273744,0,unchanged_correctness
zhNksSReaQk$_$15,2026,processed_po,1.0,1,0.0,2,0.2485569715499878,0.2485569715499878,0.1,0.1,0.5,3,0.5,1.02108719491422,1.046257433819571,0.9667937411273744,2,unchanged_correctness
zhNksSReaQk$_$36,2026,processed_po,1.0,1,0.0,0,-1.3475048542022705,-1.3475048542022705,0.1,0.1,0.5,3,0.5,1.02108719491422,1.046257433819571,0.9667937411273744,0,unchanged_correctness
