id,seed,dataset,neutral_weight,true_class,true_intensity,class,intensity,raw_intensity,balance_beta,boundary_weight,boundary_margin,boundary_warmup_epochs,boundary_max_intensity,weight_negative,weight_neutral,weight_positive,baseline_class,change
-AUZQgSxyPQ$_$2,2026,processed_po,1.0,2,0.6666666865348816,2,1.448390007019043,1.448390007019043,0.25,0.1,0.5,3,0.5,1.0512919875261513,1.1172816640963994,0.9170665548964914,2,unchanged_correctness
-HeZS2-Prhc$_$2,2026,processed_po,1.0,2,0.6666666865348816,0,-1e-06,0.4059121906757355,0.25,0.1,0.5,3,0.5,1.0512919875261513,1.1172816640963994,0.9170665548964914,0,unchanged_correctness
-MeTTeMJBNc$_$0,2026,processed_po,1.0,2,0.3333333432674408,2,0.2064930200576782,0.2064930200576782,0.25,0.1,0.5,3,0.5,1.0512919875261513,1.1172816640963994,0.9170665548964914,2,unchanged_correctness
-RfYyzHpjk4$_$2,2026,processed_po,1.0,2,0.3333333432674408,2,0.0763209611177444,0.0763209611177444,0.25,0.1,0.5,3,0.5,1.0512919875261513,1.1172816640963994,0.9170665548964914,2,unchanged_correctness
-s9qJ7ATP7w$_$2,2026,processed_po,1.0,2,1.3333333730697632,2,1.435986876487732,1.435986876487732,0.25,0.1,0.5,3,0.5,1.0512919875261513,1.1172816640963994,0.9170665548964914,2,unchanged_correctness
-s9qJ7ATP7w$_$5,2026,processed_po,1.0,0,-2.0,0,-1.884443759918213,-1.884443759918213,0.25,0.1,0.5,3,0.5,1.0512919875261513,1.1172816640963994,0.9170665548964914,0,unchanged_correctness
-s9qJ7ATP7w$_$6,2026,processed_po,1.0,1,0.0,0,-1.3200613260269165,-1.3200613260269165,0.25,0.1,0.5,3,0.5,1.0512919875261513,1.1172816640963994,0.9170665548964914,0,unchanged_correctness
-yRb-Jum7EQ$_$1,2026,processed_po,1.0,1,0.0,0,-0.7919735312461853,-0.7919735312461853,0.25,0.1,0.5,3,0.5,1.0512919875261513,1.1172816640963994,0.9170665548964914,0,unchanged_correctness
0K7dCp80n9c$_$6,2026,processed_po,1.0,1,0.0,0,-0.5939747095108032,-0.5939747095108032,0.25,0.1,0.5,3,0.5,1.0512919875261513,1.1172816640963994,0.9170665548964914,0,unchanged_correctness
0YiAKqU36KE$_$1,2026,processed_po,1.0,2,1.3333333730697632,0,-1.6132707595825195,-1.6132707595825195,0.25,0.1,0.5,3,0.5,1.0512919875261513,1.1172816640963994,0.9170665548964914,0,unchanged_correctness
0YiAKqU36KE$_$0,2026,processed_po,1.0,0,-1.0,0,-1.7796510457992554,-1.7796510457992554,0.25,0.1,0.5,3,0.5,1.0512919875261513,1.1172816640963994,0.9170665548964914,0,unchanged_correctness
0bxhZ-LIfZY$_$4,2026,processed_po,1.0,0,-0.3333333432674408,0,-1.1482642889022827,-1.1482642889022827,0.25,0.1,0.5,3,0.5,1.0512919875261513,1.1172816640963994,0.9170665548964914,0,unchanged_correctness
100178$_$15,2026,processed_po,1.0,1,0.0,1,0.0,-0.5693488717079163,0.25,0.1,0.5,3,0.5,1.0512919875261513,1.1172816640963994,0.9170665548964914,1,unchanged_correctness
10219$_$10,2026,processed_po,1.0,2,2.0,2,1e-06,-0.3983384966850281,0.25,0.1,0.5,3,0.5,1.0512919875261513,1.1172816640963994,0.9170665548964914,2,unchanged_correctness
10219$_$1,2026,processed_po,1.0,1,0.0,1,0.0,0.1184566617012023,0.25,0.1,0.5,3,0.5,1.0512919875261513,1.1172816640963994,0.9170665548964914,1,unchanged_correctness
10219$_$5,2026,processed_po,1.0,2,1.6666666269302368,2,1.6231720447540283,1.6231720447540283,0.25,0.1,0.5,3,0.5,1.0512919875261513,1.1172816640963994,0.9170665548964914,2,unchanged_correctness
102213$_$2,2026,processed_po,1.0,2,1.3333333730697632,2,1.586641788482666,1.586641788482666,0.25,0.1,0.5,3,0.5,1.0512919875261513,1.1172816640963994,0.9170665548964914,2,unchanged_correctness
102213$_$5,2026,processed_po,1.0,0,-1.0,0,-2.0348947048187256,-2.0348947048187256,0.25,0.1,0.5,3,0.5,1.0512919875261513,1.1172816640963994,0.9170665548964914,0,unchanged_correctness
102213$_$7,2026,processed_po,1.0,0,-1.0,0,-0.367373526096344,-0.367373526096344,0.25,0.1,0.5,3,0.5,1.0512919875261513,1.1172816640963994,0.9170665548964914,0,unchanged_correctness
102389$_$5,2026,processed_po,1.0,0,-1.6666666269302368,0,-0.8742440342903137,-0.8742440342903137,0.25,0.1,0.5,3,0.5,1.0512919875261513,1.1172816640963994,0.9170665548964914,0,unchanged_correctness
104741$_$0,2026,processed_po,1.0,1,0.0,1,0.0,0.0851359665393829,0.25,0.1,0.5,3,0.5,1.0512919875261513,1.1172816640963994,0.9170665548964914,1,unchanged_correctness
104741$_$5,2026,processed_po,1.0,1,0.0,0,-1e-06,0.2346369922161102,0.25,0.1,0.5,3,0.5,1.0512919875261513,1.1172816640963994,0.9170665548964914,0,unchanged_correctness
107585$_$12,2026,processed_po,1.0,0,-2.0,0,-2.5390288829803467,-2.5390288829803467,0.25,0.1,0.5,3,0.5,1.0512919875261513,1.1172816640963994,0.9170665548964914,0,unchanged_correctness
107585$_$18,2026,processed_po,1.0,0,-2.0,0,-2.365563154220581,-2.365563154220581,0.25,0.1,0.5,3,0.5,1.0512919875261513,1.1172816640963994,0.9170665548964914,0,unchanged_correctness
107585$_$1,2026,processed_po,1.0,0,-0.6666666865348816,2,1.283545732498169,1.283545732498169,0.25,0.1,0.5,3,0.5,1.0512919875261513,1.1172816640963994,0.9170665548964914,2,unchanged_correctness
108146$_$3,2026,processed_po,1.0,0,-1.6666666269302368,0,-2.080462455749512,-2.080462455749512,0.25,0.1,0.5,3,0.5,1.0512919875261513,1.1172816640963994,0.9170665548964914,0,unchanged_correctness
110565$_$1,2026,processed_po,1.0,0,-1.0,2,1.8398841619491575,1.8398841619491575,0.25,0.1,0.5,3,0.5,1.0512919875261513,1.1172816640963994,0.9170665548964914,2,unchanged_correctness
110565$_$5,2026,processed_po,1.0,2,1.0,2,1.7980903387069702,1.7980903387069702,0.25,0.1,0.5,3,0.5,1.0512919875261513,1.1172816640963994,0.9170665548964914,2,unchanged_correctness
111881$_$11,2026,processed_po,1.0,0,-1.0,0,-0.8640945553779602,-0.8640945553779602,0.25,0.1,0.5,3,0.5,1.0512919875261513,1.1172816640963994,0.9170665548964914,0,unchanged_correctness
111881$_$10,2026,processed_po,1.0,0,-2.0,2,1.0052366256713867,1.0052366256713867,0.25,0.1,0.5,3,0.5,1.0512919875261513,1.1172816640963994,0.9170665548964914,2,unchanged_correctness
111881$_$15,2026,processed_po,1.0,0,-2.0,0,-0.1435977518558502,-0.1435977518558502,0.25,0.1,0.5,3,0.5,1.0512919875261513,1.1172816640963994,0.9170665548964914,0,unchanged_correctness
111881$_$4,2026,processed_po,1.0,0,-1.3333333730697632,0,-0.8143010139465332,-0.8143010139465332,0.25,0.1,0.5,3,0.5,1.0512919875261513,1.1172816640963994,0.9170665548964914,0,unchanged_correctness
111881$_$7,2026,processed_po,1.0,0,-2.0,0,-0.9583690166473388,-0.9583690166473388,0.25,0.1,0.5,3,0.5,1.0512919875261513,1.1172816640963994,0.9170665548964914,0,unchanged_correctness
111881$_$6,2026,processed_po,1.0,2,0.3333333432674408,2,0.8556113243103027,0.8556113243103027,0.25,0.1,0.5,3,0.5,1.0512919875261513,1.1172816640963994,0.9170665548964914,2,unchanged_correctness
112425$_$10,2026,processed_po,1.0,2,2.3333332538604736,2,0.872037410736084,0.872037410736084,0.25,0.1,0.5,3,0.5,1.0512919875261513,1.1172816640963994,0.9170665548964914,2,unchanged_correctness
112425$_$1,2026,processed_po,1.0,2,0.6666666865348816,1,0.0,0.1661456972360611,0.25,0.1,0.5,3,0.5,1.0512919875261513,1.1172816640963994,0.9170665548964914,1,unchanged_correctness
112425$_$7,2026,processed_po,1.0,2,1.3333333730697632,2,1.9609440565109253,1.9609440565109253,0.25,0.1,0.5,3,0.5,1.0512919875261513,1.1172816640963994,0.9170665548964914,2,unchanged_correctness
112509$_$4,2026,processed_po,1.0,0,-2.0,0,-2.0637199878692627,-2.0637199878692627,0.25,0.1,0.5,3,0.5,1.0512919875261513,1.1172816640963994,0.9170665548964914,0,unchanged_correctness
116213$_$3,2026,processed_po,1.0,0,-0.6666666865348816,0,-0.1641123741865158,-0.1641123741865158,0.25,0.1,0.5,3,0.5,1.0512919875261513,1.1172816640963994,0.9170665548964914,0,unchanged_correctness
121400$_$0,2026,processed_po,1.0,1,0.0,1,0.0,0.3186001181602478,0.25,0.1,0.5,3,0.5,1.0512919875261513,1.1172816640963994,0.9170665548964914,2,fixed
126872$_$11,2026,processed_po,1.0,0,-2.0,0,-1.464706301689148,-1.464706301689148,0.25,0.1,0.5,3,0.5,1.0512919875261513,1.1172816640963994,0.9170665548964914,0,unchanged_correctness
130366$_$11,2026,processed_po,1.0,0,-1.3333333730697632,0,-1.806022882461548,-1.806022882461548,0.25,0.1,0.5,3,0.5,1.0512919875261513,1.1172816640963994,0.9170665548964914,0,unchanged_correctness
130366$_$2,2026,processed_po,1.0,2,0.3333333432674408,0,-0.5000494718551636,-0.5000494718551636,0.25,0.1,0.5,3,0.5,1.0512919875261513,1.1172816640963994,0.9170665548964914,0,unchanged_correctness
130366$_$4,2026,processed_po,1.0,0,-0.3333333432674408,0,-0.8419011831283569,-0.8419011831283569,0.25,0.1,0.5,3,0.5,1.0512919875261513,1.1172816640963994,0.9170665548964914,0,unchanged_correctness
132028$_$7,2026,processed_po,1.0,2,0.3333333432674408,2,1.4097349643707275,1.4097349643707275,0.25,0.1,0.5,3,0.5,1.0512919875261513,1.1172816640963994,0.9170665548964914,2,unchanged_correctness
135623$_$5,2026,processed_po,1.0,0,-2.3333332538604736,0,-1.9990262985229488,-1.9990262985229488,0.25,0.1,0.5,3,0.5,1.0512919875261513,1.1172816640963994,0.9170665548964914,0,unchanged_correctness
135623$_$8,2026,processed_po,1.0,0,-1.3333333730697632,2,1.2976346015930176,1.2976346015930176,0.25,0.1,0.5,3,0.5,1.0512919875261513,1.1172816640963994,0.9170665548964914,2,unchanged_correctness
136196$_$0,2026,processed_po,1.0,2,0.3333333432674408,1,0.0,-0.0083260582759976,0.25,0.1,0.5,3,0.5,1.0512919875261513,1.1172816640963994,0.9170665548964914,1,unchanged_correctness
136196$_$9,2026,processed_po,1.0,0,-2.0,0,-2.173036813735962,-2.173036813735962,0.25,0.1,0.5,3,0.5,1.0512919875261513,1.1172816640963994,0.9170665548964914,0,unchanged_correctness
136196$_$8,2026,processed_po,1.0,0,-1.6666666269302368,0,-2.2810397148132324,-2.2810397148132324,0.25,0.1,0.5,3,0.5,1.0512919875261513,1.1172816640963994,0.9170665548964914,0,unchanged_correctness
167521$_$17,2026,processed_po,1.0,2,1.3333333730697632,2,0.2527055144309997,0.2527055144309997,0.25,0.1,0.5,3,0.5,1.0512919875261513,1.1172816640963994,0.9170665548964914,2,unchanged_correctness
167521$_$16,2026,processed_po,1.0,2,2.0,2,1.832763910293579,1.832763910293579,0.25,0.1,0.5,3,0.5,1.0512919875261513,1.1172816640963994,0.9170665548964914,2,unchanged_correctness
167521$_$5,2026,processed_po,1.0,2,0.3333333432674408,0,-1.8301788568496704,-1.8301788568496704,0.25,0.1,0.5,3,0.5,1.0512919875261513,1.1172816640963994,0.9170665548964914,0,unchanged_correctness
190743$_$13,2026,processed_po,1.0,0,-2.0,0,-0.9902304410934448,-0.9902304410934448,0.25,0.1,0.5,3,0.5,1.0512919875261513,1.1172816640963994,0.9170665548964914,0,unchanged_correctness
190743$_$17,2026,processed_po,1.0,0,-2.0,0,-1.6570504903793335,-1.6570504903793335,0.25,0.1,0.5,3,0.5,1.0512919875261513,1.1172816640963994,0.9170665548964914,0,unchanged_correctness
190743$_$5,2026,processed_po,1.0,0,-2.0,0,-2.2907843589782715,-2.2907843589782715,0.25,0.1,0.5,3,0.5,1.0512919875261513,1.1172816640963994,0.9170665548964914,0,unchanged_correctness
194299$_$14,2026,processed_po,1.0,1,0.0,2,0.7190332412719727,0.7190332412719727,0.25,0.1,0.5,3,0.5,1.0512919875261513,1.1172816640963994,0.9170665548964914,2,unchanged_correctness
194299$_$4,2026,processed_po,1.0,0,-1.0,0,-2.1139779090881348,-2.1139779090881348,0.25,0.1,0.5,3,0.5,1.0512919875261513,1.1172816640963994,0.9170665548964914,0,unchanged_correctness
194299$_$9,2026,processed_po,1.0,1,0.0,1,0.0,0.134300097823143,0.25,0.1,0.5,3,0.5,1.0512919875261513,1.1172816640963994,0.9170665548964914,1,unchanged_correctness
198112$_$12,2026,processed_po,1.0,2,2.0,2,1.9635783433914185,1.9635783433914185,0.25,0.1,0.5,3,0.5,1.0512919875261513,1.1172816640963994,0.9170665548964914,2,unchanged_correctness
198112$_$0,2026,processed_po,1.0,2,0.3333333432674408,2,0.1778436154127121,0.1778436154127121,0.25,0.1,0.5,3,0.5,1.0512919875261513,1.1172816640963994,0.9170665548964914,2,unchanged_correctness
198112$_$5,2026,processed_po,1.0,2,1.0,2,1.8569966554641724,1.8569966554641724,0.25,0.1,0.5,3,0.5,1.0512919875261513,1.1172816640963994,0.9170665548964914,2,unchanged_correctness
198112$_$9,2026,processed_po,1.0,2,2.3333332538604736,0,-0.9958218336105348,-0.9958218336105348,0.25,0.1,0.5,3,0.5,1.0512919875261513,1.1172816640963994,0.9170665548964914,0,unchanged_correctness
198112$_$8,2026,processed_po,1.0,2,2.0,0,-0.3076887726783752,-0.3076887726783752,0.25,0.1,0.5,3,0.5,1.0512919875261513,1.1172816640963994,0.9170665548964914,0,unchanged_correctness
1HS2HcN2LDo$_$1,2026,processed_po,1.0,2,0.3333333432674408,2,0.7272604703903198,0.7272604703903198,0.25,0.1,0.5,3,0.5,1.0512919875261513,1.1172816640963994,0.9170665548964914,2,unchanged_correctness
1HS2HcN2LDo$_$9,2026,processed_po,1.0,2,1.3333333730697632,2,0.7335669994354248,0.7335669994354248,0.25,0.1,0.5,3,0.5,1.0512919875261513,1.1172816640963994,0.9170665548964914,2,unchanged_correctness
1S6ji_d4OLI$_$9,2026,processed_po,1.0,2,0.6666666865348816,2,0.6875146627426147,0.6875146627426147,0.25,0.1,0.5,3,0.5,1.0512919875261513,1.1172816640963994,0.9170665548964914,2,unchanged_correctness
1jogeKX0wGw$_$4,2026,processed_po,1.0,2,1.0,2,1.036008358001709,1.036008358001709,0.25,0.1,0.5,3,0.5,1.0512919875261513,1.1172816640963994,0.9170665548964914,2,unchanged_correctness
1pl2FVdQWj0$_$2,2026,processed_po,1.0,2,0.6666666865348816,2,1.0391643047332764,1.0391643047332764,0.25,0.1,0.5,3,0.5,1.0512919875261513,1.1172816640963994,0.9170665548964914,2,unchanged_correctness
200941$_$10,2026,processed_po,1.0,0,-1.0,0,-2.3506460189819336,-2.3506460189819336,0.25,0.1,0.5,3,0.5,1.0512919875261513,1.1172816640963994,0.9170665548964914,0,unchanged_correctness
202826$_$10,2026,processed_po,1.0,0,-1.6666666269302368,0,-0.5737393498420715,-0.5737393498420715,0.25,0.1,0.5,3,0.5,1.0512919875261513,1.1172816640963994,0.9170665548964914,0,unchanged_correctness
202826$_$7,2026,processed_po,1.0,2,1.0,2,1.1736547946929932,1.1736547946929932,0.25,0.1,0.5,3,0.5,1.0512919875261513,1.1172816640963994,0.9170665548964914,2,unchanged_correctness
206585$_$3,2026,processed_po,1.0,1,0.0,2,0.3955607414245605,0.3955607414245605,0.25,0.1,0.5,3,0.5,1.0512919875261513,1.1172816640963994,0.9170665548964914,2,unchanged_correctness
208322$_$12,2026,processed_po,1.0,0,-2.3333332538604736,2,0.9852161407470704,0.9852161407470704,0.25,0.1,0.5,3,0.5,1.0512919875261513,1.1172816640963994,0.9170665548964914,2,unchanged_correctness
208592$_$2,2026,processed_po,1.0,1,0.0,1,0.0,0.0236388705670833,0.25,0.1,0.5,3,0.5,1.0512919875261513,1.1172816640963994,0.9170665548964914,1,unchanged_correctness
208592$_$9,2026,processed_po,1.0,0,-2.6666667461395264,0,-1.5640857219696045,-1.5640857219696045,0.25,0.1,0.5,3,0.5,1.0512919875261513,1.1172816640963994,0.9170665548964914,0,unchanged_correctness
209758$_$15,2026,processed_po,1.0,2,1.3333333730697632,2,1e-06,-0.2762709856033325,0.25,0.1,0.5,3,0.5,1.0512919875261513,1.1172816640963994,0.9170665548964914,2,unchanged_correctness
209758$_$3,2026,processed_po,1.0,1,0.0,2,0.2608875334262848,0.2608875334262848,0.25,0.1,0.5,3,0.5,1.0512919875261513,1.1172816640963994,0.9170665548964914,2,unchanged_correctness
209758$_$5,2026,processed_po,1.0,1,0.0,1,0.0,0.1819993555545807,0.25,0.1,0.5,3,0.5,1.0512919875261513,1.1172816640963994,0.9170665548964914,1,unchanged_correctness
20LfN8ENbhM$_$1,2026,processed_po,1.0,2,2.0,2,1.7650129795074463,1.7650129795074463,0.25,0.1,0.5,3,0.5,1.0512919875261513,1.1172816640963994,0.9170665548964914,2,unchanged_correctness
210259$_$11,2026,processed_po,1.0,0,-3.0,0,-2.384029626846313,-2.384029626846313,0.25,0.1,0.5,3,0.5,1.0512919875261513,1.1172816640963994,0.9170665548964914,0,unchanged_correctness
210259$_$16,2026,processed_po,1.0,0,-2.3333332538604736,0,-2.285449981689453,-2.285449981689453,0.25,0.1,0.5,3,0.5,1.0512919875261513,1.1172816640963994,0.9170665548964914,0,unchanged_correctness
210259$_$0,2026,processed_po,1.0,1,0.0,1,0.0,0.3558130264282226,0.25,0.1,0.5,3,0.5,1.0512919875261513,1.1172816640963994,0.9170665548964914,1,unchanged_correctness
210259$_$8,2026,processed_po,1.0,0,-2.3333332538604736,0,-2.324918746948242,-2.324918746948242,0.25,0.1,0.5,3,0.5,1.0512919875261513,1.1172816640963994,0.9170665548964914,0,unchanged_correctness
210433$_$0,2026,processed_po,1.0,1,0.0,1,0.0,0.2272645533084869,0.25,0.1,0.5,3,0.5,1.0512919875261513,1.1172816640963994,0.9170665548964914,1,unchanged_correctness
210433$_$7,2026,processed_po,1.0,0,-2.0,0,-2.4519145488739014,-2.4519145488739014,0.25,0.1,0.5,3,0.5,1.0512919875261513,1.1172816640963994,0.9170665548964914,0,unchanged_correctness
211875$_$4,2026,processed_po,1.0,0,-1.6666666269302368,2,1.7759456634521484,1.7759456634521484,0.25,0.1,0.5,3,0.5,1.0512919875261513,1.1172816640963994,0.9170665548964914,2,unchanged_correctness
211875$_$8,2026,processed_po,1.0,0,-1.3333333730697632,0,-1.3222931623458862,-1.3222931623458862,0.25,0.1,0.5,3,0.5,1.0512919875261513,1.1172816640963994,0.9170665548964914,0,unchanged_correctness
213327$_$6,2026,processed_po,1.0,0,-2.3333332538604736,0,-1.2963628768920898,-1.2963628768920898,0.25,0.1,0.5,3,0.5,1.0512919875261513,1.1172816640963994,0.9170665548964914,0,unchanged_correctness
213327$_$8,2026,processed_po,1.0,0,-2.0,0,-1.2552602291107178,-1.2552602291107178,0.25,0.1,0.5,3,0.5,1.0512919875261513,1.1172816640963994,0.9170665548964914,0,unchanged_correctness
215318$_$12,2026,processed_po,1.0,1,0.0,0,-0.5185221433639526,-0.5185221433639526,0.25,0.1,0.5,3,0.5,1.0512919875261513,1.1172816640963994,0.9170665548964914,0,unchanged_correctness
221137$_$2,2026,processed_po,1.0,1,0.0,0,-1e-06,0.2345046699047088,0.25,0.1,0.5,3,0.5,1.0512919875261513,1.1172816640963994,0.9170665548964914,0,unchanged_correctness
221137$_$5,2026,processed_po,1.0,0,-2.0,0,-1.9492381811141968,-1.9492381811141968,0.25,0.1,0.5,3,0.5,1.0512919875261513,1.1172816640963994,0.9170665548964914,0,unchanged_correctness
221153$_$14,2026,processed_po,1.0,0,-1.6666666269302368,0,-1.7737133502960205,-1.7737133502960205,0.25,0.1,0.5,3,0.5,1.0512919875261513,1.1172816640963994,0.9170665548964914,0,unchanged_correctness
221153$_$16,2026,processed_po,1.0,0,-0.6666666865348816,0,-1.4585928916931152,-1.4585928916931152,0.25,0.1,0.5,3,0.5,1.0512919875261513,1.1172816640963994,0.9170665548964914,0,unchanged_correctness
221153$_$6,2026,processed_po,1.0,1,0.0,1,0.0,-0.6028006076812744,0.25,0.1,0.5,3,0.5,1.0512919875261513,1.1172816640963994,0.9170665548964914,1,unchanged_correctness
221153$_$20,2026,processed_po,1.0,2,0.3333333432674408,1,0.0,-0.1135453954339027,0.25,0.1,0.5,3,0.5,1.0512919875261513,1.1172816640963994,0.9170665548964914,1,unchanged_correctness
22373$_$10,2026,processed_po,1.0,0,-2.6666667461395264,0,-2.0081124305725098,-2.0081124305725098,0.25,0.1,0.5,3,0.5,1.0512919875261513,1.1172816640963994,0.9170665548964914,0,unchanged_correctness
22373$_$1,2026,processed_po,1.0,1,0.0,1,0.0,-0.2663448452949524,0.25,0.1,0.5,3,0.5,1.0512919875261513,1.1172816640963994,0.9170665548964914,1,unchanged_correctness
22373$_$2,2026,processed_po,1.0,0,-2.3333332538604736,0,-0.700100302696228,-0.700100302696228,0.25,0.1,0.5,3,0.5,1.0512919875261513,1.1172816640963994,0.9170665548964914,0,unchanged_correctness
22373$_$7,2026,processed_po,1.0,1,0.0,0,-0.6693276166915894,-0.6693276166915894,0.25,0.1,0.5,3,0.5,1.0512919875261513,1.1172816640963994,0.9170665548964914,0,unchanged_correctness
224263$_$13,2026,processed_po,1.0,2,0.6666666865348816,2,2.014684200286865,2.014684200286865,0.25,0.1,0.5,3,0.5,1.0512919875261513,1.1172816640963994,0.9170665548964914,2,unchanged_correctness
224263$_$14,2026,processed_po,1.0,0,-2.3333332538604736,0,-1.4447784423828125,-1.4447784423828125,0.25,0.1,0.5,3,0.5,1.0512919875261513,1.1172816640963994,0.9170665548964914,0,unchanged_correctness
224263$_$3,2026,processed_po,1.0,0,-2.3333332538604736,0,-2.289406538009644,-2.289406538009644,0.25,0.1,0.5,3,0.5,1.0512919875261513,1.1172816640963994,0.9170665548964914,0,unchanged_correctness
224370$_$3,2026,processed_po,1.0,0,-2.0,0,-1.0860941410064695,-1.0860941410064695,0.25,0.1,0.5,3,0.5,1.0512919875261513,1.1172816640963994,0.9170665548964914,0,unchanged_correctness
224370$_$5,2026,processed_po,1.0,0,-2.6666667461395264,2,0.7550341486930847,0.7550341486930847,0.25,0.1,0.5,3,0.5,1.0512919875261513,1.1172816640963994,0.9170665548964914,2,unchanged_correctness
224370$_$11,2026,processed_po,1.0,2,0.3333333432674408,0,-0.3819795846939087,-0.3819795846939087,0.25,0.1,0.5,3,0.5,1.0512919875261513,1.1172816640963994,0.9170665548964914,0,unchanged_correctness
224370$_$15,2026,processed_po,1.0,0,-1.6666666269302368,0,-1.6654340028762815,-1.6654340028762815,0.25,0.1,0.5,3,0.5,1.0512919875261513,1.1172816640963994,0.9170665548964914,0,unchanged_correctness
224631$_$5,2026,processed_po,1.0,2,0.3333333432674408,2,0.3833357691764831,0.3833357691764831,0.25,0.1,0.5,3,0.5,1.0512919875261513,1.1172816640963994,0.9170665548964914,2,unchanged_correctness
226601$_$11,2026,processed_po,1.0,0,-1.3333333730697632,0,-2.0002756118774414,-2.0002756118774414,0.25,0.1,0.5,3,0.5,1.0512919875261513,1.1172816640963994,0.9170665548964914,0,unchanged_correctness
226601$_$18,2026,processed_po,1.0,0,-2.0,0,-1.8006067276000977,-1.8006067276000977,0.25,0.1,0.5,3,0.5,1.0512919875261513,1.1172816640963994,0.9170665548964914,0,unchanged_correctness
226601$_$0,2026,processed_po,1.0,2,0.3333333432674408,1,0.0,0.1958580017089843,0.25,0.1,0.5,3,0.5,1.0512919875261513,1.1172816640963994,0.9170665548964914,1,unchanged_correctness
226640$_$9,2026,processed_po,1.0,1,0.0,2,0.6729773283004761,0.6729773283004761,0.25,0.1,0.5,3,0.5,1.0512919875261513,1.1172816640963994,0.9170665548964914,2,unchanged_correctness
22689$_$1,2026,processed_po,1.0,0,-2.0,0,-1.7121906280517578,-1.7121906280517578,0.25,0.1,0.5,3,0.5,1.0512919875261513,1.1172816640963994,0.9170665548964914,0,unchanged_correctness
22689$_$0,2026,processed_po,1.0,1,0.0,1,0.0,-0.3504460155963897,0.25,0.1,0.5,3,0.5,1.0512919875261513,1.1172816640963994,0.9170665548964914,1,unchanged_correctness
234046$_$1,2026,processed_po,1.0,1,0.0,1,0.0,0.1143256276845932,0.25,0.1,0.5,3,0.5,1.0512919875261513,1.1172816640963994,0.9170665548964914,1,unchanged_correctness
236442$_$3,2026,processed_po,1.0,0,-1.3333333730697632,0,-0.8674157857894897,-0.8674157857894897,0.25,0.1,0.5,3,0.5,1.0512919875261513,1.1172816640963994,0.9170665548964914,0,unchanged_correctness
23656$_$1,2026,processed_po,1.0,1,0.0,2,0.3045842051506042,0.3045842051506042,0.25,0.1,0.5,3,0.5,1.0512919875261513,1.1172816640963994,0.9170665548964914,2,unchanged_correctness
23656$_$0,2026,processed_po,1.0,2,0.3333333432674408,1,0.0,0.4499313235282898,0.25,0.1,0.5,3,0.5,1.0512919875261513,1.1172816640963994,0.9170665548964914,1,unchanged_correctness
23656$_$2,2026,processed_po,1.0,2,1.0,2,1.2574541568756104,1.2574541568756104,0.25,0.1,0.5,3,0.5,1.0512919875261513,1.1172816640963994,0.9170665548964914,2,unchanged_correctness
23656$_$7,2026,processed_po,1.0,0,-2.0,0,-0.4820930063724518,-0.4820930063724518,0.25,0.1,0.5,3,0.5,1.0512919875261513,1.1172816640963994,0.9170665548964914,0,unchanged_correctness
23656$_$9,2026,processed_po,1.0,0,-1.3333333730697632,0,-1.5413358211517334,-1.5413358211517334,0.25,0.1,0.5,3,0.5,1.0512919875261513,1.1172816640963994,0.9170665548964914,0,unchanged_correctness
23656$_$15,2026,processed_po,1.0,2,0.3333333432674408,2,1.3276087045669556,1.3276087045669556,0.25,0.1,0.5,3,0.5,1.0512919875261513,1.1172816640963994,0.9170665548964914,2,unchanged_correctness
237363$_$10,2026,processed_po,1.0,1,0.0,0,-0.7345504760742188,-0.7345504760742188,0.25,0.1,0.5,3,0.5,1.0512919875261513,1.1172816640963994,0.9170665548964914,0,unchanged_correctness
237363$_$4,2026,processed_po,1.0,1,0.0,1,0.0,-0.0898753032088279,0.25,0.1,0.5,3,0.5,1.0512919875261513,1.1172816640963994,0.9170665548964914,1,unchanged_correctness
238063$_$15,2026,processed_po,1.0,0,-1.3333333730697632,0,-2.1608095169067383,-2.1608095169067383,0.25,0.1,0.5,3,0.5,1.0512919875261513,1.1172816640963994,0.9170665548964914,0,unchanged_correctness
238063$_$17,2026,processed_po,1.0,2,1.0,0,-0.414595365524292,-0.414595365524292,0.25,0.1,0.5,3,0.5,1.0512919875261513,1.1172816640963994,0.9170665548964914,0,unchanged_correctness
238063$_$16,2026,processed_po,1.0,0,-1.0,2,1.5061299800872805,1.5061299800872805,0.25,0.1,0.5,3,0.5,1.0512919875261513,1.1172816640963994,0.9170665548964914,2,unchanged_correctness
238063$_$7,2026,processed_po,1.0,0,-0.3333333432674408,0,-0.9623875617980956,-0.9623875617980956,0.25,0.1,0.5,3,0.5,1.0512919875261513,1.1172816640963994,0.9170665548964914,0,unchanged_correctness
24196$_$0,2026,processed_po,1.0,2,0.3333333432674408,1,0.0,0.2221486866474151,0.25,0.1,0.5,3,0.5,1.0512919875261513,1.1172816640963994,0.9170665548964914,1,unchanged_correctness
24196$_$3,2026,processed_po,1.0,0,-0.3333333432674408,0,-2.332542896270752,-2.332542896270752,0.25,0.1,0.5,3,0.5,1.0512919875261513,1.1172816640963994,0.9170665548964914,0,unchanged_correctness
243981$_$10,2026,processed_po,1.0,0,-2.3333332538604736,0,-2.2830581665039062,-2.2830581665039062,0.25,0.1,0.5,3,0.5,1.0512919875261513,1.1172816640963994,0.9170665548964914,0,unchanged_correctness
243981$_$1,2026,processed_po,1.0,1,0.0,2,0.0487636178731918,0.0487636178731918,0.25,0.1,0.5,3,0.5,1.0512919875261513,1.1172816640963994,0.9170665548964914,2,unchanged_correctness
243981$_$4,2026,processed_po,1.0,0,-2.3333332538604736,0,-2.004481792449951,-2.004481792449951,0.25,0.1,0.5,3,0.5,1.0512919875261513,1.1172816640963994,0.9170665548964914,0,unchanged_correctness
243981$_$6,2026,processed_po,1.0,0,-2.0,0,-1.6143393516540527,-1.6143393516540527,0.25,0.1,0.5,3,0.5,1.0512919875261513,1.1172816640963994,0.9170665548964914,0,unchanged_correctness
24504$_$10,2026,processed_po,1.0,2,0.6666666865348816,2,0.7178664207458496,0.7178664207458496,0.25,0.1,0.5,3,0.5,1.0512919875261513,1.1172816640963994,0.9170665548964914,2,unchanged_correctness
245582$_$11,2026,processed_po,1.0,0,-1.6666666269302368,0,-2.3526687622070312,-2.3526687622070312,0.25,0.1,0.5,3,0.5,1.0512919875261513,1.1172816640963994,0.9170665548964914,0,unchanged_correctness
245582$_$13,2026,processed_po,1.0,2,0.3333333432674408,0,-1.2585008144378662,-1.2585008144378662,0.25,0.1,0.5,3,0.5,1.0512919875261513,1.1172816640963994,0.9170665548964914,0,unchanged_correctness
245582$_$16,2026,processed_po,1.0,2,1.0,0,-2.235488176345825,-2.235488176345825,0.25,0.1,0.5,3,0.5,1.0512919875261513,1.1172816640963994,0.9170665548964914,0,unchanged_correctness
245582$_$4,2026,processed_po,1.0,0,-1.3333333730697632,0,-2.2258267402648926,-2.2258267402648926,0.25,0.1,0.5,3,0.5,1.0512919875261513,1.1172816640963994,0.9170665548964914,0,unchanged_correctness
252097$_$12,2026,processed_po,1.0,0,-2.3333332538604736,0,-2.302379846572876,-2.302379846572876,0.25,0.1,0.5,3,0.5,1.0512919875261513,1.1172816640963994,0.9170665548964914,0,unchanged_correctness
252097$_$4,2026,processed_po,1.0,0,-1.3333333730697632,0,-2.296255588531494,-2.296255588531494,0.25,0.1,0.5,3,0.5,1.0512919875261513,1.1172816640963994,0.9170665548964914,0,unchanged_correctness
252912$_$13,2026,processed_po,1.0,0,-1.6666666269302368,0,-2.078782796859741,-2.078782796859741,0.25,0.1,0.5,3,0.5,1.0512919875261513,1.1172816640963994,0.9170665548964914,0,unchanged_correctness
257277$_$1,2026,processed_po,1.0,2,0.3333333432674408,2,0.6647260785102844,0.6647260785102844,0.25,0.1,0.5,3,0.5,1.0512919875261513,1.1172816640963994,0.9170665548964914,2,unchanged_correctness
257277$_$3,2026,processed_po,1.0,2,1.0,1,0.0,-0.1422278881072998,0.25,0.1,0.5,3,0.5,1.0512919875261513,1.1172816640963994,0.9170665548964914,1,unchanged_correctness
257277$_$5,2026,processed_po,1.0,0,-2.0,0,-0.7258719205856323,-0.7258719205856323,0.25,0.1,0.5,3,0.5,1.0512919875261513,1.1172816640963994,0.9170665548964914,0,unchanged_correctness
257534$_$4,2026,processed_po,1.0,1,0.0,1,0.0,-0.1054436117410659,0.25,0.1,0.5,3,0.5,1.0512919875261513,1.1172816640963994,0.9170665548964914,1,unchanged_correctness
267466$_$24,2026,processed_po,1.0,2,0.6666666865348816,2,0.2085483968257904,0.2085483968257904,0.25,0.1,0.5,3,0.5,1.0512919875261513,1.1172816640963994,0.9170665548964914,2,unchanged_correctness
267466$_$44,2026,processed_po,1.0,0,-2.6666667461395264,0,-1.9583916664123533,-1.9583916664123533,0.25,0.1,0.5,3,0.5,1.0512919875261513,1.1172816640963994,0.9170665548964914,0,unchanged_correctness
267466$_$42,2026,processed_po,1.0,0,-2.3333332538604736,0,-2.06046199798584,-2.06046199798584,0.25,0.1,0.5,3,0.5,1.0512919875261513,1.1172816640963994,0.9170665548964914,0,unchanged_correctness
267466$_$9,2026,processed_po,1.0,0,-1.0,0,-0.6847389936447144,-0.6847389936447144,0.25,0.1,0.5,3,0.5,1.0512919875261513,1.1172816640963994,0.9170665548964914,0,unchanged_correctness
267466$_$13,2026,processed_po,1.0,1,0.0,1,0.0,-0.1009849682450294,0.25,0.1,0.5,3,0.5,1.0512919875261513,1.1172816640963994,0.9170665548964914,1,unchanged_correctness
267466$_$38,2026,processed_po,1.0,1,0.0,0,-1.6069546937942505,-1.6069546937942505,0.25,0.1,0.5,3,0.5,1.0512919875261513,1.1172816640963994,0.9170665548964914,0,unchanged_correctness
267466$_$35,2026,processed_po,1.0,0,-1.0,0,-1.9874550104141235,-1.9874550104141235,0.25,0.1,0.5,3,0.5,1.0512919875261513,1.1172816640963994,0.9170665548964914,0,unchanged_correctness
267466$_$34,2026,processed_po,1.0,0,-2.3333332538604736,0,-2.2043166160583496,-2.2043166160583496,0.25,0.1,0.5,3,0.5,1.0512919875261513,1.1172816640963994,0.9170665548964914,0,unchanged_correctness
267694$_$14,2026,processed_po,1.0,0,-2.3333332538604736,0,-2.287015914916992,-2.287015914916992,0.25,0.1,0.5,3,0.5,1.0512919875261513,1.1172816640963994,0.9170665548964914,0,unchanged_correctness
267694$_$16,2026,processed_po,1.0,0,-1.0,0,-1.0424469709396362,-1.0424469709396362,0.25,0.1,0.5,3,0.5,1.0512919875261513,1.1172816640963994,0.9170665548964914,0,unchanged_correctness
267694$_$3,2026,processed_po,1.0,0,-0.3333333432674408,0,-1.5702509880065918,-1.5702509880065918,0.25,0.1,0.5,3,0.5,1.0512919875261513,1.1172816640963994,0.9170665548964914,0,unchanged_correctness
267694$_$5,2026,processed_po,1.0,1,0.0,1,0.0,-0.2248749285936355,0.25,0.1,0.5,3,0.5,1.0512919875261513,1.1172816640963994,0.9170665548964914,1,unchanged_correctness
267694$_$4,2026,processed_po,1.0,1,0.0,0,-0.3520939946174621,-0.3520939946174621,0.25,0.1,0.5,3,0.5,1.0512919875261513,1.1172816640963994,0.9170665548964914,0,unchanged_correctness
267694$_$7,2026,processed_po,1.0,0,-2.0,0,-2.260339498519897,-2.260339498519897,0.25,0.1,0.5,3,0.5,1.0512919875261513,1.1172816640963994,0.9170665548964914,0,unchanged_correctness
267694$_$6,2026,processed_po,1.0,0,-1.6666666269302368,0,-2.333459854125977,-2.333459854125977,0.25,0.1,0.5,3,0.5,1.0512919875261513,1.1172816640963994,0.9170665548964914,0,unchanged_correctness
273207$_$0,2026,processed_po,1.0,1,0.0,1,0.0,-0.0066399201750755,0.25,0.1,0.5,3,0.5,1.0512919875261513,1.1172816640963994,0.9170665548964914,1,unchanged_correctness
273207$_$5,2026,processed_po,1.0,2,0.3333333432674408,0,-0.9265395402908324,-0.9265395402908324,0.25,0.1,0.5,3,0.5,1.0512919875261513,1.1172816640963994,0.9170665548964914,0,unchanged_correctness
273207$_$7,2026,processed_po,1.0,0,-0.3333333432674408,0,-2.3426520824432373,-2.3426520824432373,0.25,0.1,0.5,3,0.5,1.0512919875261513,1.1172816640963994,0.9170665548964914,0,unchanged_correctness
273207$_$9,2026,processed_po,1.0,0,-0.3333333432674408,2,1.0659055709838867,1.0659055709838867,0.25,0.1,0.5,3,0.5,1.0512919875261513,1.1172816640963994,0.9170665548964914,2,unchanged_correctness
273250$_$20,2026,processed_po,1.0,0,-0.3333333432674408,0,-1.019296407699585,-1.019296407699585,0.25,0.1,0.5,3,0.5,1.0512919875261513,1.1172816640963994,0.9170665548964914,0,unchanged_correctness
273250$_$3,2026,processed_po,1.0,0,-0.6666666865348816,1,0.0,-0.5713372230529785,0.25,0.1,0.5,3,0.5,1.0512919875261513,1.1172816640963994,0.9170665548964914,1,unchanged_correctness
273250$_$7,2026,processed_po,1.0,0,-0.3333333432674408,1,0.0,0.1518308073282241,0.25,0.1,0.5,3,0.5,1.0512919875261513,1.1172816640963994,0.9170665548964914,1,unchanged_correctness
273250$_$11,2026,processed_po,1.0,0,-1.3333333730697632,1,0.0,-0.0172713231295347,0.25,0.1,0.5,3,0.5,1.0512919875261513,1.1172816640963994,0.9170665548964914,1,unchanged_correctness
273250$_$12,2026,processed_po,1.0,0,-2.6666667461395264,1,0.0,-0.2372105419635772,0.25,0.1,0.5,3,0.5,1.0512919875261513,1.1172816640963994,0.9170665548964914,1,unchanged_correctness
273250$_$16,2026,processed_po,1.0,0,-2.3333332538604736,0,-0.7224657535552979,-0.7224657535552979,0.25,0.1,0.5,3,0.5,1.0512919875261513,1.1172816640963994,0.9170665548964914,0,unchanged_correctness
273250$_$19,2026,processed_po,1.0,1,0.0,0,-0.9273073673248292,-0.9273073673248292,0.25,0.1,0.5,3,0.5,1.0512919875261513,1.1172816640963994,0.9170665548964914,0,unchanged_correctness
275267$_$5,2026,processed_po,1.0,1,0.0,1,0.0,-0.6871113777160645,0.25,0.1,0.5,3,0.5,1.0512919875261513,1.1172816640963994,0.9170665548964914,1,unchanged_correctness
27v7Blr0vjw$_$0,2026,processed_po,1.0,0,-0.3333333432674408,2,0.2843068838119507,0.2843068838119507,0.25,0.1,0.5,3,0.5,1.0512919875261513,1.1172816640963994,0.9170665548964914,2,unchanged_correctness
27v7Blr0vjw$_$3,2026,processed_po,1.0,1,0.0,2,0.4547686576843261,0.4547686576843261,0.25,0.1,0.5,3,0.5,1.0512919875261513,1.1172816640963994,0.9170665548964914,2,unchanged_correctness
28006$_$22,2026,processed_po,1.0,0,-2.3333332538604736,0,-1.795366644859314,-1.795366644859314,0.25,0.1,0.5,3,0.5,1.0512919875261513,1.1172816640963994,0.9170665548964914,0,unchanged_correctness
28006$_$0,2026,processed_po,1.0,0,-2.6666667461395264,0,-1.0220682621002195,-1.0220682621002195,0.25,0.1,0.5,3,0.5,1.0512919875261513,1.1172816640963994,0.9170665548964914,0,unchanged_correctness
28006$_$5,2026,processed_po,1.0,0,-1.6666666269302368,0,-1.4210201501846311,-1.4210201501846311,0.25,0.1,0.5,3,0.5,1.0512919875261513,1.1172816640963994,0.9170665548964914,0,unchanged_correctness
28006$_$7,2026,processed_po,1.0,0,-2.3333332538604736,0,-2.24288272857666,-2.24288272857666,0.25,0.1,0.5,3,0.5,1.0512919875261513,1.1172816640963994,0.9170665548964914,0,unchanged_correctness
28006$_$13,2026,processed_po,1.0,0,-2.3333332538604736,0,-2.161693811416626,-2.161693811416626,0.25,0.1,0.5,3,0.5,1.0512919875261513,1.1172816640963994,0.9170665548964914,0,unchanged_correctness
28006$_$15,2026,processed_po,1.0,0,-1.6666666269302368,0,-2.2300968170166016,-2.2300968170166016,0.25,0.1,0.5,3,0.5,1.0512919875261513,1.1172816640963994,0.9170665548964914,0,unchanged_correctness
28006$_$17,2026,processed_po,1.0,0,-2.0,1,0.0,-0.3723293542861938,0.25,0.1,0.5,3,0.5,1.0512919875261513,1.1172816640963994,0.9170665548964914,1,unchanged_correctness
28006$_$16,2026,processed_po,1.0,0,-1.3333333730697632,0,-2.1092097759246826,-2.1092097759246826,0.25,0.1,0.5,3,0.5,1.0512919875261513,1.1172816640963994,0.9170665548964914,0,unchanged_correctness
286943$_$5,2026,processed_po,1.0,0,-1.3333333730697632,0,-1.8127241134643557,-1.8127241134643557,0.25,0.1,0.5,3,0.5,1.0512919875261513,1.1172816640963994,0.9170665548964914,0,unchanged_correctness
29751$_$10,2026,processed_po,1.0,1,0.0,0,-0.7976036667823792,-0.7976036667823792,0.25,0.1,0.5,3,0.5,1.0512919875261513,1.1172816640963994,0.9170665548964914,0,unchanged_correctness
29751$_$1,2026,processed_po,1.0,1,0.0,1,0.0,0.228762075304985,0.25,0.1,0.5,3,0.5,1.0512919875261513,1.1172816640963994,0.9170665548964914,1,unchanged_correctness
29751$_$9,2026,processed_po,1.0,1,0.0,0,-1.357656478881836,-1.357656478881836,0.25,0.1,0.5,3,0.5,1.0512919875261513,1.1172816640963994,0.9170665548964914,0,unchanged_correctness
2BuFtglEcaY$_$11,2026,processed_po,1.0,2,2.3333332538604736,2,1.49218487739563,1.49218487739563,0.25,0.1,0.5,3,0.5,1.0512919875261513,1.1172816640963994,0.9170665548964914,2,unchanged_correctness
2BuFtglEcaY$_$6,2026,processed_po,1.0,2,1.0,2,0.7767525315284729,0.7767525315284729,0.25,0.1,0.5,3,0.5,1.0512919875261513,1.1172816640963994,0.9170665548964914,2,unchanged_correctness
2ItiGjefTRA$_$3,2026,processed_po,1.0,1,0.0,0,-0.2468623369932174,-0.2468623369932174,0.25,0.1,0.5,3,0.5,1.0512919875261513,1.1172816640963994,0.9170665548964914,0,unchanged_correctness
2ItiGjefTRA$_$4,2026,processed_po,1.0,0,-0.6666666865348816,0,-0.7861273884773254,-0.7861273884773254,0.25,0.1,0.5,3,0.5,1.0512919875261513,1.1172816640963994,0.9170665548964914,0,unchanged_correctness
2W-U94hXuK0$_$3,2026,processed_po,1.0,0,-3.0,0,-1.780258297920227,-1.780258297920227,0.25,0.1,0.5,3,0.5,1.0512919875261513,1.1172816640963994,0.9170665548964914,0,unchanged_correctness
2W-U94hXuK0$_$4,2026,processed_po,1.0,0,-2.0,0,-1.514285445213318,-1.514285445213318,0.25,0.1,0.5,3,0.5,1.0512919875261513,1.1172816640963994,0.9170665548964914,0,unchanged_correctness
2fbBrB1nJEQ$_$0,2026,processed_po,1.0,2,2.0,2,1.5193283557891846,1.5193283557891846,0.25,0.1,0.5,3,0.5,1.0512919875261513,1.1172816640963994,0.9170665548964914,2,unchanged_correctness
2m58ShI1QSI$_$2,2026,processed_po,1.0,2,0.3333333432674408,2,0.5166564583778381,0.5166564583778381,0.25,0.1,0.5,3,0.5,1.0512919875261513,1.1172816640963994,0.9170665548964914,2,unchanged_correctness
2vsgDSlJ9pU$_$0,2026,processed_po,1.0,1,0.0,1,0.0,0.3363935351371765,0.25,0.1,0.5,3,0.5,1.0512919875261513,1.1172816640963994,0.9170665548964914,2,fixed
2vsgDSlJ9pU$_$13,2026,processed_po,1.0,2,0.6666666865348816,2,1.231205701828003,1.231205701828003,0.25,0.1,0.5,3,0.5,1.0512919875261513,1.1172816640963994,0.9170665548964914,2,unchanged_correctness
2ze94yo2aPo$_$0,2026,processed_po,1.0,2,2.0,2,1.1089026927947998,1.1089026927947998,0.25,0.1,0.5,3,0.5,1.0512919875261513,1.1172816640963994,0.9170665548964914,2,unchanged_correctness
2ze94yo2aPo$_$5,2026,processed_po,1.0,2,1.0,2,0.4033554196357727,0.4033554196357727,0.25,0.1,0.5,3,0.5,1.0512919875261513,1.1172816640963994,0.9170665548964914,2,unchanged_correctness
35694$_$10,2026,processed_po,1.0,1,0.0,1,0.0,-0.5875375270843506,0.25,0.1,0.5,3,0.5,1.0512919875261513,1.1172816640963994,0.9170665548964914,0,fixed
35694$_$17,2026,processed_po,1.0,0,-1.6666666269302368,0,-1.395903468132019,-1.395903468132019,0.25,0.1,0.5,3,0.5,1.0512919875261513,1.1172816640963994,0.9170665548964914,0,unchanged_correctness
3At-BKm9eYk$_$5,2026,processed_po,1.0,0,-0.3333333432674408,2,0.9354299306869508,0.9354299306869508,0.25,0.1,0.5,3,0.5,1.0512919875261513,1.1172816640963994,0.9170665548964914,2,unchanged_correctness
3HyAaqre_Fk$_$2,2026,processed_po,1.0,2,1.0,2,0.6332368850708008,0.6332368850708008,0.25,0.1,0.5,3,0.5,1.0512919875261513,1.1172816640963994,0.9170665548964914,2,unchanged_correctness
3HyAaqre_Fk$_$6,2026,processed_po,1.0,2,1.3333333730697632,2,1.8941956758499143,1.8941956758499143,0.25,0.1,0.5,3,0.5,1.0512919875261513,1.1172816640963994,0.9170665548964914,2,unchanged_correctness
3OYY5Tsz_2k$_$7,2026,processed_po,1.0,1,0.0,1,0.0,0.2294644564390182,0.25,0.1,0.5,3,0.5,1.0512919875261513,1.1172816640963994,0.9170665548964914,2,fixed
3REPHw7oLWo$_$13,2026,processed_po,1.0,2,0.3333333432674408,2,1.005693435668945,1.005693435668945,0.25,0.1,0.5,3,0.5,1.0512919875261513,1.1172816640963994,0.9170665548964914,2,unchanged_correctness
3wHE78v9zr4$_$24,2026,processed_po,1.0,2,1.3333333730697632,2,1.5558171272277832,1.5558171272277832,0.25,0.1,0.5,3,0.5,1.0512919875261513,1.1172816640963994,0.9170665548964914,2,unchanged_correctness
3wHE78v9zr4$_$7,2026,processed_po,1.0,2,1.6666666269302368,2,0.7335047125816345,0.7335047125816345,0.25,0.1,0.5,3,0.5,1.0512919875261513,1.1172816640963994,0.9170665548964914,2,unchanged_correctness
3wHE78v9zr4$_$9,2026,processed_po,1.0,2,0.3333333432674408,2,1.039658784866333,1.039658784866333,0.25,0.1,0.5,3,0.5,1.0512919875261513,1.1172816640963994,0.9170665548964914,2,unchanged_correctness
3wHE78v9zr4$_$12,2026,processed_po,1.0,2,1.0,2,0.1785484552383422,0.1785484552383422,0.25,0.1,0.5,3,0.5,1.0512919875261513,1.1172816640963994,0.9170665548964914,2,unchanged_correctness
41381$_$7,2026,processed_po,1.0,1,0.0,1,0.0,-0.5582579970359802,0.25,0.1,0.5,3,0.5,1.0512919875261513,1.1172816640963994,0.9170665548964914,1,unchanged_correctness
41381$_$8,2026,processed_po,1.0,2,1.0,0,-0.2411039471626281,-0.2411039471626281,0.25,0.1,0.5,3,0.5,1.0512919875261513,1.1172816640963994,0.9170665548964914,2,introduced
424SXFTCFsA$_$3,2026,processed_po,1.0,2,1.3333333730697632,2,1.4361196756362915,1.4361196756362915,0.25,0.1,0.5,3,0.5,1.0512919875261513,1.1172816640963994,0.9170665548964914,2,unchanged_correctness
424SXFTCFsA$_$2,2026,processed_po,1.0,2,1.3333333730697632,2,0.463090717792511,0.463090717792511,0.25,0.1,0.5,3,0.5,1.0512919875261513,1.1172816640963994,0.9170665548964914,2,unchanged_correctness
424SXFTCFsA$_$4,2026,processed_po,1.0,2,2.0,2,1.16289484500885,1.16289484500885,0.25,0.1,0.5,3,0.5,1.0512919875261513,1.1172816640963994,0.9170665548964914,2,unchanged_correctness
46495$_$9,2026,processed_po,1.0,0,-2.0,0,-2.291277885437012,-2.291277885437012,0.25,0.1,0.5,3,0.5,1.0512919875261513,1.1172816640963994,0.9170665548964914,0,unchanged_correctness
46615$_$1,2026,processed_po,1.0,0,-1.3333333730697632,0,-1.3273413181304932,-1.3273413181304932,0.25,0.1,0.5,3,0.5,1.0512919875261513,1.1172816640963994,0.9170665548964914,0,unchanged_correctness
4EDblUpJieU$_$7,2026,processed_po,1.0,2,1.3333333730697632,2,1.2438390254974363,1.2438390254974363,0.25,0.1,0.5,3,0.5,1.0512919875261513,1.1172816640963994,0.9170665548964914,2,unchanged_correctness
53609$_$10,2026,processed_po,1.0,0,-2.0,0,-2.4225881099700928,-2.4225881099700928,0.25,0.1,0.5,3,0.5,1.0512919875261513,1.1172816640963994,0.9170665548964914,0,unchanged_correctness
53609$_$13,2026,processed_po,1.0,0,-2.0,0,-2.347151756286621,-2.347151756286621,0.25,0.1,0.5,3,0.5,1.0512919875261513,1.1172816640963994,0.9170665548964914,0,unchanged_correctness
53609$_$3,2026,processed_po,1.0,1,0.0,0,-1.2912559509277344,-1.2912559509277344,0.25,0.1,0.5,3,0.5,1.0512919875261513,1.1172816640963994,0.9170665548964914,0,unchanged_correctness
53609$_$7,2026,processed_po,1.0,0,-1.6666666269302368,0,-2.3811702728271484,-2.3811702728271484,0.25,0.1,0.5,3,0.5,1.0512919875261513,1.1172816640963994,0.9170665548964914,0,unchanged_correctness
53766$_$4,2026,processed_po,1.0,2,2.3333332538604736,2,1.6447745561599731,1.6447745561599731,0.25,0.1,0.5,3,0.5,1.0512919875261513,1.1172816640963994,0.9170665548964914,2,unchanged_correctness
53766$_$9,2026,processed_po,1.0,2,2.0,2,1.0018436908721924,1.0018436908721924,0.25,0.1,0.5,3,0.5,1.0512919875261513,1.1172816640963994,0.9170665548964914,2,unchanged_correctness
56989$_$12,2026,processed_po,1.0,0,-0.6666666865348816,0,-0.5528184771537781,-0.5528184771537781,0.25,0.1,0.5,3,0.5,1.0512919875261513,1.1172816640963994,0.9170665548964914,0,unchanged_correctness
56989$_$5,2026,processed_po,1.0,0,-2.3333332538604736,0,-2.3318443298339844,-2.3318443298339844,0.25,0.1,0.5,3,0.5,1.0512919875261513,1.1172816640963994,0.9170665548964914,0,unchanged_correctness
56989$_$9,2026,processed_po,1.0,2,1.0,2,1.4374712705612185,1.4374712705612185,0.25,0.1,0.5,3,0.5,1.0512919875261513,1.1172816640963994,0.9170665548964914,2,unchanged_correctness
59673$_$4,2026,processed_po,1.0,2,1.0,0,-1.462102293968201,-1.462102293968201,0.25,0.1,0.5,3,0.5,1.0512919875261513,1.1172816640963994,0.9170665548964914,0,unchanged_correctness
59673$_$6,2026,processed_po,1.0,0,-0.3333333432674408,0,-1.9004456996917725,-1.9004456996917725,0.25,0.1,0.5,3,0.5,1.0512919875261513,1.1172816640963994,0.9170665548964914,0,unchanged_correctness
5eY4S1F62Z4$_$13,2026,processed_po,1.0,2,0.3333333432674408,0,-0.5669533610343933,-0.5669533610343933,0.25,0.1,0.5,3,0.5,1.0512919875261513,1.1172816640963994,0.9170665548964914,0,unchanged_correctness
5eY4S1F62Z4$_$17,2026,processed_po,1.0,2,0.3333333432674408,1,0.0,-0.0249855518341064,0.25,0.1,0.5,3,0.5,1.0512919875261513,1.1172816640963994,0.9170665548964914,1,unchanged_correctness
5fKPJPFqPho$_$2,2026,processed_po,1.0,2,0.6666666865348816,2,0.4031173586845398,0.4031173586845398,0.25,0.1,0.5,3,0.5,1.0512919875261513,1.1172816640963994,0.9170665548964914,2,unchanged_correctness
5lrDS7LluCA$_$4,2026,processed_po,1.0,2,1.0,2,2.189215660095215,2.189215660095215,0.25,0.1,0.5,3,0.5,1.0512919875261513,1.1172816640963994,0.9170665548964914,2,unchanged_correctness
5pxFqJ5hKMU$_$2,2026,processed_po,1.0,1,0.0,2,0.3023844063282013,0.3023844063282013,0.25,0.1,0.5,3,0.5,1.0512919875261513,1.1172816640963994,0.9170665548964914,2,unchanged_correctness
5vwXp27bCLw$_$16,2026,processed_po,1.0,1,0.0,1,0.0,0.0416720323264598,0.25,0.1,0.5,3,0.5,1.0512919875261513,1.1172816640963994,0.9170665548964914,1,unchanged_correctness
5xa0Ac2krGs$_$2,2026,processed_po,1.0,0,-0.3333333432674408,0,-0.371746152639389,-0.371746152639389,0.25,0.1,0.5,3,0.5,1.0512919875261513,1.1172816640963994,0.9170665548964914,0,unchanged_correctness
5xa0Ac2krGs$_$7,2026,processed_po,1.0,2,0.3333333432674408,1,0.0,0.2739958167076111,0.25,0.1,0.5,3,0.5,1.0512919875261513,1.1172816640963994,0.9170665548964914,1,unchanged_correctness
61531$_$3,2026,processed_po,1.0,1,0.0,1,0.0,0.0272712670266628,0.25,0.1,0.5,3,0.5,1.0512919875261513,1.1172816640963994,0.9170665548964914,1,unchanged_correctness
61531$_$9,2026,processed_po,1.0,2,2.0,2,2.105764865875244,2.105764865875244,0.25,0.1,0.5,3,0.5,1.0512919875261513,1.1172816640963994,0.9170665548964914,2,unchanged_correctness
63951$_$1,2026,processed_po,1.0,1,0.0,1,0.0,0.0859156772494316,0.25,0.1,0.5,3,0.5,1.0512919875261513,1.1172816640963994,0.9170665548964914,2,fixed
67uKYi7mslE$_$3,2026,processed_po,1.0,2,0.6666666865348816,1,0.0,0.284435361623764,0.25,0.1,0.5,3,0.5,1.0512919875261513,1.1172816640963994,0.9170665548964914,2,introduced
67uKYi7mslE$_$4,2026,processed_po,1.0,1,0.0,2,0.0783968716859817,0.0783968716859817,0.25,0.1,0.5,3,0.5,1.0512919875261513,1.1172816640963994,0.9170665548964914,2,unchanged_correctness
69824$_$5,2026,processed_po,1.0,0,-2.6666667461395264,0,-2.465057849884033,-2.465057849884033,0.25,0.1,0.5,3,0.5,1.0512919875261513,1.1172816640963994,0.9170665548964914,0,unchanged_correctness
6EDoVEm16fU$_$13,2026,processed_po,1.0,2,1.3333333730697632,2,1.7419191598892212,1.7419191598892212,0.25,0.1,0.5,3,0.5,1.0512919875261513,1.1172816640963994,0.9170665548964914,2,unchanged_correctness
6EDoVEm16fU$_$4,2026,processed_po,1.0,2,1.6666666269302368,2,1.2335631847381592,1.2335631847381592,0.25,0.1,0.5,3,0.5,1.0512919875261513,1.1172816640963994,0.9170665548964914,2,unchanged_correctness
6EDoVEm16fU$_$6,2026,processed_po,1.0,2,1.0,2,0.807354211807251,0.807354211807251,0.25,0.1,0.5,3,0.5,1.0512919875261513,1.1172816640963994,0.9170665548964914,2,unchanged_correctness
6EJHA6IDLNk$_$3,2026,processed_po,1.0,2,0.6666666865348816,1,0.0,0.5050133466720581,0.25,0.1,0.5,3,0.5,1.0512919875261513,1.1172816640963994,0.9170665548964914,2,introduced
6EJHA6IDLNk$_$4,2026,processed_po,1.0,1,0.0,2,0.7155393958091736,0.7155393958091736,0.25,0.1,0.5,3,0.5,1.0512919875261513,1.1172816640963994,0.9170665548964914,2,unchanged_correctness
6RFVsOWK1m4$_$7,2026,processed_po,1.0,0,-0.6666666865348816,0,-1.7336751222610474,-1.7336751222610474,0.25,0.1,0.5,3,0.5,1.0512919875261513,1.1172816640963994,0.9170665548964914,0,unchanged_correctness
6RFVsOWK1m4$_$9,2026,processed_po,1.0,2,1.0,2,0.5979116559028625,0.5979116559028625,0.25,0.1,0.5,3,0.5,1.0512919875261513,1.1172816640963994,0.9170665548964914,2,unchanged_correctness
6brtMLkjjYk$_$0,2026,processed_po,1.0,2,2.0,2,0.6385296583175659,0.6385296583175659,0.25,0.1,0.5,3,0.5,1.0512919875261513,1.1172816640963994,0.9170665548964914,2,unchanged_correctness
6gtfeIqGasE$_$0,2026,processed_po,1.0,2,1.3333333730697632,2,1.3530619144439695,1.3530619144439695,0.25,0.1,0.5,3,0.5,1.0512919875261513,1.1172816640963994,0.9170665548964914,2,unchanged_correctness
6uoM8-9d0zA$_$4,2026,processed_po,1.0,2,0.6666666865348816,2,0.6791346669197083,0.6791346669197083,0.25,0.1,0.5,3,0.5,1.0512919875261513,1.1172816640963994,0.9170665548964914,2,unchanged_correctness
79356$_$7,2026,processed_po,1.0,2,2.6666667461395264,2,0.4615077376365661,0.4615077376365661,0.25,0.1,0.5,3,0.5,1.0512919875261513,1.1172816640963994,0.9170665548964914,2,unchanged_correctness
79356$_$9,2026,processed_po,1.0,2,1.0,0,-0.3804149031639099,-0.3804149031639099,0.25,0.1,0.5,3,0.5,1.0512919875261513,1.1172816640963994,0.9170665548964914,0,unchanged_correctness
7IxmlIwqigw$_$20,2026,processed_po,1.0,2,0.6666666865348816,2,0.4730930924415588,0.4730930924415588,0.25,0.1,0.5,3,0.5,1.0512919875261513,1.1172816640963994,0.9170665548964914,2,unchanged_correctness
7IxmlIwqigw$_$16,2026,processed_po,1.0,2,0.6666666865348816,2,0.8407425880432129,0.8407425880432129,0.25,0.1,0.5,3,0.5,1.0512919875261513,1.1172816640963994,0.9170665548964914,2,unchanged_correctness
7deoh0NoMs4$_$0,2026,processed_po,1.0,2,2.0,2,0.9982365369796752,0.9982365369796752,0.25,0.1,0.5,3,0.5,1.0512919875261513,1.1172816640963994,0.9170665548964914,2,unchanged_correctness
7f3ndBCx_JE$_$19,2026,processed_po,1.0,2,2.0,2,1.8948354721069336,1.8948354721069336,0.25,0.1,0.5,3,0.5,1.0512919875261513,1.1172816640963994,0.9170665548964914,2,unchanged_correctness
7mb8Y2AhXIY$_$6,2026,processed_po,1.0,2,2.0,2,0.796107292175293,0.796107292175293,0.25,0.1,0.5,3,0.5,1.0512919875261513,1.1172816640963994,0.9170665548964914,2,unchanged_correctness
83400$_$5,2026,processed_po,1.0,1,0.0,0,-0.8296853303909302,-0.8296853303909302,0.25,0.1,0.5,3,0.5,1.0512919875261513,1.1172816640963994,0.9170665548964914,0,unchanged_correctness
86c2OkQ3_U8$_$22,2026,processed_po,1.0,2,2.0,2,1.1287686824798584,1.1287686824798584,0.25,0.1,0.5,3,0.5,1.0512919875261513,1.1172816640963994,0.9170665548964914,2,unchanged_correctness
86c2OkQ3_U8$_$3,2026,processed_po,1.0,2,0.6666666865348816,2,0.6021020412445068,0.6021020412445068,0.25,0.1,0.5,3,0.5,1.0512919875261513,1.1172816640963994,0.9170665548964914,2,unchanged_correctness
88791$_$15,2026,processed_po,1.0,2,0.3333333432674408,2,0.8140887022018433,0.8140887022018433,0.25,0.1,0.5,3,0.5,1.0512919875261513,1.1172816640963994,0.9170665548964914,2,unchanged_correctness
88791$_$1,2026,processed_po,1.0,0,-1.0,1,0.0,-0.1337468922138214,0.25,0.1,0.5,3,0.5,1.0512919875261513,1.1172816640963994,0.9170665548964914,1,unchanged_correctness
88791$_$2,2026,processed_po,1.0,1,0.0,1,0.0,-0.1950441151857376,0.25,0.1,0.5,3,0.5,1.0512919875261513,1.1172816640963994,0.9170665548964914,1,unchanged_correctness
8XZszYrUSCQ$_$0,2026,processed_po,1.0,2,1.0,2,1.5002485513687134,1.5002485513687134,0.25,0.1,0.5,3,0.5,1.0512919875261513,1.1172816640963994,0.9170665548964914,2,unchanged_correctness
8i7u3fl-hP8$_$0,2026,processed_po,1.0,2,1.3333333730697632,2,1.6625547409057615,1.6625547409057615,0.25,0.1,0.5,3,0.5,1.0512919875261513,1.1172816640963994,0.9170665548964914,2,unchanged_correctness
8lfS97s2AKc$_$0,2026,processed_po,1.0,0,-1.3333333730697632,0,-1.8697993755340576,-1.8697993755340576,0.25,0.1,0.5,3,0.5,1.0512919875261513,1.1172816640963994,0.9170665548964914,0,unchanged_correctness
8lfS97s2AKc$_$7,2026,processed_po,1.0,0,-1.0,1,0.0,0.4246782064437866,0.25,0.1,0.5,3,0.5,1.0512919875261513,1.1172816640963994,0.9170665548964914,1,unchanged_correctness
8wNr-NQImFg$_$8,2026,processed_po,1.0,2,0.3333333432674408,2,1.5931439399719238,1.5931439399719238,0.25,0.1,0.5,3,0.5,1.0512919875261513,1.1172816640963994,0.9170665548964914,2,unchanged_correctness
8wQhzezNcUY$_$1,2026,processed_po,1.0,2,2.0,2,1.5931452512741089,1.5931452512741089,0.25,0.1,0.5,3,0.5,1.0512919875261513,1.1172816640963994,0.9170665548964914,2,unchanged_correctness
8wQhzezNcUY$_$2,2026,processed_po,1.0,2,1.0,2,1.704236626625061,1.704236626625061,0.25,0.1,0.5,3,0.5,1.0512919875261513,1.1172816640963994,0.9170665548964914,2,unchanged_correctness
91844$_$10,2026,processed_po,1.0,0,-0.3333333432674408,0,-1.7123490571975708,-1.7123490571975708,0.25,0.1,0.5,3,0.5,1.0512919875261513,1.1172816640963994,0.9170665548964914,0,unchanged_correctness
91844$_$5,2026,processed_po,1.0,2,3.0,0,-1.6910008192062378,-1.6910008192062378,0.25,0.1,0.5,3,0.5,1.0512919875261513,1.1172816640963994,0.9170665548964914,0,unchanged_correctness
91844$_$7,2026,processed_po,1.0,2,0.6666666865348816,0,-1.4239656925201416,-1.4239656925201416,0.25,0.1,0.5,3,0.5,1.0512919875261513,1.1172816640963994,0.9170665548964914,0,unchanged_correctness
91844$_$9,2026,processed_po,1.0,0,-0.3333333432674408,0,-1.0039457082748413,-1.0039457082748413,0.25,0.1,0.5,3,0.5,1.0512919875261513,1.1172816640963994,0.9170665548964914,0,unchanged_correctness
92291$_$1,2026,processed_po,1.0,2,1.3333333730697632,1,0.0,0.3703094720840454,0.25,0.1,0.5,3,0.5,1.0512919875261513,1.1172816640963994,0.9170665548964914,1,unchanged_correctness
92291$_$2,2026,processed_po,1.0,1,0.0,1,0.0,0.2808618247509002,0.25,0.1,0.5,3,0.5,1.0512919875261513,1.1172816640963994,0.9170665548964914,1,unchanged_correctness
92291$_$5,2026,processed_po,1.0,0,-2.3333332538604736,0,-1.9200314283370967,-1.9200314283370967,0.25,0.1,0.5,3,0.5,1.0512919875261513,1.1172816640963994,0.9170665548964914,0,unchanged_correctness
92496$_$0,2026,processed_po,1.0,0,-2.6666667461395264,0,-1.1648297309875488,-1.1648297309875488,0.25,0.1,0.5,3,0.5,1.0512919875261513,1.1172816640963994,0.9170665548964914,0,unchanged_correctness
93iGT5oueTA$_$12,2026,processed_po,1.0,0,-2.0,0,-2.259396314620972,-2.259396314620972,0.25,0.1,0.5,3,0.5,1.0512919875261513,1.1172816640963994,0.9170665548964914,0,unchanged_correctness
93iGT5oueTA$_$4,2026,processed_po,1.0,2,1.3333333730697632,1,0.0,0.4416509866714477,0.25,0.1,0.5,3,0.5,1.0512919875261513,1.1172816640963994,0.9170665548964914,1,unchanged_correctness
94481$_$2,2026,processed_po,1.0,2,0.6666666865348816,2,0.3106372654438019,0.3106372654438019,0.25,0.1,0.5,3,0.5,1.0512919875261513,1.1172816640963994,0.9170665548964914,2,unchanged_correctness
94481$_$4,2026,processed_po,1.0,2,2.6666667461395264,2,0.3895102143287658,0.3895102143287658,0.25,0.1,0.5,3,0.5,1.0512919875261513,1.1172816640963994,0.9170665548964914,2,unchanged_correctness
97ENTofrmNo$_$0,2026,processed_po,1.0,2,1.3333333730697632,2,1.083972454071045,1.083972454071045,0.25,0.1,0.5,3,0.5,1.0512919875261513,1.1172816640963994,0.9170665548964914,2,unchanged_correctness
9GzFQBljNIY$_$0,2026,processed_po,1.0,1,0.0,1,0.0,-0.0685063600540161,0.25,0.1,0.5,3,0.5,1.0512919875261513,1.1172816640963994,0.9170665548964914,1,unchanged_correctness
9PzZSheh10U$_$24,2026,processed_po,1.0,2,2.3333332538604736,2,0.6712049841880798,0.6712049841880798,0.25,0.1,0.5,3,0.5,1.0512919875261513,1.1172816640963994,0.9170665548964914,2,unchanged_correctness
9PzZSheh10U$_$23,2026,processed_po,1.0,2,0.6666666865348816,2,1e-06,-0.017406502738595,0.25,0.1,0.5,3,0.5,1.0512919875261513,1.1172816640963994,0.9170665548964914,2,unchanged_correctness
9PzZSheh10U$_$5,2026,processed_po,1.0,1,0.0,1,0.0,0.2529654502868652,0.25,0.1,0.5,3,0.5,1.0512919875261513,1.1172816640963994,0.9170665548964914,2,fixed
9PzZSheh10U$_$19,2026,processed_po,1.0,2,0.3333333432674408,1,0.0,0.1861000806093216,0.25,0.1,0.5,3,0.5,1.0512919875261513,1.1172816640963994,0.9170665548964914,2,introduced
9cYNT_YSo8o$_$2,2026,processed_po,1.0,0,-1.0,0,-0.8289589881896973,-0.8289589881896973,0.25,0.1,0.5,3,0.5,1.0512919875261513,1.1172816640963994,0.9170665548964914,0,unchanged_correctness
9orb0lQnVW4$_$0,2026,processed_po,1.0,1,0.0,1,0.0,0.0700796842575073,0.25,0.1,0.5,3,0.5,1.0512919875261513,1.1172816640963994,0.9170665548964914,1,unchanged_correctness
A1lFJXUpxZo$_$7,2026,processed_po,1.0,2,1.6666666269302368,2,1.4435265064239502,1.4435265064239502,0.25,0.1,0.5,3,0.5,1.0512919875261513,1.1172816640963994,0.9170665548964914,2,unchanged_correctness
AB1PbMaW03s$_$13,2026,processed_po,1.0,1,0.0,1,0.0,-0.0006903894245624,0.25,0.1,0.5,3,0.5,1.0512919875261513,1.1172816640963994,0.9170665548964914,1,unchanged_correctness
AB1PbMaW03s$_$3,2026,processed_po,1.0,2,0.3333333432674408,2,0.2087851613759994,0.2087851613759994,0.25,0.1,0.5,3,0.5,1.0512919875261513,1.1172816640963994,0.9170665548964914,2,unchanged_correctness
AB1PbMaW03s$_$8,2026,processed_po,1.0,1,0.0,1,0.0,-0.0484791994094848,0.25,0.1,0.5,3,0.5,1.0512919875261513,1.1172816640963994,0.9170665548964914,1,unchanged_correctness
AHiA9hohKr8$_$0,2026,processed_po,1.0,1,0.0,2,1.0620677471160889,1.0620677471160889,0.25,0.1,0.5,3,0.5,1.0512919875261513,1.1172816640963994,0.9170665548964914,2,unchanged_correctness
C5-cY1nPQ20$_$11,2026,processed_po,1.0,2,0.6666666865348816,2,0.9065327644348145,0.9065327644348145,0.25,0.1,0.5,3,0.5,1.0512919875261513,1.1172816640963994,0.9170665548964914,2,unchanged_correctness
C5-cY1nPQ20$_$8,2026,processed_po,1.0,2,0.3333333432674408,2,1.107471227645874,1.107471227645874,0.25,0.1,0.5,3,0.5,1.0512919875261513,1.1172816640963994,0.9170665548964914,2,unchanged_correctness
CKqDDh50gcU$_$14,2026,processed_po,1.0,2,1.3333333730697632,2,1.0934369564056396,1.0934369564056396,0.25,0.1,0.5,3,0.5,1.0512919875261513,1.1172816640963994,0.9170665548964914,2,unchanged_correctness
CKqDDh50gcU$_$6,2026,processed_po,1.0,2,1.6666666269302368,2,0.9791086912155152,0.9791086912155152,0.25,0.1,0.5,3,0.5,1.0512919875261513,1.1172816640963994,0.9170665548964914,2,unchanged_correctness
CO2YoTZbUr0$_$0,2026,processed_po,1.0,1,0.0,0,-1.1657384634017944,-1.1657384634017944,0.25,0.1,0.5,3,0.5,1.0512919875261513,1.1172816640963994,0.9170665548964914,0,unchanged_correctness
CO6n-skQJss$_$0,2026,processed_po,1.0,1,0.0,2,0.5211670994758606,0.5211670994758606,0.25,0.1,0.5,3,0.5,1.0512919875261513,1.1172816640963994,0.9170665548964914,2,unchanged_correctness
CO6n-skQJss$_$3,2026,processed_po,1.0,0,-1.3333333730697632,2,0.1876316666603088,0.1876316666603088,0.25,0.1,0.5,3,0.5,1.0512919875261513,1.1172816640963994,0.9170665548964914,2,unchanged_correctness
CU6U-gS76K4$_$20,2026,processed_po,1.0,2,1.6666666269302368,2,1.209411382675171,1.209411382675171,0.25,0.1,0.5,3,0.5,1.0512919875261513,1.1172816640963994,0.9170665548964914,2,unchanged_correctness
CbRexsp1HKw$_$7,2026,processed_po,1.0,1,0.0,0,-0.5408486127853394,-0.5408486127853394,0.25,0.1,0.5,3,0.5,1.0512919875261513,1.1172816640963994,0.9170665548964914,0,unchanged_correctness
ChhZna-aBK4$_$10,2026,processed_po,1.0,2,0.3333333432674408,2,0.1397829353809356,0.1397829353809356,0.25,0.1,0.5,3,0.5,1.0512919875261513,1.1172816640963994,0.9170665548964914,2,unchanged_correctness
ChhZna-aBK4$_$16,2026,processed_po,1.0,1,0.0,1,0.0,0.2632397413253784,0.25,0.1,0.5,3,0.5,1.0512919875261513,1.1172816640963994,0.9170665548964914,1,unchanged_correctness
ChhZna-aBK4$_$8,2026,processed_po,1.0,2,0.6666666865348816,2,0.759928286075592,0.759928286075592,0.25,0.1,0.5,3,0.5,1.0512919875261513,1.1172816640963994,0.9170665548964914,2,unchanged_correctness
DVAY-u_cJWU$_$5,2026,processed_po,1.0,2,1.0,2,1.5241007804870603,1.5241007804870603,0.25,0.1,0.5,3,0.5,1.0512919875261513,1.1172816640963994,0.9170665548964914,2,unchanged_correctness
DjcZrtcBZi4$_$10,2026,processed_po,1.0,2,0.3333333432674408,2,0.5148295164108276,0.5148295164108276,0.25,0.1,0.5,3,0.5,1.0512919875261513,1.1172816640963994,0.9170665548964914,2,unchanged_correctness
DjcZrtcBZi4$_$8,2026,processed_po,1.0,1,0.0,2,0.431898832321167,0.431898832321167,0.25,0.1,0.5,3,0.5,1.0512919875261513,1.1172816640963994,0.9170665548964914,2,unchanged_correctness
DnBHq5I52LM$_$5,2026,processed_po,1.0,0,-1.3333333730697632,0,-1.6255559921264648,-1.6255559921264648,0.25,0.1,0.5,3,0.5,1.0512919875261513,1.1172816640963994,0.9170665548964914,0,unchanged_correctness
DtbT85s3i94$_$5,2026,processed_po,1.0,2,1.0,0,-0.0029880916699767,-0.0029880916699767,0.25,0.1,0.5,3,0.5,1.0512919875261513,1.1172816640963994,0.9170665548964914,0,unchanged_correctness
EMS14J0odIE$_$16,2026,processed_po,1.0,0,-0.3333333432674408,1,0.0,0.1350774466991424,0.25,0.1,0.5,3,0.5,1.0512919875261513,1.1172816640963994,0.9170665548964914,2,unchanged_correctness
EO_5o9Gup6g$_$10,2026,processed_po,1.0,0,-0.6666666865348816,0,-0.767879068851471,-0.767879068851471,0.25,0.1,0.5,3,0.5,1.0512919875261513,1.1172816640963994,0.9170665548964914,0,unchanged_correctness
EO_5o9Gup6g$_$4,2026,processed_po,1.0,0,-1.0,0,-0.5030837655067444,-0.5030837655067444,0.25,0.1,0.5,3,0.5,1.0512919875261513,1.1172816640963994,0.9170665548964914,2,fixed
EO_5o9Gup6g$_$6,2026,processed_po,1.0,0,-2.0,0,-1.469936490058899,-1.469936490058899,0.25,0.1,0.5,3,0.5,1.0512919875261513,1.1172816640963994,0.9170665548964914,0,unchanged_correctness
EyoMU2yoJPY$_$11,2026,processed_po,1.0,2,1.6666666269302368,2,1.581651210784912,1.581651210784912,0.25,0.1,0.5,3,0.5,1.0512919875261513,1.1172816640963994,0.9170665548964914,2,unchanged_correctness
EyoMU2yoJPY$_$7,2026,processed_po,1.0,0,-0.3333333432674408,0,-1e-06,0.1279063075780868,0.25,0.1,0.5,3,0.5,1.0512919875261513,1.1172816640963994,0.9170665548964914,0,unchanged_correctness
F2hc2FLOdhI$_$3,2026,processed_po,1.0,2,1.0,0,-1.5695853233337402,-1.5695853233337402,0.25,0.1,0.5,3,0.5,1.0512919875261513,1.1172816640963994,0.9170665548964914,0,unchanged_correctness
F2hc2FLOdhI$_$5,2026,processed_po,1.0,2,1.0,2,0.2164948135614395,0.2164948135614395,0.25,0.1,0.5,3,0.5,1.0512919875261513,1.1172816640963994,0.9170665548964914,2,unchanged_correctness
F8eQI8E-6q4$_$3,2026,processed_po,1.0,0,-0.6666666865348816,0,-1.983443140983581,-1.983443140983581,0.25,0.1,0.5,3,0.5,1.0512919875261513,1.1172816640963994,0.9170665548964914,0,unchanged_correctness
FHDVQkU-nGI$_$7,2026,processed_po,1.0,2,2.0,2,2.116812229156494,2.116812229156494,0.25,0.1,0.5,3,0.5,1.0512919875261513,1.1172816640963994,0.9170665548964914,2,unchanged_correctness
F_YaG_pvZrA$_$11,2026,processed_po,1.0,1,0.0,2,1.0223102569580078,1.0223102569580078,0.25,0.1,0.5,3,0.5,1.0512919875261513,1.1172816640963994,0.9170665548964914,2,unchanged_correctness
GAVpYuhMZAw$_$12,2026,processed_po,1.0,2,1.0,1,0.0,0.0932212397456169,0.25,0.1,0.5,3,0.5,1.0512919875261513,1.1172816640963994,0.9170665548964914,1,unchanged_correctness
GAVpYuhMZAw$_$1,2026,processed_po,1.0,2,2.0,1,0.0,0.1507678478956222,0.25,0.1,0.5,3,0.5,1.0512919875261513,1.1172816640963994,0.9170665548964914,1,unchanged_correctness
GAVpYuhMZAw$_$4,2026,processed_po,1.0,2,0.3333333432674408,1,0.0,0.0856466218829155,0.25,0.1,0.5,3,0.5,1.0512919875261513,1.1172816640963994,0.9170665548964914,1,unchanged_correctness
GAVpYuhMZAw$_$6,2026,processed_po,1.0,0,-0.3333333432674408,0,-0.1037959232926368,-0.1037959232926368,0.25,0.1,0.5,3,0.5,1.0512919875261513,1.1172816640963994,0.9170665548964914,0,unchanged_correctness
GK-Pprzh0t0$_$1,2026,processed_po,1.0,0,-1.6666666269302368,0,-1.120522141456604,-1.120522141456604,0.25,0.1,0.5,3,0.5,1.0512919875261513,1.1172816640963994,0.9170665548964914,0,unchanged_correctness
GKsjv42t284$_$1,2026,processed_po,1.0,2,1.3333333730697632,2,1.1603039503097534,1.1603039503097534,0.25,0.1,0.5,3,0.5,1.0512919875261513,1.1172816640963994,0.9170665548964914,2,unchanged_correctness
GMa0cIAltnw$_$3,2026,processed_po,1.0,2,0.3333333432674408,2,0.4903395175933838,0.4903395175933838,0.25,0.1,0.5,3,0.5,1.0512919875261513,1.1172816640963994,0.9170665548964914,2,unchanged_correctness
GNP0PFas12Y$_$4,2026,processed_po,1.0,2,0.3333333432674408,2,0.7136658430099487,0.7136658430099487,0.25,0.1,0.5,3,0.5,1.0512919875261513,1.1172816640963994,0.9170665548964914,2,unchanged_correctness
HFPGeaEPy9o$_$0,2026,processed_po,1.0,0,-0.3333333432674408,0,-1.6960104703903198,-1.6960104703903198,0.25,0.1,0.5,3,0.5,1.0512919875261513,1.1172816640963994,0.9170665548964914,0,unchanged_correctness
HJTxq72GuMs$_$14,2026,processed_po,1.0,2,0.6666666865348816,2,0.5776315927505493,0.5776315927505493,0.25,0.1,0.5,3,0.5,1.0512919875261513,1.1172816640963994,0.9170665548964914,2,unchanged_correctness
HMRqR-P68Ws$_$0,2026,processed_po,1.0,2,1.0,1,0.0,0.0518167242407798,0.25,0.1,0.5,3,0.5,1.0512919875261513,1.1172816640963994,0.9170665548964914,1,unchanged_correctness
HR18U0yAlTc$_$10,2026,processed_po,1.0,1,0.0,2,1.839234709739685,1.839234709739685,0.25,0.1,0.5,3,0.5,1.0512919875261513,1.1172816640963994,0.9170665548964914,2,unchanged_correctness
HR18U0yAlTc$_$4,2026,processed_po,1.0,0,-0.3333333432674408,2,0.5194172859191895,0.5194172859191895,0.25,0.1,0.5,3,0.5,1.0512919875261513,1.1172816640963994,0.9170665548964914,2,unchanged_correctness
HR18U0yAlTc$_$9,2026,processed_po,1.0,0,-0.3333333432674408,2,1.167008876800537,1.167008876800537,0.25,0.1,0.5,3,0.5,1.0512919875261513,1.1172816640963994,0.9170665548964914,2,unchanged_correctness
HbaycY0VuZk$_$0,2026,processed_po,1.0,2,1.3333333730697632,2,0.4612824320793152,0.4612824320793152,0.25,0.1,0.5,3,0.5,1.0512919875261513,1.1172816640963994,0.9170665548964914,2,unchanged_correctness
IHp8hd1jm6k$_$27,2026,processed_po,1.0,2,1.3333333730697632,2,0.6888400316238403,0.6888400316238403,0.25,0.1,0.5,3,0.5,1.0512919875261513,1.1172816640963994,0.9170665548964914,2,unchanged_correctness
IHp8hd1jm6k$_$0,2026,processed_po,1.0,2,1.6666666269302368,2,0.5680230855941772,0.5680230855941772,0.25,0.1,0.5,3,0.5,1.0512919875261513,1.1172816640963994,0.9170665548964914,2,unchanged_correctness
IHp8hd1jm6k$_$5,2026,processed_po,1.0,2,1.0,2,1.41753089427948,1.41753089427948,0.25,0.1,0.5,3,0.5,1.0512919875261513,1.1172816640963994,0.9170665548964914,2,unchanged_correctness
IHp8hd1jm6k$_$7,2026,processed_po,1.0,1,0.0,0,-1e-06,0.1173556149005889,0.25,0.1,0.5,3,0.5,1.0512919875261513,1.1172816640963994,0.9170665548964914,0,unchanged_correctness
IHp8hd1jm6k$_$15,2026,processed_po,1.0,2,1.3333333730697632,2,0.8452831506729126,0.8452831506729126,0.25,0.1,0.5,3,0.5,1.0512919875261513,1.1172816640963994,0.9170665548964914,2,unchanged_correctness
IIPYcCii7Sg$_$3,2026,processed_po,1.0,0,-0.3333333432674408,1,0.0,0.1267731487751007,0.25,0.1,0.5,3,0.5,1.0512919875261513,1.1172816640963994,0.9170665548964914,1,unchanged_correctness
IRSxo_XXArg$_$12,2026,processed_po,1.0,1,0.0,2,1.958094835281372,1.958094835281372,0.25,0.1,0.5,3,0.5,1.0512919875261513,1.1172816640963994,0.9170665548964914,2,unchanged_correctness
IRSxo_XXArg$_$7,2026,processed_po,1.0,1,0.0,2,2.033080816268921,2.033080816268921,0.25,0.1,0.5,3,0.5,1.0512919875261513,1.1172816640963994,0.9170665548964914,2,unchanged_correctness
Iemw8vqt-54$_$13,2026,processed_po,1.0,2,0.3333333432674408,2,0.5387750864028931,0.5387750864028931,0.25,0.1,0.5,3,0.5,1.0512919875261513,1.1172816640963994,0.9170665548964914,2,unchanged_correctness
Iemw8vqt-54$_$0,2026,processed_po,1.0,2,0.6666666865348816,2,1.2883632183074951,1.2883632183074951,0.25,0.1,0.5,3,0.5,1.0512919875261513,1.1172816640963994,0.9170665548964914,2,unchanged_correctness
Iemw8vqt-54$_$9,2026,processed_po,1.0,2,1.0,2,0.6165162920951843,0.6165162920951843,0.25,0.1,0.5,3,0.5,1.0512919875261513,1.1172816640963994,0.9170665548964914,2,unchanged_correctness
JKueLneBoik$_$0,2026,processed_po,1.0,2,1.0,2,1.5258865356445312,1.5258865356445312,0.25,0.1,0.5,3,0.5,1.0512919875261513,1.1172816640963994,0.9170665548964914,2,unchanged_correctness
JKueLneBoik$_$4,2026,processed_po,1.0,1,0.0,1,0.0,0.0739062428474426,0.25,0.1,0.5,3,0.5,1.0512919875261513,1.1172816640963994,0.9170665548964914,2,fixed
JNhqI4JtPXA$_$3,2026,processed_po,1.0,2,2.0,2,2.250887870788574,2.250887870788574,0.25,0.1,0.5,3,0.5,1.0512919875261513,1.1172816640963994,0.9170665548964914,2,unchanged_correctness
JXYot3NDQn0$_$2,2026,processed_po,1.0,2,0.6666666865348816,2,1.9878966808319087,1.9878966808319087,0.25,0.1,0.5,3,0.5,1.0512919875261513,1.1172816640963994,0.9170665548964914,2,unchanged_correctness
KB5hSnV1emg$_$3,2026,processed_po,1.0,1,0.0,0,-0.0991745889186859,-0.0991745889186859,0.25,0.1,0.5,3,0.5,1.0512919875261513,1.1172816640963994,0.9170665548964914,0,unchanged_correctness
Kn5eKHlPD0k$_$12,2026,processed_po,1.0,2,1.0,2,0.4903927445411682,0.4903927445411682,0.25,0.1,0.5,3,0.5,1.0512919875261513,1.1172816640963994,0.9170665548964914,2,unchanged_correctness
Kn99u05vlpA$_$5,2026,processed_po,1.0,2,1.6666666269302368,2,0.3150431215763092,0.3150431215763092,0.25,0.1,0.5,3,0.5,1.0512919875261513,1.1172816640963994,0.9170665548964914,2,unchanged_correctness
L-7oRnbi9-w$_$3,2026,processed_po,1.0,2,0.3333333432674408,2,0.533575713634491,0.533575713634491,0.25,0.1,0.5,3,0.5,1.0512919875261513,1.1172816640963994,0.9170665548964914,2,unchanged_correctness
L-a4Sh6iAcw$_$7,2026,processed_po,1.0,2,0.6666666865348816,2,0.6753432750701904,0.6753432750701904,0.25,0.1,0.5,3,0.5,1.0512919875261513,1.1172816640963994,0.9170665548964914,2,unchanged_correctness
L-a4Sh6iAcw$_$9,2026,processed_po,1.0,2,0.6666666865348816,2,1.1675516366958618,1.1675516366958618,0.25,0.1,0.5,3,0.5,1.0512919875261513,1.1172816640963994,0.9170665548964914,2,unchanged_correctness
LD3HYOwk1Bc$_$0,2026,processed_po,1.0,1,0.0,2,0.7830482125282288,0.7830482125282288,0.25,0.1,0.5,3,0.5,1.0512919875261513,1.1172816640963994,0.9170665548964914,2,unchanged_correctness
LJGL2sGvSS0$_$2,2026,processed_po,1.0,2,1.3333333730697632,1,0.0,0.0269295834004879,0.25,0.1,0.5,3,0.5,1.0512919875261513,1.1172816640963994,0.9170665548964914,1,unchanged_correctness
LJGL2sGvSS0$_$10,2026,processed_po,1.0,2,1.3333333730697632,2,0.8275238871574402,0.8275238871574402,0.25,0.1,0.5,3,0.5,1.0512919875261513,1.1172816640963994,0.9170665548964914,2,unchanged_correctness
LJGL2sGvSS0$_$14,2026,processed_po,1.0,2,1.6666666269302368,2,1.604352593421936,1.604352593421936,0.25,0.1,0.5,3,0.5,1.0512919875261513,1.1172816640963994,0.9170665548964914,2,unchanged_correctness
LJGL2sGvSS0$_$19,2026,processed_po,1.0,2,1.0,2,0.1600398868322372,0.1600398868322372,0.25,0.1,0.5,3,0.5,1.0512919875261513,1.1172816640963994,0.9170665548964914,2,unchanged_correctness
LcfubBagG6Q$_$1,2026,processed_po,1.0,2,1.3333333730697632,2,0.714285671710968,0.714285671710968,0.25,0.1,0.5,3,0.5,1.0512919875261513,1.1172816640963994,0.9170665548964914,2,unchanged_correctness
LcfubBagG6Q$_$3,2026,processed_po,1.0,2,0.3333333432674408,1,0.0,0.0997480601072311,0.25,0.1,0.5,3,0.5,1.0512919875261513,1.1172816640963994,0.9170665548964914,1,unchanged_correctness
LyOq9mOEPuk$_$8,2026,processed_po,1.0,0,-0.6666666865348816,0,-1.1291987895965576,-1.1291987895965576,0.25,0.1,0.5,3,0.5,1.0512919875261513,1.1172816640963994,0.9170665548964914,0,unchanged_correctness
MHVrwCEWLPI$_$4,2026,processed_po,1.0,2,1.0,2,1.271848201751709,1.271848201751709,0.25,0.1,0.5,3,0.5,1.0512919875261513,1.1172816640963994,0.9170665548964914,2,unchanged_correctness
MHVrwCEWLPI$_$6,2026,processed_po,1.0,2,0.3333333432674408,2,0.234123557806015,0.234123557806015,0.25,0.1,0.5,3,0.5,1.0512919875261513,1.1172816640963994,0.9170665548964914,2,unchanged_correctness
MHyW857u_X8$_$18,2026,processed_po,1.0,0,-0.3333333432674408,2,0.2796487212181091,0.2796487212181091,0.25,0.1,0.5,3,0.5,1.0512919875261513,1.1172816640963994,0.9170665548964914,2,unchanged_correctness
MZUr1DfYNNw$_$1,2026,processed_po,1.0,2,1.3333333730697632,2,0.2336463630199432,0.2336463630199432,0.25,0.1,0.5,3,0.5,1.0512919875261513,1.1172816640963994,0.9170665548964914,2,unchanged_correctness
NIpuKcoJhGM$_$0,2026,processed_po,1.0,2,2.0,0,-1e-06,0.5099222660064697,0.25,0.1,0.5,3,0.5,1.0512919875261513,1.1172816640963994,0.9170665548964914,0,unchanged_correctness
NVLPURuAVLU$_$2,2026,processed_po,1.0,0,-0.6666666865348816,0,-0.1180987656116485,-0.1180987656116485,0.25,0.1,0.5,3,0.5,1.0512919875261513,1.1172816640963994,0.9170665548964914,0,unchanged_correctness
NaWmaHwjElo$_$5,2026,processed_po,1.0,1,0.0,0,-0.1215664148330688,-0.1215664148330688,0.25,0.1,0.5,3,0.5,1.0512919875261513,1.1172816640963994,0.9170665548964914,0,unchanged_correctness
NiAjz4ciA60$_$1,2026,processed_po,1.0,2,1.0,2,1.4611506462097168,1.4611506462097168,0.25,0.1,0.5,3,0.5,1.0512919875261513,1.1172816640963994,0.9170665548964914,2,unchanged_correctness
NocexkPXja8$_$13,2026,processed_po,1.0,0,-1.0,0,-0.9591016173362732,-0.9591016173362732,0.25,0.1,0.5,3,0.5,1.0512919875261513,1.1172816640963994,0.9170665548964914,0,unchanged_correctness
NocexkPXja8$_$4,2026,processed_po,1.0,0,-2.3333332538604736,0,-1.960645079612732,-1.960645079612732,0.25,0.1,0.5,3,0.5,1.0512919875261513,1.1172816640963994,0.9170665548964914,0,unchanged_correctness
O-b3DQg0QmA$_$1,2026,processed_po,1.0,1,0.0,2,0.325112372636795,0.325112372636795,0.25,0.1,0.5,3,0.5,1.0512919875261513,1.1172816640963994,0.9170665548964914,2,unchanged_correctness
OFia3dWgaoI$_$0,2026,processed_po,1.0,0,-1.3333333730697632,0,-0.1817968785762787,-0.1817968785762787,0.25,0.1,0.5,3,0.5,1.0512919875261513,1.1172816640963994,0.9170665548964914,0,unchanged_correctness
OFia3dWgaoI$_$6,2026,processed_po,1.0,0,-0.6666666865348816,0,-0.7803463339805603,-0.7803463339805603,0.25,0.1,0.5,3,0.5,1.0512919875261513,1.1172816640963994,0.9170665548964914,0,unchanged_correctness
OKJPFisBoPY$_$0,2026,processed_po,1.0,2,0.3333333432674408,2,1.0546221733093262,1.0546221733093262,0.25,0.1,0.5,3,0.5,1.0512919875261513,1.1172816640963994,0.9170665548964914,2,unchanged_correctness
OORklkFql3k$_$10,2026,processed_po,1.0,0,-0.3333333432674408,0,-0.9755575656890868,-0.9755575656890868,0.25,0.1,0.5,3,0.5,1.0512919875261513,1.1172816640963994,0.9170665548964914,0,unchanged_correctness
OORklkFql3k$_$4,2026,processed_po,1.0,0,-2.0,2,1e-06,-0.021140206605196,0.25,0.1,0.5,3,0.5,1.0512919875261513,1.1172816640963994,0.9170665548964914,2,unchanged_correctness
OWWHjP3pX9o$_$0,2026,processed_po,1.0,0,-0.3333333432674408,0,-0.0398567467927932,-0.0398567467927932,0.25,0.1,0.5,3,0.5,1.0512919875261513,1.1172816640963994,0.9170665548964914,0,unchanged_correctness
OWWHjP3pX9o$_$4,2026,processed_po,1.0,2,0.6666666865348816,2,0.0640930831432342,0.0640930831432342,0.25,0.1,0.5,3,0.5,1.0512919875261513,1.1172816640963994,0.9170665548964914,2,unchanged_correctness
OXsTIPdytiw$_$0,2026,processed_po,1.0,2,0.6666666865348816,2,0.3636159300804138,0.3636159300804138,0.25,0.1,0.5,3,0.5,1.0512919875261513,1.1172816640963994,0.9170665548964914,2,unchanged_correctness
OXsTIPdytiw$_$7,2026,processed_po,1.0,2,0.6666666865348816,2,0.9580777287483216,0.9580777287483216,0.25,0.1,0.5,3,0.5,1.0512919875261513,1.1172816640963994,0.9170665548964914,2,unchanged_correctness
Oa2xVjzAMFc$_$9,2026,processed_po,1.0,0,-0.3333333432674408,1,0.0,0.3336244523525238,0.25,0.1,0.5,3,0.5,1.0512919875261513,1.1172816640963994,0.9170665548964914,1,unchanged_correctness
OctOcfI4KSs$_$3,2026,processed_po,1.0,2,0.3333333432674408,0,-0.2984795868396759,-0.2984795868396759,0.25,0.1,0.5,3,0.5,1.0512919875261513,1.1172816640963994,0.9170665548964914,0,unchanged_correctness
OctOcfI4KSs$_$7,2026,processed_po,1.0,2,0.3333333432674408,1,0.0,0.2379060685634613,0.25,0.1,0.5,3,0.5,1.0512919875261513,1.1172816640963994,0.9170665548964914,1,unchanged_correctness
P0UHzR4CmYg$_$1,2026,processed_po,1.0,2,1.0,1,0.0,0.4476493299007416,0.25,0.1,0.5,3,0.5,1.0512919875261513,1.1172816640963994,0.9170665548964914,1,unchanged_correctness
P0UHzR4CmYg$_$3,2026,processed_po,1.0,2,0.6666666865348816,2,1.1695481538772583,1.1695481538772583,0.25,0.1,0.5,3,0.5,1.0512919875261513,1.1172816640963994,0.9170665548964914,2,unchanged_correctness
P0UHzR4CmYg$_$4,2026,processed_po,1.0,2,1.0,2,1.3307775259017944,1.3307775259017944,0.25,0.1,0.5,3,0.5,1.0512919875261513,1.1172816640963994,0.9170665548964914,2,unchanged_correctness
P0UHzR4CmYg$_$8,2026,processed_po,1.0,2,0.6666666865348816,0,-0.5630425810813904,-0.5630425810813904,0.25,0.1,0.5,3,0.5,1.0512919875261513,1.1172816640963994,0.9170665548964914,0,unchanged_correctness
P0UHzR4CmYg$_$11,2026,processed_po,1.0,0,-1.0,0,-0.4881505370140075,-0.4881505370140075,0.25,0.1,0.5,3,0.5,1.0512919875261513,1.1172816640963994,0.9170665548964914,0,unchanged_correctness
PcqKFt1p3UQ$_$10,2026,processed_po,1.0,2,0.3333333432674408,1,0.0,-0.0065989727154374,0.25,0.1,0.5,3,0.5,1.0512919875261513,1.1172816640963994,0.9170665548964914,2,introduced
PzI6yY9Y2xQ$_$0,2026,processed_po,1.0,2,1.6666666269302368,2,1.390718936920166,1.390718936920166,0.25,0.1,0.5,3,0.5,1.0512919875261513,1.1172816640963994,0.9170665548964914,2,unchanged_correctness
PzI6yY9Y2xQ$_$2,2026,processed_po,1.0,2,1.3333333730697632,2,1.2556759119033811,1.2556759119033811,0.25,0.1,0.5,3,0.5,1.0512919875261513,1.1172816640963994,0.9170665548964914,2,unchanged_correctness
QBc7X5jj8oA$_$4,2026,processed_po,1.0,2,1.3333333730697632,2,0.7709696888923645,0.7709696888923645,0.25,0.1,0.5,3,0.5,1.0512919875261513,1.1172816640963994,0.9170665548964914,2,unchanged_correctness
QCR7uyowjhM$_$10,2026,processed_po,1.0,2,0.3333333432674408,2,0.424575537443161,0.424575537443161,0.25,0.1,0.5,3,0.5,1.0512919875261513,1.1172816640963994,0.9170665548964914,2,unchanged_correctness
QCR7uyowjhM$_$8,2026,processed_po,1.0,1,0.0,1,0.0,-0.2331074476242065,0.25,0.1,0.5,3,0.5,1.0512919875261513,1.1172816640963994,0.9170665548964914,1,unchanged_correctness
QIonRUsCqBs$_$1,2026,processed_po,1.0,2,1.3333333730697632,2,1.3104426860809326,1.3104426860809326,0.25,0.1,0.5,3,0.5,1.0512919875261513,1.1172816640963994,0.9170665548964914,2,unchanged_correctness
Qfa1fY_07bQ$_$5,2026,processed_po,1.0,2,1.3333333730697632,2,0.5166035294532776,0.5166035294532776,0.25,0.1,0.5,3,0.5,1.0512919875261513,1.1172816640963994,0.9170665548964914,2,unchanged_correctness
R9xTBw3MCWI$_$5,2026,processed_po,1.0,2,0.3333333432674408,2,1.634883999824524,1.634883999824524,0.25,0.1,0.5,3,0.5,1.0512919875261513,1.1172816640963994,0.9170665548964914,2,unchanged_correctness
ROC2YI3tDsk$_$13,2026,processed_po,1.0,2,0.3333333432674408,2,1.1498782634735107,1.1498782634735107,0.25,0.1,0.5,3,0.5,1.0512919875261513,1.1172816640963994,0.9170665548964914,2,unchanged_correctness
ROC2YI3tDsk$_$3,2026,processed_po,1.0,2,1.0,2,0.9596866965293884,0.9596866965293884,0.25,0.1,0.5,3,0.5,1.0512919875261513,1.1172816640963994,0.9170665548964914,2,unchanged_correctness
RVC8l5hf2Eg$_$13,2026,processed_po,1.0,0,-0.6666666865348816,2,0.1959800273180008,0.1959800273180008,0.25,0.1,0.5,3,0.5,1.0512919875261513,1.1172816640963994,0.9170665548964914,2,unchanged_correctness
RVC8l5hf2Eg$_$8,2026,processed_po,1.0,0,-0.3333333432674408,0,-0.2880806922912597,-0.2880806922912597,0.25,0.1,0.5,3,0.5,1.0512919875261513,1.1172816640963994,0.9170665548964914,0,unchanged_correctness
Rb1uzHNcYcA$_$4,2026,processed_po,1.0,2,1.6666666269302368,2,1.517778754234314,1.517778754234314,0.25,0.1,0.5,3,0.5,1.0512919875261513,1.1172816640963994,0.9170665548964914,2,unchanged_correctness
RvmTZVNAAuQ$_$2,2026,processed_po,1.0,1,0.0,2,0.7628926634788513,0.7628926634788513,0.25,0.1,0.5,3,0.5,1.0512919875261513,1.1172816640963994,0.9170665548964914,2,unchanged_correctness
SKTyBOhDX6U$_$11,2026,processed_po,1.0,2,1.6666666269302368,2,1.0312912464141846,1.0312912464141846,0.25,0.1,0.5,3,0.5,1.0512919875261513,1.1172816640963994,0.9170665548964914,2,unchanged_correctness
SKTyBOhDX6U$_$12,2026,processed_po,1.0,2,0.6666666865348816,0,-1e-06,0.1297029256820678,0.25,0.1,0.5,3,0.5,1.0512919875261513,1.1172816640963994,0.9170665548964914,0,unchanged_correctness
SKTyBOhDX6U$_$9,2026,processed_po,1.0,2,1.0,2,1.152007818222046,1.152007818222046,0.25,0.1,0.5,3,0.5,1.0512919875261513,1.1172816640963994,0.9170665548964914,2,unchanged_correctness
SYQ_zv8dWng$_$0,2026,processed_po,1.0,2,0.3333333432674408,1,0.0,0.2749571800231933,0.25,0.1,0.5,3,0.5,1.0512919875261513,1.1172816640963994,0.9170665548964914,1,unchanged_correctness
SYQ_zv8dWng$_$5,2026,processed_po,1.0,2,0.6666666865348816,2,0.3775835931301117,0.3775835931301117,0.25,0.1,0.5,3,0.5,1.0512919875261513,1.1172816640963994,0.9170665548964914,2,unchanged_correctness
SYQ_zv8dWng$_$6,2026,processed_po,1.0,2,0.6666666865348816,2,0.0687929168343544,0.0687929168343544,0.25,0.1,0.5,3,0.5,1.0512919875261513,1.1172816640963994,0.9170665548964914,2,unchanged_correctness
SYQ_zv8dWng$_$9,2026,processed_po,1.0,1,0.0,2,0.2754461765289306,0.2754461765289306,0.25,0.1,0.5,3,0.5,1.0512919875261513,1.1172816640963994,0.9170665548964914,2,unchanged_correctness
SZ7HK5ns6mE$_$11,2026,processed_po,1.0,2,1.6666666269302368,2,0.1922590434551239,0.1922590434551239,0.25,0.1,0.5,3,0.5,1.0512919875261513,1.1172816640963994,0.9170665548964914,2,unchanged_correctness
Sq6DIhFxPqQ$_$4,2026,processed_po,1.0,1,0.0,0,-0.9467658996582032,-0.9467658996582032,0.25,0.1,0.5,3,0.5,1.0512919875261513,1.1172816640963994,0.9170665548964914,0,unchanged_correctness
SwT0gh0V8fI$_$10,2026,processed_po,1.0,1,0.0,0,-0.5071128606796265,-0.5071128606796265,0.25,0.1,0.5,3,0.5,1.0512919875261513,1.1172816640963994,0.9170665548964914,0,unchanged_correctness
SwT0gh0V8fI$_$19,2026,processed_po,1.0,2,0.6666666865348816,2,1.6851049661636353,1.6851049661636353,0.25,0.1,0.5,3,0.5,1.0512919875261513,1.1172816640963994,0.9170665548964914,2,unchanged_correctness
SwT0gh0V8fI$_$5,2026,processed_po,1.0,1,0.0,0,-1.1929733753204346,-1.1929733753204346,0.25,0.1,0.5,3,0.5,1.0512919875261513,1.1172816640963994,0.9170665548964914,0,unchanged_correctness
TXiOSZdaLJ8$_$2,2026,processed_po,1.0,2,0.6666666865348816,2,0.9878314733505248,0.9878314733505248,0.25,0.1,0.5,3,0.5,1.0512919875261513,1.1172816640963994,0.9170665548964914,2,unchanged_correctness
TcTGCIh6e5s$_$4,2026,processed_po,1.0,1,0.0,1,0.0,0.1773375570774078,0.25,0.1,0.5,3,0.5,1.0512919875261513,1.1172816640963994,0.9170665548964914,1,unchanged_correctness
TxRtSItpGMo$_$4,2026,processed_po,1.0,2,2.0,2,1.025544285774231,1.025544285774231,0.25,0.1,0.5,3,0.5,1.0512919875261513,1.1172816640963994,0.9170665548964914,2,unchanged_correctness
U-KihZeIfKI$_$20,2026,processed_po,1.0,2,1.3333333730697632,2,1.4052541255950928,1.4052541255950928,0.25,0.1,0.5,3,0.5,1.0512919875261513,1.1172816640963994,0.9170665548964914,2,unchanged_correctness
U-KihZeIfKI$_$1,2026,processed_po,1.0,2,0.6666666865348816,2,0.6779562830924988,0.6779562830924988,0.25,0.1,0.5,3,0.5,1.0512919875261513,1.1172816640963994,0.9170665548964914,2,unchanged_correctness
U-KihZeIfKI$_$6,2026,processed_po,1.0,0,-1.0,0,-1.951201558113098,-1.951201558113098,0.25,0.1,0.5,3,0.5,1.0512919875261513,1.1172816640963994,0.9170665548964914,0,unchanged_correctness
U-KihZeIfKI$_$15,2026,processed_po,1.0,2,0.6666666865348816,0,-0.0227206815034151,-0.0227206815034151,0.25,0.1,0.5,3,0.5,1.0512919875261513,1.1172816640963994,0.9170665548964914,0,unchanged_correctness
U-KihZeIfKI$_$16,2026,processed_po,1.0,2,1.0,2,1.5136109590530396,1.5136109590530396,0.25,0.1,0.5,3,0.5,1.0512919875261513,1.1172816640963994,0.9170665548964914,2,unchanged_correctness
UiurP5k-f1A$_$4,2026,processed_po,1.0,2,1.0,2,1.1059290170669556,1.1059290170669556,0.25,0.1,0.5,3,0.5,1.0512919875261513,1.1172816640963994,0.9170665548964914,2,unchanged_correctness
UjqA6KVW2m8$_$0,2026,processed_po,1.0,0,-0.3333333432674408,0,-1.499792456626892,-1.499792456626892,0.25,0.1,0.5,3,0.5,1.0512919875261513,1.1172816640963994,0.9170665548964914,0,unchanged_correctness
UjqA6KVW2m8$_$3,2026,processed_po,1.0,0,-0.6666666865348816,2,0.3180119395256042,0.3180119395256042,0.25,0.1,0.5,3,0.5,1.0512919875261513,1.1172816640963994,0.9170665548964914,2,unchanged_correctness
UjqA6KVW2m8$_$2,2026,processed_po,1.0,0,-1.3333333730697632,0,-1.399355173110962,-1.399355173110962,0.25,0.1,0.5,3,0.5,1.0512919875261513,1.1172816640963994,0.9170665548964914,0,unchanged_correctness
UjqA6KVW2m8$_$4,2026,processed_po,1.0,2,1.0,2,1.44120454788208,1.44120454788208,0.25,0.1,0.5,3,0.5,1.0512919875261513,1.1172816640963994,0.9170665548964914,2,unchanged_correctness
UweZVaFqruU$_$1,2026,processed_po,1.0,2,0.3333333432674408,2,0.2464375644922256,0.2464375644922256,0.25,0.1,0.5,3,0.5,1.0512919875261513,1.1172816640963994,0.9170665548964914,2,unchanged_correctness
UweZVaFqruU$_$5,2026,processed_po,1.0,1,0.0,1,0.0,0.097736544907093,0.25,0.1,0.5,3,0.5,1.0512919875261513,1.1172816640963994,0.9170665548964914,1,unchanged_correctness
V27mmEkN80g$_$0,2026,processed_po,1.0,1,0.0,2,0.680821418762207,0.680821418762207,0.25,0.1,0.5,3,0.5,1.0512919875261513,1.1172816640963994,0.9170665548964914,2,unchanged_correctness
VDkBM0ZG4q8$_$4,2026,processed_po,1.0,1,0.0,1,0.0,-0.1311487704515457,0.25,0.1,0.5,3,0.5,1.0512919875261513,1.1172816640963994,0.9170665548964914,1,unchanged_correctness
VDkBM0ZG4q8$_$7,2026,processed_po,1.0,2,0.3333333432674408,2,1.1244168281555176,1.1244168281555176,0.25,0.1,0.5,3,0.5,1.0512919875261513,1.1172816640963994,0.9170665548964914,2,unchanged_correctness
VLQgw-88v4Q$_$2,2026,processed_po,1.0,2,1.0,2,0.630659282207489,0.630659282207489,0.25,0.1,0.5,3,0.5,1.0512919875261513,1.1172816640963994,0.9170665548964914,2,unchanged_correctness
VLQgw-88v4Q$_$6,2026,processed_po,1.0,2,1.6666666269302368,2,0.627261757850647,0.627261757850647,0.25,0.1,0.5,3,0.5,1.0512919875261513,1.1172816640963994,0.9170665548964914,2,unchanged_correctness
VLQgw-88v4Q$_$8,2026,processed_po,1.0,2,1.3333333730697632,2,0.8063421249389648,0.8063421249389648,0.25,0.1,0.5,3,0.5,1.0512919875261513,1.1172816640963994,0.9170665548964914,2,unchanged_correctness
VXy21GwGs8o$_$0,2026,processed_po,1.0,1,0.0,2,0.7186859250068665,0.7186859250068665,0.25,0.1,0.5,3,0.5,1.0512919875261513,1.1172816640963994,0.9170665548964914,2,unchanged_correctness
Vdf1McvE9ao$_$9,2026,processed_po,1.0,1,0.0,0,-0.4541991055011749,-0.4541991055011749,0.25,0.1,0.5,3,0.5,1.0512919875261513,1.1172816640963994,0.9170665548964914,1,introduced
Vlas-mPydcg$_$17,2026,processed_po,1.0,2,0.6666666865348816,2,0.1991139203310012,0.1991139203310012,0.25,0.1,0.5,3,0.5,1.0512919875261513,1.1172816640963994,0.9170665548964914,2,unchanged_correctness
Vlas-mPydcg$_$3,2026,processed_po,1.0,2,1.0,2,0.5812878608703613,0.5812878608703613,0.25,0.1,0.5,3,0.5,1.0512919875261513,1.1172816640963994,0.9170665548964914,2,unchanged_correctness
VsXGwSZazwA$_$4,2026,processed_po,1.0,1,0.0,1,0.0,0.1468399763107299,0.25,0.1,0.5,3,0.5,1.0512919875261513,1.1172816640963994,0.9170665548964914,1,unchanged_correctness
VsXGwSZazwA$_$6,2026,processed_po,1.0,2,1.6666666269302368,2,0.2506721615791321,0.2506721615791321,0.25,0.1,0.5,3,0.5,1.0512919875261513,1.1172816640963994,0.9170665548964914,2,unchanged_correctness
VwGPIUNayKM$_$1,2026,processed_po,1.0,1,0.0,1,0.0,0.1659096032381057,0.25,0.1,0.5,3,0.5,1.0512919875261513,1.1172816640963994,0.9170665548964914,1,unchanged_correctness
VwGPIUNayKM$_$5,2026,processed_po,1.0,0,-1.0,0,-0.3645345568656921,-0.3645345568656921,0.25,0.1,0.5,3,0.5,1.0512919875261513,1.1172816640963994,0.9170665548964914,0,unchanged_correctness
VwGPIUNayKM$_$8,2026,processed_po,1.0,2,1.0,2,1.2052522897720337,1.2052522897720337,0.25,0.1,0.5,3,0.5,1.0512919875261513,1.1172816640963994,0.9170665548964914,2,unchanged_correctness
W1CWpktWtTs$_$5,2026,processed_po,1.0,2,1.0,2,1.5471675395965576,1.5471675395965576,0.25,0.1,0.5,3,0.5,1.0512919875261513,1.1172816640963994,0.9170665548964914,2,unchanged_correctness
W1CWpktWtTs$_$9,2026,processed_po,1.0,2,0.6666666865348816,2,0.5454674959182739,0.5454674959182739,0.25,0.1,0.5,3,0.5,1.0512919875261513,1.1172816640963994,0.9170665548964914,2,unchanged_correctness
WfNiQBXmPw8$_$3,2026,processed_po,1.0,0,-0.3333333432674408,0,-0.3281426429748535,-0.3281426429748535,0.25,0.1,0.5,3,0.5,1.0512919875261513,1.1172816640963994,0.9170665548964914,0,unchanged_correctness
WfNiQBXmPw8$_$5,2026,processed_po,1.0,2,0.3333333432674408,0,-0.4176271855831146,-0.4176271855831146,0.25,0.1,0.5,3,0.5,1.0512919875261513,1.1172816640963994,0.9170665548964914,0,unchanged_correctness
WgI8IbJtXHw$_$0,2026,processed_po,1.0,1,0.0,2,1.88299560546875,1.88299560546875,0.25,0.1,0.5,3,0.5,1.0512919875261513,1.1172816640963994,0.9170665548964914,2,unchanged_correctness
X2Hs89fZ2-c$_$4,2026,processed_po,1.0,2,1.0,1,0.0,0.1806012690067291,0.25,0.1,0.5,3,0.5,1.0512919875261513,1.1172816640963994,0.9170665548964914,1,unchanged_correctness
X6N7UEFJLNY$_$0,2026,processed_po,1.0,2,0.3333333432674408,2,0.6802823543548584,0.6802823543548584,0.25,0.1,0.5,3,0.5,1.0512919875261513,1.1172816640963994,0.9170665548964914,2,unchanged_correctness
X6N7UEFJLNY$_$2,2026,processed_po,1.0,1,0.0,2,0.7342280149459839,0.7342280149459839,0.25,0.1,0.5,3,0.5,1.0512919875261513,1.1172816640963994,0.9170665548964914,2,unchanged_correctness
X6N7UEFJLNY$_$4,2026,processed_po,1.0,2,0.6666666865348816,2,1.357128024101257,1.357128024101257,0.25,0.1,0.5,3,0.5,1.0512919875261513,1.1172816640963994,0.9170665548964914,2,unchanged_correctness
XDVit9ASVUg$_$2,2026,processed_po,1.0,2,0.3333333432674408,1,0.0,0.0663122609257698,0.25,0.1,0.5,3,0.5,1.0512919875261513,1.1172816640963994,0.9170665548964914,1,unchanged_correctness
XKyumlBmix8$_$0,2026,processed_po,1.0,1,0.0,2,0.3376877307891845,0.3376877307891845,0.25,0.1,0.5,3,0.5,1.0512919875261513,1.1172816640963994,0.9170665548964914,2,unchanged_correctness
XKyumlBmix8$_$2,2026,processed_po,1.0,0,-0.6666666865348816,0,-1.0476865768432615,-1.0476865768432615,0.25,0.1,0.5,3,0.5,1.0512919875261513,1.1172816640963994,0.9170665548964914,0,unchanged_correctness
XVWiAArXYpE$_$3,2026,processed_po,1.0,0,-0.6666666865348816,2,0.8566765785217285,0.8566765785217285,0.25,0.1,0.5,3,0.5,1.0512919875261513,1.1172816640963994,0.9170665548964914,2,unchanged_correctness
XVWiAArXYpE$_$4,2026,processed_po,1.0,0,-2.0,0,-1.7262117862701416,-1.7262117862701416,0.25,0.1,0.5,3,0.5,1.0512919875261513,1.1172816640963994,0.9170665548964914,0,unchanged_correctness
XVWiAArXYpE$_$9,2026,processed_po,1.0,0,-0.3333333432674408,2,0.0750332400202751,0.0750332400202751,0.25,0.1,0.5,3,0.5,1.0512919875261513,1.1172816640963994,0.9170665548964914,2,unchanged_correctness
X_TusmBIlC0$_$5,2026,processed_po,1.0,1,0.0,2,0.4317672848701477,0.4317672848701477,0.25,0.1,0.5,3,0.5,1.0512919875261513,1.1172816640963994,0.9170665548964914,2,unchanged_correctness
Xa086gxLJ3Y$_$12,2026,processed_po,1.0,2,0.3333333432674408,1,0.0,0.3763860464096069,0.25,0.1,0.5,3,0.5,1.0512919875261513,1.1172816640963994,0.9170665548964914,1,unchanged_correctness
XrNaL-MTjXg$_$3,2026,processed_po,1.0,1,0.0,2,1e-06,-0.1365779936313629,0.25,0.1,0.5,3,0.5,1.0512919875261513,1.1172816640963994,0.9170665548964914,2,unchanged_correctness
Xy57UpKRNEo$_$7,2026,processed_po,1.0,0,-1.0,0,-1.0313706398010254,-1.0313706398010254,0.25,0.1,0.5,3,0.5,1.0512919875261513,1.1172816640963994,0.9170665548964914,0,unchanged_correctness
Y8dI1GTWCk4$_$6,2026,processed_po,1.0,2,1.3333333730697632,2,1.019453763961792,1.019453763961792,0.25,0.1,0.5,3,0.5,1.0512919875261513,1.1172816640963994,0.9170665548964914,2,unchanged_correctness
YLK58srjhNI$_$3,2026,processed_po,1.0,2,0.6666666865348816,2,1.4623043537139893,1.4623043537139893,0.25,0.1,0.5,3,0.5,1.0512919875261513,1.1172816640963994,0.9170665548964914,2,unchanged_correctness
YQZPnHZRp1w$_$1,2026,processed_po,1.0,2,0.3333333432674408,2,0.2762872278690338,0.2762872278690338,0.25,0.1,0.5,3,0.5,1.0512919875261513,1.1172816640963994,0.9170665548964914,2,unchanged_correctness
YUNxD04EvfE$_$1,2026,processed_po,1.0,0,-0.3333333432674408,2,0.0353483706712722,0.0353483706712722,0.25,0.1,0.5,3,0.5,1.0512919875261513,1.1172816640963994,0.9170665548964914,2,unchanged_correctness
Z4iYSMMMycQ$_$4,2026,processed_po,1.0,2,0.6666666865348816,2,0.6900271773338318,0.6900271773338318,0.25,0.1,0.5,3,0.5,1.0512919875261513,1.1172816640963994,0.9170665548964914,2,unchanged_correctness
ZKErPftd--w$_$6,2026,processed_po,1.0,2,0.6666666865348816,2,2.148131847381592,2.148131847381592,0.25,0.1,0.5,3,0.5,1.0512919875261513,1.1172816640963994,0.9170665548964914,2,unchanged_correctness
ZKZ8UjaQQT4$_$7,2026,processed_po,1.0,1,0.0,2,0.3709821701049804,0.3709821701049804,0.25,0.1,0.5,3,0.5,1.0512919875261513,1.1172816640963994,0.9170665548964914,2,unchanged_correctness
ZS1Nb0OWYNE$_$11,2026,processed_po,1.0,2,0.6666666865348816,2,2.0256564617156982,2.0256564617156982,0.25,0.1,0.5,3,0.5,1.0512919875261513,1.1172816640963994,0.9170665548964914,2,unchanged_correctness
ZS1Nb0OWYNE$_$15,2026,processed_po,1.0,1,0.0,2,1.9468642473220823,1.9468642473220823,0.25,0.1,0.5,3,0.5,1.0512919875261513,1.1172816640963994,0.9170665548964914,2,unchanged_correctness
ZS1Nb0OWYNE$_$5,2026,processed_po,1.0,2,0.6666666865348816,2,0.5319657325744629,0.5319657325744629,0.25,0.1,0.5,3,0.5,1.0512919875261513,1.1172816640963994,0.9170665548964914,2,unchanged_correctness
ZS1Nb0OWYNE$_$9,2026,processed_po,1.0,2,2.6666667461395264,2,1.4308019876480105,1.4308019876480105,0.25,0.1,0.5,3,0.5,1.0512919875261513,1.1172816640963994,0.9170665548964914,2,unchanged_correctness
ZcFzcd4ZoMg$_$4,2026,processed_po,1.0,0,-0.3333333432674408,0,-0.1128239259123802,-0.1128239259123802,0.25,0.1,0.5,3,0.5,1.0512919875261513,1.1172816640963994,0.9170665548964914,0,unchanged_correctness
ZeH7gZw94k0$_$1,2026,processed_po,1.0,2,1.6666666269302368,2,1.5425359010696411,1.5425359010696411,0.25,0.1,0.5,3,0.5,1.0512919875261513,1.1172816640963994,0.9170665548964914,2,unchanged_correctness
ZtocGyL3Tfc$_$13,2026,processed_po,1.0,2,1.0,2,0.353065937757492,0.353065937757492,0.25,0.1,0.5,3,0.5,1.0512919875261513,1.1172816640963994,0.9170665548964914,2,unchanged_correctness
ZtocGyL3Tfc$_$10,2026,processed_po,1.0,2,1.0,2,0.7660834789276123,0.7660834789276123,0.25,0.1,0.5,3,0.5,1.0512919875261513,1.1172816640963994,0.9170665548964914,2,unchanged_correctness
ZtocGyL3Tfc$_$9,2026,processed_po,1.0,2,1.6666666269302368,2,1.542532205581665,1.542532205581665,0.25,0.1,0.5,3,0.5,1.0512919875261513,1.1172816640963994,0.9170665548964914,2,unchanged_correctness
ZznoGQVwTtw$_$4,2026,processed_po,1.0,2,1.6666666269302368,2,0.5997738838195801,0.5997738838195801,0.25,0.1,0.5,3,0.5,1.0512919875261513,1.1172816640963994,0.9170665548964914,2,unchanged_correctness
_1nvuNk7EFY$_$10,2026,processed_po,1.0,0,-0.3333333432674408,0,-1.3114908933639526,-1.3114908933639526,0.25,0.1,0.5,3,0.5,1.0512919875261513,1.1172816640963994,0.9170665548964914,0,unchanged_correctness
_OmWVs0-6UM$_$0,2026,processed_po,1.0,1,0.0,2,0.5230242013931274,0.5230242013931274,0.25,0.1,0.5,3,0.5,1.0512919875261513,1.1172816640963994,0.9170665548964914,2,unchanged_correctness
_on_E-ZWy0I$_$21,2026,processed_po,1.0,2,1.3333333730697632,2,1.014573335647583,1.014573335647583,0.25,0.1,0.5,3,0.5,1.0512919875261513,1.1172816640963994,0.9170665548964914,2,unchanged_correctness
_on_E-ZWy0I$_$3,2026,processed_po,1.0,1,0.0,0,-0.9764730930328368,-0.9764730930328368,0.25,0.1,0.5,3,0.5,1.0512919875261513,1.1172816640963994,0.9170665548964914,0,unchanged_correctness
_on_E-ZWy0I$_$12,2026,processed_po,1.0,0,-1.0,2,0.28851518034935,0.28851518034935,0.25,0.1,0.5,3,0.5,1.0512919875261513,1.1172816640963994,0.9170665548964914,2,unchanged_correctness
_q7DM8WkzAQ$_$3,2026,processed_po,1.0,2,0.6666666865348816,2,0.799872875213623,0.799872875213623,0.25,0.1,0.5,3,0.5,1.0512919875261513,1.1172816640963994,0.9170665548964914,2,unchanged_correctness
a4PHWxILDp0$_$15,2026,processed_po,1.0,1,0.0,1,0.0,0.0883291959762573,0.25,0.1,0.5,3,0.5,1.0512919875261513,1.1172816640963994,0.9170665548964914,1,unchanged_correctness
ahG9c_uaf8s$_$1,2026,processed_po,1.0,2,0.3333333432674408,2,0.9644347429275512,0.9644347429275512,0.25,0.1,0.5,3,0.5,1.0512919875261513,1.1172816640963994,0.9170665548964914,2,unchanged_correctness
ahG9c_uaf8s$_$3,2026,processed_po,1.0,2,0.3333333432674408,2,1.0020363330841064,1.0020363330841064,0.25,0.1,0.5,3,0.5,1.0512919875261513,1.1172816640963994,0.9170665548964914,2,unchanged_correctness
b92iw0OAnI4$_$7,2026,processed_po,1.0,2,1.3333333730697632,2,0.9657918214797974,0.9657918214797974,0.25,0.1,0.5,3,0.5,1.0512919875261513,1.1172816640963994,0.9170665548964914,2,unchanged_correctness
bNQOeiAotbk$_$8,2026,processed_po,1.0,1,0.0,2,0.1311075389385223,0.1311075389385223,0.25,0.1,0.5,3,0.5,1.0512919875261513,1.1172816640963994,0.9170665548964914,2,unchanged_correctness
bdFCD-3BCRg$_$2,2026,processed_po,1.0,2,1.0,2,1.4100756645202637,1.4100756645202637,0.25,0.1,0.5,3,0.5,1.0512919875261513,1.1172816640963994,0.9170665548964914,2,unchanged_correctness
bdFCD-3BCRg$_$11,2026,processed_po,1.0,2,0.6666666865348816,2,0.96523916721344,0.96523916721344,0.25,0.1,0.5,3,0.5,1.0512919875261513,1.1172816640963994,0.9170665548964914,2,unchanged_correctness
bdFCD-3BCRg$_$12,2026,processed_po,1.0,2,1.0,2,1.218456745147705,1.218456745147705,0.25,0.1,0.5,3,0.5,1.0512919875261513,1.1172816640963994,0.9170665548964914,2,unchanged_correctness
c5VEvmutmVg$_$13,2026,processed_po,1.0,2,1.0,2,0.7834323048591614,0.7834323048591614,0.25,0.1,0.5,3,0.5,1.0512919875261513,1.1172816640963994,0.9170665548964914,2,unchanged_correctness
c5VEvmutmVg$_$19,2026,processed_po,1.0,1,0.0,2,0.4971053600311279,0.4971053600311279,0.25,0.1,0.5,3,0.5,1.0512919875261513,1.1172816640963994,0.9170665548964914,2,unchanged_correctness
c5VEvmutmVg$_$0,2026,processed_po,1.0,2,1.6666666269302368,2,1.940727710723877,1.940727710723877,0.25,0.1,0.5,3,0.5,1.0512919875261513,1.1172816640963994,0.9170665548964914,2,unchanged_correctness
c5zxqITn3ZM$_$5,2026,processed_po,1.0,2,0.6666666865348816,0,-1.5898315906524658,-1.5898315906524658,0.25,0.1,0.5,3,0.5,1.0512919875261513,1.1172816640963994,0.9170665548964914,0,unchanged_correctness
c5zxqITn3ZM$_$6,2026,processed_po,1.0,2,1.0,2,0.8171001672744751,0.8171001672744751,0.25,0.1,0.5,3,0.5,1.0512919875261513,1.1172816640963994,0.9170665548964914,2,unchanged_correctness
c9hE1ghElrM$_$2,2026,processed_po,1.0,1,0.0,1,0.0,-0.2040636241436004,0.25,0.1,0.5,3,0.5,1.0512919875261513,1.1172816640963994,0.9170665548964914,1,unchanged_correctness
c9hE1ghElrM$_$4,2026,processed_po,1.0,1,0.0,0,-0.6108371019363403,-0.6108371019363403,0.25,0.1,0.5,3,0.5,1.0512919875261513,1.1172816640963994,0.9170665548964914,0,unchanged_correctness
cW-aX4dPVfk$_$4,2026,processed_po,1.0,0,-0.3333333432674408,1,0.0,0.0778886303305625,0.25,0.1,0.5,3,0.5,1.0512919875261513,1.1172816640963994,0.9170665548964914,1,unchanged_correctness
cW-aX4dPVfk$_$11,2026,processed_po,1.0,2,0.3333333432674408,2,1.0368638038635254,1.0368638038635254,0.25,0.1,0.5,3,0.5,1.0512919875261513,1.1172816640963994,0.9170665548964914,2,unchanged_correctness
cW-aX4dPVfk$_$32,2026,processed_po,1.0,2,1.6666666269302368,2,1.1427052021026611,1.1427052021026611,0.25,0.1,0.5,3,0.5,1.0512919875261513,1.1172816640963994,0.9170665548964914,2,unchanged_correctness
cW-aX4dPVfk$_$30,2026,processed_po,1.0,2,2.3333332538604736,2,1.9227511882781985,1.9227511882781985,0.25,0.1,0.5,3,0.5,1.0512919875261513,1.1172816640963994,0.9170665548964914,2,unchanged_correctness
cml9rShionM$_$3,2026,processed_po,1.0,0,-0.3333333432674408,2,1.8173229694366453,1.8173229694366453,0.25,0.1,0.5,3,0.5,1.0512919875261513,1.1172816640963994,0.9170665548964914,2,unchanged_correctness
d-Uw_uZyUys$_$1,2026,processed_po,1.0,0,-2.3333332538604736,1,0.0,0.2599799633026123,0.25,0.1,0.5,3,0.5,1.0512919875261513,1.1172816640963994,0.9170665548964914,1,unchanged_correctness
d-Uw_uZyUys$_$6,2026,processed_po,1.0,0,-2.3333332538604736,0,-0.7026229500770569,-0.7026229500770569,0.25,0.1,0.5,3,0.5,1.0512919875261513,1.1172816640963994,0.9170665548964914,0,unchanged_correctness
dHk--ExZbHs$_$7,2026,processed_po,1.0,2,0.6666666865348816,2,0.3358840346336365,0.3358840346336365,0.25,0.1,0.5,3,0.5,1.0512919875261513,1.1172816640963994,0.9170665548964914,2,unchanged_correctness
dR68gbeOWOc$_$1,2026,processed_po,1.0,2,0.3333333432674408,2,0.4704414904117584,0.4704414904117584,0.25,0.1,0.5,3,0.5,1.0512919875261513,1.1172816640963994,0.9170665548964914,2,unchanged_correctness
dTcz1am1eUw$_$2,2026,processed_po,1.0,2,1.3333333730697632,2,1.3548386096954346,1.3548386096954346,0.25,0.1,0.5,3,0.5,1.0512919875261513,1.1172816640963994,0.9170665548964914,2,unchanged_correctness
ddWHTdJz2O8$_$1,2026,processed_po,1.0,0,-0.3333333432674408,2,0.4063872694969177,0.4063872694969177,0.25,0.1,0.5,3,0.5,1.0512919875261513,1.1172816640963994,0.9170665548964914,2,unchanged_correctness
dlE05KC95uk$_$11,2026,processed_po,1.0,2,0.3333333432674408,1,0.0,0.2667394280433655,0.25,0.1,0.5,3,0.5,1.0512919875261513,1.1172816640963994,0.9170665548964914,2,introduced
eE8Qr9fOvVA$_$2,2026,processed_po,1.0,0,-1.3333333730697632,1,0.0,0.4685965776443481,0.25,0.1,0.5,3,0.5,1.0512919875261513,1.1172816640963994,0.9170665548964914,2,unchanged_correctness
eFV7iFPYZB4$_$12,2026,processed_po,1.0,2,1.6666666269302368,2,1.231805682182312,1.231805682182312,0.25,0.1,0.5,3,0.5,1.0512919875261513,1.1172816640963994,0.9170665548964914,2,unchanged_correctness
eFV7iFPYZB4$_$14,2026,processed_po,1.0,2,1.3333333730697632,2,1.161299705505371,1.161299705505371,0.25,0.1,0.5,3,0.5,1.0512919875261513,1.1172816640963994,0.9170665548964914,2,unchanged_correctness
eJfT7-dDqzA$_$3,2026,processed_po,1.0,2,0.6666666865348816,0,-1e-06,0.0171049758791923,0.25,0.1,0.5,3,0.5,1.0512919875261513,1.1172816640963994,0.9170665548964914,0,unchanged_correctness
eJfT7-dDqzA$_$2,2026,processed_po,1.0,2,0.6666666865348816,2,1.0975561141967771,1.0975561141967771,0.25,0.1,0.5,3,0.5,1.0512919875261513,1.1172816640963994,0.9170665548964914,2,unchanged_correctness
eJfT7-dDqzA$_$7,2026,processed_po,1.0,2,0.6666666865348816,2,0.880955696105957,0.880955696105957,0.25,0.1,0.5,3,0.5,1.0512919875261513,1.1172816640963994,0.9170665548964914,2,unchanged_correctness
eKQKEi2-0Ws$_$0,2026,processed_po,1.0,1,0.0,2,0.5824687480926514,0.5824687480926514,0.25,0.1,0.5,3,0.5,1.0512919875261513,1.1172816640963994,0.9170665548964914,2,unchanged_correctness
eQc5uI7FKCU$_$5,2026,processed_po,1.0,2,0.3333333432674408,2,0.3291161358356476,0.3291161358356476,0.25,0.1,0.5,3,0.5,1.0512919875261513,1.1172816640963994,0.9170665548964914,2,unchanged_correctness
ey1lr8wFFDc$_$0,2026,processed_po,1.0,2,0.6666666865348816,2,1.21183443069458,1.21183443069458,0.25,0.1,0.5,3,0.5,1.0512919875261513,1.1172816640963994,0.9170665548964914,2,unchanged_correctness
f-VdKweez2U$_$4,2026,processed_po,1.0,1,0.0,2,0.7141615152359009,0.7141615152359009,0.25,0.1,0.5,3,0.5,1.0512919875261513,1.1172816640963994,0.9170665548964914,2,unchanged_correctness
f8Puta8k8fU$_$1,2026,processed_po,1.0,1,0.0,0,-0.3707565069198608,-0.3707565069198608,0.25,0.1,0.5,3,0.5,1.0512919875261513,1.1172816640963994,0.9170665548964914,0,unchanged_correctness
fT6SrlsWV7M$_$12,2026,processed_po,1.0,0,-1.3333333730697632,2,0.4258427619934082,0.4258427619934082,0.25,0.1,0.5,3,0.5,1.0512919875261513,1.1172816640963994,0.9170665548964914,2,unchanged_correctness
fWAKek8jA5M$_$0,2026,processed_po,1.0,0,-1.6666666269302368,0,-1.804058074951172,-1.804058074951172,0.25,0.1,0.5,3,0.5,1.0512919875261513,1.1172816640963994,0.9170665548964914,0,unchanged_correctness
fWAKek8jA5M$_$3,2026,processed_po,1.0,0,-1.3333333730697632,2,0.3710139393806457,0.3710139393806457,0.25,0.1,0.5,3,0.5,1.0512919875261513,1.1172816640963994,0.9170665548964914,2,unchanged_correctness
fWAKek8jA5M$_$4,2026,processed_po,1.0,1,0.0,0,-0.3780162930488586,-0.3780162930488586,0.25,0.1,0.5,3,0.5,1.0512919875261513,1.1172816640963994,0.9170665548964914,0,unchanged_correctness
frCWtiam4tE$_$0,2026,processed_po,1.0,2,1.6666666269302368,2,0.5511499643325806,0.5511499643325806,0.25,0.1,0.5,3,0.5,1.0512919875261513,1.1172816640963994,0.9170665548964914,2,unchanged_correctness
fsBzpr4k3rY$_$0,2026,processed_po,1.0,2,2.0,0,-0.0047182813286781,-0.0047182813286781,0.25,0.1,0.5,3,0.5,1.0512919875261513,1.1172816640963994,0.9170665548964914,0,unchanged_correctness
fz-MzQcOBwQ$_$1,2026,processed_po,1.0,2,1.3333333730697632,2,0.6328279376029968,0.6328279376029968,0.25,0.1,0.5,3,0.5,1.0512919875261513,1.1172816640963994,0.9170665548964914,2,unchanged_correctness
gE7kUqMqQ9g$_$2,2026,processed_po,1.0,0,-0.6666666865348816,0,-1.232377290725708,-1.232377290725708,0.25,0.1,0.5,3,0.5,1.0512919875261513,1.1172816640963994,0.9170665548964914,0,unchanged_correctness
gJjkCPO7iXg$_$1,2026,processed_po,1.0,2,1.0,2,1.1693158149719238,1.1693158149719238,0.25,0.1,0.5,3,0.5,1.0512919875261513,1.1172816640963994,0.9170665548964914,2,unchanged_correctness
gJjkCPO7iXg$_$0,2026,processed_po,1.0,2,1.0,2,0.4189007878303528,0.4189007878303528,0.25,0.1,0.5,3,0.5,1.0512919875261513,1.1172816640963994,0.9170665548964914,2,unchanged_correctness
gLTxaEcx41E$_$2,2026,processed_po,1.0,1,0.0,2,0.4338249564170837,0.4338249564170837,0.25,0.1,0.5,3,0.5,1.0512919875261513,1.1172816640963994,0.9170665548964914,2,unchanged_correctness
gLTxaEcx41E$_$4,2026,processed_po,1.0,1,0.0,0,-0.9865044951438904,-0.9865044951438904,0.25,0.1,0.5,3,0.5,1.0512919875261513,1.1172816640963994,0.9170665548964914,0,unchanged_correctness
gLTxaEcx41E$_$7,2026,processed_po,1.0,1,0.0,2,0.0682290717959404,0.0682290717959404,0.25,0.1,0.5,3,0.5,1.0512919875261513,1.1172816640963994,0.9170665548964914,2,unchanged_correctness
gLTxaEcx41E$_$6,2026,processed_po,1.0,2,0.3333333432674408,2,0.5280233025550842,0.5280233025550842,0.25,0.1,0.5,3,0.5,1.0512919875261513,1.1172816640963994,0.9170665548964914,2,unchanged_correctness
gcFECfN4BCU$_$23,2026,processed_po,1.0,2,2.0,2,1.7690352201461792,1.7690352201461792,0.25,0.1,0.5,3,0.5,1.0512919875261513,1.1172816640963994,0.9170665548964914,2,unchanged_correctness
gcFECfN4BCU$_$10,2026,processed_po,1.0,2,0.6666666865348816,2,1.5405104160308838,1.5405104160308838,0.25,0.1,0.5,3,0.5,1.0512919875261513,1.1172816640963994,0.9170665548964914,2,unchanged_correctness
gcFECfN4BCU$_$15,2026,processed_po,1.0,2,1.3333333730697632,2,1.047249674797058,1.047249674797058,0.25,0.1,0.5,3,0.5,1.0512919875261513,1.1172816640963994,0.9170665548964914,2,unchanged_correctness
gpn71-aKWwQ$_$2,2026,processed_po,1.0,2,1.6666666269302368,2,1.4679388999938965,1.4679388999938965,0.25,0.1,0.5,3,0.5,1.0512919875261513,1.1172816640963994,0.9170665548964914,2,unchanged_correctness
h1ZZHUU4j0k$_$3,2026,processed_po,1.0,2,0.6666666865348816,2,0.6945934295654297,0.6945934295654297,0.25,0.1,0.5,3,0.5,1.0512919875261513,1.1172816640963994,0.9170665548964914,2,unchanged_correctness
h1ZZHUU4j0k$_$4,2026,processed_po,1.0,2,0.6666666865348816,0,-1.2535994052886963,-1.2535994052886963,0.25,0.1,0.5,3,0.5,1.0512919875261513,1.1172816640963994,0.9170665548964914,0,unchanged_correctness
h1ZZHUU4j0k$_$10,2026,processed_po,1.0,2,1.0,2,0.2622149884700775,0.2622149884700775,0.25,0.1,0.5,3,0.5,1.0512919875261513,1.1172816640963994,0.9170665548964914,2,unchanged_correctness
h1ZZHUU4j0k$_$13,2026,processed_po,1.0,0,-1.0,0,-1.1565585136413574,-1.1565585136413574,0.25,0.1,0.5,3,0.5,1.0512919875261513,1.1172816640963994,0.9170665548964914,0,unchanged_correctness
iQDB_OkAQWs$_$4,2026,processed_po,1.0,1,0.0,0,-1.198578119277954,-1.198578119277954,0.25,0.1,0.5,3,0.5,1.0512919875261513,1.1172816640963994,0.9170665548964914,0,unchanged_correctness
iXiMifHNKPI$_$8,2026,processed_po,1.0,2,0.3333333432674408,2,0.3469246029853821,0.3469246029853821,0.25,0.1,0.5,3,0.5,1.0512919875261513,1.1172816640963994,0.9170665548964914,2,unchanged_correctness
j1m6ctAgjsM$_$1,2026,processed_po,1.0,2,1.3333333730697632,2,1.253554105758667,1.253554105758667,0.25,0.1,0.5,3,0.5,1.0512919875261513,1.1172816640963994,0.9170665548964914,2,unchanged_correctness
j1m6ctAgjsM$_$2,2026,processed_po,1.0,2,1.0,2,0.6178778409957886,0.6178778409957886,0.25,0.1,0.5,3,0.5,1.0512919875261513,1.1172816640963994,0.9170665548964914,2,unchanged_correctness
j1m6ctAgjsM$_$4,2026,processed_po,1.0,2,0.3333333432674408,2,0.3357468545436859,0.3357468545436859,0.25,0.1,0.5,3,0.5,1.0512919875261513,1.1172816640963994,0.9170665548964914,2,unchanged_correctness
j1m6ctAgjsM$_$14,2026,processed_po,1.0,1,0.0,2,0.4146597981452942,0.4146597981452942,0.25,0.1,0.5,3,0.5,1.0512919875261513,1.1172816640963994,0.9170665548964914,2,unchanged_correctness
j1m6ctAgjsM$_$18,2026,processed_po,1.0,2,1.0,1,0.0,0.4468944072723388,0.25,0.1,0.5,3,0.5,1.0512919875261513,1.1172816640963994,0.9170665548964914,1,unchanged_correctness
j1m6ctAgjsM$_$30,2026,processed_po,1.0,2,0.3333333432674408,2,0.2194979935884475,0.2194979935884475,0.25,0.1,0.5,3,0.5,1.0512919875261513,1.1172816640963994,0.9170665548964914,2,unchanged_correctness
j1m6ctAgjsM$_$35,2026,processed_po,1.0,2,1.0,2,0.5427821278572083,0.5427821278572083,0.25,0.1,0.5,3,0.5,1.0512919875261513,1.1172816640963994,0.9170665548964914,2,unchanged_correctness
j1m6ctAgjsM$_$33,2026,processed_po,1.0,2,0.3333333432674408,2,0.2096595466136932,0.2096595466136932,0.25,0.1,0.5,3,0.5,1.0512919875261513,1.1172816640963994,0.9170665548964914,2,unchanged_correctness
j1m6ctAgjsM$_$37,2026,processed_po,1.0,1,0.0,2,0.1396953165531158,0.1396953165531158,0.25,0.1,0.5,3,0.5,1.0512919875261513,1.1172816640963994,0.9170665548964914,2,unchanged_correctness
jXQmVFcOiUI$_$0,2026,processed_po,1.0,2,1.0,2,1.239959716796875,1.239959716796875,0.25,0.1,0.5,3,0.5,1.0512919875261513,1.1172816640963994,0.9170665548964914,2,unchanged_correctness
jj8aSNPHMw8$_$14,2026,processed_po,1.0,1,0.0,0,-0.3480375111103058,-0.3480375111103058,0.25,0.1,0.5,3,0.5,1.0512919875261513,1.1172816640963994,0.9170665548964914,0,unchanged_correctness
jj8aSNPHMw8$_$5,2026,processed_po,1.0,0,-1.3333333730697632,2,0.1180695220828056,0.1180695220828056,0.25,0.1,0.5,3,0.5,1.0512919875261513,1.1172816640963994,0.9170665548964914,2,unchanged_correctness
jqutn5ou8_0$_$6,2026,processed_po,1.0,2,0.6666666865348816,2,0.558100700378418,0.558100700378418,0.25,0.1,0.5,3,0.5,1.0512919875261513,1.1172816640963994,0.9170665548964914,2,unchanged_correctness
jscKL5jS-SQ$_$17,2026,processed_po,1.0,2,1.0,2,1.2019537687301636,1.2019537687301636,0.25,0.1,0.5,3,0.5,1.0512919875261513,1.1172816640963994,0.9170665548964914,2,unchanged_correctness
kaudsLIvYC8$_$0,2026,processed_po,1.0,2,1.6666666269302368,2,1.036077857017517,1.036077857017517,0.25,0.1,0.5,3,0.5,1.0512919875261513,1.1172816640963994,0.9170665548964914,2,unchanged_correctness
kg-W6-hP2Do$_$3,2026,processed_po,1.0,1,0.0,2,1.1621824502944946,1.1621824502944946,0.25,0.1,0.5,3,0.5,1.0512919875261513,1.1172816640963994,0.9170665548964914,2,unchanged_correctness
kpS4BXif_Sw$_$12,2026,processed_po,1.0,0,-2.0,0,-1.3159637451171875,-1.3159637451171875,0.25,0.1,0.5,3,0.5,1.0512919875261513,1.1172816640963994,0.9170665548964914,0,unchanged_correctness
kpS4BXif_Sw$_$15,2026,processed_po,1.0,2,1.3333333730697632,2,0.346122682094574,0.346122682094574,0.25,0.1,0.5,3,0.5,1.0512919875261513,1.1172816640963994,0.9170665548964914,2,unchanged_correctness
kpS4BXif_Sw$_$4,2026,processed_po,1.0,1,0.0,2,0.9366227388381958,0.9366227388381958,0.25,0.1,0.5,3,0.5,1.0512919875261513,1.1172816640963994,0.9170665548964914,2,unchanged_correctness
kpS4BXif_Sw$_$8,2026,processed_po,1.0,0,-1.0,0,-1.3186135292053225,-1.3186135292053225,0.25,0.1,0.5,3,0.5,1.0512919875261513,1.1172816640963994,0.9170665548964914,0,unchanged_correctness
ktblaVOnFVE$_$4,2026,processed_po,1.0,2,1.3333333730697632,2,0.5521043539047241,0.5521043539047241,0.25,0.1,0.5,3,0.5,1.0512919875261513,1.1172816640963994,0.9170665548964914,2,unchanged_correctness
l0vCKpk6Aes$_$24,2026,processed_po,1.0,1,0.0,2,0.9861346483230592,0.9861346483230592,0.25,0.1,0.5,3,0.5,1.0512919875261513,1.1172816640963994,0.9170665548964914,2,unchanged_correctness
l0vCKpk6Aes$_$12,2026,processed_po,1.0,2,1.0,2,1.1714762449264526,1.1714762449264526,0.25,0.1,0.5,3,0.5,1.0512919875261513,1.1172816640963994,0.9170665548964914,2,unchanged_correctness
l0vCKpk6Aes$_$19,2026,processed_po,1.0,1,0.0,2,0.5259348750114441,0.5259348750114441,0.25,0.1,0.5,3,0.5,1.0512919875261513,1.1172816640963994,0.9170665548964914,2,unchanged_correctness
l4oMbKDuW3Y$_$3,2026,processed_po,1.0,0,-0.6666666865348816,0,-2.263313055038452,-2.263313055038452,0.25,0.1,0.5,3,0.5,1.0512919875261513,1.1172816640963994,0.9170665548964914,0,unchanged_correctness
lD4xtQ6NpDY$_$2,2026,processed_po,1.0,1,0.0,2,1e-06,-0.0973535776138305,0.25,0.1,0.5,3,0.5,1.0512919875261513,1.1172816640963994,0.9170665548964914,2,unchanged_correctness
lYwgLa4R5XQ$_$1,2026,processed_po,1.0,1,0.0,2,0.1956823468208313,0.1956823468208313,0.25,0.1,0.5,3,0.5,1.0512919875261513,1.1172816640963994,0.9170665548964914,2,unchanged_correctness
lkIe41StoGI$_$10,2026,processed_po,1.0,1,0.0,1,0.0,-0.0782046243548393,0.25,0.1,0.5,3,0.5,1.0512919875261513,1.1172816640963994,0.9170665548964914,1,unchanged_correctness
lkIe41StoGI$_$3,2026,processed_po,1.0,2,0.6666666865348816,2,0.6526074409484863,0.6526074409484863,0.25,0.1,0.5,3,0.5,1.0512919875261513,1.1172816640963994,0.9170665548964914,2,unchanged_correctness
lkIe41StoGI$_$2,2026,processed_po,1.0,2,0.6666666865348816,0,-1e-06,0.211407870054245,0.25,0.1,0.5,3,0.5,1.0512919875261513,1.1172816640963994,0.9170665548964914,0,unchanged_correctness
lkIe41StoGI$_$8,2026,processed_po,1.0,1,0.0,1,0.0,0.1150309145450592,0.25,0.1,0.5,3,0.5,1.0512919875261513,1.1172816640963994,0.9170665548964914,1,unchanged_correctness
lwL4hjhkid4$_$1,2026,processed_po,1.0,1,0.0,1,0.0,0.2227443605661392,0.25,0.1,0.5,3,0.5,1.0512919875261513,1.1172816640963994,0.9170665548964914,1,unchanged_correctness
lwL4hjhkid4$_$3,2026,processed_po,1.0,2,2.0,2,0.4856019616127014,0.4856019616127014,0.25,0.1,0.5,3,0.5,1.0512919875261513,1.1172816640963994,0.9170665548964914,2,unchanged_correctness
lwL4hjhkid4$_$6,2026,processed_po,1.0,2,0.3333333432674408,2,0.8628621697425842,0.8628621697425842,0.25,0.1,0.5,3,0.5,1.0512919875261513,1.1172816640963994,0.9170665548964914,2,unchanged_correctness
m-7yRWZLwLY$_$0,2026,processed_po,1.0,1,0.0,2,0.3245114088058471,0.3245114088058471,0.25,0.1,0.5,3,0.5,1.0512919875261513,1.1172816640963994,0.9170665548964914,2,unchanged_correctness
mVnqP-vLpuo$_$0,2026,processed_po,1.0,2,0.6666666865348816,2,1.06590735912323,1.06590735912323,0.25,0.1,0.5,3,0.5,1.0512919875261513,1.1172816640963994,0.9170665548964914,2,unchanged_correctness
mZ_8em_-CGc$_$7,2026,processed_po,1.0,2,0.6666666865348816,2,0.654080867767334,0.654080867767334,0.25,0.1,0.5,3,0.5,1.0512919875261513,1.1172816640963994,0.9170665548964914,2,unchanged_correctness
mgsvwAVQAQo$_$4,2026,processed_po,1.0,2,0.3333333432674408,2,0.3232815861701965,0.3232815861701965,0.25,0.1,0.5,3,0.5,1.0512919875261513,1.1172816640963994,0.9170665548964914,2,unchanged_correctness
mmg_eTDHjkk$_$5,2026,processed_po,1.0,2,0.3333333432674408,2,0.057932823896408,0.057932823896408,0.25,0.1,0.5,3,0.5,1.0512919875261513,1.1172816640963994,0.9170665548964914,2,unchanged_correctness
mmg_eTDHjkk$_$8,2026,processed_po,1.0,2,0.6666666865348816,2,0.2299644947052002,0.2299644947052002,0.25,0.1,0.5,3,0.5,1.0512919875261513,1.1172816640963994,0.9170665548964914,2,unchanged_correctness
mmg_eTDHjkk$_$15,2026,processed_po,1.0,2,1.0,2,0.1859785616397857,0.1859785616397857,0.25,0.1,0.5,3,0.5,1.0512919875261513,1.1172816640963994,0.9170665548964914,2,unchanged_correctness
mzAu5gxjE-w$_$2,2026,processed_po,1.0,2,1.6666666269302368,2,2.039828062057495,2.039828062057495,0.25,0.1,0.5,3,0.5,1.0512919875261513,1.1172816640963994,0.9170665548964914,2,unchanged_correctness
nFTo-Lz4Fr8$_$1,2026,processed_po,1.0,2,0.6666666865348816,2,1.6013593673706057,1.6013593673706057,0.25,0.1,0.5,3,0.5,1.0512919875261513,1.1172816640963994,0.9170665548964914,2,unchanged_correctness
nZFPKP9kBkw$_$4,2026,processed_po,1.0,1,0.0,2,1.6888500452041626,1.6888500452041626,0.25,0.1,0.5,3,0.5,1.0512919875261513,1.1172816640963994,0.9170665548964914,2,unchanged_correctness
namehdJxRIM$_$1,2026,processed_po,1.0,2,0.3333333432674408,2,0.4927408695220947,0.4927408695220947,0.25,0.1,0.5,3,0.5,1.0512919875261513,1.1172816640963994,0.9170665548964914,2,unchanged_correctness
o2XbNJDpOlc$_$6,2026,processed_po,1.0,2,1.6666666269302368,0,-1e-06,0.1143627315759658,0.25,0.1,0.5,3,0.5,1.0512919875261513,1.1172816640963994,0.9170665548964914,0,unchanged_correctness
oBS-IW-BO00$_$3,2026,processed_po,1.0,1,0.0,2,0.3061215579509735,0.3061215579509735,0.25,0.1,0.5,3,0.5,1.0512919875261513,1.1172816640963994,0.9170665548964914,2,unchanged_correctness
oHff2W51wZ8$_$1,2026,processed_po,1.0,2,1.3333333730697632,2,1.2199885845184326,1.2199885845184326,0.25,0.1,0.5,3,0.5,1.0512919875261513,1.1172816640963994,0.9170665548964914,2,unchanged_correctness
oHff2W51wZ8$_$2,2026,processed_po,1.0,2,2.0,2,1.4792146682739258,1.4792146682739258,0.25,0.1,0.5,3,0.5,1.0512919875261513,1.1172816640963994,0.9170665548964914,2,unchanged_correctness
oHff2W51wZ8$_$5,2026,processed_po,1.0,2,2.6666667461395264,2,1.107793211936951,1.107793211936951,0.25,0.1,0.5,3,0.5,1.0512919875261513,1.1172816640963994,0.9170665548964914,2,unchanged_correctness
oPlnhc0DkcU$_$1,2026,processed_po,1.0,0,-0.3333333432674408,0,-0.7008646726608276,-0.7008646726608276,0.25,0.1,0.5,3,0.5,1.0512919875261513,1.1172816640963994,0.9170665548964914,0,unchanged_correctness
oZxMx8e0x2U$_$2,2026,processed_po,1.0,2,0.3333333432674408,0,-1.0439200401306152,-1.0439200401306152,0.25,0.1,0.5,3,0.5,1.0512919875261513,1.1172816640963994,0.9170665548964914,0,unchanged_correctness
obGF3RfWQKE$_$24,2026,processed_po,1.0,1,0.0,0,-0.4702358841896057,-0.4702358841896057,0.25,0.1,0.5,3,0.5,1.0512919875261513,1.1172816640963994,0.9170665548964914,0,unchanged_correctness
obGF3RfWQKE$_$3,2026,processed_po,1.0,2,1.3333333730697632,2,1.866978406906128,1.866978406906128,0.25,0.1,0.5,3,0.5,1.0512919875261513,1.1172816640963994,0.9170665548964914,2,unchanged_correctness
ossKC1VrusE$_$3,2026,processed_po,1.0,2,0.6666666865348816,2,0.4969156086444855,0.4969156086444855,0.25,0.1,0.5,3,0.5,1.0512919875261513,1.1172816640963994,0.9170665548964914,2,unchanged_correctness
ossKC1VrusE$_$2,2026,processed_po,1.0,2,1.6666666269302368,2,0.9781237840652466,0.9781237840652466,0.25,0.1,0.5,3,0.5,1.0512919875261513,1.1172816640963994,0.9170665548964914,2,unchanged_correctness
ozA7pRW4gFM$_$7,2026,processed_po,1.0,1,0.0,0,-0.0015398559626191,-0.0015398559626191,0.25,0.1,0.5,3,0.5,1.0512919875261513,1.1172816640963994,0.9170665548964914,0,unchanged_correctness
p4WmcxrXkc4$_$0,2026,processed_po,1.0,2,0.3333333432674408,2,0.7661205530166626,0.7661205530166626,0.25,0.1,0.5,3,0.5,1.0512919875261513,1.1172816640963994,0.9170665548964914,2,unchanged_correctness
p7zuPEZgtY4$_$0,2026,processed_po,1.0,2,0.3333333432674408,2,0.3470440506935119,0.3470440506935119,0.25,0.1,0.5,3,0.5,1.0512919875261513,1.1172816640963994,0.9170665548964914,2,unchanged_correctness
pIaEcqnzI-s$_$3,2026,processed_po,1.0,2,0.3333333432674408,2,0.5107988715171814,0.5107988715171814,0.25,0.1,0.5,3,0.5,1.0512919875261513,1.1172816640963994,0.9170665548964914,2,unchanged_correctness
pIaEcqnzI-s$_$5,2026,processed_po,1.0,0,-0.3333333432674408,1,0.0,0.348667562007904,0.25,0.1,0.5,3,0.5,1.0512919875261513,1.1172816640963994,0.9170665548964914,1,unchanged_correctness
pIaEcqnzI-s$_$7,2026,processed_po,1.0,0,-0.3333333432674408,1,0.0,0.2284369170665741,0.25,0.1,0.5,3,0.5,1.0512919875261513,1.1172816640963994,0.9170665548964914,1,unchanged_correctness
pIaEcqnzI-s$_$6,2026,processed_po,1.0,1,0.0,1,0.0,0.3684666156768799,0.25,0.1,0.5,3,0.5,1.0512919875261513,1.1172816640963994,0.9170665548964914,1,unchanged_correctness
pQpy7RSfWzM$_$19,2026,processed_po,1.0,2,0.3333333432674408,2,1.0457719564437866,1.0457719564437866,0.25,0.1,0.5,3,0.5,1.0512919875261513,1.1172816640963994,0.9170665548964914,2,unchanged_correctness
pQpy7RSfWzM$_$8,2026,processed_po,1.0,1,0.0,2,0.1225678473711013,0.1225678473711013,0.25,0.1,0.5,3,0.5,1.0512919875261513,1.1172816640963994,0.9170665548964914,2,unchanged_correctness
pSxte-ms0t8$_$33,2026,processed_po,1.0,0,-0.3333333432674408,0,-1e-06,0.0290203616023063,0.25,0.1,0.5,3,0.5,1.0512919875261513,1.1172816640963994,0.9170665548964914,0,unchanged_correctness
pSxte-ms0t8$_$2,2026,processed_po,1.0,2,0.6666666865348816,0,-1e-06,0.0515144616365432,0.25,0.1,0.5,3,0.5,1.0512919875261513,1.1172816640963994,0.9170665548964914,2,introduced
pSxte-ms0t8$_$7,2026,processed_po,1.0,0,-2.0,0,-1.893675684928894,-1.893675684928894,0.25,0.1,0.5,3,0.5,1.0512919875261513,1.1172816640963994,0.9170665548964914,0,unchanged_correctness
pSxte-ms0t8$_$6,2026,processed_po,1.0,2,1.0,2,0.5224716663360596,0.5224716663360596,0.25,0.1,0.5,3,0.5,1.0512919875261513,1.1172816640963994,0.9170665548964914,2,unchanged_correctness
pZye4zFzk3o$_$2,2026,processed_po,1.0,0,-0.6666666865348816,2,0.7054113745689392,0.7054113745689392,0.25,0.1,0.5,3,0.5,1.0512919875261513,1.1172816640963994,0.9170665548964914,2,unchanged_correctness
pZye4zFzk3o$_$5,2026,processed_po,1.0,0,-0.6666666865348816,0,-0.8957456946372986,-0.8957456946372986,0.25,0.1,0.5,3,0.5,1.0512919875261513,1.1172816640963994,0.9170665548964914,0,unchanged_correctness
pnpFPX34Agk$_$2,2026,processed_po,1.0,2,0.3333333432674408,1,0.0,0.1461971551179886,0.25,0.1,0.5,3,0.5,1.0512919875261513,1.1172816640963994,0.9170665548964914,1,unchanged_correctness
q5M1God4M6Y$_$9,2026,processed_po,1.0,2,0.6666666865348816,1,0.0,0.0986313968896865,0.25,0.1,0.5,3,0.5,1.0512919875261513,1.1172816640963994,0.9170665548964914,1,unchanged_correctness
qDfSYz0PX9g$_$0,2026,processed_po,1.0,0,-2.0,0,-1.4529095888137815,-1.4529095888137815,0.25,0.1,0.5,3,0.5,1.0512919875261513,1.1172816640963994,0.9170665548964914,0,unchanged_correctness
qDfSYz0PX9g$_$8,2026,processed_po,1.0,0,-0.6666666865348816,0,-1.3118319511413574,-1.3118319511413574,0.25,0.1,0.5,3,0.5,1.0512919875261513,1.1172816640963994,0.9170665548964914,0,unchanged_correctness
qEuJj4uW93E$_$1,2026,processed_po,1.0,1,0.0,2,0.486931174993515,0.486931174993515,0.25,0.1,0.5,3,0.5,1.0512919875261513,1.1172816640963994,0.9170665548964914,2,unchanged_correctness
qgC8_emxSIU$_$6,2026,processed_po,1.0,1,0.0,2,0.1402585506439209,0.1402585506439209,0.25,0.1,0.5,3,0.5,1.0512919875261513,1.1172816640963994,0.9170665548964914,2,unchanged_correctness
r46amqjpWgg$_$26,2026,processed_po,1.0,2,0.6666666865348816,2,1.1874662637710571,1.1874662637710571,0.25,0.1,0.5,3,0.5,1.0512919875261513,1.1172816640963994,0.9170665548964914,2,unchanged_correctness
r46amqjpWgg$_$22,2026,processed_po,1.0,2,0.6666666865348816,2,1.153564691543579,1.153564691543579,0.25,0.1,0.5,3,0.5,1.0512919875261513,1.1172816640963994,0.9170665548964914,2,unchanged_correctness
r46amqjpWgg$_$6,2026,processed_po,1.0,2,1.3333333730697632,2,0.7581102848052979,0.7581102848052979,0.25,0.1,0.5,3,0.5,1.0512919875261513,1.1172816640963994,0.9170665548964914,2,unchanged_correctness
r46amqjpWgg$_$15,2026,processed_po,1.0,1,0.0,0,-0.1142667979001998,-0.1142667979001998,0.25,0.1,0.5,3,0.5,1.0512919875261513,1.1172816640963994,0.9170665548964914,0,unchanged_correctness
r46amqjpWgg$_$32,2026,processed_po,1.0,2,1.0,2,1.9186187982559204,1.9186187982559204,0.25,0.1,0.5,3,0.5,1.0512919875261513,1.1172816640963994,0.9170665548964914,2,unchanged_correctness
rcfnqiD0y8o$_$0,2026,processed_po,1.0,2,1.6666666269302368,2,2.1785712242126465,2.1785712242126465,0.25,0.1,0.5,3,0.5,1.0512919875261513,1.1172816640963994,0.9170665548964914,2,unchanged_correctness
rhQB8e999-Q$_$10,2026,processed_po,1.0,2,1.0,2,0.9981377124786376,0.9981377124786376,0.25,0.1,0.5,3,0.5,1.0512919875261513,1.1172816640963994,0.9170665548964914,2,unchanged_correctness
rhQB8e999-Q$_$0,2026,processed_po,1.0,2,0.6666666865348816,2,1.3049449920654297,1.3049449920654297,0.25,0.1,0.5,3,0.5,1.0512919875261513,1.1172816640963994,0.9170665548964914,2,unchanged_correctness
rhQB8e999-Q$_$5,2026,processed_po,1.0,1,0.0,2,0.7844789028167725,0.7844789028167725,0.25,0.1,0.5,3,0.5,1.0512919875261513,1.1172816640963994,0.9170665548964914,2,unchanged_correctness
rhQB8e999-Q$_$7,2026,processed_po,1.0,2,0.6666666865348816,2,1.091030836105347,1.091030836105347,0.25,0.1,0.5,3,0.5,1.0512919875261513,1.1172816640963994,0.9170665548964914,2,unchanged_correctness
rhQB8e999-Q$_$8,2026,processed_po,1.0,1,0.0,2,0.6429742574691772,0.6429742574691772,0.25,0.1,0.5,3,0.5,1.0512919875261513,1.1172816640963994,0.9170665548964914,2,unchanged_correctness
svsbGQn389o$_$8,2026,processed_po,1.0,0,-1.3333333730697632,0,-1.280494213104248,-1.280494213104248,0.25,0.1,0.5,3,0.5,1.0512919875261513,1.1172816640963994,0.9170665548964914,0,unchanged_correctness
tC2KicUHB9Q$_$7,2026,processed_po,1.0,0,-0.3333333432674408,1,0.0,0.4181453585624695,0.25,0.1,0.5,3,0.5,1.0512919875261513,1.1172816640963994,0.9170665548964914,1,unchanged_correctness
tNd3--lvSXE$_$6,2026,processed_po,1.0,2,0.6666666865348816,1,0.0,0.3735999763011932,0.25,0.1,0.5,3,0.5,1.0512919875261513,1.1172816640963994,0.9170665548964914,1,unchanged_correctness
teQqaAmqqx0$_$0,2026,processed_po,1.0,1,0.0,2,0.8745478391647339,0.8745478391647339,0.25,0.1,0.5,3,0.5,1.0512919875261513,1.1172816640963994,0.9170665548964914,2,unchanged_correctness
teQqaAmqqx0$_$3,2026,processed_po,1.0,1,0.0,2,0.926640510559082,0.926640510559082,0.25,0.1,0.5,3,0.5,1.0512919875261513,1.1172816640963994,0.9170665548964914,2,unchanged_correctness
tnWmVXZ87h0$_$0,2026,processed_po,1.0,2,2.0,2,1.6206529140472412,1.6206529140472412,0.25,0.1,0.5,3,0.5,1.0512919875261513,1.1172816640963994,0.9170665548964914,2,unchanged_correctness
tnWmVXZ87h0$_$3,2026,processed_po,1.0,2,1.6666666269302368,2,0.917003870010376,0.917003870010376,0.25,0.1,0.5,3,0.5,1.0512919875261513,1.1172816640963994,0.9170665548964914,2,unchanged_correctness
ttfaZ8IIWCo$_$2,2026,processed_po,1.0,2,2.3333332538604736,2,1.1739400625228882,1.1739400625228882,0.25,0.1,0.5,3,0.5,1.0512919875261513,1.1172816640963994,0.9170665548964914,2,unchanged_correctness
ttfaZ8IIWCo$_$5,2026,processed_po,1.0,2,2.3333332538604736,2,1.521831512451172,1.521831512451172,0.25,0.1,0.5,3,0.5,1.0512919875261513,1.1172816640963994,0.9170665548964914,2,unchanged_correctness
ttfaZ8IIWCo$_$4,2026,processed_po,1.0,2,2.3333332538604736,2,1.325336456298828,1.325336456298828,0.25,0.1,0.5,3,0.5,1.0512919875261513,1.1172816640963994,0.9170665548964914,2,unchanged_correctness
tymso_pAxhk$_$12,2026,processed_po,1.0,0,-1.0,2,0.3664605319499969,0.3664605319499969,0.25,0.1,0.5,3,0.5,1.0512919875261513,1.1172816640963994,0.9170665548964914,2,unchanged_correctness
u9ZV8jb_-U0$_$0,2026,processed_po,1.0,0,-1.6666666269302368,0,-1.3862626552581787,-1.3862626552581787,0.25,0.1,0.5,3,0.5,1.0512919875261513,1.1172816640963994,0.9170665548964914,0,unchanged_correctness
um8WVjZMLUc$_$1,2026,processed_po,1.0,1,0.0,0,-1.384101152420044,-1.384101152420044,0.25,0.1,0.5,3,0.5,1.0512919875261513,1.1172816640963994,0.9170665548964914,0,unchanged_correctness
unOeTDc2rlY$_$27,2026,processed_po,1.0,2,1.0,2,0.6840386390686035,0.6840386390686035,0.25,0.1,0.5,3,0.5,1.0512919875261513,1.1172816640963994,0.9170665548964914,2,unchanged_correctness
unOeTDc2rlY$_$31,2026,processed_po,1.0,2,1.0,1,0.0,0.071721613407135,0.25,0.1,0.5,3,0.5,1.0512919875261513,1.1172816640963994,0.9170665548964914,1,unchanged_correctness
unOeTDc2rlY$_$29,2026,processed_po,1.0,0,-0.3333333432674408,0,-1.0494362115859983,-1.0494362115859983,0.25,0.1,0.5,3,0.5,1.0512919875261513,1.1172816640963994,0.9170665548964914,0,unchanged_correctness
uogwnZGb-iE$_$26,2026,processed_po,1.0,2,2.0,2,1.089545726776123,1.089545726776123,0.25,0.1,0.5,3,0.5,1.0512919875261513,1.1172816640963994,0.9170665548964914,2,unchanged_correctness
uogwnZGb-iE$_$21,2026,processed_po,1.0,2,0.3333333432674408,2,0.2334367036819458,0.2334367036819458,0.25,0.1,0.5,3,0.5,1.0512919875261513,1.1172816640963994,0.9170665548964914,2,unchanged_correctness
uogwnZGb-iE$_$22,2026,processed_po,1.0,2,2.0,2,2.245438575744629,2.245438575744629,0.25,0.1,0.5,3,0.5,1.0512919875261513,1.1172816640963994,0.9170665548964914,2,unchanged_correctness
uogwnZGb-iE$_$28,2026,processed_po,1.0,2,2.3333332538604736,2,2.166615724563598,2.166615724563598,0.25,0.1,0.5,3,0.5,1.0512919875261513,1.1172816640963994,0.9170665548964914,2,unchanged_correctness
uogwnZGb-iE$_$13,2026,processed_po,1.0,2,2.3333332538604736,2,2.110950469970703,2.110950469970703,0.25,0.1,0.5,3,0.5,1.0512919875261513,1.1172816640963994,0.9170665548964914,2,unchanged_correctness
uogwnZGb-iE$_$6,2026,processed_po,1.0,2,1.0,2,1.888376355171204,1.888376355171204,0.25,0.1,0.5,3,0.5,1.0512919875261513,1.1172816640963994,0.9170665548964914,2,unchanged_correctness
vB_kZocHtYo$_$8,2026,processed_po,1.0,1,0.0,2,0.1239838004112243,0.1239838004112243,0.25,0.1,0.5,3,0.5,1.0512919875261513,1.1172816640963994,0.9170665548964914,2,unchanged_correctness
vGkIaClHKDg$_$6,2026,processed_po,1.0,2,1.3333333730697632,2,1.90366792678833,1.90366792678833,0.25,0.1,0.5,3,0.5,1.0512919875261513,1.1172816640963994,0.9170665548964914,2,unchanged_correctness
vR90Pdx9wxs$_$3,2026,processed_po,1.0,2,0.3333333432674408,2,0.2317751049995422,0.2317751049995422,0.25,0.1,0.5,3,0.5,1.0512919875261513,1.1172816640963994,0.9170665548964914,2,unchanged_correctness
v_8QeoNc4QY$_$5,2026,processed_po,1.0,2,0.3333333432674408,1,0.0,-0.2503789663314819,0.25,0.1,0.5,3,0.5,1.0512919875261513,1.1172816640963994,0.9170665548964914,1,unchanged_correctness
veA6ECsGFxI$_$0,2026,processed_po,1.0,2,0.6666666865348816,2,0.8011524677276611,0.8011524677276611,0.25,0.1,0.5,3,0.5,1.0512919875261513,1.1172816640963994,0.9170665548964914,2,unchanged_correctness
wC_1M7KIv9s$_$24,2026,processed_po,1.0,1,0.0,2,0.6103472709655762,0.6103472709655762,0.25,0.1,0.5,3,0.5,1.0512919875261513,1.1172816640963994,0.9170665548964914,2,unchanged_correctness
wC_1M7KIv9s$_$12,2026,processed_po,1.0,2,0.3333333432674408,2,1.2626349925994873,1.2626349925994873,0.25,0.1,0.5,3,0.5,1.0512919875261513,1.1172816640963994,0.9170665548964914,2,unchanged_correctness
wC_1M7KIv9s$_$23,2026,processed_po,1.0,1,0.0,0,-0.2452729046344757,-0.2452729046344757,0.25,0.1,0.5,3,0.5,1.0512919875261513,1.1172816640963994,0.9170665548964914,0,unchanged_correctness
wC_1M7KIv9s$_$1,2026,processed_po,1.0,2,0.6666666865348816,1,0.0,0.6511547565460205,0.25,0.1,0.5,3,0.5,1.0512919875261513,1.1172816640963994,0.9170665548964914,1,unchanged_correctness
wC_1M7KIv9s$_$5,2026,processed_po,1.0,1,0.0,1,0.0,0.0709977224469184,0.25,0.1,0.5,3,0.5,1.0512919875261513,1.1172816640963994,0.9170665548964914,1,unchanged_correctness
wC_1M7KIv9s$_$25,2026,processed_po,1.0,2,2.0,2,0.9987038373947144,0.9987038373947144,0.25,0.1,0.5,3,0.5,1.0512919875261513,1.1172816640963994,0.9170665548964914,2,unchanged_correctness
wC_1M7KIv9s$_$21,2026,processed_po,1.0,0,-0.3333333432674408,0,-0.3963813185691833,-0.3963813185691833,0.25,0.1,0.5,3,0.5,1.0512919875261513,1.1172816640963994,0.9170665548964914,0,unchanged_correctness
wHeZHLv9wGI$_$12,2026,processed_po,1.0,0,-0.6666666865348816,0,-0.1943237632513046,-0.1943237632513046,0.25,0.1,0.5,3,0.5,1.0512919875261513,1.1172816640963994,0.9170665548964914,0,unchanged_correctness
wnL3ld9bM2o$_$25,2026,processed_po,1.0,2,2.0,0,-1.1064330339431765,-1.1064330339431765,0.25,0.1,0.5,3,0.5,1.0512919875261513,1.1172816640963994,0.9170665548964914,0,unchanged_correctness
wnL3ld9bM2o$_$21,2026,processed_po,1.0,2,0.3333333432674408,1,0.0,-0.2777687311172485,0.25,0.1,0.5,3,0.5,1.0512919875261513,1.1172816640963994,0.9170665548964914,1,unchanged_correctness
wnL3ld9bM2o$_$4,2026,processed_po,1.0,2,0.3333333432674408,2,1.6296039819717407,1.6296039819717407,0.25,0.1,0.5,3,0.5,1.0512919875261513,1.1172816640963994,0.9170665548964914,2,unchanged_correctness
wnL3ld9bM2o$_$9,2026,processed_po,1.0,2,1.0,2,1.0472962856292725,1.0472962856292725,0.25,0.1,0.5,3,0.5,1.0512919875261513,1.1172816640963994,0.9170665548964914,2,unchanged_correctness
wnL3ld9bM2o$_$15,2026,processed_po,1.0,1,0.0,0,-0.7344971895217896,-0.7344971895217896,0.25,0.1,0.5,3,0.5,1.0512919875261513,1.1172816640963994,0.9170665548964914,0,unchanged_correctness
wnL3ld9bM2o$_$14,2026,processed_po,1.0,1,0.0,1,0.0,0.0208875201642513,0.25,0.1,0.5,3,0.5,1.0512919875261513,1.1172816640963994,0.9170665548964914,1,unchanged_correctness
wznRBN1fWj4$_$0,2026,processed_po,1.0,1,0.0,0,-0.2537792026996612,-0.2537792026996612,0.25,0.1,0.5,3,0.5,1.0512919875261513,1.1172816640963994,0.9170665548964914,0,unchanged_correctness
wznRBN1fWj4$_$6,2026,processed_po,1.0,1,0.0,2,0.4792219698429107,0.4792219698429107,0.25,0.1,0.5,3,0.5,1.0512919875261513,1.1172816640963994,0.9170665548964914,2,unchanged_correctness
x0rLwBIocuI$_$7,2026,processed_po,1.0,0,-0.6666666865348816,0,-1.3896321058273315,-1.3896321058273315,0.25,0.1,0.5,3,0.5,1.0512919875261513,1.1172816640963994,0.9170665548964914,0,unchanged_correctness
xBE9YWYGjtk$_$7,2026,processed_po,1.0,2,2.0,2,1.7777090072631836,1.7777090072631836,0.25,0.1,0.5,3,0.5,1.0512919875261513,1.1172816640963994,0.9170665548964914,2,unchanged_correctness
xSCvspXYU9k$_$19,2026,processed_po,1.0,0,-1.0,0,-1.117689847946167,-1.117689847946167,0.25,0.1,0.5,3,0.5,1.0512919875261513,1.1172816640963994,0.9170665548964914,0,unchanged_correctness
xSCvspXYU9k$_$7,2026,processed_po,1.0,1,0.0,2,1.5869271755218506,1.5869271755218506,0.25,0.1,0.5,3,0.5,1.0512919875261513,1.1172816640963994,0.9170665548964914,2,unchanged_correctness
xXXcgb9eZ9Y$_$7,2026,processed_po,1.0,0,-0.3333333432674408,0,-0.2587746381759643,-0.2587746381759643,0.25,0.1,0.5,3,0.5,1.0512919875261513,1.1172816640963994,0.9170665548964914,0,unchanged_correctness
xmLJHru6Z1M$_$12,2026,processed_po,1.0,2,1.0,2,0.0431258901953697,0.0431258901953697,0.25,0.1,0.5,3,0.5,1.0512919875261513,1.1172816640963994,0.9170665548964914,2,unchanged_correctness
xmLJHru6Z1M$_$14,2026,processed_po,1.0,2,1.0,2,0.1970191150903701,0.1970191150903701,0.25,0.1,0.5,3,0.5,1.0512919875261513,1.1172816640963994,0.9170665548964914,2,unchanged_correctness
xmLJHru6Z1M$_$8,2026,processed_po,1.0,2,0.3333333432674408,2,0.4274216294288635,0.4274216294288635,0.25,0.1,0.5,3,0.5,1.0512919875261513,1.1172816640963994,0.9170665548964914,2,unchanged_correctness
xobMRm5Vs44$_$1,2026,processed_po,1.0,1,0.0,2,1.4541916847229004,1.4541916847229004,0.25,0.1,0.5,3,0.5,1.0512919875261513,1.1172816640963994,0.9170665548964914,2,unchanged_correctness
yCpHmPSshKY$_$1,2026,processed_po,1.0,2,1.6666666269302368,0,-0.7020044326782227,-0.7020044326782227,0.25,0.1,0.5,3,0.5,1.0512919875261513,1.1172816640963994,0.9170665548964914,0,unchanged_correctness
yCpHmPSshKY$_$0,2026,processed_po,1.0,2,0.6666666865348816,2,0.0343172773718833,0.0343172773718833,0.25,0.1,0.5,3,0.5,1.0512919875261513,1.1172816640963994,0.9170665548964914,2,unchanged_correctness
yLo-Jl8nBXU$_$11,2026,processed_po,1.0,2,0.6666666865348816,2,1.6921064853668213,1.6921064853668213,0.25,0.1,0.5,3,0.5,1.0512919875261513,1.1172816640963994,0.9170665548964914,2,unchanged_correctness
yLo-Jl8nBXU$_$0,2026,processed_po,1.0,1,0.0,0,-0.3041855096817016,-0.3041855096817016,0.25,0.1,0.5,3,0.5,1.0512919875261513,1.1172816640963994,0.9170665548964914,0,unchanged_correctness
yLo-Jl8nBXU$_$6,2026,processed_po,1.0,2,1.3333333730697632,2,1.9794234037399288,1.9794234037399288,0.25,0.1,0.5,3,0.5,1.0512919875261513,1.1172816640963994,0.9170665548964914,2,unchanged_correctness
ySblgk7T7eQ$_$12,2026,processed_po,1.0,0,-0.3333333432674408,2,0.2228749990463256,0.2228749990463256,0.25,0.1,0.5,3,0.5,1.0512919875261513,1.1172816640963994,0.9170665548964914,2,unchanged_correctness
ySblgk7T7eQ$_$0,2026,processed_po,1.0,2,1.0,2,1.66269850730896,1.66269850730896,0.25,0.1,0.5,3,0.5,1.0512919875261513,1.1172816640963994,0.9170665548964914,2,unchanged_correctness
ySblgk7T7eQ$_$4,2026,processed_po,1.0,2,0.6666666865348816,2,0.0885244086384773,0.0885244086384773,0.25,0.1,0.5,3,0.5,1.0512919875261513,1.1172816640963994,0.9170665548964914,2,unchanged_correctness
ySblgk7T7eQ$_$9,2026,processed_po,1.0,2,1.0,0,-1.4179099798202517,-1.4179099798202517,0.25,0.1,0.5,3,0.5,1.0512919875261513,1.1172816640963994,0.9170665548964914,0,unchanged_correctness
yUqNp-poh9M$_$2,2026,processed_po,1.0,0,-0.3333333432674408,0,-0.5202450752258301,-0.5202450752258301,0.25,0.1,0.5,3,0.5,1.0512919875261513,1.1172816640963994,0.9170665548964914,0,unchanged_correctness
yUqNp-poh9M$_$9,2026,processed_po,1.0,1,0.0,0,-2.0020227432250977,-2.0020227432250977,0.25,0.1,0.5,3,0.5,1.0512919875261513,1.1172816640963994,0.9170665548964914,0,unchanged_correctness
ydzNAuqUAnc$_$6,2026,processed_po,1.0,0,-1.0,0,-0.1160909831523895,-0.1160909831523895,0.25,0.1,0.5,3,0.5,1.0512919875261513,1.1172816640963994,0.9170665548964914,0,unchanged_correctness
yoDMh8FlHR8$_$0,2026,processed_po,1.0,2,1.6666666269302368,2,0.6200382709503174,0.6200382709503174,0.25,0.1,0.5,3,0.5,1.0512919875261513,1.1172816640963994,0.9170665548964914,2,unchanged_correctness
yzCHa2qchpg$_$1,2026,processed_po,1.0,0,-2.0,0,-0.8519669771194458,-0.8519669771194458,0.25,0.1,0.5,3,0.5,1.0512919875261513,1.1172816640963994,0.9170665548964914,0,unchanged_correctness
yzCHa2qchpg$_$2,2026,processed_po,1.0,2,1.3333333730697632,2,1.569536805152893,1.569536805152893,0.25,0.1,0.5,3,0.5,1.0512919875261513,1.1172816640963994,0.9170665548964914,2,unchanged_correctness
z441aDJvAcU$_$20,2026,processed_po,1.0,2,1.0,2,1.13549542427063,1.13549542427063,0.25,0.1,0.5,3,0.5,1.0512919875261513,1.1172816640963994,0.9170665548964914,2,unchanged_correctness
z441aDJvAcU$_$21,2026,processed_po,1.0,2,0.3333333432674408,2,1.1915892362594604,1.1915892362594604,0.25,0.1,0.5,3,0.5,1.0512919875261513,1.1172816640963994,0.9170665548964914,2,unchanged_correctness
z441aDJvAcU$_$22,2026,processed_po,1.0,1,0.0,0,-1e-06,0.1279172003269195,0.25,0.1,0.5,3,0.5,1.0512919875261513,1.1172816640963994,0.9170665548964914,0,unchanged_correctness
zfZUOvZZTuk$_$1,2026,processed_po,1.0,1,0.0,1,0.0,0.0721609741449356,0.25,0.1,0.5,3,0.5,1.0512919875261513,1.1172816640963994,0.9170665548964914,1,unchanged_correctness
zfZUOvZZTuk$_$8,2026,processed_po,1.0,1,0.0,2,0.8060156106948853,0.8060156106948853,0.25,0.1,0.5,3,0.5,1.0512919875261513,1.1172816640963994,0.9170665548964914,2,unchanged_correctness
zhNksSReaQk$_$27,2026,processed_po,1.0,1,0.0,2,0.6687473654747009,0.6687473654747009,0.25,0.1,0.5,3,0.5,1.0512919875261513,1.1172816640963994,0.9170665548964914,2,unchanged_correctness
zhNksSReaQk$_$44,2026,processed_po,1.0,0,-1.0,2,1.3817652463912964,1.3817652463912964,0.25,0.1,0.5,3,0.5,1.0512919875261513,1.1172816640963994,0.9170665548964914,2,unchanged_correctness
zhNksSReaQk$_$28,2026,processed_po,1.0,0,-1.0,0,-1e-06,0.1309423893690109,0.25,0.1,0.5,3,0.5,1.0512919875261513,1.1172816640963994,0.9170665548964914,0,unchanged_correctness
zhNksSReaQk$_$1,2026,processed_po,1.0,1,0.0,2,0.6177175045013428,0.6177175045013428,0.25,0.1,0.5,3,0.5,1.0512919875261513,1.1172816640963994,0.9170665548964914,2,unchanged_correctness
zhNksSReaQk$_$4,2026,processed_po,1.0,0,-0.3333333432674408,0,-2.034217357635498,-2.034217357635498,0.25,0.1,0.5,3,0.5,1.0512919875261513,1.1172816640963994,0.9170665548964914,0,unchanged_correctness
zhNksSReaQk$_$15,2026,processed_po,1.0,1,0.0,2,0.2708028554916382,0.2708028554916382,0.25,0.1,0.5,3,0.5,1.0512919875261513,1.1172816640963994,0.9170665548964914,2,unchanged_correctness
zhNksSReaQk$_$36,2026,processed_po,1.0,1,0.0,0,-1.357256293296814,-1.357256293296814,0.25,0.1,0.5,3,0.5,1.0512919875261513,1.1172816640963994,0.9170665548964914,0,unchanged_correctness
