variant,seed,modalities,rate,position,mask_seed,accuracy,macro_f1,weighted_f1,neutral_precision,neutral_recall,neutral_f1,mae,pearson,head_disagreement
B0,2026,none,0.0,none,0,0.6905089408528198,0.6484435190986573,0.687395725358634,0.5,0.4240506329113924,0.4589041095890411,0.6326728326695317,0.6832371974327092,0.0
B0,2026,T,0.1,random,5026,0.6781292984869326,0.6302777988563932,0.6722112588293762,0.4878048780487805,0.379746835443038,0.4270462633451957,0.645146180034528,0.6716468548596248,0.0
B0,2026,T,0.1,random,5027,0.6781292984869326,0.6314672334740633,0.6712736309356537,0.5084745762711864,0.379746835443038,0.4347826086956521,0.6594301033018553,0.6460693936056522,0.0
B0,2026,T,0.1,random,5028,0.6781292984869326,0.6357765050430403,0.6746561535174368,0.5076923076923077,0.4177215189873418,0.4583333333333333,0.6514669438151623,0.6584296614909809,0.0
B0,2026,T,0.2,random,5026,0.6822558459422283,0.6290973448892466,0.6739187804824937,0.5089285714285714,0.360759493670886,0.4222222222222222,0.6602568880198608,0.6435905994335019,0.0
B0,2026,T,0.2,random,5027,0.657496561210454,0.6037639583517236,0.6482417218022534,0.4684684684684684,0.3291139240506329,0.3866171003717472,0.6724553204251844,0.6321717132685399,0.0
B0,2026,T,0.2,random,5028,0.6519944979367263,0.6056686960484429,0.6467679380092105,0.5042735042735043,0.3734177215189873,0.4290909090909091,0.6781692215559961,0.6234605573458687,0.0
B0,2026,T,0.3,start,5026,0.6629986244841816,0.5907712557849445,0.6446822716039278,0.4938271604938271,0.2531645569620253,0.3347280334728033,0.656790985443039,0.657741248020029,0.0
B0,2026,T,0.3,middle,5026,0.640990371389271,0.588730795670356,0.6330950924607386,0.4561403508771929,0.3291139240506329,0.3823529411764705,0.6797391538406847,0.6247104445152902,0.0
B0,2026,T,0.3,end,5026,0.6327372764786795,0.5590578168876679,0.6139223189622539,0.4556962025316455,0.2278481012658227,0.3037974683544304,0.7148025293197838,0.579412242872928,0.0
B0,2026,T,0.3,random,5026,0.6602475928473177,0.5956767718233945,0.6476503663073859,0.4742268041237113,0.2911392405063291,0.3607843137254902,0.673899018095821,0.6290591712681589,0.0
B0,2026,T,0.3,random,5027,0.6341127922971114,0.5804262730733319,0.6244735784484146,0.4803921568627451,0.310126582278481,0.3769230769230769,0.6943979794068182,0.6005200263042614,0.0
B0,2026,T,0.3,random,5028,0.6492434662998624,0.5943090151909867,0.638835271569872,0.5151515151515151,0.3227848101265823,0.3968871595330739,0.6887911808131303,0.6159656570042351,0.0
B0,2026,T,0.4,random,5026,0.6354883081155434,0.5696793152005667,0.6205227324510998,0.4666666666666667,0.2658227848101265,0.3387096774193548,0.7081942371881886,0.5797418397614286,0.0
B0,2026,T,0.4,random,5027,0.6368638239339752,0.5790920228788033,0.6235940215828474,0.5,0.2911392405063291,0.368,0.7157404422842649,0.5658003524900354,0.0
B0,2026,T,0.4,random,5028,0.6396148555708391,0.5771461150286823,0.6244789749643285,0.5176470588235295,0.2784810126582278,0.3621399176954732,0.708989978665054,0.5808825877343498,0.0
B0,2026,T,0.5,random,5026,0.6231086657496562,0.5444581935507525,0.6018557095026786,0.4594594594594595,0.2151898734177215,0.293103448275862,0.7390511684286354,0.529731760760185,0.0
B0,2026,T,0.5,random,5027,0.624484181568088,0.5497700864373751,0.6044034355586764,0.48,0.2278481012658227,0.3090128755364807,0.7284018431212333,0.5419835410846108,0.0
B0,2026,T,0.5,random,5028,0.6286107290233838,0.5556594299198111,0.6070571209506515,0.5294117647058824,0.2278481012658227,0.3185840707964602,0.7263871912909184,0.562599202070117,0.0
B0,2026,A,0.1,random,5026,0.6891334250343879,0.6452680182373518,0.6851992171584053,0.4961832061068702,0.4113924050632911,0.4498269896193771,0.6331330333585955,0.6835408175174278,0.0
B0,2026,A,0.1,random,5027,0.687757909215956,0.6441631104115898,0.6839839490999546,0.4924242424242424,0.4113924050632911,0.4482758620689655,0.6328007897403876,0.6837534223739687,0.0
B0,2026,A,0.1,random,5028,0.687757909215956,0.6441631104115898,0.6839839490999546,0.4924242424242424,0.4113924050632911,0.4482758620689655,0.6334114016984912,0.6830339843430868,0.0
B0,2026,A,0.2,random,5026,0.6891334250343879,0.6452680182373518,0.6851992171584053,0.4961832061068702,0.4113924050632911,0.4498269896193771,0.6331600893122338,0.6835762028513271,0.0
B0,2026,A,0.2,random,5027,0.687757909215956,0.6441631104115898,0.6839839490999546,0.4924242424242424,0.4113924050632911,0.4482758620689655,0.6328201989659418,0.6838659365606511,0.0
B0,2026,A,0.2,random,5028,0.6891334250343879,0.6452680182373518,0.6851992171584053,0.4961832061068702,0.4113924050632911,0.4498269896193771,0.6326927499904785,0.6837637685744459,0.0
B0,2026,A,0.3,start,5026,0.687757909215956,0.6441631104115898,0.6839839490999546,0.4924242424242424,0.4113924050632911,0.4482758620689655,0.6339613631445956,0.682599001534047,0.0
B0,2026,A,0.3,middle,5026,0.6891334250343879,0.6452680182373518,0.6851992171584053,0.4961832061068702,0.4113924050632911,0.4498269896193771,0.6335730721370318,0.6833712975650448,0.0
B0,2026,A,0.3,end,5026,0.6905089408528198,0.6474184411393393,0.6869115868146889,0.5,0.4177215189873418,0.4551724137931034,0.6320762712615536,0.6845395562413154,0.0
B0,2026,A,0.3,random,5026,0.6891334250343879,0.6452680182373518,0.6851992171584053,0.4961832061068702,0.4113924050632911,0.4498269896193771,0.6333962084876151,0.68341069466668,0.0
B0,2026,A,0.3,random,5027,0.6891334250343879,0.6452680182373518,0.6851992171584053,0.4961832061068702,0.4113924050632911,0.4498269896193771,0.6325698240000519,0.68437744027181,0.0
B0,2026,A,0.3,random,5028,0.6891334250343879,0.6452680182373518,0.6851992171584053,0.4961832061068702,0.4113924050632911,0.4498269896193771,0.6329124036155608,0.6836369443974298,0.0
B0,2026,A,0.4,random,5026,0.6891334250343879,0.6452680182373518,0.6851992171584053,0.4961832061068702,0.4113924050632911,0.4498269896193771,0.6336441947344019,0.683274276402697,0.0
B0,2026,A,0.4,random,5027,0.6891334250343879,0.6452680182373518,0.6851992171584053,0.4961832061068702,0.4113924050632911,0.4498269896193771,0.6326735611860366,0.6843193713671818,0.0
B0,2026,A,0.4,random,5028,0.6891334250343879,0.6452680182373518,0.6851992171584053,0.4961832061068702,0.4113924050632911,0.4498269896193771,0.632965681396648,0.6835375112237417,0.0
B0,2026,A,0.5,random,5026,0.6891334250343879,0.6452680182373518,0.6851992171584053,0.4961832061068702,0.4113924050632911,0.4498269896193771,0.6335225644721283,0.6833791615821496,0.0
B0,2026,A,0.5,random,5027,0.6891334250343879,0.6452680182373518,0.6851992171584053,0.4961832061068702,0.4113924050632911,0.4498269896193771,0.6325719017048137,0.6845673916015648,0.0
B0,2026,A,0.5,random,5028,0.6891334250343879,0.6452680182373518,0.6851992171584053,0.4961832061068702,0.4113924050632911,0.4498269896193771,0.6332482273488765,0.6834618821637332,0.0
B0,2026,V,0.1,random,5026,0.6918844566712518,0.6505671808659736,0.6890921699807084,0.5037037037037037,0.430379746835443,0.4641638225255973,0.6317630044764428,0.683656211619333,0.0
B0,2026,V,0.1,random,5027,0.6918844566712518,0.6505671808659736,0.6890921699807084,0.5037037037037037,0.430379746835443,0.4641638225255973,0.631689948364375,0.6836463630400617,0.0
B0,2026,V,0.1,random,5028,0.6918844566712518,0.6505671808659736,0.6890921699807084,0.5037037037037037,0.430379746835443,0.4641638225255973,0.6316499917000081,0.6837106460833502,0.0
B0,2026,V,0.2,random,5026,0.6905089408528198,0.6494504102335243,0.6878669429512811,0.5,0.430379746835443,0.4625850340136054,0.6314630220896776,0.6838231358667551,0.0
B0,2026,V,0.2,random,5027,0.6918844566712518,0.6505671808659736,0.6890921699807084,0.5037037037037037,0.430379746835443,0.4641638225255973,0.6309019190112936,0.6840422328306002,0.0
B0,2026,V,0.2,random,5028,0.6905089408528198,0.6494504102335243,0.6878669429512811,0.5,0.430379746835443,0.4625850340136054,0.6312386581571967,0.6840085429803444,0.0
B0,2026,V,0.3,start,5026,0.6905089408528198,0.6494504102335243,0.6878669429512811,0.5,0.430379746835443,0.4625850340136054,0.6302130429096715,0.6842804653473794,0.0
B0,2026,V,0.3,middle,5026,0.6905089408528198,0.6494504102335243,0.6878669429512811,0.5,0.430379746835443,0.4625850340136054,0.6304515635329782,0.684175303448987,0.0
B0,2026,V,0.3,end,5026,0.6932599724896836,0.6539384378094056,0.6910004451735827,0.5072463768115942,0.4430379746835443,0.4729729729729729,0.6304626382077438,0.6839851099237528,0.0
B0,2026,V,0.3,random,5026,0.6918844566712518,0.6516991927190516,0.6894365807667887,0.5036496350364964,0.4367088607594936,0.4677966101694915,0.6298655903425706,0.6842142500708097,0.0
B0,2026,V,0.3,random,5027,0.6918844566712518,0.6516991927190516,0.6894365807667887,0.5036496350364964,0.4367088607594936,0.4677966101694915,0.6303928993949479,0.684271282432553,0.0
B0,2026,V,0.3,random,5028,0.6918844566712518,0.6516991927190516,0.6894365807667887,0.5036496350364964,0.4367088607594936,0.4677966101694915,0.6302585497236876,0.6844713286362216,0.0
B0,2026,V,0.4,random,5026,0.6946354883081155,0.656004651299675,0.6927644040689175,0.5071428571428571,0.4493670886075949,0.4765100671140939,0.628730673032205,0.6844666686643521,0.0
B0,2026,V,0.4,random,5027,0.6932599724896836,0.6537787806169931,0.6912088119052339,0.5035971223021583,0.4430379746835443,0.4713804713804714,0.629188147433623,0.6846621251306841,0.0
B0,2026,V,0.4,random,5028,0.6932599724896836,0.6537787806169931,0.6912088119052339,0.5035971223021583,0.4430379746835443,0.4713804713804714,0.629165093819704,0.6848093502401077,0.0
B0,2026,V,0.5,random,5026,0.6946354883081155,0.656004651299675,0.6927644040689175,0.5071428571428571,0.4493670886075949,0.4765100671140939,0.6282648836432065,0.6846482249376855,0.0
B0,2026,V,0.5,random,5027,0.6932599724896836,0.6537787806169931,0.6912088119052339,0.5035971223021583,0.4430379746835443,0.4713804713804714,0.628694766682029,0.6848946990853995,0.0
B0,2026,V,0.5,random,5028,0.6918844566712518,0.6526589750501305,0.6899799001328909,0.5,0.4430379746835443,0.4697986577181208,0.6289452959797165,0.6850314379536333,0.0
B0,2026,TA,0.3,start,5026,0.6616231086657497,0.5897426260839017,0.643628483267434,0.4819277108433735,0.2531645569620253,0.3319502074688796,0.6590502477405674,0.6567298765501716,0.0
B0,2026,TA,0.3,middle,5026,0.6382393397524071,0.5878654689109127,0.6311355220651822,0.4568965517241379,0.3354430379746835,0.3868613138686131,0.6821474845387201,0.62326313554384,0.0
B0,2026,TA,0.3,end,5026,0.6313617606602476,0.5562448773658676,0.6120882978710113,0.4430379746835443,0.2215189873417721,0.2953586497890295,0.7142935207736121,0.5810050865442716,0.0
B0,2026,TA,0.3,random,5026,0.657496561210454,0.5921415824253516,0.6445702897100344,0.4639175257731959,0.2848101265822785,0.3529411764705882,0.6754420256940863,0.6282899345147142,0.0
B0,2026,TA,0.3,random,5027,0.6368638239339752,0.5854511723882118,0.6279307412625942,0.4903846153846153,0.3227848101265823,0.3893129770992366,0.6926952222052497,0.6020441291487154,0.0
B0,2026,TA,0.3,random,5028,0.6478679504814305,0.592269963259345,0.6369306697991725,0.5102040816326531,0.3164556962025316,0.390625,0.6902186402254858,0.6155829183516027,0.0
B0,2026,TV,0.3,start,5026,0.6671251719394773,0.5971066313732182,0.6499715611601647,0.5060240963855421,0.2658227848101265,0.3485477178423236,0.6541469689315131,0.6583079012082409,0.0
B0,2026,TV,0.3,middle,5026,0.6382393397524071,0.5890871598671376,0.6318117314840057,0.453781512605042,0.3417721518987341,0.3898916967509025,0.6803128900542661,0.624077295814856,0.0
B0,2026,TV,0.3,end,5026,0.6341127922971114,0.5618982742960945,0.6160429058490031,0.4512195121951219,0.2341772151898734,0.3083333333333333,0.7132624561873652,0.5801033556238578,0.0
B0,2026,TV,0.3,random,5026,0.6629986244841816,0.6037641894494458,0.6524483705101759,0.4901960784313725,0.3164556962025316,0.3846153846153846,0.670051540077055,0.6302983303300576,0.0
B0,2026,TV,0.3,random,5027,0.6382393397524071,0.5866118292598288,0.6290873199461775,0.4903846153846153,0.3227848101265823,0.3893129770992366,0.6931422641861574,0.6009024952208557,0.0
B0,2026,TV,0.3,random,5028,0.6506189821182944,0.5967343687773795,0.6406971909567641,0.5098039215686274,0.3291139240506329,0.4,0.6872035757977037,0.6169048628312225,0.0
B0,2026,AV,0.3,start,5026,0.6905089408528198,0.6484435190986573,0.687395725358634,0.5,0.4240506329113924,0.4589041095890411,0.6297784952390796,0.6841964829476774,0.0
B0,2026,AV,0.3,middle,5026,0.6918844566712518,0.6496995935273224,0.6885023296284966,0.5037593984962406,0.4240506329113924,0.4604810996563573,0.6292924895856473,0.6848596706424326,0.0
B0,2026,AV,0.3,end,5026,0.6932599724896836,0.6529634488590826,0.6905500276297305,0.5073529411764706,0.4367088607594936,0.4693877551020408,0.6298313496301525,0.6848385637370629,0.0
B0,2026,AV,0.3,random,5026,0.6932599724896836,0.6518267092765179,0.6902003948326039,0.5074626865671642,0.430379746835443,0.4657534246575342,0.6291894590832611,0.6848921269825073,0.0
B0,2026,AV,0.3,random,5027,0.6932599724896836,0.6518267092765179,0.6902003948326039,0.5074626865671642,0.430379746835443,0.4657534246575342,0.6287965260222658,0.6859067568838383,0.0
B0,2026,AV,0.3,random,5028,0.6946354883081155,0.6540859455772499,0.6917772933985714,0.5111111111111111,0.4367088607594936,0.4709897610921502,0.6282762113532777,0.6854434752713964,0.0
B0,2026,TAV,0.3,start,5026,0.6643741403026134,0.5951335753900605,0.6475312545268742,0.4941176470588235,0.2658227848101265,0.345679012345679,0.6560932762243391,0.6572758526240516,0.0
B0,2026,TAV,0.3,middle,5026,0.6327372764786795,0.5824036494038994,0.6258798965629254,0.4369747899159664,0.3291139240506329,0.3754512635379061,0.682346803509449,0.6229330180113773,0.0
B0,2026,TAV,0.3,end,5026,0.6313617606602476,0.5577316076294278,0.6130454276280035,0.4390243902439024,0.2278481012658227,0.3,0.7123719437391067,0.5817751268961717,0.0
B0,2026,TAV,0.3,random,5026,0.6588720770288858,0.5961870652802932,0.6471172580530052,0.47,0.2974683544303797,0.3643410852713178,0.6709772923865314,0.6300506254663679,0.0
B0,2026,TAV,0.3,random,5027,0.6368638239339752,0.5842184194089954,0.6272436950355987,0.4854368932038835,0.3164556962025316,0.3831417624521073,0.692835241809049,0.6021276176184576,0.0
B0,2026,TAV,0.3,random,5028,0.6464924346629987,0.5923412767299664,0.6362932470857052,0.5,0.3227848101265823,0.3923076923076923,0.6899445820945258,0.6159557207026645,0.0
B0,2027,none,0.0,none,0,0.6973865199449794,0.6432418670805761,0.6873081144495345,0.5086206896551724,0.3734177215189873,0.4306569343065693,0.6182547440044933,0.6961307284522241,0.0
B0,2027,T,0.1,random,5026,0.6918844566712518,0.6287779163265544,0.6766322504947738,0.5151515151515151,0.3227848101265823,0.3968871595330739,0.6255247121179651,0.6852784524327159,0.0
B0,2027,T,0.1,random,5027,0.6822558459422283,0.6180841572030591,0.6660713203385846,0.5157894736842106,0.310126582278481,0.3873517786561264,0.6346462799890585,0.6666173685432739,0.0
B0,2027,T,0.1,random,5028,0.686382393397524,0.6350653334789232,0.6763893386720693,0.5357142857142857,0.379746835443038,0.4444444444444444,0.6434912370550412,0.6652195804581925,0.0
B0,2027,T,0.2,random,5026,0.687757909215956,0.6248972501795259,0.6715417668972404,0.5652173913043478,0.3291139240506329,0.416,0.6540417100957386,0.6468804044394841,0.0
B0,2027,T,0.2,random,5027,0.6753782668500687,0.6063559541185349,0.6573136410069566,0.5,0.2911392405063291,0.368,0.6539479389615805,0.649235494330908,0.0
B0,2027,T,0.2,random,5028,0.672627235213205,0.6100881776518556,0.6557453895126953,0.5568181818181818,0.310126582278481,0.3983739837398374,0.6688274834804657,0.6351179130899753,0.0
B0,2027,T,0.3,start,5026,0.6643741403026134,0.5841883573469894,0.6399250975347243,0.48,0.2278481012658227,0.3090128755364807,0.6564577214900992,0.6486328573767399,0.0
B0,2027,T,0.3,middle,5026,0.657496561210454,0.5895000143853967,0.6392947685653902,0.4835164835164835,0.2784810126582278,0.3534136546184739,0.6742076107022738,0.6273114166330807,0.0
B0,2027,T,0.3,end,5026,0.6492434662998624,0.5806593254954948,0.629577663614874,0.5180722891566265,0.2721518987341772,0.3568464730290456,0.6906571557691231,0.6002364988446961,0.0
B0,2027,T,0.3,random,5026,0.672627235213205,0.6016156462585034,0.6531417958147178,0.5172413793103449,0.2848101265822785,0.3673469387755102,0.6599818001211547,0.6330717505129466,0.0
B0,2027,T,0.3,random,5027,0.6616231086657497,0.5877796290458964,0.6399848848318045,0.4878048780487805,0.2531645569620253,0.3333333333333333,0.6692877894235973,0.6227444947987729,0.0
B0,2027,T,0.3,random,5028,0.6588720770288858,0.5900539379193047,0.6392335028121964,0.5119047619047619,0.2721518987341772,0.3553719008264462,0.6884023700487929,0.6126395902320687,0.0
B0,2027,T,0.4,random,5026,0.6451169188445667,0.566931395162147,0.6217016378270633,0.4810126582278481,0.240506329113924,0.3206751054852321,0.6982663221595367,0.5861703970879859,0.0
B0,2027,T,0.4,random,5027,0.6203576341127923,0.5440746260418391,0.5988668792691613,0.3953488372093023,0.2151898734177215,0.2786885245901639,0.713650634879242,0.574798279824699,0.0
B0,2027,T,0.4,random,5028,0.6299862448418156,0.5539770602828002,0.6073221156532298,0.4743589743589743,0.2341772151898734,0.3135593220338983,0.706823353781426,0.5804601067041167,0.0
B0,2027,T,0.5,random,5026,0.6354883081155434,0.5477293482772935,0.6057147457693896,0.5409836065573771,0.2088607594936709,0.3013698630136986,0.7261795473394561,0.5458897749937832,0.0
B0,2027,T,0.5,random,5027,0.6162310866574966,0.5319880251932414,0.5888131055674924,0.4477611940298507,0.189873417721519,0.2666666666666666,0.7244861016838374,0.5495975429400852,0.0
B0,2027,T,0.5,random,5028,0.6464924346629987,0.5666617693275823,0.6207865821790294,0.5217391304347826,0.2278481012658227,0.3171806167400881,0.7139793179660994,0.565840431763198,0.0
B0,2027,A,0.1,random,5026,0.6973865199449794,0.6432418670805761,0.6873081144495345,0.5086206896551724,0.3734177215189873,0.4306569343065693,0.6180681070185183,0.6965779003750919,0.0
B0,2027,A,0.1,random,5027,0.6987620357634112,0.6454860506466011,0.6890591682776795,0.5128205128205128,0.379746835443038,0.4363636363636363,0.6170230398823461,0.6968424223776472,0.0
B0,2027,A,0.1,random,5028,0.6973865199449794,0.6432418670805761,0.6873081144495345,0.5086206896551724,0.3734177215189873,0.4306569343065693,0.6181723193468439,0.6963047065886768,0.0
B0,2027,A,0.2,random,5026,0.6973865199449794,0.6432418670805761,0.6873081144495345,0.5086206896551724,0.3734177215189873,0.4306569343065693,0.6180840737786439,0.6967574778822976,0.0
B0,2027,A,0.2,random,5027,0.6973865199449794,0.6443813882322917,0.6877752678280055,0.5128205128205128,0.379746835443038,0.4363636363636363,0.617375426012289,0.6965879401145464,0.0
B0,2027,A,0.2,random,5028,0.6973865199449794,0.6443813882322917,0.6877752678280055,0.5128205128205128,0.379746835443038,0.4363636363636363,0.6176794054315689,0.6962955647641125,0.0
B0,2027,A,0.3,start,5026,0.6987620357634112,0.6454860506466011,0.6890591682776795,0.5128205128205128,0.379746835443038,0.4363636363636363,0.6169257721709006,0.6969529752144049,0.0
B0,2027,A,0.3,middle,5026,0.6987620357634112,0.6454860506466011,0.6890591682776795,0.5128205128205128,0.379746835443038,0.4363636363636363,0.6171778661696288,0.6971170956534393,0.0
B0,2027,A,0.3,end,5026,0.6973865199449794,0.6443813882322917,0.6877752678280055,0.5128205128205128,0.379746835443038,0.4363636363636363,0.617383624221722,0.6968007399278965,0.0
B0,2027,A,0.3,random,5026,0.6987620357634112,0.6454860506466011,0.6890591682776795,0.5128205128205128,0.379746835443038,0.4363636363636363,0.617167974390179,0.6972374655762954,0.0
B0,2027,A,0.3,random,5027,0.6973865199449794,0.6443813882322917,0.6877752678280055,0.5128205128205128,0.379746835443038,0.4363636363636363,0.6172376289467537,0.6968754560374311,0.0
B0,2027,A,0.3,random,5028,0.6973865199449794,0.6443813882322917,0.6877752678280055,0.5128205128205128,0.379746835443038,0.4363636363636363,0.6175714353294081,0.6965675299924585,0.0
B0,2027,A,0.4,random,5026,0.6987620357634112,0.6454442878238952,0.6889161551474449,0.5172413793103449,0.379746835443038,0.437956204379562,0.6171184556566309,0.6972643521609359,0.0
B0,2027,A,0.4,random,5027,0.6973865199449794,0.6443813882322917,0.6877752678280055,0.5128205128205128,0.379746835443038,0.4363636363636363,0.6171628972428679,0.6971458710588258,0.0
B0,2027,A,0.4,random,5028,0.6973865199449794,0.6443813882322917,0.6877752678280055,0.5128205128205128,0.379746835443038,0.4363636363636363,0.6173831704123897,0.6967253336683824,0.0
B0,2027,A,0.5,random,5026,0.6987620357634112,0.6452562788709618,0.6890821883694027,0.5128205128205128,0.379746835443038,0.4363636363636363,0.6169882006991055,0.697402193493416,0.0
B0,2027,A,0.5,random,5027,0.6973865199449794,0.6443813882322917,0.6877752678280055,0.5128205128205128,0.379746835443038,0.4363636363636363,0.6170932373071477,0.6973085802421563,0.0
B0,2027,A,0.5,random,5028,0.6973865199449794,0.6443813882322917,0.6877752678280055,0.5128205128205128,0.379746835443038,0.4363636363636363,0.6171848945194005,0.696940963845,0.0
B0,2027,V,0.1,random,5026,0.6973865199449794,0.6432418670805761,0.6873081144495345,0.5086206896551724,0.3734177215189873,0.4306569343065693,0.6185098791736874,0.6960300197821999,0.0
B0,2027,V,0.1,random,5027,0.6973865199449794,0.6432418670805761,0.6873081144495345,0.5086206896551724,0.3734177215189873,0.4306569343065693,0.6184704281239621,0.6960976338115341,0.0
B0,2027,V,0.1,random,5028,0.6987620357634112,0.6454860506466011,0.6890591682776795,0.5128205128205128,0.379746835443038,0.4363636363636363,0.6177317057226687,0.6961759748810096,0.0
B0,2027,V,0.2,random,5026,0.6987620357634112,0.6454860506466011,0.6890591682776795,0.5128205128205128,0.379746835443038,0.4363636363636363,0.6179061141617495,0.6960123987999111,0.0
B0,2027,V,0.2,random,5027,0.6987620357634112,0.6454860506466011,0.6890591682776795,0.5128205128205128,0.379746835443038,0.4363636363636363,0.6179513093474607,0.6960504128978937,0.0
B0,2027,V,0.2,random,5028,0.6987620357634112,0.6454860506466011,0.6890591682776795,0.5128205128205128,0.379746835443038,0.4363636363636363,0.6178646258099443,0.6961102856794709,0.0
B0,2027,V,0.3,start,5026,0.6987620357634112,0.6454860506466011,0.6890591682776795,0.5128205128205128,0.379746835443038,0.4363636363636363,0.6179954021771242,0.6961000399183688,0.0
B0,2027,V,0.3,middle,5026,0.6987620357634112,0.6454860506466011,0.6890591682776795,0.5128205128205128,0.379746835443038,0.4363636363636363,0.618534211802746,0.6956267399675936,0.0
B0,2027,V,0.3,end,5026,0.6987620357634112,0.6454860506466011,0.6890591682776795,0.5128205128205128,0.379746835443038,0.4363636363636363,0.6181994491494094,0.6958441642798117,0.0
B0,2027,V,0.3,random,5026,0.6987620357634112,0.6454860506466011,0.6890591682776795,0.5128205128205128,0.379746835443038,0.4363636363636363,0.6183123116226145,0.6957852264267499,0.0
B0,2027,V,0.3,random,5027,0.6987620357634112,0.6454860506466011,0.6890591682776795,0.5128205128205128,0.379746835443038,0.4363636363636363,0.6183953723095719,0.6958283828804649,0.0
B0,2027,V,0.3,random,5028,0.6987620357634112,0.6454860506466011,0.6890591682776795,0.5128205128205128,0.379746835443038,0.4363636363636363,0.6181699185945071,0.6959935141881017,0.0
B0,2027,V,0.4,random,5026,0.6987620357634112,0.6454860506466011,0.6890591682776795,0.5128205128205128,0.379746835443038,0.4363636363636363,0.6185779403456275,0.6954930336608109,0.0
B0,2027,V,0.4,random,5027,0.6987620357634112,0.6453018884763151,0.6892277095807582,0.5084745762711864,0.379746835443038,0.4347826086956521,0.6186285066358036,0.6956074637708937,0.0
B0,2027,V,0.4,random,5028,0.6987620357634112,0.6453018884763151,0.6892277095807582,0.5084745762711864,0.379746835443038,0.4347826086956521,0.6184568452828701,0.6957182732993374,0.0
B0,2027,V,0.5,random,5026,0.6987620357634112,0.6453018884763151,0.6892277095807582,0.5084745762711864,0.379746835443038,0.4347826086956521,0.6191208585244866,0.6953059731955386,0.0
B0,2027,V,0.5,random,5027,0.6987620357634112,0.6453018884763151,0.6892277095807582,0.5084745762711864,0.379746835443038,0.4347826086956521,0.6191312299629356,0.6954071568938588,0.0
B0,2027,V,0.5,random,5028,0.6987620357634112,0.6453018884763151,0.6892277095807582,0.5084745762711864,0.379746835443038,0.4347826086956521,0.6190270714313202,0.6954529526814368,0.0
B0,2027,TA,0.3,start,5026,0.6629986244841816,0.5842996592706368,0.6397891434228749,0.4743589743589743,0.2341772151898734,0.3135593220338983,0.6560280197722135,0.6485285775475637,0.0
B0,2027,TA,0.3,middle,5026,0.6602475928473177,0.5943383557596755,0.6432488728273505,0.4893617021276595,0.2911392405063291,0.365079365079365,0.6719839438783455,0.6291834925461939,0.0
B0,2027,TA,0.3,end,5026,0.6492434662998624,0.5846140463214121,0.6314867053311013,0.5172413793103449,0.2848101265822785,0.3673469387755102,0.6900703580892167,0.6012792415705205,0.0
B0,2027,TA,0.3,random,5026,0.671251719394773,0.6019359929725727,0.653022370870811,0.5054945054945055,0.2911392405063291,0.3694779116465863,0.659668130263337,0.6339350273217933,0.0
B0,2027,TA,0.3,random,5027,0.656121045392022,0.5838548084221551,0.6356553097299854,0.4651162790697674,0.2531645569620253,0.3278688524590163,0.669225384658892,0.6235666723081664,0.0
B0,2027,TA,0.3,random,5028,0.656121045392022,0.5879796545152166,0.6368845125254393,0.5058823529411764,0.2721518987341772,0.3539094650205761,0.6893179090108351,0.6122936033780269,0.0
B0,2027,TV,0.3,start,5026,0.6643741403026134,0.5851463015869788,0.641070695017232,0.4683544303797468,0.2341772151898734,0.3122362869198312,0.6565350172220934,0.647835895673068,0.0
B0,2027,TV,0.3,middle,5026,0.657496561210454,0.5894151899466834,0.6396140974175264,0.4731182795698925,0.2784810126582278,0.350597609561753,0.6762573380090507,0.6269376624251678,0.0
B0,2027,TV,0.3,end,5026,0.6478679504814305,0.5812111956258211,0.6294136517340839,0.5057471264367817,0.2784810126582278,0.3591836734693877,0.6923947012242933,0.600193251257329,0.0
B0,2027,TV,0.3,random,5026,0.672627235213205,0.6028250696066905,0.6544218711026972,0.5,0.2911392405063291,0.368,0.661480840330761,0.6331704966647542,0.0
B0,2027,TV,0.3,random,5027,0.6602475928473177,0.5862642045519579,0.6387836393801158,0.4819277108433735,0.2531645569620253,0.3319502074688796,0.6714082811698837,0.6216318618427428,0.0
B0,2027,TV,0.3,random,5028,0.657496561210454,0.5890389055111056,0.6381276042002202,0.5058823529411764,0.2721518987341772,0.3539094650205761,0.6915793609889721,0.6104943358145057,0.0
B0,2027,AV,0.3,start,5026,0.6987620357634112,0.6454860506466011,0.6890591682776795,0.5128205128205128,0.379746835443038,0.4363636363636363,0.6172578049540961,0.6967633306350524,0.0
B0,2027,AV,0.3,middle,5026,0.6987620357634112,0.6453018884763151,0.6892277095807582,0.5084745762711864,0.379746835443038,0.4347826086956521,0.6182444036526183,0.6964654341233875,0.0
B0,2027,AV,0.3,end,5026,0.6987620357634112,0.6453018884763151,0.6892277095807582,0.5084745762711864,0.379746835443038,0.4347826086956521,0.6179271687793851,0.6965925010904763,0.0
B0,2027,AV,0.3,random,5026,0.6987620357634112,0.6453018884763151,0.6892277095807582,0.5084745762711864,0.379746835443038,0.4347826086956521,0.6179554234457184,0.6967338735584212,0.0
B0,2027,AV,0.3,random,5027,0.6987620357634112,0.6453018884763151,0.6892277095807582,0.5084745762711864,0.379746835443038,0.4347826086956521,0.6180296591121055,0.6966172416841653,0.0
B0,2027,AV,0.3,random,5028,0.6987620357634112,0.6453018884763151,0.6892277095807582,0.5084745762711864,0.379746835443038,0.4347826086956521,0.6181100648565235,0.6964715302985982,0.0
B0,2027,TAV,0.3,start,5026,0.6602475928473177,0.581575682382134,0.6378145681801891,0.4512195121951219,0.2341772151898734,0.3083333333333333,0.657443772398006,0.6474921329044363,0.0
B0,2027,TAV,0.3,middle,5026,0.6588720770288858,0.5917603775000466,0.641676843047617,0.4736842105263157,0.2848101265822785,0.3557312252964427,0.6747364744603179,0.6285735525958134,0.0
B0,2027,TAV,0.3,end,5026,0.6464924346629987,0.5820396341782622,0.6292459740228543,0.5,0.2848101265822785,0.3629032258064516,0.691972573709497,0.6000053332043215,0.0
B0,2027,TAV,0.3,random,5026,0.6740027510316369,0.6082004689425972,0.6578739807021399,0.5051546391752577,0.310126582278481,0.3843137254901961,0.6596720586566093,0.6339603416405605,0.0
B0,2027,TAV,0.3,random,5027,0.657496561210454,0.5856083416973347,0.6373675171746551,0.4712643678160919,0.2594936708860759,0.3346938775510204,0.6712764427574438,0.6222985591157625,0.0
B0,2027,TAV,0.3,random,5028,0.657496561210454,0.5890389055111056,0.6381276042002202,0.5058823529411764,0.2721518987341772,0.3539094650205761,0.6919516838772384,0.6103686686835555,0.0
B0,2028,none,0.0,none,0,0.7015130674002751,0.6455562717971604,0.6902790584452012,0.5181818181818182,0.360759493670886,0.4253731343283582,0.6143049444545727,0.7032495908316544,0.0
B0,2028,T,0.1,random,5026,0.6836313617606602,0.6152748822611701,0.6645633476424188,0.5294117647058824,0.2848101265822785,0.3703703703703703,0.6287292608057824,0.6858717413880985,0.0
B0,2028,T,0.1,random,5027,0.6850068775790922,0.6166427091700841,0.6667459324642843,0.5,0.2848101265822785,0.3629032258064516,0.6332920088180269,0.6676255863981585,0.0
B0,2028,T,0.1,random,5028,0.6753782668500687,0.6136213196474173,0.6603506139167448,0.5104166666666666,0.310126582278481,0.3858267716535433,0.6350551154079959,0.6841059640947147,0.0
B0,2028,T,0.2,random,5026,0.6822558459422283,0.6057083525477606,0.6580388398100758,0.5714285714285714,0.2531645569620253,0.3508771929824561,0.6479720206417859,0.6523956216800444,0.0
B0,2028,T,0.2,random,5027,0.6698762035763411,0.5935803990935526,0.6472832309163856,0.4875,0.2468354430379747,0.3277310924369748,0.649445363991638,0.6509462887129969,0.0
B0,2028,T,0.2,random,5028,0.6602475928473177,0.5912030451701346,0.639726796570979,0.5454545454545454,0.2658227848101265,0.3574468085106383,0.6600379717140007,0.6522703842713916,0.0
B0,2028,T,0.3,start,5026,0.6657496561210454,0.5712108528706626,0.6323384222258052,0.509090909090909,0.1772151898734177,0.2629107981220657,0.651289914515891,0.6589135540042809,0.0
B0,2028,T,0.3,middle,5026,0.6382393397524071,0.5458771949304095,0.6061105137700707,0.4576271186440678,0.170886075949367,0.2488479262672811,0.674861675347873,0.6306086260384335,0.0
B0,2028,T,0.3,end,5026,0.6423658872077029,0.5590464466868962,0.6147876408915309,0.4848484848484848,0.2025316455696202,0.2857142857142857,0.6970708162748642,0.5994424551825827,0.0
B0,2028,T,0.3,random,5026,0.6657496561210454,0.586564131109562,0.639644065657413,0.5692307692307692,0.2341772151898734,0.3318385650224215,0.6609356262327322,0.6328544021443908,0.0
B0,2028,T,0.3,random,5027,0.6451169188445667,0.5611703982132156,0.6190126026382299,0.4459459459459459,0.2088607594936709,0.2844827586206896,0.6700084091133544,0.6291425678340582,0.0
B0,2028,T,0.3,random,5028,0.6368638239339752,0.547813545837923,0.6060712449493841,0.4666666666666667,0.1772151898734177,0.2568807339449541,0.6816743569498354,0.6295896323956731,0.0
B0,2028,T,0.4,random,5026,0.6286107290233838,0.522743170517086,0.5884329640012151,0.4666666666666667,0.1329113924050632,0.2068965517241379,0.7093266000326202,0.5731998855302697,0.0
B0,2028,T,0.4,random,5027,0.6272352132049519,0.5323044652755388,0.5943619409236728,0.4098360655737705,0.1582278481012658,0.228310502283105,0.712030115384528,0.5715852968644747,0.0
B0,2028,T,0.4,random,5028,0.6313617606602476,0.5307547900276847,0.5946080129576344,0.4423076923076923,0.1455696202531645,0.219047619047619,0.70475677224742,0.5939603627057866,0.0
B0,2028,T,0.5,random,5026,0.6107290233837689,0.4970166461805258,0.5660174340525626,0.4864864864864865,0.1139240506329113,0.1846153846153846,0.732397782813783,0.5321549578574369,0.0
B0,2028,T,0.5,random,5027,0.6176066024759285,0.5024174591582447,0.5722524033113344,0.4102564102564102,0.1012658227848101,0.1624365482233502,0.7167233825744417,0.5535708859510048,0.0
B0,2028,T,0.5,random,5028,0.6368638239339752,0.5202446789083828,0.5901489185031601,0.5,0.1139240506329113,0.1855670103092783,0.7146450209478004,0.5721612353364992,0.0
B0,2028,A,0.1,random,5026,0.7015130674002751,0.6455562717971604,0.6902790584452012,0.5181818181818182,0.360759493670886,0.4253731343283582,0.6143416511511085,0.7032253238166127,0.0
B0,2028,A,0.1,random,5027,0.7015130674002751,0.6455562717971604,0.6902790584452012,0.5181818181818182,0.360759493670886,0.4253731343283582,0.6141944610797825,0.7036556536071554,0.0
B0,2028,A,0.1,random,5028,0.7015130674002751,0.6455562717971604,0.6902790584452012,0.5181818181818182,0.360759493670886,0.4253731343283582,0.6144222884660879,0.7032865059906966,0.0
B0,2028,A,0.2,random,5026,0.7015130674002751,0.6455562717971604,0.6902790584452012,0.5181818181818182,0.360759493670886,0.4253731343283582,0.614142089142808,0.7033456068732185,0.0
B0,2028,A,0.2,random,5027,0.7015130674002751,0.6455562717971604,0.6902790584452012,0.5181818181818182,0.360759493670886,0.4253731343283582,0.6141370996628206,0.7037620039767314,0.0
B0,2028,A,0.2,random,5028,0.7015130674002751,0.6455562717971604,0.6902790584452012,0.5181818181818182,0.360759493670886,0.4253731343283582,0.6144196991965327,0.7032972435925301,0.0
B0,2028,A,0.3,start,5026,0.7001375515818432,0.6430292843259813,0.6885180092655349,0.5137614678899083,0.3544303797468354,0.4194756554307116,0.6156821479374383,0.7027883304987289,0.0
B0,2028,A,0.3,middle,5026,0.7001375515818432,0.6430292843259813,0.6885180092655349,0.5137614678899083,0.3544303797468354,0.4194756554307116,0.6149838988987779,0.7032786103908384,0.0
B0,2028,A,0.3,end,5026,0.7015130674002751,0.6455562717971604,0.6902790584452012,0.5181818181818182,0.360759493670886,0.4253731343283582,0.6143549523422231,0.7036988797960284,0.0
B0,2028,A,0.3,random,5026,0.7015130674002751,0.6455562717971604,0.6902790584452012,0.5181818181818182,0.360759493670886,0.4253731343283582,0.6141738499638706,0.7033562059981552,0.0
B0,2028,A,0.3,random,5027,0.7015130674002751,0.6455562717971604,0.6902790584452012,0.5181818181818182,0.360759493670886,0.4253731343283582,0.6141770540565281,0.7037406439248863,0.0
B0,2028,A,0.3,random,5028,0.7001375515818432,0.6430292843259813,0.6885180092655349,0.5137614678899083,0.3544303797468354,0.4194756554307116,0.6154661457786867,0.7030145549680855,0.0
B0,2028,A,0.4,random,5026,0.7015130674002751,0.6455562717971604,0.6902790584452012,0.5181818181818182,0.360759493670886,0.4253731343283582,0.6142240925544492,0.7032931532219078,0.0
B0,2028,A,0.4,random,5027,0.7001375515818432,0.6430292843259813,0.6885180092655349,0.5137614678899083,0.3544303797468354,0.4194756554307116,0.6152017997619852,0.703485607481171,0.0
B0,2028,A,0.4,random,5028,0.7001375515818432,0.6430292843259813,0.6885180092655349,0.5137614678899083,0.3544303797468354,0.4194756554307116,0.6154520111331222,0.7030740613274146,0.0
B0,2028,A,0.5,random,5026,0.7001375515818432,0.6430292843259813,0.6885180092655349,0.5137614678899083,0.3544303797468354,0.4194756554307116,0.6149214587643115,0.7032514479380337,0.0
B0,2028,A,0.5,random,5027,0.7001375515818432,0.6430292843259813,0.6885180092655349,0.5137614678899083,0.3544303797468354,0.4194756554307116,0.6149357763125878,0.7037325382768387,0.0
B0,2028,A,0.5,random,5028,0.7001375515818432,0.6430292843259813,0.6885180092655349,0.5137614678899083,0.3544303797468354,0.4194756554307116,0.6153039606367932,0.7032254268935246,0.0
B0,2028,V,0.1,random,5026,0.7015130674002751,0.6455562717971604,0.6902790584452012,0.5181818181818182,0.360759493670886,0.4253731343283582,0.6142261355805654,0.7034153947090379,0.0
B0,2028,V,0.1,random,5027,0.7015130674002751,0.6455562717971604,0.6902790584452012,0.5181818181818182,0.360759493670886,0.4253731343283582,0.6141517645255713,0.7034794103229216,0.0
B0,2028,V,0.1,random,5028,0.7015130674002751,0.6455562717971604,0.6902790584452012,0.5181818181818182,0.360759493670886,0.4253731343283582,0.6142564345132616,0.7034077614783165,0.0
B0,2028,V,0.2,random,5026,0.7015130674002751,0.6455562717971604,0.6902790584452012,0.5181818181818182,0.360759493670886,0.4253731343283582,0.6141769794078852,0.7035970274855582,0.0
B0,2028,V,0.2,random,5027,0.7015130674002751,0.6455562717971604,0.6902790584452012,0.5181818181818182,0.360759493670886,0.4253731343283582,0.6141108810018044,0.7036047942849744,0.0
B0,2028,V,0.2,random,5028,0.7015130674002751,0.6455562717971604,0.6902790584452012,0.5181818181818182,0.360759493670886,0.4253731343283582,0.6141728920970013,0.7035888092717789,0.0
B0,2028,V,0.3,start,5026,0.7015130674002751,0.6455562717971604,0.6902790584452012,0.5181818181818182,0.360759493670886,0.4253731343283582,0.6143261530946224,0.7033805057657847,0.0
B0,2028,V,0.3,middle,5026,0.7015130674002751,0.6455562717971604,0.6902790584452012,0.5181818181818182,0.360759493670886,0.4253731343283582,0.6143350094829463,0.7035596762670355,0.0
B0,2028,V,0.3,end,5026,0.7015130674002751,0.6455562717971604,0.6902790584452012,0.5181818181818182,0.360759493670886,0.4253731343283582,0.61426581314152,0.7036625367344039,0.0
B0,2028,V,0.3,random,5026,0.7015130674002751,0.6455562717971604,0.6902790584452012,0.5181818181818182,0.360759493670886,0.4253731343283582,0.6142838573008771,0.7036809731417382,0.0
B0,2028,V,0.3,random,5027,0.7015130674002751,0.6455562717971604,0.6902790584452012,0.5181818181818182,0.360759493670886,0.4253731343283582,0.6141809861039715,0.7036561486132717,0.0
B0,2028,V,0.3,random,5028,0.7015130674002751,0.6455562717971604,0.6902790584452012,0.5181818181818182,0.360759493670886,0.4253731343283582,0.6141186975630398,0.7037344379454635,0.0
B0,2028,V,0.4,random,5026,0.7015130674002751,0.6455562717971604,0.6902790584452012,0.5181818181818182,0.360759493670886,0.4253731343283582,0.6143301380599449,0.7037335148702382,0.0
B0,2028,V,0.4,random,5027,0.7015130674002751,0.6455562717971604,0.6902790584452012,0.5181818181818182,0.360759493670886,0.4253731343283582,0.6142433241830655,0.7037457878216566,0.0
B0,2028,V,0.4,random,5028,0.7015130674002751,0.6455562717971604,0.6902790584452012,0.5181818181818182,0.360759493670886,0.4253731343283582,0.6140942411385575,0.7038834576104145,0.0
B0,2028,V,0.5,random,5026,0.7015130674002751,0.6455562717971604,0.6902790584452012,0.5181818181818182,0.360759493670886,0.4253731343283582,0.6145056790064816,0.7037228008706171,0.0
B0,2028,V,0.5,random,5027,0.7015130674002751,0.6455562717971604,0.6902790584452012,0.5181818181818182,0.360759493670886,0.4253731343283582,0.6143558121970203,0.7037871951486631,0.0
B0,2028,V,0.5,random,5028,0.7015130674002751,0.6455562717971604,0.6902790584452012,0.5181818181818182,0.360759493670886,0.4253731343283582,0.6142047111110032,0.703907879514375,0.0
B0,2028,TA,0.3,start,5026,0.6643741403026134,0.570365901455369,0.6310762252010338,0.509090909090909,0.1772151898734177,0.2629107981220657,0.651729671565374,0.6581735361304025,0.0
B0,2028,TA,0.3,middle,5026,0.6396148555708391,0.546987489446619,0.6071213903003173,0.4655172413793103,0.170886075949367,0.25,0.6752485608346961,0.6310535241252427,0.0
B0,2028,TA,0.3,end,5026,0.6423658872077029,0.560291468676631,0.6159035632648505,0.4782608695652174,0.2088607594936709,0.2907488986784141,0.6963566345910939,0.6008918980134597,0.0
B0,2028,TA,0.3,random,5026,0.6671251719394773,0.5877876368510249,0.6407186931214344,0.578125,0.2341772151898734,0.3333333333333333,0.6607502416080304,0.6336019416895456,0.0
B0,2028,TA,0.3,random,5027,0.6464924346629987,0.5638312981790158,0.6212714318533995,0.4473684210526316,0.2151898734177215,0.2905982905982906,0.6695483425302471,0.6305432339073969,0.0
B0,2028,TA,0.3,random,5028,0.6368638239339752,0.5474019278703327,0.605783715197094,0.4745762711864407,0.1772151898734177,0.2580645161290322,0.6822180685680977,0.6295369381971312,0.0
B0,2028,TV,0.3,start,5026,0.6643741403026134,0.5681587129146051,0.6300783323684179,0.5,0.170886075949367,0.2547169811320754,0.652592227196269,0.6581928137572575,0.0
B0,2028,TV,0.3,middle,5026,0.6368638239339752,0.5428714163120474,0.6038953697093734,0.4482758620689655,0.1645569620253164,0.2407407407407407,0.676144318836255,0.6310870066425938,0.0
B0,2028,TV,0.3,end,5026,0.6437414030261348,0.5618919968919969,0.6169004081658827,0.4925373134328358,0.2088607594936709,0.2933333333333333,0.6980786932086507,0.5994735979531518,0.0
B0,2028,TV,0.3,random,5026,0.6685006877579092,0.5887927040805024,0.6417033719749282,0.5967741935483871,0.2341772151898734,0.3363636363636363,0.6617764709596587,0.6327317861209752,0.0
B0,2028,TV,0.3,random,5027,0.6451169188445667,0.5607792725174395,0.6194402704847706,0.4342105263157895,0.2088607594936709,0.282051282051282,0.6688567399792047,0.6300004812709394,0.0
B0,2028,TV,0.3,random,5028,0.640990371389271,0.5547378159474934,0.6116451820354292,0.4838709677419355,0.189873417721519,0.2727272727272727,0.6812176168680844,0.6293598832688457,0.0
B0,2028,AV,0.3,start,5026,0.7001375515818432,0.6444930590583587,0.6891345450616159,0.5135135135135135,0.360759493670886,0.4237918215613382,0.6152127320468808,0.703072770047368,0.0
B0,2028,AV,0.3,middle,5026,0.7015130674002751,0.6455562717971604,0.6902790584452012,0.5181818181818182,0.360759493670886,0.4253731343283582,0.6141165916684759,0.7038206954820643,0.0
B0,2028,AV,0.3,end,5026,0.7015130674002751,0.6455562717971604,0.6902790584452012,0.5181818181818182,0.360759493670886,0.4253731343283582,0.6143206368822116,0.7041132523788981,0.0
B0,2028,AV,0.3,random,5026,0.7015130674002751,0.6455562717971604,0.6902790584452012,0.5181818181818182,0.360759493670886,0.4253731343283582,0.6141886727562659,0.7037790590533217,0.0
B0,2028,AV,0.3,random,5027,0.7015130674002751,0.6455562717971604,0.6902790584452012,0.5181818181818182,0.360759493670886,0.4253731343283582,0.6141122041604281,0.7041403533602387,0.0
B0,2028,AV,0.3,random,5028,0.7015130674002751,0.6455562717971604,0.6902790584452012,0.5181818181818182,0.360759493670886,0.4253731343283582,0.6144324389361175,0.7037215649132802,0.0
B0,2028,TAV,0.3,start,5026,0.6629986244841816,0.5671267075015859,0.628861586393895,0.5,0.170886075949367,0.2547169811320754,0.6535990076815544,0.6572683472832962,0.0
B0,2028,TAV,0.3,middle,5026,0.6396148555708391,0.5469071197698522,0.607324611170339,0.4576271186440678,0.170886075949367,0.2488479262672811,0.6756067131353177,0.6317166990688056,0.0
B0,2028,TAV,0.3,end,5026,0.6437414030261348,0.5598728255650046,0.6163646131344982,0.4776119402985074,0.2025316455696202,0.2844444444444444,0.6975994090420589,0.6011184676116639,0.0
B0,2028,TAV,0.3,random,5026,0.6698762035763411,0.5900224482486492,0.6426744552799776,0.6166666666666667,0.2341772151898734,0.3394495412844037,0.6620967471963473,0.6325264923624299,0.0
B0,2028,TAV,0.3,random,5027,0.6464924346629987,0.5635292300747236,0.6214968429904505,0.4415584415584415,0.2151898734177215,0.2893617021276595,0.6692317223330738,0.6309198757315527,0.0
B0,2028,TAV,0.3,random,5028,0.640990371389271,0.554647955702514,0.6114844882489885,0.4918032786885246,0.189873417721519,0.273972602739726,0.6818244082168606,0.6294799407523927,0.0
B0,2029,none,0.0,none,0,0.7015130674002751,0.6302174462685827,0.6820480249324661,0.5476190476190477,0.2911392405063291,0.3801652892561983,0.6182699932276642,0.7024101585659426,0.0
B0,2029,T,0.1,random,5026,0.6891334250343879,0.606140529907346,0.6635519546925225,0.5068493150684932,0.2341772151898734,0.3203463203463203,0.6309008755891642,0.6895474771264749,0.0
B0,2029,T,0.1,random,5027,0.6753782668500687,0.5874453674133852,0.6477994339269436,0.4647887323943662,0.2088607594936709,0.2882096069868995,0.6387490468378144,0.6700233327377407,0.0
B0,2029,T,0.1,random,5028,0.6767537826685007,0.601302393373307,0.6546755642712945,0.5256410256410257,0.2594936708860759,0.3474576271186441,0.6472132917982524,0.6735729855296431,0.0
B0,2029,T,0.2,random,5026,0.6891334250343879,0.608335485298447,0.6636609602371136,0.5882352941176471,0.2531645569620253,0.3539823008849557,0.6552509593344696,0.6528861003991263,0.0
B0,2029,T,0.2,random,5027,0.6657496561210454,0.5798917913643941,0.6375391458087281,0.5,0.2088607594936709,0.2946428571428571,0.6605577491961825,0.6509662737843083,0.0
B0,2029,T,0.2,random,5028,0.6616231086657497,0.5823367668348333,0.6381965753417176,0.5066666666666667,0.240506329113924,0.3261802575107296,0.6724615106060756,0.6464856699089653,0.0
B0,2029,T,0.3,start,5026,0.6643741403026134,0.560788047749252,0.6281190132357898,0.4629629629629629,0.1582278481012658,0.2358490566037736,0.6642377532500953,0.6580824683137838,0.0
B0,2029,T,0.3,middle,5026,0.6506189821182944,0.5615755569489872,0.6205682340146512,0.4761904761904761,0.189873417721519,0.2714932126696832,0.6799682219300642,0.6341910424960003,0.0
B0,2029,T,0.3,end,5026,0.6519944979367263,0.5571186810558962,0.6179093192351897,0.5294117647058824,0.170886075949367,0.2583732057416268,0.6884995255895704,0.6106031074441172,0.0
B0,2029,T,0.3,random,5026,0.6753782668500687,0.5921262247703188,0.6482172446872281,0.6065573770491803,0.2341772151898734,0.3378995433789954,0.6631677626407878,0.6447920016864418,0.0
B0,2029,T,0.3,random,5027,0.6464924346629987,0.554050580843787,0.6143313901610369,0.5,0.1772151898734177,0.2616822429906542,0.6809382088003082,0.628327613823144,0.0
B0,2029,T,0.3,random,5028,0.6382393397524071,0.5434906597592079,0.6051279489167609,0.4561403508771929,0.1645569620253164,0.241860465116279,0.7022381465995774,0.6167185741971609,0.0
B0,2029,T,0.4,random,5026,0.6464924346629987,0.5484560491851326,0.610610632242774,0.5306122448979592,0.1645569620253164,0.251207729468599,0.7010877351189372,0.5976460442470723,0.0
B0,2029,T,0.4,random,5027,0.6299862448418156,0.5304511534633911,0.5934519346609547,0.46,0.1455696202531645,0.2211538461538461,0.7209740227364305,0.5729588006412503,0.0
B0,2029,T,0.4,random,5028,0.6286107290233838,0.5339903698080043,0.594611500344221,0.5098039215686274,0.1645569620253164,0.2488038277511961,0.7183188024783321,0.5803582615105075,0.0
B0,2029,T,0.5,random,5026,0.6148555708390646,0.4990563974576087,0.5701001985832139,0.425,0.1075949367088607,0.1717171717171717,0.7340626765036895,0.5569731432930077,0.0
B0,2029,T,0.5,random,5027,0.6217331499312242,0.5128477582336327,0.579698094254743,0.4634146341463415,0.120253164556962,0.1909547738693467,0.7368454282236613,0.5463573581825947,0.0
B0,2029,T,0.5,random,5028,0.6217331499312242,0.503394176546481,0.5744850753432518,0.4285714285714285,0.0949367088607595,0.155440414507772,0.7325312239976223,0.5591019354867964,0.0
B0,2029,A,0.1,random,5026,0.7001375515818432,0.6276327236700411,0.6800729735598944,0.5421686746987951,0.2848101265822785,0.3734439834024896,0.6191489246924758,0.7020340915063534,0.0
B0,2029,A,0.1,random,5027,0.7015130674002751,0.6302174462685827,0.6820480249324661,0.5476190476190477,0.2911392405063291,0.3801652892561983,0.6181132935305781,0.7023927600619064,0.0
B0,2029,A,0.1,random,5028,0.7001375515818432,0.6291569524754546,0.6808069964735337,0.5476190476190477,0.2911392405063291,0.3801652892561983,0.6187308363307524,0.7017531126267383,0.0
B0,2029,A,0.2,random,5026,0.6987620357634112,0.6265724638807301,0.6788322946582458,0.5421686746987951,0.2848101265822785,0.3734439834024896,0.6193979291832388,0.7015390438084936,0.0
B0,2029,A,0.2,random,5027,0.6987620357634112,0.6254422724050329,0.6780007906309907,0.5432098765432098,0.2784810126582278,0.3682008368200837,0.6191693506731174,0.702014378099556,0.0
B0,2029,A,0.2,random,5028,0.6973865199449794,0.6239701997990159,0.6768467565858474,0.5365853658536586,0.2784810126582278,0.3666666666666666,0.6200645040878061,0.7016284653041618,0.0
B0,2029,A,0.3,start,5026,0.6987620357634112,0.625030225030225,0.6780870851022158,0.5365853658536586,0.2784810126582278,0.3666666666666666,0.6204182644751832,0.7015471028469107,0.0
B0,2029,A,0.3,middle,5026,0.7001375515818432,0.6280518186347782,0.6799910766238386,0.5487804878048781,0.2848101265822785,0.375,0.6190152177849557,0.7019339264639745,0.0
B0,2029,A,0.3,end,5026,0.7028885832187071,0.6290392412812631,0.6816378834004041,0.55,0.2784810126582278,0.3697478991596639,0.6190395602386883,0.702039696635331,0.0
B0,2029,A,0.3,random,5026,0.7015130674002751,0.6291130316623077,0.6812325697771152,0.5487804878048781,0.2848101265822785,0.375,0.6190092764250916,0.7016297250494786,0.0
B0,2029,A,0.3,random,5027,0.7015130674002751,0.6279762618459532,0.6803959000546372,0.55,0.2784810126582278,0.3697478991596639,0.6185616855128362,0.7022064458603597,0.0
B0,2029,A,0.3,random,5028,0.6973865199449794,0.6239701997990159,0.6768467565858474,0.5365853658536586,0.2784810126582278,0.3666666666666666,0.6197684807398545,0.7018702120543622,0.0
B0,2029,A,0.4,random,5026,0.7001375515818432,0.6265032508744605,0.6792419333989872,0.5432098765432098,0.2784810126582278,0.3682008368200837,0.6194158760312471,0.7016930686157368,0.0
B0,2029,A,0.4,random,5027,0.7015130674002751,0.6279762618459532,0.6803959000546372,0.55,0.2784810126582278,0.3697478991596639,0.6181910654684727,0.7024290182268963,0.0
B0,2029,A,0.4,random,5028,0.6987620357634112,0.6254422724050329,0.6780007906309907,0.5432098765432098,0.2784810126582278,0.3682008368200837,0.6192189913974325,0.702046649361042,0.0
B0,2029,A,0.5,random,5026,0.7001375515818432,0.6266764360329596,0.6790665253726539,0.55,0.2784810126582278,0.3697478991596639,0.619627918596811,0.7017395047759801,0.0
B0,2029,A,0.5,random,5027,0.7015130674002751,0.62815379879725,0.6802233293732641,0.5569620253164557,0.2784810126582278,0.3713080168776371,0.6183003430280914,0.7022964655500782,0.0
B0,2029,A,0.5,random,5028,0.7001375515818432,0.6265032508744605,0.6792419333989872,0.5432098765432098,0.2784810126582278,0.3682008368200837,0.6189400722952186,0.7021294854986412,0.0
B0,2029,V,0.1,random,5026,0.7028885832187071,0.6317048985060169,0.683212279158228,0.5542168674698795,0.2911392405063291,0.3817427385892116,0.6174126083682815,0.7026603590316671,0.0
B0,2029,V,0.1,random,5027,0.7015130674002751,0.6291130316623077,0.6812325697771152,0.5487804878048781,0.2848101265822785,0.375,0.6187570615120188,0.7020905565202578,0.0
B0,2029,V,0.1,random,5028,0.7028885832187071,0.6317048985060169,0.683212279158228,0.5542168674698795,0.2911392405063291,0.3817427385892116,0.6176157937996097,0.7027332362544733,0.0
B0,2029,V,0.2,random,5026,0.7001375515818432,0.626142096412556,0.6794766910209041,0.5365853658536586,0.2784810126582278,0.3666666666666666,0.6185679267688596,0.7024648891662356,0.0
B0,2029,V,0.2,random,5027,0.7028885832187071,0.6315242671261438,0.6833850906924682,0.5476190476190477,0.2911392405063291,0.3801652892561983,0.6181242550909752,0.7020365360287416,0.0
B0,2029,V,0.2,random,5028,0.7028885832187071,0.6313329086711496,0.6834429951537352,0.5476190476190477,0.2911392405063291,0.3801652892561983,0.6177025687752173,0.7026748349437658,0.0
B0,2029,V,0.3,start,5026,0.6987620357634112,0.6236803730868621,0.6772927608338487,0.5375,0.2721518987341772,0.361344537815126,0.6199298739728675,0.7018096005565888,0.0
B0,2029,V,0.3,middle,5026,0.7001375515818432,0.6249801503469984,0.6786226637939676,0.5375,0.2721518987341772,0.361344537815126,0.6192620377686786,0.7024015190253184,0.0
B0,2029,V,0.3,end,5026,0.7028885832187071,0.6313329086711496,0.6834429951537352,0.5476190476190477,0.2911392405063291,0.3801652892561983,0.6167863906124914,0.7027651166543051,0.0
B0,2029,V,0.3,random,5026,0.6973865199449794,0.6206876055886029,0.6755223810029344,0.525,0.2658227848101265,0.3529411764705882,0.6188898272614013,0.7025743394148217,0.0
B0,2029,V,0.3,random,5027,0.7028885832187071,0.6302214434537264,0.68262036672133,0.5487804878048781,0.2848101265822785,0.375,0.6182085370812849,0.7020360378767957,0.0
B0,2029,V,0.3,random,5028,0.7001375515818432,0.6277077657153634,0.680346771169195,0.5357142857142857,0.2848101265822785,0.371900826446281,0.6190361716628459,0.7020859263930405,0.0
B0,2029,V,0.4,random,5026,0.6973865199449794,0.620730398591843,0.6756584673576733,0.5185185185185185,0.2658227848101265,0.3514644351464435,0.6182519047097773,0.7030075981832424,0.0
B0,2029,V,0.4,random,5027,0.7028885832187071,0.628670894205325,0.6818676627225218,0.5432098765432098,0.2784810126582278,0.3682008368200837,0.6179672062062114,0.7022946338492683,0.0
B0,2029,V,0.4,random,5028,0.7015130674002751,0.6258470770916885,0.6799176877894746,0.5375,0.2721518987341772,0.361344537815126,0.6183811992290479,0.7024610956135615,0.0
B0,2029,V,0.5,random,5026,0.6987620357634112,0.6239524148281274,0.6775116695714175,0.5308641975308642,0.2721518987341772,0.3598326359832636,0.618446646396919,0.7023482921554925,0.0
B0,2029,V,0.5,random,5027,0.7015130674002751,0.627609870662623,0.6806270534304971,0.5432098765432098,0.2784810126582278,0.3682008368200837,0.618193821641121,0.7017561391301389,0.0
B0,2029,V,0.5,random,5028,0.7028885832187071,0.628670894205325,0.6818676627225218,0.5432098765432098,0.2784810126582278,0.3682008368200837,0.6184640109335555,0.7024074601224091,0.0
B0,2029,TA,0.3,start,5026,0.6657496561210454,0.5621023454757784,0.6294492182911845,0.4629629629629629,0.1582278481012658,0.2358490566037736,0.6642405707918102,0.6578700502800342,0.0
B0,2029,TA,0.3,middle,5026,0.6464924346629987,0.5564697160552144,0.6157882045674229,0.4754098360655737,0.1835443037974683,0.2648401826484018,0.6816308844998866,0.6314603697239585,0.0
B0,2029,TA,0.3,end,5026,0.6492434662998624,0.5490311906395777,0.6123114416293388,0.5,0.1518987341772152,0.233009708737864,0.6899736299020668,0.6108294965738646,0.0
B0,2029,TA,0.3,random,5026,0.6767537826685007,0.5926529952900551,0.6492182213460279,0.6166666666666667,0.2341772151898734,0.3394495412844037,0.6631778779138063,0.6445169908493006,0.0
B0,2029,TA,0.3,random,5027,0.6437414030261348,0.5460842985842986,0.6087196461543092,0.4807692307692308,0.1582278481012658,0.238095238095238,0.6807275171059688,0.6293104799331118,0.0
B0,2029,TA,0.3,random,5028,0.6368638239339752,0.540446471520758,0.6028858513306471,0.4464285714285714,0.1582278481012658,0.2336448598130841,0.701937294140421,0.6176054770402524,0.0
B0,2029,TV,0.3,start,5026,0.6671251719394773,0.5629879822400842,0.6304585399496683,0.4716981132075472,0.1582278481012658,0.2369668246445497,0.6623006035035752,0.6592033018676624,0.0
B0,2029,TV,0.3,middle,5026,0.6478679504814305,0.5575972201853489,0.6168063396235871,0.4833333333333333,0.1835443037974683,0.2660550458715596,0.67962413792879,0.6343036660531514,0.0
B0,2029,TV,0.3,end,5026,0.6506189821182944,0.5561841947834409,0.616858616377229,0.5192307692307693,0.170886075949367,0.2571428571428571,0.6880324056493351,0.6110965660182575,0.0
B0,2029,TV,0.3,random,5026,0.6753782668500687,0.5899558846990375,0.6470149711997228,0.6101694915254238,0.2278481012658227,0.3317972350230415,0.6634516292821294,0.645752460180625,0.0
B0,2029,TV,0.3,random,5027,0.6451169188445667,0.552853195905667,0.6124634326625108,0.5283018867924528,0.1772151898734177,0.2654028436018957,0.6818283217457285,0.6271580510918819,0.0
B0,2029,TV,0.3,random,5028,0.640990371389271,0.546300356448919,0.6073749133190366,0.4727272727272727,0.1645569620253164,0.244131455399061,0.7000766500658152,0.6181859906584454,0.0
B0,2029,AV,0.3,start,5026,0.6973865199449794,0.6212395383457184,0.6752377441210156,0.5384615384615384,0.2658227848101265,0.3559322033898305,0.6212979757410729,0.7005458413438972,0.0
B0,2029,AV,0.3,middle,5026,0.7001375515818432,0.6267418151070675,0.6793303432058295,0.5432098765432098,0.2784810126582278,0.3682008368200837,0.6191685707316463,0.701999095844231,0.0
B0,2029,AV,0.3,end,5026,0.7056396148555708,0.6293780396779404,0.6832888826074177,0.5584415584415584,0.2721518987341772,0.3659574468085106,0.6167710718857113,0.7027981986907736,0.0
B0,2029,AV,0.3,random,5026,0.6987620357634112,0.6221064650904086,0.6765327681165223,0.5384615384615384,0.2658227848101265,0.3559322033898305,0.6187692959751278,0.701862967662619,0.0
B0,2029,AV,0.3,random,5027,0.7015130674002751,0.626416104842274,0.6796428534653809,0.5512820512820513,0.2721518987341772,0.3644067796610169,0.618846109057514,0.7016994526069945,0.0
B0,2029,AV,0.3,random,5028,0.6987620357634112,0.6233003618113911,0.6774080075634106,0.5375,0.2721518987341772,0.361344537815126,0.6190616087821482,0.7019255409183185,0.0
B0,2029,TAV,0.3,start,5026,0.6671251719394773,0.5629879822400842,0.6304585399496683,0.4716981132075472,0.1582278481012658,0.2369668246445497,0.6627529676054063,0.6589113139358574,0.0
B0,2029,TAV,0.3,middle,5026,0.6464924346629987,0.5584722715928011,0.6169127674140222,0.4761904761904761,0.189873417721519,0.2714932126696832,0.6803076778117713,0.6319793093750677,0.0
B0,2029,TAV,0.3,end,5026,0.6478679504814305,0.5481321359627079,0.6112842880906272,0.4897959183673469,0.1518987341772152,0.2318840579710145,0.6897457766315167,0.6111546984236992,0.0
B0,2029,TAV,0.3,random,5026,0.6753782668500687,0.589965183637228,0.6469193808605374,0.6206896551724138,0.2278481012658227,0.3333333333333333,0.6639066953560375,0.6452479816280503,0.0
B0,2029,TAV,0.3,random,5027,0.6451169188445667,0.551216374765794,0.6113419262741893,0.5294117647058824,0.170886075949367,0.2583732057416268,0.6814886257941702,0.6277870457741633,0.0
B0,2029,TAV,0.3,random,5028,0.640990371389271,0.5441297566592187,0.606142882097999,0.4716981132075472,0.1582278481012658,0.2369668246445497,0.6993865677185997,0.6195908071448057,0.0
B0,2030,none,0.0,none,0,0.6850068775790922,0.6056808151045439,0.662248682021512,0.4871794871794871,0.240506329113924,0.3220338983050847,0.6156715754036556,0.6881991044868563,0.0
B0,2030,T,0.1,random,5026,0.6767537826685007,0.5967105519476336,0.6534364734857275,0.4868421052631579,0.2341772151898734,0.3162393162393162,0.6330353007820662,0.6760171094073314,0.0
B0,2030,T,0.1,random,5027,0.6698762035763411,0.5780557878836806,0.6413799527145096,0.4347826086956521,0.189873417721519,0.2643171806167401,0.6445576592367965,0.6512415660914905,0.0
B0,2030,T,0.1,random,5028,0.6767537826685007,0.6047043774491963,0.6565776088092523,0.5454545454545454,0.2658227848101265,0.3574468085106383,0.6375256180195228,0.6663910983713107,0.0
B0,2030,T,0.2,random,5026,0.6685006877579092,0.5761853909176285,0.6390585577518448,0.4545454545454545,0.189873417721519,0.2678571428571428,0.6641597509200337,0.6354050077421621,0.0
B0,2030,T,0.2,random,5027,0.6437414030261348,0.5443844784375841,0.6103448473267203,0.3833333333333333,0.1455696202531645,0.2110091743119266,0.6731216259292091,0.6258348511752797,0.0
B0,2030,T,0.2,random,5028,0.6464924346629987,0.5673515575829727,0.6226644398247251,0.5,0.2215189873417721,0.3070175438596491,0.665818339001579,0.6335546486511022,0.0
B0,2030,T,0.3,start,5026,0.6547455295735901,0.5580588833097684,0.62395939747175,0.40625,0.1645569620253164,0.2342342342342342,0.675418087369905,0.6462163575262978,0.0
B0,2030,T,0.3,middle,5026,0.6382393397524071,0.5539336863717672,0.6120953872656236,0.4558823529411764,0.1962025316455696,0.2743362831858407,0.6854852141527539,0.6215444066257071,0.0
B0,2030,T,0.3,end,5026,0.6368638239339752,0.5379614300126756,0.6040364692629308,0.4210526315789473,0.1518987341772152,0.2232558139534883,0.6984256291430239,0.5879558653075413,0.0
B0,2030,T,0.3,random,5026,0.6602475928473177,0.561083105041432,0.6262771667806172,0.4727272727272727,0.1645569620253164,0.244131455399061,0.6814719146293934,0.6215167902161747,0.0
B0,2030,T,0.3,random,5027,0.6354883081155434,0.5415315827186092,0.6050928798645758,0.4262295081967213,0.1645569620253164,0.2374429223744292,0.6917337264473759,0.6070877699549895,0.0
B0,2030,T,0.3,random,5028,0.6382393397524071,0.5532132513842245,0.6118672471734465,0.4696969696969697,0.1962025316455696,0.2767857142857143,0.6925072355830023,0.6110805649738722,0.0
B0,2030,T,0.4,random,5026,0.6492434662998624,0.5597453555300592,0.6189967778936759,0.5084745762711864,0.189873417721519,0.2764976958525346,0.711016506813685,0.5805379338617579,0.0
B0,2030,T,0.4,random,5027,0.6231086657496562,0.5278360005618911,0.5912454557244207,0.3809523809523809,0.1518987341772152,0.2171945701357466,0.7291257735749598,0.5533168934470042,0.0
B0,2030,T,0.4,random,5028,0.6231086657496562,0.5350819275099562,0.5946768868995794,0.4375,0.1772151898734177,0.2522522522522522,0.7181894693592298,0.5795742257507964,0.0
B0,2030,T,0.5,random,5026,0.6217331499312242,0.5207712950769617,0.5862759876847424,0.4528301886792453,0.1518987341772152,0.2274881516587677,0.7403393640852931,0.5409586927012173,0.0
B0,2030,T,0.5,random,5027,0.6148555708390646,0.5197839389053859,0.5816147806018038,0.4210526315789473,0.1518987341772152,0.2232558139534883,0.7449299722729452,0.5321028629958722,0.0
B0,2030,T,0.5,random,5028,0.6341127922971114,0.5329942551803849,0.5969272895267167,0.5106382978723404,0.1518987341772152,0.2341463414634146,0.7332770070478223,0.5584680314693365,0.0
B0,2030,A,0.1,random,5026,0.6850068775790922,0.6057908039124573,0.6620284550813813,0.4935064935064935,0.240506329113924,0.3234042553191489,0.6157404533493368,0.6880453284300108,0.0
B0,2030,A,0.1,random,5027,0.6850068775790922,0.6057908039124573,0.6620284550813813,0.4935064935064935,0.240506329113924,0.3234042553191489,0.6156853564198359,0.6883682295034215,0.0
B0,2030,A,0.1,random,5028,0.6850068775790922,0.6056808151045439,0.662248682021512,0.4871794871794871,0.240506329113924,0.3220338983050847,0.6156284930426625,0.6880872227558447,0.0
B0,2030,A,0.2,random,5026,0.686382393397524,0.6067921440261866,0.6631364512192163,0.5,0.240506329113924,0.3247863247863248,0.615215941383397,0.6881457574546261,0.0
B0,2030,A,0.2,random,5027,0.6850068775790922,0.6059056192034916,0.6618121514153005,0.5,0.240506329113924,0.3247863247863248,0.6163843420385426,0.6873142084772247,0.0
B0,2030,A,0.2,random,5028,0.6850068775790922,0.6059056192034916,0.6618121514153005,0.5,0.240506329113924,0.3247863247863248,0.616651646469298,0.6867841462830507,0.0
B0,2030,A,0.3,start,5026,0.6850068775790922,0.6057908039124573,0.6620284550813813,0.4935064935064935,0.240506329113924,0.3234042553191489,0.6153767485912564,0.6881320658162734,0.0
B0,2030,A,0.3,middle,5026,0.6850068775790922,0.6059056192034916,0.6618121514153005,0.5,0.240506329113924,0.3247863247863248,0.616038902924874,0.6875723917133381,0.0
B0,2030,A,0.3,end,5026,0.6836313617606602,0.6030566163544887,0.6599546172331445,0.4868421052631579,0.2341772151898734,0.3162393162393162,0.6194615153994236,0.685506925934459,0.0
B0,2030,A,0.3,random,5026,0.686382393397524,0.6069106550699492,0.6629223394141923,0.5066666666666667,0.240506329113924,0.3261802575107296,0.6159107245752123,0.6874537420597244,0.0
B0,2030,A,0.3,random,5027,0.6850068775790922,0.6059056192034916,0.6618121514153005,0.5,0.240506329113924,0.3247863247863248,0.6165705324828857,0.6871701307981312,0.0
B0,2030,A,0.3,random,5028,0.686382393397524,0.6086276833450813,0.663878084862762,0.5064935064935064,0.2468354430379747,0.3319148936170212,0.6154638348140147,0.6872832380899896,0.0
B0,2030,A,0.4,random,5026,0.686382393397524,0.6069106550699492,0.6629223394141923,0.5066666666666667,0.240506329113924,0.3261802575107296,0.6162919094179495,0.6873612890295484,0.0
B0,2030,A,0.4,random,5027,0.6850068775790922,0.6059056192034916,0.6618121514153005,0.5,0.240506329113924,0.3247863247863248,0.6164868399339458,0.6872471997402413,0.0
B0,2030,A,0.4,random,5028,0.686382393397524,0.6086276833450813,0.663878084862762,0.5064935064935064,0.2468354430379747,0.3319148936170212,0.6154989659797033,0.6871826630400122,0.0
B0,2030,A,0.5,random,5026,0.687757909215956,0.6096411468751894,0.6649939854013722,0.5131578947368421,0.2468354430379747,0.3333333333333333,0.6153235657919515,0.687667950912397,0.0
B0,2030,A,0.5,random,5027,0.686382393397524,0.6086276833450813,0.663878084862762,0.5064935064935064,0.2468354430379747,0.3319148936170212,0.6156183163924973,0.6875512654725823,0.0
B0,2030,A,0.5,random,5028,0.687757909215956,0.6096411468751894,0.6649939854013722,0.5131578947368421,0.2468354430379747,0.3333333333333333,0.6147822829450758,0.6875133838256706,0.0
B0,2030,V,0.1,random,5026,0.6850068775790922,0.6056808151045439,0.662248682021512,0.4871794871794871,0.240506329113924,0.3220338983050847,0.6152655864050115,0.6882298515797003,0.0
B0,2030,V,0.1,random,5027,0.6850068775790922,0.6056808151045439,0.662248682021512,0.4871794871794871,0.240506329113924,0.3220338983050847,0.6157928528141418,0.6879110883898859,0.0
B0,2030,V,0.1,random,5028,0.6850068775790922,0.6056808151045439,0.662248682021512,0.4871794871794871,0.240506329113924,0.3220338983050847,0.6158108145238875,0.6879914593813199,0.0
B0,2030,V,0.2,random,5026,0.6850068775790922,0.6057372883142541,0.6623885041830015,0.4810126582278481,0.240506329113924,0.3206751054852321,0.6148581843216211,0.6883139908436054,0.0
B0,2030,V,0.2,random,5027,0.6850068775790922,0.6057372883142541,0.6623885041830015,0.4810126582278481,0.240506329113924,0.3206751054852321,0.615580965539582,0.6877886839444521,0.0
B0,2030,V,0.2,random,5028,0.6850068775790922,0.6057372883142541,0.6623885041830015,0.4810126582278481,0.240506329113924,0.3206751054852321,0.6157492718753091,0.6879141506663178,0.0
B0,2030,V,0.3,start,5026,0.6822558459422283,0.6002805746655125,0.6582476552653667,0.4675324675324675,0.2278481012658227,0.3063829787234042,0.6162490413437973,0.6873492022331805,0.0
B0,2030,V,0.3,middle,5026,0.6836313617606602,0.6030891423625778,0.6604734325629374,0.4683544303797468,0.2341772151898734,0.3122362869198312,0.6156372675470001,0.6877699864275473,0.0
B0,2030,V,0.3,end,5026,0.6836313617606602,0.6030891423625778,0.6604734325629374,0.4683544303797468,0.2341772151898734,0.3122362869198312,0.6148517546409664,0.6880647115287146,0.0
B0,2030,V,0.3,random,5026,0.6836313617606602,0.6030891423625778,0.6604734325629374,0.4683544303797468,0.2341772151898734,0.3122362869198312,0.61470154389869,0.6884073947391074,0.0
B0,2030,V,0.3,random,5027,0.6836313617606602,0.6030891423625778,0.6604734325629374,0.4683544303797468,0.2341772151898734,0.3122362869198312,0.6156462287645295,0.6877910566699202,0.0
B0,2030,V,0.3,random,5028,0.6836313617606602,0.6030185636337015,0.6603239716121514,0.4743589743589743,0.2341772151898734,0.3135593220338983,0.6163061842282335,0.6874772723817201,0.0
B0,2030,V,0.4,random,5026,0.6836313617606602,0.6030891423625778,0.6604734325629374,0.4683544303797468,0.2341772151898734,0.3122362869198312,0.6149344805342615,0.6876990588922212,0.0
B0,2030,V,0.4,random,5027,0.6836313617606602,0.6030891423625778,0.6604734325629374,0.4683544303797468,0.2341772151898734,0.3122362869198312,0.615790155191588,0.6873528643756466,0.0
B0,2030,V,0.4,random,5028,0.6836313617606602,0.6030891423625778,0.6604734325629374,0.4683544303797468,0.2341772151898734,0.3122362869198312,0.61627034203429,0.6874246742699159,0.0
B0,2030,V,0.5,random,5026,0.6836313617606602,0.6044344865853842,0.6614565239037569,0.4691358024691358,0.240506329113924,0.3179916317991632,0.6146008307036542,0.6873328089462917,0.0
B0,2030,V,0.5,random,5027,0.6822558459422283,0.6017319357048548,0.6594025365615326,0.4625,0.2341772151898734,0.3109243697478991,0.6157753681711926,0.6870930490997149,0.0
B0,2030,V,0.5,random,5028,0.6822558459422283,0.6017319357048548,0.6594025365615326,0.4625,0.2341772151898734,0.3109243697478991,0.6165070475774427,0.6869526160227706,0.0
B0,2030,TA,0.3,start,5026,0.6602475928473177,0.5660034598983514,0.6301445795485145,0.4444444444444444,0.1772151898734177,0.253393665158371,0.6744781758316744,0.6470742361311956,0.0
B0,2030,TA,0.3,middle,5026,0.640990371389271,0.5596729325986968,0.616471637058724,0.4647887323943662,0.2088607594936709,0.2882096069868995,0.6846704356312916,0.6233050542407578,0.0
B0,2030,TA,0.3,end,5026,0.6341127922971114,0.5338733125649013,0.6005538058080192,0.4107142857142857,0.1455696202531645,0.2149532710280373,0.7003375524224051,0.5861890123980749,0.0
B0,2030,TA,0.3,random,5026,0.6657496561210454,0.5712995712789334,0.6340333624900364,0.5087719298245614,0.1835443037974683,0.2697674418604651,0.6804466818454115,0.622537284004378,0.0
B0,2030,TA,0.3,random,5027,0.6368638239339752,0.5445757227490508,0.6070776424153727,0.4426229508196721,0.170886075949367,0.2465753424657534,0.6914260175937643,0.6075304971945036,0.0
B0,2030,TA,0.3,random,5028,0.6396148555708391,0.5560864954805791,0.6140102487363902,0.4776119402985074,0.2025316455696202,0.2844444444444444,0.6926489324932616,0.6108188440966997,0.0
B0,2030,TV,0.3,start,5026,0.6588720770288858,0.5629559531050568,0.6284404443259123,0.421875,0.170886075949367,0.2432432432432432,0.6734060232526395,0.647114172711465,0.0
B0,2030,TV,0.3,middle,5026,0.6368638239339752,0.552904989747095,0.6112339746452539,0.4428571428571428,0.1962025316455696,0.2719298245614035,0.6850068596828625,0.6214261611807533,0.0
B0,2030,TV,0.3,end,5026,0.6368638239339752,0.5381863788093786,0.6046418448637821,0.4,0.1518987341772152,0.2201834862385321,0.6977303800647978,0.5877252438796311,0.0
B0,2030,TV,0.3,random,5026,0.6643741403026134,0.566312016023065,0.6304931078260506,0.5,0.170886075949367,0.2547169811320754,0.6767505401784412,0.6243997694054891,0.0
B0,2030,TV,0.3,random,5027,0.6354883081155434,0.5396681429705872,0.6039826474204166,0.4166666666666667,0.1582278481012658,0.2293577981651376,0.6909263749895155,0.6073260323287641,0.0
B0,2030,TV,0.3,random,5028,0.6382393397524071,0.5528595482618294,0.6116241836291368,0.4769230769230769,0.1962025316455696,0.2780269058295964,0.6923407735743958,0.6103893401637379,0.0
B0,2030,AV,0.3,start,5026,0.6850068775790922,0.6057372883142541,0.6623885041830015,0.4810126582278481,0.240506329113924,0.3206751054852321,0.6156229214500469,0.687661196531927,0.0
B0,2030,AV,0.3,middle,5026,0.6850068775790922,0.605902081884378,0.66230745365418,0.4810126582278481,0.240506329113924,0.3206751054852321,0.6159342353415628,0.6870629727617659,0.0
B0,2030,AV,0.3,end,5026,0.6822558459422283,0.6004472092251738,0.6581693548254551,0.4675324675324675,0.2278481012658227,0.3063829787234042,0.6189276104650663,0.6852523530083535,0.0
B0,2030,AV,0.3,random,5026,0.686382393397524,0.6067897871662246,0.6636335168399918,0.4810126582278481,0.240506329113924,0.3206751054852321,0.6142494635911208,0.6884981437565576,0.0
B0,2030,AV,0.3,random,5027,0.6850068775790922,0.6058434223907637,0.6621657639792042,0.4871794871794871,0.240506329113924,0.3220338983050847,0.61667544355585,0.6865332597016656,0.0
B0,2030,AV,0.3,random,5028,0.686382393397524,0.6085502278360545,0.6642225252742441,0.4936708860759494,0.2468354430379747,0.3291139240506329,0.6157161135851769,0.6869680911033371,0.0
B0,2030,TAV,0.3,start,5026,0.6602475928473177,0.5639753958623094,0.6287109070002653,0.45,0.170886075949367,0.2477064220183486,0.6746219258102344,0.6464812093880066,0.0
B0,2030,TAV,0.3,middle,5026,0.6423658872077029,0.5625824828466529,0.6188323517500773,0.4594594594594595,0.2151898734177215,0.293103448275862,0.6833976776286079,0.6233858158440554,0.0
B0,2030,TAV,0.3,end,5026,0.6354883081155434,0.5351452932848282,0.6018472103178287,0.4035087719298245,0.1455696202531645,0.213953488372093,0.6994750626246253,0.5857452927993146,0.0
B0,2030,TAV,0.3,random,5026,0.6685006877579092,0.5732378627559299,0.635892765780126,0.5272727272727272,0.1835443037974683,0.272300469483568,0.6760509479928325,0.625322602517447,0.0
B0,2030,TAV,0.3,random,5027,0.6354883081155434,0.5414261373994739,0.6046617666056815,0.4333333333333333,0.1645569620253164,0.2385321100917431,0.6907244705724696,0.6075198757984668,0.0
B0,2030,TAV,0.3,random,5028,0.6368638239339752,0.552147433050537,0.6102616747437872,0.4769230769230769,0.1962025316455696,0.2780269058295964,0.693973415577231,0.6085762990375974,0.0
noB,2026,none,0.0,none,0,0.6960110041265475,0.6513013228313482,0.6910764955877354,0.5158730158730159,0.4113924050632911,0.4577464788732394,0.6308177987384013,0.6865409812303889,0.0
noB,2026,T,0.1,random,5026,0.6850068775790922,0.6365887049663833,0.677660157588347,0.5172413793103449,0.379746835443038,0.437956204379562,0.6433900198091101,0.6730160403774188,0.0
noB,2026,T,0.1,random,5027,0.6740027510316369,0.6222455368983533,0.6647548074738239,0.4954954954954955,0.3481012658227848,0.4089219330855018,0.6621944461314632,0.6460409020598565,0.0
noB,2026,T,0.1,random,5028,0.6781292984869326,0.6342118827488241,0.6736184205557478,0.5161290322580645,0.4050632911392405,0.4539007092198581,0.6542581201113371,0.659786595476283,0.0
noB,2026,T,0.2,random,5026,0.686382393397524,0.6312459172798698,0.6768172468149414,0.5185185185185185,0.3544303797468354,0.4210526315789473,0.6615843107417968,0.6455035672456904,0.0
noB,2026,T,0.2,random,5027,0.6547455295735901,0.5952807861676862,0.6428033897654185,0.4519230769230769,0.2974683544303797,0.3587786259541984,0.6790571671463824,0.6284801980727831,0.0
noB,2026,T,0.2,random,5028,0.657496561210454,0.613418126576711,0.6522930626396171,0.5169491525423728,0.3860759493670886,0.4420289855072464,0.6781749768515406,0.6248599280549116,0.0
noB,2026,T,0.3,start,5026,0.6629986244841816,0.5874455708157952,0.6433735826911615,0.4810126582278481,0.240506329113924,0.3206751054852321,0.6574436831851911,0.6595381408932314,0.0
noB,2026,T,0.3,middle,5026,0.6341127922971114,0.5798865255380182,0.6241743835454148,0.4757281553398058,0.310126582278481,0.3754789272030651,0.6853864070576171,0.6220351096477179,0.0
noB,2026,T,0.3,end,5026,0.6396148555708391,0.5693027700781376,0.6214080459951122,0.4691358024691358,0.240506329113924,0.3179916317991632,0.7154761173531798,0.583612680405296,0.0
noB,2026,T,0.3,random,5026,0.671251719394773,0.6070964513673768,0.657067249165167,0.5280898876404494,0.2974683544303797,0.3805668016194332,0.6749260993147461,0.6301967162336966,0.0
noB,2026,T,0.3,random,5027,0.6423658872077029,0.5890079731492475,0.6317083143801491,0.5319148936170213,0.3164556962025316,0.3968253968253968,0.697111950632433,0.5995161027123513,0.0
noB,2026,T,0.3,random,5028,0.656121045392022,0.599293986604941,0.6440232760205189,0.5494505494505495,0.3164556962025316,0.4016064257028112,0.6912356550392145,0.6166422912954543,0.0
noB,2026,T,0.4,random,5026,0.6396148555708391,0.5669667212220403,0.6200452101707626,0.5,0.240506329113924,0.3247863247863248,0.7087737002890412,0.5816643753044991,0.0
noB,2026,T,0.4,random,5027,0.6368638239339752,0.572484718333329,0.619488254842493,0.5061728395061729,0.2594936708860759,0.3430962343096234,0.7198788896887773,0.562528577552083,0.0
noB,2026,T,0.4,random,5028,0.6423658872077029,0.5773767409106,0.6263393220682875,0.5308641975308642,0.2721518987341772,0.3598326359832636,0.7110134965109566,0.5837929696653774,0.0
noB,2026,T,0.5,random,5026,0.6203576341127923,0.5336389631426077,0.5932614327238882,0.5087719298245614,0.1835443037974683,0.2697674418604651,0.7430228857998873,0.5313113291669113,0.0
noB,2026,T,0.5,random,5027,0.6107290233837689,0.5240157194520246,0.5842827279416741,0.4354838709677419,0.170886075949367,0.2454545454545454,0.7339890340503692,0.5387053343851516,0.0
noB,2026,T,0.5,random,5028,0.624484181568088,0.5452853864741489,0.5995241948354328,0.5245901639344263,0.2025316455696202,0.2922374429223744,0.7330656769989917,0.560297081762434,0.0
noB,2026,A,0.1,random,5026,0.6946354883081155,0.6491170276588725,0.6893427760500229,0.512,0.4050632911392405,0.4522968197879858,0.6313279312909883,0.686431172279143,0.0
noB,2026,A,0.1,random,5027,0.6932599724896836,0.6469208923717101,0.687602215038576,0.5080645161290323,0.3987341772151899,0.4468085106382978,0.6307920325477115,0.6872075647461718,0.0
noB,2026,A,0.1,random,5028,0.6946354883081155,0.6491170276588725,0.6893427760500229,0.512,0.4050632911392405,0.4522968197879858,0.6310027291270213,0.6865922438758062,0.0
noB,2026,A,0.2,random,5026,0.6932599724896836,0.6469208923717101,0.687602215038576,0.5080645161290323,0.3987341772151899,0.4468085106382978,0.6318439485314463,0.6863636138992191,0.0
noB,2026,A,0.2,random,5027,0.6932599724896836,0.6469208923717101,0.687602215038576,0.5080645161290323,0.3987341772151899,0.4468085106382978,0.6307327447908867,0.6873139692449258,0.0
noB,2026,A,0.2,random,5028,0.6932599724896836,0.6469208923717101,0.687602215038576,0.5080645161290323,0.3987341772151899,0.4468085106382978,0.6313325764452095,0.6865699611129177,0.0
noB,2026,A,0.3,start,5026,0.6932599724896836,0.6458164354214558,0.6870611404572547,0.5081967213114754,0.3924050632911392,0.4428571428571428,0.6314872899263655,0.686249582796593,0.0
noB,2026,A,0.3,middle,5026,0.6932599724896836,0.6458164354214558,0.6870611404572547,0.5081967213114754,0.3924050632911392,0.4428571428571428,0.6317281180933271,0.6863729438363463,0.0
noB,2026,A,0.3,end,5026,0.6932599724896836,0.6458164354214558,0.6870611404572547,0.5081967213114754,0.3924050632911392,0.4428571428571428,0.6315073853142246,0.6870210098161538,0.0
noB,2026,A,0.3,random,5026,0.6932599724896836,0.6458164354214558,0.6870611404572547,0.5081967213114754,0.3924050632911392,0.4428571428571428,0.6316856652173511,0.6863637135317794,0.0
noB,2026,A,0.3,random,5027,0.6932599724896836,0.6458164354214558,0.6870611404572547,0.5081967213114754,0.3924050632911392,0.4428571428571428,0.6305979924087528,0.6873550778449576,0.0
noB,2026,A,0.3,random,5028,0.6932599724896836,0.6458164354214558,0.6870611404572547,0.5081967213114754,0.3924050632911392,0.4428571428571428,0.6311422191445091,0.686615034203865,0.0
noB,2026,A,0.4,random,5026,0.6932599724896836,0.6458164354214558,0.6870611404572547,0.5081967213114754,0.3924050632911392,0.4428571428571428,0.6320372285869015,0.6862070193204387,0.0
noB,2026,A,0.4,random,5027,0.6918844566712518,0.6434435952161919,0.6854104429813813,0.5041322314049587,0.3860759493670886,0.4372759856630824,0.6307015482987708,0.6873031571514513,0.0
noB,2026,A,0.4,random,5028,0.6918844566712518,0.6447127749921164,0.6858547162528906,0.5040650406504065,0.3924050632911392,0.4412811387900356,0.6315762246926466,0.6863727072671444,0.0
noB,2026,A,0.5,random,5026,0.6918844566712518,0.6435911221561867,0.6853030467316786,0.5041322314049587,0.3860759493670886,0.4372759856630824,0.6329788135290997,0.6859258011339472,0.0
noB,2026,A,0.5,random,5027,0.6918844566712518,0.6423007312957566,0.6848433172511725,0.5042016806722689,0.379746835443038,0.4332129963898917,0.6306387211951204,0.6877750482136884,0.0
noB,2026,A,0.5,random,5028,0.6918844566712518,0.6435911221561867,0.6853030467316786,0.5041322314049587,0.3860759493670886,0.4372759856630824,0.6325042503994395,0.6860561728312414,0.0
noB,2026,V,0.1,random,5026,0.6946354883081155,0.6491170276588725,0.6893427760500229,0.512,0.4050632911392405,0.4522968197879858,0.6302802154093718,0.6869344762758619,0.0
noB,2026,V,0.1,random,5027,0.6932599724896836,0.6480055882531822,0.6881293868757982,0.5079365079365079,0.4050632911392405,0.4507042253521127,0.6311319740088274,0.6864476328318087,0.0
noB,2026,V,0.1,random,5028,0.6932599724896836,0.6480055882531822,0.6881293868757982,0.5079365079365079,0.4050632911392405,0.4507042253521127,0.6311633326231302,0.6864997085957675,0.0
noB,2026,V,0.2,random,5026,0.6946354883081155,0.6491170276588725,0.6893427760500229,0.512,0.4050632911392405,0.4522968197879858,0.6294633684669199,0.6872950724524372,0.0
noB,2026,V,0.2,random,5027,0.6932599724896836,0.6480055882531822,0.6881293868757982,0.5079365079365079,0.4050632911392405,0.4507042253521127,0.6303541389174412,0.6868506985306917,0.0
noB,2026,V,0.2,random,5028,0.6932599724896836,0.6480055882531822,0.6881293868757982,0.5079365079365079,0.4050632911392405,0.4507042253521127,0.630288075396885,0.6869892516890646,0.0
noB,2026,V,0.3,start,5026,0.6960110041265475,0.6523315311039567,0.6916734555081306,0.5116279069767442,0.4177215189873418,0.4599303135888501,0.6283343354533537,0.6876341346343984,0.0
noB,2026,V,0.3,middle,5026,0.6960110041265475,0.6523529265711587,0.691583341801943,0.515625,0.4177215189873418,0.4615384615384615,0.6285716576624288,0.6874642262823902,0.0
noB,2026,V,0.3,end,5026,0.6973865199449794,0.6545092977390465,0.6933003686005543,0.5193798449612403,0.4240506329113924,0.4668989547038327,0.6289371653245612,0.6872855087855855,0.0
noB,2026,V,0.3,random,5026,0.6960110041265475,0.6523529265711587,0.691583341801943,0.515625,0.4177215189873418,0.4615384615384615,0.6286219727783012,0.6874574881175531,0.0
noB,2026,V,0.3,random,5027,0.6946354883081155,0.6501850690588058,0.6898597122510263,0.5118110236220472,0.4113924050632911,0.4561403508771929,0.628925953593263,0.6874734641346282,0.0
noB,2026,V,0.3,random,5028,0.6960110041265475,0.6523529265711587,0.691583341801943,0.515625,0.4177215189873418,0.4615384615384615,0.6283749096451274,0.6877770371628538,0.0
noB,2026,V,0.4,random,5026,0.6960110041265475,0.6523529265711587,0.691583341801943,0.515625,0.4177215189873418,0.4615384615384615,0.6279842201876131,0.6876247128627828,0.0
noB,2026,V,0.4,random,5027,0.6946354883081155,0.6500411018768253,0.689972426103485,0.5118110236220472,0.4113924050632911,0.4561403508771929,0.6277973753645479,0.6878530966229042,0.0
noB,2026,V,0.4,random,5028,0.6960110041265475,0.6533857594394902,0.6920769263716644,0.5153846153846153,0.4240506329113924,0.4652777777777778,0.627308171072054,0.6881124465852928,0.0
noB,2026,V,0.5,random,5026,0.6960110041265475,0.6523315311039567,0.6916734555081306,0.5116279069767442,0.4177215189873418,0.4599303135888501,0.6275300489461993,0.6878045065065994,0.0
noB,2026,V,0.5,random,5027,0.6946354883081155,0.6500219242401564,0.6900635411074518,0.5078125,0.4113924050632911,0.4545454545454545,0.6272282674555721,0.6880989778405886,0.0
noB,2026,V,0.5,random,5028,0.6946354883081155,0.6510569556443296,0.6906626225435297,0.5038167938931297,0.4177215189873418,0.4567474048442906,0.6266864618971968,0.6883811852796332,0.0
noB,2026,TA,0.3,start,5026,0.6616231086657497,0.5864311676751407,0.6422363372515184,0.475,0.240506329113924,0.3193277310924369,0.659204770264225,0.6587562385077876,0.0
noB,2026,TA,0.3,middle,5026,0.6368638239339752,0.5821909934199775,0.626925896248927,0.4666666666666667,0.310126582278481,0.3726235741444867,0.6853927852110131,0.6222513533562993,0.0
noB,2026,TA,0.3,end,5026,0.6423658872077029,0.5696803328720478,0.6230081836676816,0.4683544303797468,0.2341772151898734,0.3122362869198312,0.7143454301600483,0.5859891796677092,0.0
noB,2026,TA,0.3,random,5026,0.6671251719394773,0.599483667405475,0.651617575198485,0.4943820224719101,0.2784810126582278,0.3562753036437247,0.6764701949912886,0.6304128013238233,0.0
noB,2026,TA,0.3,random,5027,0.6396148555708391,0.5837782052700771,0.6282086207555355,0.5161290322580645,0.3037974683544304,0.3824701195219123,0.696624027326411,0.6012006782290235,0.0
noB,2026,TA,0.3,random,5028,0.656121045392022,0.5975950587194205,0.6435874035871954,0.5444444444444444,0.310126582278481,0.3951612903225806,0.6909983964092593,0.6172036147521044,0.0
noB,2026,TV,0.3,start,5026,0.6643741403026134,0.5901480390390709,0.6454306104109991,0.4875,0.2468354430379747,0.3277310924369748,0.6552078004230297,0.6602838172295002,0.0
noB,2026,TV,0.3,middle,5026,0.6368638239339752,0.583122960662568,0.6278079740312272,0.4587155963302752,0.3164556962025316,0.3745318352059925,0.6805836314067424,0.626096314231823,0.0
noB,2026,TV,0.3,end,5026,0.6354883081155434,0.5659235796111802,0.618132972251878,0.4470588235294118,0.240506329113924,0.3127572016460905,0.7143678657490538,0.5834719462120198,0.0
noB,2026,TV,0.3,random,5026,0.6698762035763411,0.6075459488439149,0.6566023981161521,0.5161290322580645,0.3037974683544304,0.3824701195219123,0.6716589675242228,0.6316323249536885,0.0
noB,2026,TV,0.3,random,5027,0.6437414030261348,0.5913744561851532,0.6336250740056588,0.53125,0.3227848101265823,0.4015748031496063,0.6966623998684158,0.5996537910759145,0.0
noB,2026,TV,0.3,random,5028,0.6533700137551581,0.5994988413139398,0.6428977421063113,0.5360824742268041,0.3291139240506329,0.4078431372549019,0.689484246528272,0.6172926453866555,0.0
noB,2026,AV,0.3,start,5026,0.6918844566712518,0.6447127749921164,0.6858547162528906,0.5040650406504065,0.3924050632911392,0.4412811387900356,0.6293270502766094,0.6873806430807254,0.0
noB,2026,AV,0.3,middle,5026,0.6905089408528198,0.6423447028262892,0.6842071275124959,0.5,0.3860759493670886,0.4357142857142857,0.6295933916301283,0.6873677137449242,0.0
noB,2026,AV,0.3,end,5026,0.6932599724896836,0.6467751368017325,0.6877122573788411,0.5080645161290323,0.3987341772151899,0.4468085106382978,0.6296413028058155,0.6878826307130252,0.0
noB,2026,AV,0.3,random,5026,0.6932599724896836,0.6469208923717101,0.687602215038576,0.5080645161290323,0.3987341772151899,0.4468085106382978,0.6296596515934639,0.6873376236468112,0.0
noB,2026,AV,0.3,random,5027,0.6918844566712518,0.6445659806150456,0.685963206812546,0.5040650406504065,0.3924050632911392,0.4412811387900356,0.6284445543148973,0.6884562524259995,0.0
noB,2026,AV,0.3,random,5028,0.6918844566712518,0.6445659806150456,0.685963206812546,0.5040650406504065,0.3924050632911392,0.4412811387900356,0.628787287717758,0.6879367793508894,0.0
noB,2026,TAV,0.3,start,5026,0.6643741403026134,0.5901480390390709,0.6454306104109991,0.4875,0.2468354430379747,0.3277310924369748,0.6570201666037461,0.6596233310395472,0.0
noB,2026,TAV,0.3,middle,5026,0.6368638239339752,0.5831297230206762,0.6277188498467705,0.4629629629629629,0.3164556962025316,0.3759398496240601,0.681959281521666,0.6252542871680055,0.0
noB,2026,TAV,0.3,end,5026,0.6354883081155434,0.5655974502361873,0.618311989222711,0.4418604651162791,0.240506329113924,0.3114754098360656,0.7136772127280059,0.584401952983069,0.0
noB,2026,TAV,0.3,random,5026,0.6698762035763411,0.6062297989339129,0.6557251213734359,0.5164835164835165,0.2974683544303797,0.3775100401606425,0.6730041656312222,0.6313677377438885,0.0
noB,2026,TAV,0.3,random,5027,0.640990371389271,0.5873579958209868,0.6307249431741682,0.5208333333333334,0.3164556962025316,0.3937007874015748,0.6957110737473713,0.600990089754261,0.0
noB,2026,TAV,0.3,random,5028,0.656121045392022,0.603070714647345,0.6458964078477353,0.5408163265306123,0.3354430379746835,0.4140625,0.6897103377172953,0.6176950369038753,0.0
noB,2027,none,0.0,none,0,0.6960110041265475,0.6399394586894587,0.6847417674790439,0.5089285714285714,0.360759493670886,0.4222222222222222,0.6187121263846646,0.6963645553433269,0.0
noB,2027,T,0.1,random,5026,0.6946354883081155,0.6302858016239822,0.6790952352592554,0.5,0.3164556962025316,0.3875968992248062,0.6218991146379577,0.687464855028911,0.0
noB,2027,T,0.1,random,5027,0.6850068775790922,0.6236725171758066,0.6698871594180814,0.5204081632653061,0.3227848101265823,0.3984375,0.6329370515892995,0.6675297492638281,0.0
noB,2027,T,0.1,random,5028,0.6850068775790922,0.6332344705896356,0.6744647240309382,0.5363636363636364,0.3734177215189873,0.4402985074626865,0.6424390415076774,0.6673955084207164,0.0
noB,2027,T,0.2,random,5026,0.6905089408528198,0.62807542009663,0.6749383082907554,0.5463917525773195,0.3354430379746835,0.4156862745098039,0.6506503717983332,0.6489720767300138,0.0
noB,2027,T,0.2,random,5027,0.6767537826685007,0.6083626492821086,0.6592314963140474,0.5,0.2974683544303797,0.373015873015873,0.654194320961656,0.6492954020404389,0.0
noB,2027,T,0.2,random,5028,0.671251719394773,0.6092550215412292,0.6548153947490781,0.5384615384615384,0.310126582278481,0.393574297188755,0.6696677801732384,0.6370200434240587,0.0
noB,2027,T,0.3,start,5026,0.6671251719394773,0.5856462423196444,0.6420124412246858,0.4864864864864865,0.2278481012658227,0.3103448275862069,0.6516348971235565,0.653403423160759,0.0
noB,2027,T,0.3,middle,5026,0.657496561210454,0.5901859402120522,0.6398412402650597,0.4891304347826087,0.2848101265822785,0.36,0.6726319406259834,0.629054216872213,0.0
noB,2027,T,0.3,end,5026,0.6464924346629987,0.5746536306830424,0.6254161646671154,0.5125,0.2594936708860759,0.3445378151260504,0.6887597311123632,0.6038322735949686,0.0
noB,2027,T,0.3,random,5026,0.6671251719394773,0.5909451201196086,0.6460213536840193,0.4712643678160919,0.2594936708860759,0.3346938775510204,0.6602647424370006,0.6341353870260908,0.0
noB,2027,T,0.3,random,5027,0.6602475928473177,0.583071041294775,0.6367646307462016,0.4935064935064935,0.240506329113924,0.3234042553191489,0.6690440241772996,0.6243308752823628,0.0
noB,2027,T,0.3,random,5028,0.6533700137551581,0.580747649980374,0.6316863140161996,0.5063291139240507,0.2531645569620253,0.3375527426160337,0.6867353542794739,0.6163245574619821,0.0
noB,2027,T,0.4,random,5026,0.6506189821182944,0.5703351568355237,0.6260715047905696,0.4935064935064935,0.240506329113924,0.3234042553191489,0.6977164495384934,0.5863454062760783,0.0
noB,2027,T,0.4,random,5027,0.6299862448418156,0.5567115048826069,0.6091457091581173,0.4352941176470588,0.2341772151898734,0.3045267489711934,0.7127169906100351,0.576177274478231,0.0
noB,2027,T,0.4,random,5028,0.6327372764786795,0.5561722684756912,0.6095881468964367,0.4805194805194805,0.2341772151898734,0.3148936170212766,0.7055766272676622,0.5845869657737357,0.0
noB,2027,T,0.5,random,5026,0.6299862448418156,0.5364772946660982,0.5977758116762157,0.4833333333333333,0.1835443037974683,0.2660550458715596,0.7269942639039371,0.5473216816458191,0.0
noB,2027,T,0.5,random,5027,0.6148555708390646,0.5272323731479158,0.5857606978752593,0.4307692307692308,0.1772151898734177,0.2511210762331838,0.7246525773919706,0.552156949394282,0.0
noB,2027,T,0.5,random,5028,0.6423658872077029,0.5586670080849251,0.6147570531841957,0.5151515151515151,0.2151898734177215,0.3035714285714285,0.7157725520992256,0.566547518232914,0.0
noB,2027,A,0.1,random,5026,0.6973865199449794,0.6422196710559022,0.6865142719535403,0.5132743362831859,0.3670886075949367,0.4280442804428044,0.6182960872410074,0.6968412949736469,0.0
noB,2027,A,0.1,random,5027,0.6960110041265475,0.6411651977521275,0.6853806752581247,0.5087719298245614,0.3670886075949367,0.4264705882352941,0.6185168754738357,0.6967442193656528,0.0
noB,2027,A,0.1,random,5028,0.6973865199449794,0.6422196710559022,0.6865142719535403,0.5132743362831859,0.3670886075949367,0.4280442804428044,0.6184861828932278,0.6965364007348848,0.0
noB,2027,A,0.2,random,5026,0.6960110041265475,0.6409327440008777,0.6853996889873812,0.5087719298245614,0.3670886075949367,0.4264705882352941,0.6186698239691564,0.6968326753026872,0.0
noB,2027,A,0.2,random,5027,0.6960110041265475,0.6411651977521275,0.6853806752581247,0.5087719298245614,0.3670886075949367,0.4264705882352941,0.6186725186546376,0.6967126923077976,0.0
noB,2027,A,0.2,random,5028,0.6960110041265475,0.6409327440008777,0.6853996889873812,0.5087719298245614,0.3670886075949367,0.4264705882352941,0.6190245056138963,0.6963663112505324,0.0
noB,2027,A,0.3,start,5026,0.6973865199449794,0.6422196710559022,0.6865142719535403,0.5132743362831859,0.3670886075949367,0.4280442804428044,0.6178855412322839,0.6970573910968519,0.0
noB,2027,A,0.3,middle,5026,0.6960110041265475,0.6397063661543604,0.6847598269864854,0.5089285714285714,0.360759493670886,0.4222222222222222,0.6187713551770174,0.6971185801549772,0.0
noB,2027,A,0.3,end,5026,0.6960110041265475,0.6409327440008777,0.6853996889873812,0.5087719298245614,0.3670886075949367,0.4264705882352941,0.6185606522469287,0.6968836523008789,0.0
noB,2027,A,0.3,random,5026,0.6960110041265475,0.6409327440008777,0.6853996889873812,0.5087719298245614,0.3670886075949367,0.4264705882352941,0.6183898605158087,0.6972620661185708,0.0
noB,2027,A,0.3,random,5027,0.6960110041265475,0.6399394586894587,0.6847417674790439,0.5089285714285714,0.360759493670886,0.4222222222222222,0.6187900162117067,0.6970661781275352,0.0
noB,2027,A,0.3,random,5028,0.6960110041265475,0.6409327440008777,0.6853996889873812,0.5087719298245614,0.3670886075949367,0.4264705882352941,0.6187979328148677,0.6966547290728681,0.0
noB,2027,A,0.4,random,5026,0.6960110041265475,0.6397063661543604,0.6847598269864854,0.5089285714285714,0.360759493670886,0.4222222222222222,0.6191161526011263,0.6972042216816121,0.0
noB,2027,A,0.4,random,5027,0.6960110041265475,0.6397063661543604,0.6847598269864854,0.5089285714285714,0.360759493670886,0.4222222222222222,0.6186468176363201,0.6973380180872469,0.0
noB,2027,A,0.4,random,5028,0.6946354883081155,0.6398804781041401,0.6842661546748973,0.5043478260869565,0.3670886075949367,0.4249084249084249,0.6190145107429734,0.696745067340259,0.0
noB,2027,A,0.5,random,5026,0.6973865199449794,0.6410717962456317,0.6861439040586885,0.5089285714285714,0.360759493670886,0.4222222222222222,0.618871772062563,0.697389497655126,0.0
noB,2027,A,0.5,random,5027,0.6960110041265475,0.6397063661543604,0.6847598269864854,0.5089285714285714,0.360759493670886,0.4222222222222222,0.6186394443721506,0.6974574569653221,0.0
noB,2027,A,0.5,random,5028,0.6946354883081155,0.6386571183930372,0.6836296373159969,0.504424778761062,0.360759493670886,0.4206642066420664,0.6191071415107711,0.6969698377114987,0.0
noB,2027,V,0.1,random,5026,0.6960110041265475,0.6411651977521275,0.6853806752581247,0.5087719298245614,0.3670886075949367,0.4264705882352941,0.6190927519889918,0.6962534983209762,0.0
noB,2027,V,0.1,random,5027,0.6960110041265475,0.6399394586894587,0.6847417674790439,0.5089285714285714,0.360759493670886,0.4222222222222222,0.619298876075517,0.696298493434066,0.0
noB,2027,V,0.1,random,5028,0.6960110041265475,0.6411651977521275,0.6853806752581247,0.5087719298245614,0.3670886075949367,0.4264705882352941,0.6189794620771669,0.6962807988071584,0.0
noB,2027,V,0.2,random,5026,0.6946354883081155,0.6396134293771841,0.6841604522074738,0.5043478260869565,0.3670886075949367,0.4249084249084249,0.6191402930305493,0.6961733574693828,0.0
noB,2027,V,0.2,random,5027,0.6946354883081155,0.6396134293771841,0.6841604522074738,0.5043478260869565,0.3670886075949367,0.4249084249084249,0.6191483185744003,0.6961961208245936,0.0
noB,2027,V,0.2,random,5028,0.6946354883081155,0.6394366742289993,0.6843315651190837,0.5,0.3670886075949367,0.4233576642335766,0.6190081799105851,0.6963029469442615,0.0
noB,2027,V,0.3,start,5026,0.6973865199449794,0.6441603223984285,0.6878145830978445,0.5084745762711864,0.379746835443038,0.4347826086956521,0.6178592160786307,0.6965170885749968,0.0
noB,2027,V,0.3,middle,5026,0.6960110041265475,0.6419220336355886,0.6860681252201603,0.5042735042735043,0.3734177215189873,0.4290909090909091,0.6188773464220737,0.6959564531298217,0.0
noB,2027,V,0.3,end,5026,0.6946354883081155,0.6394366742289993,0.6843315651190837,0.5,0.3670886075949367,0.4233576642335766,0.6187786015564928,0.6962522237603146,0.0
noB,2027,V,0.3,random,5026,0.6960110041265475,0.6419220336355886,0.6860681252201603,0.5042735042735043,0.3734177215189873,0.4290909090909091,0.6188551409523823,0.6960841524694014,0.0
noB,2027,V,0.3,random,5027,0.6946354883081155,0.6394366742289993,0.6843315651190837,0.5,0.3670886075949367,0.4233576642335766,0.6193356971025963,0.6960694904057497,0.0
noB,2027,V,0.3,random,5028,0.6973865199449794,0.6441603223984285,0.6878145830978445,0.5084745762711864,0.379746835443038,0.4347826086956521,0.6175548859270693,0.6966105803159576,0.0
noB,2027,V,0.4,random,5026,0.6946354883081155,0.642052693574913,0.6855438998994134,0.5,0.379746835443038,0.4316546762589928,0.6192490777107438,0.6955916370242938,0.0
noB,2027,V,0.4,random,5027,0.6960110041265475,0.6442679121537861,0.6872756471596912,0.5041322314049587,0.3860759493670886,0.4372759856630824,0.6179990392610872,0.6960900271831459,0.0
noB,2027,V,0.4,random,5028,0.6960110041265475,0.6442679121537861,0.6872756471596912,0.5041322314049587,0.3860759493670886,0.4372759856630824,0.6179099569804202,0.6961858887795541,0.0
noB,2027,V,0.5,random,5026,0.6946354883081155,0.642052693574913,0.6855438998994134,0.5,0.379746835443038,0.4316546762589928,0.619719865017999,0.6954163520307964,0.0
noB,2027,V,0.5,random,5027,0.6960110041265475,0.6442679121537861,0.6872756471596912,0.5041322314049587,0.3860759493670886,0.4372759856630824,0.6184038603802934,0.69595714872899,0.0
noB,2027,V,0.5,random,5028,0.6960110041265475,0.6442679121537861,0.6872756471596912,0.5041322314049587,0.3860759493670886,0.4372759856630824,0.6184253271981306,0.6959730007268955,0.0
noB,2027,TA,0.3,start,5026,0.6657496561210454,0.5864942504112349,0.6424402592967661,0.4625,0.2341772151898734,0.3109243697478991,0.650840704989299,0.6542847991781259,0.0
noB,2027,TA,0.3,middle,5026,0.6616231086657497,0.5960473936276379,0.6450185172127245,0.4947368421052631,0.2974683544303797,0.3715415019762846,0.6698543646086016,0.6332657755936065,0.0
noB,2027,TA,0.3,end,5026,0.6478679504814305,0.5776295985456797,0.627550218459576,0.5185185185185185,0.2658227848101265,0.3514644351464435,0.6880485645706752,0.6042984078999222,0.0
noB,2027,TA,0.3,random,5026,0.6685006877579092,0.5938578420973252,0.64813527004569,0.4772727272727273,0.2658227848101265,0.3414634146341463,0.6599213757226191,0.6341757136781427,0.0
noB,2027,TA,0.3,random,5027,0.6547455295735901,0.5781146110190082,0.6322267418793402,0.4691358024691358,0.240506329113924,0.3179916317991632,0.669337764412672,0.6245977402016579,0.0
noB,2027,TA,0.3,random,5028,0.6506189821182944,0.5783846316925246,0.629675606705762,0.4878048780487805,0.2531645569620253,0.3333333333333333,0.6866111901559041,0.6181662743067762,0.0
noB,2027,TV,0.3,start,5026,0.6643741403026134,0.5845649575530077,0.6408329125411727,0.4683544303797468,0.2341772151898734,0.3122362869198312,0.6542279646447101,0.6516539893939289,0.0
noB,2027,TV,0.3,middle,5026,0.657496561210454,0.5911670136052826,0.640637185884887,0.4842105263157895,0.2911392405063291,0.3636363636363636,0.6755012336600751,0.6278741676269883,0.0
noB,2027,TV,0.3,end,5026,0.6478679504814305,0.5767425179531492,0.6270094138090341,0.5185185185185185,0.2658227848101265,0.3514644351464435,0.6901533132577328,0.6042207519321116,0.0
noB,2027,TV,0.3,random,5026,0.6698762035763411,0.5955325472150321,0.6497753409370287,0.4831460674157303,0.2721518987341772,0.3481781376518219,0.6621137511383659,0.6334542736902837,0.0
noB,2027,TV,0.3,random,5027,0.6547455295735901,0.5785111818006555,0.6325609316116447,0.4756097560975609,0.2468354430379747,0.325,0.6721576075343775,0.622244485717596,0.0
noB,2027,TV,0.3,random,5028,0.6533700137551581,0.5822148254767902,0.6327236071149327,0.5,0.2594936708860759,0.3416666666666667,0.689508381723187,0.614202750062061,0.0
noB,2027,AV,0.3,start,5026,0.6960110041265475,0.6442679121537861,0.6872756471596912,0.5041322314049587,0.3860759493670886,0.4372759856630824,0.61677712603933,0.6972480734024106,0.0
noB,2027,AV,0.3,middle,5026,0.6946354883081155,0.6418198645649444,0.6855634141584942,0.5,0.379746835443038,0.4316546762589928,0.6184937976937188,0.6967260910406462,0.0
noB,2027,AV,0.3,end,5026,0.6960110041265475,0.6442179460997166,0.6871269501247693,0.5083333333333333,0.3860759493670886,0.4388489208633093,0.6173715803909825,0.696948527827359,0.0
noB,2027,AV,0.3,random,5026,0.6946354883081155,0.6419978558310675,0.6853920265495619,0.5042016806722689,0.379746835443038,0.4332129963898917,0.6184962268007718,0.6969507807854018,0.0
noB,2027,AV,0.3,random,5027,0.6946354883081155,0.642052693574913,0.6855438998994134,0.5,0.379746835443038,0.4316546762589928,0.6184260331444853,0.6968630845346876,0.0
noB,2027,AV,0.3,random,5028,0.6960110041265475,0.6440359816932322,0.6872965036810335,0.5041322314049587,0.3860759493670886,0.4372759856630824,0.6175004760427181,0.6968980033178034,0.0
noB,2027,TAV,0.3,start,5026,0.6685006877579092,0.5903064077196776,0.6458433301244384,0.4691358024691358,0.240506329113924,0.3179916317991632,0.6532370124317238,0.6528628252060388,0.0
noB,2027,TAV,0.3,middle,5026,0.6588720770288858,0.5920130372939458,0.6419009846825325,0.4842105263157895,0.2911392405063291,0.3636363636363636,0.674229698358389,0.6298849006493263,0.0
noB,2027,TAV,0.3,end,5026,0.6437414030261348,0.5754116492854807,0.6246177587637969,0.5058823529411764,0.2721518987341772,0.3539094650205761,0.6905163760789692,0.603786777434716,0.0
noB,2027,TAV,0.3,random,5026,0.671251719394773,0.6003403110667391,0.6530198471125176,0.4838709677419355,0.2848101265822785,0.3585657370517928,0.661860504790645,0.6334829650702406,0.0
noB,2027,TAV,0.3,random,5027,0.6533700137551581,0.5797331472757546,0.6325168859102547,0.4705882352941176,0.2531645569620253,0.3292181069958848,0.6724238927360511,0.6223342786920154,0.0
noB,2027,TAV,0.3,random,5028,0.6492434662998624,0.5791604862066908,0.6292885517679843,0.4880952380952381,0.2594936708860759,0.3388429752066115,0.6907174567628441,0.6134870576191925,0.0
noB,2028,none,0.0,none,0,0.7015130674002751,0.6485913664067482,0.6924328993910941,0.5172413793103449,0.379746835443038,0.437956204379562,0.6096132283948658,0.7017141043536974,0.0
noB,2028,T,0.1,random,5026,0.6891334250343879,0.624782255185694,0.6723482353298993,0.5274725274725275,0.3037974683544304,0.3855421686746988,0.6255416387615674,0.6845484483725754,0.0
noB,2028,T,0.1,random,5027,0.6905089408528198,0.6303506397528248,0.6760845039396429,0.5151515151515151,0.3227848101265823,0.3968871595330739,0.6283537691245241,0.6662198699774594,0.0
noB,2028,T,0.1,random,5028,0.6781292984869326,0.6207693710624405,0.665570290782789,0.5196078431372549,0.3354430379746835,0.4076923076923077,0.6279046818312005,0.6848581642608559,0.0
noB,2028,T,0.2,random,5026,0.6808803301237965,0.6086735941625366,0.659515340285338,0.5584415584415584,0.2721518987341772,0.3659574468085106,0.6435545708604108,0.6531977539223779,0.0
noB,2028,T,0.2,random,5027,0.672627235213205,0.59412721687919,0.6490898946185338,0.4871794871794871,0.240506329113924,0.3220338983050847,0.6453790485860315,0.6493657223212513,0.0
noB,2028,T,0.2,random,5028,0.6602475928473177,0.5937760833158322,0.6415330432412152,0.5432098765432098,0.2784810126582278,0.3682008368200837,0.6566755885198434,0.6513445521872041,0.0
noB,2028,T,0.3,start,5026,0.6698762035763411,0.5769081766905496,0.6369842112190135,0.5272727272727272,0.1835443037974683,0.272300469483568,0.6480116579089161,0.6604649330493242,0.0
noB,2028,T,0.3,middle,5026,0.6341127922971114,0.5421312316559567,0.6027815692340277,0.4426229508196721,0.170886075949367,0.2465753424657534,0.6732002113656517,0.6322142845808386,0.0
noB,2028,T,0.3,end,5026,0.6354883081155434,0.5423604884947194,0.6036804283679846,0.4333333333333333,0.1645569620253164,0.2385321100917431,0.6965171827807766,0.5956470831153358,0.0
noB,2028,T,0.3,random,5026,0.6671251719394773,0.5875772841767805,0.6408838610448692,0.5967741935483871,0.2341772151898734,0.3363636363636363,0.6596379061609906,0.6335810132496357,0.0
noB,2028,T,0.3,random,5027,0.6382393397524071,0.5545034556833967,0.6123910720628959,0.4383561643835616,0.2025316455696202,0.277056277056277,0.6668570642069852,0.6290066950091295,0.0
noB,2028,T,0.3,random,5028,0.6313617606602476,0.5374818597980946,0.5989848042738117,0.423728813559322,0.1582278481012658,0.2304147465437788,0.6813682349392555,0.6276350861903648,0.0
noB,2028,T,0.4,random,5026,0.624484181568088,0.510651377283037,0.5806334687482829,0.4146341463414634,0.1075949367088607,0.1708542713567839,0.704185528303521,0.5807980319394992,0.0
noB,2028,T,0.4,random,5027,0.6313617606602476,0.5369951242427551,0.5980591217880449,0.4310344827586206,0.1582278481012658,0.2314814814814814,0.7104300058834347,0.5710674656959542,0.0
noB,2028,T,0.4,random,5028,0.6272352132049519,0.5213842017120706,0.5880758122623412,0.4,0.1265822784810126,0.1923076923076923,0.7040411601060524,0.5928826559472142,0.0
noB,2028,T,0.5,random,5026,0.6134800550206327,0.4947447234438297,0.5660844092010932,0.5,0.1012658227848101,0.1684210526315789,0.7270890265084479,0.5371050637398718,0.0
noB,2028,T,0.5,random,5027,0.6107290233837689,0.497763920382968,0.5664727376507687,0.4210526315789473,0.1012658227848101,0.1632653061224489,0.7160982946528159,0.5511573786250548,0.0
noB,2028,T,0.5,random,5028,0.6313617606602476,0.513407568859936,0.5839262430973468,0.5,0.1075949367088607,0.1770833333333333,0.7146834692157787,0.5695948285377789,0.0
noB,2028,A,0.1,random,5026,0.7015130674002751,0.6485913664067482,0.6924328993910941,0.5172413793103449,0.379746835443038,0.437956204379562,0.6096410841733167,0.7016846952976559,0.0
noB,2028,A,0.1,random,5027,0.7015130674002751,0.6485913664067482,0.6924328993910941,0.5172413793103449,0.379746835443038,0.437956204379562,0.6094517262080213,0.7021461630535777,0.0
noB,2028,A,0.1,random,5028,0.7015130674002751,0.6485913664067482,0.6924328993910941,0.5172413793103449,0.379746835443038,0.437956204379562,0.6096898320785946,0.7017774175655738,0.0
noB,2028,A,0.2,random,5026,0.7028885832187071,0.6510366175660948,0.6941387771990322,0.5213675213675214,0.3860759493670886,0.4436363636363636,0.6094191880387901,0.7017976214268061,0.0
noB,2028,A,0.2,random,5027,0.7028885832187071,0.649685676601925,0.6937146102131988,0.5172413793103449,0.379746835443038,0.437956204379562,0.6089935651887255,0.7026369518051265,0.0
noB,2028,A,0.2,random,5028,0.7015130674002751,0.6485913664067482,0.6924328993910941,0.5172413793103449,0.379746835443038,0.437956204379562,0.609626030899081,0.7018029612714018,0.0
noB,2028,A,0.3,start,5026,0.7028885832187071,0.649685676601925,0.6937146102131988,0.5172413793103449,0.379746835443038,0.437956204379562,0.6096863277141625,0.7018582732149327,0.0
noB,2028,A,0.3,middle,5026,0.7028885832187071,0.649685676601925,0.6937146102131988,0.5172413793103449,0.379746835443038,0.437956204379562,0.6088956742428105,0.7023976700965846,0.0
noB,2028,A,0.3,end,5026,0.7042640990371389,0.6521334709167573,0.6954226603726591,0.5213675213675214,0.3860759493670886,0.4436363636363636,0.6090865568078312,0.7026207151435266,0.0
noB,2028,A,0.3,random,5026,0.7042640990371389,0.6521334709167573,0.6954226603726591,0.5213675213675214,0.3860759493670886,0.4436363636363636,0.6090529737414295,0.7022078644867594,0.0
noB,2028,A,0.3,random,5027,0.7028885832187071,0.649685676601925,0.6937146102131988,0.5172413793103449,0.379746835443038,0.437956204379562,0.6090179881602162,0.7026174536025334,0.0
noB,2028,A,0.3,random,5028,0.7028885832187071,0.649685676601925,0.6937146102131988,0.5172413793103449,0.379746835443038,0.437956204379562,0.6093360084154171,0.702122290726296,0.0
noB,2028,A,0.4,random,5026,0.7042640990371389,0.6521334709167573,0.6954226603726591,0.5213675213675214,0.3860759493670886,0.4436363636363636,0.6091592188849505,0.7021354486579802,0.0
noB,2028,A,0.4,random,5027,0.7028885832187071,0.649685676601925,0.6937146102131988,0.5172413793103449,0.379746835443038,0.437956204379562,0.6091035625671569,0.7025961845500824,0.0
noB,2028,A,0.4,random,5028,0.7028885832187071,0.649685676601925,0.6937146102131988,0.5172413793103449,0.379746835443038,0.437956204379562,0.6092486467741838,0.7022065441038973,0.0
noB,2028,A,0.5,random,5026,0.7042640990371389,0.6521334709167573,0.6954226603726591,0.5213675213675214,0.3860759493670886,0.4436363636363636,0.6089181174639958,0.7023260384005195,0.0
noB,2028,A,0.5,random,5027,0.7028885832187071,0.649685676601925,0.6937146102131988,0.5172413793103449,0.379746835443038,0.437956204379562,0.6088238247371114,0.7028547631655611,0.0
noB,2028,A,0.5,random,5028,0.7028885832187071,0.649685676601925,0.6937146102131988,0.5172413793103449,0.379746835443038,0.437956204379562,0.6090361076356219,0.702375320312865,0.0
noB,2028,V,0.1,random,5026,0.7028885832187071,0.649685676601925,0.6937146102131988,0.5172413793103449,0.379746835443038,0.437956204379562,0.6091030101487731,0.7022115114138264,0.0
noB,2028,V,0.1,random,5027,0.7042640990371389,0.6521334709167573,0.6954226603726591,0.5213675213675214,0.3860759493670886,0.4436363636363636,0.6090681061085768,0.70228471170188,0.0
noB,2028,V,0.1,random,5028,0.7042640990371389,0.6521334709167573,0.6954226603726591,0.5213675213675214,0.3860759493670886,0.4436363636363636,0.6091853404206902,0.7022114009417042,0.0
noB,2028,V,0.2,random,5026,0.7042640990371389,0.6521334709167573,0.6954226603726591,0.5213675213675214,0.3860759493670886,0.4436363636363636,0.6090581198222725,0.702373187371431,0.0
noB,2028,V,0.2,random,5027,0.7042640990371389,0.6521334709167573,0.6954226603726591,0.5213675213675214,0.3860759493670886,0.4436363636363636,0.6090354358468462,0.702381702230448,0.0
noB,2028,V,0.2,random,5028,0.7042640990371389,0.6521334709167573,0.6954226603726591,0.5213675213675214,0.3860759493670886,0.4436363636363636,0.6091320733501119,0.7023511834234786,0.0
noB,2028,V,0.3,start,5026,0.7042640990371389,0.6534870161222338,0.6959611448345241,0.5210084033613446,0.3924050632911392,0.447653429602888,0.6086776706266998,0.7022660533626472,0.0
noB,2028,V,0.3,middle,5026,0.7042640990371389,0.6521334709167573,0.6954226603726591,0.5213675213675214,0.3860759493670886,0.4436363636363636,0.6092153508581032,0.7022945138927855,0.0
noB,2028,V,0.3,end,5026,0.7056396148555708,0.6545701058156488,0.6971239524452453,0.5254237288135594,0.3924050632911392,0.4492753623188406,0.6081523119748464,0.7026671990439007,0.0
noB,2028,V,0.3,random,5026,0.7056396148555708,0.6545701058156488,0.6971239524452453,0.5254237288135594,0.3924050632911392,0.4492753623188406,0.6081714418977853,0.7026742712275761,0.0
noB,2028,V,0.3,random,5027,0.7056396148555708,0.6545701058156488,0.6971239524452453,0.5254237288135594,0.3924050632911392,0.4492753623188406,0.6081460891087923,0.702643570512473,0.0
noB,2028,V,0.3,random,5028,0.7056396148555708,0.6545701058156488,0.6971239524452453,0.5254237288135594,0.3924050632911392,0.4492753623188406,0.6081324600271076,0.7027052297609824,0.0
noB,2028,V,0.4,random,5026,0.7056396148555708,0.6545701058156488,0.6971239524452453,0.5254237288135594,0.3924050632911392,0.4492753623188406,0.608227303744807,0.7027072249064642,0.0
noB,2028,V,0.4,random,5027,0.7056396148555708,0.6545701058156488,0.6971239524452453,0.5254237288135594,0.3924050632911392,0.4492753623188406,0.6081808399824442,0.7027081964417462,0.0
noB,2028,V,0.4,random,5028,0.7056396148555708,0.6545701058156488,0.6971239524452453,0.5254237288135594,0.3924050632911392,0.4492753623188406,0.6080725036777136,0.7028494519643449,0.0
noB,2028,V,0.5,random,5026,0.7056396148555708,0.6545701058156488,0.6971239524452453,0.5254237288135594,0.3924050632911392,0.4492753623188406,0.608420605256241,0.7026684473427754,0.0
noB,2028,V,0.5,random,5027,0.7056396148555708,0.6545701058156488,0.6971239524452453,0.5254237288135594,0.3924050632911392,0.4492753623188406,0.6082990613962341,0.7027293511686613,0.0
noB,2028,V,0.5,random,5028,0.7056396148555708,0.6545701058156488,0.6971239524452453,0.5254237288135594,0.3924050632911392,0.4492753623188406,0.608161827167255,0.7028623108417641,0.0
noB,2028,TA,0.3,start,5026,0.6671251719394773,0.5728346533793538,0.6335120900533651,0.5185185185185185,0.1772151898734177,0.2641509433962264,0.6498952682969359,0.6596107070197612,0.0
noB,2028,TA,0.3,middle,5026,0.6382393397524071,0.5490507669121844,0.6079928318076221,0.4754098360655737,0.1835443037974683,0.2648401826484018,0.6727126503553518,0.6321319704595059,0.0
noB,2028,TA,0.3,end,5026,0.6354883081155434,0.5439622469034234,0.6047796392727213,0.4354838709677419,0.170886075949367,0.2454545454545454,0.6962204404626863,0.5968170075042178,0.0
noB,2028,TA,0.3,random,5026,0.6685006877579092,0.5886099297445899,0.6419954539685389,0.6065573770491803,0.2341772151898734,0.3378995433789954,0.6592325879310765,0.6344630311864132,0.0
noB,2028,TA,0.3,random,5027,0.6382393397524071,0.5544060272062782,0.6122266592469005,0.4444444444444444,0.2025316455696202,0.2782608695652174,0.6669843589085972,0.6298087833438392,0.0
noB,2028,TA,0.3,random,5028,0.6299862448418156,0.5340039656170154,0.5964465285514553,0.4210526315789473,0.1518987341772152,0.2232558139534883,0.6825803279926368,0.6272495493685974,0.0
noB,2028,TV,0.3,start,5026,0.6685006877579092,0.5737765526347816,0.6345678190071998,0.5283018867924528,0.1772151898734177,0.2654028436018957,0.6498024891311907,0.65870013137847,0.0
noB,2028,TV,0.3,middle,5026,0.6354883081155434,0.5450930405856841,0.6049694944519437,0.4516129032258064,0.1772151898734177,0.2545454545454545,0.6729713754987139,0.6321889603197437,0.0
noB,2028,TV,0.3,end,5026,0.6382393397524071,0.5463759412452296,0.6071060106604128,0.4426229508196721,0.170886075949367,0.2465753424657534,0.6971697657377206,0.5951658873309592,0.0
noB,2028,TV,0.3,random,5026,0.6671251719394773,0.5872053872053872,0.6411786364331068,0.578125,0.2341772151898734,0.3333333333333333,0.6596985727095015,0.6341007642952363,0.0
noB,2028,TV,0.3,random,5027,0.6382393397524071,0.5521326388272633,0.6116279184148278,0.4246575342465753,0.1962025316455696,0.2683982683982684,0.6661437603401873,0.6297206788970204,0.0
noB,2028,TV,0.3,random,5028,0.6327372764786795,0.5404944143476254,0.6012072142834481,0.4333333333333333,0.1645569620253164,0.2385321100917431,0.6808169334437371,0.6275530504490301,0.0
noB,2028,AV,0.3,start,5026,0.7028885832187071,0.6510552327522875,0.6942630159321166,0.5169491525423728,0.3860759493670886,0.4420289855072464,0.6101703517682449,0.7018000650542185,0.0
noB,2028,AV,0.3,middle,5026,0.7042640990371389,0.6521334709167573,0.6954226603726591,0.5213675213675214,0.3860759493670886,0.4436363636363636,0.6088773070429556,0.7026116494320741,0.0
noB,2028,AV,0.3,end,5026,0.7042640990371389,0.6521334709167573,0.6954226603726591,0.5213675213675214,0.3860759493670886,0.4436363636363636,0.6089983803935455,0.7029693581047,0.0
noB,2028,AV,0.3,random,5026,0.7042640990371389,0.6521334709167573,0.6954226603726591,0.5213675213675214,0.3860759493670886,0.4436363636363636,0.6088964609509737,0.7025843956266324,0.0
noB,2028,AV,0.3,random,5027,0.7042640990371389,0.6521334709167573,0.6954226603726591,0.5213675213675214,0.3860759493670886,0.4436363636363636,0.608886909522815,0.7029591660350659,0.0
noB,2028,AV,0.3,random,5028,0.7042640990371389,0.6521334709167573,0.6954226603726591,0.5213675213675214,0.3860759493670886,0.4436363636363636,0.6091539584003213,0.7025404647660178,0.0
noB,2028,TAV,0.3,start,5026,0.6685006877579092,0.5737765526347816,0.6345678190071998,0.5283018867924528,0.1772151898734177,0.2654028436018957,0.6500410493345125,0.6584979638624235,0.0
noB,2028,TAV,0.3,middle,5026,0.6396148555708391,0.5519728061394727,0.6105149509895039,0.46875,0.189873417721519,0.2702702702702703,0.67246916181067,0.6330040727274711,0.0
noB,2028,TAV,0.3,end,5026,0.6368638239339752,0.5430196668728778,0.6049794622097538,0.4333333333333333,0.1645569620253164,0.2385321100917431,0.6980161875517236,0.5961987049638289,0.0
noB,2028,TAV,0.3,random,5026,0.6698762035763411,0.5916356151882863,0.6440707711058615,0.6129032258064516,0.240506329113924,0.3454545454545454,0.6596856218889426,0.6348504915885256,0.0
noB,2028,TAV,0.3,random,5027,0.6396148555708391,0.553379202654565,0.6128136819423226,0.4305555555555556,0.1962025316455696,0.2695652173913043,0.6670177670151212,0.6303491633951235,0.0
noB,2028,TAV,0.3,random,5028,0.6327372764786795,0.5385562564708468,0.5999760710895359,0.4310344827586206,0.1582278481012658,0.2314814814814814,0.6821417733226912,0.6276757525836133,0.0
noB,2029,none,0.0,none,0,0.7028885832187071,0.6248397019064317,0.6789375414283984,0.5394736842105263,0.2594936708860759,0.3504273504273504,0.6287179837513208,0.705066963454211,0.0
noB,2029,T,0.1,random,5026,0.6960110041265475,0.608878892695882,0.6680023255317932,0.5294117647058824,0.2278481012658227,0.3185840707964602,0.6299889296125558,0.6977156664208273,0.0
noB,2029,T,0.1,random,5027,0.672627235213205,0.5862804284243587,0.6450304590225577,0.4857142857142857,0.2151898734177215,0.2982456140350877,0.6482453322888264,0.6709112124816561,0.0
noB,2029,T,0.1,random,5028,0.6767537826685007,0.5978702536079585,0.652772742699908,0.5131578947368421,0.2468354430379747,0.3333333333333333,0.6531096100560064,0.6780803534378215,0.0
noB,2029,T,0.2,random,5026,0.6836313617606602,0.5988294234260475,0.6552759918339728,0.6065573770491803,0.2341772151898734,0.3378995433789954,0.6603664574151115,0.6556736718349524,0.0
noB,2029,T,0.2,random,5027,0.6698762035763411,0.5804021951490924,0.6392396120097121,0.5161290322580645,0.2025316455696202,0.2909090909090909,0.6670787666809656,0.6566123407785813,0.0
noB,2029,T,0.2,random,5028,0.6698762035763411,0.5891666666666667,0.6444314534617148,0.5428571428571428,0.240506329113924,0.3333333333333333,0.6764235115276898,0.6525636772610152,0.0
noB,2029,T,0.3,start,5026,0.6671251719394773,0.5579896520414519,0.6277291816481337,0.46,0.1455696202531645,0.2211538461538461,0.668134557222427,0.6624712019811774,0.0
noB,2029,T,0.3,middle,5026,0.6492434662998624,0.5521787352820714,0.6148236538556888,0.4482758620689655,0.1645569620253164,0.2407407407407407,0.68644149980902,0.6375037522836834,0.0
noB,2029,T,0.3,end,5026,0.6396148555708391,0.5366337494894818,0.6009073425152202,0.4888888888888889,0.1392405063291139,0.2167487684729064,0.6994476728264638,0.6073360267818846,0.0
noB,2029,T,0.3,random,5026,0.6767537826685007,0.592530677403646,0.6488349112858046,0.6065573770491803,0.2341772151898734,0.3378995433789954,0.6675035500772157,0.646447989754662,0.0
noB,2029,T,0.3,random,5027,0.6492434662998624,0.5544471059451818,0.6146106559967056,0.5192307692307693,0.170886075949367,0.2571428571428571,0.690046787957116,0.6305681265610708,0.0
noB,2029,T,0.3,random,5028,0.6451169188445667,0.5474676295024388,0.6101498052800634,0.490566037735849,0.1645569620253164,0.2464454976303317,0.7056274465521817,0.6229068548201043,0.0
noB,2029,T,0.4,random,5026,0.6451169188445667,0.5396232259761321,0.6047802276658044,0.5348837209302325,0.1455696202531645,0.2288557213930348,0.7074570620573645,0.5988324310672137,0.0
noB,2029,T,0.4,random,5027,0.6299862448418156,0.5273104707835302,0.5919321994543653,0.44,0.1392405063291139,0.2115384615384615,0.7282894524245732,0.5743557640116772,0.0
noB,2029,T,0.4,random,5028,0.6341127922971114,0.5356091714840968,0.5973346083670258,0.5208333333333334,0.1582278481012658,0.2427184466019417,0.7223092488055716,0.5832341365691995,0.0
noB,2029,T,0.5,random,5026,0.6121045392022009,0.4875100470045208,0.5618795908723762,0.4242424242424242,0.0886075949367088,0.1465968586387434,0.7379787051202615,0.5614105126075191,0.0
noB,2029,T,0.5,random,5027,0.6217331499312242,0.5089890411655106,0.5777333775304812,0.4390243902439024,0.1139240506329113,0.1809045226130653,0.7397943653818785,0.5507673449012056,0.0
noB,2029,T,0.5,random,5028,0.6231086657496562,0.5023768246768002,0.5745861901441229,0.4166666666666667,0.0949367088607595,0.1546391752577319,0.7338148695034484,0.5645744399722785,0.0
noB,2029,A,0.1,random,5026,0.7028885832187071,0.623149906776414,0.6779846313730661,0.5405405405405406,0.2531645569620253,0.3448275862068966,0.6293213966579816,0.7049070293738111,0.0
noB,2029,A,0.1,random,5027,0.7042640990371389,0.6241596407718649,0.6790741060029367,0.547945205479452,0.2531645569620253,0.3463203463203463,0.628651594333197,0.7052521618269247,0.0
noB,2029,A,0.1,random,5028,0.7028885832187071,0.6214267506786966,0.6770092137230436,0.5416666666666666,0.2468354430379747,0.3391304347826087,0.6297764983079416,0.7050540782179981,0.0
noB,2029,A,0.2,random,5026,0.7028885832187071,0.6212057239531791,0.6770354860867678,0.5416666666666666,0.2468354430379747,0.3391304347826087,0.6287155005064784,0.7050241026328538,0.0
noB,2029,A,0.2,random,5027,0.7028885832187071,0.6214267506786966,0.6770092137230436,0.5416666666666666,0.2468354430379747,0.3391304347826087,0.6291555230604405,0.705286911344591,0.0
noB,2029,A,0.2,random,5028,0.7028885832187071,0.6214267506786966,0.6770092137230436,0.5416666666666666,0.2468354430379747,0.3391304347826087,0.6294692827611547,0.7051798147255577,0.0
noB,2029,A,0.3,start,5026,0.7028885832187071,0.6212057239531791,0.6770354860867678,0.5416666666666666,0.2468354430379747,0.3391304347826087,0.6294594180334342,0.7046006945548557,0.0
noB,2029,A,0.3,middle,5026,0.7015130674002751,0.6204254614651666,0.6759254334295658,0.5342465753424658,0.2468354430379747,0.3376623376623376,0.6297509435313194,0.7050789713824092,0.0
noB,2029,A,0.3,end,5026,0.7015130674002751,0.6184519025309343,0.6749569466954823,0.5352112676056338,0.240506329113924,0.3318777292576419,0.6290876393928719,0.704834265748025,0.0
noB,2029,A,0.3,random,5026,0.7028885832187071,0.6212057239531791,0.6770354860867678,0.5416666666666666,0.2468354430379747,0.3391304347826087,0.6287068042867524,0.7049940864845536,0.0
noB,2029,A,0.3,random,5027,0.7028885832187071,0.6214267506786966,0.6770092137230436,0.5416666666666666,0.2468354430379747,0.3391304347826087,0.6289408738924195,0.7053342610178172,0.0
noB,2029,A,0.3,random,5028,0.7015130674002751,0.6184519025309343,0.6749569466954823,0.5352112676056338,0.240506329113924,0.3318777292576419,0.6291500296126,0.7053658046809106,0.0
noB,2029,A,0.4,random,5026,0.6987620357634112,0.6142370215258935,0.6717307372537521,0.5211267605633803,0.2341772151898734,0.3231441048034934,0.6300651714509141,0.7048210044939772,0.0
noB,2029,A,0.4,random,5027,0.7028885832187071,0.6214267506786966,0.6770092137230436,0.5416666666666666,0.2468354430379747,0.3391304347826087,0.6285824831520815,0.7054878264342811,0.0
noB,2029,A,0.4,random,5028,0.7015130674002751,0.6184519025309343,0.6749569466954823,0.5352112676056338,0.240506329113924,0.3318777292576419,0.6290853814631213,0.7053155484419593,0.0
noB,2029,A,0.5,random,5026,0.7001375515818432,0.6170026469410917,0.6738162543495485,0.5277777777777778,0.240506329113924,0.3304347826086956,0.6298603138769817,0.7048866990513666,0.0
noB,2029,A,0.5,random,5027,0.7028885832187071,0.6213631106823172,0.6768550383925325,0.5492957746478874,0.2468354430379747,0.3406113537117904,0.6284195721057209,0.7051502262814715,0.0
noB,2029,A,0.5,random,5028,0.7001375515818432,0.6173852382441264,0.6737183731703693,0.5352112676056338,0.240506329113924,0.3318777292576419,0.629406415886508,0.7049233553086922,0.0
noB,2029,V,0.1,random,5026,0.7042640990371389,0.6260776574995442,0.6800067080306572,0.5466666666666666,0.2594936708860759,0.351931330472103,0.6280409207769868,0.7054052548732992,0.0
noB,2029,V,0.1,random,5027,0.7056396148555708,0.6270954532538339,0.6811014388829344,0.5540540540540541,0.2594936708860759,0.3534482758620689,0.6282102648989419,0.7051520668094415,0.0
noB,2029,V,0.1,random,5028,0.7056396148555708,0.6270954532538339,0.6811014388829344,0.5540540540540541,0.2594936708860759,0.3534482758620689,0.6279188215881921,0.7055565201583022,0.0
noB,2029,V,0.2,random,5026,0.7056396148555708,0.6270954532538339,0.6811014388829344,0.5540540540540541,0.2594936708860759,0.3534482758620689,0.6270319363131245,0.7056789111339289,0.0
noB,2029,V,0.2,random,5027,0.7056396148555708,0.6270954532538339,0.6811014388829344,0.5540540540540541,0.2594936708860759,0.3534482758620689,0.6279688256493704,0.7050426053267419,0.0
noB,2029,V,0.2,random,5028,0.7056396148555708,0.6270954532538339,0.6811014388829344,0.5540540540540541,0.2594936708860759,0.3534482758620689,0.6277386857273016,0.7055856041942876,0.0
noB,2029,V,0.3,start,5026,0.7042640990371389,0.6258547078783782,0.680031743019051,0.5466666666666666,0.2594936708860759,0.351931330472103,0.6283611242112918,0.7048262215588929,0.0
noB,2029,V,0.3,middle,5026,0.7042640990371389,0.6260776574995442,0.6800067080306572,0.5466666666666666,0.2594936708860759,0.351931330472103,0.627812950351779,0.7053213788279872,0.0
noB,2029,V,0.3,end,5026,0.7056396148555708,0.626872726895017,0.681126807382898,0.5540540540540541,0.2594936708860759,0.3534482758620689,0.6261798847006275,0.7056191795595766,0.0
noB,2029,V,0.3,random,5026,0.7070151306740028,0.629788144728798,0.6831408430644896,0.56,0.2658227848101265,0.3605150214592275,0.6255683652499902,0.706002166734195,0.0
noB,2029,V,0.3,random,5027,0.7056396148555708,0.626872726895017,0.681126807382898,0.5540540540540541,0.2594936708860759,0.3534482758620689,0.6273064441989284,0.7050089773846907,0.0
noB,2029,V,0.3,random,5028,0.7056396148555708,0.6270954532538339,0.6811014388829344,0.5540540540540541,0.2594936708860759,0.3534482758620689,0.6275013067757756,0.70542733019435,0.0
noB,2029,V,0.4,random,5026,0.7056396148555708,0.6287159382074198,0.6818972494509157,0.56,0.2658227848101265,0.3605150214592275,0.6259634719656615,0.7050632278416201,0.0
noB,2029,V,0.4,random,5027,0.7056396148555708,0.6267050480144326,0.6813019897697458,0.5466666666666666,0.2594936708860759,0.351931330472103,0.6269193644080685,0.7050362840829234,0.0
noB,2029,V,0.4,random,5028,0.7042640990371389,0.6258547078783782,0.680031743019051,0.5466666666666666,0.2594936708860759,0.351931330472103,0.6277761928509137,0.7043105234242846,0.0
noB,2029,V,0.5,random,5026,0.7028885832187071,0.6246199441378645,0.6789657093729315,0.5394736842105263,0.2594936708860759,0.3504273504273504,0.6272057024886832,0.7045942719060043,0.0
noB,2029,V,0.5,random,5027,0.7042640990371389,0.6256351750873582,0.6800602470373341,0.5466666666666666,0.2594936708860759,0.351931330472103,0.6276059068510107,0.7039188603075603,0.0
noB,2029,V,0.5,random,5028,0.7028885832187071,0.6229295134838694,0.6780118499654129,0.5405405405405406,0.2531645569620253,0.3448275862068966,0.6286373505643614,0.7039584909574336,0.0
noB,2029,TA,0.3,start,5026,0.6657496561210454,0.5548027609408684,0.6253799409872963,0.4489795918367347,0.1392405063291139,0.2125603864734299,0.6685683538233272,0.6619899901779122,0.0
noB,2029,TA,0.3,middle,5026,0.6478679504814305,0.5472658201195193,0.6114691814950499,0.4363636363636363,0.1518987341772152,0.2253521126760563,0.6878587412830348,0.635301561074737,0.0
noB,2029,TA,0.3,end,5026,0.6382393397524071,0.5333866823046701,0.5985340168227978,0.4772727272727273,0.1329113924050632,0.2079207920792079,0.6989145137382584,0.6075727910756547,0.0
noB,2029,TA,0.3,random,5026,0.6781292984869326,0.5920345510808344,0.6491465656062618,0.6101694915254238,0.2278481012658227,0.3317972350230415,0.6670515474726512,0.6464058167378629,0.0
noB,2029,TA,0.3,random,5027,0.6492434662998624,0.5504679165319167,0.6123781375861849,0.5208333333333334,0.1582278481012658,0.2427184466019417,0.6888866740142178,0.6315891043787856,0.0
noB,2029,TA,0.3,random,5028,0.6437414030261348,0.5443782213758498,0.6078779424460655,0.4807692307692308,0.1582278481012658,0.238095238095238,0.7058540355497537,0.6233028387794028,0.0
noB,2029,TV,0.3,start,5026,0.6685006877579092,0.5565038120397521,0.6273390805750664,0.4680851063829787,0.1392405063291139,0.2146341463414634,0.667326521278173,0.663786212667695,0.0
noB,2029,TV,0.3,middle,5026,0.6478679504814305,0.5492041922347859,0.612371392452511,0.4464285714285714,0.1582278481012658,0.2336448598130841,0.6861087386795286,0.6373293280869077,0.0
noB,2029,TV,0.3,end,5026,0.6368638239339752,0.532074153361282,0.597218638552208,0.4772727272727273,0.1329113924050632,0.2079207920792079,0.6987631134337987,0.6076259918353974,0.0
noB,2029,TV,0.3,random,5026,0.6767537826685007,0.5906817529450565,0.647785308730903,0.6101694915254238,0.2278481012658227,0.3317972350230415,0.6679332240448593,0.6476025768454432,0.0
noB,2029,TV,0.3,random,5027,0.6492434662998624,0.5537146961565566,0.6141465057446632,0.54,0.170886075949367,0.2596153846153846,0.6905790804665873,0.6301483920631024,0.0
noB,2029,TV,0.3,random,5028,0.640990371389271,0.54234665772043,0.6054829364934544,0.4807692307692308,0.1582278481012658,0.238095238095238,0.7073616775586815,0.6203528391741334,0.0
noB,2029,AV,0.3,start,5026,0.7042640990371389,0.6238866435070264,0.6789550459969689,0.5555555555555556,0.2531645569620253,0.3478260869565217,0.6290361427770976,0.7032738215542693,0.0
noB,2029,AV,0.3,middle,5026,0.7042640990371389,0.6237798536199238,0.6792820967161076,0.5405405405405406,0.2531645569620253,0.3448275862068966,0.6274944543351703,0.7054771501318381,0.0
noB,2029,AV,0.3,end,5026,0.7042640990371389,0.6222102093693141,0.6781204430336311,0.5492957746478874,0.2468354430379747,0.3406113537117904,0.6262770567289163,0.705352174027757,0.0
noB,2029,AV,0.3,random,5026,0.7056396148555708,0.6247887276418819,0.680370286708821,0.547945205479452,0.2531645569620253,0.3463203463203463,0.6260880479730346,0.7055889361221149,0.0
noB,2029,AV,0.3,random,5027,0.7042640990371389,0.6238866435070264,0.6789550459969689,0.5555555555555556,0.2531645569620253,0.3478260869565217,0.6270677256676217,0.7042147097591969,0.0
noB,2029,AV,0.3,random,5028,0.7042640990371389,0.6222102093693141,0.6781204430336311,0.5492957746478874,0.2468354430379747,0.3406113537117904,0.6276048248751599,0.7055337099625107,0.0
noB,2029,TAV,0.3,start,5026,0.6671251719394773,0.5537450930861497,0.625317619237257,0.4468085106382978,0.1329113924050632,0.2048780487804878,0.668162466601619,0.662699524767878,0.0
noB,2029,TAV,0.3,middle,5026,0.6478679504814305,0.5473158954959941,0.6112457063911768,0.4444444444444444,0.1518987341772152,0.2264150943396226,0.6869584442935237,0.6358657078157508,0.0
noB,2029,TAV,0.3,end,5026,0.6382393397524071,0.5335042384378248,0.5989665282070712,0.4565217391304347,0.1329113924050632,0.2058823529411764,0.6981764514470999,0.6080634332452437,0.0
noB,2029,TAV,0.3,random,5026,0.6753782668500687,0.5861988485401604,0.6446971545892202,0.6071428571428571,0.2151898734177215,0.3177570093457944,0.6694386503651946,0.6465435452745374,0.0
noB,2029,TAV,0.3,random,5027,0.6506189821182944,0.5560989310989312,0.6157201752112343,0.54,0.170886075949367,0.2596153846153846,0.6903004980409966,0.630282957853009,0.0
noB,2029,TAV,0.3,random,5028,0.640990371389271,0.5424694792169659,0.605663905418396,0.4716981132075472,0.1582278481012658,0.2369668246445497,0.7074684802496174,0.6207725895209232,0.0
noB,2030,none,0.0,none,0,0.6850068775790922,0.6025186397526823,0.6606381853096712,0.4736842105263157,0.2278481012658227,0.3076923076923077,0.6110125841674643,0.6917484239887718,0.0
noB,2030,T,0.1,random,5026,0.6767537826685007,0.5932799193825374,0.651737517243489,0.4729729729729729,0.2215189873417721,0.3017241379310345,0.6276933393200747,0.6811963670740528,0.0
noB,2030,T,0.1,random,5027,0.6671251719394773,0.5701197977509903,0.6351362307448623,0.4354838709677419,0.170886075949367,0.2454545454545454,0.6444021335451767,0.6522640269600902,0.0
noB,2030,T,0.1,random,5028,0.6671251719394773,0.5886129230169201,0.6442048782693655,0.5068493150684932,0.2341772151898734,0.3203463203463203,0.6368768531965888,0.6671730085576544,0.0
noB,2030,T,0.2,random,5026,0.6767537826685007,0.5878051994008621,0.6485293796793538,0.5076923076923077,0.2088607594936709,0.2959641255605381,0.6580151859897739,0.6408642499784629,0.0
noB,2030,T,0.2,random,5027,0.640990371389271,0.5389437876710557,0.6061295531870446,0.3859649122807017,0.1392405063291139,0.2046511627906976,0.6705264540507714,0.6285964176637148,0.0
noB,2030,T,0.2,random,5028,0.6506189821182944,0.5679152161803699,0.6253819544074655,0.5151515151515151,0.2151898734177215,0.3035714285714285,0.6601501438970755,0.6398769509727653,0.0
noB,2030,T,0.3,start,5026,0.6588720770288858,0.559023868021375,0.6255749005313331,0.4310344827586206,0.1582278481012658,0.2314814814814814,0.6704965629594836,0.651845452471402,0.0
noB,2030,T,0.3,middle,5026,0.6437414030261348,0.5620039349296991,0.6190165474440745,0.4647887323943662,0.2088607594936709,0.2882096069868995,0.6829571908439594,0.6240921915799058,0.0
noB,2030,T,0.3,end,5026,0.6354883081155434,0.5347335276186648,0.6018388038113026,0.4107142857142857,0.1455696202531645,0.2149532710280373,0.6962356370912021,0.5905462968846135,0.0
noB,2030,T,0.3,random,5026,0.6657496561210454,0.5667959252928466,0.6314938599753537,0.5094339622641509,0.170886075949367,0.2559241706161137,0.6764667896736435,0.6253597770942673,0.0
noB,2030,T,0.3,random,5027,0.6368638239339752,0.5381959638689945,0.6032045646629514,0.4444444444444444,0.1518987341772152,0.2264150943396226,0.6911892050995956,0.607533995870962,0.0
noB,2030,T,0.3,random,5028,0.640990371389271,0.5570139025247456,0.6149779466140936,0.4923076923076923,0.2025316455696202,0.2869955156950672,0.6879298115388301,0.6150782189268017,0.0
noB,2030,T,0.4,random,5026,0.6492434662998624,0.5590385285833889,0.6183787719539358,0.5454545454545454,0.189873417721519,0.2816901408450704,0.7087812351190185,0.58333261818349,0.0
noB,2030,T,0.4,random,5027,0.6231086657496562,0.525055386436665,0.5892526957248745,0.396551724137931,0.1455696202531645,0.2129629629629629,0.7262451709496882,0.5582322380851859,0.0
noB,2030,T,0.4,random,5028,0.6327372764786795,0.5411287298038883,0.6024669983733444,0.4666666666666667,0.1772151898734177,0.2568807339449541,0.7131159214975891,0.5872681115516103,0.0
noB,2030,T,0.5,random,5026,0.6189821182943603,0.5166275503609415,0.5830444369585442,0.4339622641509434,0.1455696202531645,0.2180094786729857,0.7392315116790421,0.5421117233565582,0.0
noB,2030,T,0.5,random,5027,0.6176066024759285,0.5198641586327689,0.5825225467167913,0.4339622641509434,0.1455696202531645,0.2180094786729857,0.7433091448588938,0.5359680239152448,0.0
noB,2030,T,0.5,random,5028,0.6313617606602476,0.5251023365105151,0.5917647963534051,0.4888888888888889,0.1392405063291139,0.2167487684729064,0.7323887138262956,0.5617148018102256,0.0
noB,2030,A,0.1,random,5026,0.6836313617606602,0.6013523834890147,0.659110771403545,0.48,0.2278481012658227,0.3090128755364807,0.6118657008094562,0.6903971664330579,0.0
noB,2030,A,0.1,random,5027,0.6836313617606602,0.6013523834890147,0.659110771403545,0.48,0.2278481012658227,0.3090128755364807,0.6118077809481746,0.6907126163498208,0.0
noB,2030,A,0.1,random,5028,0.6836313617606602,0.6013523834890147,0.659110771403545,0.48,0.2278481012658227,0.3090128755364807,0.6117680983112133,0.6903901420463137,0.0
noB,2030,A,0.2,random,5026,0.6836313617606602,0.6013523834890147,0.659110771403545,0.48,0.2278481012658227,0.3090128755364807,0.6121401136343732,0.6902529057676772,0.0
noB,2030,A,0.2,random,5027,0.6836313617606602,0.6013523834890147,0.659110771403545,0.48,0.2278481012658227,0.3090128755364807,0.6118679528191595,0.6905663117710245,0.0
noB,2030,A,0.2,random,5028,0.6822558459422283,0.600372061781243,0.658016915097591,0.4736842105263157,0.2278481012658227,0.3076923076923077,0.6129022211259297,0.6894863286252484,0.0
noB,2030,A,0.3,start,5026,0.6836313617606602,0.6013523834890147,0.659110771403545,0.48,0.2278481012658227,0.3090128755364807,0.6113883358408481,0.6905275851523747,0.0
noB,2030,A,0.3,middle,5026,0.6836313617606602,0.6013523834890147,0.659110771403545,0.48,0.2278481012658227,0.3090128755364807,0.6115828816065868,0.6908377135675067,0.0
noB,2030,A,0.3,end,5026,0.6808803301237965,0.5976069798620066,0.6559244778993398,0.4666666666666667,0.2215189873417721,0.3004291845493562,0.6155319601597703,0.6883794852030126,0.0
noB,2030,A,0.3,random,5026,0.6850068775790922,0.602335069117596,0.6602049644908837,0.4864864864864865,0.2278481012658227,0.3103448275862069,0.6112132249331508,0.6907316036989681,0.0
noB,2030,A,0.3,random,5027,0.6836313617606602,0.6013523834890147,0.659110771403545,0.48,0.2278481012658227,0.3090128755364807,0.6120521567969988,0.6904745500626306,0.0
noB,2030,A,0.3,random,5028,0.6822558459422283,0.600372061781243,0.658016915097591,0.4736842105263157,0.2278481012658227,0.3076923076923077,0.6129642019518828,0.6894898084621232,0.0
noB,2030,A,0.4,random,5026,0.686382393397524,0.6050977871160224,0.6622970649077502,0.4933333333333333,0.2341772151898734,0.3175965665236051,0.6114906406956281,0.690651365513891,0.0
noB,2030,A,0.4,random,5027,0.6850068775790922,0.6041064121291392,0.6611969903853839,0.4868421052631579,0.2341772151898734,0.3162393162393162,0.6117994550998822,0.6905770867562946,0.0
noB,2030,A,0.4,random,5028,0.6836313617606602,0.6031174540981366,0.6600972850467475,0.4805194805194805,0.2341772151898734,0.3148936170212766,0.6128578550943576,0.6894039858672976,0.0
noB,2030,A,0.5,random,5026,0.6850068775790922,0.6041064121291392,0.6611969903853839,0.4868421052631579,0.2341772151898734,0.3162393162393162,0.612254627193602,0.6900630017313562,0.0
noB,2030,A,0.5,random,5027,0.6836313617606602,0.6031174540981366,0.6600972850467475,0.4805194805194805,0.2341772151898734,0.3148936170212766,0.6126164358927425,0.6899798936535705,0.0
noB,2030,A,0.5,random,5028,0.6850068775790922,0.6041064121291392,0.6611969903853839,0.4868421052631579,0.2341772151898734,0.3162393162393162,0.6120332367556622,0.6898001615758615,0.0
noB,2030,V,0.1,random,5026,0.6850068775790922,0.6025186397526823,0.6606381853096712,0.4736842105263157,0.2278481012658227,0.3076923076923077,0.6105877676707894,0.6917281291782964,0.0
noB,2030,V,0.1,random,5027,0.6850068775790922,0.6025186397526823,0.6606381853096712,0.4736842105263157,0.2278481012658227,0.3076923076923077,0.6111009797730866,0.691387462259969,0.0
noB,2030,V,0.1,random,5028,0.6850068775790922,0.6025186397526823,0.6606381853096712,0.4736842105263157,0.2278481012658227,0.3076923076923077,0.6111596025361397,0.6914579444091608,0.0
noB,2030,V,0.2,random,5026,0.6850068775790922,0.6025186397526823,0.6606381853096712,0.4736842105263157,0.2278481012658227,0.3076923076923077,0.6103931139452818,0.6916356843149675,0.0
noB,2030,V,0.2,random,5027,0.6850068775790922,0.6025186397526823,0.6606381853096712,0.4736842105263157,0.2278481012658227,0.3076923076923077,0.6111130244113464,0.6910896568484131,0.0
noB,2030,V,0.2,random,5028,0.6850068775790922,0.6025186397526823,0.6606381853096712,0.4736842105263157,0.2278481012658227,0.3076923076923077,0.611309438925162,0.6911818663584391,0.0
noB,2030,V,0.3,start,5026,0.6850068775790922,0.6025186397526823,0.6606381853096712,0.4736842105263157,0.2278481012658227,0.3076923076923077,0.611399329878718,0.6906727104645942,0.0
noB,2030,V,0.3,middle,5026,0.6850068775790922,0.6025186397526823,0.6606381853096712,0.4736842105263157,0.2278481012658227,0.3076923076923077,0.6114346640122088,0.6904547930010613,0.0
noB,2030,V,0.3,end,5026,0.6850068775790922,0.6025186397526823,0.6606381853096712,0.4736842105263157,0.2278481012658227,0.3076923076923077,0.6104926772656918,0.6909056830601458,0.0
noB,2030,V,0.3,random,5026,0.6850068775790922,0.6025186397526823,0.6606381853096712,0.4736842105263157,0.2278481012658227,0.3076923076923077,0.6103779733880685,0.691252267782526,0.0
noB,2030,V,0.3,random,5027,0.6850068775790922,0.6025186397526823,0.6606381853096712,0.4736842105263157,0.2278481012658227,0.3076923076923077,0.6113121351514352,0.6906069320893706,0.0
noB,2030,V,0.3,random,5028,0.6850068775790922,0.6025186397526823,0.6606381853096712,0.4736842105263157,0.2278481012658227,0.3076923076923077,0.6116514978298285,0.6906899827679768,0.0
noB,2030,V,0.4,random,5026,0.6850068775790922,0.6025186397526823,0.6606381853096712,0.4736842105263157,0.2278481012658227,0.3076923076923077,0.6106196766099428,0.6904650827559089,0.0
noB,2030,V,0.4,random,5027,0.6836313617606602,0.6011670994882076,0.6595719550692825,0.4675324675324675,0.2278481012658227,0.3063829787234042,0.6113472273489278,0.6901797911345381,0.0
noB,2030,V,0.4,random,5028,0.6836313617606602,0.6011670994882076,0.6595719550692825,0.4675324675324675,0.2278481012658227,0.3063829787234042,0.6120638399661751,0.6900423604649726,0.0
noB,2030,V,0.5,random,5026,0.6836313617606602,0.6011670994882076,0.6595719550692825,0.4675324675324675,0.2278481012658227,0.3063829787234042,0.6108128164562249,0.6899687300549556,0.0
noB,2030,V,0.5,random,5027,0.6836313617606602,0.6011670994882076,0.6595719550692825,0.4675324675324675,0.2278481012658227,0.3063829787234042,0.6113070233847795,0.6898729604649604,0.0
noB,2030,V,0.5,random,5028,0.6836313617606602,0.6011670994882076,0.6595719550692825,0.4675324675324675,0.2278481012658227,0.3063829787234042,0.6122540292352098,0.6895462793747829,0.0
noB,2030,TA,0.3,start,5026,0.6602475928473177,0.5622564894039218,0.6274987355642655,0.4482758620689655,0.1645569620253164,0.2407407407407407,0.6715532129605805,0.6507705264589401,0.0
noB,2030,TA,0.3,middle,5026,0.6423658872077029,0.5604430397442214,0.6179736532218392,0.4583333333333333,0.2088607594936709,0.2869565217391304,0.6825454377153477,0.624194174378414,0.0
noB,2030,TA,0.3,end,5026,0.6341127922971114,0.5320520152000966,0.5995629101947186,0.4,0.1392405063291139,0.2065727699530516,0.699027079551575,0.5875875653707219,0.0
noB,2030,TA,0.3,random,5026,0.6671251719394773,0.5702754138191187,0.6337857216885621,0.509090909090909,0.1772151898734177,0.2629107981220657,0.6758324414863595,0.6256341444336957,0.0
noB,2030,TA,0.3,random,5027,0.6382393397524071,0.5414359055357808,0.6054108865059711,0.4545454545454545,0.1582278481012658,0.2347417840375587,0.6905003496783191,0.607956775921736,0.0
noB,2030,TA,0.3,random,5028,0.6396148555708391,0.5544662704388472,0.6130588039512624,0.4769230769230769,0.1962025316455696,0.2780269058295964,0.6893489390316822,0.6145898145912085,0.0
noB,2030,TV,0.3,start,5026,0.657496561210454,0.558131306711373,0.6245409147605341,0.423728813559322,0.1582278481012658,0.2304147465437788,0.6707285115859258,0.6507382311641056,0.0
noB,2030,TV,0.3,middle,5026,0.6423658872077029,0.5574027045791448,0.6163894166664002,0.4428571428571428,0.1962025316455696,0.2719298245614035,0.6821256742876769,0.6243483624679906,0.0
noB,2030,TV,0.3,end,5026,0.6396148555708391,0.5378625600921194,0.6056079791835048,0.4035087719298245,0.1455696202531645,0.213953488372093,0.6948168648772207,0.5913937400375027,0.0
noB,2030,TV,0.3,random,5026,0.6657496561210454,0.5671231171426723,0.6309816730102792,0.5294117647058824,0.170886075949367,0.2583732057416268,0.6736519886487791,0.6269524532492967,0.0
noB,2030,TV,0.3,random,5027,0.6327372764786795,0.5305077168735641,0.5970992290693861,0.4313725490196078,0.1392405063291139,0.2105263157894736,0.6913756104074115,0.60688261363361,0.0
noB,2030,TV,0.3,random,5028,0.6368638239339752,0.5500445353638655,0.6092524771606824,0.4761904761904761,0.189873417721519,0.2714932126696832,0.6908834704236398,0.6120355381775083,0.0
noB,2030,AV,0.3,start,5026,0.6822558459422283,0.600372061781243,0.658016915097591,0.4736842105263157,0.2278481012658227,0.3076923076923077,0.6122581495359756,0.6893367092954775,0.0
noB,2030,AV,0.3,middle,5026,0.6836313617606602,0.6013523834890147,0.659110771403545,0.48,0.2278481012658227,0.3090128755364807,0.6121654606995213,0.6895898501479187,0.0
noB,2030,AV,0.3,end,5026,0.6808803301237965,0.5976069798620066,0.6559244778993398,0.4666666666666667,0.2215189873417721,0.3004291845493562,0.6151841310927186,0.6876023072091914,0.0
noB,2030,AV,0.3,random,5026,0.686382393397524,0.6035956380783967,0.6615027054243484,0.4864864864864865,0.2278481012658227,0.3103448275862069,0.6107987495474038,0.6904703460321373,0.0
noB,2030,AV,0.3,random,5027,0.6836313617606602,0.6013523834890147,0.659110771403545,0.48,0.2278481012658227,0.3090128755364807,0.6124325564134472,0.6893472320453907,0.0
noB,2030,AV,0.3,random,5028,0.6822558459422283,0.600372061781243,0.658016915097591,0.4736842105263157,0.2278481012658227,0.3076923076923077,0.6135509690743094,0.6885624239452902,0.0
noB,2030,TAV,0.3,start,5026,0.6616231086657497,0.5675816175350096,0.6306163026473627,0.4666666666666667,0.1772151898734177,0.2568807339449541,0.6711745235467105,0.650257144357438,0.0
noB,2030,TAV,0.3,middle,5026,0.6437414030261348,0.5647369113548556,0.6216790183217843,0.4487179487179487,0.2215189873417721,0.2966101694915254,0.6815967664414149,0.6255908071596455,0.0
noB,2030,TAV,0.3,end,5026,0.6382393397524071,0.5346136282692721,0.6031240718729738,0.4,0.1392405063291139,0.2065727699530516,0.6969458361372602,0.5893992169153446,0.0
noB,2030,TAV,0.3,random,5026,0.6698762035763411,0.5782870493923972,0.6389131250459865,0.543859649122807,0.1962025316455696,0.2883720930232558,0.6726597628179144,0.6272543207716738,0.0
noB,2030,TAV,0.3,random,5027,0.6368638239339752,0.5401379857094623,0.6040986959616863,0.4545454545454545,0.1582278481012658,0.2347417840375587,0.6907619509141628,0.6071187534966358,0.0
noB,2030,TAV,0.3,random,5028,0.6368638239339752,0.5535075349497953,0.6114828922418764,0.4705882352941176,0.2025316455696202,0.2831858407079646,0.6906145706943208,0.6124176110868379,0.0
noBeta,2026,none,0.0,none,0,0.6987620357634112,0.6387179255838561,0.6849571745366869,0.5360824742268041,0.3291139240506329,0.4078431372549019,0.6359625557027929,0.6801661007765045,0.0
noBeta,2026,T,0.1,random,5026,0.6918844566712518,0.6320788916565339,0.6785985581384268,0.5416666666666666,0.3291139240506329,0.4094488188976378,0.6467835665443055,0.6705062330764511,0.0
noBeta,2026,T,0.1,random,5027,0.687757909215956,0.6229034713684816,0.6708257035566209,0.5465116279069767,0.2974683544303797,0.3852459016393442,0.6590481790274042,0.646093687393949,0.0
noBeta,2026,T,0.1,random,5028,0.6905089408528198,0.6362843105516482,0.6787234085520407,0.5833333333333334,0.3544303797468354,0.4409448818897638,0.6465613501061689,0.6618615312612028,0.0
noBeta,2026,T,0.2,random,5026,0.6946354883081155,0.6309673397426532,0.6789459017237539,0.5813953488372093,0.3164556962025316,0.4098360655737705,0.6597553295764652,0.6456484913799683,0.0
noBeta,2026,T,0.2,random,5027,0.6602475928473177,0.5871380428878535,0.6403842948932156,0.4756097560975609,0.2468354430379747,0.325,0.6771092677169732,0.6279913635281399,0.0
noBeta,2026,T,0.2,random,5028,0.6616231086657497,0.6002351862301921,0.6465978454574113,0.5581395348837209,0.3037974683544304,0.3934426229508196,0.678547194711729,0.6217148358938421,0.0
noBeta,2026,T,0.3,start,5026,0.6629986244841816,0.5712169746444382,0.6332219687977536,0.4915254237288136,0.1835443037974683,0.2672811059907834,0.6549346918109522,0.6604436705024485,0.0
noBeta,2026,T,0.3,middle,5026,0.6478679504814305,0.5767214398256799,0.6278692877970199,0.5,0.2468354430379747,0.3305084745762712,0.6773888410440576,0.6275965181402859,0.0
noBeta,2026,T,0.3,end,5026,0.6396148555708391,0.5493706385341471,0.61123558795611,0.4590163934426229,0.1772151898734177,0.2557077625570776,0.7135426067731594,0.5803536761100778,0.0
noBeta,2026,T,0.3,random,5026,0.6657496561210454,0.5836857224110347,0.6405745894378627,0.5303030303030303,0.2215189873417721,0.3125,0.6734324909936463,0.62893706736384,0.0
noBeta,2026,T,0.3,random,5027,0.6327372764786795,0.5578993456858069,0.6112550896734873,0.4861111111111111,0.2215189873417721,0.3043478260869565,0.6956886500973064,0.5991291051391864,0.0
noBeta,2026,T,0.3,random,5028,0.6519944979367263,0.5745246256748734,0.628669972140535,0.5606060606060606,0.2341772151898734,0.3303571428571428,0.6889218235918659,0.6177583771455754,0.0
noBeta,2026,T,0.4,random,5026,0.6396148555708391,0.5504626935391732,0.6092901861129278,0.5370370370370371,0.1835443037974683,0.2735849056603773,0.7077124651130643,0.58077871100015,0.0
noBeta,2026,T,0.4,random,5027,0.6313617606602476,0.5534067991686621,0.6064753317438575,0.5076923076923077,0.2088607594936709,0.2959641255605381,0.7195577184531763,0.5639113405925568,0.0
noBeta,2026,T,0.4,random,5028,0.6382393397524071,0.5553137218232017,0.6115904504202925,0.5517241379310345,0.2025316455696202,0.2962962962962963,0.7058708558256421,0.5845606869062037,0.0
noBeta,2026,T,0.5,random,5026,0.6203576341127923,0.5226774939471729,0.5849002085657403,0.5581395348837209,0.1518987341772152,0.2388059701492537,0.7379034894028472,0.5307161636023527,0.0
noBeta,2026,T,0.5,random,5027,0.6217331499312242,0.5103151272035554,0.579327537061179,0.5,0.1139240506329113,0.1855670103092783,0.7293116219085359,0.5404745566078266,0.0
noBeta,2026,T,0.5,random,5028,0.6258596973865199,0.5281256742389385,0.5900549117193653,0.5,0.1455696202531645,0.2254901960784313,0.7263681563288924,0.5618726823075897,0.0
noBeta,2026,A,0.1,random,5026,0.7001375515818432,0.6411459710774158,0.6868390279149619,0.5408163265306123,0.3354430379746835,0.4140625,0.6351683890332053,0.6804799486534074,0.0
noBeta,2026,A,0.1,random,5027,0.6973865199449794,0.6362745194638855,0.6830661169179691,0.53125,0.3227848101265823,0.4015748031496063,0.6361414094314526,0.6806629626931886,0.0
noBeta,2026,A,0.1,random,5028,0.6973865199449794,0.6362745194638855,0.6830661169179691,0.53125,0.3227848101265823,0.4015748031496063,0.6366820910831847,0.6800180080195043,0.0
noBeta,2026,A,0.2,random,5026,0.6960110041265475,0.6351977493974396,0.6818995248276795,0.5257731958762887,0.3227848101265823,0.4,0.6369404989509505,0.6800958119130589,0.0
noBeta,2026,A,0.2,random,5027,0.6973865199449794,0.6362745194638855,0.6830661169179691,0.53125,0.3227848101265823,0.4015748031496063,0.6360704538218535,0.6808145338421228,0.0
noBeta,2026,A,0.2,random,5028,0.6973865199449794,0.6361035464988888,0.6832526137577675,0.5257731958762887,0.3227848101265823,0.4,0.6357381680657826,0.6805425593539023,0.0
noBeta,2026,A,0.3,start,5026,0.6960110041265475,0.6350726260328979,0.6824322232770409,0.51,0.3227848101265823,0.3953488372093023,0.6357951500213394,0.6809815378637315,0.0
noBeta,2026,A,0.3,middle,5026,0.6973865199449794,0.6357767492639118,0.6836379200274618,0.5151515151515151,0.3227848101265823,0.3968871595330739,0.6348982457615033,0.6814262212375871,0.0
noBeta,2026,A,0.3,end,5026,0.6946354883081155,0.6335944211430592,0.6809660024213731,0.5151515151515151,0.3227848101265823,0.3968871595330739,0.635252710979111,0.6816272184332736,0.0
noBeta,2026,A,0.3,random,5026,0.6973865199449794,0.6363007082119703,0.683400050013176,0.5204081632653061,0.3227848101265823,0.3984375,0.6363553931088253,0.6808875559724746,0.0
noBeta,2026,A,0.3,random,5027,0.6987620357634112,0.6371790875326326,0.6844173699064967,0.53125,0.3227848101265823,0.4015748031496063,0.6348612705297182,0.6815373646921344,0.0
noBeta,2026,A,0.3,random,5028,0.6973865199449794,0.6359376377440825,0.683443223238208,0.5204081632653061,0.3227848101265823,0.3984375,0.634527069287461,0.6812735227447889,0.0
noBeta,2026,A,0.4,random,5026,0.6973865199449794,0.6361395516801454,0.6835943463841404,0.5151515151515151,0.3227848101265823,0.3968871595330739,0.6358752430940173,0.6812539542514596,0.0
noBeta,2026,A,0.4,random,5027,0.6973865199449794,0.6359376377440825,0.683443223238208,0.5204081632653061,0.3227848101265823,0.3984375,0.6339643552173122,0.6820367696099549,0.0
noBeta,2026,A,0.4,random,5028,0.6960110041265475,0.6345014506215173,0.6823209322887808,0.5151515151515151,0.3227848101265823,0.3968871595330739,0.6346011847853209,0.6812062306944334,0.0
noBeta,2026,A,0.5,random,5026,0.6973865199449794,0.6357767492639118,0.6836379200274618,0.5151515151515151,0.3227848101265823,0.3968871595330739,0.6350912600498958,0.6815398723924335,0.0
noBeta,2026,A,0.5,random,5027,0.6973865199449794,0.6359376377440825,0.683443223238208,0.5204081632653061,0.3227848101265823,0.3984375,0.6338425805058824,0.6822809633353283,0.0
noBeta,2026,A,0.5,random,5028,0.6960110041265475,0.6345014506215173,0.6823209322887808,0.5151515151515151,0.3227848101265823,0.3968871595330739,0.6348798467643811,0.6811844614620443,0.0
noBeta,2026,V,0.1,random,5026,0.6960110041265475,0.6361884548654976,0.6826572981358652,0.5252525252525253,0.3291139240506329,0.4046692607003891,0.635563067022162,0.680529585887193,0.0
noBeta,2026,V,0.1,random,5027,0.6973865199449794,0.638604261631953,0.6845309457876919,0.53,0.3354430379746835,0.4108527131782946,0.634672569793437,0.6807241897218796,0.0
noBeta,2026,V,0.1,random,5028,0.6973865199449794,0.638604261631953,0.6845309457876919,0.53,0.3354430379746835,0.4108527131782946,0.6347135305016831,0.6807540316595158,0.0
noBeta,2026,V,0.2,random,5026,0.6946354883081155,0.6349113669466574,0.6813401888218269,0.5252525252525253,0.3291139240506329,0.4046692607003891,0.6351981119971526,0.680733685029289,0.0
noBeta,2026,V,0.2,random,5027,0.6960110041265475,0.6373262099741441,0.6832123968305724,0.53,0.3354430379746835,0.4108527131782946,0.6343446998834765,0.6809660706964441,0.0
noBeta,2026,V,0.2,random,5028,0.6946354883081155,0.6362438327305604,0.6820406558560093,0.5247524752475248,0.3354430379746835,0.4092664092664093,0.6342427997863554,0.681086342340168,0.0
noBeta,2026,V,0.3,start,5026,0.6918844566712518,0.6323889994697448,0.6790422879438404,0.5148514851485149,0.3291139240506329,0.4015444015444015,0.6344978781317208,0.6809837830886298,0.0
noBeta,2026,V,0.3,middle,5026,0.6946354883081155,0.6362438327305604,0.6820406558560093,0.5247524752475248,0.3354430379746835,0.4092664092664093,0.6335872745962656,0.6812820750829691,0.0
noBeta,2026,V,0.3,end,5026,0.6960110041265475,0.6373262099741441,0.6832123968305724,0.53,0.3354430379746835,0.4108527131782946,0.6343861513577259,0.6810159291530011,0.0
noBeta,2026,V,0.3,random,5026,0.6960110041265475,0.6373262099741441,0.6832123968305724,0.53,0.3354430379746835,0.4108527131782946,0.6337605549564556,0.681267282665093,0.0
noBeta,2026,V,0.3,random,5027,0.6946354883081155,0.6362438327305604,0.6820406558560093,0.5247524752475248,0.3354430379746835,0.4092664092664093,0.6337094155563829,0.6813015354839091,0.0
noBeta,2026,V,0.3,random,5028,0.6946354883081155,0.6362438327305604,0.6820406558560093,0.5247524752475248,0.3354430379746835,0.4092664092664093,0.6335839110383166,0.6814928358256345,0.0
noBeta,2026,V,0.4,random,5026,0.6946354883081155,0.6362438327305604,0.6820406558560093,0.5247524752475248,0.3354430379746835,0.4092664092664093,0.6332499484003906,0.6814162789285277,0.0
noBeta,2026,V,0.4,random,5027,0.6932599724896836,0.6351640124028283,0.6808693103886085,0.5196078431372549,0.3354430379746835,0.4076923076923077,0.6334268736484048,0.6814969235421275,0.0
noBeta,2026,V,0.4,random,5028,0.6932599724896836,0.634997442860385,0.6810588035571004,0.5145631067961165,0.3354430379746835,0.4061302681992337,0.632393917630847,0.6822417531757838,0.0
noBeta,2026,V,0.5,random,5026,0.6946354883081155,0.6373803460732256,0.6829113545176966,0.5192307692307693,0.3417721518987341,0.4122137404580153,0.6317585293684103,0.6821992393986824,0.0
noBeta,2026,V,0.5,random,5027,0.6946354883081155,0.6373803460732256,0.6829113545176966,0.5192307692307693,0.3417721518987341,0.4122137404580153,0.631569752386018,0.6823760893988039,0.0
noBeta,2026,V,0.5,random,5028,0.6946354883081155,0.6373803460732256,0.6829113545176966,0.5192307692307693,0.3417721518987341,0.4122137404580153,0.6314842840486375,0.682578193339311,0.0
noBeta,2026,TA,0.3,start,5026,0.6671251719394773,0.578459877149539,0.6390831151444086,0.5,0.1962025316455696,0.2818181818181818,0.6561063927834966,0.6606306308977898,0.0
noBeta,2026,TA,0.3,middle,5026,0.6437414030261348,0.5685854303169937,0.621747411425196,0.48,0.2278481012658227,0.3090128755364807,0.6802306315475319,0.626538275937091,0.0
noBeta,2026,TA,0.3,end,5026,0.6396148555708391,0.5489726671978011,0.6112476972108819,0.4590163934426229,0.1772151898734177,0.2557077625570776,0.7120755124251092,0.5819952380679481,0.0
noBeta,2026,TA,0.3,random,5026,0.6698762035763411,0.5906508724239592,0.6457651817584019,0.5522388059701493,0.2341772151898734,0.3288888888888889,0.672609928480678,0.6295603972447671,0.0
noBeta,2026,TA,0.3,random,5027,0.6341127922971114,0.5607981475888453,0.6132364819531577,0.4931506849315068,0.2278481012658227,0.3116883116883117,0.6947274348985443,0.6010735548656355,0.0
noBeta,2026,TA,0.3,random,5028,0.6533700137551581,0.5791959082794738,0.6316290288678352,0.5652173913043478,0.2468354430379747,0.3436123348017621,0.6897016439295987,0.6169363627758145,0.0
noBeta,2026,TV,0.3,start,5026,0.6657496561210454,0.5790226830025039,0.6386032080337821,0.5079365079365079,0.2025316455696202,0.2895927601809955,0.652518092913588,0.6606751551647789,0.0
noBeta,2026,TV,0.3,middle,5026,0.6506189821182944,0.5818958846105502,0.6320667349094892,0.5061728395061729,0.2594936708860759,0.3430962343096234,0.6737244690448928,0.6311890723079913,0.0
noBeta,2026,TV,0.3,end,5026,0.6396148555708391,0.5531528363806845,0.6135045832562939,0.4545454545454545,0.189873417721519,0.2678571428571428,0.7107625811164031,0.5814375920664712,0.0
noBeta,2026,TV,0.3,random,5026,0.6698762035763411,0.5925655100412172,0.6466565176011789,0.5507246376811594,0.240506329113924,0.3348017621145374,0.6696452373059296,0.62976303239433,0.0
noBeta,2026,TV,0.3,random,5027,0.6396148555708391,0.5732934959861945,0.6222764894674963,0.5189873417721519,0.2594936708860759,0.3459915611814346,0.6928287459301069,0.6012101679281514,0.0
noBeta,2026,TV,0.3,random,5028,0.6533700137551581,0.5805841901911771,0.6324285110443456,0.5633802816901409,0.2531645569620253,0.3493449781659388,0.6873949185372372,0.6181324401919538,0.0
noBeta,2026,AV,0.3,start,5026,0.6918844566712518,0.6320711479942914,0.6794308916451834,0.5048543689320388,0.3291139240506329,0.3984674329501915,0.6332259101496619,0.6819058545507959,0.0
noBeta,2026,AV,0.3,middle,5026,0.6946354883081155,0.6360735167229739,0.68222793719972,0.5196078431372549,0.3354430379746835,0.4076923076923077,0.6330902629045774,0.6818255524503695,0.0
noBeta,2026,AV,0.3,end,5026,0.6946354883081155,0.6347422306459788,0.6815276565258264,0.52,0.3291139240506329,0.4031007751937984,0.633422545698884,0.6825030449775731,0.0
noBeta,2026,AV,0.3,random,5026,0.6932599724896836,0.6336698301565579,0.6803624203400845,0.5148514851485149,0.3291139240506329,0.4015444015444015,0.6340605297405262,0.681721668976059,0.0
noBeta,2026,AV,0.3,random,5027,0.6932599724896836,0.6336698301565579,0.6803624203400845,0.5148514851485149,0.3291139240506329,0.4015444015444015,0.6329769020517749,0.6824374974092526,0.0
noBeta,2026,AV,0.3,random,5028,0.6960110041265475,0.6371879104083453,0.6837403286582425,0.5145631067961165,0.3354430379746835,0.4061302681992337,0.6315168816592007,0.6829012618936515,0.0
noBeta,2026,TAV,0.3,start,5026,0.6671251719394773,0.5814618233272942,0.6410438562133653,0.5076923076923077,0.2088607594936709,0.2959641255605381,0.6544654096305282,0.6587693085571924,0.0
noBeta,2026,TAV,0.3,middle,5026,0.6478679504814305,0.5763170840526701,0.628429387640665,0.4814814814814814,0.2468354430379747,0.3263598326359833,0.6741758078506257,0.6312656788348848,0.0
noBeta,2026,TAV,0.3,end,5026,0.6396148555708391,0.5513045907383622,0.6123035031732214,0.453125,0.1835443037974683,0.2612612612612612,0.7087973551917146,0.5832116685933206,0.0
noBeta,2026,TAV,0.3,random,5026,0.6698762035763411,0.5924114650001255,0.6468384523422246,0.5428571428571428,0.240506329113924,0.3333333333333333,0.6697072438258392,0.6311548154321294,0.0
noBeta,2026,TAV,0.3,random,5027,0.6341127922971114,0.564090414937701,0.6151560382899793,0.4935064935064935,0.240506329113924,0.3234042553191489,0.6926716382735403,0.6023935451827417,0.0
noBeta,2026,TAV,0.3,random,5028,0.6506189821182944,0.5764937706585304,0.6294845120696004,0.5416666666666666,0.2468354430379747,0.3391304347826087,0.6879836037947077,0.6183643650524778,0.0
noBeta,2027,none,0.0,none,0,0.6932599724896836,0.629732605952236,0.6765442100880652,0.5319148936170213,0.3164556962025316,0.3968253968253968,0.6234559359269138,0.6955515544072929,0.0
noBeta,2027,T,0.1,random,5026,0.6932599724896836,0.6215610509569783,0.6723641649378581,0.5421686746987951,0.2848101265822785,0.3734439834024896,0.6275396746941126,0.6860045825099387,0.0
noBeta,2027,T,0.1,random,5027,0.6781292984869326,0.6034374828762751,0.6553406566611726,0.5256410256410257,0.2594936708860759,0.3474576271186441,0.6373442237510205,0.6653575024597014,0.0
noBeta,2027,T,0.1,random,5028,0.6822558459422283,0.6181464809723775,0.6646048127387367,0.5632183908045977,0.310126582278481,0.4,0.6477312583666972,0.6673270273132778,0.0
noBeta,2027,T,0.2,random,5026,0.6836313617606602,0.6063262499883361,0.6597571268233876,0.5526315789473685,0.2658227848101265,0.358974358974359,0.6550659618485203,0.6479265568504546,0.0
noBeta,2027,T,0.2,random,5027,0.6740027510316369,0.5893850525491666,0.6466259669704817,0.5070422535211268,0.2278481012658227,0.314410480349345,0.6561629781249282,0.6495593832132766,0.0
noBeta,2027,T,0.2,random,5028,0.6643741403026134,0.593151419900337,0.6425088329915056,0.5526315789473685,0.2658227848101265,0.358974358974359,0.6731867535312017,0.6349075381641268,0.0
noBeta,2027,T,0.3,start,5026,0.6657496561210454,0.5717163774473147,0.6329522508628163,0.5172413793103449,0.189873417721519,0.2777777777777778,0.6539504172582141,0.6508394701509329,0.0
noBeta,2027,T,0.3,middle,5026,0.6506189821182944,0.5662218193102623,0.6227671890982843,0.4852941176470588,0.2088607594936709,0.2920353982300885,0.677890768625174,0.6264174558417104,0.0
noBeta,2027,T,0.3,end,5026,0.6464924346629987,0.5681970689199605,0.6208614496219939,0.5522388059701493,0.2341772151898734,0.3288888888888889,0.6920247059368316,0.6018639049050203,0.0
noBeta,2027,T,0.3,random,5026,0.6698762035763411,0.5816987235467554,0.6402151446231167,0.5230769230769231,0.2151898734177215,0.3049327354260089,0.6627921014869621,0.6326623587207152,0.0
noBeta,2027,T,0.3,random,5027,0.656121045392022,0.567934813236018,0.6267760703689841,0.4776119402985074,0.2025316455696202,0.2844444444444444,0.6741130593400442,0.6222322085824453,0.0
noBeta,2027,T,0.3,random,5028,0.6629986244841816,0.5867430741885383,0.6382667646042356,0.5652173913043478,0.2468354430379747,0.3436123348017621,0.6889121872844653,0.6152420148232034,0.0
noBeta,2027,T,0.4,random,5026,0.6423658872077029,0.5491999801334336,0.6095341444276033,0.4915254237288136,0.1835443037974683,0.2672811059907834,0.7021295071724392,0.584860571867084,0.0
noBeta,2027,T,0.4,random,5027,0.6286107290233838,0.5408450648568014,0.5990336321587535,0.417910447761194,0.1772151898734177,0.2488888888888888,0.714526175171483,0.5766754618606513,0.0
noBeta,2027,T,0.4,random,5028,0.6327372764786795,0.5470515996012677,0.6037739095596422,0.5079365079365079,0.2025316455696202,0.2895927601809955,0.7089216466351835,0.582039440592577,0.0
noBeta,2027,T,0.5,random,5026,0.6176066024759285,0.5067111271562238,0.5752948939543766,0.4444444444444444,0.1265822784810126,0.1970443349753694,0.7306353665708777,0.5444465337910642,0.0
noBeta,2027,T,0.5,random,5027,0.6231086657496562,0.5246757343387384,0.5867140560019285,0.4897959183673469,0.1518987341772152,0.2318840579710145,0.7233790817661464,0.55572229779591,0.0
noBeta,2027,T,0.5,random,5028,0.6368638239339752,0.5382742349809473,0.6004163856852713,0.52,0.1645569620253164,0.25,0.7183411026831935,0.5645826418842025,0.0
noBeta,2027,A,0.1,random,5026,0.6932599724896836,0.629732605952236,0.6765442100880652,0.5319148936170213,0.3164556962025316,0.3968253968253968,0.6232268518375295,0.6960105463773125,0.0
noBeta,2027,A,0.1,random,5027,0.6946354883081155,0.6312928456755199,0.6777704012325028,0.5376344086021505,0.3164556962025316,0.398406374501992,0.6228969467299429,0.6961576838248735,0.0
noBeta,2027,A,0.1,random,5028,0.6932599724896836,0.629732605952236,0.6765442100880652,0.5319148936170213,0.3164556962025316,0.3968253968253968,0.6233958117807664,0.6956989454891322,0.0
noBeta,2027,A,0.2,random,5026,0.6932599724896836,0.629732605952236,0.6765442100880652,0.5319148936170213,0.3164556962025316,0.3968253968253968,0.6231808220090458,0.6961513015408091,0.0
noBeta,2027,A,0.2,random,5027,0.6946354883081155,0.6312928456755199,0.6777704012325028,0.5376344086021505,0.3164556962025316,0.398406374501992,0.6231357697678986,0.696058874692181,0.0
noBeta,2027,A,0.2,random,5028,0.6932599724896836,0.629732605952236,0.6765442100880652,0.5319148936170213,0.3164556962025316,0.3968253968253968,0.6233936001051882,0.6957493228398799,0.0
noBeta,2027,A,0.3,start,5026,0.6932599724896836,0.6295378949935695,0.6766934725145788,0.5263157894736842,0.3164556962025316,0.3952569169960474,0.6225599716993544,0.6962360993025585,0.0
noBeta,2027,A,0.3,middle,5026,0.6932599724896836,0.629732605952236,0.6765442100880652,0.5319148936170213,0.3164556962025316,0.3968253968253968,0.622650324380086,0.6964117036310479,0.0
noBeta,2027,A,0.3,end,5026,0.6946354883081155,0.6312928456755199,0.6777704012325028,0.5376344086021505,0.3164556962025316,0.398406374501992,0.6227618784770115,0.6962763963696047,0.0
noBeta,2027,A,0.3,random,5026,0.6932599724896836,0.6295378949935695,0.6766934725145788,0.5263157894736842,0.3164556962025316,0.3952569169960474,0.6224752774241129,0.696598942445686,0.0
noBeta,2027,A,0.3,random,5027,0.6946354883081155,0.6312928456755199,0.6777704012325028,0.5376344086021505,0.3164556962025316,0.398406374501992,0.622905414510461,0.696368229740944,0.0
noBeta,2027,A,0.3,random,5028,0.6932599724896836,0.629732605952236,0.6765442100880652,0.5319148936170213,0.3164556962025316,0.3968253968253968,0.6230979757709819,0.6960071964325193,0.0
noBeta,2027,A,0.4,random,5026,0.6932599724896836,0.6295378949935695,0.6766934725145788,0.5263157894736842,0.3164556962025316,0.3952569169960474,0.6226567517647809,0.6965529290543427,0.0
noBeta,2027,A,0.4,random,5027,0.6946354883081155,0.6312928456755199,0.6777704012325028,0.5376344086021505,0.3164556962025316,0.398406374501992,0.6227857198593217,0.6966120323726749,0.0
noBeta,2027,A,0.4,random,5028,0.6932599724896836,0.629732605952236,0.6765442100880652,0.5319148936170213,0.3164556962025316,0.3968253968253968,0.6228912244864322,0.6961093796885125,0.0
noBeta,2027,A,0.5,random,5026,0.6946354883081155,0.6309000916481167,0.6780674555068531,0.5263157894736842,0.3164556962025316,0.3952569169960474,0.622390008488244,0.6966907533286383,0.0
noBeta,2027,A,0.5,random,5027,0.6932599724896836,0.6295378949935695,0.6766934725145788,0.5263157894736842,0.3164556962025316,0.3952569169960474,0.6224774103873904,0.69677449106506,0.0
noBeta,2027,A,0.5,random,5028,0.6932599724896836,0.6295378949935695,0.6766934725145788,0.5263157894736842,0.3164556962025316,0.3952569169960474,0.6223841559562816,0.6963503370521026,0.0
noBeta,2027,V,0.1,random,5026,0.6932599724896836,0.6297896393924463,0.6766986437579533,0.5263157894736842,0.3164556962025316,0.3952569169960474,0.6238712330071128,0.6954377172854622,0.0
noBeta,2027,V,0.1,random,5027,0.6932599724896836,0.6297896393924463,0.6766986437579533,0.5263157894736842,0.3164556962025316,0.3952569169960474,0.6237558739447199,0.6955344334208629,0.0
noBeta,2027,V,0.1,random,5028,0.6932599724896836,0.6297896393924463,0.6766986437579533,0.5263157894736842,0.3164556962025316,0.3952569169960474,0.6237984203699242,0.6954637577712296,0.0
noBeta,2027,V,0.2,random,5026,0.6932599724896836,0.6295990451787387,0.6768505902795295,0.5208333333333334,0.3164556962025316,0.3937007874015748,0.6237544564589508,0.6953899874348647,0.0
noBeta,2027,V,0.2,random,5027,0.6932599724896836,0.6295990451787387,0.6768505902795295,0.5208333333333334,0.3164556962025316,0.3937007874015748,0.6236532581332459,0.6954736297332613,0.0
noBeta,2027,V,0.2,random,5028,0.6932599724896836,0.6295990451787387,0.6768505902795295,0.5208333333333334,0.3164556962025316,0.3937007874015748,0.6237210982669077,0.6954954001761784,0.0
noBeta,2027,V,0.3,start,5026,0.6932599724896836,0.6295990451787387,0.6768505902795295,0.5208333333333334,0.3164556962025316,0.3937007874015748,0.6236417280545519,0.6955286964737869,0.0
noBeta,2027,V,0.3,middle,5026,0.6932599724896836,0.6295990451787387,0.6768505902795295,0.5208333333333334,0.3164556962025316,0.3937007874015748,0.6241881242883214,0.6950531883036549,0.0
noBeta,2027,V,0.3,end,5026,0.6932599724896836,0.6295990451787387,0.6768505902795295,0.5208333333333334,0.3164556962025316,0.3937007874015748,0.624027638748946,0.6952620148464708,0.0
noBeta,2027,V,0.3,random,5026,0.6932599724896836,0.6295990451787387,0.6768505902795295,0.5208333333333334,0.3164556962025316,0.3937007874015748,0.6242158447646363,0.695172588811444,0.0
noBeta,2027,V,0.3,random,5027,0.6932599724896836,0.6295990451787387,0.6768505902795295,0.5208333333333334,0.3164556962025316,0.3937007874015748,0.6240540991259611,0.6952811017398737,0.0
noBeta,2027,V,0.3,random,5028,0.6932599724896836,0.6295990451787387,0.6768505902795295,0.5208333333333334,0.3164556962025316,0.3937007874015748,0.6240796247084284,0.6953755938849666,0.0
noBeta,2027,V,0.4,random,5026,0.6918844566712518,0.6280450253637587,0.6756272147679269,0.5154639175257731,0.3164556962025316,0.392156862745098,0.6245730554641662,0.6948686602127618,0.0
noBeta,2027,V,0.4,random,5027,0.6918844566712518,0.6280450253637587,0.6756272147679269,0.5154639175257731,0.3164556962025316,0.392156862745098,0.6243369127853697,0.6950866686500111,0.0
noBeta,2027,V,0.4,random,5028,0.6918844566712518,0.6280450253637587,0.6756272147679269,0.5154639175257731,0.3164556962025316,0.392156862745098,0.6244310978293416,0.6951091794929954,0.0
noBeta,2027,V,0.5,random,5026,0.6918844566712518,0.6280450253637587,0.6756272147679269,0.5154639175257731,0.3164556962025316,0.392156862745098,0.6251785811689741,0.6946874445928074,0.0
noBeta,2027,V,0.5,random,5027,0.6918844566712518,0.6280450253637587,0.6756272147679269,0.5154639175257731,0.3164556962025316,0.392156862745098,0.624908370098377,0.6948756475766746,0.0
noBeta,2027,V,0.5,random,5028,0.6918844566712518,0.6280450253637587,0.6756272147679269,0.5154639175257731,0.3164556962025316,0.392156862745098,0.6250866893864027,0.6948354644046133,0.0
noBeta,2027,TA,0.3,start,5026,0.6657496561210454,0.5719241344428947,0.6336669511955262,0.4918032786885246,0.189873417721519,0.273972602739726,0.6533158766678098,0.6516440480027735,0.0
noBeta,2027,TA,0.3,middle,5026,0.6478679504814305,0.5624499363877623,0.6196159440923398,0.4705882352941176,0.2025316455696202,0.2831858407079646,0.6775847032444935,0.6272181336775595,0.0
noBeta,2027,TA,0.3,end,5026,0.6437414030261348,0.5638335160981199,0.6175397675968979,0.5373134328358209,0.2278481012658227,0.32,0.6911149086711569,0.6027681158450011,0.0
noBeta,2027,TA,0.3,random,5026,0.6698762035763411,0.5821227944204513,0.6405481018693626,0.5151515151515151,0.2151898734177215,0.3035714285714285,0.6618334941143896,0.6339542210259521,0.0
noBeta,2027,TA,0.3,random,5027,0.656121045392022,0.5698345736410192,0.6278448889881056,0.4782608695652174,0.2088607594936709,0.2907488986784141,0.6732294812154902,0.6232723483196865,0.0
noBeta,2027,TA,0.3,random,5028,0.6616231086657497,0.5855374973588194,0.6373079526445101,0.5492957746478874,0.2468354430379747,0.3406113537117904,0.6889518487089968,0.615086819720195,0.0
noBeta,2027,TV,0.3,start,5026,0.6657496561210454,0.572135728504832,0.6336454715309178,0.4918032786885246,0.189873417721519,0.273972602739726,0.6553643713079788,0.6498931993001874,0.0
noBeta,2027,TV,0.3,middle,5026,0.6533700137551581,0.5732351096179084,0.6281134018633567,0.4864864864864865,0.2278481012658227,0.3103448275862069,0.6798525475152419,0.6253916448215531,0.0
noBeta,2027,TV,0.3,end,5026,0.6464924346629987,0.5688053455043747,0.621605324947962,0.5428571428571428,0.240506329113924,0.3333333333333333,0.6941439582804135,0.601822180296373,0.0
noBeta,2027,TV,0.3,random,5026,0.6685006877579092,0.583018332767742,0.6409043834909551,0.5070422535211268,0.2278481012658227,0.314410480349345,0.6641615799949754,0.6323121692788864,0.0
noBeta,2027,TV,0.3,random,5027,0.6547455295735901,0.5683346714278618,0.6266496293382511,0.4714285714285714,0.2088607594936709,0.2894736842105263,0.675698521407879,0.6214043764350623,0.0
noBeta,2027,TV,0.3,random,5028,0.6629986244841816,0.5884487055102022,0.6392060443415603,0.5633802816901409,0.2531645569620253,0.3493449781659388,0.6914472205666631,0.6135416654656711,0.0
noBeta,2027,AV,0.3,start,5026,0.6946354883081155,0.6320277322016753,0.6787109956947022,0.5257731958762887,0.3227848101265823,0.4,0.6229919962125938,0.6961070156235064,0.0
noBeta,2027,AV,0.3,middle,5026,0.6932599724896836,0.6295990451787387,0.6768505902795295,0.5208333333333334,0.3164556962025316,0.3937007874015748,0.6235990663477435,0.6958968665366588,0.0
noBeta,2027,AV,0.3,end,5026,0.6932599724896836,0.6295990451787387,0.6768505902795295,0.5208333333333334,0.3164556962025316,0.3937007874015748,0.6234327429213988,0.695974179244506,0.0
noBeta,2027,AV,0.3,random,5026,0.6932599724896836,0.6295990451787387,0.6768505902795295,0.5208333333333334,0.3164556962025316,0.3937007874015748,0.6235698947285216,0.6961216667632754,0.0
noBeta,2027,AV,0.3,random,5027,0.6932599724896836,0.6295990451787387,0.6768505902795295,0.5208333333333334,0.3164556962025316,0.3937007874015748,0.6235152618171922,0.6960852429991397,0.0
noBeta,2027,AV,0.3,random,5028,0.6932599724896836,0.6295990451787387,0.6768505902795295,0.5208333333333334,0.3164556962025316,0.3937007874015748,0.6238270174135692,0.6958111646058327,0.0
noBeta,2027,TAV,0.3,start,5026,0.6671251719394773,0.5754933142975179,0.6365224465102947,0.4769230769230769,0.1962025316455696,0.2780269058295964,0.6534181064835367,0.651594722441895,0.0
noBeta,2027,TAV,0.3,middle,5026,0.6478679504814305,0.5653894073632,0.6219344135108132,0.4533333333333333,0.2151898734177215,0.2918454935622318,0.6790595753814891,0.6270295188895252,0.0
noBeta,2027,TAV,0.3,end,5026,0.6423658872077029,0.5620927692905592,0.6164363261906776,0.5217391304347826,0.2278481012658227,0.3171806167400881,0.6935583253106927,0.6027105099712523,0.0
noBeta,2027,TAV,0.3,random,5026,0.671251719394773,0.5876050425509273,0.6447054135058896,0.5068493150684932,0.2341772151898734,0.3203463203463203,0.6628352616749328,0.6343021197653755,0.0
noBeta,2027,TAV,0.3,random,5027,0.657496561210454,0.5757103571426608,0.6318109518109236,0.4864864864864865,0.2278481012658227,0.3103448275862069,0.6746151942029578,0.6221692132108521,0.0
noBeta,2027,TAV,0.3,random,5028,0.6616231086657497,0.5891180720147474,0.6391401670679139,0.5466666666666666,0.2594936708860759,0.351931330472103,0.6917008820222568,0.6125734366622178,0.0
noBeta,2028,none,0.0,none,0,0.6891334250343879,0.6145438677811016,0.6680430424515046,0.5,0.2658227848101265,0.3471074380165289,0.6182131694803696,0.7015020839436839,0.0
noBeta,2028,T,0.1,random,5026,0.6850068775790922,0.6067555902015315,0.659169297917705,0.5588235294117647,0.240506329113924,0.336283185840708,0.6256274980020625,0.6868891150572444,0.0
noBeta,2028,T,0.1,random,5027,0.6795048143053645,0.5998930871238134,0.6538597980993124,0.5211267605633803,0.2341772151898734,0.3231441048034934,0.6339393165451798,0.6678848525904879,0.0
noBeta,2028,T,0.1,random,5028,0.6795048143053645,0.6114157964570499,0.6591150556193179,0.5569620253164557,0.2784810126582278,0.3713080168776371,0.6326050287867039,0.6827981129728088,0.0
noBeta,2028,T,0.2,random,5026,0.6808803301237965,0.5927789677789678,0.6484020644955997,0.66,0.2088607594936709,0.3173076923076923,0.6459951975956891,0.6541250617178332,0.0
noBeta,2028,T,0.2,random,5027,0.671251719394773,0.586843549130056,0.641143166201468,0.559322033898305,0.2088607594936709,0.304147465437788,0.6494262663709256,0.650427798956585,0.0
noBeta,2028,T,0.2,random,5028,0.656121045392022,0.5745627602123254,0.6284918616697162,0.5396825396825397,0.2151898734177215,0.3076923076923077,0.6609435842796085,0.6516156103917807,0.0
noBeta,2028,T,0.3,start,5026,0.657496561210454,0.5462171426009018,0.6141746541363592,0.4878048780487805,0.1265822784810126,0.2010050251256281,0.6527143837838288,0.6594301291752559,0.0
noBeta,2028,T,0.3,middle,5026,0.6478679504814305,0.5426474127557159,0.6067424441807073,0.5238095238095238,0.1392405063291139,0.22,0.6718426308198404,0.6345720054037286,0.0
noBeta,2028,T,0.3,end,5026,0.6451169188445667,0.5464545653112782,0.6083685447462921,0.5208333333333334,0.1582278481012658,0.2427184466019417,0.6936758316667093,0.6016469538056749,0.0
noBeta,2028,T,0.3,random,5026,0.6629986244841816,0.5645369356212729,0.624645687916101,0.675,0.170886075949367,0.2727272727272727,0.6615917480718012,0.6308958460409485,0.0
noBeta,2028,T,0.3,random,5027,0.6478679504814305,0.5535580093015897,0.6140779459219795,0.5,0.1772151898734177,0.2616822429906542,0.6693113744344409,0.6274834321376087,0.0
noBeta,2028,T,0.3,random,5028,0.6354883081155434,0.5338029854043324,0.5967289274566617,0.4782608695652174,0.1392405063291139,0.2156862745098039,0.6816846002442876,0.6278889058731119,0.0
noBeta,2028,T,0.4,random,5026,0.6258596973865199,0.499572316159238,0.5740287939994408,0.4193548387096774,0.0822784810126582,0.1375661375661375,0.7073405126104176,0.5783755775001199,0.0
noBeta,2028,T,0.4,random,5027,0.6327372764786795,0.5149494046018482,0.5852351466803911,0.4444444444444444,0.1012658227848101,0.1649484536082474,0.712259235501022,0.5704023051702611,0.0
noBeta,2028,T,0.4,random,5028,0.6299862448418156,0.5081917756426473,0.5799598307502001,0.4242424242424242,0.0886075949367088,0.1465968586387434,0.7038755653655057,0.5937522772846291,0.0
noBeta,2028,T,0.5,random,5026,0.609353507565337,0.4708666482332825,0.5494345896578336,0.4736842105263157,0.0569620253164556,0.1016949152542373,0.729897594815522,0.5348022635600865,0.0
noBeta,2028,T,0.5,random,5027,0.6203576341127923,0.4923484858432269,0.565468665341662,0.5217391304347826,0.0759493670886076,0.1325966850828729,0.7185342498434539,0.551822962033146,0.0
noBeta,2028,T,0.5,random,5028,0.6354883081155434,0.4974959887556752,0.5756123090537534,0.4761904761904761,0.0632911392405063,0.1117318435754189,0.7174914081428818,0.5707048331169071,0.0
noBeta,2028,A,0.1,random,5026,0.6891334250343879,0.6145438677811016,0.6680430424515046,0.5,0.2658227848101265,0.3471074380165289,0.6181852247689291,0.7014994549505119,0.0
noBeta,2028,A,0.1,random,5027,0.6905089408528198,0.6173595597941558,0.6699897349094254,0.5058823529411764,0.2721518987341772,0.3539094650205761,0.6165892619817491,0.7025352726691522,0.0
noBeta,2028,A,0.1,random,5028,0.6891334250343879,0.6145438677811016,0.6680430424515046,0.5,0.2658227848101265,0.3471074380165289,0.6182565413433693,0.7015623896712954,0.0
noBeta,2028,A,0.2,random,5026,0.6891334250343879,0.6145438677811016,0.6680430424515046,0.5,0.2658227848101265,0.3471074380165289,0.6179791631261943,0.7016183941986268,0.0
noBeta,2028,A,0.2,random,5027,0.6891334250343879,0.6163517448044883,0.6688912540857064,0.5,0.2721518987341772,0.3524590163934426,0.6168758432643796,0.7025706412902939,0.0
noBeta,2028,A,0.2,random,5028,0.6891334250343879,0.6145438677811016,0.6680430424515046,0.5,0.2658227848101265,0.3471074380165289,0.6182353438734154,0.7015738252842764,0.0
noBeta,2028,A,0.3,start,5026,0.687757909215956,0.6135433937768618,0.666949347909894,0.4941176470588235,0.2658227848101265,0.345679012345679,0.6187703595413027,0.7012098485721461,0.0
noBeta,2028,A,0.3,middle,5026,0.6891334250343879,0.6145438677811016,0.6680430424515046,0.5,0.2658227848101265,0.3471074380165289,0.6178776256773727,0.7017328863619924,0.0
noBeta,2028,A,0.3,end,5026,0.6891334250343879,0.6163517448044883,0.6688912540857064,0.5,0.2721518987341772,0.3524590163934426,0.617089458627544,0.7024897096450191,0.0
noBeta,2028,A,0.3,random,5026,0.687757909215956,0.6135433937768618,0.666949347909894,0.4941176470588235,0.2658227848101265,0.345679012345679,0.6182552535013641,0.7015751301473195,0.0
noBeta,2028,A,0.3,random,5027,0.6891334250343879,0.6163517448044883,0.6688912540857064,0.5,0.2721518987341772,0.3524590163934426,0.6169594373852266,0.7025540779946307,0.0
noBeta,2028,A,0.3,random,5028,0.6891334250343879,0.6145438677811016,0.6680430424515046,0.5,0.2658227848101265,0.3471074380165289,0.6183345710263877,0.7015079873930187,0.0
noBeta,2028,A,0.4,random,5026,0.687757909215956,0.6135433937768618,0.666949347909894,0.4941176470588235,0.2658227848101265,0.345679012345679,0.6183971152509258,0.701460211250902,0.0
noBeta,2028,A,0.4,random,5027,0.6891334250343879,0.6163517448044883,0.6688912540857064,0.5,0.2721518987341772,0.3524590163934426,0.6171415061583913,0.7024986812142838,0.0
noBeta,2028,A,0.4,random,5028,0.6891334250343879,0.6145438677811016,0.6680430424515046,0.5,0.2658227848101265,0.3471074380165289,0.618335677373735,0.7015286373353644,0.0
noBeta,2028,A,0.5,random,5026,0.687757909215956,0.6135433937768618,0.666949347909894,0.4941176470588235,0.2658227848101265,0.345679012345679,0.6181656501657224,0.7016731006955281,0.0
noBeta,2028,A,0.5,random,5027,0.6891334250343879,0.6163517448044883,0.6688912540857064,0.5,0.2721518987341772,0.3524590163934426,0.6168772086793631,0.702733355541594,0.0
noBeta,2028,A,0.5,random,5028,0.687757909215956,0.6135433937768618,0.666949347909894,0.4941176470588235,0.2658227848101265,0.345679012345679,0.6186794134571189,0.7015651938759364,0.0
noBeta,2028,V,0.1,random,5026,0.6905089408528198,0.6173595597941558,0.6699897349094254,0.5058823529411764,0.2721518987341772,0.3539094650205761,0.6165695505708222,0.7022957523786392,0.0
noBeta,2028,V,0.1,random,5027,0.6905089408528198,0.6173595597941558,0.6699897349094254,0.5058823529411764,0.2721518987341772,0.3539094650205761,0.6164881621286431,0.7023514674711341,0.0
noBeta,2028,V,0.1,random,5028,0.6905089408528198,0.6173595597941558,0.6699897349094254,0.5058823529411764,0.2721518987341772,0.3539094650205761,0.6166453595193353,0.7022754473676482,0.0
noBeta,2028,V,0.2,random,5026,0.6905089408528198,0.6173595597941558,0.6699897349094254,0.5058823529411764,0.2721518987341772,0.3539094650205761,0.6164925283780146,0.7024817435423074,0.0
noBeta,2028,V,0.2,random,5027,0.6905089408528198,0.6173595597941558,0.6699897349094254,0.5058823529411764,0.2721518987341772,0.3539094650205761,0.6164848060765199,0.7024613056153078,0.0
noBeta,2028,V,0.2,random,5028,0.6905089408528198,0.6173595597941558,0.6699897349094254,0.5058823529411764,0.2721518987341772,0.3539094650205761,0.6165500630911128,0.7024633802251671,0.0
noBeta,2028,V,0.3,start,5026,0.6918844566712518,0.620159193991018,0.6719264687123397,0.5116279069767442,0.2784810126582278,0.360655737704918,0.6164746887570256,0.7022854551981197,0.0
noBeta,2028,V,0.3,middle,5026,0.6918844566712518,0.620159193991018,0.6719264687123397,0.5116279069767442,0.2784810126582278,0.360655737704918,0.6165420252940287,0.7024188073236872,0.0
noBeta,2028,V,0.3,end,5026,0.6918844566712518,0.620159193991018,0.6719264687123397,0.5116279069767442,0.2784810126582278,0.360655737704918,0.6165061405842814,0.7025049491859389,0.0
noBeta,2028,V,0.3,random,5026,0.6918844566712518,0.620159193991018,0.6719264687123397,0.5116279069767442,0.2784810126582278,0.360655737704918,0.6164483069371336,0.7025769617993936,0.0
noBeta,2028,V,0.3,random,5027,0.6918844566712518,0.620159193991018,0.6719264687123397,0.5116279069767442,0.2784810126582278,0.360655737704918,0.6163985612673684,0.7025249210704352,0.0
noBeta,2028,V,0.3,random,5028,0.6918844566712518,0.620159193991018,0.6719264687123397,0.5116279069767442,0.2784810126582278,0.360655737704918,0.6163408829413292,0.7026197786102846,0.0
noBeta,2028,V,0.4,random,5026,0.6918844566712518,0.6200043888523151,0.6721082881393229,0.5057471264367817,0.2784810126582278,0.3591836734693877,0.6160067025729636,0.7028678950029672,0.0
noBeta,2028,V,0.4,random,5027,0.6918844566712518,0.6200043888523151,0.6721082881393229,0.5057471264367817,0.2784810126582278,0.3591836734693877,0.6159663139774881,0.7028422690070533,0.0
noBeta,2028,V,0.4,random,5028,0.6918844566712518,0.6200043888523151,0.6721082881393229,0.5057471264367817,0.2784810126582278,0.3591836734693877,0.6157995016439213,0.7030019384766817,0.0
noBeta,2028,V,0.5,random,5026,0.6918844566712518,0.6200043888523151,0.6721082881393229,0.5057471264367817,0.2784810126582278,0.3591836734693877,0.6162206370782234,0.7028461101082499,0.0
noBeta,2028,V,0.5,random,5027,0.6918844566712518,0.6200043888523151,0.6721082881393229,0.5057471264367817,0.2784810126582278,0.3591836734693877,0.6160932310025163,0.7028754473680017,0.0
noBeta,2028,V,0.5,random,5028,0.6918844566712518,0.6200043888523151,0.6721082881393229,0.5057471264367817,0.2784810126582278,0.3591836734693877,0.6159100989161211,0.7030165246303112,0.0
noBeta,2028,TA,0.3,start,5026,0.656121045392022,0.5476798788396047,0.6141652978666609,0.5,0.1329113924050632,0.21,0.6532890770180838,0.6586231797729999,0.0
noBeta,2028,TA,0.3,middle,5026,0.6437414030261348,0.5399862484292387,0.6039776237425307,0.4782608695652174,0.1392405063291139,0.2156862745098039,0.6726061228121405,0.63450401453395,0.0
noBeta,2028,TA,0.3,end,5026,0.6396148555708391,0.537679257361617,0.6013945408259683,0.4893617021276595,0.1455696202531645,0.224390243902439,0.6945875068841256,0.6027973704679639,0.0
noBeta,2028,TA,0.3,random,5026,0.6616231086657497,0.5613117744914186,0.6222882228724989,0.6666666666666666,0.1645569620253164,0.2639593908629442,0.6613055460837507,0.6317438756062869,0.0
noBeta,2028,TA,0.3,random,5027,0.6506189821182944,0.5539820366621484,0.6156380090211112,0.4909090909090909,0.170886075949367,0.2535211267605634,0.6680118039129862,0.6316865174177382,0.0
noBeta,2028,TA,0.3,random,5028,0.6354883081155434,0.5338029854043324,0.5967289274566617,0.4782608695652174,0.1392405063291139,0.2156862745098039,0.6823065367409473,0.6281005600216689,0.0
noBeta,2028,TV,0.3,start,5026,0.6588720770288858,0.5495249795249796,0.6165918976372896,0.5,0.1329113924050632,0.21,0.6525267783021216,0.658947375152784,0.0
noBeta,2028,TV,0.3,middle,5026,0.6437414030261348,0.5376570960458751,0.6023870801937348,0.4883720930232558,0.1329113924050632,0.208955223880597,0.6735172257500791,0.6333626765614463,0.0
noBeta,2028,TV,0.3,end,5026,0.6423658872077029,0.5426123678550864,0.6050274264373969,0.5,0.1518987341772152,0.233009708737864,0.6950384620960783,0.6014184566664446,0.0
noBeta,2028,TV,0.3,random,5026,0.6616231086657497,0.5613117744914186,0.6222882228724989,0.6666666666666666,0.1645569620253164,0.2639593908629442,0.6624650692511952,0.6308079122252069,0.0
noBeta,2028,TV,0.3,random,5027,0.6464924346629987,0.5483841982148543,0.6106247646473043,0.490566037735849,0.1645569620253164,0.2464454976303317,0.669730371779167,0.6274149911750364,0.0
noBeta,2028,TV,0.3,random,5028,0.6354883081155434,0.5313887387886884,0.5955889434452265,0.4666666666666667,0.1329113924050632,0.2068965517241379,0.6816705671266445,0.6285162798375756,0.0
noBeta,2028,AV,0.3,start,5026,0.687757909215956,0.6134067941543799,0.6671428322727301,0.4883720930232558,0.2658227848101265,0.3442622950819672,0.6183454011431262,0.7015721216373559,0.0
noBeta,2028,AV,0.3,middle,5026,0.6918844566712518,0.620159193991018,0.6719264687123397,0.5116279069767442,0.2784810126582278,0.360655737704918,0.6162901568012162,0.7026551271909047,0.0
noBeta,2028,AV,0.3,end,5026,0.6891334250343879,0.6162078481931844,0.669079980851979,0.4942528735632184,0.2721518987341772,0.3510204081632653,0.6165245633634157,0.7031061108496883,0.0
noBeta,2028,AV,0.3,random,5026,0.6891334250343879,0.6162078481931844,0.669079980851979,0.4942528735632184,0.2721518987341772,0.3510204081632653,0.6160901104473696,0.7029082060833581,0.0
noBeta,2028,AV,0.3,random,5027,0.6891334250343879,0.6162078481931844,0.669079980851979,0.4942528735632184,0.2721518987341772,0.3510204081632653,0.6162919218317178,0.7032087585062281,0.0
noBeta,2028,AV,0.3,random,5028,0.6891334250343879,0.6144036088306254,0.6682343459131775,0.4941176470588235,0.2658227848101265,0.345679012345679,0.6176375731584572,0.7022266243381621,0.0
noBeta,2028,TAV,0.3,start,5026,0.657496561210454,0.5485423798417338,0.6151575945742297,0.5121951219512195,0.1329113924050632,0.2110552763819095,0.6535685051355045,0.6579962549369139,0.0
noBeta,2028,TAV,0.3,middle,5026,0.6464924346629987,0.5415503998243225,0.6057460731083829,0.5116279069767442,0.1392405063291139,0.2189054726368159,0.6729871436543423,0.6338651545210199,0.0
noBeta,2028,TAV,0.3,end,5026,0.6423658872077029,0.544204284822973,0.6060041125631458,0.5102040816326531,0.1582278481012658,0.2415458937198067,0.6953699662095841,0.6025634461038941,0.0
noBeta,2028,TAV,0.3,random,5026,0.6629986244841816,0.5645369356212729,0.624645687916101,0.675,0.170886075949367,0.2727272727272727,0.661817852534392,0.6316178856590201,0.0
noBeta,2028,TAV,0.3,random,5027,0.6464924346629987,0.5487838089982001,0.6111827742625341,0.4727272727272727,0.1645569620253164,0.244131455399061,0.6693081180775594,0.6298372386662673,0.0
noBeta,2028,TAV,0.3,random,5028,0.6382393397524071,0.5356416255021007,0.5991480564937859,0.4782608695652174,0.1392405063291139,0.2156862745098039,0.6817724938221845,0.6290997034495873,0.0
noBeta,2029,none,0.0,none,0,0.6973865199449794,0.5982993183262084,0.6609036624841801,0.5686274509803921,0.1835443037974683,0.277511961722488,0.6251670952032419,0.7047602295880748,0.0
noBeta,2029,T,0.1,random,5026,0.6891334250343879,0.57866123876927,0.6462869660510141,0.5476190476190477,0.1455696202531645,0.23,0.633531538062133,0.6937730009877664,0.0
noBeta,2029,T,0.1,random,5027,0.671251719394773,0.5564580153537209,0.6257836702963748,0.5405405405405406,0.1265822784810126,0.2051282051282051,0.644440458359068,0.6707612851621876,0.0
noBeta,2029,T,0.1,random,5028,0.6740027510316369,0.5800056343287994,0.6398215798983233,0.5769230769230769,0.189873417721519,0.2857142857142857,0.6513691362542818,0.6740769889079443,0.0
noBeta,2029,T,0.2,random,5026,0.6685006877579092,0.5609515652757886,0.627147790664136,0.5853658536585366,0.1518987341772152,0.2412060301507537,0.661342020686044,0.6530508262874217,0.0
noBeta,2029,T,0.2,random,5027,0.6533700137551581,0.5375112007647148,0.6073801581835844,0.4864864864864865,0.1139240506329113,0.1846153846153846,0.6674679789551062,0.6533949570355513,0.0
noBeta,2029,T,0.2,random,5028,0.6533700137551581,0.5494009158494513,0.6145134064158955,0.5217391304347826,0.1518987341772152,0.2352941176470588,0.6780964536637859,0.6449929406024015,0.0
noBeta,2029,T,0.3,start,5026,0.6616231086657497,0.536913010047478,0.6119431537864829,0.4848484848484848,0.1012658227848101,0.1675392670157068,0.6641364806407207,0.6618331272495906,0.0
noBeta,2029,T,0.3,middle,5026,0.6423658872077029,0.5183755032581309,0.5913063906600321,0.4516129032258064,0.0886075949367088,0.1481481481481481,0.6834881788543399,0.6363388657869764,0.0
noBeta,2029,T,0.3,end,5026,0.6354883081155434,0.5214770451369435,0.5897431474916087,0.5151515151515151,0.1075949367088607,0.1780104712041884,0.6979242118318075,0.6042776206270924,0.0
noBeta,2029,T,0.3,random,5026,0.6602475928473177,0.5433354824844187,0.6127853618865939,0.6333333333333333,0.120253164556962,0.202127659574468,0.6694470604130112,0.6448037708304827,0.0
noBeta,2029,T,0.3,random,5027,0.6423658872077029,0.5240152628831065,0.5935850748924727,0.5517241379310345,0.1012658227848101,0.1711229946524064,0.6838529781613518,0.6309306853730781,0.0
noBeta,2029,T,0.3,random,5028,0.6396148555708391,0.5267758447522946,0.5946424884163976,0.5,0.1139240506329113,0.1855670103092783,0.7009634186352777,0.6217383477650231,0.0
noBeta,2029,T,0.4,random,5026,0.6368638239339752,0.5116075864170284,0.5848711495856765,0.5,0.0886075949367088,0.1505376344086021,0.7061599769239052,0.5974514164075563,0.0
noBeta,2029,T,0.4,random,5027,0.6299862448418156,0.5101516205724973,0.5802804587785861,0.5357142857142857,0.0949367088607595,0.1612903225806451,0.7240247845121531,0.5747493275231522,0.0
noBeta,2029,T,0.4,random,5028,0.624484181568088,0.5046082186598572,0.5757268681032731,0.46875,0.0949367088607595,0.1578947368421052,0.7195783949025524,0.5820569853299336,0.0
noBeta,2029,T,0.5,random,5026,0.6148555708390646,0.481698528186419,0.5584657032931811,0.4782608695652174,0.0696202531645569,0.1215469613259668,0.7348029810753047,0.56308759497718,0.0
noBeta,2029,T,0.5,random,5027,0.6217331499312242,0.5024747500165956,0.572268314636356,0.5172413793103449,0.0949367088607595,0.160427807486631,0.7367074001612725,0.5485321497507186,0.0
noBeta,2029,T,0.5,random,5028,0.6272352132049519,0.4981360320580999,0.5728642342789785,0.4615384615384615,0.0759493670886076,0.1304347826086956,0.7338437503319044,0.561533237388639,0.0
noBeta,2029,A,0.1,random,5026,0.6987620357634112,0.599699858116317,0.6620100721067355,0.58,0.1835443037974683,0.2788461538461538,0.6251055062159,0.7045146543158206,0.0
noBeta,2029,A,0.1,random,5027,0.6987620357634112,0.599699858116317,0.6620100721067355,0.58,0.1835443037974683,0.2788461538461538,0.6248993464371305,0.7047358178799276,0.0
noBeta,2029,A,0.1,random,5028,0.6987620357634112,0.599699858116317,0.6620100721067355,0.58,0.1835443037974683,0.2788461538461538,0.6252555348218415,0.7046208344853853,0.0
noBeta,2029,A,0.2,random,5026,0.7001375515818432,0.6027738937259931,0.6642912615913137,0.5882352941176471,0.189873417721519,0.2870813397129186,0.624466408813018,0.7045353373650788,0.0
noBeta,2029,A,0.2,random,5027,0.6987620357634112,0.599699858116317,0.6620100721067355,0.58,0.1835443037974683,0.2788461538461538,0.6247081941158712,0.7048587582446321,0.0
noBeta,2029,A,0.2,random,5028,0.6987620357634112,0.599699858116317,0.6620100721067355,0.58,0.1835443037974683,0.2788461538461538,0.6250775337505239,0.7047173679063652,0.0
noBeta,2029,A,0.3,start,5026,0.6987620357634112,0.599699858116317,0.6620100721067355,0.58,0.1835443037974683,0.2788461538461538,0.625571477124718,0.7040813891667234,0.0
noBeta,2029,A,0.3,middle,5026,0.6987620357634112,0.599699858116317,0.6620100721067355,0.58,0.1835443037974683,0.2788461538461538,0.6247588968230161,0.7048293111433904,0.0
noBeta,2029,A,0.3,end,5026,0.6987620357634112,0.599699858116317,0.6620100721067355,0.58,0.1835443037974683,0.2788461538461538,0.6251693053642791,0.7042966016817815,0.0
noBeta,2029,A,0.3,random,5026,0.7001375515818432,0.6027738937259931,0.6642912615913137,0.5882352941176471,0.189873417721519,0.2870813397129186,0.6244967268126865,0.7045001915348893,0.0
noBeta,2029,A,0.3,random,5027,0.6987620357634112,0.599699858116317,0.6620100721067355,0.58,0.1835443037974683,0.2788461538461538,0.6244820734371016,0.7048936215776924,0.0
noBeta,2029,A,0.3,random,5028,0.7001375515818432,0.6027738937259931,0.6642912615913137,0.5882352941176471,0.189873417721519,0.2870813397129186,0.6242597386249717,0.7049502281774255,0.0
noBeta,2029,A,0.4,random,5026,0.7001375515818432,0.6027738937259931,0.6642912615913137,0.5882352941176471,0.189873417721519,0.2870813397129186,0.6242956378349117,0.7045719664005343,0.0
noBeta,2029,A,0.4,random,5027,0.6987620357634112,0.599699858116317,0.6620100721067355,0.58,0.1835443037974683,0.2788461538461538,0.6240936681743848,0.7050517426790881,0.0
noBeta,2029,A,0.4,random,5028,0.7001375515818432,0.6027738937259931,0.6642912615913137,0.5882352941176471,0.189873417721519,0.2870813397129186,0.6241430236699731,0.7048901191759517,0.0
noBeta,2029,A,0.5,random,5026,0.6987620357634112,0.599699858116317,0.6620100721067355,0.58,0.1835443037974683,0.2788461538461538,0.6250771588378031,0.7045511168402656,0.0
noBeta,2029,A,0.5,random,5027,0.6987620357634112,0.599699858116317,0.6620100721067355,0.58,0.1835443037974683,0.2788461538461538,0.6241443389907982,0.7049221215421262,0.0
noBeta,2029,A,0.5,random,5028,0.6973865199449794,0.5966001195304352,0.6597128141744747,0.5714285714285714,0.1772151898734177,0.2705314009661835,0.624866825754527,0.7047755186154543,0.0
noBeta,2029,V,0.1,random,5026,0.6960110041265475,0.5973555038358346,0.6598645985391793,0.5576923076923077,0.1835443037974683,0.2761904761904762,0.6244796771848218,0.7049000967494563,0.0
noBeta,2029,V,0.1,random,5027,0.6960110041265475,0.5973555038358346,0.6598645985391793,0.5576923076923077,0.1835443037974683,0.2761904761904762,0.625112603778173,0.7044797344739745,0.0
noBeta,2029,V,0.1,random,5028,0.6960110041265475,0.5973555038358346,0.6598645985391793,0.5576923076923077,0.1835443037974683,0.2761904761904762,0.6245649424330103,0.7049906105891351,0.0
noBeta,2029,V,0.2,random,5026,0.6946354883081155,0.5940605139304135,0.6576059437925439,0.5490196078431373,0.1772151898734177,0.2679425837320574,0.624656369847823,0.7048469316033718,0.0
noBeta,2029,V,0.2,random,5027,0.6960110041265475,0.5973555038358346,0.6598645985391793,0.5576923076923077,0.1835443037974683,0.2761904761904762,0.6249961896640445,0.7043556204321768,0.0
noBeta,2029,V,0.2,random,5028,0.6946354883081155,0.5940605139304135,0.6576059437925439,0.5490196078431373,0.1772151898734177,0.2679425837320574,0.6250197580718114,0.7048824086169607,0.0
noBeta,2029,V,0.3,start,5026,0.6946354883081155,0.5940605139304135,0.6576059437925439,0.5490196078431373,0.1772151898734177,0.2679425837320574,0.6248639616650774,0.7044205729585725,0.0
noBeta,2029,V,0.3,middle,5026,0.6960110041265475,0.5973555038358346,0.6598645985391793,0.5576923076923077,0.1835443037974683,0.2761904761904762,0.6243029181986938,0.704863966779463,0.0
noBeta,2029,V,0.3,end,5026,0.6960110041265475,0.5971385671385672,0.6598895692705872,0.5576923076923077,0.1835443037974683,0.2761904761904762,0.624109711844215,0.7047972946074116,0.0
noBeta,2029,V,0.3,random,5026,0.6946354883081155,0.5940605139304135,0.6576059437925439,0.5490196078431373,0.1772151898734177,0.2679425837320574,0.6236635647362385,0.7051563280051114,0.0
noBeta,2029,V,0.3,random,5027,0.6946354883081155,0.5940605139304135,0.6576059437925439,0.5490196078431373,0.1772151898734177,0.2679425837320574,0.624912238998146,0.704319382190848,0.0
noBeta,2029,V,0.3,random,5028,0.6946354883081155,0.5940605139304135,0.6576059437925439,0.5490196078431373,0.1772151898734177,0.2679425837320574,0.6247600913998864,0.704722818202681,0.0
noBeta,2029,V,0.4,random,5026,0.6946354883081155,0.5918780061126696,0.6563304173646513,0.5510204081632653,0.170886075949367,0.2608695652173913,0.6232323844147208,0.7053657248528754,0.0
noBeta,2029,V,0.4,random,5027,0.6960110041265475,0.5949932284096873,0.6586377705913803,0.56,0.1772151898734177,0.2692307692307692,0.6240590713640116,0.7044134481784738,0.0
noBeta,2029,V,0.4,random,5028,0.6960110041265475,0.5949932284096873,0.6586377705913803,0.56,0.1772151898734177,0.2692307692307692,0.6242469425448965,0.7047265446839578,0.0
noBeta,2029,V,0.5,random,5026,0.6960110041265475,0.5949932284096873,0.6586377705913803,0.56,0.1772151898734177,0.2692307692307692,0.6228810154878808,0.7052550559082558,0.0
noBeta,2029,V,0.5,random,5027,0.6960110041265475,0.5949932284096873,0.6586377705913803,0.56,0.1772151898734177,0.2692307692307692,0.623855868164183,0.7043789267912302,0.0
noBeta,2029,V,0.5,random,5028,0.6946354883081155,0.5918780061126696,0.6563304173646513,0.5510204081632653,0.170886075949367,0.2608695652173913,0.6244041183149742,0.7045555414638864,0.0
noBeta,2029,TA,0.3,start,5026,0.6616231086657497,0.5344649243018168,0.6104457467134927,0.4838709677419355,0.0949367088607595,0.1587301587301587,0.6645080911171782,0.661462005955837,0.0
noBeta,2029,TA,0.3,middle,5026,0.640990371389271,0.5171482309424958,0.5901265525371282,0.4516129032258064,0.0886075949367088,0.1481481481481481,0.6846815902060714,0.6339273074268257,0.0
noBeta,2029,TA,0.3,end,5026,0.6341127922971114,0.5177976947233587,0.5872465930256139,0.5,0.1012658227848101,0.1684210526315789,0.6976627210784591,0.6049050829349849,0.0
noBeta,2029,TA,0.3,random,5026,0.6588720770288858,0.5422385162187653,0.6120653110072446,0.59375,0.120253164556962,0.2,0.6694248458978331,0.644274695257089,0.0
noBeta,2029,TA,0.3,random,5027,0.6423658872077029,0.5212479156262432,0.5922102825701697,0.5357142857142857,0.0949367088607595,0.1612903225806451,0.6839623969008899,0.6312696880548447,0.0
noBeta,2029,TA,0.3,random,5028,0.6382393397524071,0.5231441913836967,0.5929314821704545,0.4473684210526316,0.1075949367088607,0.173469387755102,0.7007423798821945,0.6226265254097453,0.0
noBeta,2029,TV,0.3,start,5026,0.6602475928473177,0.531071487404721,0.6078047447802829,0.4666666666666667,0.0886075949367088,0.1489361702127659,0.6634392374823549,0.663243850481104,0.0
noBeta,2029,TV,0.3,middle,5026,0.6396148555708391,0.516313350557657,0.5886582766098698,0.4666666666666667,0.0886075949367088,0.1489361702127659,0.6830446253570208,0.6349675304012781,0.0
noBeta,2029,TV,0.3,end,5026,0.6354883081155434,0.5216530276382941,0.5899559602687898,0.5,0.1075949367088607,0.1770833333333333,0.697218927784525,0.6052611662153542,0.0
noBeta,2029,TV,0.3,random,5026,0.657496561210454,0.5389813023855577,0.6092662053234502,0.6,0.1139240506329113,0.1914893617021276,0.6704018327817918,0.6456486628214197,0.0
noBeta,2029,TV,0.3,random,5027,0.6423658872077029,0.5238259332969366,0.5933613411071558,0.5714285714285714,0.1012658227848101,0.1720430107526881,0.6847276785268349,0.6300079532895787,0.0
noBeta,2029,TV,0.3,random,5028,0.6368638239339752,0.5223274545226948,0.5912096136029236,0.4722222222222222,0.1075949367088607,0.1752577319587628,0.701763320311519,0.6209404834874118,0.0
noBeta,2029,AV,0.3,start,5026,0.6973865199449794,0.5980825995610147,0.660928958764738,0.5686274509803921,0.1835443037974683,0.277511961722488,0.6251277449246688,0.7036719122784589,0.0
noBeta,2029,AV,0.3,middle,5026,0.6960110041265475,0.5952107665364105,0.6586136982814155,0.56,0.1772151898734177,0.2692307692307692,0.6237440477154066,0.7049316086009099,0.0
noBeta,2029,AV,0.3,end,5026,0.6987620357634112,0.5994822177406447,0.6620345811519328,0.58,0.1835443037974683,0.2788461538461538,0.6239802001099775,0.704352128115758,0.0
noBeta,2029,AV,0.3,random,5026,0.6973865199449794,0.5963816597932334,0.6597360992490789,0.5714285714285714,0.1772151898734177,0.2705314009661835,0.623113941537675,0.7048673540013901,0.0
noBeta,2029,AV,0.3,random,5027,0.6973865199449794,0.5963816597932334,0.6597360992490789,0.5714285714285714,0.1772151898734177,0.2705314009661835,0.6237094417342824,0.7044989366476636,0.0
noBeta,2029,AV,0.3,random,5028,0.6973865199449794,0.5963816597932334,0.6597360992490789,0.5714285714285714,0.1772151898734177,0.2705314009661835,0.6242634639495487,0.7048552503362207,0.0
noBeta,2029,TAV,0.3,start,5026,0.6602475928473177,0.5308365200369966,0.607550355797266,0.4827586206896552,0.0886075949367088,0.1497326203208556,0.6644019615134031,0.6620352063180223,0.0
noBeta,2029,TAV,0.3,middle,5026,0.6396148555708391,0.5160715312517969,0.5883980347333422,0.4827586206896552,0.0886075949367088,0.1497326203208556,0.6836898027846773,0.6337762939598036,0.0
noBeta,2029,TAV,0.3,end,5026,0.6354883081155434,0.521834377994039,0.5901727106840846,0.4857142857142857,0.1075949367088607,0.1761658031088082,0.696801869855029,0.6060033774198664,0.0
noBeta,2029,TAV,0.3,random,5026,0.656121045392022,0.5352744397867094,0.6064899195548956,0.6071428571428571,0.1075949367088607,0.1827956989247312,0.6700751225413782,0.6452679378589482,0.0
noBeta,2029,TAV,0.3,random,5027,0.6437414030261348,0.5248321450169242,0.5945471804122369,0.5714285714285714,0.1012658227848101,0.1720430107526881,0.6845514455689049,0.6302238920999219,0.0
noBeta,2029,TAV,0.3,random,5028,0.6368638239339752,0.5225271353581299,0.591440756548171,0.4594594594594595,0.1075949367088607,0.1743589743589743,0.7017816384081382,0.6216858973548984,0.0
noBeta,2030,none,0.0,none,0,0.6795048143053645,0.5677122067878563,0.6364774151636201,0.5121951219512195,0.1329113924050632,0.2110552763819095,0.617732751288379,0.68725843270662,0.0
noBeta,2030,T,0.1,random,5026,0.6698762035763411,0.5500748887414149,0.6230147735659373,0.4473684210526316,0.1075949367088607,0.173469387755102,0.636556242455167,0.6754363640964088,0.0
noBeta,2030,T,0.1,random,5027,0.6698762035763411,0.5499975189287695,0.6221425695099687,0.4857142857142857,0.1075949367088607,0.1761658031088082,0.6503299035748022,0.6466881748734887,0.0
noBeta,2030,T,0.1,random,5028,0.6671251719394773,0.560913672299484,0.6258715019364235,0.6388888888888888,0.1455696202531645,0.2371134020618556,0.6414050271597233,0.6643085661968756,0.0
noBeta,2030,T,0.2,random,5026,0.672627235213205,0.559394863971523,0.6290375181419849,0.5526315789473685,0.1329113924050632,0.2142857142857142,0.6653624795458939,0.634314799755023,0.0
noBeta,2030,T,0.2,random,5027,0.6519944979367263,0.5291896864586284,0.6036107283274698,0.4411764705882353,0.0949367088607595,0.15625,0.6723917042918558,0.6293344605849278,0.0
noBeta,2030,T,0.2,random,5028,0.6451169188445667,0.5296607992235843,0.5998996298969747,0.5625,0.1139240506329113,0.1894736842105263,0.6665593573664855,0.6355201814599285,0.0
noBeta,2030,T,0.3,start,5026,0.657496561210454,0.5283490125450895,0.6048679280578985,0.4642857142857143,0.0822784810126582,0.1397849462365591,0.6779267821624966,0.6430247653410015,0.0
noBeta,2030,T,0.3,middle,5026,0.6354883081155434,0.5119471240995004,0.5850521688973211,0.4333333333333333,0.0822784810126582,0.1382978723404255,0.6882280254728345,0.6233950266615371,0.0
noBeta,2030,T,0.3,end,5026,0.6341127922971114,0.5029074968688495,0.5805049612337853,0.4230769230769231,0.0696202531645569,0.1195652173913043,0.7052154699930747,0.5845784684353758,0.0
noBeta,2030,T,0.3,random,5026,0.6643741403026134,0.5499986031262789,0.6194423494194795,0.5882352941176471,0.1265822784810126,0.2083333333333333,0.6809532117293523,0.6200470236758172,0.0
noBeta,2030,T,0.3,random,5027,0.6327372764786795,0.5017516717461351,0.5787072878738568,0.4583333333333333,0.0696202531645569,0.1208791208791208,0.6966677513122289,0.6027044725661105,0.0
noBeta,2030,T,0.3,random,5028,0.6327372764786795,0.5116610515154231,0.5835636429731907,0.4827586206896552,0.0886075949367088,0.1497326203208556,0.6981153781655317,0.6083064204490094,0.0
noBeta,2030,T,0.4,random,5026,0.6423658872077029,0.5134844322344323,0.5883785918345753,0.5416666666666666,0.0822784810126582,0.1428571428571428,0.7146830948406422,0.5804973177394199,0.0
noBeta,2030,T,0.4,random,5027,0.6203576341127923,0.4987370485026454,0.5705354952958217,0.4333333333333333,0.0822784810126582,0.1382978723404255,0.7314888672291282,0.5546110230870503,0.0
noBeta,2030,T,0.4,random,5028,0.6162310866574966,0.488066455325942,0.5629243443795849,0.4583333333333333,0.0696202531645569,0.1208791208791208,0.7228339887418554,0.5767282646676074,0.0
noBeta,2030,T,0.5,random,5026,0.6038514442916093,0.4683018867924528,0.5467888193921777,0.4090909090909091,0.0569620253164556,0.1,0.7473082034610725,0.5317974439394513,0.0
noBeta,2030,T,0.5,random,5027,0.6079779917469051,0.4771030307529298,0.5530538425740377,0.3461538461538461,0.0569620253164556,0.0978260869565217,0.7478512992898098,0.5315572109677391,0.0
noBeta,2030,T,0.5,random,5028,0.6148555708390646,0.4755299473609333,0.5547168216250108,0.4444444444444444,0.050632911392405,0.0909090909090909,0.7407604266935887,0.5524832839907754,0.0
noBeta,2030,A,0.1,random,5026,0.6822558459422283,0.5696117173114752,0.6386930330339345,0.525,0.1329113924050632,0.2121212121212121,0.61669713194515,0.6877152521031912,0.0
noBeta,2030,A,0.1,random,5027,0.6795048143053645,0.5677122067878563,0.6364774151636201,0.5121951219512195,0.1329113924050632,0.2110552763819095,0.6175510178102263,0.6875424980571986,0.0
noBeta,2030,A,0.1,random,5028,0.6808803301237965,0.5687372960943717,0.6376859208593036,0.5121951219512195,0.1329113924050632,0.2110552763819095,0.6173834662547698,0.6874343464484548,0.0
noBeta,2030,A,0.2,random,5026,0.6822558459422283,0.5696117173114752,0.6386930330339345,0.525,0.1329113924050632,0.2121212121212121,0.6167430767215923,0.6877115690717779,0.0
noBeta,2030,A,0.2,random,5027,0.6808803301237965,0.5687372960943717,0.6376859208593036,0.5121951219512195,0.1329113924050632,0.2110552763819095,0.617223412503527,0.687670383154441,0.0
noBeta,2030,A,0.2,random,5028,0.6822558459422283,0.5696117173114752,0.6386930330339345,0.525,0.1329113924050632,0.2121212121212121,0.6174879934088773,0.6871997499401628,0.0
noBeta,2030,A,0.3,start,5026,0.6808803301237965,0.5687372960943717,0.6376859208593036,0.5121951219512195,0.1329113924050632,0.2110552763819095,0.6170220060846984,0.6876587024346806,0.0
noBeta,2030,A,0.3,middle,5026,0.6836313617606602,0.5704884231846475,0.6397005214303452,0.5384615384615384,0.1329113924050632,0.2131979695431472,0.616344936151536,0.6882042756619416,0.0
noBeta,2030,A,0.3,end,5026,0.6795048143053645,0.5626943744196214,0.6338018856200759,0.5,0.120253164556962,0.1938775510204081,0.6191398622847445,0.6863681256804727,0.0
noBeta,2030,A,0.3,random,5026,0.6822558459422283,0.5696117173114752,0.6386930330339345,0.525,0.1329113924050632,0.2121212121212121,0.6166073419664643,0.688011130442165,0.0
noBeta,2030,A,0.3,random,5027,0.6795048143053645,0.5652209522832351,0.6352912429184615,0.5,0.1265822784810126,0.202020202020202,0.6173951973601463,0.687559741303074,0.0
noBeta,2030,A,0.3,random,5028,0.6836313617606602,0.5704884231846475,0.6397005214303452,0.5384615384615384,0.1329113924050632,0.2131979695431472,0.6169229263029443,0.6874924585270438,0.0
noBeta,2030,A,0.4,random,5026,0.6836313617606602,0.5731132844051853,0.6410785099319566,0.5365853658536586,0.1392405063291139,0.2211055276381909,0.6168587557297995,0.6880240679296918,0.0
noBeta,2030,A,0.4,random,5027,0.6822558459422283,0.5696117173114752,0.6386930330339345,0.525,0.1329113924050632,0.2121212121212121,0.6166504354722313,0.6879605608120032,0.0
noBeta,2030,A,0.4,random,5028,0.6836313617606602,0.5704884231846475,0.6397005214303452,0.5384615384615384,0.1329113924050632,0.2131979695431472,0.6166586245426403,0.687525865940033,0.0
noBeta,2030,A,0.5,random,5026,0.6850068775790922,0.5740033026657231,0.6420946779316836,0.55,0.1392405063291139,0.2222222222222222,0.6160388882821329,0.6887226214812778,0.0
noBeta,2030,A,0.5,random,5027,0.6850068775790922,0.5713674739745382,0.6407084295876182,0.5526315789473685,0.1329113924050632,0.2142857142857142,0.6160603256003061,0.688607979302291,0.0
noBeta,2030,A,0.5,random,5028,0.6850068775790922,0.5713674739745382,0.6407084295876182,0.5526315789473685,0.1329113924050632,0.2142857142857142,0.6155536323848367,0.68849518948606,0.0
noBeta,2030,V,0.1,random,5026,0.6808803301237965,0.5687372960943717,0.6376859208593036,0.5121951219512195,0.1329113924050632,0.2110552763819095,0.6173481194132946,0.6874234803747921,0.0
noBeta,2030,V,0.1,random,5027,0.6795048143053645,0.5677122067878563,0.6364774151636201,0.5121951219512195,0.1329113924050632,0.2110552763819095,0.6179530719918305,0.6869252696630742,0.0
noBeta,2030,V,0.1,random,5028,0.6808803301237965,0.5687372960943717,0.6376859208593036,0.5121951219512195,0.1329113924050632,0.2110552763819095,0.61788638833184,0.6871679435156683,0.0
noBeta,2030,V,0.2,random,5026,0.6808803301237965,0.5687372960943717,0.6376859208593036,0.5121951219512195,0.1329113924050632,0.2110552763819095,0.6171701120827927,0.6874023876782879,0.0
noBeta,2030,V,0.2,random,5027,0.6808803301237965,0.5687372960943717,0.6376859208593036,0.5121951219512195,0.1329113924050632,0.2110552763819095,0.6179642398472028,0.68679005178155,0.0
noBeta,2030,V,0.2,random,5028,0.6808803301237965,0.5687372960943717,0.6376859208593036,0.5121951219512195,0.1329113924050632,0.2110552763819095,0.6181064616347979,0.6869116501442403,0.0
noBeta,2030,V,0.3,start,5026,0.6795048143053645,0.5653943738084174,0.635227518613419,0.5,0.1265822784810126,0.202020202020202,0.6184863494579353,0.6864849962671823,0.0
noBeta,2030,V,0.3,middle,5026,0.6795048143053645,0.5653943738084174,0.635227518613419,0.5,0.1265822784810126,0.202020202020202,0.6183756867994071,0.6861914459123355,0.0
noBeta,2030,V,0.3,end,5026,0.6795048143053645,0.5653943738084174,0.635227518613419,0.5,0.1265822784810126,0.202020202020202,0.6172524043792847,0.686862240436538,0.0
noBeta,2030,V,0.3,random,5026,0.6795048143053645,0.5653943738084174,0.635227518613419,0.5,0.1265822784810126,0.202020202020202,0.6172563273226337,0.6870930722806751,0.0
noBeta,2030,V,0.3,random,5027,0.6795048143053645,0.5653943738084174,0.635227518613419,0.5,0.1265822784810126,0.202020202020202,0.6182533827966692,0.6863270786648613,0.0
noBeta,2030,V,0.3,random,5028,0.6795048143053645,0.5653943738084174,0.635227518613419,0.5,0.1265822784810126,0.202020202020202,0.61856445081309,0.6864518277184858,0.0
noBeta,2030,V,0.4,random,5026,0.6822558459422283,0.5696117173114752,0.6386930330339345,0.525,0.1329113924050632,0.2121212121212121,0.6168350127624724,0.6865545004649775,0.0
noBeta,2030,V,0.4,random,5027,0.6808803301237965,0.5687372960943717,0.6376859208593036,0.5121951219512195,0.1329113924050632,0.2110552763819095,0.6178113001844153,0.686016766331044,0.0
noBeta,2030,V,0.4,random,5028,0.6822558459422283,0.5696117173114752,0.6386930330339345,0.525,0.1329113924050632,0.2121212121212121,0.6182147133868073,0.6860490778590547,0.0
noBeta,2030,V,0.5,random,5026,0.6822558459422283,0.5697870423985073,0.6386307816598953,0.525,0.1329113924050632,0.2121212121212121,0.6170561359703811,0.6859715058254334,0.0
noBeta,2030,V,0.5,random,5027,0.6808803301237965,0.5689128605170369,0.6376240270072692,0.5121951219512195,0.1329113924050632,0.2110552763819095,0.6176725213108074,0.6857162848931254,0.0
noBeta,2030,V,0.5,random,5028,0.6822558459422283,0.5697870423985073,0.6386307816598953,0.525,0.1329113924050632,0.2121212121212121,0.6184352469674445,0.6855006438951962,0.0
noBeta,2030,TA,0.3,start,5026,0.657496561210454,0.5310405215321513,0.6066288473647663,0.4666666666666667,0.0886075949367088,0.1489361702127659,0.677886150908842,0.644309931553257,0.0
noBeta,2030,TA,0.3,middle,5026,0.6354883081155434,0.5165172606328029,0.5876351240920922,0.46875,0.0949367088607595,0.1578947368421052,0.687634961932097,0.6243009440220603,0.0
noBeta,2030,TA,0.3,end,5026,0.6341127922971114,0.5032534952802593,0.5810836817070792,0.3928571428571428,0.0696202531645569,0.1182795698924731,0.7057040976960438,0.5844010319124574,0.0
noBeta,2030,TA,0.3,random,5026,0.6643741403026134,0.5472749517597274,0.6177289088513466,0.6129032258064516,0.120253164556962,0.201058201058201,0.6800803136561993,0.6208246891921122,0.0
noBeta,2030,TA,0.3,random,5027,0.6327372764786795,0.5017516717461351,0.5787072878738568,0.4583333333333333,0.0696202531645569,0.1208791208791208,0.6959062131345007,0.6036892147019951,0.0
noBeta,2030,TA,0.3,random,5028,0.6299862448418156,0.5068841216806041,0.5798185167401837,0.4642857142857143,0.0822784810126582,0.1397849462365591,0.6987071708970276,0.6075318974764633,0.0
noBeta,2030,TV,0.3,start,5026,0.657496561210454,0.5283490125450895,0.6048679280578985,0.4642857142857143,0.0822784810126582,0.1397849462365591,0.6775258808900658,0.6428902463341017,0.0
noBeta,2030,TV,0.3,middle,5026,0.6341127922971114,0.5106650261061111,0.5837630924116417,0.4333333333333333,0.0822784810126582,0.1382978723404255,0.6891310800866692,0.6214553984855837,0.0
noBeta,2030,TV,0.3,end,5026,0.6341127922971114,0.4998912631596289,0.5787141663534966,0.4166666666666667,0.0632911392405063,0.1098901098901098,0.7035139909687561,0.5856310798601165,0.0
noBeta,2030,TV,0.3,random,5026,0.6643741403026134,0.547533755868877,0.6171983747618675,0.6551724137931034,0.120253164556962,0.2032085561497326,0.6790188137085765,0.6204336666213853,0.0
noBeta,2030,TV,0.3,random,5027,0.6313617606602476,0.4981476343708909,0.5759391527206554,0.4347826086956521,0.0632911392405063,0.1104972375690607,0.6950597864455079,0.6027302645692857,0.0
noBeta,2030,TV,0.3,random,5028,0.6299862448418156,0.5046264794782424,0.5785623377530547,0.4285714285714285,0.0759493670886076,0.1290322580645161,0.6978740053754978,0.6080457632535413,0.0
noBeta,2030,AV,0.3,start,5026,0.6822558459422283,0.5724033868866695,0.6400027414752959,0.5238095238095238,0.1392405063291139,0.22,0.6179261682165677,0.6866903845678665,0.0
noBeta,2030,AV,0.3,middle,5026,0.6836313617606602,0.5706635112277042,0.6396379159576023,0.5384615384615384,0.1329113924050632,0.2131979695431472,0.6171792704344954,0.686926854104407,0.0
noBeta,2030,AV,0.3,end,5026,0.6808803301237965,0.5662550715297822,0.6362254816678471,0.5128205128205128,0.1265822784810126,0.2030456852791878,0.6189677705860108,0.685584278169846,0.0
noBeta,2030,AV,0.3,random,5026,0.6822558459422283,0.5697870423985073,0.6386307816598953,0.525,0.1329113924050632,0.2121212121212121,0.6164377505048445,0.6875125406621523,0.0
noBeta,2030,AV,0.3,random,5027,0.6808803301237965,0.5687372960943717,0.6376859208593036,0.5121951219512195,0.1329113924050632,0.2110552763819095,0.6174506957982352,0.6865688625053713,0.0
noBeta,2030,AV,0.3,random,5028,0.6836313617606602,0.5704884231846475,0.6397005214303452,0.5384615384615384,0.1329113924050632,0.2131979695431472,0.617870025813125,0.6864933007120355,0.0
noBeta,2030,TAV,0.3,start,5026,0.6588720770288858,0.5293483883000268,0.6060512943934586,0.4642857142857143,0.0822784810126582,0.1397849462365591,0.677751746450694,0.6433863095082891,0.0
noBeta,2030,TAV,0.3,middle,5026,0.6341127922971114,0.5152265282775111,0.5863386721748565,0.46875,0.0949367088607595,0.1578947368421052,0.6880557033381551,0.6225139937726674,0.0
noBeta,2030,TAV,0.3,end,5026,0.6327372764786795,0.4994451275231426,0.5780840005934031,0.3846153846153846,0.0632911392405063,0.108695652173913,0.7057836997769336,0.5841646183946739,0.0
noBeta,2030,TAV,0.3,random,5026,0.6657496561210454,0.5509758523349817,0.6199742468968497,0.6451612903225806,0.1265822784810126,0.2116402116402116,0.678239630301018,0.6213412156532424,0.0
noBeta,2030,TAV,0.3,random,5027,0.6313617606602476,0.4983117171395797,0.5758853663469665,0.4347826086956521,0.0632911392405063,0.1104972375690607,0.6947894439204158,0.6031105485462683,0.0
noBeta,2030,TAV,0.3,random,5028,0.6313617606602476,0.5082641703354963,0.5811888529559471,0.4482758620689655,0.0822784810126582,0.1390374331550802,0.6982920864106344,0.6071243724524499,0.0
noC,2026,none,0.0,none,0,0.7056396148555708,0.6404928550597843,0.6893577135389025,0.5208333333333334,0.3164556962025316,0.3937007874015748,0.6262994784371371,0.6740874713977251,0.0
noC,2026,T,0.1,random,5026,0.7070151306740028,0.6520514337051457,0.696066858791215,0.5363636363636364,0.3734177215189873,0.4402985074626865,0.6278802260992299,0.6666263432371516,0.0
noC,2026,T,0.1,random,5027,0.687757909215956,0.6306576057232105,0.6770687255918864,0.4741379310344827,0.3481012658227848,0.4014598540145985,0.6411710284372129,0.6349001357909202,0.0
noC,2026,T,0.1,random,5028,0.6960110041265475,0.6432829227096432,0.6862493103632025,0.5304347826086957,0.3860759493670886,0.4468864468864469,0.6376710229199504,0.6461625184199847,0.0
noC,2026,T,0.2,random,5026,0.6918844566712518,0.6388789420781505,0.6835174332242289,0.5081967213114754,0.3924050632911392,0.4428571428571428,0.6592433353248046,0.6268428537456718,0.0
noC,2026,T,0.2,random,5027,0.6836313617606602,0.6322371709367708,0.6757373252097572,0.472,0.3734177215189873,0.4169611307420495,0.658483869278997,0.6227185013396934,0.0
noC,2026,T,0.2,random,5028,0.6767537826685007,0.6310048399276608,0.6698399314592016,0.52,0.4113924050632911,0.4593639575971731,0.6672343947213912,0.6134564168219385,0.0
noC,2026,T,0.3,start,5026,0.6740027510316369,0.6161352110122412,0.6639459202026406,0.4695652173913043,0.3417721518987341,0.3956043956043956,0.6613695510833262,0.6418609918569945,0.0
noC,2026,T,0.3,middle,5026,0.6616231086657497,0.6129598647343609,0.6563774421192785,0.4485294117647059,0.3860759493670886,0.4149659863945578,0.6852415874720613,0.6149827517882228,0.0
noC,2026,T,0.3,end,5026,0.6451169188445667,0.579096601181642,0.6310720714863087,0.4166666666666667,0.2848101265822785,0.3383458646616541,0.7088415678148784,0.5647545160148132,0.0
noC,2026,T,0.3,random,5026,0.6740027510316369,0.6160938566847872,0.664894899645593,0.4710743801652892,0.360759493670886,0.4086021505376344,0.6739641299663859,0.6155015999070462,0.0
noC,2026,T,0.3,random,5027,0.6506189821182944,0.6000502549572616,0.6454323716164231,0.4306569343065693,0.3734177215189873,0.4,0.688554048787598,0.5930892410463521,0.0
noC,2026,T,0.3,random,5028,0.6533700137551581,0.6007030590315905,0.6452134721918539,0.4596774193548387,0.360759493670886,0.4042553191489361,0.6962441881827575,0.5920987709858838,0.0
noC,2026,T,0.4,random,5026,0.6588720770288858,0.6103523186229265,0.6524591937132749,0.4701492537313433,0.3987341772151899,0.4315068493150685,0.7164109293639935,0.5642147415185104,0.0
noC,2026,T,0.4,random,5027,0.6217331499312242,0.5692875459115095,0.6153716369798731,0.3851851851851852,0.3291139240506329,0.3549488054607508,0.7335733960726404,0.5421772797515483,0.0
noC,2026,T,0.4,random,5028,0.6396148555708391,0.5936480975368871,0.6344900452498597,0.4485294117647059,0.3860759493670886,0.4149659863945578,0.7308318823831857,0.5429755405995713,0.0
noC,2026,T,0.5,random,5026,0.6299862448418156,0.5791873432726778,0.6240460264719077,0.4305555555555556,0.3924050632911392,0.4105960264900662,0.7624137706161508,0.4996963714221274,0.0
noC,2026,T,0.5,random,5027,0.6217331499312242,0.5772488058904115,0.6188018184867453,0.4039735099337748,0.3860759493670886,0.3948220064724919,0.7605036115474656,0.5149250425656485,0.0
noC,2026,T,0.5,random,5028,0.6272352132049519,0.5806514051740183,0.6225616236462765,0.4295774647887324,0.3860759493670886,0.4066666666666667,0.7634249679187942,0.5048845817791736,0.0
noC,2026,A,0.1,random,5026,0.7056396148555708,0.6418904421719369,0.6901162970790939,0.5204081632653061,0.3227848101265823,0.3984375,0.6262387986803921,0.6741099241518512,0.0
noC,2026,A,0.1,random,5027,0.7042640990371389,0.639453079507915,0.6882377195644752,0.5154639175257731,0.3164556962025316,0.392156862745098,0.6263949881062029,0.6747784345235482,0.0
noC,2026,A,0.1,random,5028,0.7097661623108665,0.6469081407342939,0.6944324979678519,0.5306122448979592,0.3291139240506329,0.40625,0.6251040737566533,0.6744316185417555,0.0
noC,2026,A,0.2,random,5026,0.7083906464924347,0.6460378187151469,0.6931324020768014,0.5306122448979592,0.3291139240506329,0.40625,0.6263555164863965,0.6740487012130091,0.0
noC,2026,A,0.2,random,5027,0.7070151306740028,0.6445370005423768,0.6919569524762386,0.5252525252525253,0.3291139240506329,0.4046692607003891,0.6253910208219793,0.6752388843547384,0.0
noC,2026,A,0.2,random,5028,0.7083906464924347,0.6458556213954093,0.6933037975759564,0.5252525252525253,0.3291139240506329,0.4046692607003891,0.6255079789594891,0.6742330065890223,0.0
noC,2026,A,0.3,start,5026,0.7028885832187071,0.6401500026171942,0.6882494068730245,0.5,0.3227848101265823,0.3923076923076923,0.6283423457547488,0.6741330475750044,0.0
noC,2026,A,0.3,middle,5026,0.7070151306740028,0.6443588878203128,0.6921310111106028,0.52,0.3291139240506329,0.4031007751937984,0.6259155307148931,0.6742604526669446,0.0
noC,2026,A,0.3,end,5026,0.7042640990371389,0.6410683913870798,0.689064069072775,0.5151515151515151,0.3227848101265823,0.3968871595330739,0.6264801425709333,0.6761157050314274,0.0
noC,2026,A,0.3,random,5026,0.7056396148555708,0.6425633300293331,0.690134403847374,0.5204081632653061,0.3227848101265823,0.3984375,0.6283242085217736,0.6728915115166452,0.0
noC,2026,A,0.3,random,5027,0.7083906464924347,0.6458556213954093,0.6933037975759564,0.5252525252525253,0.3291139240506329,0.4046692607003891,0.6257721700743367,0.67508018859454,0.0
noC,2026,A,0.3,random,5028,0.7070151306740028,0.6446323999840818,0.6923533887934528,0.5148514851485149,0.3291139240506329,0.4015444015444015,0.6261492876235509,0.673615254135494,0.0
noC,2026,A,0.4,random,5026,0.7056396148555708,0.6422218313934699,0.6904909646324563,0.51,0.3227848101265823,0.3953488372093023,0.6273003017096198,0.6754658901918575,0.0
noC,2026,A,0.4,random,5027,0.7070151306740028,0.6444638864586372,0.6925350287197594,0.5098039215686274,0.3291139240506329,0.4,0.624508267318872,0.6777224662497465,0.0
noC,2026,A,0.4,random,5028,0.7070151306740028,0.6444638864586372,0.6925350287197594,0.5098039215686274,0.3291139240506329,0.4,0.6256879393522563,0.6757759959691061,0.0
noC,2026,A,0.5,random,5026,0.7070151306740028,0.6432615876729709,0.6916125018614643,0.5151515151515151,0.3227848101265823,0.3968871595330739,0.6274509426556706,0.6754628798413714,0.0
noC,2026,A,0.5,random,5027,0.7070151306740028,0.6444638864586372,0.6925350287197594,0.5098039215686274,0.3291139240506329,0.4,0.6253488202262248,0.677164877059563,0.0
noC,2026,A,0.5,random,5028,0.7083906464924347,0.6455061439770919,0.6936585964638916,0.5148514851485149,0.3291139240506329,0.4015444015444015,0.6260260290718709,0.6757325595400591,0.0
noC,2026,V,0.1,random,5026,0.7070151306740028,0.6445370005423768,0.6919569524762386,0.5252525252525253,0.3291139240506329,0.4046692607003891,0.6250022145316873,0.6742605442105777,0.0
noC,2026,V,0.1,random,5027,0.7056396148555708,0.6434874281253237,0.6908292157477993,0.52,0.3291139240506329,0.4031007751937984,0.6254138375598622,0.6740395700309803,0.0
noC,2026,V,0.1,random,5028,0.7056396148555708,0.6434874281253237,0.6908292157477993,0.52,0.3291139240506329,0.4031007751937984,0.6252468751293252,0.6740855481815258,0.0
noC,2026,V,0.2,random,5026,0.7042640990371389,0.6422699504033718,0.6898806288612728,0.5098039215686274,0.3291139240506329,0.4,0.6240089931816833,0.6752030084829231,0.0
noC,2026,V,0.2,random,5027,0.7028885832187071,0.6412293444251277,0.6887562073836768,0.5048543689320388,0.3291139240506329,0.3984674329501915,0.6244592201967215,0.6750522845481458,0.0
noC,2026,V,0.2,random,5028,0.7028885832187071,0.6412293444251277,0.6887562073836768,0.5048543689320388,0.3291139240506329,0.3984674329501915,0.624069482228054,0.6751487544110384,0.0
noC,2026,V,0.3,start,5026,0.7028885832187071,0.6412293444251277,0.6887562073836768,0.5048543689320388,0.3291139240506329,0.3984674329501915,0.6237911642513162,0.6755965697058457,0.0
noC,2026,V,0.3,middle,5026,0.7028885832187071,0.6412293444251277,0.6887562073836768,0.5048543689320388,0.3291139240506329,0.3984674329501915,0.623383052163208,0.675615743837925,0.0
noC,2026,V,0.3,end,5026,0.7042640990371389,0.6422699504033718,0.6898806288612728,0.5098039215686274,0.3291139240506329,0.4,0.6242461568606222,0.675328685295057,0.0
noC,2026,V,0.3,random,5026,0.7042640990371389,0.6422699504033718,0.6898806288612728,0.5098039215686274,0.3291139240506329,0.4,0.6234714714800749,0.6757519011985563,0.0
noC,2026,V,0.3,random,5027,0.7028885832187071,0.6412293444251277,0.6887562073836768,0.5048543689320388,0.3291139240506329,0.3984674329501915,0.6238731246424414,0.6756889021245084,0.0
noC,2026,V,0.3,random,5028,0.7028885832187071,0.6412293444251277,0.6887562073836768,0.5048543689320388,0.3291139240506329,0.3984674329501915,0.6235220663360408,0.6758260532295749,0.0
noC,2026,V,0.4,random,5026,0.7042640990371389,0.6422699504033718,0.6898806288612728,0.5098039215686274,0.3291139240506329,0.4,0.6231949437628163,0.6760661733564025,0.0
noC,2026,V,0.4,random,5027,0.7015130674002751,0.6388321038462591,0.6869036404268937,0.5,0.3227848101265823,0.3923076923076923,0.6242967029880488,0.6759791987584169,0.0
noC,2026,V,0.4,random,5028,0.7015130674002751,0.6388321038462591,0.6869036404268937,0.5,0.3227848101265823,0.3923076923076923,0.6240696636101817,0.6760899882173552,0.0
noC,2026,V,0.5,random,5026,0.7042640990371389,0.6422699504033718,0.6898806288612728,0.5098039215686274,0.3291139240506329,0.4,0.6231485298486505,0.6763897143614397,0.0
noC,2026,V,0.5,random,5027,0.7015130674002751,0.6388321038462591,0.6869036404268937,0.5,0.3227848101265823,0.3923076923076923,0.6239276697975953,0.6763848469612476,0.0
noC,2026,V,0.5,random,5028,0.7015130674002751,0.6388321038462591,0.6869036404268937,0.5,0.3227848101265823,0.3923076923076923,0.6238053187637184,0.6765362639892629,0.0
noC,2026,TA,0.3,start,5026,0.671251719394773,0.6123848246273821,0.6611128555914364,0.4568965517241379,0.3354430379746835,0.3868613138686131,0.6620121705896451,0.6397927650562616,0.0
noC,2026,TA,0.3,middle,5026,0.656121045392022,0.6072916368665736,0.6508540402239412,0.4411764705882353,0.379746835443038,0.4081632653061224,0.6866350852579253,0.6133408368700168,0.0
noC,2026,TA,0.3,end,5026,0.6464924346629987,0.5818323847659747,0.6330559576041731,0.4220183486238532,0.2911392405063291,0.3445692883895131,0.7079212045610558,0.568279581481468,0.0
noC,2026,TA,0.3,random,5026,0.6740027510316369,0.6175434278346966,0.665589497517798,0.4796747967479675,0.3734177215189873,0.4199288256227758,0.6736605721233258,0.6146709431541736,0.0
noC,2026,TA,0.3,random,5027,0.6506189821182944,0.6002437427083197,0.6453839683225993,0.4306569343065693,0.3734177215189873,0.4,0.6879577920582447,0.5948303181653622,0.0
noC,2026,TA,0.3,random,5028,0.6519944979367263,0.5984827610400244,0.6434902712931151,0.4552845528455284,0.3544303797468354,0.398576512455516,0.6951849533627792,0.593634035208207,0.0
noC,2026,TV,0.3,start,5026,0.672627235213205,0.6164132682560014,0.6636000478886676,0.4621848739495798,0.3481012658227848,0.3971119133574007,0.6595695415672185,0.6444394691537089,0.0
noC,2026,TV,0.3,middle,5026,0.6616231086657497,0.615136625536893,0.6574255712788282,0.45,0.3987341772151899,0.4228187919463087,0.6812212476260332,0.6194308699811754,0.0
noC,2026,TV,0.3,end,5026,0.6464924346629987,0.5813873861151553,0.6331085200179516,0.4181818181818181,0.2911392405063291,0.3432835820895522,0.7042716515412125,0.5699017149021073,0.0
noC,2026,TV,0.3,random,5026,0.672627235213205,0.6152056506666436,0.6641709617067398,0.4677419354838709,0.3670886075949367,0.4113475177304964,0.6698008600110229,0.6194875433164104,0.0
noC,2026,TV,0.3,random,5027,0.6464924346629987,0.5953605967237134,0.6414021463450396,0.4202898550724637,0.3670886075949367,0.3918918918918919,0.686530037119259,0.5965179232143922,0.0
noC,2026,TV,0.3,random,5028,0.6478679504814305,0.5960691907620332,0.6405779286791193,0.4453125,0.360759493670886,0.3986013986013986,0.694226948750632,0.5968183288434443,0.0
noC,2026,AV,0.3,start,5026,0.7042640990371389,0.6427141051812968,0.6899211876369649,0.5098039215686274,0.3291139240506329,0.4,0.6265889223972124,0.6744633364141158,0.0
noC,2026,AV,0.3,middle,5026,0.7028885832187071,0.6412293444251277,0.6887562073836768,0.5048543689320388,0.3291139240506329,0.3984674329501915,0.6250719821412241,0.6750711944447502,0.0
noC,2026,AV,0.3,end,5026,0.7028885832187071,0.6416127234231528,0.6886406658292534,0.5098039215686274,0.3291139240506329,0.4,0.6260341842594649,0.6749653176491028,0.0
noC,2026,AV,0.3,random,5026,0.7056396148555708,0.6437586559910718,0.6910481811230142,0.5148514851485149,0.3291139240506329,0.4015444015444015,0.6251870998325508,0.6752878701270627,0.0
noC,2026,AV,0.3,random,5027,0.7042640990371389,0.6411846534170693,0.6893699456070895,0.504950495049505,0.3227848101265823,0.3938223938223938,0.625179452613174,0.676467502828764,0.0
noC,2026,AV,0.3,random,5028,0.7042640990371389,0.6425481472530877,0.690103324319394,0.5048543689320388,0.3291139240506329,0.3984674329501915,0.6255337547660733,0.6746760161020893,0.0
noC,2026,TAV,0.3,start,5026,0.6698762035763411,0.6128299425306746,0.6605883740023751,0.453781512605042,0.3417721518987341,0.3898916967509025,0.6602198613594369,0.642491669260093,0.0
noC,2026,TAV,0.3,middle,5026,0.656121045392022,0.6097508438632435,0.6523877322235538,0.4366197183098591,0.3924050632911392,0.4133333333333333,0.6823526398599781,0.6182792462587502,0.0
noC,2026,TAV,0.3,end,5026,0.6451169188445667,0.5805238282567787,0.6318185284991114,0.4181818181818181,0.2911392405063291,0.3432835820895522,0.7040164121484499,0.5723257247427852,0.0
noC,2026,TAV,0.3,random,5026,0.671251719394773,0.6129377909259685,0.6622973598108165,0.4672131147540984,0.360759493670886,0.4071428571428571,0.6696923951427836,0.6200556452857239,0.0
noC,2026,TAV,0.3,random,5027,0.6464924346629987,0.5955538948365348,0.6413543442046419,0.4202898550724637,0.3670886075949367,0.3918918918918919,0.6860508639476584,0.5983475642549837,0.0
noC,2026,TAV,0.3,random,5028,0.6464924346629987,0.5944795791385769,0.6391281312870385,0.4375,0.3544303797468354,0.3916083916083916,0.6937956462606016,0.5986787981344944,0.0
noC,2027,none,0.0,none,0,0.7015130674002751,0.6327329105985645,0.6819590427728772,0.5609756097560976,0.2911392405063291,0.3833333333333333,0.649024994262413,0.6910523712143488,0.0
noC,2027,T,0.1,random,5026,0.6918844566712518,0.6321048006097026,0.6778216421239724,0.5306122448979592,0.3291139240506329,0.40625,0.6398970881682292,0.6739541000642236,0.0
noC,2027,T,0.1,random,5027,0.6822558459422283,0.609872715025666,0.6618806812153192,0.5121951219512195,0.2658227848101265,0.35,0.643132073776553,0.6631444796434348,0.0
noC,2027,T,0.1,random,5028,0.6795048143053645,0.6221318566600429,0.6665200983372457,0.5408163265306123,0.3354430379746835,0.4140625,0.6475722218678147,0.6611447805546367,0.0
noC,2027,T,0.2,random,5026,0.6822558459422283,0.6199766138625206,0.6692379394292189,0.5048543689320388,0.3291139240506329,0.3984674329501915,0.6576626896515639,0.6406885965350353,0.0
noC,2027,T,0.2,random,5027,0.6616231086657497,0.5904534175014553,0.6428646359473892,0.4606741573033708,0.2594936708860759,0.3319838056680162,0.6495908017378953,0.648760281693199,0.0
noC,2027,T,0.2,random,5028,0.6671251719394773,0.6106597513267639,0.6551072750222576,0.53,0.3354430379746835,0.4108527131782946,0.6669911900371788,0.627790792239217,0.0
noC,2027,T,0.3,start,5026,0.6753782668500687,0.6167652242218017,0.6632384947774649,0.5048543689320388,0.3291139240506329,0.3984674329501915,0.6545814747930019,0.640600650564243,0.0
noC,2027,T,0.3,middle,5026,0.6519944979367263,0.5890464503028366,0.6397984905934178,0.4444444444444444,0.3037974683544304,0.3609022556390977,0.6739856460537378,0.6166704495517822,0.0
noC,2027,T,0.3,end,5026,0.657496561210454,0.5944156557597319,0.6422920438887605,0.4895833333333333,0.2974683544303797,0.3700787401574803,0.6925240605018685,0.591119294978632,0.0
noC,2027,T,0.3,random,5026,0.671251719394773,0.6117103665871455,0.6599957874292831,0.4818181818181818,0.3354430379746835,0.3955223880597014,0.6614236815033402,0.6231082571320931,0.0
noC,2027,T,0.3,random,5027,0.6437414030261348,0.5875283314684773,0.6323785805375679,0.4761904761904761,0.3164556962025316,0.3802281368821292,0.6671398543437418,0.6165406728837892,0.0
noC,2027,T,0.3,random,5028,0.657496561210454,0.5997497309833268,0.6442615021772167,0.5208333333333334,0.3164556962025316,0.3937007874015748,0.6812728277091599,0.6111090520846968,0.0
noC,2027,T,0.4,random,5026,0.640990371389271,0.5809867349775607,0.6305517739204626,0.4358974358974359,0.3227848101265823,0.3709090909090909,0.7036240831707677,0.5690421800178033,0.0
noC,2027,T,0.4,random,5027,0.6134800550206327,0.5591542228805709,0.6054840347373803,0.392,0.310126582278481,0.3462897526501767,0.7145734455349824,0.563542156830719,0.0
noC,2027,T,0.4,random,5028,0.6313617606602476,0.5827957902665309,0.6246374739208493,0.4409448818897638,0.3544303797468354,0.3929824561403509,0.7096510940228192,0.5678965701728661,0.0
noC,2027,T,0.5,random,5026,0.6272352132049519,0.5692033190504139,0.6187411804109809,0.40625,0.3291139240506329,0.3636363636363636,0.7428829162418,0.5312735149867824,0.0
noC,2027,T,0.5,random,5027,0.5969738651994498,0.5463011197717578,0.5915675311011332,0.3676470588235294,0.3164556962025316,0.3401360544217687,0.7438002309131153,0.5264526886737801,0.0
noC,2027,T,0.5,random,5028,0.6176066024759285,0.5692335942420966,0.6122939785571158,0.4,0.3417721518987341,0.3686006825938566,0.7428542756452134,0.5378011134424022,0.0
noC,2027,A,0.1,random,5026,0.7015130674002751,0.6327329105985645,0.6819590427728772,0.5609756097560976,0.2911392405063291,0.3833333333333333,0.648935270193044,0.6913605974167064,0.0
noC,2027,A,0.1,random,5027,0.7028885832187071,0.6338034147051824,0.6832130319442732,0.5609756097560976,0.2911392405063291,0.3833333333333333,0.64882081555187,0.6914601773903776,0.0
noC,2027,A,0.1,random,5028,0.7028885832187071,0.6338034147051824,0.6832130319442732,0.5609756097560976,0.2911392405063291,0.3833333333333333,0.6489521392689531,0.6912148345881244,0.0
noC,2027,A,0.2,random,5026,0.7015130674002751,0.632546460446401,0.6821268508369093,0.5542168674698795,0.2911392405063291,0.3817427385892116,0.6490653067746623,0.6914249409880499,0.0
noC,2027,A,0.2,random,5027,0.7028885832187071,0.6338034147051824,0.6832130319442732,0.5609756097560976,0.2911392405063291,0.3833333333333333,0.6489221981308324,0.6914343431946028,0.0
noC,2027,A,0.2,random,5028,0.7028885832187071,0.6338034147051824,0.6832130319442732,0.5609756097560976,0.2911392405063291,0.3833333333333333,0.6490548008974519,0.691193118513375,0.0
noC,2027,A,0.3,start,5026,0.7042640990371389,0.6363834618840847,0.6851847877984649,0.5662650602409639,0.2974683544303797,0.3900414937759336,0.6475977076184225,0.6916996079863506,0.0
noC,2027,A,0.3,middle,5026,0.7056396148555708,0.6378605052686998,0.6863369342499094,0.573170731707317,0.2974683544303797,0.3916666666666666,0.6478426412582104,0.6919057834231473,0.0
noC,2027,A,0.3,end,5026,0.7042640990371389,0.6365918104228907,0.6852434764695788,0.5662650602409639,0.2974683544303797,0.3900414937759336,0.6481771725130951,0.6916060478597789,0.0
noC,2027,A,0.3,random,5026,0.7028885832187071,0.6351201176348317,0.6840949952074006,0.5595238095238095,0.2974683544303797,0.3884297520661157,0.6480586991307303,0.6918372092314192,0.0
noC,2027,A,0.3,random,5027,0.7056396148555708,0.6378605052686998,0.6863369342499094,0.573170731707317,0.2974683544303797,0.3916666666666666,0.6479737752430003,0.6918281790584089,0.0
noC,2027,A,0.3,random,5028,0.7042640990371389,0.6363834618840847,0.6851847877984649,0.5662650602409639,0.2974683544303797,0.3900414937759336,0.6483017573507177,0.6914312103367884,0.0
noC,2027,A,0.4,random,5026,0.7028885832187071,0.6355217753537258,0.6840973103398535,0.5595238095238095,0.2974683544303797,0.3884297520661157,0.648367660236075,0.6916305572137985,0.0
noC,2027,A,0.4,random,5027,0.7042640990371389,0.6367876384289956,0.6851903068520975,0.5662650602409639,0.2974683544303797,0.3900414937759336,0.6479416206508746,0.6919041544631278,0.0
noC,2027,A,0.4,random,5028,0.7028885832187071,0.6349067385860514,0.6840320094981932,0.5595238095238095,0.2974683544303797,0.3884297520661157,0.6481782352065555,0.6914876831509374,0.0
noC,2027,A,0.5,random,5026,0.7028885832187071,0.6351268993521644,0.6842085258640928,0.5529411764705883,0.2974683544303797,0.3868312757201646,0.6482888669018317,0.6917203596564391,0.0
noC,2027,A,0.5,random,5027,0.7042640990371389,0.6367876384289956,0.6851903068520975,0.5662650602409639,0.2974683544303797,0.3900414937759336,0.6480245832373046,0.6919227952314524,0.0
noC,2027,A,0.5,random,5028,0.7015130674002751,0.6338427705946078,0.6828911841004852,0.5529411764705883,0.2974683544303797,0.3868312757201646,0.6480434497592676,0.6914910321461307,0.0
noC,2027,V,0.1,random,5026,0.7015130674002751,0.6327329105985645,0.6819590427728772,0.5609756097560976,0.2911392405063291,0.3833333333333333,0.649147293205958,0.690895659999002,0.0
noC,2027,V,0.1,random,5027,0.7015130674002751,0.6327329105985645,0.6819590427728772,0.5609756097560976,0.2911392405063291,0.3833333333333333,0.6490867319510223,0.6909284147051787,0.0
noC,2027,V,0.1,random,5028,0.7015130674002751,0.6327329105985645,0.6819590427728772,0.5609756097560976,0.2911392405063291,0.3833333333333333,0.6490420914723096,0.6909542821101481,0.0
noC,2027,V,0.2,random,5026,0.7028885832187071,0.6353127121753083,0.6839304317440648,0.5662650602409639,0.2974683544303797,0.3900414937759336,0.6484188284882311,0.6908047361314625,0.0
noC,2027,V,0.2,random,5027,0.7015130674002751,0.6327329105985645,0.6819590427728772,0.5609756097560976,0.2911392405063291,0.3833333333333333,0.6492375505074723,0.6906404901427912,0.0
noC,2027,V,0.2,random,5028,0.7015130674002751,0.6327329105985645,0.6819590427728772,0.5609756097560976,0.2911392405063291,0.3833333333333333,0.6491735443511725,0.6907304049882925,0.0
noC,2027,V,0.3,start,5026,0.7042640990371389,0.6378749385714707,0.6858911233008902,0.5714285714285714,0.3037974683544304,0.396694214876033,0.6476871056310536,0.6908653716118376,0.0
noC,2027,V,0.3,middle,5026,0.7028885832187071,0.6351201176348317,0.6840949952074006,0.5595238095238095,0.2974683544303797,0.3884297520661157,0.648701707252221,0.690295515022817,0.0
noC,2027,V,0.3,end,5026,0.7028885832187071,0.6353127121753083,0.6839304317440648,0.5662650602409639,0.2974683544303797,0.3900414937759336,0.6484052528104444,0.6907015451662,0.0
noC,2027,V,0.3,random,5026,0.7028885832187071,0.6353127121753083,0.6839304317440648,0.5662650602409639,0.2974683544303797,0.3900414937759336,0.6486866911649143,0.6904694618061842,0.0
noC,2027,V,0.3,random,5027,0.7028885832187071,0.6351201176348317,0.6840949952074006,0.5595238095238095,0.2974683544303797,0.3884297520661157,0.6487227999390872,0.6905111930802128,0.0
noC,2027,V,0.3,random,5028,0.7028885832187071,0.6351201176348317,0.6840949952074006,0.5595238095238095,0.2974683544303797,0.3884297520661157,0.6486931972284423,0.6906289915972719,0.0
noC,2027,V,0.4,random,5026,0.7042640990371389,0.6376763372830235,0.6860525349141839,0.5647058823529412,0.3037974683544304,0.3950617283950617,0.6484889849230107,0.6901238699658352,0.0
noC,2027,V,0.4,random,5027,0.7015130674002751,0.6340545043536223,0.6829517120590934,0.5529411764705883,0.2974683544303797,0.3868312757201646,0.6494764505067055,0.6899984709778784,0.0
noC,2027,V,0.4,random,5028,0.7028885832187071,0.6351201176348317,0.6840949952074006,0.5595238095238095,0.2974683544303797,0.3884297520661157,0.648812820280796,0.6903226942597808,0.0
noC,2027,V,0.5,random,5026,0.7028885832187071,0.6366036006344499,0.6849043994400084,0.5581395348837209,0.3037974683544304,0.3934426229508196,0.6494959271378415,0.6895816031746812,0.0
noC,2027,V,0.5,random,5027,0.7028885832187071,0.6366036006344499,0.6849043994400084,0.5581395348837209,0.3037974683544304,0.3934426229508196,0.6493866714428772,0.689791537527907,0.0
noC,2027,V,0.5,random,5028,0.7028885832187071,0.6366036006344499,0.6849043994400084,0.5581395348837209,0.3037974683544304,0.3934426229508196,0.6495858098981184,0.6897638159191647,0.0
noC,2027,TA,0.3,start,5026,0.6740027510316369,0.6151131206482422,0.6622503535813483,0.4952380952380952,0.3291139240506329,0.3954372623574144,0.6538319947086687,0.6422092166261784,0.0
noC,2027,TA,0.3,middle,5026,0.6533700137551581,0.5899294525103422,0.6411175282789074,0.4444444444444444,0.3037974683544304,0.3609022556390977,0.6724166904288749,0.6192211708171349,0.0
noC,2027,TA,0.3,end,5026,0.6533700137551581,0.5941016042784918,0.6402313703547041,0.4803921568627451,0.310126582278481,0.3769230769230769,0.6914116208241828,0.593100990427527,0.0
noC,2027,TA,0.3,random,5026,0.671251719394773,0.6115601378741494,0.6601839603061658,0.4774774774774775,0.3354430379746835,0.3940520446096654,0.6602746941324215,0.6255741414758866,0.0
noC,2027,TA,0.3,random,5027,0.640990371389271,0.5854434843942867,0.6300694525126873,0.4672897196261682,0.3164556962025316,0.3773584905660377,0.6655658563571601,0.6188031174235622,0.0
noC,2027,TA,0.3,random,5028,0.6519944979367263,0.5950396418304825,0.6395821742732505,0.5,0.3164556962025316,0.3875968992248062,0.6820585999216168,0.6115491401825398,0.0
noC,2027,TV,0.3,start,5026,0.672627235213205,0.6140620441653546,0.6611005545398907,0.490566037735849,0.3291139240506329,0.3939393939393939,0.6539432723510917,0.6407725531092507,0.0
noC,2027,TV,0.3,middle,5026,0.6519944979367263,0.5905423520738134,0.6403104644301092,0.4495412844036697,0.310126582278481,0.3670411985018726,0.6761478761943053,0.6150179702119886,0.0
noC,2027,TV,0.3,end,5026,0.6519944979367263,0.5894572797013912,0.6378135537753793,0.47,0.2974683544303797,0.3643410852713178,0.6944324594212453,0.5910919088177548,0.0
noC,2027,TV,0.3,random,5026,0.6740027510316369,0.6155666100284827,0.6630041814024492,0.4909090909090909,0.3417721518987341,0.4029850746268656,0.6608054906362033,0.6235242399416139,0.0
noC,2027,TV,0.3,random,5027,0.6437414030261348,0.5886809269162211,0.6330057595127585,0.4811320754716981,0.3227848101265823,0.3863636363636363,0.6660518175145204,0.6174034729121068,0.0
noC,2027,TV,0.3,random,5028,0.656121045392022,0.6009026301099208,0.6444266237894436,0.5148514851485149,0.3291139240506329,0.4015444015444015,0.680015080044115,0.6115284790584089,0.0
noC,2027,AV,0.3,start,5026,0.7042640990371389,0.6376763372830235,0.6860525349141839,0.5647058823529412,0.3037974683544304,0.3950617283950617,0.6470160641271178,0.6915106705127225,0.0
noC,2027,AV,0.3,middle,5026,0.7028885832187071,0.6355217753537258,0.6840973103398535,0.5595238095238095,0.2974683544303797,0.3884297520661157,0.6483145978870759,0.6909791875033268,0.0
noC,2027,AV,0.3,end,5026,0.7042640990371389,0.6365918104228907,0.6852434764695788,0.5662650602409639,0.2974683544303797,0.3900414937759336,0.6483581750413697,0.6911207318529251,0.0
noC,2027,AV,0.3,random,5026,0.7015130674002751,0.6340545043536223,0.6829517120590934,0.5529411764705883,0.2974683544303797,0.3868312757201646,0.6492305564059452,0.6908653595608069,0.0
noC,2027,AV,0.3,random,5027,0.7028885832187071,0.6355217753537258,0.6840973103398535,0.5595238095238095,0.2974683544303797,0.3884297520661157,0.6484712555974524,0.6910737693819508,0.0
noC,2027,AV,0.3,random,5028,0.7015130674002751,0.6340545043536223,0.6829517120590934,0.5529411764705883,0.2974683544303797,0.3868312757201646,0.6495067899780144,0.6906135003396778,0.0
noC,2027,TAV,0.3,start,5026,0.671251719394773,0.6143176824118101,0.6606225565403627,0.4862385321100917,0.3354430379746835,0.3970037453183521,0.6538460868010217,0.6412624904670449,0.0
noC,2027,TAV,0.3,middle,5026,0.6519944979367263,0.5905423520738134,0.6403104644301092,0.4495412844036697,0.310126582278481,0.3670411985018726,0.6751182883410176,0.617014191847124,0.0
noC,2027,TAV,0.3,end,5026,0.6547455295735901,0.5976509135364595,0.6427995607117204,0.4857142857142857,0.3227848101265823,0.3878326996197718,0.6923761189999049,0.5937315172150405,0.0
noC,2027,TAV,0.3,random,5026,0.6753782668500687,0.6167737604357914,0.6645728192432515,0.4864864864864865,0.3417721518987341,0.4014869888475836,0.6596350885409714,0.6258944068731883,0.0
noC,2027,TAV,0.3,random,5027,0.6382393397524071,0.5844874300225628,0.6283596152856509,0.4636363636363636,0.3227848101265823,0.3805970149253731,0.6650022288581282,0.6195735270801893,0.0
noC,2027,TAV,0.3,random,5028,0.6519944979367263,0.5972406096124102,0.6408932190141001,0.5,0.3291139240506329,0.3969465648854962,0.6807360654923038,0.6117486546129615,0.0
noC,2028,none,0.0,none,0,0.6960110041265475,0.63090999043139,0.6799217789950752,0.5051546391752577,0.310126582278481,0.3843137254901961,0.607932573265975,0.702362277792921,0.0
noC,2028,T,0.1,random,5026,0.6946354883081155,0.6375987652863663,0.6827021215810227,0.514018691588785,0.3481012658227848,0.4150943396226415,0.6175826708606005,0.6850805435634957,0.0
noC,2028,T,0.1,random,5027,0.6808803301237965,0.6197863588775958,0.6673360659340616,0.4716981132075472,0.3164556962025316,0.3787878787878788,0.6255402260294611,0.662755323728255,0.0
noC,2028,T,0.1,random,5028,0.6795048143053645,0.6279464863884787,0.6698719986814544,0.5087719298245614,0.3670886075949367,0.4264705882352941,0.6242773001907354,0.6832071023368053,0.0
noC,2028,T,0.2,random,5026,0.687757909215956,0.6302985038685405,0.676038796639669,0.5045045045045045,0.3544303797468354,0.4163568773234201,0.6447184509828098,0.6470961812476789,0.0
noC,2028,T,0.2,random,5027,0.6671251719394773,0.6112946484917329,0.6575676612116519,0.45,0.3417721518987341,0.3884892086330935,0.6475519592186464,0.6422495664600578,0.0
noC,2028,T,0.2,random,5028,0.6671251719394773,0.6192671565843515,0.6599802471893697,0.496,0.3924050632911392,0.4381625441696113,0.6516918510507548,0.6529406140966976,0.0
noC,2028,T,0.3,start,5026,0.6643741403026134,0.6068402628152395,0.6531674627026111,0.4727272727272727,0.3291139240506329,0.3880597014925373,0.6640260774844216,0.644232889515406,0.0
noC,2028,T,0.3,middle,5026,0.6616231086657497,0.614488904480715,0.6549061344013298,0.4806201550387597,0.3924050632911392,0.4320557491289198,0.6848363468936453,0.6286007877241692,0.0
noC,2028,T,0.3,end,5026,0.6492434662998624,0.6028682554699584,0.6439013562374037,0.4411764705882353,0.379746835443038,0.4081632653061224,0.7045492297435876,0.5872169654514927,0.0
noC,2028,T,0.3,random,5026,0.6602475928473177,0.6083863401308628,0.6525510367395364,0.4496124031007752,0.3670886075949367,0.4041811846689895,0.6764397380534736,0.6189520148224218,0.0
noC,2028,T,0.3,random,5027,0.6519944979367263,0.60491821344349,0.6462475507497457,0.4411764705882353,0.379746835443038,0.4081632653061224,0.6827629661217622,0.6189420299282122,0.0
noC,2028,T,0.3,random,5028,0.6519944979367263,0.6014756389259305,0.6439666822880896,0.4715447154471545,0.3670886075949367,0.4128113879003559,0.6844536281739206,0.6310868980062118,0.0
noC,2028,T,0.4,random,5026,0.6451169188445667,0.597338417851741,0.638014990457314,0.4812030075187969,0.4050632911392405,0.4398625429553264,0.7295953856468445,0.5544199547956595,0.0
noC,2028,T,0.4,random,5027,0.6176066024759285,0.5678423423876323,0.6114418888711444,0.391304347826087,0.3417721518987341,0.3648648648648648,0.7371785983472194,0.5547760032515999,0.0
noC,2028,T,0.4,random,5028,0.6341127922971114,0.5865706465727489,0.6286379001652432,0.4264705882352941,0.3670886075949367,0.3945578231292517,0.7243735332854583,0.5936377243613693,0.0
noC,2028,T,0.5,random,5026,0.6162310866574966,0.5629080570192317,0.6094792107360117,0.4041095890410959,0.3734177215189873,0.3881578947368421,0.7757179037558805,0.4954237103189542,0.0
noC,2028,T,0.5,random,5027,0.6079779917469051,0.5686547256131645,0.6089856270224926,0.3720930232558139,0.4050632911392405,0.3878787878787879,0.7645480597745503,0.5361563017784368,0.0
noC,2028,T,0.5,random,5028,0.6134800550206327,0.5667074115682548,0.6105074729206409,0.3766233766233766,0.3670886075949367,0.3717948717948718,0.7659976009309459,0.5531616341393114,0.0
noC,2028,A,0.1,random,5026,0.6946354883081155,0.6298812984496124,0.6788063601612232,0.5,0.310126582278481,0.3828125,0.6079689644130963,0.7022942781569983,0.0
noC,2028,A,0.1,random,5027,0.6960110041265475,0.63090999043139,0.6799217789950752,0.5051546391752577,0.310126582278481,0.3843137254901961,0.6076667873602003,0.7028597545924751,0.0
noC,2028,A,0.1,random,5028,0.6946354883081155,0.6298812984496124,0.6788063601612232,0.5,0.310126582278481,0.3828125,0.6079779408613263,0.7023884275423192,0.0
noC,2028,A,0.2,random,5026,0.6946354883081155,0.6298812984496124,0.6788063601612232,0.5,0.310126582278481,0.3828125,0.6078238441381262,0.7023848413463951,0.0
noC,2028,A,0.2,random,5027,0.6946354883081155,0.6298812984496124,0.6788063601612232,0.5,0.310126582278481,0.3828125,0.6076941793243164,0.7029446950111202,0.0
noC,2028,A,0.2,random,5028,0.6946354883081155,0.6298812984496124,0.6788063601612232,0.5,0.310126582278481,0.3828125,0.6079798595152159,0.7023826737790106,0.0
noC,2028,A,0.3,start,5026,0.6960110041265475,0.6323183441977814,0.6806811191376976,0.5050505050505051,0.3164556962025316,0.3891050583657587,0.6081848256526324,0.702145410475518,0.0
noC,2028,A,0.3,middle,5026,0.6946354883081155,0.6298812984496124,0.6788063601612232,0.5,0.310126582278481,0.3828125,0.6078869327722609,0.7025241371216008,0.0
noC,2028,A,0.3,end,5026,0.6946354883081155,0.6298812984496124,0.6788063601612232,0.5,0.310126582278481,0.3828125,0.6078141982351917,0.702862211120258,0.0
noC,2028,A,0.3,random,5026,0.6946354883081155,0.6298812984496124,0.6788063601612232,0.5,0.310126582278481,0.3828125,0.607794184454132,0.7024074475300004,0.0
noC,2028,A,0.3,random,5027,0.6960110041265475,0.6323183441977814,0.6806811191376976,0.5050505050505051,0.3164556962025316,0.3891050583657587,0.6078599319838027,0.7028408778616942,0.0
noC,2028,A,0.3,random,5028,0.6946354883081155,0.6298812984496124,0.6788063601612232,0.5,0.310126582278481,0.3828125,0.6080864292009547,0.7023048765466103,0.0
noC,2028,A,0.4,random,5026,0.6946354883081155,0.6298812984496124,0.6788063601612232,0.5,0.310126582278481,0.3828125,0.6079112385316279,0.7023124529533715,0.0
noC,2028,A,0.4,random,5027,0.6946354883081155,0.6298812984496124,0.6788063601612232,0.5,0.310126582278481,0.3828125,0.6080806171953165,0.7027617799411356,0.0
noC,2028,A,0.4,random,5028,0.6946354883081155,0.6296596635705649,0.6788342067448787,0.5,0.310126582278481,0.3828125,0.608238995797034,0.7023305828015031,0.0
noC,2028,A,0.5,random,5026,0.6946354883081155,0.6298812984496124,0.6788063601612232,0.5,0.310126582278481,0.3828125,0.6077943430214187,0.7024792982507113,0.0
noC,2028,A,0.5,random,5027,0.6946354883081155,0.6298812984496124,0.6788063601612232,0.5,0.310126582278481,0.3828125,0.6078223801301148,0.7030275788717503,0.0
noC,2028,A,0.5,random,5028,0.6946354883081155,0.6298812984496124,0.6788063601612232,0.5,0.310126582278481,0.3828125,0.6079125326674265,0.7024965048986197,0.0
noC,2028,V,0.1,random,5026,0.6946354883081155,0.6298812984496124,0.6788063601612232,0.5,0.310126582278481,0.3828125,0.6077986279792681,0.702447560796035,0.0
noC,2028,V,0.1,random,5027,0.6946354883081155,0.6296596635705649,0.6788342067448787,0.5,0.310126582278481,0.3828125,0.6079014964946284,0.702498495012398,0.0
noC,2028,V,0.1,random,5028,0.6946354883081155,0.6298812984496124,0.6788063601612232,0.5,0.310126582278481,0.3828125,0.6079259466493265,0.7024697917991113,0.0
noC,2028,V,0.2,random,5026,0.6946354883081155,0.629503562087922,0.6790189942570759,0.494949494949495,0.310126582278481,0.3813229571984435,0.6078704534699435,0.7025648091075601,0.0
noC,2028,V,0.2,random,5027,0.6946354883081155,0.629503562087922,0.6790189942570759,0.494949494949495,0.310126582278481,0.3813229571984435,0.6078831340237657,0.7025785148799445,0.0
noC,2028,V,0.2,random,5028,0.6946354883081155,0.629503562087922,0.6790189942570759,0.494949494949495,0.310126582278481,0.3813229571984435,0.6080029177939459,0.7025943349025222,0.0
noC,2028,V,0.3,start,5026,0.6946354883081155,0.629503562087922,0.6790189942570759,0.494949494949495,0.310126582278481,0.3813229571984435,0.6079858411619977,0.7024417798063405,0.0
noC,2028,V,0.3,middle,5026,0.6946354883081155,0.629503562087922,0.6790189942570759,0.494949494949495,0.310126582278481,0.3813229571984435,0.6080212377461436,0.7025238098935236,0.0
noC,2028,V,0.3,end,5026,0.6960110041265475,0.6305288508804302,0.6801326075956542,0.5,0.310126582278481,0.3828125,0.6076513839352583,0.7027699802749527,0.0
noC,2028,V,0.3,random,5026,0.6946354883081155,0.629503562087922,0.6790189942570759,0.494949494949495,0.310126582278481,0.3813229571984435,0.6079693039817083,0.7026164134016477,0.0
noC,2028,V,0.3,random,5027,0.6946354883081155,0.629503562087922,0.6790189942570759,0.494949494949495,0.310126582278481,0.3813229571984435,0.6080019974492992,0.7026016016325023,0.0
noC,2028,V,0.3,random,5028,0.6946354883081155,0.629503562087922,0.6790189942570759,0.494949494949495,0.310126582278481,0.3813229571984435,0.6079947658723442,0.7027100327510407,0.0
noC,2028,V,0.4,random,5026,0.6946354883081155,0.629503562087922,0.6790189942570759,0.494949494949495,0.310126582278481,0.3813229571984435,0.6080355630422143,0.7026578798886749,0.0
noC,2028,V,0.4,random,5027,0.6946354883081155,0.629503562087922,0.6790189942570759,0.494949494949495,0.310126582278481,0.3813229571984435,0.6080369697915122,0.7026600162234057,0.0
noC,2028,V,0.4,random,5028,0.6946354883081155,0.629503562087922,0.6790189942570759,0.494949494949495,0.310126582278481,0.3813229571984435,0.60789087512159,0.702849373098348,0.0
noC,2028,V,0.5,random,5026,0.6946354883081155,0.6291989664082687,0.6787787365514005,0.5,0.310126582278481,0.3828125,0.6082417851590562,0.7021138605645746,0.0
noC,2028,V,0.5,random,5027,0.6932599724896836,0.6281739228784438,0.6776654895887151,0.494949494949495,0.310126582278481,0.3813229571984435,0.6085329802486404,0.7019955744274838,0.0
noC,2028,V,0.5,random,5028,0.6932599724896836,0.6281739228784438,0.6776654895887151,0.494949494949495,0.310126582278481,0.3813229571984435,0.6084000880293138,0.7021374373076937,0.0
noC,2028,TA,0.3,start,5026,0.6657496561210454,0.6062586435684448,0.6539927121287399,0.4678899082568807,0.3227848101265823,0.3820224719101123,0.6630407483201245,0.6454892345533128,0.0
noC,2028,TA,0.3,middle,5026,0.6616231086657497,0.614488904480715,0.6549061344013298,0.4806201550387597,0.3924050632911392,0.4320557491289198,0.6836935844136491,0.6295633434667316,0.0
noC,2028,TA,0.3,end,5026,0.6492434662998624,0.6030037054418339,0.6445604087394353,0.4316546762589928,0.379746835443038,0.404040404040404,0.702852151444741,0.5890514368725615,0.0
noC,2028,TA,0.3,random,5026,0.6602475928473177,0.606977781241341,0.6519764071309575,0.4488188976377952,0.360759493670886,0.4,0.6758869105031393,0.6192792745315696,0.0
noC,2028,TA,0.3,random,5027,0.6506189821182944,0.6043015816947289,0.6456965692760005,0.4357142857142857,0.3860759493670886,0.4093959731543624,0.6823823460829206,0.6198734011089402,0.0
noC,2028,TA,0.3,random,5028,0.6519944979367263,0.602012699581755,0.6440722826489462,0.4715447154471545,0.3670886075949367,0.4128113879003559,0.684256700929557,0.6307819427576146,0.0
noC,2028,TV,0.3,start,5026,0.6657496561210454,0.6091714713023005,0.654968362869123,0.4774774774774775,0.3354430379746835,0.3940520446096654,0.6626925297715707,0.6450849849009694,0.0
noC,2028,TV,0.3,middle,5026,0.6629986244841816,0.6156918373249232,0.6563529974955071,0.4806201550387597,0.3924050632911392,0.4320557491289198,0.6842761345897443,0.6292661787248791,0.0
noC,2028,TV,0.3,end,5026,0.6519944979367263,0.6078057541581661,0.6476405878018371,0.4428571428571428,0.3924050632911392,0.4161073825503356,0.7021969367423107,0.5885993722113023,0.0
noC,2028,TV,0.3,random,5026,0.6629986244841816,0.612722029988466,0.655928806347363,0.4580152671755725,0.379746835443038,0.4152249134948096,0.6747819317329167,0.6199662765429746,0.0
noC,2028,TV,0.3,random,5027,0.6519944979367263,0.6047792194442586,0.646428166694486,0.437956204379562,0.379746835443038,0.4067796610169492,0.6817005711785584,0.6199093289269334,0.0
noC,2028,TV,0.3,random,5028,0.6506189821182944,0.6009711520302781,0.6429271779360818,0.4677419354838709,0.3670886075949367,0.4113475177304964,0.6829849184225354,0.6328015564756049,0.0
noC,2028,AV,0.3,start,5026,0.6960110041265475,0.6319361788493163,0.6808923610101656,0.5,0.3164556962025316,0.3875968992248062,0.608376772879508,0.7022279331804998,0.0
noC,2028,AV,0.3,middle,5026,0.6946354883081155,0.629503562087922,0.6790189942570759,0.494949494949495,0.310126582278481,0.3813229571984435,0.6079768447651241,0.7026901924200517,0.0
noC,2028,AV,0.3,end,5026,0.6946354883081155,0.629503562087922,0.6790189942570759,0.494949494949495,0.310126582278481,0.3813229571984435,0.6078916187461559,0.7031153839279637,0.0
noC,2028,AV,0.3,random,5026,0.6946354883081155,0.629503562087922,0.6790189942570759,0.494949494949495,0.310126582278481,0.3813229571984435,0.6078292084296629,0.7026691380382641,0.0
noC,2028,AV,0.3,random,5027,0.6960110041265475,0.6319361788493163,0.6808923610101656,0.5,0.3164556962025316,0.3875968992248062,0.6080265387698656,0.7030844082436319,0.0
noC,2028,AV,0.3,random,5028,0.6946354883081155,0.629503562087922,0.6790189942570759,0.494949494949495,0.310126582278481,0.3813229571984435,0.60821426074664,0.7026621217051984,0.0
noC,2028,TAV,0.3,start,5026,0.6671251719394773,0.6098384793946897,0.6562193432833549,0.4818181818181818,0.3354430379746835,0.3955223880597014,0.6612565919078586,0.6453976115806308,0.0
noC,2028,TAV,0.3,middle,5026,0.6616231086657497,0.6144735512253442,0.6553721204025922,0.4732824427480916,0.3924050632911392,0.4290657439446367,0.683046876730767,0.6302671230432088,0.0
noC,2028,TAV,0.3,end,5026,0.6519944979367263,0.6079683276365309,0.6479307920141129,0.4397163120567376,0.3924050632911392,0.4147157190635451,0.7009689209968766,0.5899885980279879,0.0
noC,2028,TAV,0.3,random,5026,0.6643741403026134,0.6135171330931929,0.6570682037074516,0.4615384615384615,0.379746835443038,0.4166666666666667,0.6739959739854917,0.6203833485298744,0.0
noC,2028,TAV,0.3,random,5027,0.6492434662998624,0.6032904293773859,0.6445703091836695,0.4326241134751773,0.3860759493670886,0.4080267558528428,0.6814097972849034,0.6207635605744376,0.0
noC,2028,TAV,0.3,random,5028,0.6506189821182944,0.6006100417543329,0.6431322892230569,0.464,0.3670886075949367,0.4098939929328622,0.682072419153558,0.6330297414346269,0.0
noC,2029,none,0.0,none,0,0.7097661623108665,0.6342502210162492,0.6873142843162047,0.5641025641025641,0.2784810126582278,0.3728813559322034,0.6210562444120558,0.7037982191837334,0.0
noC,2029,T,0.1,random,5026,0.6946354883081155,0.6096110353559053,0.6676779935382597,0.5211267605633803,0.2341772151898734,0.3231441048034934,0.6307064272242667,0.6888186452053329,0.0
noC,2029,T,0.1,random,5027,0.6836313617606602,0.601021002034145,0.6579266802202838,0.5,0.2341772151898734,0.3189655172413793,0.6377088273474774,0.6714189628427507,0.0
noC,2029,T,0.1,random,5028,0.671251719394773,0.598845321542519,0.652567194904782,0.4623655913978494,0.2721518987341772,0.3426294820717131,0.6457428207900154,0.6736889567496637,0.0
noC,2029,T,0.2,random,5026,0.6973865199449794,0.6297982434320958,0.6796129496555479,0.5795454545454546,0.3227848101265823,0.4146341463414634,0.6578439998600267,0.6462076793149336,0.0
noC,2029,T,0.2,random,5027,0.6685006877579092,0.59180550089641,0.6463891311334103,0.4642857142857143,0.2468354430379747,0.3223140495867768,0.6637842194606781,0.6485137235390185,0.0
noC,2029,T,0.2,random,5028,0.6781292984869326,0.6110498866213153,0.6608729753249305,0.5217391304347826,0.3037974683544304,0.384,0.666860028077441,0.6515587017036397,0.0
noC,2029,T,0.3,start,5026,0.672627235213205,0.591383346332362,0.6490098158610683,0.475,0.240506329113924,0.3193277310924369,0.6734254019410192,0.6526377043849871,0.0
noC,2029,T,0.3,middle,5026,0.6588720770288858,0.5889026981116678,0.6414616857671174,0.4489795918367347,0.2784810126582278,0.34375,0.6879183117074703,0.6252297743699369,0.0
noC,2029,T,0.3,end,5026,0.6519944979367263,0.5833237183185261,0.6329031255648986,0.4941176470588235,0.2658227848101265,0.345679012345679,0.6975432446564884,0.6016193267206752,0.0
noC,2029,T,0.3,random,5026,0.671251719394773,0.5977660842557184,0.6514558867786227,0.5,0.2784810126582278,0.3577235772357723,0.6760195163637808,0.6334498349096916,0.0
noC,2029,T,0.3,random,5027,0.657496561210454,0.5905883268569014,0.6402701783669702,0.4736842105263157,0.2848101265822785,0.3557312252964427,0.6864849337663725,0.6271964190086847,0.0
noC,2029,T,0.3,random,5028,0.6464924346629987,0.5772484534505234,0.6282148025822003,0.4615384615384615,0.2658227848101265,0.3373493975903614,0.7021344384732794,0.6164826932904636,0.0
noC,2029,T,0.4,random,5026,0.6382393397524071,0.560717902878748,0.6166999643918757,0.4431818181818182,0.2468354430379747,0.3170731707317073,0.7187309281897777,0.5777888751627875,0.0
noC,2029,T,0.4,random,5027,0.6368638239339752,0.5756456548705565,0.6224177343956705,0.4423076923076923,0.2911392405063291,0.3511450381679389,0.7323553093504527,0.5591707500552028,0.0
noC,2029,T,0.4,random,5028,0.6519944979367263,0.5889691215490315,0.636442350427166,0.48,0.3037974683544304,0.3720930232558139,0.7283521608564703,0.5713883552050483,0.0
noC,2029,T,0.5,random,5026,0.6121045392022009,0.5432092047426433,0.5957733732961709,0.4150943396226415,0.2784810126582278,0.3333333333333333,0.7575742653954126,0.5317060891489512,0.0
noC,2029,T,0.5,random,5027,0.6203576341127923,0.556989951152052,0.6064354522139076,0.4090909090909091,0.2848101265822785,0.3358208955223881,0.7596631404438001,0.5208583859103666,0.0
noC,2029,T,0.5,random,5028,0.640990371389271,0.5768452516572817,0.625862059084903,0.4528301886792453,0.3037974683544304,0.3636363636363636,0.7520415817294656,0.534827594127581,0.0
noC,2029,A,0.1,random,5026,0.7097661623108665,0.634438342529417,0.6871500576473843,0.5714285714285714,0.2784810126582278,0.3744680851063829,0.6215451137304615,0.7033693014350282,0.0
noC,2029,A,0.1,random,5027,0.7097661623108665,0.634438342529417,0.6871500576473843,0.5714285714285714,0.2784810126582278,0.3744680851063829,0.6212493003792465,0.7036295004035183,0.0
noC,2029,A,0.1,random,5028,0.7097661623108665,0.634438342529417,0.6871500576473843,0.5714285714285714,0.2784810126582278,0.3744680851063829,0.6216239334171414,0.7034832662452912,0.0
noC,2029,A,0.2,random,5026,0.7097661623108665,0.634438342529417,0.6871500576473843,0.5714285714285714,0.2784810126582278,0.3744680851063829,0.6215236917845658,0.7033411480232657,0.0
noC,2029,A,0.2,random,5027,0.7097661623108665,0.634438342529417,0.6871500576473843,0.5714285714285714,0.2784810126582278,0.3744680851063829,0.620970794905475,0.7038138653235138,0.0
noC,2029,A,0.2,random,5028,0.7097661623108665,0.634438342529417,0.6871500576473843,0.5714285714285714,0.2784810126582278,0.3744680851063829,0.6215808890575253,0.7035584941299057,0.0
noC,2029,A,0.3,start,5026,0.7097661623108665,0.634438342529417,0.6871500576473843,0.5714285714285714,0.2784810126582278,0.3744680851063829,0.6221682057207795,0.7029402252237675,0.0
noC,2029,A,0.3,middle,5026,0.7097661623108665,0.634438342529417,0.6871500576473843,0.5714285714285714,0.2784810126582278,0.3744680851063829,0.6213138632699652,0.7037008660931094,0.0
noC,2029,A,0.3,end,5026,0.7083906464924347,0.6317828511472023,0.6851325428554421,0.5657894736842105,0.2721518987341772,0.3675213675213675,0.6214509784523479,0.7032204000799757,0.0
noC,2029,A,0.3,random,5026,0.7083906464924347,0.6317828511472023,0.6851325428554421,0.5657894736842105,0.2721518987341772,0.3675213675213675,0.6223724968725417,0.7031513539698925,0.0
noC,2029,A,0.3,random,5027,0.7097661623108665,0.634438342529417,0.6871500576473843,0.5714285714285714,0.2784810126582278,0.3744680851063829,0.6208949683230031,0.7037932603239191,0.0
noC,2029,A,0.3,random,5028,0.7083906464924347,0.6317828511472023,0.6851325428554421,0.5657894736842105,0.2721518987341772,0.3675213675213675,0.6213580397346488,0.7036967023894583,0.0
noC,2029,A,0.4,random,5026,0.7083906464924347,0.6317828511472023,0.6851325428554421,0.5657894736842105,0.2721518987341772,0.3675213675213675,0.6222178700279138,0.7032252588064837,0.0
noC,2029,A,0.4,random,5027,0.7097661623108665,0.6330919860207848,0.6864682168905826,0.5657894736842105,0.2721518987341772,0.3675213675213675,0.620565333368481,0.7049006487906381,0.0
noC,2029,A,0.4,random,5028,0.7056396148555708,0.628040725330507,0.6818643759525697,0.56,0.2658227848101265,0.3605150214592275,0.6225999028683482,0.702630304269447,0.0
noC,2029,A,0.5,random,5026,0.7070151306740028,0.6307150068690351,0.6838932276089177,0.5657894736842105,0.2721518987341772,0.3675213675213675,0.6219435307223534,0.7025400625841397,0.0
noC,2029,A,0.5,random,5027,0.7097661623108665,0.634679121542476,0.687246255159569,0.5714285714285714,0.2784810126582278,0.3744680851063829,0.6202613324397385,0.7040101987851556,0.0
noC,2029,A,0.5,random,5028,0.7070151306740028,0.6307150068690351,0.6838932276089177,0.5657894736842105,0.2721518987341772,0.3675213675213675,0.6219264809285615,0.7026804186014961,0.0
noC,2029,V,0.1,random,5026,0.7083906464924347,0.6332138290859612,0.6862075986639884,0.5569620253164557,0.2784810126582278,0.3713080168776371,0.6198434007925638,0.7037013220684514,0.0
noC,2029,V,0.1,random,5027,0.7097661623108665,0.6342502210162492,0.6873142843162047,0.5641025641025641,0.2784810126582278,0.3728813559322034,0.6201759815213712,0.7034228879272202,0.0
noC,2029,V,0.1,random,5028,0.7083906464924347,0.6332138290859612,0.6862075986639884,0.5569620253164557,0.2784810126582278,0.3713080168776371,0.6198389796880573,0.7038322773598623,0.0
noC,2029,V,0.2,random,5026,0.7056396148555708,0.6295034731997509,0.6829573959152022,0.5512820512820513,0.2721518987341772,0.3644067796610169,0.619130274993169,0.7035855048315626,0.0
noC,2029,V,0.2,random,5027,0.7070151306740028,0.6321442338329631,0.6849656677934387,0.5569620253164557,0.2784810126582278,0.3713080168776371,0.6200959689263872,0.7028415015473826,0.0
noC,2029,V,0.2,random,5028,0.7056396148555708,0.6295034731997509,0.6829573959152022,0.5512820512820513,0.2721518987341772,0.3644067796610169,0.6194482775286121,0.7035338097491587,0.0
noC,2029,V,0.3,start,5026,0.7056396148555708,0.6295034731997509,0.6829573959152022,0.5512820512820513,0.2721518987341772,0.3644067796610169,0.6193822545833384,0.7029442322713109,0.0
noC,2029,V,0.3,middle,5026,0.7083906464924347,0.6331819384442223,0.6860743143418513,0.5641025641025641,0.2784810126582278,0.3728813559322034,0.6183849807700449,0.7032999046677294,0.0
noC,2029,V,0.3,end,5026,0.7070151306740028,0.6305333993960796,0.6840607848438462,0.5584415584415584,0.2721518987341772,0.3659574468085106,0.6181888106664135,0.7037373387147542,0.0
noC,2029,V,0.3,random,5026,0.7056396148555708,0.6295034731997509,0.6829573959152022,0.5512820512820513,0.2721518987341772,0.3644067796610169,0.6180378970971366,0.7036281285185011,0.0
noC,2029,V,0.3,random,5027,0.7070151306740028,0.6321442338329631,0.6849656677934387,0.5569620253164557,0.2784810126582278,0.3713080168776371,0.6186114680066838,0.7028723643864931,0.0
noC,2029,V,0.3,random,5028,0.7070151306740028,0.6321442338329631,0.6849656677934387,0.5569620253164557,0.2784810126582278,0.3713080168776371,0.6182925975151529,0.7032927025170959,0.0
noC,2029,V,0.4,random,5026,0.7083906464924347,0.634981652035079,0.6869281406487513,0.5625,0.2848101265822785,0.3781512605042016,0.6170650850600466,0.7036059326561754,0.0
noC,2029,V,0.4,random,5027,0.7056396148555708,0.6313258307321988,0.6838250646918845,0.55,0.2784810126582278,0.3697478991596639,0.6195311129555838,0.7022622184438705,0.0
noC,2029,V,0.4,random,5028,0.7070151306740028,0.6339396684233506,0.6858155949245585,0.5555555555555556,0.2848101265822785,0.3765690376569037,0.6186182144261096,0.7026924705299554,0.0
noC,2029,V,0.5,random,5026,0.7070151306740028,0.632360222598552,0.6849324726043922,0.5569620253164557,0.2784810126582278,0.3713080168776371,0.6178106411966886,0.7030800856271556,0.0
noC,2029,V,0.5,random,5027,0.7056396148555708,0.6313258307321988,0.6838250646918845,0.55,0.2784810126582278,0.3697478991596639,0.6190211360360199,0.7021929247952735,0.0
noC,2029,V,0.5,random,5028,0.7083906464924347,0.634981652035079,0.6869281406487513,0.5625,0.2848101265822785,0.3781512605042016,0.6179469028572024,0.7026198064899446,0.0
noC,2029,TA,0.3,start,5026,0.6740027510316369,0.5905252112720408,0.6493266583782967,0.4805194805194805,0.2341772151898734,0.3148936170212766,0.6730889005949694,0.6505966043851417,0.0
noC,2029,TA,0.3,middle,5026,0.6547455295735901,0.581287321531224,0.6355815825437056,0.4361702127659574,0.2594936708860759,0.3253968253968254,0.6892065759354298,0.6238088957739165,0.0
noC,2029,TA,0.3,end,5026,0.6519944979367263,0.5832842802539772,0.6327731614714233,0.5,0.2658227848101265,0.3471074380165289,0.6986935942243853,0.6005691581714949,0.0
noC,2029,TA,0.3,random,5026,0.671251719394773,0.5975647342930942,0.6514927016211104,0.5,0.2784810126582278,0.3577235772357723,0.6753518126171483,0.6327903081932412,0.0
noC,2029,TA,0.3,random,5027,0.6547455295735901,0.585365915877361,0.6364902971503986,0.4623655913978494,0.2721518987341772,0.3426294820717131,0.6869517335186649,0.6270429922446396,0.0
noC,2029,TA,0.3,random,5028,0.6464924346629987,0.5762146055197617,0.6274927405516411,0.4606741573033708,0.2594936708860759,0.3319838056680162,0.7021752309439941,0.6174281441831141,0.0
noC,2029,TV,0.3,start,5026,0.671251719394773,0.5890002142331384,0.6471208591807116,0.4683544303797468,0.2341772151898734,0.3122362869198312,0.6712242397872902,0.6541857596708245,0.0
noC,2029,TV,0.3,middle,5026,0.657496561210454,0.5863197788760505,0.6393990996216997,0.4479166666666667,0.2721518987341772,0.3385826771653543,0.6871677589467409,0.6259382745819895,0.0
noC,2029,TV,0.3,end,5026,0.6492434662998624,0.5798797583449847,0.6296767308538996,0.4880952380952381,0.2594936708860759,0.3388429752066115,0.6963308493652217,0.601585103855378,0.0
noC,2029,TV,0.3,random,5026,0.672627235213205,0.6004761113559893,0.6532228095372588,0.5113636363636364,0.2848101265822785,0.3658536585365853,0.6726838529426828,0.6366549215778945,0.0
noC,2029,TV,0.3,random,5027,0.6547455295735901,0.5883769206970979,0.6380946514514493,0.4639175257731959,0.2848101265822785,0.3529411764705882,0.6840386858898106,0.6263216458982478,0.0
noC,2029,TV,0.3,random,5028,0.6478679504814305,0.5771976472484087,0.6285825337752805,0.4659090909090909,0.2594936708860759,0.3333333333333333,0.6977825732308893,0.6206151295302824,0.0
noC,2029,AV,0.3,start,5026,0.7056396148555708,0.6283214619058785,0.6820967390186996,0.5526315789473685,0.2658227848101265,0.358974358974359,0.6205788016571852,0.7029554949009671,0.0
noC,2029,AV,0.3,middle,5026,0.7070151306740028,0.6307500369580105,0.6840285588333794,0.5584415584415584,0.2721518987341772,0.3659574468085106,0.6200211945968581,0.7030767163657263,0.0
noC,2029,AV,0.3,end,5026,0.7070151306740028,0.630932511011148,0.6838622961047475,0.5657894736842105,0.2721518987341772,0.3675213675213675,0.6192039131568865,0.703060985084897,0.0
noC,2029,AV,0.3,random,5026,0.7042640990371389,0.6270145778812498,0.6807638243941376,0.5526315789473685,0.2658227848101265,0.358974358974359,0.6194504000005687,0.7029313249538748,0.0
noC,2029,AV,0.3,random,5027,0.7070151306740028,0.630932511011148,0.6838622961047475,0.5657894736842105,0.2721518987341772,0.3675213675213675,0.619715968703536,0.7027841646035052,0.0
noC,2029,AV,0.3,random,5028,0.7056396148555708,0.6296808844770685,0.6827872893802341,0.5584415584415584,0.2721518987341772,0.3659574468085106,0.6193468800039511,0.7030901200582158,0.0
noC,2029,TAV,0.3,start,5026,0.6671251719394773,0.5809091500715867,0.6411267875991481,0.4473684210526316,0.2151898734177215,0.2905982905982906,0.6724064535963118,0.6513439251302366,0.0
noC,2029,TAV,0.3,middle,5026,0.656121045392022,0.5835927740703801,0.6375123135050885,0.4421052631578947,0.2658227848101265,0.3320158102766798,0.6876073288289105,0.6250333030337649,0.0
noC,2029,TAV,0.3,end,5026,0.6519944979367263,0.5823553388547014,0.6318476519136569,0.5061728395061729,0.2594936708860759,0.3430962343096234,0.696645214262756,0.6014976879782348,0.0
noC,2029,TAV,0.3,random,5026,0.6698762035763411,0.5948050565502779,0.64958719323908,0.4942528735632184,0.2721518987341772,0.3510204081632653,0.6723633890356988,0.6356462849418966,0.0
noC,2029,TAV,0.3,random,5027,0.6506189821182944,0.5805814172209725,0.6322640463610903,0.4516129032258064,0.2658227848101265,0.3346613545816733,0.6852151511164541,0.6260160215379229,0.0
noC,2029,TAV,0.3,random,5028,0.6464924346629987,0.5736508443334126,0.6256962955810051,0.4642857142857143,0.2468354430379747,0.3223140495867768,0.6984426213791346,0.6210769460202831,0.0
noC,2030,none,0.0,none,0,0.6905089408528198,0.6051223885285021,0.6635312970037837,0.4929577464788732,0.2215189873417721,0.3056768558951965,0.6154633511511808,0.6870843458470483,0.0
noC,2030,T,0.1,random,5026,0.6698762035763411,0.5784453559592422,0.6415488078804171,0.4166666666666667,0.189873417721519,0.2608695652173913,0.6379772428788807,0.6709127415166252,0.0
noC,2030,T,0.1,random,5027,0.672627235213205,0.5810417949568155,0.642861469052979,0.4477611940298507,0.189873417721519,0.2666666666666666,0.6404547737373303,0.6524512675547652,0.0
noC,2030,T,0.1,random,5028,0.6698762035763411,0.5886170585719498,0.6451798569998952,0.5070422535211268,0.2278481012658227,0.314410480349345,0.6381465225036078,0.66606545515788,0.0
noC,2030,T,0.2,random,5026,0.6767537826685007,0.5876487885638854,0.6486874455859644,0.4852941176470588,0.2088607594936709,0.2920353982300885,0.6680665735025423,0.629933980706903,0.0
noC,2030,T,0.2,random,5027,0.6506189821182944,0.5534368854284969,0.6180137746824861,0.4032258064516129,0.1582278481012658,0.2272727272727272,0.6697725692769936,0.6293067289859248,0.0
noC,2030,T,0.2,random,5028,0.656121045392022,0.58358349229185,0.635365008976972,0.5405405405405406,0.2531645569620253,0.3448275862068966,0.6672237932701708,0.6321381380550966,0.0
noC,2030,T,0.3,start,5026,0.656121045392022,0.566620270554815,0.629560058366361,0.4166666666666667,0.189873417721519,0.2608695652173913,0.6815459256723505,0.6412889175540027,0.0
noC,2030,T,0.3,middle,5026,0.6506189821182944,0.5793653738454037,0.6309816356331439,0.4938271604938271,0.2531645569620253,0.3347280334728033,0.6904296255824034,0.6249471675222815,0.0
noC,2030,T,0.3,end,5026,0.6396148555708391,0.5536430516043064,0.6131987882319369,0.4347826086956521,0.189873417721519,0.2643171806167401,0.7043334669326275,0.5812138761935104,0.0
noC,2030,T,0.3,random,5026,0.6685006877579092,0.5872035421316608,0.6449002846745021,0.5,0.2341772151898734,0.3189655172413793,0.6852441362381387,0.6200896287476517,0.0
noC,2030,T,0.3,random,5027,0.6313617606602476,0.542720473970474,0.6049326590420125,0.3835616438356164,0.1772151898734177,0.2424242424242424,0.6986147926584553,0.6042050828760609,0.0
noC,2030,T,0.3,random,5028,0.6519944979367263,0.5785433391386622,0.6311663521107866,0.5064935064935064,0.2468354430379747,0.3319148936170212,0.6952733716786694,0.6118837589436539,0.0
noC,2030,T,0.4,random,5026,0.6451169188445667,0.5660994079261129,0.6223135709182013,0.4736842105263157,0.2278481012658227,0.3076923076923077,0.724767421507176,0.5711653421940105,0.0
noC,2030,T,0.4,random,5027,0.6217331499312242,0.5436401664379621,0.5996539108190094,0.4024390243902439,0.2088607594936709,0.275,0.7351835503060502,0.5571021931086663,0.0
noC,2030,T,0.4,random,5028,0.6189821182943603,0.5456024399344592,0.6001709075224522,0.4235294117647059,0.2278481012658227,0.2962962962962963,0.7316857948850526,0.5682467966146816,0.0
noC,2030,T,0.5,random,5026,0.6162310866574966,0.5432901663080691,0.5986294316382933,0.425531914893617,0.2531645569620253,0.3174603174603174,0.7594066298702364,0.5290185217996073,0.0
noC,2030,T,0.5,random,5027,0.6038514442916093,0.5330867996680119,0.5868825754068794,0.375,0.2278481012658227,0.2834645669291338,0.7610609255176024,0.5186725799274989,0.0
noC,2030,T,0.5,random,5028,0.6176066024759285,0.5417945989765416,0.5996773109721587,0.3711340206185567,0.2278481012658227,0.2823529411764706,0.7571226027475446,0.5340650927835501,0.0
noC,2030,A,0.1,random,5026,0.6918844566712518,0.6060948290110689,0.664607734444388,0.5,0.2215189873417721,0.3070175438596491,0.6148526868628373,0.6869898644979491,0.0
noC,2030,A,0.1,random,5027,0.6891334250343879,0.6041524672722728,0.6624553514695553,0.4861111111111111,0.2215189873417721,0.3043478260869565,0.6159373950183636,0.6871308575002191,0.0
noC,2030,A,0.1,random,5028,0.6905089408528198,0.6051223885285021,0.6635312970037837,0.4929577464788732,0.2215189873417721,0.3056768558951965,0.6154583010564415,0.6867842154255399,0.0
noC,2030,A,0.2,random,5026,0.6905089408528198,0.6030786332635958,0.6625339902807369,0.4927536231884058,0.2151898734177215,0.2995594713656387,0.6151769645485645,0.6866886416426691,0.0
noC,2030,A,0.2,random,5027,0.6891334250343879,0.6041524672722728,0.6624553514695553,0.4861111111111111,0.2215189873417721,0.3043478260869565,0.6160291756209085,0.6868919698022087,0.0
noC,2030,A,0.2,random,5028,0.6905089408528198,0.6051223885285021,0.6635312970037837,0.4929577464788732,0.2215189873417721,0.3056768558951965,0.6158453673844275,0.6862683744143964,0.0
noC,2030,A,0.3,start,5026,0.6891334250343879,0.6040653056255496,0.6622913214238623,0.4929577464788732,0.2215189873417721,0.3056768558951965,0.6156118012120957,0.6868167016130461,0.0
noC,2030,A,0.3,middle,5026,0.6918844566712518,0.6040446443726356,0.6636050896611442,0.5,0.2151898734177215,0.3008849557522124,0.6149169459575948,0.6872221589752009,0.0
noC,2030,A,0.3,end,5026,0.687757909215956,0.601441496587923,0.6601179884645723,0.4857142857142857,0.2151898734177215,0.2982456140350877,0.6192797343486102,0.684354659767272,0.0
noC,2030,A,0.3,random,5026,0.6891334250343879,0.6022139553561163,0.6612423256211458,0.4927536231884058,0.2151898734177215,0.2995594713656387,0.615546970256614,0.6859759294787573,0.0
noC,2030,A,0.3,random,5027,0.6905089408528198,0.6051508129185246,0.6631571405930599,0.5072463768115942,0.2215189873417721,0.3083700440528634,0.6164596849504734,0.686186369442874,0.0
noC,2030,A,0.3,random,5028,0.6905089408528198,0.6010964795218859,0.6612902780647569,0.5,0.2088607594936709,0.2946428571428571,0.6157638065434868,0.6862875272992033,0.0
noC,2030,A,0.4,random,5026,0.6905089408528198,0.6030786332635958,0.6625339902807369,0.4927536231884058,0.2151898734177215,0.2995594713656387,0.6155463543516764,0.6866101499558349,0.0
noC,2030,A,0.4,random,5027,0.6891334250343879,0.6041733120680489,0.6620764584964977,0.5,0.2215189873417721,0.3070175438596491,0.6168156219280607,0.6860937843043438,0.0
noC,2030,A,0.4,random,5028,0.6905089408528198,0.6030989906472044,0.6621548401086431,0.5074626865671642,0.2151898734177215,0.3022222222222222,0.6157801294893193,0.68573584394728,0.0
noC,2030,A,0.5,random,5026,0.6918844566712518,0.6041507859053988,0.6633884010018581,0.5074626865671642,0.2151898734177215,0.3022222222222222,0.615478312581553,0.6866270668587172,0.0
noC,2030,A,0.5,random,5027,0.6918844566712518,0.6061309390216336,0.664238385746837,0.5147058823529411,0.2215189873417721,0.3097345132743362,0.6159858851625046,0.6867226949865034,0.0
noC,2030,A,0.5,random,5028,0.6918844566712518,0.6040726699980764,0.6632307378800447,0.5151515151515151,0.2151898734177215,0.3035714285714285,0.6154664280279615,0.686365285881097,0.0
noC,2030,V,0.1,random,5026,0.6905089408528198,0.6051223885285021,0.6635312970037837,0.4929577464788732,0.2215189873417721,0.3056768558951965,0.6148697285200575,0.687089873612375,0.0
noC,2030,V,0.1,random,5027,0.6905089408528198,0.6051223885285021,0.6635312970037837,0.4929577464788732,0.2215189873417721,0.3056768558951965,0.6154399737759929,0.6868006776687375,0.0
noC,2030,V,0.1,random,5028,0.6905089408528198,0.6051223885285021,0.6635312970037837,0.4929577464788732,0.2215189873417721,0.3056768558951965,0.6155143893234282,0.6868902172366036,0.0
noC,2030,V,0.2,random,5026,0.6905089408528198,0.6051223885285021,0.6635312970037837,0.4929577464788732,0.2215189873417721,0.3056768558951965,0.6145211188890736,0.6870737114551815,0.0
noC,2030,V,0.2,random,5027,0.6891334250343879,0.6023061744954025,0.6614096531241632,0.4857142857142857,0.2151898734177215,0.2982456140350877,0.6158256605398308,0.6865157177538684,0.0
noC,2030,V,0.2,random,5028,0.6891334250343879,0.6023061744954025,0.6614096531241632,0.4857142857142857,0.2151898734177215,0.2982456140350877,0.616056460233486,0.6865955809596379,0.0
noC,2030,V,0.3,start,5026,0.6891334250343879,0.6023061744954025,0.6614096531241632,0.4857142857142857,0.2151898734177215,0.2982456140350877,0.6161425883290019,0.686097010726454,0.0
noC,2030,V,0.3,middle,5026,0.6891334250343879,0.6022111803771192,0.6616332053067335,0.4788732394366197,0.2151898734177215,0.296943231441048,0.6159179242419626,0.6860585595078216,0.0
noC,2030,V,0.3,end,5026,0.6891334250343879,0.6023061744954025,0.6614096531241632,0.4857142857142857,0.2151898734177215,0.2982456140350877,0.6152799824624765,0.6863849675191572,0.0
noC,2030,V,0.3,random,5026,0.6891334250343879,0.6023061744954025,0.6614096531241632,0.4857142857142857,0.2151898734177215,0.2982456140350877,0.6148011818069141,0.6867642007214354,0.0
noC,2030,V,0.3,random,5027,0.6891334250343879,0.6022111803771192,0.6616332053067335,0.4788732394366197,0.2151898734177215,0.296943231441048,0.6160621415052298,0.6861669542782006,0.0
noC,2030,V,0.3,random,5028,0.6891334250343879,0.6023061744954025,0.6614096531241632,0.4857142857142857,0.2151898734177215,0.2982456140350877,0.6164757587294478,0.6861902303013875,0.0
noC,2030,V,0.4,random,5026,0.6891334250343879,0.6022111803771192,0.6616332053067335,0.4788732394366197,0.2151898734177215,0.296943231441048,0.6151129800679852,0.6861715792774075,0.0
noC,2030,V,0.4,random,5027,0.6891334250343879,0.6023061744954025,0.6614096531241632,0.4857142857142857,0.2151898734177215,0.2982456140350877,0.6167075875034931,0.6849489710923163,0.0
noC,2030,V,0.4,random,5028,0.6891334250343879,0.6023061744954025,0.6614096531241632,0.4857142857142857,0.2151898734177215,0.2982456140350877,0.6172554066379942,0.6848325431784986,0.0
noC,2030,V,0.5,random,5026,0.6905089408528198,0.6050193940169629,0.663750375465062,0.4861111111111111,0.2215189873417721,0.3043478260869565,0.6148672862736374,0.6859155531251335,0.0
noC,2030,V,0.5,random,5027,0.6905089408528198,0.6051223885285021,0.6635312970037837,0.4929577464788732,0.2215189873417721,0.3056768558951965,0.6161456700235189,0.6848921350661538,0.0
noC,2030,V,0.5,random,5028,0.6891334250343879,0.6023061744954025,0.6614096531241632,0.4857142857142857,0.2151898734177215,0.2982456140350877,0.6176214266575689,0.6843796075806288,0.0
noC,2030,TA,0.3,start,5026,0.657496561210454,0.57155705893023,0.6324187582704232,0.4324324324324324,0.2025316455696202,0.2758620689655172,0.6817367023346571,0.6397135747281751,0.0
noC,2030,TA,0.3,middle,5026,0.6506189821182944,0.5793909818061255,0.6310975130065171,0.4878048780487805,0.2531645569620253,0.3333333333333333,0.6909497391243173,0.6250223935887053,0.0
noC,2030,TA,0.3,end,5026,0.640990371389271,0.554150768457954,0.6142523878792305,0.4411764705882353,0.189873417721519,0.2654867256637168,0.7054588379992605,0.5803449894873768,0.0
noC,2030,TA,0.3,random,5026,0.6671251719394773,0.586216065939713,0.6438093174144892,0.4933333333333333,0.2341772151898734,0.3175965665236051,0.68552823289787,0.6193769523645405,0.0
noC,2030,TA,0.3,random,5027,0.6327372764786795,0.5438968684001796,0.6060817429683404,0.3835616438356164,0.1772151898734177,0.2424242424242424,0.6976342967827452,0.6054506456714063,0.0
noC,2030,TA,0.3,random,5028,0.6533700137551581,0.579428750784683,0.6325726808570162,0.5,0.2468354430379747,0.3305084745762712,0.6951758365678266,0.613139583238639,0.0
noC,2030,TV,0.3,start,5026,0.6519944979367263,0.5619334254221232,0.6253051729048276,0.3972602739726027,0.1835443037974683,0.2510822510822511,0.6817706686522003,0.6418134107112128,0.0
noC,2030,TV,0.3,middle,5026,0.6492434662998624,0.5814017225692293,0.6317424835006397,0.4827586206896552,0.2658227848101265,0.3428571428571428,0.690819371731348,0.6245324295140539,0.0
noC,2030,TV,0.3,end,5026,0.6382393397524071,0.5508195749979915,0.6108160407555823,0.4328358208955223,0.1835443037974683,0.2577777777777778,0.7039228577874495,0.5827315712778464,0.0
noC,2030,TV,0.3,random,5026,0.6657496561210454,0.5837524848583956,0.6418530862234955,0.4864864864864865,0.2278481012658227,0.3103448275862069,0.6831964191421075,0.62235876281186,0.0
noC,2030,TV,0.3,random,5027,0.6313617606602476,0.5450949641353402,0.6060391257442648,0.3815789473684211,0.1835443037974683,0.2478632478632478,0.6967652043050471,0.6077683478538061,0.0
noC,2030,TV,0.3,random,5028,0.6533700137551581,0.5775770342994169,0.6317231897807202,0.5,0.240506329113924,0.3247863247863248,0.6941898118624737,0.6144382250300654,0.0
noC,2030,AV,0.3,start,5026,0.6905089408528198,0.6032694299682042,0.6624798987198034,0.4927536231884058,0.2151898734177215,0.2995594713656387,0.615675436813483,0.6866216370917467,0.0
noC,2030,AV,0.3,middle,5026,0.6932599724896836,0.607069845388989,0.6656847052105577,0.5072463768115942,0.2215189873417721,0.3083700440528634,0.6154310663103474,0.6861337602013121,0.0
noC,2030,AV,0.3,end,5026,0.686382393397524,0.5985175199797358,0.6582115718039385,0.4714285714285714,0.2088607594936709,0.2894736842105263,0.6190166489337312,0.6841630285343198,0.0
noC,2030,AV,0.3,random,5026,0.6905089408528198,0.601285594477149,0.6612351583403878,0.5,0.2088607594936709,0.2946428571428571,0.6145519840926161,0.6863936843151265,0.0
noC,2030,AV,0.3,random,5027,0.6891334250343879,0.6024058721098277,0.6611899072009632,0.4927536231884058,0.2151898734177215,0.2995594713656387,0.6172851860990923,0.6852494174891238,0.0
noC,2030,AV,0.3,random,5028,0.6918844566712518,0.6042352019981988,0.6635506409614994,0.5,0.2151898734177215,0.3008849557522124,0.6166155667298523,0.6854839693573335,0.0
noC,2030,TAV,0.3,start,5026,0.6547455295735901,0.5674467960824782,0.6289818925189686,0.4246575342465753,0.1962025316455696,0.2683982683982684,0.6811009184885256,0.6426026327092709,0.0
noC,2030,TAV,0.3,middle,5026,0.6506189821182944,0.582443213816407,0.6329845375186336,0.4827586206896552,0.2658227848101265,0.3428571428571428,0.6905077585181678,0.6259024814151158,0.0
noC,2030,TAV,0.3,end,5026,0.6382393397524071,0.5503033857425071,0.6106470005311541,0.4393939393939394,0.1835443037974683,0.2589285714285714,0.7056268569160189,0.5813043761855119,0.0
noC,2030,TAV,0.3,random,5026,0.6685006877579092,0.5883678105795805,0.6460242652970904,0.4935064935064935,0.240506329113924,0.3234042553191489,0.6827848359270747,0.6227361745966498,0.0
noC,2030,TAV,0.3,random,5027,0.6313617606602476,0.5448405015626672,0.6056917345797118,0.3866666666666666,0.1835443037974683,0.2489270386266094,0.6965898615535941,0.6065937833053547,0.0
noC,2030,TAV,0.3,random,5028,0.6547455295735901,0.5787426049318803,0.6327622295299554,0.5066666666666667,0.240506329113924,0.3261802575107296,0.6943323908195136,0.6147716517727058,0.0
noQ,2026,none,0.0,none,0,0.6918844566712518,0.6499932147918047,0.6882822710755626,0.5037593984962406,0.4240506329113924,0.4604810996563573,0.6332334530247102,0.6811038990461226,0.0
noQ,2026,T,0.1,random,5026,0.6808803301237965,0.6323081845080116,0.674816300248229,0.4918032786885246,0.379746835443038,0.4285714285714285,0.6445220801578452,0.6723228226165647,0.0
noQ,2026,T,0.1,random,5027,0.6753782668500687,0.6244149984658954,0.6666611813998592,0.5,0.3544303797468354,0.4148148148148148,0.6611318518737198,0.6459191634195375,0.0
noQ,2026,T,0.1,random,5028,0.6795048143053645,0.6368780123311439,0.6755577062964331,0.5196850393700787,0.4177215189873418,0.4631578947368421,0.6523053006885549,0.6591608664264296,0.0
noQ,2026,T,0.2,random,5026,0.6822558459422283,0.6276292112628569,0.6732212550094452,0.509090909090909,0.3544303797468354,0.417910447761194,0.6627660460579045,0.6439026003003798,0.0
noQ,2026,T,0.2,random,5027,0.657496561210454,0.6028400154196807,0.6476377105831234,0.4636363636363636,0.3227848101265823,0.3805970149253731,0.676756087235158,0.6308908315765364,0.0
noQ,2026,T,0.2,random,5028,0.6533700137551581,0.6061458816040143,0.6475751572027046,0.5087719298245614,0.3670886075949367,0.4264705882352941,0.6774652347315093,0.6268718746080058,0.0
noQ,2026,T,0.3,start,5026,0.6629986244841816,0.5892322711845893,0.6439694346716228,0.4936708860759494,0.2468354430379747,0.3291139240506329,0.6581050866981975,0.657940272685622,0.0
noQ,2026,T,0.3,middle,5026,0.6423658872077029,0.5904448667203929,0.6340149686217114,0.4727272727272727,0.3291139240506329,0.3880597014925373,0.6830094835637712,0.6259296732761723,0.0
noQ,2026,T,0.3,end,5026,0.6354883081155434,0.5632966285662812,0.6171604900582234,0.4743589743589743,0.2341772151898734,0.3135593220338983,0.7142207418747581,0.584063953428326,0.0
noQ,2026,T,0.3,random,5026,0.6629986244841816,0.5998106828938471,0.6504278793526612,0.4845360824742268,0.2974683544303797,0.3686274509803922,0.6742329555649785,0.6303792054097506,0.0
noQ,2026,T,0.3,random,5027,0.6382393397524071,0.5865140060714512,0.629488739159975,0.4903846153846153,0.3227848101265823,0.3893129770992366,0.697826730106479,0.6014568808894808,0.0
noQ,2026,T,0.3,random,5028,0.6492434662998624,0.5921880301725263,0.6375626217281954,0.5212765957446809,0.310126582278481,0.3888888888888889,0.6896788827975243,0.6190764440766637,0.0
noQ,2026,T,0.4,random,5026,0.640990371389271,0.5760417063827828,0.6255457095945451,0.5,0.2721518987341772,0.3524590163934426,0.7104452167732141,0.5797057647730121,0.0
noQ,2026,T,0.4,random,5027,0.6354883081155434,0.5757283411546187,0.6209308786162117,0.4943820224719101,0.2784810126582278,0.3562753036437247,0.7172676675652577,0.5682250252078529,0.0
noQ,2026,T,0.4,random,5028,0.640990371389271,0.5781933958666972,0.6256415848233181,0.5365853658536586,0.2784810126582278,0.3666666666666666,0.7071380633795517,0.5852323598855971,0.0
noQ,2026,T,0.5,random,5026,0.6203576341127923,0.5349293632090175,0.5960591392048454,0.4477611940298507,0.189873417721519,0.2666666666666666,0.7419153204349815,0.5320424638903681,0.0
noQ,2026,T,0.5,random,5027,0.6203576341127923,0.5439586942243667,0.6001574408968611,0.4594594594594595,0.2151898734177215,0.293103448275862,0.7304833003275524,0.5461989944966743,0.0
noQ,2026,T,0.5,random,5028,0.6258596973865199,0.5517926591020157,0.6036163482825879,0.546875,0.2215189873417721,0.3153153153153153,0.7248621081612932,0.5668146267554727,0.0
noQ,2026,A,0.1,random,5026,0.6918844566712518,0.6488095238095238,0.6880037064391759,0.5,0.4177215189873418,0.4551724137931034,0.6316754749880672,0.6829936667765757,0.0
noQ,2026,A,0.1,random,5027,0.6905089408528198,0.6466655204972586,0.6861926940761434,0.5,0.4113924050632911,0.4513888888888889,0.6313887674376962,0.6824296007072139,0.0
noQ,2026,A,0.1,random,5028,0.6905089408528198,0.6466655204972586,0.6861926940761434,0.5,0.4113924050632911,0.4513888888888889,0.6320044444735273,0.6817083889653346,0.0
noQ,2026,A,0.2,random,5026,0.6918844566712518,0.6489676979205337,0.6877980378148492,0.5038167938931297,0.4177215189873418,0.4567474048442906,0.6325663338008604,0.6818722492516118,0.0
noQ,2026,A,0.2,random,5027,0.6905089408528198,0.6466655204972586,0.6861926940761434,0.5,0.4113924050632911,0.4513888888888889,0.6312668016301257,0.6825682027974465,0.0
noQ,2026,A,0.2,random,5028,0.6905089408528198,0.6466655204972586,0.6861926940761434,0.5,0.4113924050632911,0.4513888888888889,0.6317005180016222,0.6817930247967184,0.0
noQ,2026,A,0.3,start,5026,0.6905089408528198,0.6468240038657034,0.6859881068502771,0.5038759689922481,0.4113924050632911,0.4529616724738676,0.6331682304624663,0.6802063242120138,0.0
noQ,2026,A,0.3,middle,5026,0.6905089408528198,0.6466655204972586,0.6861926940761434,0.5,0.4113924050632911,0.4513888888888889,0.6324071783925167,0.6814748815205317,0.0
noQ,2026,A,0.3,end,5026,0.6918844566712518,0.6486613908422595,0.6881124686486483,0.5,0.4177215189873418,0.4551724137931034,0.6302241033042959,0.6840159128117336,0.0
noQ,2026,A,0.3,random,5026,0.6905089408528198,0.646511710313474,0.6864012079570101,0.4961832061068702,0.4113924050632911,0.4498269896193771,0.6316792307282374,0.6829198760301295,0.0
noQ,2026,A,0.3,random,5027,0.6905089408528198,0.6468240038657034,0.6859881068502771,0.5038759689922481,0.4113924050632911,0.4529616724738676,0.6323392865096022,0.6812894567171511,0.0
noQ,2026,A,0.3,random,5028,0.6905089408528198,0.6466655204972586,0.6861926940761434,0.5,0.4113924050632911,0.4513888888888889,0.6317551896904524,0.6817035920180203,0.0
noQ,2026,A,0.4,random,5026,0.6905089408528198,0.646511710313474,0.6864012079570101,0.4961832061068702,0.4113924050632911,0.4498269896193771,0.6318036719029789,0.6827737239065259,0.0
noQ,2026,A,0.4,random,5027,0.6905089408528198,0.6468240038657034,0.6859881068502771,0.5038759689922481,0.4113924050632911,0.4529616724738676,0.6322620923250865,0.6812819271352337,0.0
noQ,2026,A,0.4,random,5028,0.6905089408528198,0.6468240038657034,0.6859881068502771,0.5038759689922481,0.4113924050632911,0.4529616724738676,0.6326817657894945,0.6804312408834087,0.0
noQ,2026,A,0.5,random,5026,0.6891334250343879,0.6445011234940424,0.6844736016285891,0.4961240310077519,0.4050632911392405,0.445993031358885,0.6330249614969742,0.6815743631614799,0.0
noQ,2026,A,0.5,random,5027,0.6905089408528198,0.6468240038657034,0.6859881068502771,0.5038759689922481,0.4113924050632911,0.4529616724738676,0.6319696425127649,0.6815373239724402,0.0
noQ,2026,A,0.5,random,5028,0.6905089408528198,0.6466655204972586,0.6861926940761434,0.5,0.4113924050632911,0.4513888888888889,0.6321599428844199,0.681753597086829,0.0
noQ,2026,V,0.1,random,5026,0.6960110041265475,0.6551887570862917,0.693094639712304,0.5111111111111111,0.4367088607594936,0.4709897610921502,0.6306174849849552,0.6831794571570787,0.0
noQ,2026,V,0.1,random,5027,0.6946354883081155,0.653073326448602,0.6914039312668169,0.5074626865671642,0.430379746835443,0.4657534246575342,0.6308493999830309,0.6831473038484122,0.0
noQ,2026,V,0.1,random,5028,0.6946354883081155,0.653073326448602,0.6914039312668169,0.5074626865671642,0.430379746835443,0.4657534246575342,0.6308502176451795,0.6831526906723953,0.0
noQ,2026,V,0.2,random,5026,0.6973865199449794,0.6572933771209634,0.6947791947021184,0.5147058823529411,0.4430379746835443,0.4761904761904761,0.6287510452798897,0.6837793080260911,0.0
noQ,2026,V,0.2,random,5027,0.6960110041265475,0.6561681922725993,0.693551336484099,0.5109489051094891,0.4430379746835443,0.4745762711864407,0.6291566535786849,0.6836869919778343,0.0
noQ,2026,V,0.2,random,5028,0.6973865199449794,0.6572933771209634,0.6947791947021184,0.5147058823529411,0.4430379746835443,0.4761904761904761,0.6285627315107002,0.6839545340045109,0.0
noQ,2026,V,0.3,start,5026,0.6973865199449794,0.6572933771209634,0.6947791947021184,0.5147058823529411,0.4430379746835443,0.4761904761904761,0.627308841706253,0.6842415201809919,0.0
noQ,2026,V,0.3,middle,5026,0.6973865199449794,0.6572933771209634,0.6947791947021184,0.5147058823529411,0.4430379746835443,0.4761904761904761,0.6274624489864427,0.6841731981022232,0.0
noQ,2026,V,0.3,end,5026,0.6973865199449794,0.6572933771209634,0.6947791947021184,0.5147058823529411,0.4430379746835443,0.4761904761904761,0.6283135055493048,0.6839026977757565,0.0
noQ,2026,V,0.3,random,5026,0.6973865199449794,0.6572933771209634,0.6947791947021184,0.5147058823529411,0.4430379746835443,0.4761904761904761,0.6276962500566898,0.6841189647780967,0.0
noQ,2026,V,0.3,random,5027,0.6960110041265475,0.6561681922725993,0.693551336484099,0.5109489051094891,0.4430379746835443,0.4745762711864407,0.6280619167674525,0.6840727855125233,0.0
noQ,2026,V,0.3,random,5028,0.6973865199449794,0.6572933771209634,0.6947791947021184,0.5147058823529411,0.4430379746835443,0.4761904761904761,0.6273934933134481,0.6844361022714097,0.0
noQ,2026,V,0.4,random,5026,0.6973865199449794,0.6572933771209634,0.6947791947021184,0.5147058823529411,0.4430379746835443,0.4761904761904761,0.6267713145819644,0.6842911447056272,0.0
noQ,2026,V,0.4,random,5027,0.6973865199449794,0.6572933771209634,0.6947791947021184,0.5147058823529411,0.4430379746835443,0.4761904761904761,0.6265757249198538,0.6845648231020698,0.0
noQ,2026,V,0.4,random,5028,0.6973865199449794,0.6572933771209634,0.6947791947021184,0.5147058823529411,0.4430379746835443,0.4761904761904761,0.6264799686821756,0.6846941104464117,0.0
noQ,2026,V,0.5,random,5026,0.6946354883081155,0.6547121091288781,0.6924156198131348,0.5072463768115942,0.4430379746835443,0.4729729729729729,0.6267001564383583,0.6843052671458298,0.0
noQ,2026,V,0.5,random,5027,0.6973865199449794,0.6572735431896016,0.6948710505120524,0.5109489051094891,0.4430379746835443,0.4745762711864407,0.6255711332796128,0.6851232697405064,0.0
noQ,2026,V,0.5,random,5028,0.6960110041265475,0.6561681922725993,0.693551336484099,0.5109489051094891,0.4430379746835443,0.4745762711864407,0.6262563257265966,0.6847965979032089,0.0
noQ,2026,TA,0.3,start,5026,0.6629986244841816,0.5912164163317114,0.6448773786961591,0.4878048780487805,0.2531645569620253,0.3333333333333333,0.6600650844373749,0.65704649753556,0.0
noQ,2026,TA,0.3,middle,5026,0.6423658872077029,0.5904448667203929,0.6340149686217114,0.4727272727272727,0.3291139240506329,0.3880597014925373,0.6838204899188134,0.62529573803856,0.0
noQ,2026,TA,0.3,end,5026,0.6341127922971114,0.560471769809219,0.6153186976911704,0.4615384615384615,0.2278481012658227,0.3050847457627119,0.7126580604820292,0.5861342388125628,0.0
noQ,2026,TA,0.3,random,5026,0.6588720770288858,0.5935450911972815,0.645769160339152,0.4639175257731959,0.2848101265822785,0.3529411764705882,0.6754222865356394,0.6308871510810139,0.0
noQ,2026,TA,0.3,random,5027,0.6341127922971114,0.5807034789692337,0.6244461998831966,0.4851485148514851,0.310126582278481,0.3783783783783784,0.6975027549494144,0.6020688615949468,0.0
noQ,2026,TA,0.3,random,5028,0.6492434662998624,0.5923066670106373,0.6374476188509293,0.5212765957446809,0.310126582278481,0.3888888888888889,0.6891262162017324,0.6190593375779032,0.0
noQ,2026,TV,0.3,start,5026,0.6671251719394773,0.5969779748317835,0.6501835227564011,0.5,0.2658227848101265,0.3471074380165289,0.6550753417839917,0.6596855595966766,0.0
noQ,2026,TV,0.3,middle,5026,0.6368638239339752,0.585308054640548,0.629200866710118,0.4561403508771929,0.3291139240506329,0.3823529411764705,0.6832248726012939,0.6247222878003171,0.0
noQ,2026,TV,0.3,end,5026,0.6354883081155434,0.5647162786017083,0.6181637125960424,0.4634146341463415,0.240506329113924,0.3166666666666666,0.7125457835016704,0.5839963635357465,0.0
noQ,2026,TV,0.3,random,5026,0.6616231086657497,0.5988809734271342,0.6491426273751012,0.4795918367346938,0.2974683544303797,0.3671875,0.6724775011843818,0.6308499697108094,0.0
noQ,2026,TV,0.3,random,5027,0.6382393397524071,0.5873188472622171,0.6300284312228066,0.490566037735849,0.3291139240506329,0.3939393939393939,0.69750092543029,0.6013297148699411,0.0
noQ,2026,TV,0.3,random,5028,0.6533700137551581,0.6007892216762031,0.6435362688056161,0.5247524752475248,0.3354430379746835,0.4092664092664093,0.6872402112344409,0.6199948294115943,0.0
noQ,2026,AV,0.3,start,5026,0.6932599724896836,0.6521182166109707,0.6899771784694749,0.5074626865671642,0.430379746835443,0.4657534246575342,0.629002330444797,0.6825680048225883,0.0
noQ,2026,AV,0.3,middle,5026,0.6932599724896836,0.6509469582348185,0.6897069827387167,0.5037593984962406,0.4240506329113924,0.4604810996563573,0.6282035366482395,0.6840469790342153,0.0
noQ,2026,AV,0.3,end,5026,0.6946354883081155,0.653073326448602,0.6914039312668169,0.5074626865671642,0.430379746835443,0.4657534246575342,0.6278730690237603,0.6848028415552122,0.0
noQ,2026,AV,0.3,random,5026,0.6960110041265475,0.6551887570862917,0.693094639712304,0.5111111111111111,0.4367088607594936,0.4709897610921502,0.6274450469134606,0.6842695006017189,0.0
noQ,2026,AV,0.3,random,5027,0.6918844566712518,0.6496877209940771,0.6885984777304954,0.5,0.4240506329113924,0.4589041095890411,0.628038025884729,0.684601786363845,0.0
noQ,2026,AV,0.3,random,5028,0.6946354883081155,0.653073326448602,0.6914039312668169,0.5074626865671642,0.430379746835443,0.4657534246575342,0.6274392087353522,0.6845616258335131,0.0
noQ,2026,TAV,0.3,start,5026,0.6629986244841816,0.5935162642999634,0.6467881422842119,0.4827586206896552,0.2658227848101265,0.3428571428571428,0.6572567424160445,0.6586509918223729,0.0
noQ,2026,TAV,0.3,middle,5026,0.6368638239339752,0.5851812269152786,0.6294968226312538,0.4482758620689655,0.3291139240506329,0.3795620437956204,0.6837618763213452,0.6245255321726034,0.0
noQ,2026,TAV,0.3,end,5026,0.6341127922971114,0.5620324703020135,0.6161309811933101,0.4567901234567901,0.2341772151898734,0.309623430962343,0.7109100975904474,0.5858162812270339,0.0
noQ,2026,TAV,0.3,random,5026,0.6602475928473177,0.5961612342865309,0.6476644649806297,0.4646464646464646,0.2911392405063291,0.357976653696498,0.6719410315957827,0.6320997820937714,0.0
noQ,2026,TAV,0.3,random,5027,0.6354883081155434,0.5827049611884031,0.6261660330759629,0.4854368932038835,0.3164556962025316,0.3831417624521073,0.6967099988879747,0.6019891150730702,0.0
noQ,2026,TAV,0.3,random,5028,0.6519944979367263,0.5987814281287444,0.6416518619579081,0.52,0.3291139240506329,0.4031007751937984,0.6883904985452812,0.6197174759564752,0.0
noQ,2027,none,0.0,none,0,0.6987620357634112,0.6442981038569274,0.688443277533212,0.5130434782608696,0.3734177215189873,0.4322344322344322,0.6186977742168309,0.695155542906545,0.0
noQ,2027,T,0.1,random,5026,0.6946354883081155,0.634113259694655,0.6805549979984579,0.5196078431372549,0.3354430379746835,0.4076923076923077,0.6285226322929037,0.6830517875587346,0.0
noQ,2027,T,0.1,random,5027,0.6850068775790922,0.6230734179338275,0.6702168077094509,0.51,0.3227848101265823,0.3953488372093023,0.6339468121086128,0.6670046512284913,0.0
noQ,2027,T,0.1,random,5028,0.6850068775790922,0.6313856997692477,0.6739379198553513,0.5370370370370371,0.3670886075949367,0.4360902255639097,0.6427886872485185,0.6661280558469264,0.0
noQ,2027,T,0.2,random,5026,0.687757909215956,0.6209905294208974,0.6695228106907114,0.5632183908045977,0.310126582278481,0.4,0.6578798890037177,0.6428199793437546,0.0
noQ,2027,T,0.2,random,5027,0.6795048143053645,0.6100361522134164,0.6610223759668041,0.5054945054945055,0.2911392405063291,0.3694779116465863,0.6540509719754841,0.6488561678566254,0.0
noQ,2027,T,0.2,random,5028,0.6671251719394773,0.6070410971061596,0.6520682947989501,0.5263157894736842,0.3164556962025316,0.3952569169960474,0.6707089459792579,0.6350034347445322,0.0
noQ,2027,T,0.3,start,5026,0.657496561210454,0.5756991883501877,0.6329266857099981,0.4605263157894737,0.2215189873417721,0.2991452991452991,0.6579190393437757,0.648327661051177,0.0
noQ,2027,T,0.3,middle,5026,0.6547455295735901,0.5869198302404409,0.6373044043211625,0.4680851063829787,0.2784810126582278,0.3492063492063492,0.6756278658583057,0.6288833264825738,0.0
noQ,2027,T,0.3,end,5026,0.6478679504814305,0.5758469256921269,0.6268308893883268,0.5125,0.2594936708860759,0.3445378151260504,0.6949340828643604,0.5991017147317272,0.0
noQ,2027,T,0.3,random,5026,0.6685006877579092,0.5946281687098613,0.6483697121028612,0.4886363636363636,0.2721518987341772,0.3495934959349593,0.6632684313588387,0.630418328259288,0.0
noQ,2027,T,0.3,random,5027,0.656121045392022,0.5847676523320552,0.6361116868435772,0.4712643678160919,0.2594936708860759,0.3346938775510204,0.6699297029806687,0.6216583200949177,0.0
noQ,2027,T,0.3,random,5028,0.657496561210454,0.5889960208142027,0.6379924037170505,0.5119047619047619,0.2721518987341772,0.3553719008264462,0.6879202628145976,0.6171665771319811,0.0
noQ,2027,T,0.4,random,5026,0.6464924346629987,0.5702161314527212,0.6249231964316374,0.4705882352941176,0.2531645569620253,0.3292181069958848,0.6987839449415159,0.5842987434316174,0.0
noQ,2027,T,0.4,random,5027,0.6217331499312242,0.54785961422017,0.6016237380958631,0.4044943820224719,0.2278481012658227,0.291497975708502,0.7112961878776431,0.5771310044159274,0.0
noQ,2027,T,0.4,random,5028,0.6341127922971114,0.5587058528682913,0.6117505251683993,0.4810126582278481,0.240506329113924,0.3206751054852321,0.7073104545285529,0.5829644874792219,0.0
noQ,2027,T,0.5,random,5026,0.6327372764786795,0.5453687572590011,0.6040761038873899,0.5,0.2088607594936709,0.2946428571428571,0.7262530726677431,0.5465548825361941,0.0
noQ,2027,T,0.5,random,5027,0.6231086657496562,0.5410226926358336,0.5966657559363173,0.4705882352941176,0.2025316455696202,0.2831858407079646,0.7222127289780721,0.5549857133118881,0.0
noQ,2027,T,0.5,random,5028,0.6396148555708391,0.5589950597640866,0.6133987213000037,0.5223880597014925,0.2215189873417721,0.3111111111111111,0.7153161624436379,0.5658048889454753,0.0
noQ,2027,A,0.1,random,5026,0.7001375515818432,0.6465475574539472,0.6901979750418187,0.5172413793103449,0.379746835443038,0.437956204379562,0.6182554852991515,0.6956533266394945,0.0
noQ,2027,A,0.1,random,5027,0.7001375515818432,0.6465475574539472,0.6901979750418187,0.5172413793103449,0.379746835443038,0.437956204379562,0.6179453927239901,0.6957785975491058,0.0
noQ,2027,A,0.1,random,5028,0.7001375515818432,0.6465475574539472,0.6901979750418187,0.5172413793103449,0.379746835443038,0.437956204379562,0.6183455534409804,0.6953606300096914,0.0
noQ,2027,A,0.2,random,5026,0.7001375515818432,0.6465475574539472,0.6901979750418187,0.5172413793103449,0.379746835443038,0.437956204379562,0.6182145703109013,0.6958282801369349,0.0
noQ,2027,A,0.2,random,5027,0.7001375515818432,0.6465475574539472,0.6901979750418187,0.5172413793103449,0.379746835443038,0.437956204379562,0.6180343066538502,0.6957416216765199,0.0
noQ,2027,A,0.2,random,5028,0.7001375515818432,0.6465475574539472,0.6901979750418187,0.5172413793103449,0.379746835443038,0.437956204379562,0.6183353199090399,0.695440800845085,0.0
noQ,2027,A,0.3,start,5026,0.7001375515818432,0.6465475574539472,0.6901979750418187,0.5172413793103449,0.379746835443038,0.437956204379562,0.6175176711711599,0.6959745729010822,0.0
noQ,2027,A,0.3,middle,5026,0.7015130674002751,0.6487840370638537,0.6919449686703891,0.5213675213675214,0.3860759493670886,0.4436363636363636,0.6172741736253688,0.6961606226988898,0.0
noQ,2027,A,0.3,end,5026,0.7015130674002751,0.6481084047094067,0.6914231175752125,0.5217391304347826,0.379746835443038,0.4395604395604395,0.617881416828489,0.6959980941081285,0.0
noQ,2027,A,0.3,random,5026,0.7001375515818432,0.6465475574539472,0.6901979750418187,0.5172413793103449,0.379746835443038,0.437956204379562,0.617860687833326,0.6961945304788177,0.0
noQ,2027,A,0.3,random,5027,0.7015130674002751,0.6481084047094067,0.6914231175752125,0.5217391304347826,0.379746835443038,0.4395604395604395,0.6176279135924954,0.696116993870021,0.0
noQ,2027,A,0.3,random,5028,0.7001375515818432,0.6465475574539472,0.6901979750418187,0.5172413793103449,0.379746835443038,0.437956204379562,0.6180080955121213,0.6957297289126773,0.0
noQ,2027,A,0.4,random,5026,0.7001375515818432,0.6465475574539472,0.6901979750418187,0.5172413793103449,0.379746835443038,0.437956204379562,0.6181148109346096,0.6961433917017514,0.0
noQ,2027,A,0.4,random,5027,0.7015130674002751,0.6481084047094067,0.6914231175752125,0.5217391304347826,0.379746835443038,0.4395604395604395,0.6174468258834236,0.6963688170090143,0.0
noQ,2027,A,0.4,random,5028,0.7015130674002751,0.6487840370638537,0.6919449686703891,0.5213675213675214,0.3860759493670886,0.4436363636363636,0.6172057058235377,0.6959654526799398,0.0
noQ,2027,A,0.5,random,5026,0.7001375515818432,0.6475291713391046,0.6909692582900278,0.5126050420168067,0.3860759493670886,0.4404332129963899,0.6177043924533991,0.6958865429775627,0.0
noQ,2027,A,0.5,random,5027,0.7001375515818432,0.6477173474135132,0.6908025755178034,0.5169491525423728,0.3860759493670886,0.4420289855072464,0.6172193794349637,0.6960911735251524,0.0
noQ,2027,A,0.5,random,5028,0.7001375515818432,0.6477173474135132,0.6908025755178034,0.5169491525423728,0.3860759493670886,0.4420289855072464,0.6172412600127424,0.6957089406646932,0.0
noQ,2027,V,0.1,random,5026,0.6987620357634112,0.6442981038569274,0.688443277533212,0.5130434782608696,0.3734177215189873,0.4322344322344322,0.6191477834107955,0.6948414546658827,0.0
noQ,2027,V,0.1,random,5027,0.6987620357634112,0.6442981038569274,0.688443277533212,0.5130434782608696,0.3734177215189873,0.4322344322344322,0.6190832675446715,0.6948895636544327,0.0
noQ,2027,V,0.1,random,5028,0.6987620357634112,0.6442981038569274,0.688443277533212,0.5130434782608696,0.3734177215189873,0.4322344322344322,0.6190817543872752,0.6948356639136645,0.0
noQ,2027,V,0.2,random,5026,0.6987620357634112,0.6442981038569274,0.688443277533212,0.5130434782608696,0.3734177215189873,0.4322344322344322,0.6193774612117556,0.6945236319131669,0.0
noQ,2027,V,0.2,random,5027,0.6987620357634112,0.6442981038569274,0.688443277533212,0.5130434782608696,0.3734177215189873,0.4322344322344322,0.6194032623776433,0.6945529026335568,0.0
noQ,2027,V,0.2,random,5028,0.7001375515818432,0.6465475574539472,0.6901979750418187,0.5172413793103449,0.379746835443038,0.437956204379562,0.6191805365240245,0.694585256189046,0.0
noQ,2027,V,0.3,start,5026,0.7001375515818432,0.6465475574539472,0.6901979750418187,0.5172413793103449,0.379746835443038,0.437956204379562,0.6194410218048142,0.6944692512174793,0.0
noQ,2027,V,0.3,middle,5026,0.6987620357634112,0.6442981038569274,0.688443277533212,0.5130434782608696,0.3734177215189873,0.4322344322344322,0.6200161025576839,0.6940080304509745,0.0
noQ,2027,V,0.3,end,5026,0.6987620357634112,0.6442981038569274,0.688443277533212,0.5130434782608696,0.3734177215189873,0.4322344322344322,0.6197304996530966,0.6941601235400398,0.0
noQ,2027,V,0.3,random,5026,0.6987620357634112,0.6442981038569274,0.688443277533212,0.5130434782608696,0.3734177215189873,0.4322344322344322,0.6199110692909168,0.6941345393766893,0.0
noQ,2027,V,0.3,random,5027,0.6987620357634112,0.6442981038569274,0.688443277533212,0.5130434782608696,0.3734177215189873,0.4322344322344322,0.6199554614693801,0.6941635140132955,0.0
noQ,2027,V,0.3,random,5028,0.7001375515818432,0.6465475574539472,0.6901979750418187,0.5172413793103449,0.379746835443038,0.437956204379562,0.6195780997378273,0.6942997711411643,0.0
noQ,2027,V,0.4,random,5026,0.6987620357634112,0.6443476496511306,0.6885919231132195,0.5086206896551724,0.3734177215189873,0.4306569343065693,0.620164063781535,0.693758155264694,0.0
noQ,2027,V,0.4,random,5027,0.6987620357634112,0.6443476496511306,0.6885919231132195,0.5086206896551724,0.3734177215189873,0.4306569343065693,0.6201405737400255,0.6938955040781041,0.0
noQ,2027,V,0.4,random,5028,0.7001375515818432,0.6465920798854629,0.6903433454169928,0.5128205128205128,0.379746835443038,0.4363636363636363,0.6198260007205593,0.6939692643870471,0.0
noQ,2027,V,0.5,random,5026,0.6987620357634112,0.6450329227474686,0.68911808238128,0.5084745762711864,0.379746835443038,0.4347826086956521,0.6207507465936373,0.6934606256852298,0.0
noQ,2027,V,0.5,random,5027,0.7001375515818432,0.6464081638537739,0.6905122544044131,0.5084745762711864,0.379746835443038,0.4347826086956521,0.6207402927459509,0.6935696221266173,0.0
noQ,2027,V,0.5,random,5028,0.7001375515818432,0.6464081638537739,0.6905122544044131,0.5084745762711864,0.379746835443038,0.4347826086956521,0.6206148269078969,0.6935961428326877,0.0
noQ,2027,TA,0.3,start,5026,0.656121045392022,0.5753238668250444,0.632461755663752,0.4430379746835443,0.2215189873417721,0.2953586497890295,0.6580171980331231,0.6488221041916281,0.0
noQ,2027,TA,0.3,middle,5026,0.656121045392022,0.5889920536807619,0.6392458084307808,0.4736842105263157,0.2848101265822785,0.3557312252964427,0.6748998293033429,0.630185484968682,0.0
noQ,2027,TA,0.3,end,5026,0.6437414030261348,0.5742236293814124,0.6244120103629273,0.4941176470588235,0.2658227848101265,0.345679012345679,0.6957884337188558,0.5979597607217058,0.0
noQ,2027,TA,0.3,random,5026,0.672627235213205,0.602479727706588,0.6551353712673509,0.4842105263157895,0.2911392405063291,0.3636363636363636,0.6612379759213808,0.632040460120506,0.0
noQ,2027,TA,0.3,random,5027,0.6533700137551581,0.5828078535344489,0.6339445797870881,0.4606741573033708,0.2594936708860759,0.3319838056680162,0.6697057427092898,0.6225958233687306,0.0
noQ,2027,TA,0.3,random,5028,0.6547455295735901,0.586435445041786,0.6356632166516143,0.5,0.2721518987341772,0.3524590163934426,0.6890246443972885,0.6161899522648828,0.0
noQ,2027,TV,0.3,start,5026,0.6588720770288858,0.5784334692546621,0.6349802516361681,0.4675324675324675,0.2278481012658227,0.3063829787234042,0.6597007530823288,0.6464212813890078,0.0
noQ,2027,TV,0.3,middle,5026,0.656121045392022,0.5881296049975379,0.638380331949561,0.4731182795698925,0.2784810126582278,0.350597609561753,0.680106744090701,0.6245629326777099,0.0
noQ,2027,TV,0.3,end,5026,0.6437414030261348,0.5728785815881833,0.6236669404514195,0.4880952380952381,0.2594936708860759,0.3388429752066115,0.6991937279641467,0.5961627129529143,0.0
noQ,2027,TV,0.3,random,5026,0.6657496561210454,0.5941954077399586,0.6470479717416745,0.4782608695652174,0.2784810126582278,0.352,0.667939290044345,0.6282216449771186,0.0
noQ,2027,TV,0.3,random,5027,0.6588720770288858,0.5885555897573743,0.6391337002484722,0.4827586206896552,0.2658227848101265,0.3428571428571428,0.6719992074591296,0.6205113546199917,0.0
noQ,2027,TV,0.3,random,5028,0.6547455295735901,0.5866060647727757,0.6355110866762628,0.5058823529411764,0.2721518987341772,0.3539094650205761,0.6923655414313605,0.6112674821312593,0.0
noQ,2027,AV,0.3,start,5026,0.7015130674002751,0.6487840370638537,0.6919449686703891,0.5213675213675214,0.3860759493670886,0.4436363636363636,0.6183046205920361,0.6952274175947056,0.0
noQ,2027,AV,0.3,middle,5026,0.7028885832187071,0.6510076969893813,0.693684361996246,0.5254237288135594,0.3924050632911392,0.4492753623188406,0.6186106710661213,0.6949855424485265,0.0
noQ,2027,AV,0.3,end,5026,0.7028885832187071,0.650811950505791,0.693847076704465,0.5210084033613446,0.3924050632911392,0.447653429602888,0.6185967609125222,0.695047139652679,0.0
noQ,2027,AV,0.3,random,5026,0.7015130674002751,0.6485922380521832,0.6921094960592008,0.5169491525423728,0.3860759493670886,0.4420289855072464,0.6190943617083233,0.695123873774934,0.0
noQ,2027,AV,0.3,random,5027,0.7015130674002751,0.6499359102079373,0.6925384387904772,0.5210084033613446,0.3924050632911392,0.447653429602888,0.6187934353226945,0.6946336613082843,0.0
noQ,2027,AV,0.3,random,5028,0.7028885832187071,0.6510076969893813,0.693684361996246,0.5254237288135594,0.3924050632911392,0.4492753623188406,0.6185541770489935,0.694901782146759,0.0
noQ,2027,TAV,0.3,start,5026,0.656121045392022,0.5767012503500033,0.6331555652880947,0.45,0.2278481012658227,0.3025210084033613,0.6602109651457905,0.6467418675100701,0.0
noQ,2027,TAV,0.3,middle,5026,0.6547455295735901,0.58794050375004,0.6381277111550776,0.4639175257731959,0.2848101265822785,0.3529411764705882,0.6783665754877071,0.628598042945059,0.0
noQ,2027,TAV,0.3,end,5026,0.640990371389271,0.5723146793895791,0.622477189331531,0.4719101123595505,0.2658227848101265,0.340080971659919,0.6994198305359302,0.5953516293138551,0.0
noQ,2027,TAV,0.3,random,5026,0.6671251719394773,0.5992157216345156,0.6510843947047286,0.47,0.2974683544303797,0.3643410852713178,0.6654653392480732,0.6300105176559749,0.0
noQ,2027,TAV,0.3,random,5027,0.6533700137551581,0.5840699379966104,0.6346610040605509,0.4615384615384615,0.2658227848101265,0.3373493975903614,0.6721772575613142,0.6210682237323483,0.0
noQ,2027,TAV,0.3,random,5028,0.6519944979367263,0.5844184742018931,0.6334543250992165,0.4886363636363636,0.2721518987341772,0.3495934959349593,0.6925974793574899,0.6130745503130545,0.0
noQ,2028,none,0.0,none,0,0.6918844566712518,0.6324415508173549,0.6797321779824899,0.4907407407407407,0.3354430379746835,0.3984962406015037,0.6146455018225268,0.6996989969424985,0.0
noQ,2028,T,0.1,random,5026,0.6822558459422283,0.6140763607976724,0.6635990106360143,0.5232558139534884,0.2848101265822785,0.3688524590163934,0.6319105497517746,0.6843401617976539,0.0
noQ,2028,T,0.1,random,5027,0.6753782668500687,0.6076946215384935,0.6578748188957979,0.4731182795698925,0.2784810126582278,0.350597609561753,0.6380289417350025,0.6648822841814006,0.0
noQ,2028,T,0.1,random,5028,0.6822558459422283,0.6273037044764838,0.669952544241103,0.5392156862745098,0.3481012658227848,0.4230769230769231,0.6346466955991444,0.681731917357906,0.0
noQ,2028,T,0.2,random,5026,0.6891334250343879,0.6150369614211596,0.6657841715913992,0.6,0.2658227848101265,0.3684210526315789,0.650030195043963,0.6514141598270177,0.0
noQ,2028,T,0.2,random,5027,0.6657496561210454,0.5850704485036395,0.641247187065713,0.4675324675324675,0.2278481012658227,0.3063829787234042,0.6510751694585064,0.6499218490795097,0.0
noQ,2028,T,0.2,random,5028,0.6657496561210454,0.6024502779881504,0.6483620410337105,0.5662650602409639,0.2974683544303797,0.3900414937759336,0.6584595766070415,0.6535899892263914,0.0
noQ,2028,T,0.3,start,5026,0.6671251719394773,0.5750323382897861,0.63576201332805,0.5172413793103449,0.189873417721519,0.2777777777777778,0.6534029349013026,0.6595405405733522,0.0
noQ,2028,T,0.3,middle,5026,0.6382393397524071,0.5467101380541082,0.6076713258656041,0.4516129032258064,0.1772151898734177,0.2545454545454545,0.6746364271675437,0.6328909558497464,0.0
noQ,2028,T,0.3,end,5026,0.6437414030261348,0.5551969818024864,0.6135262142291155,0.4833333333333333,0.1835443037974683,0.2660550458715596,0.6941651596611733,0.6021445874224223,0.0
noQ,2028,T,0.3,random,5026,0.6602475928473177,0.5800470476088972,0.6339869596173133,0.5625,0.2278481012658227,0.3243243243243243,0.6607525972942839,0.6322887533476111,0.0
noQ,2028,T,0.3,random,5027,0.640990371389271,0.5536347204028021,0.6133416458733237,0.4225352112676056,0.189873417721519,0.2620087336244541,0.6719464489820252,0.6278724849309731,0.0
noQ,2028,T,0.3,random,5028,0.6437414030261348,0.5605937057419507,0.6164150330799543,0.4848484848484848,0.2025316455696202,0.2857142857142857,0.6811265952179503,0.6299449162348109,0.0
noQ,2028,T,0.4,random,5026,0.6299862448418156,0.5287186155720344,0.5928969156201572,0.4693877551020408,0.1455696202531645,0.2222222222222222,0.7084257180790575,0.5777683712713085,0.0
noQ,2028,T,0.4,random,5027,0.6286107290233838,0.5346247018390886,0.59608042972297,0.4166666666666667,0.1582278481012658,0.2293577981651376,0.7142585315862774,0.5762268921771109,0.0
noQ,2028,T,0.4,random,5028,0.6396148555708391,0.5454627733061588,0.6061911842136123,0.4909090909090909,0.170886075949367,0.2535211267605634,0.7023600706765823,0.597677260380408,0.0
noQ,2028,T,0.5,random,5026,0.6162310866574966,0.502393120074505,0.5716927328588524,0.5,0.1139240506329113,0.1855670103092783,0.7272546848725053,0.5424855604644521,0.0
noQ,2028,T,0.5,random,5027,0.6134800550206327,0.501233314532807,0.5700261836767468,0.4358974358974359,0.1075949367088607,0.1725888324873096,0.7168331485053897,0.55797286660019,0.0
noQ,2028,T,0.5,random,5028,0.6272352132049519,0.5073691438903,0.5798832239917343,0.4444444444444444,0.1012658227848101,0.1649484536082474,0.7167943982993333,0.5719962904525151,0.0
noQ,2028,A,0.1,random,5026,0.6918844566712518,0.6324415508173549,0.6797321779824899,0.4907407407407407,0.3354430379746835,0.3984962406015037,0.6146366429489679,0.6997572870528216,0.0
noQ,2028,A,0.1,random,5027,0.6918844566712518,0.6324415508173549,0.6797321779824899,0.4907407407407407,0.3354430379746835,0.3984962406015037,0.6145443430094951,0.7002260744218822,0.0
noQ,2028,A,0.1,random,5028,0.6918844566712518,0.6324415508173549,0.6797321779824899,0.4907407407407407,0.3354430379746835,0.3984962406015037,0.6147487098193669,0.6998350369618186,0.0
noQ,2028,A,0.2,random,5026,0.6918844566712518,0.6323959733039864,0.6795918920865777,0.4953271028037383,0.3354430379746835,0.4,0.6145670669882366,0.6999432018233847,0.0
noQ,2028,A,0.2,random,5027,0.6918844566712518,0.6324415508173549,0.6797321779824899,0.4907407407407407,0.3354430379746835,0.3984962406015037,0.6145621406274517,0.7004534916455258,0.0
noQ,2028,A,0.2,random,5028,0.6918844566712518,0.6324415508173549,0.6797321779824899,0.4907407407407407,0.3354430379746835,0.3984962406015037,0.6147904958379334,0.6999623350081379,0.0
noQ,2028,A,0.3,start,5026,0.6918844566712518,0.6323959733039864,0.6795918920865777,0.4953271028037383,0.3354430379746835,0.4,0.6152180713601527,0.6997215814938764,0.0
noQ,2028,A,0.3,middle,5026,0.6918844566712518,0.6324415508173549,0.6797321779824899,0.4907407407407407,0.3354430379746835,0.3984962406015037,0.6144230245189932,0.7002719669217963,0.0
noQ,2028,A,0.3,end,5026,0.6918844566712518,0.6323959733039864,0.6795918920865777,0.4953271028037383,0.3354430379746835,0.4,0.6148314026169124,0.7004566350552559,0.0
noQ,2028,A,0.3,random,5026,0.6918844566712518,0.6323959733039864,0.6795918920865777,0.4953271028037383,0.3354430379746835,0.4,0.6145534387544358,0.7000703612019242,0.0
noQ,2028,A,0.3,random,5027,0.6918844566712518,0.6324415508173549,0.6797321779824899,0.4907407407407407,0.3354430379746835,0.3984962406015037,0.6146357788740857,0.7005162236767126,0.0
noQ,2028,A,0.3,random,5028,0.6918844566712518,0.6324415508173549,0.6797321779824899,0.4907407407407407,0.3354430379746835,0.3984962406015037,0.6149278817386435,0.7000082198797365,0.0
noQ,2028,A,0.4,random,5026,0.6918844566712518,0.6323959733039864,0.6795918920865777,0.4953271028037383,0.3354430379746835,0.4,0.6146342274091735,0.700110093594628,0.0
noQ,2028,A,0.4,random,5027,0.6918844566712518,0.6324415508173549,0.6797321779824899,0.4907407407407407,0.3354430379746835,0.3984962406015037,0.6147701641601182,0.7006173052354205,0.0
noQ,2028,A,0.4,random,5028,0.6918844566712518,0.6324415508173549,0.6797321779824899,0.4907407407407407,0.3354430379746835,0.3984962406015037,0.6149459918159644,0.7001676718602383,0.0
noQ,2028,A,0.5,random,5026,0.6918844566712518,0.6324415508173549,0.6797321779824899,0.4907407407407407,0.3354430379746835,0.3984962406015037,0.614356578569482,0.7004503411325583,0.0
noQ,2028,A,0.5,random,5027,0.6918844566712518,0.6323959733039864,0.6795918920865777,0.4953271028037383,0.3354430379746835,0.4,0.6146309954831972,0.700942416116839,0.0
noQ,2028,A,0.5,random,5028,0.6918844566712518,0.6323959733039864,0.6795918920865777,0.4953271028037383,0.3354430379746835,0.4,0.6149207233214534,0.70038741884241,0.0
noQ,2028,V,0.1,random,5026,0.6918844566712518,0.6324415508173549,0.6797321779824899,0.4907407407407407,0.3354430379746835,0.3984962406015037,0.6143393267078142,0.6998030212178015,0.0
noQ,2028,V,0.1,random,5027,0.6918844566712518,0.6324415508173549,0.6797321779824899,0.4907407407407407,0.3354430379746835,0.3984962406015037,0.6142588259310333,0.6998465660111114,0.0
noQ,2028,V,0.1,random,5028,0.6918844566712518,0.6324415508173549,0.6797321779824899,0.4907407407407407,0.3354430379746835,0.3984962406015037,0.6143944591159654,0.6997726354479925,0.0
noQ,2028,V,0.2,random,5026,0.6918844566712518,0.6324415508173549,0.6797321779824899,0.4907407407407407,0.3354430379746835,0.3984962406015037,0.6141313393663709,0.6999082874050758,0.0
noQ,2028,V,0.2,random,5027,0.6918844566712518,0.6324415508173549,0.6797321779824899,0.4907407407407407,0.3354430379746835,0.3984962406015037,0.6140292901397814,0.6998978186568349,0.0
noQ,2028,V,0.2,random,5028,0.6918844566712518,0.6324415508173549,0.6797321779824899,0.4907407407407407,0.3354430379746835,0.3984962406015037,0.6141776486627252,0.6998697838215165,0.0
noQ,2028,V,0.3,start,5026,0.6918844566712518,0.6324415508173549,0.6797321779824899,0.4907407407407407,0.3354430379746835,0.3984962406015037,0.6140262517303171,0.6996329037064964,0.0
noQ,2028,V,0.3,middle,5026,0.6918844566712518,0.6325969294188293,0.6795423213716342,0.4953271028037383,0.3354430379746835,0.4,0.6145348895623641,0.6995648632244176,0.0
noQ,2028,V,0.3,end,5026,0.6905089408528198,0.630081206148389,0.6779020836409757,0.4859813084112149,0.3291139240506329,0.3924528301886792,0.6140000942493051,0.6999015348078838,0.0
noQ,2028,V,0.3,random,5026,0.6918844566712518,0.6324415508173549,0.6797321779824899,0.4907407407407407,0.3354430379746835,0.3984962406015037,0.6139462473724777,0.6999555676377934,0.0
noQ,2028,V,0.3,random,5027,0.6918844566712518,0.6324415508173549,0.6797321779824899,0.4907407407407407,0.3354430379746835,0.3984962406015037,0.6138122388983523,0.6999090882724753,0.0
noQ,2028,V,0.3,random,5028,0.6918844566712518,0.6324415508173549,0.6797321779824899,0.4907407407407407,0.3354430379746835,0.3984962406015037,0.6138198803555711,0.6999929307246671,0.0
noQ,2028,V,0.4,random,5026,0.6905089408528198,0.63140196036419,0.6785980291594169,0.4862385321100917,0.3354430379746835,0.3970037453183521,0.6138437960118175,0.6998690364562655,0.0
noQ,2028,V,0.4,random,5027,0.6918844566712518,0.6328519241961661,0.6796408516135698,0.4907407407407407,0.3354430379746835,0.3984962406015037,0.6143595974986756,0.6996221549805849,0.0
noQ,2028,V,0.4,random,5028,0.6918844566712518,0.6324933914332979,0.6798770545868572,0.4862385321100917,0.3354430379746835,0.3970037453183521,0.613566439263122,0.7000405298173764,0.0
noQ,2028,V,0.5,random,5026,0.6905089408528198,0.6312239054750758,0.6786712830167563,0.4818181818181818,0.3354430379746835,0.3955223880597014,0.6143403251705046,0.6997136404895117,0.0
noQ,2028,V,0.5,random,5027,0.6905089408528198,0.6314323707014157,0.6786287141366899,0.4818181818181818,0.3354430379746835,0.3955223880597014,0.6144568793272803,0.6995680905187085,0.0
noQ,2028,V,0.5,random,5028,0.6905089408528198,0.6312872120919742,0.67882446078587,0.4774774774774775,0.3354430379746835,0.3940520446096654,0.6138235971544577,0.6999572151231948,0.0
noQ,2028,TA,0.3,start,5026,0.6671251719394773,0.5750323382897861,0.63576201332805,0.5172413793103449,0.189873417721519,0.2777777777777778,0.6537902282574316,0.6600019679677446,0.0
noQ,2028,TA,0.3,middle,5026,0.640990371389271,0.5505896150172579,0.6112664801010496,0.453125,0.1835443037974683,0.2612612612612612,0.6750556718101298,0.6337370348737694,0.0
noQ,2028,TA,0.3,end,5026,0.6464924346629987,0.5595561093055696,0.6171731020295956,0.4918032786885246,0.189873417721519,0.273972602739726,0.6946683448570892,0.605162692634957,0.0
noQ,2028,TA,0.3,random,5026,0.6629986244841816,0.583765519796266,0.6369201823051998,0.5873015873015873,0.2341772151898734,0.334841628959276,0.6608548928351976,0.6337983032288346,0.0
noQ,2028,TA,0.3,random,5027,0.6423658872077029,0.5564656224076514,0.6154500872609837,0.4305555555555556,0.1962025316455696,0.2695652173913043,0.6730374303028501,0.6289392604096593,0.0
noQ,2028,TA,0.3,random,5028,0.6451169188445667,0.5635160825773992,0.6186830189614099,0.4852941176470588,0.2088607594936709,0.2920353982300885,0.6830379744159828,0.6303329178065847,0.0
noQ,2028,TV,0.3,start,5026,0.6685006877579092,0.5778277094502261,0.63803145077228,0.5254237288135594,0.1962025316455696,0.2857142857142857,0.6533996463340052,0.6590917839498139,0.0
noQ,2028,TV,0.3,middle,5026,0.6382393397524071,0.548942358335657,0.6091433479510389,0.4393939393939394,0.1835443037974683,0.2589285714285714,0.6740781473675719,0.6336890135708775,0.0
noQ,2028,TV,0.3,end,5026,0.6451169188445667,0.5599418011182716,0.6165167769990166,0.5,0.1962025316455696,0.2818181818181818,0.6953208722334415,0.601801270398158,0.0
noQ,2028,TV,0.3,random,5026,0.6629986244841816,0.5859388372121819,0.6377367214820479,0.59375,0.240506329113924,0.3423423423423423,0.6614633556223108,0.6318459363104003,0.0
noQ,2028,TV,0.3,random,5027,0.6423658872077029,0.5582309154949064,0.6163339756126424,0.4324324324324324,0.2025316455696202,0.2758620689655172,0.6714781134182672,0.6277448994865914,0.0
noQ,2028,TV,0.3,random,5028,0.6437414030261348,0.5589825971805261,0.6151356831528332,0.492063492063492,0.1962025316455696,0.2805429864253393,0.6804925009543686,0.6299995197650834,0.0
noQ,2028,AV,0.3,start,5026,0.6918844566712518,0.6324415508173549,0.6797321779824899,0.4907407407407407,0.3354430379746835,0.3984962406015037,0.6145778011015982,0.6997192784616545,0.0
noQ,2028,AV,0.3,middle,5026,0.6905089408528198,0.63140196036419,0.6785980291594169,0.4862385321100917,0.3354430379746835,0.3970037453183521,0.6138396247755957,0.7003413361526032,0.0
noQ,2028,AV,0.3,end,5026,0.6918844566712518,0.6325969294188293,0.6795423213716342,0.4953271028037383,0.3354430379746835,0.4,0.6146859374333197,0.700419486500447,0.0
noQ,2028,AV,0.3,random,5026,0.6918844566712518,0.6324415508173549,0.6797321779824899,0.4907407407407407,0.3354430379746835,0.3984962406015037,0.613711242140573,0.7004080549692087,0.0
noQ,2028,AV,0.3,random,5027,0.6918844566712518,0.6325969294188293,0.6795423213716342,0.4953271028037383,0.3354430379746835,0.4,0.6143850804440018,0.7004875767329086,0.0
noQ,2028,AV,0.3,random,5028,0.6918844566712518,0.6324415508173549,0.6797321779824899,0.4907407407407407,0.3354430379746835,0.3984962406015037,0.6140980609696162,0.7003375151369022,0.0
noQ,2028,TAV,0.3,start,5026,0.6685006877579092,0.5780030652698485,0.637972689918559,0.5254237288135594,0.1962025316455696,0.2857142857142857,0.653543171417038,0.6594428804315777,0.0
noQ,2028,TAV,0.3,middle,5026,0.6396148555708391,0.549672347234739,0.610225006265226,0.4461538461538462,0.1835443037974683,0.2600896860986547,0.6750996808614035,0.6342449669032815,0.0
noQ,2028,TAV,0.3,end,5026,0.6464924346629987,0.5625965723010022,0.6193805623812265,0.4848484848484848,0.2025316455696202,0.2857142857142857,0.6959935634859755,0.6032689443015649,0.0
noQ,2028,TAV,0.3,random,5026,0.6657496561210454,0.5878228140452473,0.6400029699109201,0.6129032258064516,0.240506329113924,0.3454545454545454,0.661540003178784,0.6332575916101583,0.0
noQ,2028,TAV,0.3,random,5027,0.6451169188445667,0.5603128288743138,0.618769849893209,0.4383561643835616,0.2025316455696202,0.277056277056277,0.6724456720104227,0.629004339633867,0.0
noQ,2028,TAV,0.3,random,5028,0.6464924346629987,0.5646062469663641,0.619579851022223,0.5,0.2088607594936709,0.2946428571428571,0.6824000530422518,0.6302179567349793,0.0
noQ,2029,none,0.0,none,0,0.7125171939477304,0.6442602405436145,0.6935909340510235,0.5903614457831325,0.310126582278481,0.4066390041493776,0.6210640667677434,0.7016794835506244,0.0
noQ,2029,T,0.1,random,5026,0.6891334250343879,0.6022665026665229,0.6614011246131285,0.5072463768115942,0.2215189873417721,0.3083700440528634,0.6318201326692846,0.6914320060211132,0.0
noQ,2029,T,0.1,random,5027,0.6808803301237965,0.5917203782531155,0.652099303224446,0.4852941176470588,0.2088607594936709,0.2920353982300885,0.6407962109870082,0.6724140172474907,0.0
noQ,2029,T,0.1,random,5028,0.6822558459422283,0.6143263412270924,0.6631547652689673,0.5542168674698795,0.2911392405063291,0.3817427385892116,0.6503194148588646,0.6714451346566203,0.0
noQ,2029,T,0.2,random,5026,0.6850068775790922,0.6040938498391478,0.6596164899000173,0.5882352941176471,0.2531645569620253,0.3539823008849557,0.6552370220996143,0.6540986582977993,0.0
noQ,2029,T,0.2,random,5027,0.6657496561210454,0.5736539038343245,0.6346899809263878,0.4761904761904761,0.189873417721519,0.2714932126696832,0.6617581038635897,0.6555965768572163,0.0
noQ,2029,T,0.2,random,5028,0.6643741403026134,0.5853515230368249,0.6402007090903371,0.5277777777777778,0.240506329113924,0.3304347826086956,0.6723924774555304,0.647613906647843,0.0
noQ,2029,T,0.3,start,5026,0.6698762035763411,0.565656068425325,0.6328697632231032,0.4807692307692308,0.1582278481012658,0.238095238095238,0.6613336902343546,0.6603207022979892,0.0
noQ,2029,T,0.3,middle,5026,0.6506189821182944,0.5635419960052208,0.6216723322408512,0.4769230769230769,0.1962025316455696,0.2780269058295964,0.6774994159121184,0.6371510381063956,0.0
noQ,2029,T,0.3,end,5026,0.6451169188445667,0.547760493362754,0.6099370660408142,0.4901960784313725,0.1582278481012658,0.2392344497607655,0.6913559245151499,0.6097283886160861,0.0
noQ,2029,T,0.3,random,5026,0.6795048143053645,0.5957254829065787,0.651630883375959,0.6379310344827587,0.2341772151898734,0.3425925925925926,0.6623738979295174,0.6450244204865856,0.0
noQ,2029,T,0.3,random,5027,0.6451169188445667,0.5534624663043374,0.612707342068667,0.5283018867924528,0.1772151898734177,0.2654028436018957,0.6809612293222893,0.6297364309664446,0.0
noQ,2029,T,0.3,random,5028,0.6423658872077029,0.545330705778467,0.6072883452474492,0.4807692307692308,0.1582278481012658,0.238095238095238,0.6977596714610472,0.6206714510908692,0.0
noQ,2029,T,0.4,random,5026,0.6492434662998624,0.5494082142608426,0.6114160297529045,0.5681818181818182,0.1582278481012658,0.2475247524752475,0.6993260386057459,0.6004748375814123,0.0
noQ,2029,T,0.4,random,5027,0.6258596973865199,0.5223955115032944,0.5872662036572046,0.4565217391304347,0.1329113924050632,0.2058823529411764,0.7211384387364473,0.5726122329407989,0.0
noQ,2029,T,0.4,random,5028,0.6354883081155434,0.537333823999157,0.5996684805489115,0.5102040816326531,0.1582278481012658,0.2415458937198067,0.7128312043217847,0.5877573675858531,0.0
noQ,2029,T,0.5,random,5026,0.6189821182943603,0.5008730765033286,0.5722266398118582,0.4705882352941176,0.1012658227848101,0.1666666666666666,0.7249837374689594,0.5656394576690237,0.0
noQ,2029,T,0.5,random,5027,0.624484181568088,0.5199390572393597,0.5848444289015559,0.4772727272727273,0.1329113924050632,0.2079207920792079,0.7308989848791798,0.5497325608605079,0.0
noQ,2029,T,0.5,random,5028,0.6286107290233838,0.519021113166619,0.585409762805938,0.5135135135135135,0.120253164556962,0.1948717948717948,0.7247291294802565,0.5692587994109353,0.0
noQ,2029,A,0.1,random,5026,0.7111416781292985,0.6431944303709637,0.6923488307651413,0.5903614457831325,0.310126582278481,0.4066390041493776,0.6213240833998396,0.7013711795251371,0.0
noQ,2029,A,0.1,random,5027,0.7125171939477304,0.6442602405436145,0.6935909340510235,0.5903614457831325,0.310126582278481,0.4066390041493776,0.6208368828705721,0.7017732835707088,0.0
noQ,2029,A,0.1,random,5028,0.7111416781292985,0.6431944303709637,0.6923488307651413,0.5903614457831325,0.310126582278481,0.4066390041493776,0.6214110443907667,0.7015043021957766,0.0
noQ,2029,A,0.2,random,5026,0.7111416781292985,0.6431944303709637,0.6923488307651413,0.5903614457831325,0.310126582278481,0.4066390041493776,0.6212557853795555,0.7010415090022188,0.0
noQ,2029,A,0.2,random,5027,0.7111416781292985,0.6431944303709637,0.6923488307651413,0.5903614457831325,0.310126582278481,0.4066390041493776,0.6208355767310143,0.7014880967104576,0.0
noQ,2029,A,0.2,random,5028,0.7097661623108665,0.6421297437829382,0.6911068256991578,0.5903614457831325,0.310126582278481,0.4066390041493776,0.6215759388470692,0.7011328485662208,0.0
noQ,2029,A,0.3,start,5026,0.7111416781292985,0.643181548987805,0.6924510820137885,0.5833333333333334,0.310126582278481,0.4049586776859504,0.6219865207892152,0.7011119432441587,0.0
noQ,2029,A,0.3,middle,5026,0.7111416781292985,0.6431944303709637,0.6923488307651413,0.5903614457831325,0.310126582278481,0.4066390041493776,0.6208337021448772,0.7015420770974254,0.0
noQ,2029,A,0.3,end,5026,0.7111416781292985,0.6431944303709637,0.6923488307651413,0.5903614457831325,0.310126582278481,0.4066390041493776,0.6208727556764819,0.7014018075167375,0.0
noQ,2029,A,0.3,random,5026,0.7097661623108665,0.6406364538641284,0.6903906386881811,0.5853658536585366,0.3037974683544304,0.4,0.6219776510228764,0.7009831313595853,0.0
noQ,2029,A,0.3,random,5027,0.7083906464924347,0.6395635007345768,0.6892535851983947,0.5783132530120482,0.3037974683544304,0.3983402489626556,0.6216324394299035,0.7013877629520023,0.0
noQ,2029,A,0.3,random,5028,0.7083906464924347,0.6395620501436864,0.6893632892607077,0.5714285714285714,0.3037974683544304,0.396694214876033,0.6219970869602434,0.7013338051017557,0.0
noQ,2029,A,0.4,random,5026,0.7097661623108665,0.6406364538641284,0.6903906386881811,0.5853658536585366,0.3037974683544304,0.4,0.6216342633639853,0.7011671554056196,0.0
noQ,2029,A,0.4,random,5027,0.7083906464924347,0.6395635007345768,0.6892535851983947,0.5783132530120482,0.3037974683544304,0.3983402489626556,0.6212358430391034,0.7016626165090923,0.0
noQ,2029,A,0.4,random,5028,0.7083906464924347,0.6395620501436864,0.6893632892607077,0.5714285714285714,0.3037974683544304,0.396694214876033,0.6217771584137332,0.7013970062023285,0.0
noQ,2029,A,0.5,random,5026,0.7097661623108665,0.6406364538641284,0.6903906386881811,0.5853658536585366,0.3037974683544304,0.4,0.6217423158565091,0.7013379211310246,0.0
noQ,2029,A,0.5,random,5027,0.7070151306740028,0.6384976911882301,0.6880099026458405,0.5783132530120482,0.3037974683544304,0.3983402489626556,0.621281087350138,0.7015887105441032,0.0
noQ,2029,A,0.5,random,5028,0.7070151306740028,0.6370006213690468,0.6874037891990319,0.5662650602409639,0.2974683544303797,0.3900414937759336,0.6220564449540884,0.7015139304091407,0.0
noQ,2029,V,0.1,random,5026,0.7111416781292985,0.643181548987805,0.6924510820137885,0.5833333333333334,0.310126582278481,0.4049586776859504,0.6203391743568422,0.7019899339594469,0.0
noQ,2029,V,0.1,random,5027,0.7111416781292985,0.643181548987805,0.6924510820137885,0.5833333333333334,0.310126582278481,0.4049586776859504,0.6208438604704695,0.7015715205523083,0.0
noQ,2029,V,0.1,random,5028,0.7111416781292985,0.643181548987805,0.6924510820137885,0.5833333333333334,0.310126582278481,0.4049586776859504,0.6205274568732311,0.7019582337476513,0.0
noQ,2029,V,0.2,random,5026,0.7111416781292985,0.643181548987805,0.6924510820137885,0.5833333333333334,0.310126582278481,0.4049586776859504,0.6197487682929106,0.7022445419230382,0.0
noQ,2029,V,0.2,random,5027,0.7111416781292985,0.643181548987805,0.6924510820137885,0.5833333333333334,0.310126582278481,0.4049586776859504,0.6205610843526489,0.7015706837722276,0.0
noQ,2029,V,0.2,random,5028,0.7111416781292985,0.643181548987805,0.6924510820137885,0.5833333333333334,0.310126582278481,0.4049586776859504,0.6202977358954773,0.70207224241672,0.0
noQ,2029,V,0.3,start,5026,0.7111416781292985,0.643181548987805,0.6924510820137885,0.5833333333333334,0.310126582278481,0.4049586776859504,0.6204174572848091,0.7016265500507191,0.0
noQ,2029,V,0.3,middle,5026,0.7097661623108665,0.6406304309563305,0.6904973616250277,0.5783132530120482,0.3037974683544304,0.3983402489626556,0.6208128532077066,0.7019897813754984,0.0
noQ,2029,V,0.3,end,5026,0.7097661623108665,0.6421061204129987,0.6913122235233106,0.5764705882352941,0.310126582278481,0.4032921810699588,0.6190502259033321,0.7023451333549868,0.0
noQ,2029,V,0.3,random,5026,0.7111416781292985,0.643181548987805,0.6924510820137885,0.5833333333333334,0.310126582278481,0.4049586776859504,0.6187988410010791,0.7026541870241646,0.0
noQ,2029,V,0.3,random,5027,0.7111416781292985,0.643181548987805,0.6924510820137885,0.5833333333333334,0.310126582278481,0.4049586776859504,0.6197137247503076,0.7018640961083711,0.0
noQ,2029,V,0.3,random,5028,0.7111416781292985,0.643181548987805,0.6924510820137885,0.5833333333333334,0.310126582278481,0.4049586776859504,0.6199837886206959,0.7020278683485539,0.0
noQ,2029,V,0.4,random,5026,0.7097661623108665,0.6421061204129987,0.6913122235233106,0.5764705882352941,0.310126582278481,0.4032921810699588,0.6188164564119334,0.7026967599097508,0.0
noQ,2029,V,0.4,random,5027,0.7111416781292985,0.6446330600665894,0.693250743502708,0.5813953488372093,0.3164556962025316,0.4098360655737705,0.6189367157905544,0.7018781070279296,0.0
noQ,2029,V,0.4,random,5028,0.7111416781292985,0.6446330600665894,0.693250743502708,0.5813953488372093,0.3164556962025316,0.4098360655737705,0.6193528493912442,0.701897279942225,0.0
noQ,2029,V,0.5,random,5026,0.7097661623108665,0.6435539493575207,0.6921081534401932,0.5747126436781609,0.3164556962025316,0.4081632653061224,0.6192607166052781,0.7022972942371515,0.0
noQ,2029,V,0.5,random,5027,0.7111416781292985,0.6460572265214088,0.6940318113064556,0.5795454545454546,0.3227848101265823,0.4146341463414634,0.6189866104868342,0.7016159654680852,0.0
noQ,2029,V,0.5,random,5028,0.7111416781292985,0.6460572265214088,0.6940318113064556,0.5795454545454546,0.3227848101265823,0.4146341463414634,0.6196280935323906,0.7015267326706437,0.0
noQ,2029,TA,0.3,start,5026,0.6698762035763411,0.5656062775817984,0.6331120238666664,0.4716981132075472,0.1582278481012658,0.2369668246445497,0.6618811947227408,0.6596412991814533,0.0
noQ,2029,TA,0.3,middle,5026,0.6492434662998624,0.5622037800368972,0.6206765839733726,0.4696969696969697,0.1962025316455696,0.2767857142857143,0.6787873221384109,0.6356125752596105,0.0
noQ,2029,TA,0.3,end,5026,0.6451169188445667,0.5454079981507166,0.6084847195645663,0.5,0.1518987341772152,0.233009708737864,0.6919302884189673,0.6098398748875308,0.0
noQ,2029,TA,0.3,random,5026,0.6781292984869326,0.5945102288305181,0.6505801110345705,0.6271186440677966,0.2341772151898734,0.3410138248847926,0.6621964700161252,0.645145175354864,0.0
noQ,2029,TA,0.3,random,5027,0.6437414030261348,0.5524467196044331,0.6115022846974498,0.5283018867924528,0.1772151898734177,0.2654028436018957,0.6803911301686828,0.6299143047116808,0.0
noQ,2029,TA,0.3,random,5028,0.6437414030261348,0.548313815632798,0.6093907571130806,0.5,0.1645569620253164,0.2476190476190476,0.6976630596559853,0.6212895279747224,0.0
noQ,2029,TV,0.3,start,5026,0.672627235213205,0.567851036013896,0.6352042757510399,0.4901960784313725,0.1582278481012658,0.2392344497607655,0.6602252529221693,0.6616821295447701,0.0
noQ,2029,TV,0.3,middle,5026,0.6533700137551581,0.5673659089307573,0.6248678934851106,0.4923076923076923,0.2025316455696202,0.2869955156950672,0.6751707703069647,0.6396334581888748,0.0
noQ,2029,TV,0.3,end,5026,0.6437414030261348,0.5463808999329415,0.6088354069647445,0.4807692307692308,0.1582278481012658,0.238095238095238,0.6901477211834944,0.6108882200519073,0.0
noQ,2029,TV,0.3,random,5026,0.6822558459422283,0.5979920702350608,0.6537952549963246,0.6607142857142857,0.2341772151898734,0.3457943925233644,0.6619302663616058,0.6469383663716822,0.0
noQ,2029,TV,0.3,random,5027,0.6464924346629987,0.5564998186635011,0.614948640558518,0.5370370370370371,0.1835443037974683,0.2735849056603773,0.6805283318436988,0.6293328601311884,0.0
noQ,2029,TV,0.3,random,5028,0.6437414030261348,0.5485943118666231,0.6091586670107535,0.5098039215686274,0.1645569620253164,0.2488038277511961,0.6974400663856225,0.6213374438790981,0.0
noQ,2029,AV,0.3,start,5026,0.7083906464924347,0.6395620501436864,0.6893632892607077,0.5714285714285714,0.3037974683544304,0.396694214876033,0.622138683265577,0.7008848822420822,0.0
noQ,2029,AV,0.3,middle,5026,0.7083906464924347,0.6395635007345768,0.6892535851983947,0.5783132530120482,0.3037974683544304,0.3983402489626556,0.6205932562510841,0.7018307014423165,0.0
noQ,2029,AV,0.3,end,5026,0.7083906464924347,0.6395620501436864,0.6893632892607077,0.5714285714285714,0.3037974683544304,0.396694214876033,0.6189259549420533,0.70213582090713,0.0
noQ,2029,AV,0.3,random,5026,0.7056396148555708,0.63593257109819,0.6861583396316481,0.5662650602409639,0.2974683544303797,0.3900414937759336,0.6201822979544073,0.7017412870853155,0.0
noQ,2029,AV,0.3,random,5027,0.7070151306740028,0.6384937700445722,0.6881174963735336,0.5714285714285714,0.3037974683544304,0.396694214876033,0.6204281949941933,0.7014938839189221,0.0
noQ,2029,AV,0.3,random,5028,0.7056396148555708,0.63593257109819,0.6861583396316481,0.5662650602409639,0.2974683544303797,0.3900414937759336,0.6211369402736623,0.7016598523407296,0.0
noQ,2029,TAV,0.3,start,5026,0.671251719394773,0.5664946428488051,0.6341224342325934,0.4807692307692308,0.1582278481012658,0.238095238095238,0.6608857393569567,0.6609651499878825,0.0
noQ,2029,TAV,0.3,middle,5026,0.6533700137551581,0.5692680886658302,0.6259309641784845,0.4925373134328358,0.2088607594936709,0.2933333333333333,0.6757347789160908,0.6385260720884404,0.0
noQ,2029,TAV,0.3,end,5026,0.6423658872077029,0.5430200718893786,0.6061852823188147,0.4897959183673469,0.1518987341772152,0.2318840579710145,0.6915532537817917,0.6104569583173113,0.0
noQ,2029,TAV,0.3,random,5026,0.6822558459422283,0.5977813616562635,0.6539318066742066,0.6491228070175439,0.2341772151898734,0.3441860465116279,0.6619548418883892,0.6470670243122341,0.0
noQ,2029,TAV,0.3,random,5027,0.6464924346629987,0.5566220239662646,0.6147673562801574,0.5471698113207547,0.1835443037974683,0.2748815165876777,0.6802484887100108,0.6298590096049359,0.0
noQ,2029,TAV,0.3,random,5028,0.6437414030261348,0.5483048558114406,0.6090264660688293,0.52,0.1645569620253164,0.25,0.6975375929528821,0.6218133126290439,0.0
noQ,2030,none,0.0,none,0,0.6850068775790922,0.6029108755972745,0.6597327513005631,0.5070422535211268,0.2278481012658227,0.314410480349345,0.6157140986873305,0.6870203923364248,0.0
noQ,2030,T,0.1,random,5026,0.6753782668500687,0.5886281429679432,0.6482000902742756,0.4852941176470588,0.2088607594936709,0.2920353982300885,0.6322143359062058,0.6766667184807037,0.0
noQ,2030,T,0.1,random,5027,0.6698762035763411,0.5727369855587968,0.6372200432304489,0.45,0.170886075949367,0.2477064220183486,0.6459227876961922,0.651731473732861,0.0
noQ,2030,T,0.1,random,5028,0.6740027510316369,0.5956076656356116,0.6504919424322654,0.5588235294117647,0.240506329113924,0.336283185840708,0.6372560798897581,0.667876083883257,0.0
noQ,2030,T,0.2,random,5026,0.671251719394773,0.5742890965221045,0.6386830232204495,0.4745762711864407,0.1772151898734177,0.2580645161290322,0.6622217966658266,0.6377527284283302,0.0
noQ,2030,T,0.2,random,5027,0.6451169188445667,0.5354073613777748,0.6052920760498973,0.3958333333333333,0.120253164556962,0.1844660194174757,0.6714765231643696,0.6291986660203778,0.0
noQ,2030,T,0.2,random,5028,0.6464924346629987,0.5575559634839161,0.6170826915682844,0.5263157894736842,0.189873417721519,0.2790697674418604,0.6617326340159339,0.6365109966939665,0.0
noQ,2030,T,0.3,start,5026,0.657496561210454,0.5537385094957422,0.6214598925727305,0.4339622641509434,0.1455696202531645,0.2180094786729857,0.6707778725486584,0.6498245013226525,0.0
noQ,2030,T,0.3,middle,5026,0.6396148555708391,0.5437931047674982,0.6058428515188868,0.4807692307692308,0.1582278481012658,0.238095238095238,0.6804903498380321,0.6254278053337301,0.0
noQ,2030,T,0.3,end,5026,0.6368638239339752,0.5323366956944345,0.6000537263283859,0.4285714285714285,0.1329113924050632,0.2028985507246377,0.6964529969050877,0.5929015525744368,0.0
noQ,2030,T,0.3,random,5026,0.6629986244841816,0.5562737490858048,0.6236972641520653,0.5227272727272727,0.1455696202531645,0.2277227722772277,0.6750755279543589,0.6252175157160422,0.0
noQ,2030,T,0.3,random,5027,0.6341127922971114,0.5248406981050863,0.5947802801468348,0.4130434782608695,0.120253164556962,0.1862745098039215,0.6903354487758201,0.609122248849472,0.0
noQ,2030,T,0.3,random,5028,0.6437414030261348,0.5520741848831411,0.6124521717359013,0.5185185185185185,0.1772151898734177,0.2641509433962264,0.6883903890080503,0.6152552412452469,0.0
noQ,2030,T,0.4,random,5026,0.6464924346629987,0.5497054789887025,0.6109301441107087,0.5777777777777777,0.1645569620253164,0.2561576354679803,0.7047897892575434,0.5849130395496761,0.0
noQ,2030,T,0.4,random,5027,0.6148555708390646,0.5058665380571644,0.5745980194308978,0.3541666666666667,0.1075949367088607,0.1650485436893204,0.725957572621503,0.5591831180441481,0.0
noQ,2030,T,0.4,random,5028,0.6258596973865199,0.5263302380118812,0.5899602044513254,0.4893617021276595,0.1455696202531645,0.224390243902439,0.7106541173981624,0.5841580858868157,0.0
noQ,2030,T,0.5,random,5026,0.6121045392022009,0.4841015743195942,0.5600174130653043,0.4285714285714285,0.0759493670886076,0.1290322580645161,0.7372219440572668,0.5400031949500792,0.0
noQ,2030,T,0.5,random,5027,0.6107290233837689,0.4979692906779303,0.5671674000453536,0.4,0.1012658227848101,0.1616161616161616,0.7372209127968309,0.5344285782012554,0.0
noQ,2030,T,0.5,random,5028,0.6217331499312242,0.4965290631475672,0.5700388405634473,0.5,0.0822784810126582,0.1413043478260869,0.7275590999671039,0.5619892062475461,0.0
noQ,2030,A,0.1,random,5026,0.6850068775790922,0.6029108755972745,0.6597327513005631,0.5070422535211268,0.2278481012658227,0.314410480349345,0.6155737217682803,0.687104577180255,0.0
noQ,2030,A,0.1,random,5027,0.686382393397524,0.6058605542138041,0.6617583999479888,0.5138888888888888,0.2341772151898734,0.3217391304347826,0.6155353488374982,0.687391417669135,0.0
noQ,2030,A,0.1,random,5028,0.686382393397524,0.6058605542138041,0.6617583999479888,0.5138888888888888,0.2341772151898734,0.3217391304347826,0.6155486344459337,0.6870723551918033,0.0
noQ,2030,A,0.2,random,5026,0.686382393397524,0.6039106724686102,0.6608393053060075,0.5142857142857142,0.2278481012658227,0.3157894736842105,0.6149195800005482,0.6874011465873403,0.0
noQ,2030,A,0.2,random,5027,0.686382393397524,0.6058605542138041,0.6617583999479888,0.5138888888888888,0.2341772151898734,0.3217391304347826,0.615454571145006,0.6873284457429255,0.0
noQ,2030,A,0.2,random,5028,0.686382393397524,0.6058605542138041,0.6617583999479888,0.5138888888888888,0.2341772151898734,0.3217391304347826,0.6158303881838907,0.6868051496443157,0.0
noQ,2030,A,0.3,start,5026,0.687757909215956,0.6086272429442235,0.6638526550415899,0.5205479452054794,0.240506329113924,0.329004329004329,0.6138569064119386,0.6879678039844789,0.0
noQ,2030,A,0.3,middle,5026,0.6891334250343879,0.6115370506236244,0.6658527441187364,0.527027027027027,0.2468354430379747,0.3362068965517241,0.6136545358585591,0.688284957857844,0.0
noQ,2030,A,0.3,end,5026,0.687757909215956,0.6085004101063222,0.6640611233332345,0.5135135135135135,0.240506329113924,0.3275862068965517,0.6156686996287875,0.6870202879860399,0.0
noQ,2030,A,0.3,random,5026,0.6891334250343879,0.6096444524373351,0.6649707801780801,0.5277777777777778,0.240506329113924,0.3304347826086956,0.6136576879728058,0.6881463861964794,0.0
noQ,2030,A,0.3,random,5027,0.687757909215956,0.6086272429442235,0.6638526550415899,0.5205479452054794,0.240506329113924,0.329004329004329,0.614421818494297,0.6878135540558881,0.0
noQ,2030,A,0.3,random,5028,0.687757909215956,0.6086272429442235,0.6638526550415899,0.5205479452054794,0.240506329113924,0.329004329004329,0.6144884363493764,0.6874200284507774,0.0
noQ,2030,A,0.4,random,5026,0.6905089408528198,0.612562589285485,0.6669762998274232,0.5342465753424658,0.2468354430379747,0.3376623376623376,0.6138561704554218,0.688251035061396,0.0
noQ,2030,A,0.4,random,5027,0.6891334250343879,0.6115370506236244,0.6658527441187364,0.527027027027027,0.2468354430379747,0.3362068965517241,0.6141358669080461,0.6880929423956649,0.0
noQ,2030,A,0.4,random,5028,0.687757909215956,0.6086272429442235,0.6638526550415899,0.5205479452054794,0.240506329113924,0.329004329004329,0.6142728951439078,0.6874848474862872,0.0
noQ,2030,A,0.5,random,5026,0.6905089408528198,0.6142631727994002,0.6679213233821596,0.5333333333333333,0.2531645569620253,0.3433476394849785,0.6140675668914494,0.6882249386941214,0.0
noQ,2030,A,0.5,random,5027,0.6891334250343879,0.6115370506236244,0.6658527441187364,0.527027027027027,0.2468354430379747,0.3362068965517241,0.6142161926820342,0.6881115793377113,0.0
noQ,2030,A,0.5,random,5028,0.6891334250343879,0.6096444524373351,0.6649707801780801,0.5277777777777778,0.240506329113924,0.3304347826086956,0.613429172788115,0.6879712343152231,0.0
noQ,2030,V,0.1,random,5026,0.686382393397524,0.6057412400582206,0.6619709970388864,0.5068493150684932,0.2341772151898734,0.3203463203463203,0.6152672152430271,0.6868379141631865,0.0
noQ,2030,V,0.1,random,5027,0.686382393397524,0.6057412400582206,0.6619709970388864,0.5068493150684932,0.2341772151898734,0.3203463203463203,0.6157982162699437,0.6864832911677973,0.0
noQ,2030,V,0.1,random,5028,0.686382393397524,0.6057412400582206,0.6619709970388864,0.5068493150684932,0.2341772151898734,0.3203463203463203,0.6158476894617216,0.6865450719744398,0.0
noQ,2030,V,0.2,random,5026,0.687757909215956,0.6067905835134791,0.6632129838220165,0.5068493150684932,0.2341772151898734,0.3203463203463203,0.6144609492779458,0.6869428756940112,0.0
noQ,2030,V,0.2,random,5027,0.686382393397524,0.6057899241868427,0.6621056493030081,0.5,0.2341772151898734,0.3189655172413793,0.6158188325731325,0.6861192185287265,0.0
noQ,2030,V,0.2,random,5028,0.686382393397524,0.6057899241868427,0.6621056493030081,0.5,0.2341772151898734,0.3189655172413793,0.6160421904240655,0.6861982573677636,0.0
noQ,2030,V,0.3,start,5026,0.687757909215956,0.6069564906415138,0.6631338962261308,0.5068493150684932,0.2341772151898734,0.3203463203463203,0.6156375521624351,0.6858067654082876,0.0
noQ,2030,V,0.3,middle,5026,0.6891334250343879,0.6097150012307704,0.6652230374141438,0.5135135135135135,0.240506329113924,0.3275862068965517,0.6154991456346881,0.6857138382951931,0.0
noQ,2030,V,0.3,end,5026,0.6891334250343879,0.6097150012307704,0.6652230374141438,0.5135135135135135,0.240506329113924,0.3275862068965517,0.6145083389463195,0.6861230428249548,0.0
noQ,2030,V,0.3,random,5026,0.6891334250343879,0.6097150012307704,0.6652230374141438,0.5135135135135135,0.240506329113924,0.3275862068965517,0.6144130830658578,0.6865082937192881,0.0
noQ,2030,V,0.3,random,5027,0.6891334250343879,0.6097150012307704,0.6652230374141438,0.5135135135135135,0.240506329113924,0.3275862068965517,0.6154117467522519,0.6857788437210092,0.0
noQ,2030,V,0.3,random,5028,0.6891334250343879,0.6097150012307704,0.6652230374141438,0.5135135135135135,0.240506329113924,0.3275862068965517,0.6156641595970137,0.685911436810089,0.0
noQ,2030,V,0.4,random,5026,0.6891334250343879,0.6094365788016817,0.6655186487893474,0.5,0.240506329113924,0.3247863247863248,0.6143186114129683,0.6861557368768184,0.0
noQ,2030,V,0.4,random,5027,0.687757909215956,0.608382966726893,0.6642739325950148,0.5,0.240506329113924,0.3247863247863248,0.6150990967475259,0.685737949370997,0.0
noQ,2030,V,0.4,random,5028,0.687757909215956,0.6083351564944507,0.6641391418689591,0.5066666666666667,0.240506329113924,0.3261802575107296,0.616122249809703,0.6852189871313674,0.0
noQ,2030,V,0.5,random,5026,0.6891334250343879,0.6094365788016817,0.6655186487893474,0.5,0.240506329113924,0.3247863247863248,0.6146293049443682,0.6855962059025781,0.0
noQ,2030,V,0.5,random,5027,0.6891334250343879,0.6093222782527293,0.6657357213823896,0.4935064935064935,0.240506329113924,0.3234042553191489,0.6145550281009153,0.686443414950141,0.0
noQ,2030,V,0.5,random,5028,0.6891334250343879,0.6094365788016817,0.6655186487893474,0.5,0.240506329113924,0.3247863247863248,0.6158551572032815,0.6852739664504232,0.0
noQ,2030,TA,0.3,start,5026,0.6588720770288858,0.5591124248497064,0.6247923296841914,0.4545454545454545,0.1582278481012658,0.2347417840375587,0.6706857234647075,0.6495808503392524,0.0
noQ,2030,TA,0.3,middle,5026,0.640990371389271,0.5503321801138018,0.6102417630737665,0.5,0.1772151898734177,0.2616822429906542,0.6798939256379525,0.6256392540167502,0.0
noQ,2030,TA,0.3,end,5026,0.6354883081155434,0.531470264522266,0.5993042693598114,0.4117647058823529,0.1329113924050632,0.200956937799043,0.6971835175290877,0.592184953756273,0.0
noQ,2030,TA,0.3,random,5026,0.6643741403026134,0.565948336011122,0.6298528807975747,0.5294117647058824,0.170886075949367,0.2583732057416268,0.6758189959969426,0.624046326538368,0.0
noQ,2030,TA,0.3,random,5027,0.6341127922971114,0.5318315646079143,0.5984267656827708,0.44,0.1392405063291139,0.2115384615384615,0.6919054053552711,0.6072758282495263,0.0
noQ,2030,TA,0.3,random,5028,0.640990371389271,0.5522861203454467,0.6111386235258048,0.5178571428571429,0.1835443037974683,0.2710280373831775,0.6896425217156816,0.6117478705400498,0.0
noQ,2030,TV,0.3,start,5026,0.657496561210454,0.5537385094957422,0.6214598925727305,0.4339622641509434,0.1455696202531645,0.2180094786729857,0.6712728116956395,0.6484992809691581,0.0
noQ,2030,TV,0.3,middle,5026,0.640990371389271,0.5508319498494397,0.6107702227877482,0.4745762711864407,0.1772151898734177,0.2580645161290322,0.6800609866114172,0.6254986510902028,0.0
noQ,2030,TV,0.3,end,5026,0.6396148555708391,0.5337885450523038,0.6019861331865837,0.4468085106382978,0.1329113924050632,0.2048780487804878,0.6961028979406529,0.5926847174597992,0.0
noQ,2030,TV,0.3,random,5026,0.6629986244841816,0.5588720708916363,0.6251514710718212,0.5106382978723404,0.1518987341772152,0.2341463414634146,0.6747580699153767,0.6246554021359648,0.0
noQ,2030,TV,0.3,random,5027,0.6299862448418156,0.5218435333173623,0.5906667309361886,0.4222222222222222,0.120253164556962,0.1871921182266009,0.692573963904564,0.6058936148347851,0.0
noQ,2030,TV,0.3,random,5028,0.6382393397524071,0.5450910926129654,0.6065972912704446,0.4909090909090909,0.170886075949367,0.2535211267605634,0.6913093696594447,0.6113541009860909,0.0
noQ,2030,AV,0.3,start,5026,0.6891334250343879,0.6110322508542122,0.6660858360587473,0.52,0.2468354430379747,0.334763948497854,0.6141428224561483,0.6865361264039224,0.0
noQ,2030,AV,0.3,middle,5026,0.6905089408528198,0.6124901497241922,0.6674275903109057,0.5131578947368421,0.2468354430379747,0.3333333333333333,0.6141914752951155,0.6865770120416863,0.0
noQ,2030,AV,0.3,end,5026,0.6891334250343879,0.6114766861940842,0.6663116897722954,0.5064935064935064,0.2468354430379747,0.3319148936170212,0.6147373030873882,0.6862423653142364,0.0
noQ,2030,AV,0.3,random,5026,0.6918844566712518,0.6135062357468869,0.6685439918612276,0.52,0.2468354430379747,0.334763948497854,0.6122058002531018,0.6879415593422806,0.0
noQ,2030,AV,0.3,random,5027,0.687757909215956,0.6100958328965768,0.6652269643737323,0.5,0.2468354430379747,0.3305084745762712,0.6143024808484784,0.6865765684591172,0.0
noQ,2030,AV,0.3,random,5028,0.6891334250343879,0.6114361929493991,0.6661814974049657,0.5131578947368421,0.2468354430379747,0.3333333333333333,0.6149109508405626,0.6859573470638433,0.0
noQ,2030,TAV,0.3,start,5026,0.6616231086657497,0.563208781142058,0.6282899411774472,0.4642857142857143,0.1645569620253164,0.2429906542056074,0.6703545025515684,0.64850272302158,0.0
noQ,2030,TAV,0.3,middle,5026,0.6368638239339752,0.5433401280223208,0.6056872331607693,0.4333333333333333,0.1645569620253164,0.2385321100917431,0.6802135972449843,0.625627395053988,0.0
noQ,2030,TAV,0.3,end,5026,0.6354883081155434,0.5288346160040217,0.5975838505481033,0.4081632653061224,0.1265822784810126,0.1932367149758454,0.6969066941051593,0.5914297977874261,0.0
noQ,2030,TAV,0.3,random,5026,0.6671251719394773,0.5704538178399655,0.6333529424433822,0.5283018867924528,0.1772151898734177,0.2654028436018957,0.6735678683332815,0.6250910439533469,0.0
noQ,2030,TAV,0.3,random,5027,0.6341127922971114,0.52991594019562,0.5971078496624723,0.4285714285714285,0.1329113924050632,0.2028985507246377,0.6919619466236314,0.6057146175669783,0.0
noQ,2030,TAV,0.3,random,5028,0.6382393397524071,0.5468153847462139,0.6075201120675187,0.5,0.1772151898734177,0.2616822429906542,0.6929569455475695,0.6087896216034863,0.0
