variant,seed,modalities,rate,position,mask_seed,target_modality,kind,cosine_distance,target_norm,estimate_norm,slots
B0,2026,T,0.1,random,5026,T,reconstructed,0.3742322623729706,13.67582893371582,8.403755187988281,1711
B0,2026,T,0.1,random,5026,T,observed_mean,0.0600266940891742,13.67582893371582,13.30589199066162,1711
B0,2026,T,0.1,random,5027,T,reconstructed,0.3787558674812317,13.658231735229492,8.407524108886719,1711
B0,2026,T,0.1,random,5027,T,observed_mean,0.0652056485414505,13.658231735229492,13.239383697509766,1711
B0,2026,T,0.1,random,5028,T,reconstructed,0.3795174658298492,13.649910926818848,8.391162872314453,1711
B0,2026,T,0.1,random,5028,T,observed_mean,0.0699633210897445,13.649910926818848,13.22260284423828,1711
B0,2026,T,0.2,random,5026,T,reconstructed,0.3818005621433258,13.653616905212402,8.370208740234375,3400
B0,2026,T,0.2,random,5026,T,observed_mean,0.0790478438138961,13.653616905212402,13.229838371276855,3400
B0,2026,T,0.2,random,5027,T,reconstructed,0.3849928677082062,13.629853248596191,8.378324508666992,3400
B0,2026,T,0.2,random,5027,T,observed_mean,0.0837254598736763,13.629853248596191,13.198844909667969,3400
B0,2026,T,0.2,random,5028,T,reconstructed,0.3868496417999267,13.633467674255373,8.36332893371582,3400
B0,2026,T,0.2,random,5028,T,observed_mean,0.08643788844347,13.633467674255373,13.19240951538086,3400
B0,2026,T,0.3,start,5026,T,reconstructed,0.3945732116699219,13.864187240600586,8.356693267822266,5039
B0,2026,T,0.3,start,5026,T,observed_mean,0.0954056605696678,13.864187240600586,13.114897727966309,5039
B0,2026,T,0.3,middle,5026,T,reconstructed,0.3870674669742584,13.564129829406738,8.304275512695312,5039
B0,2026,T,0.3,middle,5026,T,observed_mean,0.0913275107741355,13.564129829406738,13.152634620666504,5039
B0,2026,T,0.3,end,5026,T,reconstructed,0.4098895192146301,13.658252716064451,8.328437805175781,5039
B0,2026,T,0.3,end,5026,T,observed_mean,0.1160537078976631,13.658252716064451,12.649006843566896,5039
B0,2026,T,0.3,random,5026,T,reconstructed,0.3895787000656128,13.64016342163086,8.322418212890625,5039
B0,2026,T,0.3,random,5026,T,observed_mean,0.0961193665862083,13.64016342163086,13.134459495544434,5039
B0,2026,T,0.3,random,5027,T,reconstructed,0.3950102925300598,13.613240242004396,8.332287788391113,5039
B0,2026,T,0.3,random,5027,T,observed_mean,0.1009965687990188,13.613240242004396,13.13636302947998,5039
B0,2026,T,0.3,random,5028,T,reconstructed,0.391263484954834,13.61374282836914,8.327750205993652,5039
B0,2026,T,0.3,random,5028,T,observed_mean,0.1012521684169769,13.61374282836914,13.206143379211426,5039
B0,2026,T,0.4,random,5026,T,reconstructed,0.3981013596057892,13.62930965423584,8.235946655273438,6740
B0,2026,T,0.4,random,5026,T,observed_mean,0.115441046655178,13.62930965423584,12.997084617614746,6740
B0,2026,T,0.4,random,5027,T,reconstructed,0.4047983288764953,13.599833488464355,8.248332977294922,6740
B0,2026,T,0.4,random,5027,T,observed_mean,0.1239096224308013,13.599833488464355,13.054826736450195,6740
B0,2026,T,0.4,random,5028,T,reconstructed,0.4011766314506531,13.609081268310549,8.266639709472656,6740
B0,2026,T,0.4,random,5028,T,observed_mean,0.1201672628521919,13.609081268310549,13.172773361206056,6740
B0,2026,T,0.5,random,5026,T,reconstructed,0.4111781716346741,13.633715629577637,8.131013870239258,8415
B0,2026,T,0.5,random,5026,T,observed_mean,0.1397787630558014,13.633715629577637,12.855826377868652,8415
B0,2026,T,0.5,random,5027,T,reconstructed,0.4184712171554565,13.60615062713623,8.125104904174805,8415
B0,2026,T,0.5,random,5027,T,observed_mean,0.1494636684656143,13.60615062713623,12.886530876159668,8415
B0,2026,T,0.5,random,5028,T,reconstructed,0.4147670567035675,13.611659049987791,8.164461135864258,8415
B0,2026,T,0.5,random,5028,T,observed_mean,0.1461218744516372,13.611659049987791,13.019482612609863,8415
B0,2026,A,0.1,random,5026,A,reconstructed,0.9104665517807008,3.0898032188415527,1.864562511444092,1711
B0,2026,A,0.1,random,5026,A,observed_mean,0.4360840916633606,3.0898032188415527,2.0573089122772217,1711
B0,2026,A,0.1,random,5027,A,reconstructed,0.9145700335502625,3.090674877166748,1.8636552095413208,1711
B0,2026,A,0.1,random,5027,A,observed_mean,0.4385983347892761,3.090674877166748,2.0595552921295166,1711
B0,2026,A,0.1,random,5028,A,reconstructed,0.9096680879592896,3.03847599029541,1.8646533489227293,1711
B0,2026,A,0.1,random,5028,A,observed_mean,0.4306403696537018,3.03847599029541,2.060767650604248,1711
B0,2026,A,0.2,random,5026,A,reconstructed,0.9126669764518738,3.070043563842773,1.864206075668335,3400
B0,2026,A,0.2,random,5026,A,observed_mean,0.4660550951957702,3.070043563842773,2.0624117851257324,3400
B0,2026,A,0.2,random,5027,A,reconstructed,0.9124879837036132,3.064307689666748,1.8636986017227173,3400
B0,2026,A,0.2,random,5027,A,observed_mean,0.471592903137207,3.064307689666748,2.0659735202789307,3400
B0,2026,A,0.2,random,5028,A,reconstructed,0.9100749492645264,3.08242130279541,1.8647061586380005,3400
B0,2026,A,0.2,random,5028,A,observed_mean,0.4603001475334167,3.08242130279541,2.054797410964966,3400
B0,2026,A,0.3,start,5026,A,reconstructed,0.8998645544052124,3.103116512298584,1.861079692840576,5039
B0,2026,A,0.3,start,5026,A,observed_mean,0.5154532194137573,3.103116512298584,2.117076873779297,5039
B0,2026,A,0.3,middle,5026,A,reconstructed,0.9115681648254396,3.0694596767425537,1.8652458190917969,5039
B0,2026,A,0.3,middle,5026,A,observed_mean,0.4607182145118713,3.0694596767425537,2.079163789749145,5039
B0,2026,A,0.3,end,5026,A,reconstructed,0.9212177991867064,3.074035167694092,1.8657617568969729,5039
B0,2026,A,0.3,end,5026,A,observed_mean,0.5516346096992493,3.074035167694092,2.1467809677124023,5039
B0,2026,A,0.3,random,5026,A,reconstructed,0.9145114421844482,3.0603363513946533,1.864040732383728,5039
B0,2026,A,0.3,random,5026,A,observed_mean,0.4882833957672119,3.0603363513946533,2.1075761318206787,5039
B0,2026,A,0.3,random,5027,A,reconstructed,0.9127034544944764,3.057321548461914,1.8630712032318115,5039
B0,2026,A,0.3,random,5027,A,observed_mean,0.4912028908729553,3.057321548461914,2.1078994274139404,5039
B0,2026,A,0.3,random,5028,A,reconstructed,0.9108732342720032,3.085156202316284,1.864810347557068,5039
B0,2026,A,0.3,random,5028,A,observed_mean,0.4828099608421325,3.085156202316284,2.0932745933532715,5039
B0,2026,A,0.4,random,5026,A,reconstructed,0.9143580198287964,3.052775621414185,1.8638677597045896,6740
B0,2026,A,0.4,random,5026,A,observed_mean,0.5049193501472473,3.052775621414185,2.1448769569396973,6740
B0,2026,A,0.4,random,5027,A,reconstructed,0.9123082160949708,3.055841445922852,1.862789750099182,6740
B0,2026,A,0.4,random,5027,A,observed_mean,0.5049723386764526,3.055841445922852,2.1447677612304688,6740
B0,2026,A,0.4,random,5028,A,reconstructed,0.9121557474136353,3.087029457092285,1.8647345304489136,6740
B0,2026,A,0.4,random,5028,A,observed_mean,0.5005029439926147,3.087029457092285,2.1215920448303223,6740
B0,2026,A,0.5,random,5026,A,reconstructed,0.91455739736557,3.055006265640259,1.863165259361267,8415
B0,2026,A,0.5,random,5026,A,observed_mean,0.5188674330711365,3.055006265640259,2.190831661224365,8415
B0,2026,A,0.5,random,5027,A,reconstructed,0.9124203324317932,3.076375722885132,1.8623765707015991,8415
B0,2026,A,0.5,random,5027,A,observed_mean,0.5178881883621216,3.076375722885132,2.177239179611206,8415
B0,2026,A,0.5,random,5028,A,reconstructed,0.9130464792251588,3.0785155296325684,1.8641868829727173,8415
B0,2026,A,0.5,random,5028,A,observed_mean,0.5185384154319763,3.0785155296325684,2.1667633056640625,8415
B0,2026,V,0.1,random,5026,V,reconstructed,0.8646163940429688,3.3973288536071777,3.479172945022583,1604
B0,2026,V,0.1,random,5026,V,observed_mean,0.1572196334600448,3.3973288536071777,2.9374678134918213,1604
B0,2026,V,0.1,random,5027,V,reconstructed,0.869783878326416,3.299417734146118,3.480710029602051,1595
B0,2026,V,0.1,random,5027,V,observed_mean,0.1563022285699844,3.299417734146118,2.9613425731658936,1595
B0,2026,V,0.1,random,5028,V,reconstructed,0.8633795380592346,3.374723196029663,3.480034351348877,1588
B0,2026,V,0.1,random,5028,V,observed_mean,0.1529324054718017,3.374723196029663,2.9528605937957764,1588
B0,2026,V,0.2,random,5026,V,reconstructed,0.8636205792427063,3.391838550567627,3.483203887939453,3194
B0,2026,V,0.2,random,5026,V,observed_mean,0.1712190210819244,3.391838550567627,2.947399139404297,3194
B0,2026,V,0.2,random,5027,V,reconstructed,0.8682249188423157,3.314887285232544,3.4848837852478027,3180
B0,2026,V,0.2,random,5027,V,observed_mean,0.1714378893375396,3.314887285232544,2.966259717941284,3180
B0,2026,V,0.2,random,5028,V,reconstructed,0.8639269471168518,3.374154090881348,3.483218193054199,3176
B0,2026,V,0.2,random,5028,V,observed_mean,0.1695658713579177,3.374154090881348,2.955699920654297,3176
B0,2026,V,0.3,start,5026,V,reconstructed,0.8703713417053223,3.322789192199707,3.4796833992004395,4768
B0,2026,V,0.3,start,5026,V,observed_mean,0.2123647928237915,3.322789192199707,2.9899590015411377,4768
B0,2026,V,0.3,middle,5026,V,reconstructed,0.8626617193222046,3.3143150806427,3.480043172836304,4759
B0,2026,V,0.3,middle,5026,V,observed_mean,0.1609607487916946,3.3143150806427,2.971001625061035,4759
B0,2026,V,0.3,end,5026,V,reconstructed,0.8726056218147278,3.440771579742432,3.476670980453491,4663
B0,2026,V,0.3,end,5026,V,observed_mean,0.2287408858537674,3.440771579742432,2.994485855102539,4663
B0,2026,V,0.3,random,5026,V,reconstructed,0.8635998964309692,3.3853514194488525,3.48246431350708,4743
B0,2026,V,0.3,random,5026,V,observed_mean,0.1819050908088684,3.3853514194488525,2.958292245864868,4743
B0,2026,V,0.3,random,5027,V,reconstructed,0.8673266172409058,3.3234307765960693,3.4820845127105717,4712
B0,2026,V,0.3,random,5027,V,observed_mean,0.1834211945533752,3.3234307765960693,2.9814515113830566,4712
B0,2026,V,0.3,random,5028,V,reconstructed,0.8637871742248535,3.352392673492432,3.4820921421051025,4710
B0,2026,V,0.3,random,5028,V,observed_mean,0.178136333823204,3.352392673492432,2.967024087905884,4710
B0,2026,V,0.4,random,5026,V,reconstructed,0.8646146059036255,3.365230083465576,3.4818077087402344,6357
B0,2026,V,0.4,random,5026,V,observed_mean,0.1923440098762512,3.365230083465576,2.979944944381714,6357
B0,2026,V,0.4,random,5027,V,reconstructed,0.867030143737793,3.323813438415528,3.481139659881592,6308
B0,2026,V,0.4,random,5027,V,observed_mean,0.1946569383144378,3.323813438415528,3.003282070159912,6308
B0,2026,V,0.4,random,5028,V,reconstructed,0.8640058636665344,3.354034185409546,3.4815847873687744,6306
B0,2026,V,0.4,random,5028,V,observed_mean,0.1905103325843811,3.354034185409546,2.985316038131714,6306
B0,2026,V,0.5,random,5026,V,reconstructed,0.8659269213676453,3.345913410186768,3.47993278503418,7939
B0,2026,V,0.5,random,5026,V,observed_mean,0.201787069439888,3.345913410186768,3.012794256210327,7939
B0,2026,V,0.5,random,5027,V,reconstructed,0.8665627241134644,3.3246209621429443,3.479499101638794,7888
B0,2026,V,0.5,random,5027,V,observed_mean,0.20326928794384,3.3246209621429443,3.0270233154296875,7888
B0,2026,V,0.5,random,5028,V,reconstructed,0.8648499846458435,3.3391993045806885,3.479796886444092,7893
B0,2026,V,0.5,random,5028,V,observed_mean,0.2012711018323898,3.3391993045806885,3.0196681022644043,7893
B0,2026,TA,0.3,start,5026,T,reconstructed,0.3939102292060852,13.864187240600586,8.345125198364258,5039
B0,2026,TA,0.3,start,5026,T,observed_mean,0.0954056605696678,13.864187240600586,13.114897727966309,5039
B0,2026,TA,0.3,start,5026,A,reconstructed,0.8980597853660583,3.103116512298584,1.864457368850708,5039
B0,2026,TA,0.3,start,5026,A,observed_mean,0.5154532194137573,3.103116512298584,2.117076873779297,5039
B0,2026,TA,0.3,middle,5026,T,reconstructed,0.3861046731472015,13.564129829406738,8.294206619262695,5039
B0,2026,TA,0.3,middle,5026,T,observed_mean,0.0913275107741355,13.564129829406738,13.152634620666504,5039
B0,2026,TA,0.3,middle,5026,A,reconstructed,0.9081972241401672,3.0694596767425537,1.8652801513671875,5039
B0,2026,TA,0.3,middle,5026,A,observed_mean,0.4607182145118713,3.0694596767425537,2.079163789749145,5039
B0,2026,TA,0.3,end,5026,T,reconstructed,0.4084628224372864,13.658252716064451,8.322185516357422,5039
B0,2026,TA,0.3,end,5026,T,observed_mean,0.1160537078976631,13.658252716064451,12.649006843566896,5039
B0,2026,TA,0.3,end,5026,A,reconstructed,0.9173892736434937,3.074035167694092,1.872976303100586,5039
B0,2026,TA,0.3,end,5026,A,observed_mean,0.5516346096992493,3.074035167694092,2.1467809677124023,5039
B0,2026,TA,0.3,random,5026,T,reconstructed,0.3882227838039398,13.64016342163086,8.312872886657715,5039
B0,2026,TA,0.3,random,5026,T,observed_mean,0.0961193665862083,13.64016342163086,13.134459495544434,5039
B0,2026,TA,0.3,random,5026,A,reconstructed,0.912682831287384,3.0603363513946533,1.863653302192688,5039
B0,2026,TA,0.3,random,5026,A,observed_mean,0.4882833957672119,3.0603363513946533,2.1075761318206787,5039
B0,2026,TA,0.3,random,5027,T,reconstructed,0.3938022553920746,13.613240242004396,8.31985092163086,5039
B0,2026,TA,0.3,random,5027,T,observed_mean,0.1009965687990188,13.613240242004396,13.13636302947998,5039
B0,2026,TA,0.3,random,5027,A,reconstructed,0.9072620272636414,3.057321548461914,1.863160729408264,5039
B0,2026,TA,0.3,random,5027,A,observed_mean,0.4912028908729553,3.057321548461914,2.1078994274139404,5039
B0,2026,TA,0.3,random,5028,T,reconstructed,0.3898042440414428,13.61374282836914,8.319910049438477,5039
B0,2026,TA,0.3,random,5028,T,observed_mean,0.1012521684169769,13.61374282836914,13.206143379211426,5039
B0,2026,TA,0.3,random,5028,A,reconstructed,0.9057225584983826,3.085156202316284,1.8724257946014404,5039
B0,2026,TA,0.3,random,5028,A,observed_mean,0.4828099608421325,3.085156202316284,2.0932745933532715,5039
B0,2026,TV,0.3,start,5026,T,reconstructed,0.3925967216491699,13.867145538330078,8.384346008300781,5035
B0,2026,TV,0.3,start,5026,T,observed_mean,0.0953811109066009,13.867145538330078,13.11912441253662,5035
B0,2026,TV,0.3,start,5026,V,reconstructed,0.869739294052124,3.322789192199707,3.4751193523406982,4768
B0,2026,TV,0.3,start,5026,V,observed_mean,0.2123647928237915,3.322789192199707,2.9899590015411377,4768
B0,2026,TV,0.3,middle,5026,T,reconstructed,0.3850882947444916,13.566533088684082,8.334481239318848,5036
B0,2026,TV,0.3,middle,5026,T,observed_mean,0.0913424342870712,13.566533088684082,13.153685569763184,5036
B0,2026,TV,0.3,middle,5026,V,reconstructed,0.8634337186813354,3.3143150806427,3.5031421184539795,4759
B0,2026,TV,0.3,middle,5026,V,observed_mean,0.1609607487916946,3.3143150806427,2.971001625061035,4759
B0,2026,TV,0.3,end,5026,T,reconstructed,0.4084245562553406,13.662428855895996,8.353240013122559,5030
B0,2026,TV,0.3,end,5026,T,observed_mean,0.1160880699753761,13.662428855895996,12.645711898803713,5030
B0,2026,TV,0.3,end,5026,V,reconstructed,0.8738133311271667,3.440771579742432,3.4753682613372803,4663
B0,2026,TV,0.3,end,5026,V,observed_mean,0.2287408858537674,3.440771579742432,2.994485855102539,4663
B0,2026,TV,0.3,random,5026,T,reconstructed,0.3877394199371338,13.64016342163086,8.350255966186523,5039
B0,2026,TV,0.3,random,5026,T,observed_mean,0.0961193665862083,13.64016342163086,13.134459495544434,5039
B0,2026,TV,0.3,random,5026,V,reconstructed,0.8641367554664612,3.3853514194488525,3.508467197418213,4743
B0,2026,TV,0.3,random,5026,V,observed_mean,0.1819050908088684,3.3853514194488525,2.958292245864868,4743
B0,2026,TV,0.3,random,5027,T,reconstructed,0.3931373655796051,13.613946914672852,8.363790512084961,5038
B0,2026,TV,0.3,random,5027,T,observed_mean,0.1010043397545814,13.613946914672852,13.13693141937256,5038
B0,2026,TV,0.3,random,5027,V,reconstructed,0.8663456439971924,3.3234307765960693,3.499871015548706,4712
B0,2026,TV,0.3,random,5027,V,observed_mean,0.1834211945533752,3.3234307765960693,2.9814515113830566,4712
B0,2026,TV,0.3,random,5028,T,reconstructed,0.3890123963356018,13.620648384094238,8.357767105102539,5030
B0,2026,TV,0.3,random,5028,T,observed_mean,0.1011540591716766,13.620648384094238,13.211347579956056,5030
B0,2026,TV,0.3,random,5028,V,reconstructed,0.8635907769203186,3.352392673492432,3.505012989044189,4710
B0,2026,TV,0.3,random,5028,V,observed_mean,0.178136333823204,3.352392673492432,2.967024087905884,4710
B0,2026,AV,0.3,start,5026,A,reconstructed,0.9006051421165466,3.103414535522461,1.85378098487854,5035
B0,2026,AV,0.3,start,5026,A,observed_mean,0.5153954029083252,3.103414535522461,2.1169612407684326,5035
B0,2026,AV,0.3,start,5026,V,reconstructed,0.8702855706214905,3.322789192199707,3.4599859714508057,4768
B0,2026,AV,0.3,start,5026,V,observed_mean,0.2123647928237915,3.322789192199707,2.9899590015411377,4768
B0,2026,AV,0.3,middle,5026,A,reconstructed,0.9121654033660888,3.068811416625977,1.856831789016724,5036
B0,2026,AV,0.3,middle,5026,A,observed_mean,0.4609036743640899,3.068811416625977,2.078000783920288,5036
B0,2026,AV,0.3,middle,5026,V,reconstructed,0.8623863458633423,3.3143150806427,3.465181827545166,4759
B0,2026,AV,0.3,middle,5026,V,observed_mean,0.1609607487916946,3.3143150806427,2.971001625061035,4759
B0,2026,AV,0.3,end,5026,A,reconstructed,0.9218592047691344,3.0741515159606934,1.8595142364501955,5030
B0,2026,AV,0.3,end,5026,A,observed_mean,0.551679253578186,3.0741515159606934,2.145570039749145,5030
B0,2026,AV,0.3,end,5026,V,reconstructed,0.8724295496940613,3.440771579742432,3.4705724716186523,4663
B0,2026,AV,0.3,end,5026,V,observed_mean,0.2287408858537674,3.440771579742432,2.994485855102539,4663
B0,2026,AV,0.3,random,5026,A,reconstructed,0.9153024554252625,3.0603363513946533,1.856113314628601,5039
B0,2026,AV,0.3,random,5026,A,observed_mean,0.4882833957672119,3.0603363513946533,2.1075761318206787,5039
B0,2026,AV,0.3,random,5026,V,reconstructed,0.863328218460083,3.3853514194488525,3.468662738800049,4743
B0,2026,AV,0.3,random,5026,V,observed_mean,0.1819050908088684,3.3853514194488525,2.958292245864868,4743
B0,2026,AV,0.3,random,5027,A,reconstructed,0.9131733775138856,3.0570671558380127,1.8551805019378664,5038
B0,2026,AV,0.3,random,5027,A,observed_mean,0.4912727773189544,3.0570671558380127,2.107537746429444,5038
B0,2026,AV,0.3,random,5027,V,reconstructed,0.8671128153800964,3.3234307765960693,3.468695640563965,4712
B0,2026,AV,0.3,random,5027,V,observed_mean,0.1834211945533752,3.3234307765960693,2.9814515113830566,4712
B0,2026,AV,0.3,random,5028,A,reconstructed,0.9115172028541564,3.0848426818847656,1.8573520183563232,5030
B0,2026,AV,0.3,random,5028,A,observed_mean,0.4829913973808288,3.0848426818847656,2.091272354125977,5030
B0,2026,AV,0.3,random,5028,V,reconstructed,0.8635172843933105,3.352392673492432,3.470180034637451,4710
B0,2026,AV,0.3,random,5028,V,observed_mean,0.178136333823204,3.352392673492432,2.967024087905884,4710
B0,2026,TAV,0.3,start,5026,T,reconstructed,0.3920053839683532,13.867145538330078,8.372480392456055,5035
B0,2026,TAV,0.3,start,5026,T,observed_mean,0.0953811109066009,13.867145538330078,13.11912441253662,5035
B0,2026,TAV,0.3,start,5026,A,reconstructed,0.8987973928451538,3.103414535522461,1.8568931818008425,5035
B0,2026,TAV,0.3,start,5026,A,observed_mean,0.5153954029083252,3.103414535522461,2.1169612407684326,5035
B0,2026,TAV,0.3,start,5026,V,reconstructed,0.8695766925811768,3.322789192199707,3.4502832889556885,4768
B0,2026,TAV,0.3,start,5026,V,observed_mean,0.2123647928237915,3.322789192199707,2.9899590015411377,4768
B0,2026,TAV,0.3,middle,5026,T,reconstructed,0.384179413318634,13.566533088684082,8.324262619018555,5036
B0,2026,TAV,0.3,middle,5026,T,observed_mean,0.0913424342870712,13.566533088684082,13.153685569763184,5036
B0,2026,TAV,0.3,middle,5026,A,reconstructed,0.9088926911354064,3.068811416625977,1.8563363552093504,5036
B0,2026,TAV,0.3,middle,5026,A,observed_mean,0.4609036743640899,3.068811416625977,2.078000783920288,5036
B0,2026,TAV,0.3,middle,5026,V,reconstructed,0.8630968928337097,3.3143150806427,3.4861011505126958,4759
B0,2026,TAV,0.3,middle,5026,V,observed_mean,0.1609607487916946,3.3143150806427,2.971001625061035,4759
B0,2026,TAV,0.3,end,5026,T,reconstructed,0.4070380330085754,13.662428855895996,8.346114158630371,5030
B0,2026,TAV,0.3,end,5026,T,observed_mean,0.1160880699753761,13.662428855895996,12.645711898803713,5030
B0,2026,TAV,0.3,end,5026,A,reconstructed,0.9184806942939758,3.0741515159606934,1.8664308786392207,5030
B0,2026,TAV,0.3,end,5026,A,observed_mean,0.551679253578186,3.0741515159606934,2.145570039749145,5030
B0,2026,TAV,0.3,end,5026,V,reconstructed,0.8737242817878723,3.440771579742432,3.4704551696777344,4663
B0,2026,TAV,0.3,end,5026,V,observed_mean,0.2287408858537674,3.440771579742432,2.994485855102539,4663
B0,2026,TAV,0.3,random,5026,T,reconstructed,0.3864364922046661,13.64016342163086,8.34013557434082,5039
B0,2026,TAV,0.3,random,5026,T,observed_mean,0.0961193665862083,13.64016342163086,13.134459495544434,5039
B0,2026,TAV,0.3,random,5026,A,reconstructed,0.9137303233146667,3.0603363513946533,1.856013536453247,5039
B0,2026,TAV,0.3,random,5026,A,observed_mean,0.4882833957672119,3.0603363513946533,2.1075761318206787,5039
B0,2026,TAV,0.3,random,5026,V,reconstructed,0.8638761639595032,3.3853514194488525,3.4936251640319824,4743
B0,2026,TAV,0.3,random,5026,V,observed_mean,0.1819050908088684,3.3853514194488525,2.958292245864868,4743
B0,2026,TAV,0.3,random,5027,T,reconstructed,0.3919573724269867,13.613946914672852,8.350749015808105,5038
B0,2026,TAV,0.3,random,5027,T,observed_mean,0.1010043397545814,13.613946914672852,13.13693141937256,5038
B0,2026,TAV,0.3,random,5027,A,reconstructed,0.9076620936393738,3.0570671558380127,1.854397177696228,5038
B0,2026,TAV,0.3,random,5027,A,observed_mean,0.4912727773189544,3.0570671558380127,2.107537746429444,5038
B0,2026,TAV,0.3,random,5027,V,reconstructed,0.8660687804222107,3.3234307765960693,3.486405611038208,4712
B0,2026,TAV,0.3,random,5027,V,observed_mean,0.1834211945533752,3.3234307765960693,2.9814515113830566,4712
B0,2026,TAV,0.3,random,5028,T,reconstructed,0.3876095116138458,13.620648384094238,8.34965991973877,5030
B0,2026,TAV,0.3,random,5028,T,observed_mean,0.1011540591716766,13.620648384094238,13.211347579956056,5030
B0,2026,TAV,0.3,random,5028,A,reconstructed,0.9065489172935486,3.0848426818847656,1.864638090133667,5030
B0,2026,TAV,0.3,random,5028,A,observed_mean,0.4829913973808288,3.0848426818847656,2.091272354125977,5030
B0,2026,TAV,0.3,random,5028,V,reconstructed,0.8632861971855164,3.352392673492432,3.4924936294555664,4710
B0,2026,TAV,0.3,random,5028,V,observed_mean,0.178136333823204,3.352392673492432,2.967024087905884,4710
B0,2027,T,0.1,random,5026,T,reconstructed,0.3250841796398163,14.48427677154541,9.281335830688477,1711
B0,2027,T,0.1,random,5026,T,observed_mean,0.064645878970623,14.48427677154541,14.095643043518066,1711
B0,2027,T,0.1,random,5027,T,reconstructed,0.328898549079895,14.45015811920166,9.273494720458984,1711
B0,2027,T,0.1,random,5027,T,observed_mean,0.0704076364636421,14.45015811920166,14.047590255737305,1711
B0,2027,T,0.1,random,5028,T,reconstructed,0.3301341235637665,14.48571491241455,9.277606010437012,1711
B0,2027,T,0.1,random,5028,T,observed_mean,0.0738235563039779,14.48571491241455,14.006428718566896,1711
B0,2027,T,0.2,random,5026,T,reconstructed,0.3339207172393799,14.454376220703123,9.244462013244627,3400
B0,2027,T,0.2,random,5026,T,observed_mean,0.0844810009002685,14.454376220703123,14.066737174987791,3400
B0,2027,T,0.2,random,5027,T,reconstructed,0.3356650173664093,14.41460132598877,9.248692512512209,3400
B0,2027,T,0.2,random,5027,T,observed_mean,0.085164837539196,14.41460132598877,14.014451026916504,3400
B0,2027,T,0.2,random,5028,T,reconstructed,0.3359450101852417,14.45207405090332,9.262104034423828,3400
B0,2027,T,0.2,random,5028,T,observed_mean,0.089360810816288,14.45207405090332,14.040966987609863,3400
B0,2027,T,0.3,start,5026,T,reconstructed,0.3473964631557464,14.639371871948242,9.173432350158691,5039
B0,2027,T,0.3,start,5026,T,observed_mean,0.0974646583199501,14.639371871948242,13.848284721374512,5039
B0,2027,T,0.3,middle,5026,T,reconstructed,0.3411977887153625,14.37207317352295,9.171481132507324,5039
B0,2027,T,0.3,middle,5026,T,observed_mean,0.0962464436888694,14.37207317352295,13.96851634979248,5039
B0,2027,T,0.3,end,5026,T,reconstructed,0.3531640172004699,14.544218063354492,9.132944107055664,5039
B0,2027,T,0.3,end,5026,T,observed_mean,0.1185289546847343,14.544218063354492,13.35396671295166,5039
B0,2027,T,0.3,random,5026,T,reconstructed,0.3420641124248504,14.452547073364258,9.155689239501951,5039
B0,2027,T,0.3,random,5026,T,observed_mean,0.1011563166975975,14.452547073364258,13.981877326965332,5039
B0,2027,T,0.3,random,5027,T,reconstructed,0.3467002809047699,14.405747413635254,9.18034553527832,5039
B0,2027,T,0.3,random,5027,T,observed_mean,0.102046750485897,14.405747413635254,13.925371170043944,5039
B0,2027,T,0.3,random,5028,T,reconstructed,0.3436529636383056,14.419833183288574,9.211743354797363,5039
B0,2027,T,0.3,random,5028,T,observed_mean,0.1034264862537384,14.419833183288574,14.05036163330078,5039
B0,2027,T,0.4,random,5026,T,reconstructed,0.3533493876457214,14.45620822906494,9.079129219055176,6740
B0,2027,T,0.4,random,5026,T,observed_mean,0.1207906752824783,14.45620822906494,13.90295124053955,6740
B0,2027,T,0.4,random,5027,T,reconstructed,0.3599399328231811,14.39920711517334,9.100932121276855,6740
B0,2027,T,0.4,random,5027,T,observed_mean,0.1275893449783325,14.39920711517334,13.909106254577637,6740
B0,2027,T,0.4,random,5028,T,reconstructed,0.35333052277565,14.419346809387209,9.127202033996582,6740
B0,2027,T,0.4,random,5028,T,observed_mean,0.1226957961916923,14.419346809387209,14.00534725189209,6740
B0,2027,T,0.5,random,5026,T,reconstructed,0.3648013472557068,14.45863151550293,8.957813262939453,8415
B0,2027,T,0.5,random,5026,T,observed_mean,0.1419163197278976,14.45863151550293,13.744505882263184,8415
B0,2027,T,0.5,random,5027,T,reconstructed,0.3708426058292389,14.41666316986084,8.966975212097168,8415
B0,2027,T,0.5,random,5027,T,observed_mean,0.1464340835809707,14.41666316986084,13.743088722229004,8415
B0,2027,T,0.5,random,5028,T,reconstructed,0.3664703369140625,14.41490077972412,9.003565788269043,8415
B0,2027,T,0.5,random,5028,T,observed_mean,0.1423736214637756,14.41490077972412,13.887619018554688,8415
B0,2027,A,0.1,random,5026,A,reconstructed,0.9127829670906068,3.0873310565948486,1.845293045043945,1711
B0,2027,A,0.1,random,5026,A,observed_mean,0.4351907670497894,3.0873310565948486,2.058027029037476,1711
B0,2027,A,0.1,random,5027,A,reconstructed,0.916679620742798,3.090877056121826,1.8459333181381223,1711
B0,2027,A,0.1,random,5027,A,observed_mean,0.4374159574508667,3.090877056121826,2.060046434402466,1711
B0,2027,A,0.1,random,5028,A,reconstructed,0.9166858792304992,3.036755323410034,1.8447426557540891,1711
B0,2027,A,0.1,random,5028,A,observed_mean,0.4296089112758636,3.036755323410034,2.061376571655273,1711
B0,2027,A,0.2,random,5026,A,reconstructed,0.9137587547302246,3.068020820617676,1.8444019556045528,3400
B0,2027,A,0.2,random,5026,A,observed_mean,0.4650741517543793,3.068020820617676,2.063304662704468,3400
B0,2027,A,0.2,random,5027,A,reconstructed,0.9164657592773438,3.0637476444244385,1.8451515436172483,3400
B0,2027,A,0.2,random,5027,A,observed_mean,0.4703876674175262,3.0637476444244385,2.0665454864501958,3400
B0,2027,A,0.2,random,5028,A,reconstructed,0.9163926839828492,3.0813562870025635,1.843715786933899,3400
B0,2027,A,0.2,random,5028,A,observed_mean,0.4590733647346496,3.0813562870025635,2.0554463863372803,3400
B0,2027,A,0.3,start,5026,A,reconstructed,0.9374343752861024,3.1010336875915527,1.8358721733093264,5039
B0,2027,A,0.3,start,5026,A,observed_mean,0.5141874551773071,3.1010336875915527,2.117961168289185,5039
B0,2027,A,0.3,middle,5026,A,reconstructed,0.9148913621902466,3.067810297012329,1.8435207605361936,5039
B0,2027,A,0.3,middle,5026,A,observed_mean,0.459653377532959,3.067810297012329,2.080080032348633,5039
B0,2027,A,0.3,end,5026,A,reconstructed,0.8962223529815674,3.0731866359710693,1.8468717336654663,5039
B0,2027,A,0.3,end,5026,A,observed_mean,0.5499751567840576,3.0731866359710693,2.146749258041382,5039
B0,2027,A,0.3,random,5026,A,reconstructed,0.9137341976165771,3.0589640140533447,1.8434213399887085,5039
B0,2027,A,0.3,random,5026,A,observed_mean,0.4870996475219726,3.0589640140533447,2.10828161239624,5039
B0,2027,A,0.3,random,5027,A,reconstructed,0.9169389009475708,3.0566234588623047,1.8442721366882324,5039
B0,2027,A,0.3,random,5027,A,observed_mean,0.48993980884552,3.0566234588623047,2.1083130836486816,5039
B0,2027,A,0.3,random,5028,A,reconstructed,0.9169021844863892,3.0842299461364746,1.842710256576538,5039
B0,2027,A,0.3,random,5028,A,observed_mean,0.4815436601638794,3.0842299461364746,2.093783378601074,5039
B0,2027,A,0.4,random,5026,A,reconstructed,0.9136152863502502,3.0516178607940674,1.8421218395233157,6740
B0,2027,A,0.4,random,5026,A,observed_mean,0.5036712288856506,3.0516178607940674,2.145416498184204,6740
B0,2027,A,0.4,random,5027,A,reconstructed,0.9173274040222168,3.054879903793335,1.84253454208374,6740
B0,2027,A,0.4,random,5027,A,observed_mean,0.5036777853965759,3.054879903793335,2.145031213760376,6740
B0,2027,A,0.4,random,5028,A,reconstructed,0.9166010022163392,3.0858047008514404,1.841342091560364,6740
B0,2027,A,0.4,random,5028,A,observed_mean,0.4992099702358246,3.0858047008514404,2.1221370697021484,6740
B0,2027,A,0.5,random,5026,A,reconstructed,0.913960576057434,3.053662061691284,1.841267704963684,8415
B0,2027,A,0.5,random,5026,A,observed_mean,0.5175181031227112,3.053662061691284,2.191250324249268,8415
B0,2027,A,0.5,random,5027,A,reconstructed,0.9155780076980592,3.075161457061768,1.8415977954864504,8415
B0,2027,A,0.5,random,5027,A,observed_mean,0.5166158080101013,3.075161457061768,2.177546739578247,8415
B0,2027,A,0.5,random,5028,A,reconstructed,0.9153546094894408,3.077224969863892,1.840440034866333,8415
B0,2027,A,0.5,random,5028,A,observed_mean,0.5172351598739624,3.077224969863892,2.167285203933716,8415
B0,2027,V,0.1,random,5026,V,reconstructed,0.8690821528434753,3.401235342025757,3.3436684608459477,1604
B0,2027,V,0.1,random,5026,V,observed_mean,0.1578797250986099,3.401235342025757,2.939996719360352,1604
B0,2027,V,0.1,random,5027,V,reconstructed,0.8721091151237488,3.3013126850128174,3.347468614578247,1595
B0,2027,V,0.1,random,5027,V,observed_mean,0.1571518629789352,3.3013126850128174,2.9644880294799805,1595
B0,2027,V,0.1,random,5028,V,reconstructed,0.8715935349464417,3.3786513805389404,3.350224018096924,1588
B0,2027,V,0.1,random,5028,V,observed_mean,0.1535705476999282,3.3786513805389404,2.955496311187744,1588
B0,2027,V,0.2,random,5026,V,reconstructed,0.8676395416259766,3.396118402481079,3.3539631366729736,3194
B0,2027,V,0.2,random,5026,V,observed_mean,0.1718329936265945,3.396118402481079,2.9498777389526367,3194
B0,2027,V,0.2,random,5027,V,reconstructed,0.8719415068626404,3.317434787750244,3.35788631439209,3180
B0,2027,V,0.2,random,5027,V,observed_mean,0.1722884327173233,3.317434787750244,2.969576597213745,3180
B0,2027,V,0.2,random,5028,V,reconstructed,0.8704788088798523,3.378287076950073,3.358539342880249,3176
B0,2027,V,0.2,random,5028,V,observed_mean,0.1701009422540664,3.378287076950073,2.958191156387329,3176
B0,2027,V,0.3,start,5026,V,reconstructed,0.8721751570701599,3.3255977630615234,3.370978116989136,4768
B0,2027,V,0.3,start,5026,V,observed_mean,0.2129402160644531,3.3255977630615234,2.99280309677124,4768
B0,2027,V,0.3,middle,5026,V,reconstructed,0.8722326159477234,3.317480087280273,3.35856294631958,4759
B0,2027,V,0.3,middle,5026,V,observed_mean,0.161783218383789,3.317480087280273,2.974623680114746,4759
B0,2027,V,0.3,end,5026,V,reconstructed,0.8712949156761169,3.447021484375,3.3603761196136475,4663
B0,2027,V,0.3,end,5026,V,observed_mean,0.2289955765008926,3.447021484375,2.996515989303589,4663
B0,2027,V,0.3,random,5026,V,reconstructed,0.8690862655639648,3.3894712924957275,3.3628532886505127,4743
B0,2027,V,0.3,random,5026,V,observed_mean,0.1825716644525528,3.3894712924957275,2.9612128734588623,4743
B0,2027,V,0.3,random,5027,V,reconstructed,0.8718382120132446,3.326448917388916,3.364950895309448,4712
B0,2027,V,0.3,random,5027,V,observed_mean,0.1842358112335205,3.326448917388916,2.9850282669067383,4712
B0,2027,V,0.3,random,5028,V,reconstructed,0.8700928092002869,3.3564274311065674,3.3656859397888184,4710
B0,2027,V,0.3,random,5028,V,observed_mean,0.1786257028579712,3.3564274311065674,2.969820022583008,4710
B0,2027,V,0.4,random,5026,V,reconstructed,0.870128870010376,3.3689138889312744,3.372492551803589,6357
B0,2027,V,0.4,random,5026,V,observed_mean,0.1930588036775589,3.3689138889312744,2.983184099197388,6357
B0,2027,V,0.4,random,5027,V,reconstructed,0.8721504211425781,3.326826333999634,3.373826503753662,6308
B0,2027,V,0.4,random,5027,V,observed_mean,0.1954584717750549,3.326826333999634,3.0071232318878174,6308
B0,2027,V,0.4,random,5028,V,reconstructed,0.8694227933883667,3.3583433628082275,3.3756637573242188,6306
B0,2027,V,0.4,random,5028,V,observed_mean,0.1910274177789688,3.3583433628082275,2.9879395961761475,6306
B0,2027,V,0.5,random,5026,V,reconstructed,0.870754599571228,3.3493871688842773,3.380211114883423,7939
B0,2027,V,0.5,random,5026,V,observed_mean,0.2025303095579147,3.3493871688842773,3.016514778137207,7939
B0,2027,V,0.5,random,5027,V,reconstructed,0.8720071315765381,3.3275856971740723,3.381281614303589,7888
B0,2027,V,0.5,random,5027,V,observed_mean,0.2040483206510543,3.3275856971740723,3.031256437301636,7888
B0,2027,V,0.5,random,5028,V,reconstructed,0.8704498410224915,3.343238592147827,3.382570266723633,7893
B0,2027,V,0.5,random,5028,V,observed_mean,0.2017810940742492,3.343238592147827,3.0225517749786377,7893
B0,2027,TA,0.3,start,5026,T,reconstructed,0.3452716767787933,14.639371871948242,9.171968460083008,5039
B0,2027,TA,0.3,start,5026,T,observed_mean,0.0974646583199501,14.639371871948242,13.848284721374512,5039
B0,2027,TA,0.3,start,5026,A,reconstructed,0.9372272491455078,3.1010336875915527,1.847781777381897,5039
B0,2027,TA,0.3,start,5026,A,observed_mean,0.5141874551773071,3.1010336875915527,2.117961168289185,5039
B0,2027,TA,0.3,middle,5026,T,reconstructed,0.3389473259449005,14.37207317352295,9.174429893493652,5039
B0,2027,TA,0.3,middle,5026,T,observed_mean,0.0962464436888694,14.37207317352295,13.96851634979248,5039
B0,2027,TA,0.3,middle,5026,A,reconstructed,0.915656805038452,3.067810297012329,1.8491181135177608,5039
B0,2027,TA,0.3,middle,5026,A,observed_mean,0.459653377532959,3.067810297012329,2.080080032348633,5039
B0,2027,TA,0.3,end,5026,T,reconstructed,0.350786417722702,14.544218063354492,9.126410484313965,5039
B0,2027,TA,0.3,end,5026,T,observed_mean,0.1185289546847343,14.544218063354492,13.35396671295166,5039
B0,2027,TA,0.3,end,5026,A,reconstructed,0.8998306393623352,3.0731866359710693,1.8422333002090452,5039
B0,2027,TA,0.3,end,5026,A,observed_mean,0.5499751567840576,3.0731866359710693,2.146749258041382,5039
B0,2027,TA,0.3,random,5026,T,reconstructed,0.3397115468978882,14.452547073364258,9.156373977661133,5039
B0,2027,TA,0.3,random,5026,T,observed_mean,0.1011563166975975,14.452547073364258,13.981877326965332,5039
B0,2027,TA,0.3,random,5026,A,reconstructed,0.91544508934021,3.0589640140533447,1.8427447080612185,5039
B0,2027,TA,0.3,random,5026,A,observed_mean,0.4870996475219726,3.0589640140533447,2.10828161239624,5039
B0,2027,TA,0.3,random,5027,T,reconstructed,0.3443887531757355,14.405747413635254,9.174938201904297,5039
B0,2027,TA,0.3,random,5027,T,observed_mean,0.102046750485897,14.405747413635254,13.925371170043944,5039
B0,2027,TA,0.3,random,5027,A,reconstructed,0.919334590435028,3.0566234588623047,1.8451614379882808,5039
B0,2027,TA,0.3,random,5027,A,observed_mean,0.48993980884552,3.0566234588623047,2.1083130836486816,5039
B0,2027,TA,0.3,random,5028,T,reconstructed,0.3413718342781067,14.419833183288574,9.214933395385742,5039
B0,2027,TA,0.3,random,5028,T,observed_mean,0.1034264862537384,14.419833183288574,14.05036163330078,5039
B0,2027,TA,0.3,random,5028,A,reconstructed,0.9190109968185424,3.0842299461364746,1.841272592544556,5039
B0,2027,TA,0.3,random,5028,A,observed_mean,0.4815436601638794,3.0842299461364746,2.093783378601074,5039
B0,2027,TV,0.3,start,5026,T,reconstructed,0.3438364863395691,14.641114234924316,9.225759506225586,5035
B0,2027,TV,0.3,start,5026,T,observed_mean,0.0974947363138198,14.641114234924316,13.85053253173828,5035
B0,2027,TV,0.3,start,5026,V,reconstructed,0.8746529221534729,3.3255977630615234,3.2903311252593994,4768
B0,2027,TV,0.3,start,5026,V,observed_mean,0.2129402160644531,3.3255977630615234,2.99280309677124,4768
B0,2027,TV,0.3,middle,5026,T,reconstructed,0.3378617167472839,14.37506866455078,9.22702980041504,5036
B0,2027,TV,0.3,middle,5026,T,observed_mean,0.0962337478995323,14.37506866455078,13.970468521118164,5036
B0,2027,TV,0.3,middle,5026,V,reconstructed,0.8708975911140442,3.317480087280273,3.33282732963562,4759
B0,2027,TV,0.3,middle,5026,V,observed_mean,0.161783218383789,3.317480087280273,2.974623680114746,4759
B0,2027,TV,0.3,end,5026,T,reconstructed,0.3495981693267822,14.550559043884276,9.182945251464844,5030
B0,2027,TV,0.3,end,5026,T,observed_mean,0.1185566633939743,14.550559043884276,13.357537269592283,5030
B0,2027,TV,0.3,end,5026,V,reconstructed,0.8749232888221741,3.447021484375,3.313518762588501,4663
B0,2027,TV,0.3,end,5026,V,observed_mean,0.2289955765008926,3.447021484375,2.996515989303589,4663
B0,2027,TV,0.3,random,5026,T,reconstructed,0.338491827249527,14.452547073364258,9.21549129486084,5039
B0,2027,TV,0.3,random,5026,T,observed_mean,0.1011563166975975,14.452547073364258,13.981877326965332,5039
B0,2027,TV,0.3,random,5026,V,reconstructed,0.8708487153053284,3.3894712924957275,3.3393642902374268,4743
B0,2027,TV,0.3,random,5026,V,observed_mean,0.1825716644525528,3.3894712924957275,2.9612128734588623,4743
B0,2027,TV,0.3,random,5027,T,reconstructed,0.3432219624519348,14.406904220581056,9.235998153686523,5038
B0,2027,TV,0.3,random,5027,T,observed_mean,0.1020494699478149,14.406904220581056,13.925840377807615,5038
B0,2027,TV,0.3,random,5027,V,reconstructed,0.8740307688713074,3.326448917388916,3.3394813537597656,4712
B0,2027,TV,0.3,random,5027,V,observed_mean,0.1842358112335205,3.326448917388916,2.9850282669067383,4712
B0,2027,TV,0.3,random,5028,T,reconstructed,0.3401926457881927,14.426045417785645,9.268569946289062,5030
B0,2027,TV,0.3,random,5028,T,observed_mean,0.1033563986420631,14.426045417785645,14.055667877197266,5030
B0,2027,TV,0.3,random,5028,V,reconstructed,0.8692988157272339,3.3564274311065674,3.338019847869873,4710
B0,2027,TV,0.3,random,5028,V,observed_mean,0.1786257028579712,3.3564274311065674,2.969820022583008,4710
B0,2027,AV,0.3,start,5026,A,reconstructed,0.9359408020973206,3.1013436317443848,1.8376579284667969,5035
B0,2027,AV,0.3,start,5026,A,observed_mean,0.5141212940216064,3.1013436317443848,2.117828607559204,5035
B0,2027,AV,0.3,start,5026,V,reconstructed,0.8720355033874512,3.3255977630615234,3.395272731781006,4768
B0,2027,AV,0.3,start,5026,V,observed_mean,0.2129402160644531,3.3255977630615234,2.99280309677124,4768
B0,2027,AV,0.3,middle,5026,A,reconstructed,0.9128730893135072,3.0671560764312744,1.844900369644165,5036
B0,2027,AV,0.3,middle,5026,A,observed_mean,0.4598342478275299,3.0671560764312744,2.078886747360229,5036
B0,2027,AV,0.3,middle,5026,V,reconstructed,0.872080385684967,3.317480087280273,3.38543963432312,4759
B0,2027,AV,0.3,middle,5026,V,observed_mean,0.161783218383789,3.317480087280273,2.974623680114746,4759
B0,2027,AV,0.3,end,5026,A,reconstructed,0.8938334584236145,3.0733683109283447,1.8482801914215088,5030
B0,2027,AV,0.3,end,5026,A,observed_mean,0.5500203967094421,3.0733683109283447,2.1455979347229004,5030
B0,2027,AV,0.3,end,5026,V,reconstructed,0.8712441325187683,3.447021484375,3.386608600616455,4663
B0,2027,AV,0.3,end,5026,V,observed_mean,0.2289955765008926,3.447021484375,2.996515989303589,4663
B0,2027,AV,0.3,random,5026,A,reconstructed,0.9118455052375792,3.0589640140533447,1.8458484411239624,5039
B0,2027,AV,0.3,random,5026,A,observed_mean,0.4870996475219726,3.0589640140533447,2.10828161239624,5039
B0,2027,AV,0.3,random,5026,V,reconstructed,0.8688969612121582,3.3894712924957275,3.389185905456543,4743
B0,2027,AV,0.3,random,5026,V,observed_mean,0.1825716644525528,3.3894712924957275,2.9612128734588623,4743
B0,2027,AV,0.3,random,5027,A,reconstructed,0.9151838421821594,3.056361675262451,1.8460994958877563,5038
B0,2027,AV,0.3,random,5027,A,observed_mean,0.4900091290473938,3.056361675262451,2.107945680618286,5038
B0,2027,AV,0.3,random,5027,V,reconstructed,0.8717998266220093,3.326448917388916,3.3907134532928467,4712
B0,2027,AV,0.3,random,5027,V,observed_mean,0.1842358112335205,3.326448917388916,2.9850282669067383,4712
B0,2027,AV,0.3,random,5028,A,reconstructed,0.9147976636886596,3.0838778018951416,1.844035625457764,5030
B0,2027,AV,0.3,random,5028,A,observed_mean,0.4817268848419189,3.0838778018951416,2.091736316680908,5030
B0,2027,AV,0.3,random,5028,V,reconstructed,0.8699995279312134,3.3564274311065674,3.392369747161865,4710
B0,2027,AV,0.3,random,5028,V,observed_mean,0.1786257028579712,3.3564274311065674,2.969820022583008,4710
B0,2027,TAV,0.3,start,5026,T,reconstructed,0.341682881116867,14.641114234924316,9.224472045898438,5035
B0,2027,TAV,0.3,start,5026,T,observed_mean,0.0974947363138198,14.641114234924316,13.85053253173828,5035
B0,2027,TAV,0.3,start,5026,A,reconstructed,0.9357162117958068,3.1013436317443848,1.848209023475647,5035
B0,2027,TAV,0.3,start,5026,A,observed_mean,0.5141212940216064,3.1013436317443848,2.117828607559204,5035
B0,2027,TAV,0.3,start,5026,V,reconstructed,0.8745619058609009,3.3255977630615234,3.319902181625366,4768
B0,2027,TAV,0.3,start,5026,V,observed_mean,0.2129402160644531,3.3255977630615234,2.99280309677124,4768
B0,2027,TAV,0.3,middle,5026,T,reconstructed,0.3356290459632873,14.37506866455078,9.230439186096191,5036
B0,2027,TAV,0.3,middle,5026,T,observed_mean,0.0962337478995323,14.37506866455078,13.970468521118164,5036
B0,2027,TAV,0.3,middle,5026,A,reconstructed,0.913383424282074,3.0671560764312744,1.849827527999878,5036
B0,2027,TAV,0.3,middle,5026,A,observed_mean,0.4598342478275299,3.0671560764312744,2.078886747360229,5036
B0,2027,TAV,0.3,middle,5026,V,reconstructed,0.870729923248291,3.317480087280273,3.3662025928497314,4759
B0,2027,TAV,0.3,middle,5026,V,observed_mean,0.161783218383789,3.317480087280273,2.974623680114746,4759
B0,2027,TAV,0.3,end,5026,T,reconstructed,0.3472031950950622,14.550559043884276,9.176753997802734,5030
B0,2027,TAV,0.3,end,5026,T,observed_mean,0.1185566633939743,14.550559043884276,13.357537269592283,5030
B0,2027,TAV,0.3,end,5026,A,reconstructed,0.8971261382102966,3.0733683109283447,1.842411518096924,5030
B0,2027,TAV,0.3,end,5026,A,observed_mean,0.5500203967094421,3.0733683109283447,2.1455979347229004,5030
B0,2027,TAV,0.3,end,5026,V,reconstructed,0.8749924898147583,3.447021484375,3.346571207046509,4663
B0,2027,TAV,0.3,end,5026,V,observed_mean,0.2289955765008926,3.447021484375,2.996515989303589,4663
B0,2027,TAV,0.3,random,5026,T,reconstructed,0.3361127078533172,14.452547073364258,9.216631889343262,5039
B0,2027,TAV,0.3,random,5026,T,observed_mean,0.1011563166975975,14.452547073364258,13.981877326965332,5039
B0,2027,TAV,0.3,random,5026,A,reconstructed,0.9132487177848816,3.0589640140533447,1.8440637588500977,5039
B0,2027,TAV,0.3,random,5026,A,observed_mean,0.4870996475219726,3.0589640140533447,2.10828161239624,5039
B0,2027,TAV,0.3,random,5026,V,reconstructed,0.8706586956977844,3.3894712924957275,3.372465848922729,4743
B0,2027,TAV,0.3,random,5026,V,observed_mean,0.1825716644525528,3.3894712924957275,2.9612128734588623,4743
B0,2027,TAV,0.3,random,5027,T,reconstructed,0.3408942520618438,14.406904220581056,9.230515480041504,5038
B0,2027,TAV,0.3,random,5027,T,observed_mean,0.1020494699478149,14.406904220581056,13.925840377807615,5038
B0,2027,TAV,0.3,random,5027,A,reconstructed,0.9175496697425842,3.056361675262451,1.8461805582046509,5038
B0,2027,TAV,0.3,random,5027,A,observed_mean,0.4900091290473938,3.056361675262451,2.107945680618286,5038
B0,2027,TAV,0.3,random,5027,V,reconstructed,0.8740599155426025,3.326448917388916,3.3708317279815674,4712
B0,2027,TAV,0.3,random,5027,V,observed_mean,0.1842358112335205,3.326448917388916,2.9850282669067383,4712
B0,2027,TAV,0.3,random,5028,T,reconstructed,0.3379196226596832,14.426045417785645,9.272553443908691,5030
B0,2027,TAV,0.3,random,5028,T,observed_mean,0.1033563986420631,14.426045417785645,14.055667877197266,5030
B0,2027,TAV,0.3,random,5028,A,reconstructed,0.9166998267173768,3.0838778018951416,1.8416513204574585,5030
B0,2027,TAV,0.3,random,5028,A,observed_mean,0.4817268848419189,3.0838778018951416,2.091736316680908,5030
B0,2027,TAV,0.3,random,5028,V,reconstructed,0.8691915273666382,3.3564274311065674,3.3710854053497314,4710
B0,2027,TAV,0.3,random,5028,V,observed_mean,0.1786257028579712,3.3564274311065674,2.969820022583008,4710
B0,2028,T,0.1,random,5026,T,reconstructed,0.5389257073402405,13.174446105957031,8.29762077331543,1711
B0,2028,T,0.1,random,5026,T,observed_mean,0.0561141297221183,13.174446105957031,12.81386947631836,1711
B0,2028,T,0.1,random,5027,T,reconstructed,0.5381090641021729,13.15740203857422,8.300403594970703,1711
B0,2028,T,0.1,random,5027,T,observed_mean,0.0623808018863201,13.15740203857422,12.760187149047852,1711
B0,2028,T,0.1,random,5028,T,reconstructed,0.5381788015365601,13.172548294067385,8.294289588928223,1711
B0,2028,T,0.1,random,5028,T,observed_mean,0.0637000277638435,13.172548294067385,12.718409538269045,1711
B0,2028,T,0.2,random,5026,T,reconstructed,0.5419652462005615,13.128436088562012,8.281591415405273,3400
B0,2028,T,0.2,random,5026,T,observed_mean,0.0723108574748039,13.128436088562012,12.765480995178224,3400
B0,2028,T,0.2,random,5027,T,reconstructed,0.5405287146568298,13.126279830932615,8.294503211975098,3400
B0,2028,T,0.2,random,5027,T,observed_mean,0.0736965909600257,13.126279830932615,12.741352081298828,3400
B0,2028,T,0.2,random,5028,T,reconstructed,0.5406004190444946,13.13905906677246,8.282525062561035,3400
B0,2028,T,0.2,random,5028,T,observed_mean,0.0770748034119606,13.13905906677246,12.718896865844728,3400
B0,2028,T,0.3,start,5026,T,reconstructed,0.5394536852836609,13.440788269042969,8.142131805419922,5039
B0,2028,T,0.3,start,5026,T,observed_mean,0.0855313912034034,13.440788269042969,12.546329498291016,5039
B0,2028,T,0.3,middle,5026,T,reconstructed,0.5426701307296753,13.053592681884766,8.240449905395508,5039
B0,2028,T,0.3,middle,5026,T,observed_mean,0.0836814194917678,13.053592681884766,12.71336269378662,5039
B0,2028,T,0.3,end,5026,T,reconstructed,0.5533844828605652,13.112982749938965,8.209100723266602,5039
B0,2028,T,0.3,end,5026,T,observed_mean,0.1021851450204849,13.112982749938965,12.171817779541016,5039
B0,2028,T,0.3,random,5026,T,reconstructed,0.5442787408828735,13.132502555847168,8.229445457458496,5039
B0,2028,T,0.3,random,5026,T,observed_mean,0.086928054690361,13.132502555847168,12.693765640258787,5039
B0,2028,T,0.3,random,5027,T,reconstructed,0.5435546636581421,13.105653762817385,8.239057540893555,5039
B0,2028,T,0.3,random,5027,T,observed_mean,0.086890809237957,13.105653762817385,12.655427932739258,5039
B0,2028,T,0.3,random,5028,T,reconstructed,0.5433947443962097,13.109830856323242,8.230329513549805,5039
B0,2028,T,0.3,random,5028,T,observed_mean,0.0899626687169075,13.109830856323242,12.719816207885742,5039
B0,2028,T,0.4,random,5026,T,reconstructed,0.5487809181213379,13.121197700500488,8.170734405517578,6740
B0,2028,T,0.4,random,5026,T,observed_mean,0.1046851798892021,13.121197700500488,12.60598373413086,6740
B0,2028,T,0.4,random,5027,T,reconstructed,0.5483701825141907,13.093829154968262,8.155126571655273,6740
B0,2028,T,0.4,random,5027,T,observed_mean,0.1069948524236679,13.093829154968262,12.606039047241213,6740
B0,2028,T,0.4,random,5028,T,reconstructed,0.547045886516571,13.09986686706543,8.15459156036377,6740
B0,2028,T,0.4,random,5028,T,observed_mean,0.1058943122625351,13.09986686706543,12.70598030090332,6740
B0,2028,T,0.5,random,5026,T,reconstructed,0.5532099604606628,13.122560501098633,8.04398250579834,8415
B0,2028,T,0.5,random,5026,T,observed_mean,0.123676910996437,13.122560501098633,12.498108863830566,8415
B0,2028,T,0.5,random,5027,T,reconstructed,0.5527408123016357,13.096572875976562,8.034833908081055,8415
B0,2028,T,0.5,random,5027,T,observed_mean,0.1270333528518676,13.096572875976562,12.484004020690918,8415
B0,2028,T,0.5,random,5028,T,reconstructed,0.5527209043502808,13.099091529846191,8.046574592590332,8415
B0,2028,T,0.5,random,5028,T,observed_mean,0.1250767111778259,13.099091529846191,12.58663272857666,8415
B0,2028,A,0.1,random,5026,A,reconstructed,0.9231085181236268,3.0640223026275635,1.8909120559692385,1711
B0,2028,A,0.1,random,5026,A,observed_mean,0.438249796628952,3.0640223026275635,2.03525185585022,1711
B0,2028,A,0.1,random,5027,A,reconstructed,0.9221324920654296,3.0667593479156494,1.8905317783355715,1711
B0,2028,A,0.1,random,5027,A,observed_mean,0.4399924278259277,3.0667593479156494,2.0371012687683105,1711
B0,2028,A,0.1,random,5028,A,reconstructed,0.9160062074661256,3.014047384262085,1.8918730020523071,1711
B0,2028,A,0.1,random,5028,A,observed_mean,0.4320923388004303,3.014047384262085,2.0384116172790527,1711
B0,2028,A,0.2,random,5026,A,reconstructed,0.9221878051757812,3.0441811084747314,1.891780495643616,3400
B0,2028,A,0.2,random,5026,A,observed_mean,0.468103289604187,3.0441811084747314,2.040395736694336,3400
B0,2028,A,0.2,random,5027,A,reconstructed,0.9220154285430908,3.040446281433105,1.8919410705566408,3400
B0,2028,A,0.2,random,5027,A,observed_mean,0.4730455577373504,3.040446281433105,2.0432372093200684,3400
B0,2028,A,0.2,random,5028,A,reconstructed,0.916013777256012,3.0588011741638184,1.891828179359436,3400
B0,2028,A,0.2,random,5028,A,observed_mean,0.4619493782520294,3.0588011741638184,2.032155513763428,3400
B0,2028,A,0.3,start,5026,A,reconstructed,0.9182157516479492,3.077504873275757,1.890610694885254,5039
B0,2028,A,0.3,start,5026,A,observed_mean,0.517321765422821,3.077504873275757,2.0948452949523926,5039
B0,2028,A,0.3,middle,5026,A,reconstructed,0.9179131388664246,3.045546293258667,1.8920252323150637,5039
B0,2028,A,0.3,middle,5026,A,observed_mean,0.462199330329895,3.045546293258667,2.056140661239624,5039
B0,2028,A,0.3,end,5026,A,reconstructed,0.9212230443954468,3.047395944595337,1.888838291168213,5039
B0,2028,A,0.3,end,5026,A,observed_mean,0.5531014800071716,3.047395944595337,2.1239657402038574,5039
B0,2028,A,0.3,random,5026,A,reconstructed,0.9214382767677308,3.035081148147583,1.891788363456726,5039
B0,2028,A,0.3,random,5026,A,observed_mean,0.4902039468288421,3.035081148147583,2.085365295410156,5039
B0,2028,A,0.3,random,5027,A,reconstructed,0.92073255777359,3.033778190612793,1.8917858600616453,5039
B0,2028,A,0.3,random,5027,A,observed_mean,0.4927637577056885,3.033778190612793,2.0846455097198486,5039
B0,2028,A,0.3,random,5028,A,reconstructed,0.917433500289917,3.0612950325012207,1.8913429975509644,5039
B0,2028,A,0.3,random,5028,A,observed_mean,0.4846744239330292,3.0612950325012207,2.07049560546875,5039
B0,2028,A,0.4,random,5026,A,reconstructed,0.9199525117874146,3.027662515640259,1.8923348188400269,6740
B0,2028,A,0.4,random,5026,A,observed_mean,0.5068725347518921,3.027662515640259,2.122504711151123,6740
B0,2028,A,0.4,random,5027,A,reconstructed,0.9190858006477356,3.032137393951416,1.8921148777008057,6740
B0,2028,A,0.4,random,5027,A,observed_mean,0.5066565871238708,3.032137393951416,2.121140956878662,6740
B0,2028,A,0.4,random,5028,A,reconstructed,0.916778326034546,3.0626420974731445,1.8915189504623413,6740
B0,2028,A,0.4,random,5028,A,observed_mean,0.5024118423461914,3.0626420974731445,2.0987250804901123,6740
B0,2028,A,0.5,random,5026,A,reconstructed,0.9184418320655824,3.030049085617065,1.8922091722488403,8415
B0,2028,A,0.5,random,5026,A,observed_mean,0.5206009149551392,3.030049085617065,2.1681365966796875,8415
B0,2028,A,0.5,random,5027,A,reconstructed,0.9177037477493286,3.0526974201202397,1.8917211294174197,8415
B0,2028,A,0.5,random,5027,A,observed_mean,0.5195984244346619,3.0526974201202397,2.1531646251678467,8415
B0,2028,A,0.5,random,5028,A,reconstructed,0.917292058467865,3.0542612075805664,1.891127347946167,8415
B0,2028,A,0.5,random,5028,A,observed_mean,0.5204443335533142,3.0542612075805664,2.143625259399414,8415
B0,2028,V,0.1,random,5026,V,reconstructed,0.8550326824188232,3.388885021209717,2.165081024169922,1604
B0,2028,V,0.1,random,5026,V,observed_mean,0.1570732295513153,3.388885021209717,2.932147741317749,1604
B0,2028,V,0.1,random,5027,V,reconstructed,0.8569322228431702,3.2926008701324463,2.16463303565979,1595
B0,2028,V,0.1,random,5027,V,observed_mean,0.1562687456607818,3.2926008701324463,2.956094264984131,1595
B0,2028,V,0.1,random,5028,V,reconstructed,0.8553034663200378,3.368083238601685,2.1676759719848637,1588
B0,2028,V,0.1,random,5028,V,observed_mean,0.1526481509208679,3.368083238601685,2.9472951889038086,1588
B0,2028,V,0.2,random,5026,V,reconstructed,0.8546309471130371,3.383758783340454,2.1714954376220703,3194
B0,2028,V,0.2,random,5026,V,observed_mean,0.1710670739412307,3.383758783340454,2.9426400661468506,3194
B0,2028,V,0.2,random,5027,V,reconstructed,0.8567706942558289,3.308587074279785,2.171532392501831,3180
B0,2028,V,0.2,random,5027,V,observed_mean,0.1713426262140274,3.308587074279785,2.9612925052642822,3180
B0,2028,V,0.2,random,5028,V,reconstructed,0.8537859916687012,3.367243528366089,2.1721415519714355,3176
B0,2028,V,0.2,random,5028,V,observed_mean,0.1692515611648559,3.367243528366089,2.950558662414551,3176
B0,2028,V,0.3,start,5026,V,reconstructed,0.8560245037078857,3.315803050994873,2.1697049140930176,4768
B0,2028,V,0.3,start,5026,V,observed_mean,0.212087795138359,3.315803050994873,2.9844970703125,4768
B0,2028,V,0.3,middle,5026,V,reconstructed,0.8547611236572266,3.307563304901123,2.174527168273926,4759
B0,2028,V,0.3,middle,5026,V,observed_mean,0.1607372164726257,3.307563304901123,2.96597957611084,4759
B0,2028,V,0.3,end,5026,V,reconstructed,0.8589706420898438,3.4352970123291016,2.16951847076416,4663
B0,2028,V,0.3,end,5026,V,observed_mean,0.2280700951814651,3.4352970123291016,2.988678216934204,4663
B0,2028,V,0.3,random,5026,V,reconstructed,0.8546233177185059,3.377467155456543,2.17533278465271,4743
B0,2028,V,0.3,random,5026,V,observed_mean,0.1817354410886764,3.377467155456543,2.953845977783203,4743
B0,2028,V,0.3,random,5027,V,reconstructed,0.8555886745452881,3.3168904781341557,2.174837112426758,4712
B0,2028,V,0.3,random,5027,V,observed_mean,0.1832443624734878,3.3168904781341557,2.9763824939727783,4712
B0,2028,V,0.3,random,5028,V,reconstructed,0.8541263341903687,3.3456053733825684,2.17497992515564,4710
B0,2028,V,0.3,random,5028,V,observed_mean,0.1777870953083038,3.3456053733825684,2.9618735313415527,4710
B0,2028,V,0.4,random,5026,V,reconstructed,0.8541528582572937,3.357569456100464,2.179494619369507,6357
B0,2028,V,0.4,random,5026,V,observed_mean,0.1920753419399261,3.357569456100464,2.975599527359009,6357
B0,2028,V,0.4,random,5027,V,reconstructed,0.8543131947517395,3.317209005355835,2.1792683601379395,6308
B0,2028,V,0.4,random,5027,V,observed_mean,0.1943545341491699,3.317209005355835,2.998016595840454,6308
B0,2028,V,0.4,random,5028,V,reconstructed,0.8537749648094177,3.347362995147705,2.180104970932007,6306
B0,2028,V,0.4,random,5028,V,observed_mean,0.1900816708803177,3.347362995147705,2.980039119720459,6306
B0,2028,V,0.5,random,5026,V,reconstructed,0.8539606928825378,3.3384954929351807,2.182343006134033,7939
B0,2028,V,0.5,random,5026,V,observed_mean,0.201505422592163,3.3384954929351807,3.008631706237793,7939
B0,2028,V,0.5,random,5027,V,reconstructed,0.8541936874389648,3.318105936050415,2.182274580001831,7888
B0,2028,V,0.5,random,5027,V,observed_mean,0.2029438316822052,3.318105936050415,3.0217010974884038,7888
B0,2028,V,0.5,random,5028,V,reconstructed,0.8539468050003052,3.3328278064727783,2.182459592819214,7893
B0,2028,V,0.5,random,5028,V,observed_mean,0.2007790803909301,3.3328278064727783,3.014011859893799,7893
B0,2028,TA,0.3,start,5026,T,reconstructed,0.5389477610588074,13.440788269042969,8.129473686218262,5039
B0,2028,TA,0.3,start,5026,T,observed_mean,0.0855313912034034,13.440788269042969,12.546329498291016,5039
B0,2028,TA,0.3,start,5026,A,reconstructed,0.9193921089172364,3.077504873275757,1.885531663894653,5039
B0,2028,TA,0.3,start,5026,A,observed_mean,0.517321765422821,3.077504873275757,2.0948452949523926,5039
B0,2028,TA,0.3,middle,5026,T,reconstructed,0.5421523451805115,13.053592681884766,8.238722801208496,5039
B0,2028,TA,0.3,middle,5026,T,observed_mean,0.0836814194917678,13.053592681884766,12.71336269378662,5039
B0,2028,TA,0.3,middle,5026,A,reconstructed,0.9191707968711852,3.045546293258667,1.8865134716033936,5039
B0,2028,TA,0.3,middle,5026,A,observed_mean,0.462199330329895,3.045546293258667,2.056140661239624,5039
B0,2028,TA,0.3,end,5026,T,reconstructed,0.5527187585830688,13.112982749938965,8.207847595214844,5039
B0,2028,TA,0.3,end,5026,T,observed_mean,0.1021851450204849,13.112982749938965,12.171817779541016,5039
B0,2028,TA,0.3,end,5026,A,reconstructed,0.9262018203735352,3.047395944595337,1.8759889602661133,5039
B0,2028,TA,0.3,end,5026,A,observed_mean,0.5531014800071716,3.047395944595337,2.1239657402038574,5039
B0,2028,TA,0.3,random,5026,T,reconstructed,0.5437007546424866,13.132502555847168,8.22531795501709,5039
B0,2028,TA,0.3,random,5026,T,observed_mean,0.086928054690361,13.132502555847168,12.693765640258787,5039
B0,2028,TA,0.3,random,5026,A,reconstructed,0.924285888671875,3.035081148147583,1.8938355445861816,5039
B0,2028,TA,0.3,random,5026,A,observed_mean,0.4902039468288421,3.035081148147583,2.085365295410156,5039
B0,2028,TA,0.3,random,5027,T,reconstructed,0.5431188344955444,13.105653762817385,8.230522155761719,5039
B0,2028,TA,0.3,random,5027,T,observed_mean,0.086890809237957,13.105653762817385,12.655427932739258,5039
B0,2028,TA,0.3,random,5027,A,reconstructed,0.9239617586135864,3.033778190612793,1.887662410736084,5039
B0,2028,TA,0.3,random,5027,A,observed_mean,0.4927637577056885,3.033778190612793,2.0846455097198486,5039
B0,2028,TA,0.3,random,5028,T,reconstructed,0.5428951978683472,13.109830856323242,8.227622985839844,5039
B0,2028,TA,0.3,random,5028,T,observed_mean,0.0899626687169075,13.109830856323242,12.719816207885742,5039
B0,2028,TA,0.3,random,5028,A,reconstructed,0.9203660488128662,3.0612950325012207,1.894468069076538,5039
B0,2028,TA,0.3,random,5028,A,observed_mean,0.4846744239330292,3.0612950325012207,2.07049560546875,5039
B0,2028,TV,0.3,start,5026,T,reconstructed,0.5379295349121094,13.443265914916992,8.195684432983398,5035
B0,2028,TV,0.3,start,5026,T,observed_mean,0.0855492502450943,13.443265914916992,12.548367500305176,5035
B0,2028,TV,0.3,start,5026,V,reconstructed,0.8590573072433472,3.315803050994873,2.15116286277771,4768
B0,2028,TV,0.3,start,5026,V,observed_mean,0.212087795138359,3.315803050994873,2.9844970703125,4768
B0,2028,TV,0.3,middle,5026,T,reconstructed,0.541197657585144,13.056432723999023,8.300630569458008,5036
B0,2028,TV,0.3,middle,5026,T,observed_mean,0.0836571082472801,13.056432723999023,12.71515655517578,5036
B0,2028,TV,0.3,middle,5026,V,reconstructed,0.8586704134941101,3.307563304901123,2.167628765106201,4759
B0,2028,TV,0.3,middle,5026,V,observed_mean,0.1607372164726257,3.307563304901123,2.96597957611084,4759
B0,2028,TV,0.3,end,5026,T,reconstructed,0.5517049431800842,13.1176118850708,8.26213264465332,5030
B0,2028,TV,0.3,end,5026,T,observed_mean,0.1022466868162155,13.1176118850708,12.173439979553224,5030
B0,2028,TV,0.3,end,5026,V,reconstructed,0.8640127182006836,3.4352970123291016,2.1676576137542725,4663
B0,2028,TV,0.3,end,5026,V,observed_mean,0.2280700951814651,3.4352970123291016,2.988678216934204,4663
B0,2028,TV,0.3,random,5026,T,reconstructed,0.5427562594413757,13.132502555847168,8.290729522705078,5039
B0,2028,TV,0.3,random,5026,T,observed_mean,0.086928054690361,13.132502555847168,12.693765640258787,5039
B0,2028,TV,0.3,random,5026,V,reconstructed,0.8594573140144348,3.377467155456543,2.180500268936157,4743
B0,2028,TV,0.3,random,5026,V,observed_mean,0.1817354410886764,3.377467155456543,2.953845977783203,4743
B0,2028,TV,0.3,random,5027,T,reconstructed,0.5420824885368347,13.106633186340332,8.299882888793945,5038
B0,2028,TV,0.3,random,5027,T,observed_mean,0.0868918225169181,13.106633186340332,12.65634059906006,5038
B0,2028,TV,0.3,random,5027,V,reconstructed,0.8584223985671997,3.3168904781341557,2.1735942363739014,4712
B0,2028,TV,0.3,random,5027,V,observed_mean,0.1832443624734878,3.3168904781341557,2.9763824939727783,4712
B0,2028,TV,0.3,random,5028,T,reconstructed,0.5418304204940796,13.115767478942873,8.28947639465332,5030
B0,2028,TV,0.3,random,5028,T,observed_mean,0.0898826122283935,13.115767478942873,12.725139617919922,5030
B0,2028,TV,0.3,random,5028,V,reconstructed,0.8595050573348999,3.3456053733825684,2.174180746078491,4710
B0,2028,TV,0.3,random,5028,V,observed_mean,0.1777870953083038,3.3456053733825684,2.9618735313415527,4710
B0,2028,AV,0.3,start,5026,A,reconstructed,0.9173350930213928,3.077822208404541,1.8963947296142576,5035
B0,2028,AV,0.3,start,5026,A,observed_mean,0.5172618627548218,3.077822208404541,2.0947282314300537,5035
B0,2028,AV,0.3,start,5026,V,reconstructed,0.8552513122558594,3.315803050994873,2.1723196506500244,4768
B0,2028,AV,0.3,start,5026,V,observed_mean,0.212087795138359,3.315803050994873,2.9844970703125,4768
B0,2028,AV,0.3,middle,5026,A,reconstructed,0.917465329170227,3.044999599456787,1.898003935813904,5036
B0,2028,AV,0.3,middle,5026,A,observed_mean,0.4623746275901794,3.044999599456787,2.0550761222839355,5036
B0,2028,AV,0.3,middle,5026,V,reconstructed,0.8542554974555969,3.307563304901123,2.1756653785705566,4759
B0,2028,AV,0.3,middle,5026,V,observed_mean,0.1607372164726257,3.307563304901123,2.96597957611084,4759
B0,2028,AV,0.3,end,5026,A,reconstructed,0.9205527305603028,3.047506332397461,1.8959561586380005,5030
B0,2028,AV,0.3,end,5026,A,observed_mean,0.5531569719314575,3.047506332397461,2.122730255126953,5030
B0,2028,AV,0.3,end,5026,V,reconstructed,0.8581491708755493,3.4352970123291016,2.1719233989715576,4663
B0,2028,AV,0.3,end,5026,V,observed_mean,0.2280700951814651,3.4352970123291016,2.988678216934204,4663
B0,2028,AV,0.3,random,5026,A,reconstructed,0.9210819602012634,3.035081148147583,1.8980029821395876,5039
B0,2028,AV,0.3,random,5026,A,observed_mean,0.4902039468288421,3.035081148147583,2.085365295410156,5039
B0,2028,AV,0.3,random,5026,V,reconstructed,0.8536930680274963,3.377467155456543,2.176732063293457,4743
B0,2028,AV,0.3,random,5026,V,observed_mean,0.1817354410886764,3.377467155456543,2.953845977783203,4743
B0,2028,AV,0.3,random,5027,A,reconstructed,0.9201085567474364,3.0335519313812256,1.8975194692611692,5038
B0,2028,AV,0.3,random,5027,A,observed_mean,0.4928310811519623,3.0335519313812256,2.0843234062194824,5038
B0,2028,AV,0.3,random,5027,V,reconstructed,0.8546299934387207,3.3168904781341557,2.1765148639678955,4712
B0,2028,AV,0.3,random,5027,V,observed_mean,0.1832443624734878,3.3168904781341557,2.9763824939727783,4712
B0,2028,AV,0.3,random,5028,A,reconstructed,0.916703760623932,3.0610930919647217,1.8972547054290767,5030
B0,2028,AV,0.3,random,5028,A,observed_mean,0.48484867811203,3.0610930919647217,2.0687003135681152,5030
B0,2028,AV,0.3,random,5028,V,reconstructed,0.8536719679832458,3.3456053733825684,2.176835060119629,4710
B0,2028,AV,0.3,random,5028,V,observed_mean,0.1777870953083038,3.3456053733825684,2.9618735313415527,4710
B0,2028,TAV,0.3,start,5026,T,reconstructed,0.5374063849449158,13.443265914916992,8.184475898742676,5035
B0,2028,TAV,0.3,start,5026,T,observed_mean,0.0855492502450943,13.443265914916992,12.548367500305176,5035
B0,2028,TAV,0.3,start,5026,A,reconstructed,0.9188340902328492,3.077822208404541,1.894503116607666,5035
B0,2028,TAV,0.3,start,5026,A,observed_mean,0.5172618627548218,3.077822208404541,2.0947282314300537,5035
B0,2028,TAV,0.3,start,5026,V,reconstructed,0.8579557538032532,3.315803050994873,2.1540589332580566,4768
B0,2028,TAV,0.3,start,5026,V,observed_mean,0.212087795138359,3.315803050994873,2.9844970703125,4768
B0,2028,TAV,0.3,middle,5026,T,reconstructed,0.5406771302223206,13.056432723999023,8.300966262817383,5036
B0,2028,TAV,0.3,middle,5026,T,observed_mean,0.0836571082472801,13.056432723999023,12.71515655517578,5036
B0,2028,TAV,0.3,middle,5026,A,reconstructed,0.919055163860321,3.044999599456787,1.89545738697052,5036
B0,2028,TAV,0.3,middle,5026,A,observed_mean,0.4623746275901794,3.044999599456787,2.0550761222839355,5036
B0,2028,TAV,0.3,middle,5026,V,reconstructed,0.8581119775772095,3.307563304901123,2.1690399646759038,4759
B0,2028,TAV,0.3,middle,5026,V,observed_mean,0.1607372164726257,3.307563304901123,2.96597957611084,4759
B0,2028,TAV,0.3,end,5026,T,reconstructed,0.5510289072990417,13.1176118850708,8.261527061462402,5030
B0,2028,TAV,0.3,end,5026,T,observed_mean,0.1022466868162155,13.1176118850708,12.173439979553224,5030
B0,2028,TAV,0.3,end,5026,A,reconstructed,0.9259917736053468,3.047506332397461,1.886752367019653,5030
B0,2028,TAV,0.3,end,5026,A,observed_mean,0.5531569719314575,3.047506332397461,2.122730255126953,5030
B0,2028,TAV,0.3,end,5026,V,reconstructed,0.8628444671630859,3.4352970123291016,2.170070171356201,4663
B0,2028,TAV,0.3,end,5026,V,observed_mean,0.2280700951814651,3.4352970123291016,2.988678216934204,4663
B0,2028,TAV,0.3,random,5026,T,reconstructed,0.5421692728996277,13.132502555847168,8.288772583007812,5039
B0,2028,TAV,0.3,random,5026,T,observed_mean,0.086928054690361,13.132502555847168,12.693765640258787,5039
B0,2028,TAV,0.3,random,5026,A,reconstructed,0.9243651628494264,3.035081148147583,1.9030245542526243,5039
B0,2028,TAV,0.3,random,5026,A,observed_mean,0.4902039468288421,3.035081148147583,2.085365295410156,5039
B0,2028,TAV,0.3,random,5026,V,reconstructed,0.8583852648735046,3.377467155456543,2.182995080947876,4743
B0,2028,TAV,0.3,random,5026,V,observed_mean,0.1817354410886764,3.377467155456543,2.953845977783203,4743
B0,2028,TAV,0.3,random,5027,T,reconstructed,0.5416429042816162,13.106633186340332,8.292901039123535,5038
B0,2028,TAV,0.3,random,5027,T,observed_mean,0.0868918225169181,13.106633186340332,12.65634059906006,5038
B0,2028,TAV,0.3,random,5027,A,reconstructed,0.9237657189369202,3.0335519313812256,1.896786332130432,5038
B0,2028,TAV,0.3,random,5027,A,observed_mean,0.4928310811519623,3.0335519313812256,2.0843234062194824,5038
B0,2028,TAV,0.3,random,5027,V,reconstructed,0.8571134209632874,3.3168904781341557,2.1751480102539062,4712
B0,2028,TAV,0.3,random,5027,V,observed_mean,0.1832443624734878,3.3168904781341557,2.9763824939727783,4712
B0,2028,TAV,0.3,random,5028,T,reconstructed,0.541322648525238,13.115767478942873,8.288309097290039,5030
B0,2028,TAV,0.3,random,5028,T,observed_mean,0.0898826122283935,13.115767478942873,12.725139617919922,5030
B0,2028,TAV,0.3,random,5028,A,reconstructed,0.9200249910354614,3.0610930919647217,1.9031046628952024,5030
B0,2028,TAV,0.3,random,5028,A,observed_mean,0.48484867811203,3.0610930919647217,2.0687003135681152,5030
B0,2028,TAV,0.3,random,5028,V,reconstructed,0.8589834570884705,3.3456053733825684,2.176452398300171,4710
B0,2028,TAV,0.3,random,5028,V,observed_mean,0.1777870953083038,3.3456053733825684,2.9618735313415527,4710
B0,2029,T,0.1,random,5026,T,reconstructed,0.3329617381095886,12.351137161254885,6.717916488647461,1711
B0,2029,T,0.1,random,5026,T,observed_mean,0.0796186327934265,12.351137161254885,11.879009246826172,1711
B0,2029,T,0.1,random,5027,T,reconstructed,0.3361486196517944,12.303875923156738,6.688542366027832,1711
B0,2029,T,0.1,random,5027,T,observed_mean,0.0863654986023902,12.303875923156738,11.822515487670898,1711
B0,2029,T,0.1,random,5028,T,reconstructed,0.3401981890201568,12.274568557739258,6.684204578399658,1711
B0,2029,T,0.1,random,5028,T,observed_mean,0.0915982499718666,12.274568557739258,11.81326675415039,1711
B0,2029,T,0.2,random,5026,T,reconstructed,0.3433955311775207,12.298860549926758,6.680054187774658,3400
B0,2029,T,0.2,random,5026,T,observed_mean,0.1005653366446495,12.298860549926758,11.819710731506348,3400
B0,2029,T,0.2,random,5027,T,reconstructed,0.3435597717761993,12.264192581176758,6.6553473472595215,3400
B0,2029,T,0.2,random,5027,T,observed_mean,0.1031443625688552,12.264192581176758,11.77140998840332,3400
B0,2029,T,0.2,random,5028,T,reconstructed,0.3489688336849212,12.254148483276367,6.65284538269043,3400
B0,2029,T,0.2,random,5028,T,observed_mean,0.109307087957859,12.254148483276367,11.828689575195312,3400
B0,2029,T,0.3,start,5026,T,reconstructed,0.3525716364383697,12.456233978271484,6.582738876342773,5039
B0,2029,T,0.3,start,5026,T,observed_mean,0.1158867329359054,12.456233978271484,11.77634048461914,5039
B0,2029,T,0.3,middle,5026,T,reconstructed,0.3477067351341247,12.202728271484377,6.576830387115479,5039
B0,2029,T,0.3,middle,5026,T,observed_mean,0.1119874343276023,12.202728271484377,11.746402740478516,5039
B0,2029,T,0.3,end,5026,T,reconstructed,0.3656822443008423,12.3545503616333,6.554110527038574,5039
B0,2029,T,0.3,end,5026,T,observed_mean,0.1340096443891525,12.3545503616333,11.290804862976074,5039
B0,2029,T,0.3,random,5026,T,reconstructed,0.3497659564018249,12.284398078918455,6.604885101318359,5039
B0,2029,T,0.3,random,5026,T,observed_mean,0.1168508902192115,12.284398078918455,11.766621589660645,5039
B0,2029,T,0.3,random,5027,T,reconstructed,0.3552373647689819,12.233412742614746,6.587740421295166,5039
B0,2029,T,0.3,random,5027,T,observed_mean,0.1209645569324493,12.233412742614746,11.728391647338867,5039
B0,2029,T,0.3,random,5028,T,reconstructed,0.3558324575424194,12.237407684326172,6.623547077178955,5039
B0,2029,T,0.3,random,5028,T,observed_mean,0.125032365322113,12.237407684326172,11.859291076660156,5039
B0,2029,T,0.4,random,5026,T,reconstructed,0.3602443039417267,12.273045539855955,6.514456748962402,6740
B0,2029,T,0.4,random,5026,T,observed_mean,0.1389531791210174,12.273045539855955,11.670433044433594,6740
B0,2029,T,0.4,random,5027,T,reconstructed,0.3638283610343933,12.224780082702637,6.53501033782959,6740
B0,2029,T,0.4,random,5027,T,observed_mean,0.1454903334379196,12.224780082702637,11.755584716796877,6740
B0,2029,T,0.4,random,5028,T,reconstructed,0.3656380772590637,12.23129653930664,6.527935981750488,6740
B0,2029,T,0.4,random,5028,T,observed_mean,0.1439994722604751,12.23129653930664,11.829587936401367,6740
B0,2029,T,0.5,random,5026,T,reconstructed,0.3706288039684295,12.274199485778809,6.378063678741455,8415
B0,2029,T,0.5,random,5026,T,observed_mean,0.1616872102022171,12.274199485778809,11.556482315063477,8415
B0,2029,T,0.5,random,5027,T,reconstructed,0.3765469789505005,12.23995876312256,6.388721942901611,8415
B0,2029,T,0.5,random,5027,T,observed_mean,0.1685524880886078,12.23995876312256,11.637208938598633,8415
B0,2029,T,0.5,random,5028,T,reconstructed,0.3785986602306366,12.232443809509276,6.424736499786377,8415
B0,2029,T,0.5,random,5028,T,observed_mean,0.1685248613357544,12.232443809509276,11.742291450500488,8415
B0,2029,A,0.1,random,5026,A,reconstructed,0.9116374850273132,3.078827381134033,1.8329511880874636,1711
B0,2029,A,0.1,random,5026,A,observed_mean,0.4369277060031891,3.078827381134033,2.049445152282715,1711
B0,2029,A,0.1,random,5027,A,reconstructed,0.9125295877456664,3.081636905670166,1.832953929901123,1711
B0,2029,A,0.1,random,5027,A,observed_mean,0.4391928911209106,3.081636905670166,2.051430940628052,1711
B0,2029,A,0.1,random,5028,A,reconstructed,0.9127808213233948,3.0290322303771973,1.8331918716430664,1711
B0,2029,A,0.1,random,5028,A,observed_mean,0.4312450289726257,3.0290322303771973,2.052708387374878,1711
B0,2029,A,0.2,random,5026,A,reconstructed,0.913540780544281,3.0596156120300293,1.837291240692139,3400
B0,2029,A,0.2,random,5026,A,observed_mean,0.4668305814266205,3.0596156120300293,2.054694652557373,3400
B0,2029,A,0.2,random,5027,A,reconstructed,0.9128663539886476,3.0547776222229004,1.8367981910705569,3400
B0,2029,A,0.2,random,5027,A,observed_mean,0.4723162353038788,3.0547776222229004,2.058091878890991,3400
B0,2029,A,0.2,random,5028,A,reconstructed,0.910557985305786,3.0739951133728027,1.8375098705291748,3400
B0,2029,A,0.2,random,5028,A,observed_mean,0.4608717262744903,3.0739951133728027,2.046553611755371,3400
B0,2029,A,0.3,start,5026,A,reconstructed,0.9166330695152284,3.09180760383606,1.8445522785186768,5039
B0,2029,A,0.3,start,5026,A,observed_mean,0.5162388682365417,3.09180760383606,2.109931707382202,5039
B0,2029,A,0.3,middle,5026,A,reconstructed,0.9110998511314392,3.0607309341430664,1.8383270502090452,5039
B0,2029,A,0.3,middle,5026,A,observed_mean,0.461131602525711,3.0607309341430664,2.070918560028076,5039
B0,2029,A,0.3,end,5026,A,reconstructed,0.9175757169723512,3.06566858291626,1.834888219833374,5039
B0,2029,A,0.3,end,5026,A,observed_mean,0.5519882440567017,3.06566858291626,2.137964963912964,5039
B0,2029,A,0.3,random,5026,A,reconstructed,0.9120368957519532,3.050659656524658,1.839447259902954,5039
B0,2029,A,0.3,random,5026,A,observed_mean,0.4889712631702423,3.050659656524658,2.099873781204224,5039
B0,2029,A,0.3,random,5027,A,reconstructed,0.9132359623908995,3.0482137203216557,1.8384376764297483,5039
B0,2029,A,0.3,random,5027,A,observed_mean,0.491930216550827,3.0482137203216557,2.099981546401977,5039
B0,2029,A,0.3,random,5028,A,reconstructed,0.9114834666252136,3.0767979621887207,1.8397012948989868,5039
B0,2029,A,0.3,random,5028,A,observed_mean,0.4834215342998504,3.0767979621887207,2.0849862098693848,5039
B0,2029,A,0.4,random,5026,A,reconstructed,0.9120667576789856,3.04341721534729,1.842089891433716,6740
B0,2029,A,0.4,random,5026,A,observed_mean,0.5056494474411011,3.04341721534729,2.13706111907959,6740
B0,2029,A,0.4,random,5027,A,reconstructed,0.9133443236351012,3.046686172485352,1.8405715227127075,6740
B0,2029,A,0.4,random,5027,A,observed_mean,0.5056831240653992,3.046686172485352,2.1367340087890625,6740
B0,2029,A,0.4,random,5028,A,reconstructed,0.9131596088409424,3.0785226821899414,1.8419309854507449,6740
B0,2029,A,0.4,random,5028,A,observed_mean,0.5011847615242004,3.0785226821899414,2.1131157875061035,6740
B0,2029,A,0.5,random,5026,A,reconstructed,0.912071168422699,3.0456173419952397,1.8437715768814087,8415
B0,2029,A,0.5,random,5026,A,observed_mean,0.5194952487945557,3.0456173419952397,2.1829257011413574,8415
B0,2029,A,0.5,random,5027,A,reconstructed,0.9123952388763428,3.0674140453338623,1.8424046039581297,8415
B0,2029,A,0.5,random,5027,A,observed_mean,0.518491268157959,3.0674140453338623,2.1688082218170166,8415
B0,2029,A,0.5,random,5028,A,reconstructed,0.9126957058906556,3.0697479248046875,1.8438881635665891,8415
B0,2029,A,0.5,random,5028,A,observed_mean,0.519224226474762,3.0697479248046875,2.1581997871398926,8415
B0,2029,V,0.1,random,5026,V,reconstructed,0.8585931062698364,3.3869457244873047,2.1868104934692383,1604
B0,2029,V,0.1,random,5026,V,observed_mean,0.157434806227684,3.3869457244873047,2.9292142391204834,1604
B0,2029,V,0.1,random,5027,V,reconstructed,0.8687902688980103,3.2888691425323486,2.185729742050171,1595
B0,2029,V,0.1,random,5027,V,observed_mean,0.1566205769777298,3.2888691425323486,2.953458786010742,1595
B0,2029,V,0.1,random,5028,V,reconstructed,0.8611294031143188,3.3650028705596924,2.1882247924804688,1588
B0,2029,V,0.1,random,5028,V,observed_mean,0.1529833078384399,3.3650028705596924,2.9447181224823,1588
B0,2029,V,0.2,random,5026,V,reconstructed,0.8606773614883423,3.382063150405884,2.184128999710083,3194
B0,2029,V,0.2,random,5026,V,observed_mean,0.1713858991861343,3.382063150405884,2.9396321773529053,3194
B0,2029,V,0.2,random,5027,V,reconstructed,0.8704262971878052,3.3053157329559326,2.1821813583374023,3180
B0,2029,V,0.2,random,5027,V,observed_mean,0.1717983186244964,3.3053157329559326,2.958883047103882,3180
B0,2029,V,0.2,random,5028,V,reconstructed,0.8646356463432312,3.364990472793579,2.1849899291992188,3176
B0,2029,V,0.2,random,5028,V,observed_mean,0.1695200204849243,3.364990472793579,2.947800874710083,3176
B0,2029,V,0.3,start,5026,V,reconstructed,0.8694666624069214,3.313217163085937,2.19120454788208,4768
B0,2029,V,0.3,start,5026,V,observed_mean,0.2124589681625366,3.313217163085937,2.9818453788757324,4768
B0,2029,V,0.3,middle,5026,V,reconstructed,0.8684132695198059,3.305837392807007,2.181414127349853,4759
B0,2029,V,0.3,middle,5026,V,observed_mean,0.1611357778310775,3.305837392807007,2.9632556438446045,4759
B0,2029,V,0.3,end,5026,V,reconstructed,0.8581714630126953,3.4321093559265137,2.177168130874634,4663
B0,2029,V,0.3,end,5026,V,observed_mean,0.2284196615219116,3.4321093559265137,2.986212491989136,4663
B0,2029,V,0.3,random,5026,V,reconstructed,0.8639736771583557,3.375845670700073,2.18283486366272,4743
B0,2029,V,0.3,random,5026,V,observed_mean,0.1820976287126541,3.375845670700073,2.9508495330810547,4743
B0,2029,V,0.3,random,5027,V,reconstructed,0.8703259825706482,3.313843250274658,2.181398868560791,4712
B0,2029,V,0.3,random,5027,V,observed_mean,0.1837167143821716,3.313843250274658,2.974142551422119,4712
B0,2029,V,0.3,random,5028,V,reconstructed,0.8666959404945374,3.343613386154175,2.184138298034668,4710
B0,2029,V,0.3,random,5028,V,observed_mean,0.1780862212181091,3.343613386154175,2.959182977676392,4710
B0,2029,V,0.4,random,5026,V,reconstructed,0.8669975399971008,3.355979681015014,2.180263996124268,6357
B0,2029,V,0.4,random,5026,V,observed_mean,0.192468449473381,3.355979681015014,2.9725000858306885,6357
B0,2029,V,0.4,random,5027,V,reconstructed,0.8709908723831177,3.314410924911499,2.1789331436157227,6308
B0,2029,V,0.4,random,5027,V,observed_mean,0.1948505938053131,3.314410924911499,2.9959394931793213,6308
B0,2029,V,0.4,random,5028,V,reconstructed,0.869214653968811,3.345438241958618,2.181518077850342,6306
B0,2029,V,0.4,random,5028,V,observed_mean,0.1904522329568863,3.345438241958618,2.977273941040039,6306
B0,2029,V,0.5,random,5026,V,reconstructed,0.8677571415901184,3.3368210792541504,2.17835021018982,7939
B0,2029,V,0.5,random,5026,V,observed_mean,0.2018904685974121,3.3368210792541504,3.005187749862671,7939
B0,2029,V,0.5,random,5027,V,reconstructed,0.8714057207107544,3.31545090675354,2.177288055419922,7888
B0,2029,V,0.5,random,5027,V,observed_mean,0.2034597396850586,3.31545090675354,3.019587278366089,7888
B0,2029,V,0.5,random,5028,V,reconstructed,0.8701969981193542,3.3306095600128174,2.179140090942383,7893
B0,2029,V,0.5,random,5028,V,observed_mean,0.2011997699737548,3.3306095600128174,3.011354446411133,7893
B0,2029,TA,0.3,start,5026,T,reconstructed,0.352696806192398,12.456233978271484,6.589213371276856,5039
B0,2029,TA,0.3,start,5026,T,observed_mean,0.1158867329359054,12.456233978271484,11.77634048461914,5039
B0,2029,TA,0.3,start,5026,A,reconstructed,0.914847493171692,3.09180760383606,1.8349441289901731,5039
B0,2029,TA,0.3,start,5026,A,observed_mean,0.5162388682365417,3.09180760383606,2.109931707382202,5039
B0,2029,TA,0.3,middle,5026,T,reconstructed,0.3478376567363739,12.202728271484377,6.590384006500244,5039
B0,2029,TA,0.3,middle,5026,T,observed_mean,0.1119874343276023,12.202728271484377,11.746402740478516,5039
B0,2029,TA,0.3,middle,5026,A,reconstructed,0.9101482033729552,3.0607309341430664,1.820935606956482,5039
B0,2029,TA,0.3,middle,5026,A,observed_mean,0.461131602525711,3.0607309341430664,2.070918560028076,5039
B0,2029,TA,0.3,end,5026,T,reconstructed,0.3652096390724182,12.3545503616333,6.570378303527832,5039
B0,2029,TA,0.3,end,5026,T,observed_mean,0.1340096443891525,12.3545503616333,11.290804862976074,5039
B0,2029,TA,0.3,end,5026,A,reconstructed,0.9177526831626892,3.06566858291626,1.8068113327026367,5039
B0,2029,TA,0.3,end,5026,A,observed_mean,0.5519882440567017,3.06566858291626,2.137964963912964,5039
B0,2029,TA,0.3,random,5026,T,reconstructed,0.3493036031723022,12.284398078918455,6.616626262664795,5039
B0,2029,TA,0.3,random,5026,T,observed_mean,0.1168508902192115,12.284398078918455,11.766621589660645,5039
B0,2029,TA,0.3,random,5026,A,reconstructed,0.9097846150398254,3.050659656524658,1.827101707458496,5039
B0,2029,TA,0.3,random,5026,A,observed_mean,0.4889712631702423,3.050659656524658,2.099873781204224,5039
B0,2029,TA,0.3,random,5027,T,reconstructed,0.3552053868770599,12.233412742614746,6.594134330749512,5039
B0,2029,TA,0.3,random,5027,T,observed_mean,0.1209645569324493,12.233412742614746,11.728391647338867,5039
B0,2029,TA,0.3,random,5027,A,reconstructed,0.913479745388031,3.0482137203216557,1.820982813835144,5039
B0,2029,TA,0.3,random,5027,A,observed_mean,0.491930216550827,3.0482137203216557,2.099981546401977,5039
B0,2029,TA,0.3,random,5028,T,reconstructed,0.3556504547595978,12.237407684326172,6.639300346374512,5039
B0,2029,TA,0.3,random,5028,T,observed_mean,0.125032365322113,12.237407684326172,11.859291076660156,5039
B0,2029,TA,0.3,random,5028,A,reconstructed,0.910703182220459,3.0767979621887207,1.8316437005996704,5039
B0,2029,TA,0.3,random,5028,A,observed_mean,0.4834215342998504,3.0767979621887207,2.0849862098693848,5039
B0,2029,TV,0.3,start,5026,T,reconstructed,0.3511165082454681,12.45785903930664,6.646454334259033,5035
B0,2029,TV,0.3,start,5026,T,observed_mean,0.1159067451953888,12.45785903930664,11.77817440032959,5035
B0,2029,TV,0.3,start,5026,V,reconstructed,0.8673969507217407,3.313217163085937,2.215622901916504,4768
B0,2029,TV,0.3,start,5026,V,observed_mean,0.2124589681625366,3.313217163085937,2.9818453788757324,4768
B0,2029,TV,0.3,middle,5026,T,reconstructed,0.3459891676902771,12.20443344116211,6.637117385864258,5036
B0,2029,TV,0.3,middle,5026,T,observed_mean,0.1119914799928665,12.20443344116211,11.747517585754396,5036
B0,2029,TV,0.3,middle,5026,V,reconstructed,0.8651922941207886,3.305837392807007,2.199269771575928,4759
B0,2029,TV,0.3,middle,5026,V,observed_mean,0.1611357778310775,3.305837392807007,2.9632556438446045,4759
B0,2029,TV,0.3,end,5026,T,reconstructed,0.3643106818199157,12.357897758483888,6.6083855628967285,5030
B0,2029,TV,0.3,end,5026,T,observed_mean,0.1341014504432678,12.357897758483888,11.290701866149902,5030
B0,2029,TV,0.3,end,5026,V,reconstructed,0.8554955124855042,3.4321093559265137,2.2110955715179443,4663
B0,2029,TV,0.3,end,5026,V,observed_mean,0.2284196615219116,3.4321093559265137,2.986212491989136,4663
B0,2029,TV,0.3,random,5026,T,reconstructed,0.3482585251331329,12.284398078918455,6.667448043823242,5039
B0,2029,TV,0.3,random,5026,T,observed_mean,0.1168508902192115,12.284398078918455,11.766621589660645,5039
B0,2029,TV,0.3,random,5026,V,reconstructed,0.8599331378936768,3.375845670700073,2.201143503189087,4743
B0,2029,TV,0.3,random,5026,V,observed_mean,0.1820976287126541,3.375845670700073,2.9508495330810547,4743
B0,2029,TV,0.3,random,5027,T,reconstructed,0.3536720871925354,12.233985900878906,6.647210121154785,5038
B0,2029,TV,0.3,random,5027,T,observed_mean,0.1209808513522148,12.233985900878906,11.728741645812988,5038
B0,2029,TV,0.3,random,5027,V,reconstructed,0.8698549270629883,3.313843250274658,2.2031352519989014,4712
B0,2029,TV,0.3,random,5027,V,observed_mean,0.1837167143821716,3.313843250274658,2.974142551422119,4712
B0,2029,TV,0.3,random,5028,T,reconstructed,0.3543818593025207,12.242233276367188,6.686149597167969,5030
B0,2029,TV,0.3,random,5028,T,observed_mean,0.1249510273337364,12.242233276367188,11.862865447998049,5030
B0,2029,TV,0.3,random,5028,V,reconstructed,0.8622143864631653,3.343613386154175,2.2014319896698,4710
B0,2029,TV,0.3,random,5028,V,observed_mean,0.1780862212181091,3.343613386154175,2.959182977676392,4710
B0,2029,AV,0.3,start,5026,A,reconstructed,0.916810154914856,3.092116355895996,1.8472272157669067,5035
B0,2029,AV,0.3,start,5026,A,observed_mean,0.5161774754524231,3.092116355895996,2.109823942184448,5035
B0,2029,AV,0.3,start,5026,V,reconstructed,0.8698492646217346,3.313217163085937,2.1811914443969727,4768
B0,2029,AV,0.3,start,5026,V,observed_mean,0.2124589681625366,3.313217163085937,2.9818453788757324,4768
B0,2029,AV,0.3,middle,5026,A,reconstructed,0.9107931852340698,3.0601773262023926,1.8431580066680908,5036
B0,2029,AV,0.3,middle,5026,A,observed_mean,0.4613092243671417,3.0601773262023926,2.0698132514953613,5036
B0,2029,AV,0.3,middle,5026,V,reconstructed,0.8681116104125977,3.305837392807007,2.174069404602051,4759
B0,2029,AV,0.3,middle,5026,V,observed_mean,0.1611357778310775,3.305837392807007,2.9632556438446045,4759
B0,2029,AV,0.3,end,5026,A,reconstructed,0.917076826095581,3.065769672393799,1.8394932746887207,5030
B0,2029,AV,0.3,end,5026,A,observed_mean,0.552031934261322,3.065769672393799,2.136781930923462,5030
B0,2029,AV,0.3,end,5026,V,reconstructed,0.858803927898407,3.4321093559265137,2.169960021972656,4663
B0,2029,AV,0.3,end,5026,V,observed_mean,0.2284196615219116,3.4321093559265137,2.986212491989136,4663
B0,2029,AV,0.3,random,5026,A,reconstructed,0.9118035435676576,3.050659656524658,1.8444782495498655,5039
B0,2029,AV,0.3,random,5026,A,observed_mean,0.4889712631702423,3.050659656524658,2.099873781204224,5039
B0,2029,AV,0.3,random,5026,V,reconstructed,0.8639761209487915,3.375845670700073,2.174383640289306,4743
B0,2029,AV,0.3,random,5026,V,observed_mean,0.1820976287126541,3.375845670700073,2.9508495330810547,4743
B0,2029,AV,0.3,random,5027,A,reconstructed,0.9128403663635254,3.047982692718506,1.8428099155426023,5038
B0,2029,AV,0.3,random,5027,A,observed_mean,0.491998016834259,3.047982692718506,2.0996432304382324,5038
B0,2029,AV,0.3,random,5027,V,reconstructed,0.8703638315200806,3.313843250274658,2.174142837524414,4712
B0,2029,AV,0.3,random,5027,V,observed_mean,0.1837167143821716,3.313843250274658,2.974142551422119,4712
B0,2029,AV,0.3,random,5028,A,reconstructed,0.9113186001777648,3.0765914916992188,1.8443927764892576,5030
B0,2029,AV,0.3,random,5028,A,observed_mean,0.483593225479126,3.0765914916992188,2.0830941200256348,5030
B0,2029,AV,0.3,random,5028,V,reconstructed,0.8672434687614441,3.343613386154175,2.17564058303833,4710
B0,2029,AV,0.3,random,5028,V,observed_mean,0.1780862212181091,3.343613386154175,2.959182977676392,4710
B0,2029,TAV,0.3,start,5026,T,reconstructed,0.3512232005596161,12.45785903930664,6.654428958892822,5035
B0,2029,TAV,0.3,start,5026,T,observed_mean,0.1159067451953888,12.45785903930664,11.77817440032959,5035
B0,2029,TAV,0.3,start,5026,A,reconstructed,0.9149230718612672,3.092116355895996,1.8406434059143064,5035
B0,2029,TAV,0.3,start,5026,A,observed_mean,0.5161774754524231,3.092116355895996,2.109823942184448,5035
B0,2029,TAV,0.3,start,5026,V,reconstructed,0.8676990270614624,3.313217163085937,2.201777696609497,4768
B0,2029,TAV,0.3,start,5026,V,observed_mean,0.2124589681625366,3.313217163085937,2.9818453788757324,4768
B0,2029,TAV,0.3,middle,5026,T,reconstructed,0.3461499214172363,12.20443344116211,6.652815341949463,5036
B0,2029,TAV,0.3,middle,5026,T,observed_mean,0.1119914799928665,12.20443344116211,11.747517585754396,5036
B0,2029,TAV,0.3,middle,5026,A,reconstructed,0.9096227884292604,3.0601773262023926,1.8302867412567136,5036
B0,2029,TAV,0.3,middle,5026,A,observed_mean,0.4613092243671417,3.0601773262023926,2.0698132514953613,5036
B0,2029,TAV,0.3,middle,5026,V,reconstructed,0.8647072315216064,3.305837392807007,2.1885979175567627,4759
B0,2029,TAV,0.3,middle,5026,V,observed_mean,0.1611357778310775,3.305837392807007,2.9632556438446045,4759
B0,2029,TAV,0.3,end,5026,T,reconstructed,0.3638991117477417,12.357897758483888,6.626136779785156,5030
B0,2029,TAV,0.3,end,5026,T,observed_mean,0.1341014504432678,12.357897758483888,11.290701866149902,5030
B0,2029,TAV,0.3,end,5026,A,reconstructed,0.917124092578888,3.065769672393799,1.8148308992385864,5030
B0,2029,TAV,0.3,end,5026,A,observed_mean,0.552031934261322,3.065769672393799,2.136781930923462,5030
B0,2029,TAV,0.3,end,5026,V,reconstructed,0.8561549186706543,3.4321093559265137,2.200385332107544,4663
B0,2029,TAV,0.3,end,5026,V,observed_mean,0.2284196615219116,3.4321093559265137,2.986212491989136,4663
B0,2029,TAV,0.3,random,5026,T,reconstructed,0.3478254377841949,12.284398078918455,6.681018352508545,5039
B0,2029,TAV,0.3,random,5026,T,observed_mean,0.1168508902192115,12.284398078918455,11.766621589660645,5039
B0,2029,TAV,0.3,random,5026,A,reconstructed,0.9093658328056335,3.050659656524658,1.8362929821014404,5039
B0,2029,TAV,0.3,random,5026,A,observed_mean,0.4889712631702423,3.050659656524658,2.099873781204224,5039
B0,2029,TAV,0.3,random,5026,V,reconstructed,0.8597502708435059,3.375845670700073,2.1889355182647705,4743
B0,2029,TAV,0.3,random,5026,V,observed_mean,0.1820976287126541,3.375845670700073,2.9508495330810547,4743
B0,2029,TAV,0.3,random,5027,T,reconstructed,0.3536804020404815,12.233985900878906,6.655239582061768,5038
B0,2029,TAV,0.3,random,5027,T,observed_mean,0.1209808513522148,12.233985900878906,11.728741645812988,5038
B0,2029,TAV,0.3,random,5027,A,reconstructed,0.9129458665847778,3.047982692718506,1.8290313482284544,5038
B0,2029,TAV,0.3,random,5027,A,observed_mean,0.491998016834259,3.047982692718506,2.0996432304382324,5038
B0,2029,TAV,0.3,random,5027,V,reconstructed,0.8697642683982849,3.313843250274658,2.192336320877075,4712
B0,2029,TAV,0.3,random,5027,V,observed_mean,0.1837167143821716,3.313843250274658,2.974142551422119,4712
B0,2029,TAV,0.3,random,5028,T,reconstructed,0.3542696833610534,12.242233276367188,6.704269886016846,5030
B0,2029,TAV,0.3,random,5028,T,observed_mean,0.1249510273337364,12.242233276367188,11.862865447998049,5030
B0,2029,TAV,0.3,random,5028,A,reconstructed,0.9102978110313416,3.0765914916992188,1.8408420085906985,5030
B0,2029,TAV,0.3,random,5028,A,observed_mean,0.483593225479126,3.0765914916992188,2.0830941200256348,5030
B0,2029,TAV,0.3,random,5028,V,reconstructed,0.8627719283103943,3.343613386154175,2.1886558532714844,4710
B0,2029,TAV,0.3,random,5028,V,observed_mean,0.1780862212181091,3.343613386154175,2.959182977676392,4710
B0,2030,T,0.1,random,5026,T,reconstructed,0.3370480537414551,10.80561637878418,5.2659687995910645,1711
B0,2030,T,0.1,random,5026,T,observed_mean,0.0990140065550804,10.80561637878418,10.239155769348145,1711
B0,2030,T,0.1,random,5027,T,reconstructed,0.3426955044269562,10.743022918701172,5.213490009307861,1711
B0,2030,T,0.1,random,5027,T,observed_mean,0.1064203828573226,10.743022918701172,10.175101280212402,1711
B0,2030,T,0.1,random,5028,T,reconstructed,0.3489170968532562,10.743664741516112,5.237017154693604,1711
B0,2030,T,0.1,random,5028,T,observed_mean,0.1110042184591293,10.743664741516112,10.165069580078123,1711
B0,2030,T,0.2,random,5026,T,reconstructed,0.3487264513969421,10.744802474975586,5.213589191436768,3400
B0,2030,T,0.2,random,5026,T,observed_mean,0.1203790605068206,10.744802474975586,10.214887619018556,3400
B0,2030,T,0.2,random,5027,T,reconstructed,0.3520950078964233,10.69456672668457,5.164904594421387,3400
B0,2030,T,0.2,random,5027,T,observed_mean,0.1241737157106399,10.69456672668457,10.175729751586914,3400
B0,2030,T,0.2,random,5028,T,reconstructed,0.3563871383666992,10.70234489440918,5.2075700759887695,3400
B0,2030,T,0.2,random,5028,T,observed_mean,0.1276686042547226,10.70234489440918,10.193212509155272,3400
B0,2030,T,0.3,start,5026,T,reconstructed,0.3527730405330658,11.024149894714355,5.098552227020264,5039
B0,2030,T,0.3,start,5026,T,observed_mean,0.1366894543170929,11.024149894714355,10.236757278442385,5039
B0,2030,T,0.3,middle,5026,T,reconstructed,0.3551403880119324,10.621352195739746,5.0995917320251465,5039
B0,2030,T,0.3,middle,5026,T,observed_mean,0.1329148262739181,10.621352195739746,10.189088821411133,5039
B0,2030,T,0.3,end,5026,T,reconstructed,0.3755321204662323,10.710427284240724,5.05755090713501,5039
B0,2030,T,0.3,end,5026,T,observed_mean,0.155671939253807,10.710427284240724,9.81674861907959,5039
B0,2030,T,0.3,random,5026,T,reconstructed,0.3562045991420746,10.73110008239746,5.127875328063965,5039
B0,2030,T,0.3,random,5026,T,observed_mean,0.1384322941303253,10.73110008239746,10.201885223388672,5039
B0,2030,T,0.3,random,5027,T,reconstructed,0.3608692288398742,10.66809368133545,5.112032413482666,5039
B0,2030,T,0.3,random,5027,T,observed_mean,0.1415799260139465,10.66809368133545,10.196666717529297,5039
B0,2030,T,0.3,random,5028,T,reconstructed,0.3616235256195068,10.672561645507812,5.1666693687438965,5039
B0,2030,T,0.3,random,5028,T,observed_mean,0.1419537663459777,10.672561645507812,10.257156372070312,5039
B0,2030,T,0.4,random,5026,T,reconstructed,0.3708281517028808,10.709680557250977,5.034438610076904,6740
B0,2030,T,0.4,random,5026,T,observed_mean,0.1596415191888809,10.709680557250977,10.144855499267578,6740
B0,2030,T,0.4,random,5027,T,reconstructed,0.3753266632556915,10.660324096679688,5.067625999450684,6740
B0,2030,T,0.4,random,5027,T,observed_mean,0.164606437087059,10.660324096679688,10.245405197143556,6740
B0,2030,T,0.4,random,5028,T,reconstructed,0.3744446337223053,10.66522979736328,5.08873462677002,6740
B0,2030,T,0.4,random,5028,T,observed_mean,0.1621464639902115,10.66522979736328,10.285096168518066,6740
B0,2030,T,0.5,random,5026,T,reconstructed,0.3860137462615967,10.716214179992676,4.932673454284668,8415
B0,2030,T,0.5,random,5026,T,observed_mean,0.1836337596178054,10.716214179992676,10.106298446655272,8415
B0,2030,T,0.5,random,5027,T,reconstructed,0.3916445970535278,10.669059753417969,4.95228385925293,8415
B0,2030,T,0.5,random,5027,T,observed_mean,0.1897632330656051,10.669059753417969,10.18333625793457,8415
B0,2030,T,0.5,random,5028,T,reconstructed,0.3901944458484649,10.665419578552246,4.98810625076294,8415
B0,2030,T,0.5,random,5028,T,observed_mean,0.1867373436689376,10.665419578552246,10.226167678833008,8415
B0,2030,A,0.1,random,5026,A,reconstructed,0.9125280380249025,3.0584349632263184,1.906690239906311,1711
B0,2030,A,0.1,random,5026,A,observed_mean,0.4389362335205078,3.0584349632263184,2.028872489929199,1711
B0,2030,A,0.1,random,5027,A,reconstructed,0.9189364910125732,3.061394214630127,1.9056802988052368,1711
B0,2030,A,0.1,random,5027,A,observed_mean,0.4408752620220184,3.061394214630127,2.030677318572998,1711
B0,2030,A,0.1,random,5028,A,reconstructed,0.9175126552581788,3.008730888366699,1.906894326210022,1711
B0,2030,A,0.1,random,5028,A,observed_mean,0.4327128529548645,3.008730888366699,2.031948566436768,1711
B0,2030,A,0.2,random,5026,A,reconstructed,0.9117923378944396,3.03879451751709,1.909777283668518,3400
B0,2030,A,0.2,random,5026,A,observed_mean,0.468921422958374,3.03879451751709,2.0343551635742188,3400
B0,2030,A,0.2,random,5027,A,reconstructed,0.921575129032135,3.034407377243042,1.9092379808425903,3400
B0,2030,A,0.2,random,5027,A,observed_mean,0.4739247858524322,3.034407377243042,2.037391901016236,3400
B0,2030,A,0.2,random,5028,A,reconstructed,0.9151947498321532,3.053220748901367,1.90958034992218,3400
B0,2030,A,0.2,random,5028,A,observed_mean,0.4626035094261169,3.053220748901367,2.0261218547821045,3400
B0,2030,A,0.3,start,5026,A,reconstructed,0.9147634506225586,3.0697429180145264,1.9240893125534055,5039
B0,2030,A,0.3,start,5026,A,observed_mean,0.5184527039527893,3.0697429180145264,2.0894689559936523,5039
B0,2030,A,0.3,middle,5026,A,reconstructed,0.9156612753868104,3.040943384170532,1.907716155052185,5039
B0,2030,A,0.3,middle,5026,A,observed_mean,0.4627721607685089,3.040943384170532,2.0493972301483154,5039
B0,2030,A,0.3,end,5026,A,reconstructed,0.9145429134368896,3.041231870651245,1.9081467390060425,5039
B0,2030,A,0.3,end,5026,A,observed_mean,0.5541712641716003,3.041231870651245,2.118350028991699,5039
B0,2030,A,0.3,random,5026,A,reconstructed,0.9124276638031006,3.0292539596557617,1.911805272102356,5039
B0,2030,A,0.3,random,5026,A,observed_mean,0.4911675155162811,3.0292539596557617,2.079318761825561,5039
B0,2030,A,0.3,random,5027,A,reconstructed,0.920599400997162,3.027398109436035,1.9111994504928589,5039
B0,2030,A,0.3,random,5027,A,observed_mean,0.4936739504337311,3.027398109436035,2.078789234161377,5039
B0,2030,A,0.3,random,5028,A,reconstructed,0.9139465093612672,3.056264162063598,1.9111398458480835,5039
B0,2030,A,0.3,random,5028,A,observed_mean,0.4854260385036468,3.056264162063598,2.06404709815979,5039
B0,2030,A,0.4,random,5026,A,reconstructed,0.9120752811431884,3.022066354751587,1.914345383644104,6740
B0,2030,A,0.4,random,5026,A,observed_mean,0.5078029036521912,3.022066354751587,2.116325855255127,6740
B0,2030,A,0.4,random,5027,A,reconstructed,0.9178258776664734,3.0261070728302,1.9138782024383545,6740
B0,2030,A,0.4,random,5027,A,observed_mean,0.5075635313987732,3.0261070728302,2.1151459217071533,6740
B0,2030,A,0.4,random,5028,A,reconstructed,0.9141184091567992,3.0575873851776123,1.913549304008484,6740
B0,2030,A,0.4,random,5028,A,observed_mean,0.5032280087471008,3.0575873851776123,2.0920956134796143,6740
B0,2030,A,0.5,random,5026,A,reconstructed,0.9122262597084044,3.0246870517730717,1.917594313621521,8415
B0,2030,A,0.5,random,5026,A,observed_mean,0.5215284824371338,3.0246870517730717,2.1616032123565674,8415
B0,2030,A,0.5,random,5027,A,reconstructed,0.9157033562660216,3.046781301498413,1.917061448097229,8415
B0,2030,A,0.5,random,5027,A,observed_mean,0.5204479694366455,3.046781301498413,2.1468632221221924,8415
B0,2030,A,0.5,random,5028,A,reconstructed,0.9152379631996156,3.0490269660949707,1.916810750961304,8415
B0,2030,A,0.5,random,5028,A,observed_mean,0.521294355392456,3.0490269660949707,2.13677716255188,8415
B0,2030,V,0.1,random,5026,V,reconstructed,0.8616932034492493,3.392952442169189,2.1242408752441406,1604
B0,2030,V,0.1,random,5026,V,observed_mean,0.157272532582283,3.392952442169189,2.9337563514709477,1604
B0,2030,V,0.1,random,5027,V,reconstructed,0.8614987730979919,3.29424786567688,2.1245641708374023,1595
B0,2030,V,0.1,random,5027,V,observed_mean,0.1564830839633941,3.29424786567688,2.957672595977783,1595
B0,2030,V,0.1,random,5028,V,reconstructed,0.8611108064651489,3.3705739974975586,2.125811815261841,1588
B0,2030,V,0.1,random,5028,V,observed_mean,0.1527937352657318,3.3705739974975586,2.948979616165161,1588
B0,2030,V,0.2,random,5026,V,reconstructed,0.863716185092926,3.3877339363098145,2.127749443054199,3194
B0,2030,V,0.2,random,5026,V,observed_mean,0.1711927652359008,3.3877339363098145,2.943633556365967,3194
B0,2030,V,0.2,random,5027,V,reconstructed,0.8644041419029236,3.309864282608032,2.127547264099121,3180
B0,2030,V,0.2,random,5027,V,observed_mean,0.1715451031923294,3.309864282608032,2.9627084732055664,3180
B0,2030,V,0.2,random,5028,V,reconstructed,0.8638662099838257,3.369962453842163,2.12784481048584,3176
B0,2030,V,0.2,random,5028,V,observed_mean,0.1693495362997055,3.369962453842163,2.9518117904663086,3176
B0,2030,V,0.3,start,5026,V,reconstructed,0.8638097643852234,3.3181676864624023,2.124469757080078,4768
B0,2030,V,0.3,start,5026,V,observed_mean,0.2123308479785919,3.3181676864624023,2.986469030380249,4768
B0,2030,V,0.3,middle,5026,V,reconstructed,0.865275502204895,3.3097808361053467,2.128748178482056,4759
B0,2030,V,0.3,middle,5026,V,observed_mean,0.160854309797287,3.3097808361053467,2.967236280441284,4759
B0,2030,V,0.3,end,5026,V,reconstructed,0.8645135164260864,3.436906576156616,2.127345323562622,4663
B0,2030,V,0.3,end,5026,V,observed_mean,0.2284270823001861,3.436906576156616,2.990388870239258,4663
B0,2030,V,0.3,random,5026,V,reconstructed,0.864095151424408,3.3813071250915527,2.127624273300171,4743
B0,2030,V,0.3,random,5026,V,observed_mean,0.1818904727697372,3.3813071250915527,2.9546072483062744,4743
B0,2030,V,0.3,random,5027,V,reconstructed,0.8646737337112427,3.318633794784546,2.1274564266204834,4712
B0,2030,V,0.3,random,5027,V,observed_mean,0.1834473460912704,3.318633794784546,2.978090763092041,4712
B0,2030,V,0.3,random,5028,V,reconstructed,0.8648974299430847,3.34842848777771,2.1287682056427,4710
B0,2030,V,0.3,random,5028,V,observed_mean,0.1778827607631683,3.34842848777771,2.9631876945495605,4710
B0,2030,V,0.4,random,5026,V,reconstructed,0.8642122149467468,3.360908031463623,2.129761219024658,6357
B0,2030,V,0.4,random,5026,V,observed_mean,0.1923181265592575,3.360908031463623,2.9762587547302246,6357
B0,2030,V,0.4,random,5027,V,reconstructed,0.8645146489143372,3.319119930267334,2.1293141841888428,6308
B0,2030,V,0.4,random,5027,V,observed_mean,0.1945903003215789,3.319119930267334,2.9998581409454346,6308
B0,2030,V,0.4,random,5028,V,reconstructed,0.8653099536895752,3.3500618934631348,2.130718231201172,6306
B0,2030,V,0.4,random,5028,V,observed_mean,0.1902452856302261,3.3500618934631348,2.98122787475586,6306
B0,2030,V,0.5,random,5026,V,reconstructed,0.8643503189086914,3.3415236473083496,2.130316734313965,7939
B0,2030,V,0.5,random,5026,V,observed_mean,0.2017284780740738,3.3415236473083496,3.0091049671173096,7939
B0,2030,V,0.5,random,5027,V,reconstructed,0.8647594451904297,3.3200576305389404,2.129910945892334,7888
B0,2030,V,0.5,random,5027,V,observed_mean,0.2031453102827072,3.3200576305389404,3.023565530776977,7888
B0,2030,V,0.5,random,5028,V,reconstructed,0.8657271265983582,3.3351757526397705,2.1308798789978027,7893
B0,2030,V,0.5,random,5028,V,observed_mean,0.200992003083229,3.3351757526397705,3.0153942108154297,7893
B0,2030,TA,0.3,start,5026,T,reconstructed,0.353443831205368,11.024149894714355,5.113824844360352,5039
B0,2030,TA,0.3,start,5026,T,observed_mean,0.1366894543170929,11.024149894714355,10.236757278442385,5039
B0,2030,TA,0.3,start,5026,A,reconstructed,0.9168860912322998,3.0697429180145264,1.8847182989120483,5039
B0,2030,TA,0.3,start,5026,A,observed_mean,0.5184527039527893,3.0697429180145264,2.0894689559936523,5039
B0,2030,TA,0.3,middle,5026,T,reconstructed,0.3550646901130676,10.621352195739746,5.120017051696777,5039
B0,2030,TA,0.3,middle,5026,T,observed_mean,0.1329148262739181,10.621352195739746,10.189088821411133,5039
B0,2030,TA,0.3,middle,5026,A,reconstructed,0.9144136905670166,3.040943384170532,1.8783248662948608,5039
B0,2030,TA,0.3,middle,5026,A,observed_mean,0.4627721607685089,3.040943384170532,2.0493972301483154,5039
B0,2030,TA,0.3,end,5026,T,reconstructed,0.3761062920093536,10.710427284240724,5.0688018798828125,5039
B0,2030,TA,0.3,end,5026,T,observed_mean,0.155671939253807,10.710427284240724,9.81674861907959,5039
B0,2030,TA,0.3,end,5026,A,reconstructed,0.9154024124145508,3.041231870651245,1.875739574432373,5039
B0,2030,TA,0.3,end,5026,A,observed_mean,0.5541712641716003,3.041231870651245,2.118350028991699,5039
B0,2030,TA,0.3,random,5026,T,reconstructed,0.3561124801635742,10.73110008239746,5.149101257324219,5039
B0,2030,TA,0.3,random,5026,T,observed_mean,0.1384322941303253,10.73110008239746,10.201885223388672,5039
B0,2030,TA,0.3,random,5026,A,reconstructed,0.9132033586502076,3.0292539596557617,1.8872063159942627,5039
B0,2030,TA,0.3,random,5026,A,observed_mean,0.4911675155162811,3.0292539596557617,2.079318761825561,5039
B0,2030,TA,0.3,random,5027,T,reconstructed,0.360745757818222,10.66809368133545,5.124429225921631,5039
B0,2030,TA,0.3,random,5027,T,observed_mean,0.1415799260139465,10.66809368133545,10.196666717529297,5039
B0,2030,TA,0.3,random,5027,A,reconstructed,0.9214449524879456,3.027398109436035,1.8762015104293823,5039
B0,2030,TA,0.3,random,5027,A,observed_mean,0.4936739504337311,3.027398109436035,2.078789234161377,5039
B0,2030,TA,0.3,random,5028,T,reconstructed,0.3617900907993316,10.672561645507812,5.1867194175720215,5039
B0,2030,TA,0.3,random,5028,T,observed_mean,0.1419537663459777,10.672561645507812,10.257156372070312,5039
B0,2030,TA,0.3,random,5028,A,reconstructed,0.9158769845962524,3.056264162063598,1.889218807220459,5039
B0,2030,TA,0.3,random,5028,A,observed_mean,0.4854260385036468,3.056264162063598,2.06404709815979,5039
B0,2030,TV,0.3,start,5026,T,reconstructed,0.3508248031139374,11.026084899902344,5.17829179763794,5035
B0,2030,TV,0.3,start,5026,T,observed_mean,0.1366628110408783,11.026084899902344,10.239415168762209,5035
B0,2030,TV,0.3,start,5026,V,reconstructed,0.8626351356506348,3.3181676864624023,2.108297348022461,4768
B0,2030,TV,0.3,start,5026,V,observed_mean,0.2123308479785919,3.3181676864624023,2.986469030380249,4768
B0,2030,TV,0.3,middle,5026,T,reconstructed,0.3528739511966705,10.62301540374756,5.179846286773682,5036
B0,2030,TV,0.3,middle,5026,T,observed_mean,0.1329175978899002,10.62301540374756,10.190053939819336,5036
B0,2030,TV,0.3,middle,5026,V,reconstructed,0.8624648451805115,3.3097808361053467,2.121090650558472,4759
B0,2030,TV,0.3,middle,5026,V,observed_mean,0.160854309797287,3.3097808361053467,2.967236280441284,4759
B0,2030,TV,0.3,end,5026,T,reconstructed,0.3737289011478424,10.714655876159668,5.134998321533203,5030
B0,2030,TV,0.3,end,5026,T,observed_mean,0.1556872427463531,10.714655876159668,9.815881729125977,5030
B0,2030,TV,0.3,end,5026,V,reconstructed,0.8648694753646851,3.436906576156616,2.1222593784332275,4663
B0,2030,TV,0.3,end,5026,V,observed_mean,0.2284270823001861,3.436906576156616,2.990388870239258,4663
B0,2030,TV,0.3,random,5026,T,reconstructed,0.354067862033844,10.73110008239746,5.2089715003967285,5039
B0,2030,TV,0.3,random,5026,T,observed_mean,0.1384322941303253,10.73110008239746,10.201885223388672,5039
B0,2030,TV,0.3,random,5026,V,reconstructed,0.8614916801452637,3.3813071250915527,2.1270644664764404,4743
B0,2030,TV,0.3,random,5026,V,observed_mean,0.1818904727697372,3.3813071250915527,2.9546072483062744,4743
B0,2030,TV,0.3,random,5027,T,reconstructed,0.3590171635150909,10.66866397857666,5.191646575927734,5038
B0,2030,TV,0.3,random,5027,T,observed_mean,0.1415925025939941,10.66866397857666,10.197230339050291,5038
B0,2030,TV,0.3,random,5027,V,reconstructed,0.8651522397994995,3.318633794784546,2.1214258670806885,4712
B0,2030,TV,0.3,random,5027,V,observed_mean,0.1834473460912704,3.318633794784546,2.978090763092041,4712
B0,2030,TV,0.3,random,5028,T,reconstructed,0.3597352206707001,10.67758560180664,5.250256061553955,5030
B0,2030,TV,0.3,random,5028,T,observed_mean,0.1418433189392089,10.67758560180664,10.261245727539062,5030
B0,2030,TV,0.3,random,5028,V,reconstructed,0.8649414777755737,3.34842848777771,2.1278746128082275,4710
B0,2030,TV,0.3,random,5028,V,observed_mean,0.1778827607631683,3.34842848777771,2.9631876945495605,4710
B0,2030,AV,0.3,start,5026,A,reconstructed,0.9137989282608032,3.070066452026367,1.943567514419556,5035
B0,2030,AV,0.3,start,5026,A,observed_mean,0.5183883905410767,3.070066452026367,2.089345216751098,5035
B0,2030,AV,0.3,start,5026,V,reconstructed,0.8631103038787842,3.3181676864624023,2.119304180145264,4768
B0,2030,AV,0.3,start,5026,V,observed_mean,0.2123308479785919,3.3181676864624023,2.986469030380249,4768
B0,2030,AV,0.3,middle,5026,A,reconstructed,0.914957880973816,3.040457963943481,1.927930474281311,5036
B0,2030,AV,0.3,middle,5026,A,observed_mean,0.4629466235637665,3.040457963943481,2.048394203186035,5036
B0,2030,AV,0.3,middle,5026,V,reconstructed,0.8650625348091125,3.3097808361053467,2.123857021331787,4759
B0,2030,AV,0.3,middle,5026,V,observed_mean,0.160854309797287,3.3097808361053467,2.967236280441284,4759
B0,2030,AV,0.3,end,5026,A,reconstructed,0.913745939731598,3.0413177013397217,1.929819107055664,5030
B0,2030,AV,0.3,end,5026,A,observed_mean,0.554229199886322,3.0413177013397217,2.1171157360076904,5030
B0,2030,AV,0.3,end,5026,V,reconstructed,0.8640857934951782,3.436906576156616,2.128300905227661,4663
B0,2030,AV,0.3,end,5026,V,observed_mean,0.2284270823001861,3.436906576156616,2.990388870239258,4663
B0,2030,AV,0.3,random,5026,A,reconstructed,0.911667823791504,3.0292539596557617,1.932708501815796,5039
B0,2030,AV,0.3,random,5026,A,observed_mean,0.4911675155162811,3.0292539596557617,2.079318761825561,5039
B0,2030,AV,0.3,random,5026,V,reconstructed,0.8641342520713806,3.3813071250915527,2.1242597103118896,4743
B0,2030,AV,0.3,random,5026,V,observed_mean,0.1818904727697372,3.3813071250915527,2.9546072483062744,4743
B0,2030,AV,0.3,random,5027,A,reconstructed,0.9196436405181884,3.0272042751312256,1.9310495853424072,5038
B0,2030,AV,0.3,random,5027,A,observed_mean,0.493740439414978,3.0272042751312256,2.0784780979156494,5038
B0,2030,AV,0.3,random,5027,V,reconstructed,0.8644277453422546,3.318633794784546,2.124072790145874,4712
B0,2030,AV,0.3,random,5027,V,observed_mean,0.1834473460912704,3.318633794784546,2.978090763092041,4712
B0,2030,AV,0.3,random,5028,A,reconstructed,0.9134618043899536,3.056135654449463,1.9307595491409304,5030
B0,2030,AV,0.3,random,5028,A,observed_mean,0.4855954647064209,3.056135654449463,2.062316656112671,5030
B0,2030,AV,0.3,random,5028,V,reconstructed,0.8647375702857971,3.34842848777771,2.125387191772461,4710
B0,2030,AV,0.3,random,5028,V,observed_mean,0.1778827607631683,3.34842848777771,2.9631876945495605,4710
B0,2030,TAV,0.3,start,5026,T,reconstructed,0.3516736626625061,11.026084899902344,5.198139667510986,5035
B0,2030,TAV,0.3,start,5026,T,observed_mean,0.1366628110408783,11.026084899902344,10.239415168762209,5035
B0,2030,TAV,0.3,start,5026,A,reconstructed,0.9158633947372437,3.070066452026367,1.9074612855911253,5035
B0,2030,TAV,0.3,start,5026,A,observed_mean,0.5183883905410767,3.070066452026367,2.089345216751098,5035
B0,2030,TAV,0.3,start,5026,V,reconstructed,0.8620414733886719,3.3181676864624023,2.1016108989715576,4768
B0,2030,TAV,0.3,start,5026,V,observed_mean,0.2123308479785919,3.3181676864624023,2.986469030380249,4768
B0,2030,TAV,0.3,middle,5026,T,reconstructed,0.3529980480670929,10.62301540374756,5.205349922180176,5036
B0,2030,TAV,0.3,middle,5026,T,observed_mean,0.1329175978899002,10.62301540374756,10.190053939819336,5036
B0,2030,TAV,0.3,middle,5026,A,reconstructed,0.9135885834693908,3.040457963943481,1.9016577005386357,5036
B0,2030,TAV,0.3,middle,5026,A,observed_mean,0.4629466235637665,3.040457963943481,2.048394203186035,5036
B0,2030,TAV,0.3,middle,5026,V,reconstructed,0.8625391125679016,3.3097808361053467,2.1146764755249023,4759
B0,2030,TAV,0.3,middle,5026,V,observed_mean,0.160854309797287,3.3097808361053467,2.967236280441284,4759
B0,2030,TAV,0.3,end,5026,T,reconstructed,0.3744499981403351,10.714655876159668,5.150169372558594,5030
B0,2030,TAV,0.3,end,5026,T,observed_mean,0.1556872427463531,10.714655876159668,9.815881729125977,5030
B0,2030,TAV,0.3,end,5026,A,reconstructed,0.9145078063011168,3.0413177013397217,1.9007041454315183,5030
B0,2030,TAV,0.3,end,5026,A,observed_mean,0.554229199886322,3.0413177013397217,2.1171157360076904,5030
B0,2030,TAV,0.3,end,5026,V,reconstructed,0.8643388152122498,3.436906576156616,2.1229147911071777,4663
B0,2030,TAV,0.3,end,5026,V,observed_mean,0.2284270823001861,3.436906576156616,2.990388870239258,4663
B0,2030,TAV,0.3,random,5026,T,reconstructed,0.3540484607219696,10.73110008239746,5.234442710876465,5039
B0,2030,TAV,0.3,random,5026,T,observed_mean,0.1384322941303253,10.73110008239746,10.201885223388672,5039
B0,2030,TAV,0.3,random,5026,A,reconstructed,0.9124137163162231,3.0292539596557617,1.9108757972717283,5039
B0,2030,TAV,0.3,random,5026,A,observed_mean,0.4911675155162811,3.0292539596557617,2.079318761825561,5039
B0,2030,TAV,0.3,random,5026,V,reconstructed,0.8620771169662476,3.3813071250915527,2.1228511333465576,4743
B0,2030,TAV,0.3,random,5026,V,observed_mean,0.1818904727697372,3.3813071250915527,2.9546072483062744,4743
B0,2030,TAV,0.3,random,5027,T,reconstructed,0.3590802550315857,10.66866397857666,5.2081217765808105,5038
B0,2030,TAV,0.3,random,5027,T,observed_mean,0.1415925025939941,10.66866397857666,10.197230339050291,5038
B0,2030,TAV,0.3,random,5027,A,reconstructed,0.9204235076904296,3.0272042751312256,1.8989232778549197,5038
B0,2030,TAV,0.3,random,5027,A,observed_mean,0.493740439414978,3.0272042751312256,2.0784780979156494,5038
B0,2030,TAV,0.3,random,5027,V,reconstructed,0.8651775121688843,3.318633794784546,2.1169135570526123,4712
B0,2030,TAV,0.3,random,5027,V,observed_mean,0.1834473460912704,3.318633794784546,2.978090763092041,4712
B0,2030,TAV,0.3,random,5028,T,reconstructed,0.3601016104221344,10.67758560180664,5.275710582733154,5030
B0,2030,TAV,0.3,random,5028,T,observed_mean,0.1418433189392089,10.67758560180664,10.261245727539062,5030
B0,2030,TAV,0.3,random,5028,A,reconstructed,0.9153071641921996,3.056135654449463,1.9122394323349,5030
B0,2030,TAV,0.3,random,5028,A,observed_mean,0.4855954647064209,3.056135654449463,2.062316656112671,5030
B0,2030,TAV,0.3,random,5028,V,reconstructed,0.8651228547096252,3.34842848777771,2.1230688095092773,4710
B0,2030,TAV,0.3,random,5028,V,observed_mean,0.1778827607631683,3.34842848777771,2.9631876945495605,4710
noB,2026,T,0.1,random,5026,T,reconstructed,0.3616882860660553,13.606541633605955,8.64322280883789,1711
noB,2026,T,0.1,random,5026,T,observed_mean,0.067795842885971,13.606541633605955,13.13453769683838,1711
noB,2026,T,0.1,random,5027,T,reconstructed,0.3663192093372345,13.59294891357422,8.650858879089355,1711
noB,2026,T,0.1,random,5027,T,observed_mean,0.0732570588588714,13.59294891357422,13.057343482971191,1711
noB,2026,T,0.1,random,5028,T,reconstructed,0.3677075505256653,13.565707206726074,8.636062622070312,1711
noB,2026,T,0.1,random,5028,T,observed_mean,0.0787498354911804,13.565707206726074,13.048733711242676,1711
noB,2026,T,0.2,random,5026,T,reconstructed,0.3696371912956238,13.592251777648926,8.613001823425293,3400
noB,2026,T,0.2,random,5026,T,observed_mean,0.0874719992280006,13.592251777648926,13.067151069641112,3400
noB,2026,T,0.2,random,5027,T,reconstructed,0.3732136785984039,13.56187629699707,8.616323471069336,3400
noB,2026,T,0.2,random,5027,T,observed_mean,0.0928587615489959,13.56187629699707,13.001272201538086,3400
noB,2026,T,0.2,random,5028,T,reconstructed,0.3754318058490753,13.560161590576172,8.599261283874512,3400
noB,2026,T,0.2,random,5028,T,observed_mean,0.0957609191536903,13.560161590576172,13.013672828674316,3400
noB,2026,T,0.3,start,5026,T,reconstructed,0.3853002786636352,13.774701118469238,8.590842247009277,5039
noB,2026,T,0.3,start,5026,T,observed_mean,0.1038402765989303,13.774701118469238,12.936884880065918,5039
noB,2026,T,0.3,middle,5026,T,reconstructed,0.3753279447555542,13.50486946105957,8.536175727844238,5039
noB,2026,T,0.3,middle,5026,T,observed_mean,0.0993768796324729,13.50486946105957,12.95370388031006,5039
noB,2026,T,0.3,end,5026,T,reconstructed,0.3963908851146698,13.391947746276855,8.546273231506348,5039
noB,2026,T,0.3,end,5026,T,observed_mean,0.1279832422733307,13.391947746276855,12.72790813446045,5039
noB,2026,T,0.3,random,5026,T,reconstructed,0.3780792653560638,13.57652187347412,8.56010627746582,5039
noB,2026,T,0.3,random,5026,T,observed_mean,0.1044044718146324,13.57652187347412,12.947511672973633,5039
noB,2026,T,0.3,random,5027,T,reconstructed,0.3835728466510772,13.543619155883787,8.571653366088867,5039
noB,2026,T,0.3,random,5027,T,observed_mean,0.1104932427406311,13.543619155883787,12.956541061401367,5039
noB,2026,T,0.3,random,5028,T,reconstructed,0.3798186779022217,13.548279762268066,8.562887191772461,5039
noB,2026,T,0.3,random,5028,T,observed_mean,0.1106041595339775,13.548279762268066,13.020764350891112,5039
noB,2026,T,0.4,random,5026,T,reconstructed,0.3862383961677551,13.564960479736328,8.467248916625977,6740
noB,2026,T,0.4,random,5026,T,observed_mean,0.1240585893392562,13.564960479736328,12.800546646118164,6740
noB,2026,T,0.4,random,5027,T,reconstructed,0.3934006690979004,13.532404899597168,8.476229667663574,6740
noB,2026,T,0.4,random,5027,T,observed_mean,0.1330621689558029,13.532404899597168,12.867603302001951,6740
noB,2026,T,0.4,random,5028,T,reconstructed,0.3896154463291168,13.545578002929688,8.497035026550293,6740
noB,2026,T,0.4,random,5028,T,observed_mean,0.1294404864311218,13.545578002929688,13.002411842346191,6740
noB,2026,T,0.5,random,5026,T,reconstructed,0.3992807865142822,13.573203086853027,8.355951309204102,8415
noB,2026,T,0.5,random,5026,T,observed_mean,0.1478058397769928,13.573203086853027,12.670538902282717,8415
noB,2026,T,0.5,random,5027,T,reconstructed,0.4072688817977905,13.543914794921877,8.348021507263184,8415
noB,2026,T,0.5,random,5027,T,observed_mean,0.1589087694883346,13.543914794921877,12.69471263885498,8415
noB,2026,T,0.5,random,5028,T,reconstructed,0.4038835167884826,13.546172142028809,8.390318870544434,8415
noB,2026,T,0.5,random,5028,T,observed_mean,0.156181514263153,13.546172142028809,12.82294464111328,8415
noB,2026,A,0.1,random,5026,A,reconstructed,0.9084739685058594,3.089849710464477,1.8970839977264404,1711
noB,2026,A,0.1,random,5026,A,observed_mean,0.4360918402671814,3.089849710464477,2.057348251342773,1711
noB,2026,A,0.1,random,5027,A,reconstructed,0.9127196073532104,3.0907468795776367,1.8962870836257932,1711
noB,2026,A,0.1,random,5027,A,observed_mean,0.4386028051376343,3.0907468795776367,2.0595898628234863,1711
noB,2026,A,0.1,random,5028,A,reconstructed,0.9081339240074158,3.0384929180145264,1.8971798419952397,1711
noB,2026,A,0.1,random,5028,A,observed_mean,0.4306553304195404,3.0384929180145264,2.060808658599853,1711
noB,2026,A,0.2,random,5026,A,reconstructed,0.910819172859192,3.070075035095215,1.8966834545135496,3400
noB,2026,A,0.2,random,5026,A,observed_mean,0.4660646319389343,3.070075035095215,2.062451839447021,3400
noB,2026,A,0.2,random,5027,A,reconstructed,0.9109302759170532,3.0643503665924072,1.8963762521743772,3400
noB,2026,A,0.2,random,5027,A,observed_mean,0.4715964198112488,3.0643503665924072,2.0659995079040527,3400
noB,2026,A,0.2,random,5028,A,reconstructed,0.9084343314170836,3.082430839538574,1.897221803665161,3400
noB,2026,A,0.2,random,5028,A,observed_mean,0.4603184163570404,3.082430839538574,2.0548367500305176,3400
noB,2026,A,0.3,start,5026,A,reconstructed,0.8982833027839661,3.103195905685425,1.893734574317932,5039
noB,2026,A,0.3,start,5026,A,observed_mean,0.515470564365387,3.103195905685425,2.1171083450317383,5039
noB,2026,A,0.3,middle,5026,A,reconstructed,0.909394145011902,3.0694985389709477,1.89797043800354,5039
noB,2026,A,0.3,middle,5026,A,observed_mean,0.4607207477092743,3.0694985389709477,2.0791962146759038,5039
noB,2026,A,0.3,end,5026,A,reconstructed,0.9194758534431458,3.074052572250366,1.8989450931549072,5039
noB,2026,A,0.3,end,5026,A,observed_mean,0.5516673922538757,3.074052572250366,2.1468489170074463,5039
noB,2026,A,0.3,random,5026,A,reconstructed,0.9127541780471802,3.0603623390197754,1.896734356880188,5039
noB,2026,A,0.3,random,5026,A,observed_mean,0.4882966578006744,3.0603623390197754,2.107626438140869,5039
noB,2026,A,0.3,random,5027,A,reconstructed,0.911104142665863,3.057378053665161,1.895911693572998,5039
noB,2026,A,0.3,random,5027,A,observed_mean,0.4912056624889374,3.057378053665161,2.10792088508606,5039
noB,2026,A,0.3,random,5028,A,reconstructed,0.9091395735740662,3.0851571559906006,1.8975963592529297,5039
noB,2026,A,0.3,random,5028,A,observed_mean,0.4828308820724487,3.0851571559906006,2.0933327674865723,5039
noB,2026,A,0.4,random,5026,A,reconstructed,0.9125275015830994,3.052784204483032,1.8967599868774412,6740
noB,2026,A,0.4,random,5026,A,observed_mean,0.5049331784248352,3.052784204483032,2.1449403762817383,6740
noB,2026,A,0.4,random,5027,A,reconstructed,0.9106072783470154,3.0558810234069824,1.895756483078003,6740
noB,2026,A,0.4,random,5027,A,observed_mean,0.504982054233551,3.0558810234069824,2.144798755645752,6740
noB,2026,A,0.4,random,5028,A,reconstructed,0.910374104976654,3.0870394706726074,1.8976564407348635,6740
noB,2026,A,0.4,random,5028,A,observed_mean,0.5005212426185608,3.0870394706726074,2.121650695800781,6740
noB,2026,A,0.5,random,5026,A,reconstructed,0.912661075592041,3.0550310611724854,1.896112084388733,8415
noB,2026,A,0.5,random,5026,A,observed_mean,0.5188809633255005,3.0550310611724854,2.190893173217773,8415
noB,2026,A,0.5,random,5027,A,reconstructed,0.9107244610786438,3.0764148235321045,1.895419001579285,8415
noB,2026,A,0.5,random,5027,A,observed_mean,0.5179023742675781,3.0764148235321045,2.1772830486297607,8415
noB,2026,A,0.5,random,5028,A,reconstructed,0.9113143682479858,3.078541040420532,1.897215485572815,8415
noB,2026,A,0.5,random,5028,A,observed_mean,0.5185564160346985,3.078541040420532,2.166820287704468,8415
noB,2026,V,0.1,random,5026,V,reconstructed,0.8666260242462158,3.3972270488739014,3.4607179164886475,1604
noB,2026,V,0.1,random,5026,V,observed_mean,0.1572339981794357,3.3972270488739014,2.937324047088623,1604
noB,2026,V,0.1,random,5027,V,reconstructed,0.8715403079986572,3.2993032932281494,3.462514162063598,1595
noB,2026,V,0.1,random,5027,V,observed_mean,0.1563081592321396,3.2993032932281494,2.96120023727417,1595
noB,2026,V,0.1,random,5028,V,reconstructed,0.8651066422462463,3.3746039867401123,3.4617505073547363,1588
noB,2026,V,0.1,random,5028,V,observed_mean,0.1529372781515121,3.3746039867401123,2.952723741531372,1588
noB,2026,V,0.2,random,5026,V,reconstructed,0.8655924201011658,3.3917250633239746,3.464609146118164,3194
noB,2026,V,0.2,random,5026,V,observed_mean,0.1712334603071212,3.3917250633239746,2.947250843048096,3194
noB,2026,V,0.2,random,5027,V,reconstructed,0.8699396252632141,3.314771175384521,3.466519355773926,3180
noB,2026,V,0.2,random,5027,V,observed_mean,0.1714488416910171,3.314771175384521,2.966104745864868,3180
noB,2026,V,0.2,random,5028,V,reconstructed,0.8656573295593262,3.374035120010376,3.4647581577301025,3176
noB,2026,V,0.2,random,5028,V,observed_mean,0.1695761084556579,3.374035120010376,2.9555578231811523,3176
noB,2026,V,0.3,start,5026,V,reconstructed,0.8723814487457275,3.322641372680664,3.46054744720459,4768
noB,2026,V,0.3,start,5026,V,observed_mean,0.2123806476593017,3.322641372680664,2.989801406860352,4768
noB,2026,V,0.3,middle,5026,V,reconstructed,0.8645352721214294,3.314184665679932,3.461394786834717,4759
noB,2026,V,0.3,middle,5026,V,observed_mean,0.1609746366739273,3.314184665679932,2.970866441726685,4759
noB,2026,V,0.3,end,5026,V,reconstructed,0.8740223050117493,3.4406471252441406,3.457805633544922,4663
noB,2026,V,0.3,end,5026,V,observed_mean,0.2287606000900268,3.4406471252441406,2.994350910186768,4663
noB,2026,V,0.3,random,5026,V,reconstructed,0.8655831813812256,3.385244846343994,3.4636363983154297,4743
noB,2026,V,0.3,random,5026,V,observed_mean,0.1819216161966323,3.385244846343994,2.9581456184387207,4743
noB,2026,V,0.3,random,5027,V,reconstructed,0.8691031336784363,3.3233089447021484,3.4634952545166016,4712
noB,2026,V,0.3,random,5027,V,observed_mean,0.1834356188774109,3.3233089447021484,2.9812979698181152,4712
noB,2026,V,0.3,random,5028,V,reconstructed,0.8655546307563782,3.352274179458618,3.463301420211792,4710
noB,2026,V,0.3,random,5028,V,observed_mean,0.1781516969203949,3.352274179458618,2.966881513595581,4710
noB,2026,V,0.4,random,5026,V,reconstructed,0.86653733253479,3.365120649337769,3.462851285934448,6357
noB,2026,V,0.4,random,5026,V,observed_mean,0.1923627704381942,3.365120649337769,2.979799509048462,6357
noB,2026,V,0.4,random,5027,V,reconstructed,0.8688242435455322,3.323692321777344,3.462406635284424,6308
noB,2026,V,0.4,random,5027,V,observed_mean,0.1946747899055481,3.323692321777344,3.0031304359436035,6308
noB,2026,V,0.4,random,5028,V,reconstructed,0.8657627105712891,3.353912115097046,3.4627039432525635,6306
noB,2026,V,0.4,random,5028,V,observed_mean,0.1905281841754913,3.353912115097046,2.985180377960205,6306
noB,2026,V,0.5,random,5026,V,reconstructed,0.8678396344184875,3.3457939624786377,3.4606761932373047,7939
noB,2026,V,0.5,random,5026,V,observed_mean,0.2018065005540847,3.3457939624786377,3.012650728225708,7939
noB,2026,V,0.5,random,5027,V,reconstructed,0.8683722615242004,3.3244943618774414,3.460410594940185,7888
noB,2026,V,0.5,random,5027,V,observed_mean,0.2032902985811233,3.3244943618774414,3.026870012283325,7888
noB,2026,V,0.5,random,5028,V,reconstructed,0.8665838837623596,3.339071273803711,3.4605932235717773,7893
noB,2026,V,0.5,random,5028,V,observed_mean,0.201290562748909,3.339071273803711,3.0195329189300537,7893
noB,2026,TA,0.3,start,5026,T,reconstructed,0.3846093714237213,13.774701118469238,8.580513954162598,5039
noB,2026,TA,0.3,start,5026,T,observed_mean,0.1038402765989303,13.774701118469238,12.936884880065918,5039
noB,2026,TA,0.3,start,5026,A,reconstructed,0.8964663743972778,3.103195905685425,1.894721508026123,5039
noB,2026,TA,0.3,start,5026,A,observed_mean,0.515470564365387,3.103195905685425,2.1171083450317383,5039
noB,2026,TA,0.3,middle,5026,T,reconstructed,0.3742173314094543,13.50486946105957,8.526841163635254,5039
noB,2026,TA,0.3,middle,5026,T,observed_mean,0.0993768796324729,13.50486946105957,12.95370388031006,5039
noB,2026,TA,0.3,middle,5026,A,reconstructed,0.9060492515563964,3.0694985389709477,1.8973863124847408,5039
noB,2026,TA,0.3,middle,5026,A,observed_mean,0.4607207477092743,3.0694985389709477,2.0791962146759038,5039
noB,2026,TA,0.3,end,5026,T,reconstructed,0.3949016630649566,13.391947746276855,8.53891372680664,5039
noB,2026,TA,0.3,end,5026,T,observed_mean,0.1279832422733307,13.391947746276855,12.72790813446045,5039
noB,2026,TA,0.3,end,5026,A,reconstructed,0.9154984951019288,3.074052572250366,1.9014235734939573,5039
noB,2026,TA,0.3,end,5026,A,observed_mean,0.5516673922538757,3.074052572250366,2.1468489170074463,5039
noB,2026,TA,0.3,random,5026,T,reconstructed,0.3765968978404999,13.57652187347412,8.552112579345703,5039
noB,2026,TA,0.3,random,5026,T,observed_mean,0.1044044718146324,13.57652187347412,12.947511672973633,5039
noB,2026,TA,0.3,random,5026,A,reconstructed,0.9108729362487792,3.0603623390197754,1.8951823711395264,5039
noB,2026,TA,0.3,random,5026,A,observed_mean,0.4882966578006744,3.0603623390197754,2.107626438140869,5039
noB,2026,TA,0.3,random,5027,T,reconstructed,0.3821754455566406,13.543619155883787,8.560009956359863,5039
noB,2026,TA,0.3,random,5027,T,observed_mean,0.1104932427406311,13.543619155883787,12.956541061401367,5039
noB,2026,TA,0.3,random,5027,A,reconstructed,0.905321717262268,3.057378053665161,1.895259976387024,5039
noB,2026,TA,0.3,random,5027,A,observed_mean,0.4912056624889374,3.057378053665161,2.10792088508606,5039
noB,2026,TA,0.3,random,5028,T,reconstructed,0.3782229423522949,13.548279762268066,8.556110382080078,5039
noB,2026,TA,0.3,random,5028,T,observed_mean,0.1106041595339775,13.548279762268066,13.020764350891112,5039
noB,2026,TA,0.3,random,5028,A,reconstructed,0.9042285680770874,3.0851571559906006,1.9042288064956665,5039
noB,2026,TA,0.3,random,5028,A,observed_mean,0.4828308820724487,3.0851571559906006,2.0933327674865723,5039
noB,2026,TV,0.3,start,5026,T,reconstructed,0.383032351732254,13.77772331237793,8.62043285369873,5035
noB,2026,TV,0.3,start,5026,T,observed_mean,0.1038074791431427,13.77772331237793,12.940760612487791,5035
noB,2026,TV,0.3,start,5026,V,reconstructed,0.8716222643852234,3.322641372680664,3.459147453308105,4768
noB,2026,TV,0.3,start,5026,V,observed_mean,0.2123806476593017,3.322641372680664,2.989801406860352,4768
noB,2026,TV,0.3,middle,5026,T,reconstructed,0.3730928897857666,13.507309913635254,8.568596839904785,5036
noB,2026,TV,0.3,middle,5026,T,observed_mean,0.0993901267647743,13.507309913635254,12.954717636108398,5036
noB,2026,TV,0.3,middle,5026,V,reconstructed,0.8652673363685608,3.314184665679932,3.4867143630981445,4759
noB,2026,TV,0.3,middle,5026,V,observed_mean,0.1609746366739273,3.314184665679932,2.970866441726685,4759
noB,2026,TV,0.3,end,5026,T,reconstructed,0.394866406917572,13.395610809326172,8.568422317504883,5030
noB,2026,TV,0.3,end,5026,T,observed_mean,0.1280430257320404,13.395610809326172,12.724021911621094,5030
noB,2026,TV,0.3,end,5026,V,reconstructed,0.8752628564834595,3.4406471252441406,3.464280366897583,4663
noB,2026,TV,0.3,end,5026,V,observed_mean,0.2287606000900268,3.4406471252441406,2.994350910186768,4663
noB,2026,TV,0.3,random,5026,T,reconstructed,0.3759624660015106,13.57652187347412,8.58975601196289,5039
noB,2026,TV,0.3,random,5026,T,observed_mean,0.1044044718146324,13.57652187347412,12.947511672973633,5039
noB,2026,TV,0.3,random,5026,V,reconstructed,0.8657010197639465,3.385244846343994,3.49185848236084,4743
noB,2026,TV,0.3,random,5026,V,observed_mean,0.1819216161966323,3.385244846343994,2.9581456184387207,4743
noB,2026,TV,0.3,random,5027,T,reconstructed,0.3814434707164764,13.544328689575195,8.60524845123291,5038
noB,2026,TV,0.3,random,5027,T,observed_mean,0.1105021387338638,13.544328689575195,12.957180976867676,5038
noB,2026,TV,0.3,random,5027,V,reconstructed,0.8681678175926208,3.3233089447021484,3.480986833572388,4712
noB,2026,TV,0.3,random,5027,V,observed_mean,0.1834356188774109,3.3233089447021484,2.9812979698181152,4712
noB,2026,TV,0.3,random,5028,T,reconstructed,0.3773157894611358,13.555349349975586,8.594831466674805,5030
noB,2026,TV,0.3,random,5028,T,observed_mean,0.1104731559753418,13.555349349975586,13.02561092376709,5030
noB,2026,TV,0.3,random,5028,V,reconstructed,0.8652006983757019,3.352274179458618,3.4890263080596924,4710
noB,2026,TV,0.3,random,5028,V,observed_mean,0.1781516969203949,3.352274179458618,2.966881513595581,4710
noB,2026,AV,0.3,start,5026,A,reconstructed,0.8989802002906799,3.1034939289093018,1.8870408535003664,5035
noB,2026,AV,0.3,start,5026,A,observed_mean,0.5154129862785339,3.1034939289093018,2.116992473602295,5035
noB,2026,AV,0.3,start,5026,V,reconstructed,0.8723793029785156,3.322641372680664,3.4393086433410645,4768
noB,2026,AV,0.3,start,5026,V,observed_mean,0.2123806476593017,3.322641372680664,2.989801406860352,4768
noB,2026,AV,0.3,middle,5026,A,reconstructed,0.9099456667900084,3.068847417831421,1.8901889324188232,5036
noB,2026,AV,0.3,middle,5026,A,observed_mean,0.4609063863754272,3.068847417831421,2.078030824661255,5036
noB,2026,AV,0.3,middle,5026,V,reconstructed,0.8643266558647156,3.314184665679932,3.4452476501464844,4759
noB,2026,AV,0.3,middle,5026,V,observed_mean,0.1609746366739273,3.314184665679932,2.970866441726685,4759
noB,2026,AV,0.3,end,5026,A,reconstructed,0.9201253652572632,3.0741684436798096,1.8934848308563232,5030
noB,2026,AV,0.3,end,5026,A,observed_mean,0.5517120361328125,3.0741684436798096,2.145637035369873,5030
noB,2026,AV,0.3,end,5026,V,reconstructed,0.8738876581192017,3.4406471252441406,3.4504010677337646,4663
noB,2026,AV,0.3,end,5026,V,observed_mean,0.2287606000900268,3.4406471252441406,2.994350910186768,4663
noB,2026,AV,0.3,random,5026,A,reconstructed,0.9135184288024902,3.0603623390197754,1.8894641399383545,5039
noB,2026,AV,0.3,random,5026,A,observed_mean,0.4882966578006744,3.0603623390197754,2.107626438140869,5039
noB,2026,AV,0.3,random,5026,V,reconstructed,0.8653704524040222,3.385244846343994,3.448500633239746,4743
noB,2026,AV,0.3,random,5026,V,observed_mean,0.1819216161966323,3.385244846343994,2.9581456184387207,4743
noB,2026,AV,0.3,random,5027,A,reconstructed,0.9115504622459412,3.0571224689483643,1.8887156248092647,5038
noB,2026,AV,0.3,random,5027,A,observed_mean,0.4912756681442261,3.0571224689483643,2.1075589656829834,5038
noB,2026,AV,0.3,random,5027,V,reconstructed,0.8689625859260559,3.3233089447021484,3.448718547821045,4712
noB,2026,AV,0.3,random,5027,V,observed_mean,0.1834356188774109,3.3233089447021484,2.9812979698181152,4712
noB,2026,AV,0.3,random,5028,A,reconstructed,0.9097245335578918,3.084841251373291,1.890827298164368,5030
noB,2026,AV,0.3,random,5028,A,observed_mean,0.4830126166343689,3.084841251373291,2.0913279056549072,5030
noB,2026,AV,0.3,random,5028,V,reconstructed,0.8653244376182556,3.352274179458618,3.450113534927368,4710
noB,2026,AV,0.3,random,5028,V,observed_mean,0.1781516969203949,3.352274179458618,2.966881513595581,4710
noB,2026,TAV,0.3,start,5026,T,reconstructed,0.3824005424976349,13.77772331237793,8.610237121582031,5035
noB,2026,TAV,0.3,start,5026,T,observed_mean,0.1038074791431427,13.77772331237793,12.940760612487791,5035
noB,2026,TAV,0.3,start,5026,A,reconstructed,0.8971729278564453,3.1034939289093018,1.888018488883972,5035
noB,2026,TAV,0.3,start,5026,A,observed_mean,0.5154129862785339,3.1034939289093018,2.116992473602295,5035
noB,2026,TAV,0.3,start,5026,V,reconstructed,0.8715447783470154,3.322641372680664,3.432610034942627,4768
noB,2026,TAV,0.3,start,5026,V,observed_mean,0.2123806476593017,3.322641372680664,2.989801406860352,4768
noB,2026,TAV,0.3,middle,5026,T,reconstructed,0.3720225989818573,13.507309913635254,8.559593200683594,5036
noB,2026,TAV,0.3,middle,5026,T,observed_mean,0.0993901267647743,13.507309913635254,12.954717636108398,5036
noB,2026,TAV,0.3,middle,5026,A,reconstructed,0.9066998958587646,3.068847417831421,1.8892629146575928,5036
noB,2026,TAV,0.3,middle,5026,A,observed_mean,0.4609063863754272,3.068847417831421,2.078030824661255,5036
noB,2026,TAV,0.3,middle,5026,V,reconstructed,0.8649930357933044,3.314184665679932,3.4681878089904785,4759
noB,2026,TAV,0.3,middle,5026,V,observed_mean,0.1609746366739273,3.314184665679932,2.970866441726685,4759
noB,2026,TAV,0.3,end,5026,T,reconstructed,0.3934061527252197,13.395610809326172,8.560080528259277,5030
noB,2026,TAV,0.3,end,5026,T,observed_mean,0.1280430257320404,13.395610809326172,12.724021911621094,5030
noB,2026,TAV,0.3,end,5026,A,reconstructed,0.9164985418319702,3.0741684436798096,1.8954437971115112,5030
noB,2026,TAV,0.3,end,5026,A,observed_mean,0.5517120361328125,3.0741684436798096,2.145637035369873,5030
noB,2026,TAV,0.3,end,5026,V,reconstructed,0.875206470489502,3.4406471252441406,3.458656311035156,4663
noB,2026,TAV,0.3,end,5026,V,observed_mean,0.2287606000900268,3.4406471252441406,2.994350910186768,4663
noB,2026,TAV,0.3,random,5026,T,reconstructed,0.3745166659355163,13.57652187347412,8.581647872924805,5039
noB,2026,TAV,0.3,random,5026,T,observed_mean,0.1044044718146324,13.57652187347412,12.947511672973633,5039
noB,2026,TAV,0.3,random,5026,A,reconstructed,0.9118747115135192,3.0603623390197754,1.888437032699585,5039
noB,2026,TAV,0.3,random,5026,A,observed_mean,0.4882966578006744,3.0603623390197754,2.107626438140869,5039
noB,2026,TAV,0.3,random,5026,V,reconstructed,0.8654671311378479,3.385244846343994,3.475510835647583,4743
noB,2026,TAV,0.3,random,5026,V,observed_mean,0.1819216161966323,3.385244846343994,2.9581456184387207,4743
noB,2026,TAV,0.3,random,5027,T,reconstructed,0.3800511658191681,13.544328689575195,8.593362808227539,5038
noB,2026,TAV,0.3,random,5027,T,observed_mean,0.1105021387338638,13.544328689575195,12.957180976867676,5038
noB,2026,TAV,0.3,random,5027,A,reconstructed,0.9056904911994934,3.0571224689483643,1.887344241142273,5038
noB,2026,TAV,0.3,random,5027,A,observed_mean,0.4912756681442261,3.0571224689483643,2.1075589656829834,5038
noB,2026,TAV,0.3,random,5027,V,reconstructed,0.8679549694061279,3.3233089447021484,3.465944290161133,4712
noB,2026,TAV,0.3,random,5027,V,observed_mean,0.1834356188774109,3.3233089447021484,2.9812979698181152,4712
noB,2026,TAV,0.3,random,5028,T,reconstructed,0.3757543861865997,13.555349349975586,8.58821964263916,5030
noB,2026,TAV,0.3,random,5028,T,observed_mean,0.1104731559753418,13.555349349975586,13.02561092376709,5030
noB,2026,TAV,0.3,random,5028,A,reconstructed,0.9050284028053284,3.084841251373291,1.8973991870880127,5030
noB,2026,TAV,0.3,random,5028,A,observed_mean,0.4830126166343689,3.084841251373291,2.0913279056549072,5030
noB,2026,TAV,0.3,random,5028,V,reconstructed,0.8649428486824036,3.352274179458618,3.4751265048980717,4710
noB,2026,TAV,0.3,random,5028,V,observed_mean,0.1781516969203949,3.352274179458618,2.966881513595581,4710
noB,2027,T,0.1,random,5026,T,reconstructed,0.3237674236297607,14.436856269836426,9.546870231628418,1711
noB,2027,T,0.1,random,5026,T,observed_mean,0.0642443224787712,14.436856269836426,14.032964706420898,1711
noB,2027,T,0.1,random,5027,T,reconstructed,0.3278127014636993,14.4075345993042,9.536172866821287,1711
noB,2027,T,0.1,random,5027,T,observed_mean,0.0700562298297882,14.4075345993042,13.981377601623535,1711
noB,2027,T,0.1,random,5028,T,reconstructed,0.3291632533073425,14.43767261505127,9.544666290283203,1711
noB,2027,T,0.1,random,5028,T,observed_mean,0.0737187266349792,14.43767261505127,13.958328247070312,1711
noB,2027,T,0.2,random,5026,T,reconstructed,0.3330676853656769,14.40526294708252,9.506413459777832,3400
noB,2027,T,0.2,random,5026,T,observed_mean,0.084376186132431,14.40526294708252,13.999011993408203,3400
noB,2027,T,0.2,random,5027,T,reconstructed,0.3349672257900238,14.371845245361328,9.509109497070312,3400
noB,2027,T,0.2,random,5027,T,observed_mean,0.0850052833557128,14.371845245361328,13.939785957336426,3400
noB,2027,T,0.2,random,5028,T,reconstructed,0.3355479836463928,14.39987087249756,9.522031784057615,3400
noB,2027,T,0.2,random,5028,T,observed_mean,0.0894089117646217,14.39987087249756,13.976141929626465,3400
noB,2027,T,0.3,start,5026,T,reconstructed,0.3470000624656677,14.600823402404783,9.423309326171877,5039
noB,2027,T,0.3,start,5026,T,observed_mean,0.0976443886756897,14.600823402404783,13.756719589233398,5039
noB,2027,T,0.3,middle,5026,T,reconstructed,0.3405399322509765,14.321439743041992,9.429574966430664,5039
noB,2027,T,0.3,middle,5026,T,observed_mean,0.0960521772503852,14.321439743041992,13.89484977722168,5039
noB,2027,T,0.3,end,5026,T,reconstructed,0.3538451492786407,14.498421669006348,9.398085594177246,5039
noB,2027,T,0.3,end,5026,T,observed_mean,0.1186878308653831,14.498421669006348,13.279946327209473,5039
noB,2027,T,0.3,random,5026,T,reconstructed,0.341713011264801,14.407729148864746,9.413848876953123,5039
noB,2027,T,0.3,random,5026,T,observed_mean,0.1013308018445968,14.407729148864746,13.901400566101074,5039
noB,2027,T,0.3,random,5027,T,reconstructed,0.3464352190494537,14.362832069396973,9.437546730041504,5039
noB,2027,T,0.3,random,5027,T,observed_mean,0.1018836796283721,14.362832069396973,13.849185943603516,5039
noB,2027,T,0.3,random,5028,T,reconstructed,0.3436143696308136,14.36983585357666,9.466448783874512,5039
noB,2027,T,0.3,random,5028,T,observed_mean,0.1035369709134101,14.36983585357666,13.970955848693848,5039
noB,2027,T,0.4,random,5026,T,reconstructed,0.3536220490932464,14.408777236938477,9.330228805541992,6740
noB,2027,T,0.4,random,5026,T,observed_mean,0.1210779398679733,14.408777236938477,13.822949409484863,6740
noB,2027,T,0.4,random,5027,T,reconstructed,0.3603167235851288,14.35224151611328,9.351300239562988,6740
noB,2027,T,0.4,random,5027,T,observed_mean,0.1276686936616897,14.35224151611328,13.817591667175291,6740
noB,2027,T,0.4,random,5028,T,reconstructed,0.3536388278007507,14.36908721923828,9.378222465515137,6740
noB,2027,T,0.4,random,5028,T,observed_mean,0.1229842156171798,14.36908721923828,13.931523323059082,6740
noB,2027,T,0.5,random,5026,T,reconstructed,0.3652901351451874,14.410888671875,9.199295043945312,8415
noB,2027,T,0.5,random,5026,T,observed_mean,0.1419612616300583,14.410888671875,13.64973258972168,8415
noB,2027,T,0.5,random,5027,T,reconstructed,0.3710044026374817,14.372747421264648,9.210079193115234,8415
noB,2027,T,0.5,random,5027,T,observed_mean,0.1463545560836792,14.372747421264648,13.643722534179688,8415
noB,2027,T,0.5,random,5028,T,reconstructed,0.3671841025352478,14.364717483520508,9.249571800231934,8415
noB,2027,T,0.5,random,5028,T,observed_mean,0.1427283436059951,14.364717483520508,13.804513931274414,8415
noB,2027,A,0.1,random,5026,A,reconstructed,0.9159242510795592,3.08796501159668,1.853835940361023,1711
noB,2027,A,0.1,random,5026,A,observed_mean,0.4350905120372772,3.08796501159668,2.0587852001190186,1711
noB,2027,A,0.1,random,5027,A,reconstructed,0.9192517399787904,3.091630697250366,1.8543832302093504,1711
noB,2027,A,0.1,random,5027,A,observed_mean,0.4373080134391784,3.091630697250366,2.0607943534851074,1711
noB,2027,A,0.1,random,5028,A,reconstructed,0.919251024723053,3.0373964309692383,1.853238821029663,1711
noB,2027,A,0.1,random,5028,A,observed_mean,0.4295147061347961,3.0373964309692383,2.0621323585510254,1711
noB,2027,A,0.2,random,5026,A,reconstructed,0.9168649315834044,3.0687174797058105,1.8526157140731807,3400
noB,2027,A,0.2,random,5026,A,observed_mean,0.4649634957313537,3.0687174797058105,2.064050674438477,3400
noB,2027,A,0.2,random,5027,A,reconstructed,0.9191234707832336,3.064413547515869,1.8533116579055784,3400
noB,2027,A,0.2,random,5027,A,observed_mean,0.4702734351158142,3.064413547515869,2.067302227020264,3400
noB,2027,A,0.2,random,5028,A,reconstructed,0.919026017189026,3.0820188522338867,1.851957321166992,3400
noB,2027,A,0.2,random,5028,A,observed_mean,0.458961009979248,3.0820188522338867,2.0561976432800293,3400
noB,2027,A,0.3,start,5026,A,reconstructed,0.9397574067115784,3.1017656326293945,1.844314694404602,5039
noB,2027,A,0.3,start,5026,A,observed_mean,0.5140436887741089,3.1017656326293945,2.118682622909546,5039
noB,2027,A,0.3,middle,5026,A,reconstructed,0.9175541996955872,3.0684430599212646,1.8518548011779783,5039
noB,2027,A,0.3,middle,5026,A,observed_mean,0.4595404267311096,3.0684430599212646,2.080859899520874,5039
noB,2027,A,0.3,end,5026,A,reconstructed,0.8997021317481995,3.0739428997039795,1.8548352718353271,5039
noB,2027,A,0.3,end,5026,A,observed_mean,0.5498443245887756,3.0739428997039795,2.1474719047546387,5039
noB,2027,A,0.3,random,5026,A,reconstructed,0.9168371558189392,3.0596652030944824,1.8516844511032104,5039
noB,2027,A,0.3,random,5026,A,observed_mean,0.4869763255119324,3.0596652030944824,2.109025478363037,5039
noB,2027,A,0.3,random,5027,A,reconstructed,0.919621765613556,3.057284355163574,1.8525102138519287,5039
noB,2027,A,0.3,random,5027,A,observed_mean,0.4898242056369781,3.057284355163574,2.1090855598449707,5039
noB,2027,A,0.3,random,5028,A,reconstructed,0.9195544123649596,3.084909677505493,1.851025104522705,5039
noB,2027,A,0.3,random,5028,A,observed_mean,0.481421560049057,3.084909677505493,2.0945372581481934,5039
noB,2027,A,0.4,random,5026,A,reconstructed,0.91665118932724,3.052310943603516,1.850181579589844,6740
noB,2027,A,0.4,random,5026,A,observed_mean,0.5035446286201477,3.052310943603516,2.146160125732422,6740
noB,2027,A,0.4,random,5027,A,reconstructed,0.919996440410614,3.05553674697876,1.8505632877349851,6740
noB,2027,A,0.4,random,5027,A,observed_mean,0.5035548806190491,3.05553674697876,2.145806074142456,6740
noB,2027,A,0.4,random,5028,A,reconstructed,0.9192668199539183,3.086487293243408,1.84945809841156,6740
noB,2027,A,0.4,random,5028,A,observed_mean,0.4990866780281067,3.086487293243408,2.122896194458008,6740
noB,2027,A,0.5,random,5026,A,reconstructed,0.9168869853019714,3.0543460845947266,1.849138855934143,8415
noB,2027,A,0.5,random,5026,A,observed_mean,0.5173869132995605,3.0543460845947266,2.1919939517974854,8415
noB,2027,A,0.5,random,5027,A,reconstructed,0.9182682633399964,3.075813055038452,1.84946870803833,8415
noB,2027,A,0.5,random,5027,A,observed_mean,0.5164932608604431,3.075813055038452,2.178337574005127,8415
noB,2027,A,0.5,random,5028,A,reconstructed,0.9181219339370728,3.077897071838379,1.8483655452728271,8415
noB,2027,A,0.5,random,5028,A,observed_mean,0.5171094536781311,3.077897071838379,2.1680562496185303,8415
noB,2027,V,0.1,random,5026,V,reconstructed,0.8680493235588074,3.4014201164245605,3.3506438732147217,1604
noB,2027,V,0.1,random,5026,V,observed_mean,0.1578851044178009,3.4014201164245605,2.9401450157165527,1604
noB,2027,V,0.1,random,5027,V,reconstructed,0.8713090419769287,3.3013877868652344,3.35418701171875,1595
noB,2027,V,0.1,random,5027,V,observed_mean,0.1571612656116485,3.3013877868652344,2.964663505554199,1595
noB,2027,V,0.1,random,5028,V,reconstructed,0.8705527186393738,3.37878942489624,3.357299566268921,1588
noB,2027,V,0.1,random,5028,V,observed_mean,0.1535810083150863,3.37878942489624,2.9556617736816406,1588
noB,2027,V,0.2,random,5026,V,reconstructed,0.8664772510528564,3.3962936401367188,3.361413955688477,3194
noB,2027,V,0.2,random,5026,V,observed_mean,0.1718348562717437,3.3962936401367188,2.9500272274017334,3194
noB,2027,V,0.2,random,5027,V,reconstructed,0.8710422515869141,3.317521572113037,3.3649981021881104,3180
noB,2027,V,0.2,random,5027,V,observed_mean,0.1722981333732605,3.317521572113037,2.969763994216919,3180
noB,2027,V,0.2,random,5028,V,reconstructed,0.8692802786827087,3.378440618515014,3.366098642349243,3176
noB,2027,V,0.2,random,5028,V,observed_mean,0.1701043993234634,3.378440618515014,2.958353042602539,3176
noB,2027,V,0.3,start,5026,V,reconstructed,0.8709102272987366,3.325752258300781,3.3783411979675293,4768
noB,2027,V,0.3,start,5026,V,observed_mean,0.2129424661397934,3.325752258300781,2.992928981781006,4768
noB,2027,V,0.3,middle,5026,V,reconstructed,0.8710243105888367,3.3176164627075195,3.3659372329711914,4759
noB,2027,V,0.3,middle,5026,V,observed_mean,0.1617895066738128,3.3176164627075195,2.974806070327759,4759
noB,2027,V,0.3,end,5026,V,reconstructed,0.8703622817993164,3.4471774101257324,3.368295669555664,4663
noB,2027,V,0.3,end,5026,V,observed_mean,0.228991687297821,3.4471774101257324,2.996682643890381,4663
noB,2027,V,0.3,random,5026,V,reconstructed,0.8679201006889343,3.389638900756836,3.3706417083740234,4743
noB,2027,V,0.3,random,5026,V,observed_mean,0.182574525475502,3.389638900756836,2.9613711833953857,4743
noB,2027,V,0.3,random,5027,V,reconstructed,0.8708069324493408,3.326544761657715,3.3723373413085938,4712
noB,2027,V,0.3,random,5027,V,observed_mean,0.1842440217733383,3.326544761657715,2.9852235317230225,4712
noB,2027,V,0.3,random,5028,V,reconstructed,0.8688954710960388,3.356587171554565,3.373404264450073,4710
noB,2027,V,0.3,random,5028,V,observed_mean,0.1786271184682846,3.356587171554565,2.969984531402588,4710
noB,2027,V,0.4,random,5026,V,reconstructed,0.868969202041626,3.3690669536590576,3.3807373046875,6357
noB,2027,V,0.4,random,5026,V,observed_mean,0.1930633336305618,3.3690669536590576,2.983347177505493,6357
noB,2027,V,0.4,random,5027,V,reconstructed,0.8710392713546753,3.326932907104492,3.3816049098968506,6308
noB,2027,V,0.4,random,5027,V,observed_mean,0.1954670399427414,3.326932907104492,3.0073256492614746,6308
noB,2027,V,0.4,random,5028,V,reconstructed,0.868216335773468,3.3585081100463867,3.3837807178497314,6306
noB,2027,V,0.4,random,5028,V,observed_mean,0.1910282671451568,3.3585081100463867,2.988098621368408,6306
noB,2027,V,0.5,random,5026,V,reconstructed,0.869602382183075,3.349532127380371,3.3888192176818848,7939
noB,2027,V,0.5,random,5026,V,observed_mean,0.2025330811738968,3.349532127380371,3.0166828632354736,7939
noB,2027,V,0.5,random,5027,V,reconstructed,0.8708637356758118,3.3276941776275635,3.389471530914306,7888
noB,2027,V,0.5,random,5027,V,observed_mean,0.2040552645921707,3.3276941776275635,3.0314700603485107,7888
noB,2027,V,0.5,random,5028,V,reconstructed,0.8692231774330139,3.34338903427124,3.3911020755767822,7893
noB,2027,V,0.5,random,5028,V,observed_mean,0.2017813771963119,3.34338903427124,3.0227208137512207,7893
noB,2027,TA,0.3,start,5026,T,reconstructed,0.3445605337619781,14.600823402404783,9.424031257629396,5039
noB,2027,TA,0.3,start,5026,T,observed_mean,0.0976443886756897,14.600823402404783,13.756719589233398,5039
noB,2027,TA,0.3,start,5026,A,reconstructed,0.9398268461227416,3.1017656326293945,1.8585383892059328,5039
noB,2027,TA,0.3,start,5026,A,observed_mean,0.5140436887741089,3.1017656326293945,2.118682622909546,5039
noB,2027,TA,0.3,middle,5026,T,reconstructed,0.3379572927951813,14.321439743041992,9.43542766571045,5039
noB,2027,TA,0.3,middle,5026,T,observed_mean,0.0960521772503852,14.321439743041992,13.89484977722168,5039
noB,2027,TA,0.3,middle,5026,A,reconstructed,0.918546497821808,3.0684430599212646,1.858481764793396,5039
noB,2027,TA,0.3,middle,5026,A,observed_mean,0.4595404267311096,3.0684430599212646,2.080859899520874,5039
noB,2027,TA,0.3,end,5026,T,reconstructed,0.3511783182621002,14.498421669006348,9.39540958404541,5039
noB,2027,TA,0.3,end,5026,T,observed_mean,0.1186878308653831,14.498421669006348,13.279946327209473,5039
noB,2027,TA,0.3,end,5026,A,reconstructed,0.9032896161079408,3.0739428997039795,1.8499948978424072,5039
noB,2027,TA,0.3,end,5026,A,observed_mean,0.5498443245887756,3.0739428997039795,2.1474719047546387,5039
noB,2027,TA,0.3,random,5026,T,reconstructed,0.33904829621315,14.407729148864746,9.417335510253906,5039
noB,2027,TA,0.3,random,5026,T,observed_mean,0.1013308018445968,14.407729148864746,13.901400566101074,5039
noB,2027,TA,0.3,random,5026,A,reconstructed,0.9187899827957152,3.0596652030944824,1.8511288166046145,5039
noB,2027,TA,0.3,random,5026,A,observed_mean,0.4869763255119324,3.0596652030944824,2.109025478363037,5039
noB,2027,TA,0.3,random,5027,T,reconstructed,0.3438296914100647,14.362832069396973,9.43459701538086,5039
noB,2027,TA,0.3,random,5027,T,observed_mean,0.1018836796283721,14.362832069396973,13.849185943603516,5039
noB,2027,TA,0.3,random,5027,A,reconstructed,0.9220480918884276,3.057284355163574,1.853737950325012,5039
noB,2027,TA,0.3,random,5027,A,observed_mean,0.4898242056369781,3.057284355163574,2.1090855598449707,5039
noB,2027,TA,0.3,random,5028,T,reconstructed,0.3410273492336273,14.36983585357666,9.47251319885254,5039
noB,2027,TA,0.3,random,5028,T,observed_mean,0.1035369709134101,14.36983585357666,13.970955848693848,5039
noB,2027,TA,0.3,random,5028,A,reconstructed,0.921872854232788,3.084909677505493,1.849830150604248,5039
noB,2027,TA,0.3,random,5028,A,observed_mean,0.481421560049057,3.084909677505493,2.0945372581481934,5039
noB,2027,TV,0.3,start,5026,T,reconstructed,0.343061238527298,14.602561950683594,9.481430053710938,5035
noB,2027,TV,0.3,start,5026,T,observed_mean,0.0976797640323638,14.602561950683594,13.758904457092283,5035
noB,2027,TV,0.3,start,5026,V,reconstructed,0.8735626935958862,3.325752258300781,3.294832229614258,4768
noB,2027,TV,0.3,start,5026,V,observed_mean,0.2129424661397934,3.325752258300781,2.992928981781006,4768
noB,2027,TV,0.3,middle,5026,T,reconstructed,0.3369069397449493,14.324572563171388,9.490595817565918,5036
noB,2027,TV,0.3,middle,5026,T,observed_mean,0.0960320830345153,14.324572563171388,13.897090911865234,5036
noB,2027,TV,0.3,middle,5026,V,reconstructed,0.8697806596755981,3.3176164627075195,3.3382575511932373,4759
noB,2027,TV,0.3,middle,5026,V,observed_mean,0.1617895066738128,3.3176164627075195,2.974806070327759,4759
noB,2027,TV,0.3,end,5026,T,reconstructed,0.3499772846698761,14.505380630493164,9.454230308532717,5030
noB,2027,TV,0.3,end,5026,T,observed_mean,0.1187149062752723,14.505380630493164,13.283486366271973,5030
noB,2027,TV,0.3,end,5026,V,reconstructed,0.8741833567619324,3.4471774101257324,3.31889009475708,4663
noB,2027,TV,0.3,end,5026,V,observed_mean,0.228991687297821,3.4471774101257324,2.996682643890381,4663
noB,2027,TV,0.3,random,5026,T,reconstructed,0.3378218114376068,14.407729148864746,9.480090141296388,5039
noB,2027,TV,0.3,random,5026,T,observed_mean,0.1013308018445968,14.407729148864746,13.901400566101074,5039
noB,2027,TV,0.3,random,5026,V,reconstructed,0.8697070479393005,3.389638900756836,3.3466947078704834,4743
noB,2027,TV,0.3,random,5026,V,observed_mean,0.182574525475502,3.389638900756836,2.9613711833953857,4743
noB,2027,TV,0.3,random,5027,T,reconstructed,0.3426626026630401,14.364041328430176,9.498886108398438,5038
noB,2027,TV,0.3,random,5027,T,observed_mean,0.1018900424242019,14.364041328430176,13.84970760345459,5038
noB,2027,TV,0.3,random,5027,V,reconstructed,0.8729857206344604,3.326544761657715,3.3457894325256348,4712
noB,2027,TV,0.3,random,5027,V,observed_mean,0.1842440217733383,3.326544761657715,2.9852235317230225,4712
noB,2027,TV,0.3,random,5028,T,reconstructed,0.3398177027702331,14.376006126403809,9.529053688049316,5030
noB,2027,TV,0.3,random,5028,T,observed_mean,0.1034724488854408,14.376006126403809,13.976441383361816,5030
noB,2027,TV,0.3,random,5028,V,reconstructed,0.8681976795196533,3.356587171554565,3.344857692718506,4710
noB,2027,TV,0.3,random,5028,V,observed_mean,0.1786271184682846,3.356587171554565,2.969984531402588,4710
noB,2027,AV,0.3,start,5026,A,reconstructed,0.938246726989746,3.1020758152008057,1.8454647064208984,5035
noB,2027,AV,0.3,start,5026,A,observed_mean,0.5139772295951843,3.1020758152008057,2.118551015853882,5035
noB,2027,AV,0.3,start,5026,V,reconstructed,0.8707753419876099,3.325752258300781,3.403597116470337,4768
noB,2027,AV,0.3,start,5026,V,observed_mean,0.2129424661397934,3.325752258300781,2.992928981781006,4768
noB,2027,AV,0.3,middle,5026,A,reconstructed,0.9154794216156006,3.06778883934021,1.8524727821350095,5036
noB,2027,AV,0.3,middle,5026,A,observed_mean,0.4597212672233581,3.06778883934021,2.079667806625366,5036
noB,2027,AV,0.3,middle,5026,V,reconstructed,0.8708869814872742,3.3176164627075195,3.3939802646636963,4759
noB,2027,AV,0.3,middle,5026,V,observed_mean,0.1617895066738128,3.3176164627075195,2.974806070327759,4759
noB,2027,AV,0.3,end,5026,A,reconstructed,0.8972345590591431,3.074127197265625,1.855380177497864,5030
noB,2027,AV,0.3,end,5026,A,observed_mean,0.5498895049095154,3.074127197265625,2.14632248878479,5030
noB,2027,AV,0.3,end,5026,V,reconstructed,0.8703271150588989,3.4471774101257324,3.39555287361145,4663
noB,2027,AV,0.3,end,5026,V,observed_mean,0.228991687297821,3.4471774101257324,2.996682643890381,4663
noB,2027,AV,0.3,random,5026,A,reconstructed,0.9149043560028076,3.0596652030944824,1.8533074855804443,5039
noB,2027,AV,0.3,random,5026,A,observed_mean,0.4869763255119324,3.0596652030944824,2.109025478363037,5039
noB,2027,AV,0.3,random,5026,V,reconstructed,0.8677449822425842,3.389638900756836,3.3980050086975098,4743
noB,2027,AV,0.3,random,5026,V,observed_mean,0.182574525475502,3.389638900756836,2.9613711833953857,4743
noB,2027,AV,0.3,random,5027,A,reconstructed,0.9178029298782348,3.0570225715637207,1.853593111038208,5038
noB,2027,AV,0.3,random,5027,A,observed_mean,0.4898934662342071,3.0570225715637207,2.108718156814575,5038
noB,2027,AV,0.3,random,5027,V,reconstructed,0.8707911372184753,3.326544761657715,3.399155139923096,4712
noB,2027,AV,0.3,random,5027,V,observed_mean,0.1842440217733383,3.326544761657715,2.9852235317230225,4712
noB,2027,AV,0.3,random,5028,A,reconstructed,0.9174190163612366,3.08455753326416,1.851590871810913,5030
noB,2027,AV,0.3,random,5028,A,observed_mean,0.4816049039363861,3.08455753326416,2.092490673065185,5030
noB,2027,AV,0.3,random,5028,V,reconstructed,0.8688163757324219,3.356587171554565,3.4012629985809326,4710
noB,2027,AV,0.3,random,5028,V,observed_mean,0.1786271184682846,3.356587171554565,2.969984531402588,4710
noB,2027,TAV,0.3,start,5026,T,reconstructed,0.3405850827693939,14.602561950683594,9.48267936706543,5035
noB,2027,TAV,0.3,start,5026,T,observed_mean,0.0976797640323638,14.602561950683594,13.758904457092283,5035
noB,2027,TAV,0.3,start,5026,A,reconstructed,0.9383257627487184,3.1020758152008057,1.858193039894104,5035
noB,2027,TAV,0.3,start,5026,A,observed_mean,0.5139772295951843,3.1020758152008057,2.118551015853882,5035
noB,2027,TAV,0.3,start,5026,V,reconstructed,0.8734747171401978,3.325752258300781,3.32583999633789,4768
noB,2027,TAV,0.3,start,5026,V,observed_mean,0.2129424661397934,3.325752258300781,2.992928981781006,4768
noB,2027,TAV,0.3,middle,5026,T,reconstructed,0.3343340158462524,14.324572563171388,9.497281074523926,5036
noB,2027,TAV,0.3,middle,5026,T,observed_mean,0.0960320830345153,14.324572563171388,13.897090911865234,5036
noB,2027,TAV,0.3,middle,5026,A,reconstructed,0.9162283539772034,3.06778883934021,1.85833477973938,5036
noB,2027,TAV,0.3,middle,5026,A,observed_mean,0.4597212672233581,3.06778883934021,2.079667806625366,5036
noB,2027,TAV,0.3,middle,5026,V,reconstructed,0.8696405291557312,3.3176164627075195,3.373371362686157,4759
noB,2027,TAV,0.3,middle,5026,V,observed_mean,0.1617895066738128,3.3176164627075195,2.974806070327759,4759
noB,2027,TAV,0.3,end,5026,T,reconstructed,0.3472882807254791,14.505380630493164,9.452337265014648,5030
noB,2027,TAV,0.3,end,5026,T,observed_mean,0.1187149062752723,14.505380630493164,13.283486366271973,5030
noB,2027,TAV,0.3,end,5026,A,reconstructed,0.9005099534988403,3.074127197265625,1.849038362503052,5030
noB,2027,TAV,0.3,end,5026,A,observed_mean,0.5498895049095154,3.074127197265625,2.14632248878479,5030
noB,2027,TAV,0.3,end,5026,V,reconstructed,0.8742703795433044,3.4471774101257324,3.3536245822906494,4663
noB,2027,TAV,0.3,end,5026,V,observed_mean,0.228991687297821,3.4471774101257324,2.996682643890381,4663
noB,2027,TAV,0.3,random,5026,T,reconstructed,0.3351234197616577,14.407729148864746,9.484357833862305,5039
noB,2027,TAV,0.3,random,5026,T,observed_mean,0.1013308018445968,14.407729148864746,13.901400566101074,5039
noB,2027,TAV,0.3,random,5026,A,reconstructed,0.9165679812431335,3.0596652030944824,1.8513801097869875,5039
noB,2027,TAV,0.3,random,5026,A,observed_mean,0.4869763255119324,3.0596652030944824,2.109025478363037,5039
noB,2027,TAV,0.3,random,5026,V,reconstructed,0.8695322275161743,3.389638900756836,3.381319046020508,4743
noB,2027,TAV,0.3,random,5026,V,observed_mean,0.182574525475502,3.389638900756836,2.9613711833953857,4743
noB,2027,TAV,0.3,random,5027,T,reconstructed,0.3400330245494842,14.364041328430176,9.49612045288086,5038
noB,2027,TAV,0.3,random,5027,T,observed_mean,0.1018900424242019,14.364041328430176,13.84970760345459,5038
noB,2027,TAV,0.3,random,5027,A,reconstructed,0.9202101230621338,3.0570225715637207,1.8537722826004028,5038
noB,2027,TAV,0.3,random,5027,A,observed_mean,0.4898934662342071,3.0570225715637207,2.108718156814575,5038
noB,2027,TAV,0.3,random,5027,V,reconstructed,0.8730252981185913,3.326544761657715,3.3785884380340576,4712
noB,2027,TAV,0.3,random,5027,V,observed_mean,0.1842440217733383,3.326544761657715,2.9852235317230225,4712
noB,2027,TAV,0.3,random,5028,T,reconstructed,0.337233692407608,14.376006126403809,9.536361694335938,5030
noB,2027,TAV,0.3,random,5028,T,observed_mean,0.1034724488854408,14.376006126403809,13.976441383361816,5030
noB,2027,TAV,0.3,random,5028,A,reconstructed,0.919541835784912,3.08455753326416,1.8492906093597408,5030
noB,2027,TAV,0.3,random,5028,A,observed_mean,0.4816049039363861,3.08455753326416,2.092490673065185,5030
noB,2027,TAV,0.3,random,5028,V,reconstructed,0.8681068420410156,3.356587171554565,3.379520893096924,4710
noB,2027,TAV,0.3,random,5028,V,observed_mean,0.1786271184682846,3.356587171554565,2.969984531402588,4710
noB,2028,T,0.1,random,5026,T,reconstructed,0.5439512729644775,12.9270601272583,8.365962982177734,1711
noB,2028,T,0.1,random,5026,T,observed_mean,0.0602615699172019,12.9270601272583,12.546323776245115,1711
noB,2028,T,0.1,random,5027,T,reconstructed,0.543566107749939,12.90396499633789,8.367542266845703,1711
noB,2028,T,0.1,random,5027,T,observed_mean,0.0669293478131294,12.90396499633789,12.495171546936035,1711
noB,2028,T,0.1,random,5028,T,reconstructed,0.5441482067108154,12.922616958618164,8.363691329956055,1711
noB,2028,T,0.1,random,5028,T,observed_mean,0.0684396848082542,12.922616958618164,12.46654224395752,1711
noB,2028,T,0.2,random,5026,T,reconstructed,0.5478217005729675,12.88454532623291,8.34715747833252,3400
noB,2028,T,0.2,random,5026,T,observed_mean,0.0770855918526649,12.88454532623291,12.503042221069336,3400
noB,2028,T,0.2,random,5027,T,reconstructed,0.5460655093193054,12.868160247802734,8.357304573059082,3400
noB,2028,T,0.2,random,5027,T,observed_mean,0.0783614665269851,12.868160247802734,12.48210620880127,3400
noB,2028,T,0.2,random,5028,T,reconstructed,0.5465120673179626,12.894248962402344,8.34832763671875,3400
noB,2028,T,0.2,random,5028,T,observed_mean,0.0818808376789093,12.894248962402344,12.470036506652832,3400
noB,2028,T,0.3,start,5026,T,reconstructed,0.5461012125015259,13.189375877380373,8.207292556762695,5039
noB,2028,T,0.3,start,5026,T,observed_mean,0.0904242470860481,13.189375877380373,12.309995651245115,5039
noB,2028,T,0.3,middle,5026,T,reconstructed,0.5485173463821411,12.806035995483398,8.30453109741211,5039
noB,2028,T,0.3,middle,5026,T,observed_mean,0.0885540023446083,12.806035995483398,12.471799850463867,5039
noB,2028,T,0.3,end,5026,T,reconstructed,0.559005618095398,12.873519897460938,8.27778148651123,5039
noB,2028,T,0.3,end,5026,T,observed_mean,0.1057596802711486,12.873519897460938,11.902607917785645,5039
noB,2028,T,0.3,random,5026,T,reconstructed,0.5503138899803162,12.884529113769531,8.295378684997559,5039
noB,2028,T,0.3,random,5026,T,observed_mean,0.0925019234418869,12.884529113769531,12.464119911193848,5039
noB,2028,T,0.3,random,5027,T,reconstructed,0.5490814447402954,12.849077224731444,8.301748275756836,5039
noB,2028,T,0.3,random,5027,T,observed_mean,0.0916320085525512,12.849077224731444,12.43373680114746,5039
noB,2028,T,0.3,random,5028,T,reconstructed,0.5494346618652344,12.864948272705078,8.295576095581055,5039
noB,2028,T,0.3,random,5028,T,observed_mean,0.0952054932713508,12.864948272705078,12.462604522705078,5039
noB,2028,T,0.4,random,5026,T,reconstructed,0.5547642111778259,12.87719440460205,8.232653617858887,6740
noB,2028,T,0.4,random,5026,T,observed_mean,0.1101127713918685,12.87719440460205,12.362004280090332,6740
noB,2028,T,0.4,random,5027,T,reconstructed,0.5543417930603027,12.84109592437744,8.216351509094238,6740
noB,2028,T,0.4,random,5027,T,observed_mean,0.1123513951897621,12.84109592437744,12.36453628540039,6740
noB,2028,T,0.4,random,5028,T,reconstructed,0.5533177852630615,12.851469993591309,8.21768856048584,6740
noB,2028,T,0.4,random,5028,T,observed_mean,0.1114378720521926,12.851469993591309,12.44457721710205,6740
noB,2028,T,0.5,random,5026,T,reconstructed,0.5596140027046204,12.880093574523926,8.104188919067383,8415
noB,2028,T,0.5,random,5026,T,observed_mean,0.1294324249029159,12.880093574523926,12.252208709716797,8415
noB,2028,T,0.5,random,5027,T,reconstructed,0.5588306188583374,12.84453010559082,8.096388816833496,8415
noB,2028,T,0.5,random,5027,T,observed_mean,0.132800355553627,12.84453010559082,12.249756813049316,8415
noB,2028,T,0.5,random,5028,T,reconstructed,0.5591679811477661,12.851179122924805,8.10785961151123,8415
noB,2028,T,0.5,random,5028,T,observed_mean,0.1311933994293213,12.851179122924805,12.345876693725586,8415
noB,2028,A,0.1,random,5026,A,reconstructed,0.9252461791038512,3.0644400119781494,1.9100860357284544,1711
noB,2028,A,0.1,random,5026,A,observed_mean,0.4382429420948028,3.0644400119781494,2.03563928604126,1711
noB,2028,A,0.1,random,5027,A,reconstructed,0.9242945909500122,3.0671420097351074,1.9095985889434812,1711
noB,2028,A,0.1,random,5027,A,observed_mean,0.4399440586566925,3.0671420097351074,2.03748631477356,1711
noB,2028,A,0.1,random,5028,A,reconstructed,0.9178005456924438,3.014322519302368,1.911158800125122,1711
noB,2028,A,0.1,random,5028,A,observed_mean,0.4320670962333679,3.014322519302368,2.038809537887573,1711
noB,2028,A,0.2,random,5026,A,reconstructed,0.9243652820587158,3.0445668697357178,1.9106745719909668,3400
noB,2028,A,0.2,random,5026,A,observed_mean,0.4680847227573395,3.0445668697357178,2.040778160095215,3400
noB,2028,A,0.2,random,5027,A,reconstructed,0.9242796301841736,3.0408473014831543,1.9107840061187744,3400
noB,2028,A,0.2,random,5027,A,observed_mean,0.4730012714862823,3.0408473014831543,2.043602705001831,3400
noB,2028,A,0.2,random,5028,A,reconstructed,0.9180589318275452,3.0591073036193848,1.9107540845870967,3400
noB,2028,A,0.2,random,5028,A,observed_mean,0.4619238674640655,3.0591073036193848,2.03254771232605,3400
noB,2028,A,0.3,start,5026,A,reconstructed,0.9198253750801086,3.0779783725738525,1.909218668937683,5039
noB,2028,A,0.3,start,5026,A,observed_mean,0.5172675251960754,3.0779783725738525,2.095184564590454,5039
noB,2028,A,0.3,middle,5026,A,reconstructed,0.9197992086410522,3.0458321571350098,1.910650491714477,5039
noB,2028,A,0.3,middle,5026,A,observed_mean,0.4621767699718475,3.0458321571350098,2.0565664768218994,5039
noB,2028,A,0.3,end,5026,A,reconstructed,0.9241953492164612,3.0478355884552,1.9072993993759155,5039
noB,2028,A,0.3,end,5026,A,observed_mean,0.5530645251274109,3.0478355884552,2.1243252754211426,5039
noB,2028,A,0.3,random,5026,A,reconstructed,0.9235654473304749,3.035447597503662,1.9104256629943848,5039
noB,2028,A,0.3,random,5026,A,observed_mean,0.4901773929595947,3.035447597503662,2.0857627391815186,5039
noB,2028,A,0.3,random,5027,A,reconstructed,0.9230231642723083,3.0341739654541016,1.9103517532348635,5039
noB,2028,A,0.3,random,5027,A,observed_mean,0.4927232265472412,3.0341739654541016,2.085021495819092,5039
noB,2028,A,0.3,random,5028,A,reconstructed,0.919654130935669,3.061607837677002,1.9100168943405151,5039
noB,2028,A,0.3,random,5028,A,observed_mean,0.4846479296684265,3.061607837677002,2.0709095001220703,5039
noB,2028,A,0.4,random,5026,A,reconstructed,0.9221180081367492,3.028010845184326,1.910773038864136,6740
noB,2028,A,0.4,random,5026,A,observed_mean,0.5068399310112,3.028010845184326,2.122920513153076,6740
noB,2028,A,0.4,random,5027,A,reconstructed,0.9213926792144777,3.0325229167938232,1.9104894399642944,6740
noB,2028,A,0.4,random,5027,A,observed_mean,0.5066178441047668,3.0325229167938232,2.1215317249298096,6740
noB,2028,A,0.4,random,5028,A,reconstructed,0.9190927147865297,3.062969207763672,1.9100216627120967,6740
noB,2028,A,0.4,random,5028,A,observed_mean,0.5023880004882812,3.062969207763672,2.099160671234131,6740
noB,2028,A,0.5,random,5026,A,reconstructed,0.920630156993866,3.0303986072540283,1.9103429317474363,8415
noB,2028,A,0.5,random,5026,A,observed_mean,0.5205658674240112,3.0303986072540283,2.1685609817504883,8415
noB,2028,A,0.5,random,5027,A,reconstructed,0.9200332760810852,3.0530714988708496,1.9098279476165767,8415
noB,2028,A,0.5,random,5027,A,observed_mean,0.5195619463920593,3.0530714988708496,2.153573513031006,8415
noB,2028,A,0.5,random,5028,A,reconstructed,0.9195837378501892,3.0545849800109863,1.9093396663665767,8415
noB,2028,A,0.5,random,5028,A,observed_mean,0.5204170346260071,3.0545849800109863,2.1440885066986084,8415
noB,2028,V,0.1,random,5026,V,reconstructed,0.8565447926521301,3.3888943195343018,2.208174467086792,1604
noB,2028,V,0.1,random,5026,V,observed_mean,0.1570676416158676,3.3888943195343018,2.9321749210357666,1604
noB,2028,V,0.1,random,5027,V,reconstructed,0.85784512758255,3.292563438415528,2.207631826400757,1595
noB,2028,V,0.1,random,5027,V,observed_mean,0.1562638282775879,3.292563438415528,2.956138610839844,1595
noB,2028,V,0.1,random,5028,V,reconstructed,0.8564267158508301,3.368053674697876,2.210861921310425,1588
noB,2028,V,0.1,random,5028,V,observed_mean,0.1526450365781784,3.368053674697876,2.947335958480835,1588
noB,2028,V,0.2,random,5026,V,reconstructed,0.8560322523117065,3.383760690689087,2.214817762374878,3194
noB,2028,V,0.2,random,5026,V,observed_mean,0.1710573732852935,3.383760690689087,2.942674160003662,3194
noB,2028,V,0.2,random,5027,V,reconstructed,0.8576223254203796,3.3085525035858154,2.2145562171936035,3180
noB,2028,V,0.2,random,5027,V,observed_mean,0.1713374555110931,3.3085525035858154,2.96134614944458,3180
noB,2028,V,0.2,random,5028,V,reconstructed,0.8548095226287842,3.367216825485229,2.215331792831421,3176
noB,2028,V,0.2,random,5028,V,observed_mean,0.1692477017641067,3.367216825485229,2.9506053924560547,3176
noB,2028,V,0.3,start,5026,V,reconstructed,0.8572000861167908,3.3157761096954346,2.2127773761749268,4768
noB,2028,V,0.3,start,5026,V,observed_mean,0.2120792418718338,3.3157761096954346,2.984502077102661,4768
noB,2028,V,0.3,middle,5026,V,reconstructed,0.8556057214736938,3.3075428009033203,2.217449426651001,4759
noB,2028,V,0.3,middle,5026,V,observed_mean,0.1607333421707153,3.3075428009033203,2.966026306152344,4759
noB,2028,V,0.3,end,5026,V,reconstructed,0.8610037565231323,3.43531346321106,2.2125561237335205,4663
noB,2028,V,0.3,end,5026,V,observed_mean,0.2280544340610504,3.43531346321106,2.9887077808380127,4663
noB,2028,V,0.3,random,5026,V,reconstructed,0.8559914231300354,3.3774633407592773,2.2186341285705566,4743
noB,2028,V,0.3,random,5026,V,observed_mean,0.1817270070314407,3.3774633407592773,2.95387864112854,4743
noB,2028,V,0.3,random,5027,V,reconstructed,0.8564648032188416,3.3168673515319824,2.217963933944702,4712
noB,2028,V,0.3,random,5027,V,observed_mean,0.1832383871078491,3.3168673515319824,2.976426362991333,4712
noB,2028,V,0.3,random,5028,V,reconstructed,0.8550987839698792,3.3455822467803955,2.2182095050811768,4710
noB,2028,V,0.3,random,5028,V,observed_mean,0.1777835190296173,3.3455822467803955,2.9619174003601074,4710
noB,2028,V,0.4,random,5026,V,reconstructed,0.8554334044456482,3.3575563430786133,2.2228400707244877,6357
noB,2028,V,0.4,random,5026,V,observed_mean,0.1920666843652725,3.3575563430786133,2.975637912750244,6357
noB,2028,V,0.4,random,5027,V,reconstructed,0.855258047580719,3.317189931869507,2.2224905490875244,6308
noB,2028,V,0.4,random,5027,V,observed_mean,0.1943486183881759,3.317189931869507,2.9980580806732178,6308
noB,2028,V,0.4,random,5028,V,reconstructed,0.8547573685646057,3.347346305847168,2.2234649658203125,6306
noB,2028,V,0.4,random,5028,V,observed_mean,0.1900763064622879,3.347346305847168,2.9800827503204346,6306
noB,2028,V,0.5,random,5026,V,reconstructed,0.8551836013793945,3.338477849960327,2.225615739822388,7939
noB,2028,V,0.5,random,5026,V,observed_mean,0.201497346162796,3.338477849960327,3.008674383163452,7939
noB,2028,V,0.5,random,5027,V,reconstructed,0.8551197648048401,3.318081378936768,2.225423574447632,7888
noB,2028,V,0.5,random,5027,V,observed_mean,0.2029374092817306,3.318081378936768,3.021746158599853,7888
noB,2028,V,0.5,random,5028,V,reconstructed,0.8549715280532837,3.3328094482421875,2.225749969482422,7893
noB,2028,V,0.5,random,5028,V,observed_mean,0.2007718682289123,3.3328094482421875,3.0140581130981445,7893
noB,2028,TA,0.3,start,5026,T,reconstructed,0.5455265045166016,13.189375877380373,8.19560432434082,5039
noB,2028,TA,0.3,start,5026,T,observed_mean,0.0904242470860481,13.189375877380373,12.309995651245115,5039
noB,2028,TA,0.3,start,5026,A,reconstructed,0.9206676483154296,3.0779783725738525,1.9051443338394165,5039
noB,2028,TA,0.3,start,5026,A,observed_mean,0.5172675251960754,3.0779783725738525,2.095184564590454,5039
noB,2028,TA,0.3,middle,5026,T,reconstructed,0.5479190349578857,12.806035995483398,8.303821563720703,5039
noB,2028,TA,0.3,middle,5026,T,observed_mean,0.0885540023446083,12.806035995483398,12.471799850463867,5039
noB,2028,TA,0.3,middle,5026,A,reconstructed,0.9209004640579224,3.0458321571350098,1.9061663150787356,5039
noB,2028,TA,0.3,middle,5026,A,observed_mean,0.4621767699718475,3.0458321571350098,2.0565664768218994,5039
noB,2028,TA,0.3,end,5026,T,reconstructed,0.5582576990127563,12.873519897460938,8.277481079101562,5039
noB,2028,TA,0.3,end,5026,T,observed_mean,0.1057596802711486,12.873519897460938,11.902607917785645,5039
noB,2028,TA,0.3,end,5026,A,reconstructed,0.9293037056922911,3.0478355884552,1.893991470336914,5039
noB,2028,TA,0.3,end,5026,A,observed_mean,0.5530645251274109,3.0478355884552,2.1243252754211426,5039
noB,2028,TA,0.3,random,5026,T,reconstructed,0.5496649742126465,12.884529113769531,8.292283058166504,5039
noB,2028,TA,0.3,random,5026,T,observed_mean,0.0925019234418869,12.884529113769531,12.464119911193848,5039
noB,2028,TA,0.3,random,5026,A,reconstructed,0.9262741804122924,3.035447597503662,1.9132894277572632,5039
noB,2028,TA,0.3,random,5026,A,observed_mean,0.4901773929595947,3.035447597503662,2.0857627391815186,5039
noB,2028,TA,0.3,random,5027,T,reconstructed,0.5485740303993225,12.849077224731444,8.293697357177734,5039
noB,2028,TA,0.3,random,5027,T,observed_mean,0.0916320085525512,12.849077224731444,12.43373680114746,5039
noB,2028,TA,0.3,random,5027,A,reconstructed,0.9261170029640198,3.0341739654541016,1.9068012237548828,5039
noB,2028,TA,0.3,random,5027,A,observed_mean,0.4927232265472412,3.0341739654541016,2.085021495819092,5039
noB,2028,TA,0.3,random,5028,T,reconstructed,0.5488457679748535,12.864948272705078,8.293951988220215,5039
noB,2028,TA,0.3,random,5028,T,observed_mean,0.0952054932713508,12.864948272705078,12.462604522705078,5039
noB,2028,TA,0.3,random,5028,A,reconstructed,0.9224462509155272,3.061607837677002,1.9132665395736692,5039
noB,2028,TA,0.3,random,5028,A,observed_mean,0.4846479296684265,3.061607837677002,2.0709095001220703,5039
noB,2028,TV,0.3,start,5026,T,reconstructed,0.5445194244384766,13.19191551208496,8.262765884399414,5035
noB,2028,TV,0.3,start,5026,T,observed_mean,0.0904363319277763,13.19191551208496,12.311944961547852,5035
noB,2028,TV,0.3,start,5026,V,reconstructed,0.860210657119751,3.3157761096954346,2.1927313804626465,4768
noB,2028,TV,0.3,start,5026,V,observed_mean,0.2120792418718338,3.3157761096954346,2.984502077102661,4768
noB,2028,TV,0.3,middle,5026,T,reconstructed,0.5469877123832703,12.809015274047852,8.366368293762207,5036
noB,2028,TV,0.3,middle,5026,T,observed_mean,0.0885208398103714,12.809015274047852,12.47377586364746,5036
noB,2028,TV,0.3,middle,5026,V,reconstructed,0.8598915934562683,3.3075428009033203,2.211403608322144,4759
noB,2028,TV,0.3,middle,5026,V,observed_mean,0.1607333421707153,3.3075428009033203,2.966026306152344,4759
noB,2028,TV,0.3,end,5026,T,reconstructed,0.55726557970047,12.8782320022583,8.332498550415039,5030
noB,2028,TV,0.3,end,5026,T,observed_mean,0.1058038249611854,12.8782320022583,11.90572738647461,5030
noB,2028,TV,0.3,end,5026,V,reconstructed,0.8659223318099976,3.43531346321106,2.2103912830352783,4663
noB,2028,TV,0.3,end,5026,V,observed_mean,0.2280544340610504,3.43531346321106,2.9887077808380127,4663
noB,2028,TV,0.3,random,5026,T,reconstructed,0.5487256646156311,12.884529113769531,8.35816764831543,5039
noB,2028,TV,0.3,random,5026,T,observed_mean,0.0925019234418869,12.884529113769531,12.464119911193848,5039
noB,2028,TV,0.3,random,5026,V,reconstructed,0.8610343933105469,3.3774633407592773,2.2266669273376465,4743
noB,2028,TV,0.3,random,5026,V,observed_mean,0.1817270070314407,3.3774633407592773,2.95387864112854,4743
noB,2028,TV,0.3,random,5027,T,reconstructed,0.5475344061851501,12.850104331970217,8.363685607910156,5038
noB,2028,TV,0.3,random,5027,T,observed_mean,0.0916314125061035,12.850104331970217,12.434788703918455,5038
noB,2028,TV,0.3,random,5027,V,reconstructed,0.8594005703926086,3.3168673515319824,2.217038154602051,4712
noB,2028,TV,0.3,random,5027,V,observed_mean,0.1832383871078491,3.3168673515319824,2.976426362991333,4712
noB,2028,TV,0.3,random,5028,T,reconstructed,0.5478156208992004,12.871112823486328,8.356521606445312,5030
noB,2028,TV,0.3,random,5028,T,observed_mean,0.0951049104332923,12.871112823486328,12.467551231384276,5030
noB,2028,TV,0.3,random,5028,V,reconstructed,0.8604228496551514,3.3455822467803955,2.2179629802703857,4710
noB,2028,TV,0.3,random,5028,V,observed_mean,0.1777835190296173,3.3455822467803955,2.9619174003601074,4710
noB,2028,AV,0.3,start,5026,A,reconstructed,0.9190008640289308,3.0782952308654785,1.9153845310211184,5035
noB,2028,AV,0.3,start,5026,A,observed_mean,0.5172073841094971,3.0782952308654785,2.0950675010681152,5035
noB,2028,AV,0.3,start,5026,V,reconstructed,0.8564704656600952,3.3157761096954346,2.2145566940307617,4768
noB,2028,AV,0.3,start,5026,V,observed_mean,0.2120792418718338,3.3157761096954346,2.984502077102661,4768
noB,2028,AV,0.3,middle,5026,A,reconstructed,0.9193916916847228,3.0452799797058105,1.9170001745224,5036
noB,2028,AV,0.3,middle,5026,A,observed_mean,0.4623523652553558,3.0452799797058105,2.055497407913208,5036
noB,2028,AV,0.3,middle,5026,V,reconstructed,0.8551305532455444,3.3075428009033203,2.217828750610352,4759
noB,2028,AV,0.3,middle,5026,V,observed_mean,0.1607333421707153,3.3075428009033203,2.966026306152344,4759
noB,2028,AV,0.3,end,5026,A,reconstructed,0.9235635995864868,3.047947406768799,1.9149019718170168,5030
noB,2028,AV,0.3,end,5026,A,observed_mean,0.5531197786331177,3.047947406768799,2.1230931282043457,5030
noB,2028,AV,0.3,end,5026,V,reconstructed,0.8602200746536255,3.43531346321106,2.2144153118133545,4663
noB,2028,AV,0.3,end,5026,V,observed_mean,0.2280544340610504,3.43531346321106,2.9887077808380127,4663
noB,2028,AV,0.3,random,5026,A,reconstructed,0.9232540130615234,3.035447597503662,1.9170845746994016,5039
noB,2028,AV,0.3,random,5026,A,observed_mean,0.4901773929595947,3.035447597503662,2.0857627391815186,5039
noB,2028,AV,0.3,random,5026,V,reconstructed,0.8551139831542969,3.3774633407592773,2.219259738922119,4743
noB,2028,AV,0.3,random,5026,V,observed_mean,0.1817270070314407,3.3774633407592773,2.95387864112854,4743
noB,2028,AV,0.3,random,5027,A,reconstructed,0.9224512577056884,3.03394627571106,1.9165174961090088,5038
noB,2028,AV,0.3,random,5027,A,observed_mean,0.4927906692028045,3.03394627571106,2.084697723388672,5038
noB,2028,AV,0.3,random,5027,V,reconstructed,0.8555435538291931,3.3168673515319824,2.218942880630493,4712
noB,2028,AV,0.3,random,5027,V,observed_mean,0.1832383871078491,3.3168673515319824,2.976426362991333,4712
noB,2028,AV,0.3,random,5028,A,reconstructed,0.918975591659546,3.06139874458313,1.9163025617599487,5030
noB,2028,AV,0.3,random,5028,A,observed_mean,0.4848221242427826,3.06139874458313,2.069108009338379,5030
noB,2028,AV,0.3,random,5028,V,reconstructed,0.8546717762947083,3.3455822467803955,2.219348907470703,4710
noB,2028,AV,0.3,random,5028,V,observed_mean,0.1777835190296173,3.3455822467803955,2.9619174003601074,4710
noB,2028,TAV,0.3,start,5026,T,reconstructed,0.5439218282699585,13.19191551208496,8.252874374389648,5035
noB,2028,TAV,0.3,start,5026,T,observed_mean,0.0904363319277763,13.19191551208496,12.311944961547852,5035
noB,2028,TAV,0.3,start,5026,A,reconstructed,0.9201405644416808,3.0782952308654785,1.915320873260498,5035
noB,2028,TAV,0.3,start,5026,A,observed_mean,0.5172073841094971,3.0782952308654785,2.0950675010681152,5035
noB,2028,TAV,0.3,start,5026,V,reconstructed,0.8591519594192505,3.3157761096954346,2.1948671340942383,4768
noB,2028,TAV,0.3,start,5026,V,observed_mean,0.2120792418718338,3.3157761096954346,2.984502077102661,4768
noB,2028,TAV,0.3,middle,5026,T,reconstructed,0.5463792085647583,12.809015274047852,8.368030548095703,5036
noB,2028,TAV,0.3,middle,5026,T,observed_mean,0.0885208398103714,12.809015274047852,12.47377586364746,5036
noB,2028,TAV,0.3,middle,5026,A,reconstructed,0.9208170771598816,3.0452799797058105,1.916003942489624,5036
noB,2028,TAV,0.3,middle,5026,A,observed_mean,0.4623523652553558,3.0452799797058105,2.055497407913208,5036
noB,2028,TAV,0.3,middle,5026,V,reconstructed,0.8593668937683105,3.3075428009033203,2.2124385833740234,4759
noB,2028,TAV,0.3,middle,5026,V,observed_mean,0.1607333421707153,3.3075428009033203,2.966026306152344,4759
noB,2028,TAV,0.3,end,5026,T,reconstructed,0.5565003752708435,12.8782320022583,8.33311653137207,5030
noB,2028,TAV,0.3,end,5026,T,observed_mean,0.1058038249611854,12.8782320022583,11.90572738647461,5030
noB,2028,TAV,0.3,end,5026,A,reconstructed,0.9291419386863708,3.047947406768799,1.9057605266571045,5030
noB,2028,TAV,0.3,end,5026,A,observed_mean,0.5531197786331177,3.047947406768799,2.1230931282043457,5030
noB,2028,TAV,0.3,end,5026,V,reconstructed,0.8648303747177124,3.43531346321106,2.2126734256744385,4663
noB,2028,TAV,0.3,end,5026,V,observed_mean,0.2280544340610504,3.43531346321106,2.9887077808380127,4663
noB,2028,TAV,0.3,random,5026,T,reconstructed,0.5480629801750183,12.884529113769531,8.3575439453125,5039
noB,2028,TAV,0.3,random,5026,T,observed_mean,0.0925019234418869,12.884529113769531,12.464119911193848,5039
noB,2028,TAV,0.3,random,5026,A,reconstructed,0.926365852355957,3.035447597503662,1.9235416650772093,5039
noB,2028,TAV,0.3,random,5026,A,observed_mean,0.4901773929595947,3.035447597503662,2.0857627391815186,5039
noB,2028,TAV,0.3,random,5026,V,reconstructed,0.86006760597229,3.3774633407592773,2.228783369064331,4743
noB,2028,TAV,0.3,random,5026,V,observed_mean,0.1817270070314407,3.3774633407592773,2.95387864112854,4743
noB,2028,TAV,0.3,random,5027,T,reconstructed,0.5470173954963684,12.850104331970217,8.357460021972656,5038
noB,2028,TAV,0.3,random,5027,T,observed_mean,0.0916314125061035,12.850104331970217,12.434788703918455,5038
noB,2028,TAV,0.3,random,5027,A,reconstructed,0.9259637594223022,3.03394627571106,1.9169135093688965,5038
noB,2028,TAV,0.3,random,5027,A,observed_mean,0.4927906692028045,3.03394627571106,2.084697723388672,5038
noB,2028,TAV,0.3,random,5027,V,reconstructed,0.8581602573394775,3.3168673515319824,2.218107223510742,4712
noB,2028,TAV,0.3,random,5027,V,observed_mean,0.1832383871078491,3.3168673515319824,2.976426362991333,4712
noB,2028,TAV,0.3,random,5028,T,reconstructed,0.5472108125686646,12.871112823486328,8.356825828552246,5030
noB,2028,TAV,0.3,random,5028,T,observed_mean,0.0951049104332923,12.871112823486328,12.467551231384276,5030
noB,2028,TAV,0.3,random,5028,A,reconstructed,0.9221590161323548,3.06139874458313,1.922919511795044,5030
noB,2028,TAV,0.3,random,5028,A,observed_mean,0.4848221242427826,3.06139874458313,2.069108009338379,5030
noB,2028,TAV,0.3,random,5028,V,reconstructed,0.8599326014518738,3.3455822467803955,2.2198987007141118,4710
noB,2028,TAV,0.3,random,5028,V,observed_mean,0.1777835190296173,3.3455822467803955,2.9619174003601074,4710
noB,2029,T,0.1,random,5026,T,reconstructed,0.3276245892047882,12.327045440673828,6.9375410079956055,1711
noB,2029,T,0.1,random,5026,T,observed_mean,0.0809780433773994,12.327045440673828,11.84871768951416,1711
noB,2029,T,0.1,random,5027,T,reconstructed,0.3303772807121277,12.26677131652832,6.90316104888916,1711
noB,2029,T,0.1,random,5027,T,observed_mean,0.0879617184400558,12.26677131652832,11.793033599853516,1711
noB,2029,T,0.1,random,5028,T,reconstructed,0.3350308239459991,12.240388870239258,6.903261184692383,1711
noB,2029,T,0.1,random,5028,T,observed_mean,0.0931610763072967,12.240388870239258,11.786666870117188,1711
noB,2029,T,0.2,random,5026,T,reconstructed,0.3385318219661712,12.269576072692873,6.898413181304932,3400
noB,2029,T,0.2,random,5026,T,observed_mean,0.1024157181382179,12.269576072692873,11.803685188293455,3400
noB,2029,T,0.2,random,5027,T,reconstructed,0.3377325534820556,12.230356216430664,6.869822978973389,3400
noB,2029,T,0.2,random,5027,T,observed_mean,0.1043632626533508,12.230356216430664,11.759808540344238,3400
noB,2029,T,0.2,random,5028,T,reconstructed,0.3432100117206573,12.219650268554688,6.872819423675537,3400
noB,2029,T,0.2,random,5028,T,observed_mean,0.1106023713946342,12.219650268554688,11.807008743286133,3400
noB,2029,T,0.3,start,5026,T,reconstructed,0.3466972410678863,12.439817428588867,6.79388427734375,5039
noB,2029,T,0.3,start,5026,T,observed_mean,0.1162725314497947,12.439817428588867,11.73017120361328,5039
noB,2029,T,0.3,middle,5026,T,reconstructed,0.3419879674911499,12.169849395751951,6.789307594299316,5039
noB,2029,T,0.3,middle,5026,T,observed_mean,0.1131809130311012,12.169849395751951,11.72293186187744,5039
noB,2029,T,0.3,end,5026,T,reconstructed,0.3606443405151367,12.332159042358398,6.76453971862793,5039
noB,2029,T,0.3,end,5026,T,observed_mean,0.1347853392362594,12.332159042358398,11.255779266357422,5039
noB,2029,T,0.3,random,5026,T,reconstructed,0.3449958860874176,12.25710105895996,6.819514751434326,5039
noB,2029,T,0.3,random,5026,T,observed_mean,0.1188747808337211,12.25710105895996,11.751419067382812,5039
noB,2029,T,0.3,random,5027,T,reconstructed,0.3495840430259704,12.197317123413086,6.7957611083984375,5039
noB,2029,T,0.3,random,5027,T,observed_mean,0.1218591332435607,12.197317123413086,11.712215423583984,5039
noB,2029,T,0.3,random,5028,T,reconstructed,0.3498522341251373,12.207135200500488,6.8413190841674805,5039
noB,2029,T,0.3,random,5028,T,observed_mean,0.1259191632270813,12.207135200500488,11.827973365783691,5039
noB,2029,T,0.4,random,5026,T,reconstructed,0.3549806475639343,12.246163368225098,6.731237888336182,6740
noB,2029,T,0.4,random,5026,T,observed_mean,0.1403376311063766,12.246163368225098,11.665850639343262,6740
noB,2029,T,0.4,random,5027,T,reconstructed,0.3585233986377716,12.192191123962402,6.746045112609863,6740
noB,2029,T,0.4,random,5027,T,observed_mean,0.1463847011327743,12.192191123962402,11.74575138092041,6740
noB,2029,T,0.4,random,5028,T,reconstructed,0.3594375252723694,12.204636573791504,6.741596698760986,6740
noB,2029,T,0.4,random,5028,T,observed_mean,0.14436936378479,12.204636573791504,11.803288459777832,6740
noB,2029,T,0.5,random,5026,T,reconstructed,0.3657369911670685,12.246386528015137,6.589364528656006,8415
noB,2029,T,0.5,random,5026,T,observed_mean,0.1627342253923416,12.246386528015137,11.546497344970703,8415
noB,2029,T,0.5,random,5027,T,reconstructed,0.3710107803344726,12.210229873657228,6.599300861358643,8415
noB,2029,T,0.5,random,5027,T,observed_mean,0.1689749956130981,12.210229873657228,11.630998611450195,8415
noB,2029,T,0.5,random,5028,T,reconstructed,0.3718398511409759,12.20580768585205,6.633717060089111,8415
noB,2029,T,0.5,random,5028,T,observed_mean,0.1676918864250183,12.20580768585205,11.72751808166504,8415
noB,2029,A,0.1,random,5026,A,reconstructed,0.9131750464439392,3.078798532485962,1.818767786026001,1711
noB,2029,A,0.1,random,5026,A,observed_mean,0.4368933439254761,3.078798532485962,2.049485445022583,1711
noB,2029,A,0.1,random,5027,A,reconstructed,0.9138310551643372,3.081592798233032,1.818822741508484,1711
noB,2029,A,0.1,random,5027,A,observed_mean,0.4391812682151794,3.081592798233032,2.051476240158081,1711
noB,2029,A,0.1,random,5028,A,reconstructed,0.9144082069396972,3.028894424438477,1.8189194202423096,1711
noB,2029,A,0.1,random,5028,A,observed_mean,0.4312224686145782,3.028894424438477,2.052760362625122,1711
noB,2029,A,0.2,random,5026,A,reconstructed,0.9147839546203612,3.059609889984131,1.823014616966248,3400
noB,2029,A,0.2,random,5026,A,observed_mean,0.4667880535125732,3.059609889984131,2.054725885391236,3400
noB,2029,A,0.2,random,5027,A,reconstructed,0.9141563773155212,3.0547220706939697,1.8226021528244016,3400
noB,2029,A,0.2,random,5027,A,observed_mean,0.4722896516323089,3.0547220706939697,2.058138132095337,3400
noB,2029,A,0.2,random,5028,A,reconstructed,0.9120928049087524,3.0738556385040283,1.823140263557434,3400
noB,2029,A,0.2,random,5028,A,observed_mean,0.4608469605445862,3.0738556385040283,2.0466222763061523,3400
noB,2029,A,0.3,start,5026,A,reconstructed,0.9172057509422302,3.091868162155152,1.829445600509644,5039
noB,2029,A,0.3,start,5026,A,observed_mean,0.5161778330802917,3.091868162155152,2.1099066734313965,5039
noB,2029,A,0.3,middle,5026,A,reconstructed,0.9125226736068726,3.060673952102661,1.8240787982940676,5039
noB,2029,A,0.3,middle,5026,A,observed_mean,0.4611018300056457,3.060673952102661,2.0709710121154785,5039
noB,2029,A,0.3,end,5026,A,reconstructed,0.9194541573524476,3.065502643585205,1.8213435411453247,5039
noB,2029,A,0.3,end,5026,A,observed_mean,0.5519660711288452,3.065502643585205,2.1380536556243896,5039
noB,2029,A,0.3,random,5026,A,reconstructed,0.9132881760597228,3.050644397735596,1.825112581253052,5039
noB,2029,A,0.3,random,5026,A,observed_mean,0.4889288246631622,3.050644397735596,2.0998926162719727,5039
noB,2029,A,0.3,random,5027,A,reconstructed,0.9144975543022156,3.0481598377227783,1.824194312095642,5039
noB,2029,A,0.3,random,5027,A,observed_mean,0.4919022619724273,3.0481598377227783,2.1000263690948486,5039
noB,2029,A,0.3,random,5028,A,reconstructed,0.9129984378814696,3.076683759689331,1.8253929615020752,5039
noB,2029,A,0.3,random,5028,A,observed_mean,0.483396977186203,3.076683759689331,2.085060834884644,5039
noB,2029,A,0.4,random,5026,A,reconstructed,0.9134387373924256,3.043394088745117,1.82777202129364,6740
noB,2029,A,0.4,random,5026,A,observed_mean,0.5056097507476807,3.043394088745117,2.137081384658813,6740
noB,2029,A,0.4,random,5027,A,reconstructed,0.9146815538406372,3.0466251373291016,1.8263695240020752,6740
noB,2029,A,0.4,random,5027,A,observed_mean,0.5056508183479309,3.0466251373291016,2.136784553527832,6740
noB,2029,A,0.4,random,5028,A,reconstructed,0.9146846532821656,3.078420877456665,1.827646255493164,6740
noB,2029,A,0.4,random,5028,A,observed_mean,0.5011569261550903,3.078420877456665,2.1132009029388428,6740
noB,2029,A,0.5,random,5026,A,reconstructed,0.9135037660598756,3.045583486557007,1.829465627670288,8415
noB,2029,A,0.5,random,5026,A,observed_mean,0.5194596648216248,3.045583486557007,2.1829428672790527,8415
noB,2029,A,0.5,random,5027,A,reconstructed,0.9137396812438964,3.067346811294556,1.8282312154769895,8415
noB,2029,A,0.5,random,5027,A,observed_mean,0.5184558033943176,3.067346811294556,2.168861150741577,8415
noB,2029,A,0.5,random,5028,A,reconstructed,0.914199948310852,3.0696520805358887,1.829602122306824,8415
noB,2029,A,0.5,random,5028,A,observed_mean,0.5191941857337952,3.0696520805358887,2.158292293548584,8415
noB,2029,V,0.1,random,5026,V,reconstructed,0.859201192855835,3.386537313461304,2.19341254234314,1604
noB,2029,V,0.1,random,5026,V,observed_mean,0.1574254781007766,3.386537313461304,2.9288954734802246,1604
noB,2029,V,0.1,random,5027,V,reconstructed,0.8690419793128967,3.288423538208008,2.192412614822388,1595
noB,2029,V,0.1,random,5027,V,observed_mean,0.1566098481416702,3.288423538208008,2.9531586170196533,1595
noB,2029,V,0.1,random,5028,V,reconstructed,0.8610925674438477,3.3645617961883545,2.1947906017303467,1588
noB,2029,V,0.1,random,5028,V,observed_mean,0.1529727280139923,3.3645617961883545,2.9444239139556885,1588
noB,2029,V,0.2,random,5026,V,reconstructed,0.8612513542175293,3.3816606998443604,2.1904659271240234,3194
noB,2029,V,0.2,random,5026,V,observed_mean,0.1713779866695404,3.3816606998443604,2.9393234252929688,3194
noB,2029,V,0.2,random,5027,V,reconstructed,0.8706493973731995,3.304893493652344,2.1885323524475098,3180
noB,2029,V,0.2,random,5027,V,observed_mean,0.1717922389507293,3.304893493652344,2.958597421646118,3180
noB,2029,V,0.2,random,5028,V,reconstructed,0.8647294044494629,3.364565372467041,2.191309928894043,3176
noB,2029,V,0.2,random,5028,V,observed_mean,0.1695063263177871,3.364565372467041,2.947506666183472,3176
noB,2029,V,0.3,start,5026,V,reconstructed,0.8698464035987854,3.312852144241333,2.197831630706787,4768
noB,2029,V,0.3,start,5026,V,observed_mean,0.2124484479427337,3.312852144241333,2.981489658355713,4768
noB,2029,V,0.3,middle,5026,V,reconstructed,0.8687686920166016,3.305483341217041,2.1876883506774902,4759
noB,2029,V,0.3,middle,5026,V,observed_mean,0.1611283868551254,3.305483341217041,2.9629461765289307,4759
noB,2029,V,0.3,end,5026,V,reconstructed,0.8580440282821655,3.4316272735595703,2.1832215785980225,4663
noB,2029,V,0.3,end,5026,V,observed_mean,0.2284044176340103,3.4316272735595703,2.98592472076416,4663
noB,2029,V,0.3,random,5026,V,reconstructed,0.8644999265670776,3.37545108795166,2.18909764289856,4743
noB,2029,V,0.3,random,5026,V,observed_mean,0.1820908188819885,3.37545108795166,2.95054030418396,4743
noB,2029,V,0.3,random,5027,V,reconstructed,0.8705514669418335,3.313425302505493,2.1876821517944336,4712
noB,2029,V,0.3,random,5027,V,observed_mean,0.1837098896503448,3.313425302505493,2.973850727081299,4712
noB,2029,V,0.3,random,5028,V,reconstructed,0.8669500350952148,3.343204975128174,2.190343379974365,4710
noB,2029,V,0.3,random,5028,V,observed_mean,0.1780724972486496,3.343204975128174,2.958880662918091,4710
noB,2029,V,0.4,random,5026,V,reconstructed,0.8674437403678894,3.355588912963867,2.186391592025757,6357
noB,2029,V,0.4,random,5026,V,observed_mean,0.1924585849046707,3.355588912963867,2.972187757492065,6357
noB,2029,V,0.4,random,5027,V,reconstructed,0.8712732791900635,3.3140034675598145,2.1850473880767822,6308
noB,2029,V,0.4,random,5027,V,observed_mean,0.194844976067543,3.3140034675598145,2.9956471920013428,6308
noB,2029,V,0.4,random,5028,V,reconstructed,0.8694967031478882,3.345050811767578,2.187553882598877,6306
noB,2029,V,0.4,random,5028,V,observed_mean,0.1904362887144088,3.345050811767578,2.976958990097046,6306
noB,2029,V,0.5,random,5026,V,reconstructed,0.8681925535202026,3.3364367485046387,2.184382915496826,7939
noB,2029,V,0.5,random,5026,V,observed_mean,0.201879009604454,3.3364367485046387,3.0048623085021973,7939
noB,2029,V,0.5,random,5027,V,reconstructed,0.8717036247253418,3.3150506019592285,2.1833059787750244,7888
noB,2029,V,0.5,random,5027,V,observed_mean,0.2034522742033004,3.3150506019592285,3.019287347793579,7888
noB,2029,V,0.5,random,5028,V,reconstructed,0.8704797625541687,3.330223560333252,2.185081720352173,7893
noB,2029,V,0.5,random,5028,V,observed_mean,0.2011858075857162,3.330223560333252,3.0110323429107666,7893
noB,2029,TA,0.3,start,5026,T,reconstructed,0.3465382158756256,12.439817428588867,6.8020501136779785,5039
noB,2029,TA,0.3,start,5026,T,observed_mean,0.1162725314497947,12.439817428588867,11.73017120361328,5039
noB,2029,TA,0.3,start,5026,A,reconstructed,0.9158706665039062,3.091868162155152,1.8188347816467283,5039
noB,2029,TA,0.3,start,5026,A,observed_mean,0.5161778330802917,3.091868162155152,2.1099066734313965,5039
noB,2029,TA,0.3,middle,5026,T,reconstructed,0.3418953716754913,12.169849395751951,6.804553508758545,5039
noB,2029,TA,0.3,middle,5026,T,observed_mean,0.1131809130311012,12.169849395751951,11.72293186187744,5039
noB,2029,TA,0.3,middle,5026,A,reconstructed,0.91138356924057,3.060673952102661,1.807422399520874,5039
noB,2029,TA,0.3,middle,5026,A,observed_mean,0.4611018300056457,3.060673952102661,2.0709710121154785,5039
noB,2029,TA,0.3,end,5026,T,reconstructed,0.3599945604801178,12.332159042358398,6.783649444580078,5039
noB,2029,TA,0.3,end,5026,T,observed_mean,0.1347853392362594,12.332159042358398,11.255779266357422,5039
noB,2029,TA,0.3,end,5026,A,reconstructed,0.9194868803024292,3.065502643585205,1.792523741722107,5039
noB,2029,TA,0.3,end,5026,A,observed_mean,0.5519660711288452,3.065502643585205,2.1380536556243896,5039
noB,2029,TA,0.3,random,5026,T,reconstructed,0.344370573759079,12.25710105895996,6.833370208740234,5039
noB,2029,TA,0.3,random,5026,T,observed_mean,0.1188747808337211,12.25710105895996,11.751419067382812,5039
noB,2029,TA,0.3,random,5026,A,reconstructed,0.911159873008728,3.050644397735596,1.8124847412109373,5039
noB,2029,TA,0.3,random,5026,A,observed_mean,0.4889288246631622,3.050644397735596,2.0998926162719727,5039
noB,2029,TA,0.3,random,5027,T,reconstructed,0.3492960333824157,12.197317123413086,6.803534030914307,5039
noB,2029,TA,0.3,random,5027,T,observed_mean,0.1218591332435607,12.197317123413086,11.712215423583984,5039
noB,2029,TA,0.3,random,5027,A,reconstructed,0.9147751331329346,3.0481598377227783,1.805673599243164,5039
noB,2029,TA,0.3,random,5027,A,observed_mean,0.4919022619724273,3.0481598377227783,2.1000263690948486,5039
noB,2029,TA,0.3,random,5028,T,reconstructed,0.3494073748588562,12.207135200500488,6.859890460968018,5039
noB,2029,TA,0.3,random,5028,T,observed_mean,0.1259191632270813,12.207135200500488,11.827973365783691,5039
noB,2029,TA,0.3,random,5028,A,reconstructed,0.9120099544525146,3.076683759689331,1.817033052444458,5039
noB,2029,TA,0.3,random,5028,A,observed_mean,0.483396977186203,3.076683759689331,2.085060834884644,5039
noB,2029,TV,0.3,start,5026,T,reconstructed,0.3450994491577148,12.4412202835083,6.861470699310303,5035
noB,2029,TV,0.3,start,5026,T,observed_mean,0.1162999495863914,12.4412202835083,11.731951713562012,5035
noB,2029,TV,0.3,start,5026,V,reconstructed,0.8679789900779724,3.312852144241333,2.223307847976685,4768
noB,2029,TV,0.3,start,5026,V,observed_mean,0.2124484479427337,3.312852144241333,2.981489658355713,4768
noB,2029,TV,0.3,middle,5026,T,reconstructed,0.3400784432888031,12.171659469604492,6.852781295776367,5036
noB,2029,TV,0.3,middle,5026,T,observed_mean,0.1131776347756385,12.171659469604492,11.72407341003418,5036
noB,2029,TV,0.3,middle,5026,V,reconstructed,0.8657119870185852,3.305483341217041,2.20761775970459,4759
noB,2029,TV,0.3,middle,5026,V,observed_mean,0.1611283868551254,3.305483341217041,2.9629461765289307,4759
noB,2029,TV,0.3,end,5026,T,reconstructed,0.3590439856052398,12.335820198059082,6.822932720184326,5030
noB,2029,TV,0.3,end,5026,T,observed_mean,0.1348622590303421,12.335820198059082,11.256094932556152,5030
noB,2029,TV,0.3,end,5026,V,reconstructed,0.8553906083106995,3.4316272735595703,2.219308376312256,4663
noB,2029,TV,0.3,end,5026,V,observed_mean,0.2284044176340103,3.4316272735595703,2.98592472076416,4663
noB,2029,TV,0.3,random,5026,T,reconstructed,0.3432966470718384,12.25710105895996,6.8852057456970215,5039
noB,2029,TV,0.3,random,5026,T,observed_mean,0.1188747808337211,12.25710105895996,11.751419067382812,5039
noB,2029,TV,0.3,random,5026,V,reconstructed,0.8605785965919495,3.37545108795166,2.2087888717651367,4743
noB,2029,TV,0.3,random,5026,V,observed_mean,0.1820908188819885,3.37545108795166,2.95054030418396,4743
noB,2029,TV,0.3,random,5027,T,reconstructed,0.3478932976722717,12.197920799255373,6.858493328094482,5038
noB,2029,TV,0.3,random,5027,T,observed_mean,0.1218722537159919,12.197920799255373,11.71261215209961,5038
noB,2029,TV,0.3,random,5027,V,reconstructed,0.8708017468452454,3.313425302505493,2.2111284732818604,4712
noB,2029,TV,0.3,random,5027,V,observed_mean,0.1837098896503448,3.313425302505493,2.973850727081299,4712
noB,2029,TV,0.3,random,5028,T,reconstructed,0.3482281863689422,12.211934089660645,6.907387733459473,5030
noB,2029,TV,0.3,random,5028,T,observed_mean,0.1258249133825302,12.211934089660645,11.831562995910645,5030
noB,2029,TV,0.3,random,5028,V,reconstructed,0.8628947734832764,3.343204975128174,2.208777904510498,4710
noB,2029,TV,0.3,random,5028,V,observed_mean,0.1780724972486496,3.343204975128174,2.958880662918091,4710
noB,2029,AV,0.3,start,5026,A,reconstructed,0.9173969626426696,3.092175245285034,1.8324522972106931,5035
noB,2029,AV,0.3,start,5026,A,observed_mean,0.5161162614822388,3.092175245285034,2.109800338745117,5035
noB,2029,AV,0.3,start,5026,V,reconstructed,0.8701700568199158,3.312852144241333,2.1867380142211914,4768
noB,2029,AV,0.3,start,5026,V,observed_mean,0.2124484479427337,3.312852144241333,2.981489658355713,4768
noB,2029,AV,0.3,middle,5026,A,reconstructed,0.9122251272201538,3.060119390487671,1.8291724920272827,5036
noB,2029,AV,0.3,middle,5026,A,observed_mean,0.4612795710563659,3.060119390487671,2.069864511489868,5036
noB,2029,AV,0.3,middle,5026,V,reconstructed,0.8684095740318298,3.305483341217041,2.179316520690918,4759
noB,2029,AV,0.3,middle,5026,V,observed_mean,0.1611283868551254,3.305483341217041,2.9629461765289307,4759
noB,2029,AV,0.3,end,5026,A,reconstructed,0.9189944267272948,3.0656042098999023,1.8261350393295288,5030
noB,2029,AV,0.3,end,5026,A,observed_mean,0.5520094037055969,3.0656042098999023,2.136870861053467,5030
noB,2029,AV,0.3,end,5026,V,reconstructed,0.858583927154541,3.4316272735595703,2.175173282623291,4663
noB,2029,AV,0.3,end,5026,V,observed_mean,0.2284044176340103,3.4316272735595703,2.98592472076416,4663
noB,2029,AV,0.3,random,5026,A,reconstructed,0.9130608439445496,3.050644397735596,1.830416560173035,5039
noB,2029,AV,0.3,random,5026,A,observed_mean,0.4889288246631622,3.050644397735596,2.0998926162719727,5039
noB,2029,AV,0.3,random,5026,V,reconstructed,0.8644360899925232,3.37545108795166,2.1796703338623047,4743
noB,2029,AV,0.3,random,5026,V,observed_mean,0.1820908188819885,3.37545108795166,2.95054030418396,4743
noB,2029,AV,0.3,random,5027,A,reconstructed,0.914129674434662,3.047928094863892,1.828786373138428,5038
noB,2029,AV,0.3,random,5027,A,observed_mean,0.4919701516628265,3.047928094863892,2.0996878147125244,5038
noB,2029,AV,0.3,random,5027,V,reconstructed,0.8705501556396484,3.313425302505493,2.179438829421997,4712
noB,2029,AV,0.3,random,5027,V,observed_mean,0.1837098896503448,3.313425302505493,2.973850727081299,4712
noB,2029,AV,0.3,random,5028,A,reconstructed,0.9128451943397522,3.0764753818511963,1.8303847312927248,5030
noB,2029,AV,0.3,random,5028,A,observed_mean,0.4835686087608337,3.0764753818511963,2.0831663608551025,5030
noB,2029,AV,0.3,random,5028,V,reconstructed,0.8674306273460388,3.343204975128174,2.180875062942505,4710
noB,2029,AV,0.3,random,5028,V,observed_mean,0.1780724972486496,3.343204975128174,2.958880662918091,4710
noB,2029,TAV,0.3,start,5026,T,reconstructed,0.3449138402938843,12.4412202835083,6.871426582336426,5035
noB,2029,TAV,0.3,start,5026,T,observed_mean,0.1162999495863914,12.4412202835083,11.731951713562012,5035
noB,2029,TAV,0.3,start,5026,A,reconstructed,0.9159777760505676,3.092175245285034,1.8248451948165891,5035
noB,2029,TAV,0.3,start,5026,A,observed_mean,0.5161162614822388,3.092175245285034,2.109800338745117,5035
noB,2029,TAV,0.3,start,5026,V,reconstructed,0.8682369589805603,3.312852144241333,2.208239316940308,4768
noB,2029,TAV,0.3,start,5026,V,observed_mean,0.2124484479427337,3.312852144241333,2.981489658355713,4768
noB,2029,TAV,0.3,middle,5026,T,reconstructed,0.3400017023086548,12.171659469604492,6.870415210723877,5036
noB,2029,TAV,0.3,middle,5026,T,observed_mean,0.1131776347756385,12.171659469604492,11.72407341003418,5036
noB,2029,TAV,0.3,middle,5026,A,reconstructed,0.9108288288116456,3.060119390487671,1.8169279098510744,5036
noB,2029,TAV,0.3,middle,5026,A,observed_mean,0.4612795710563659,3.060119390487671,2.069864511489868,5036
noB,2029,TAV,0.3,middle,5026,V,reconstructed,0.8651629686355591,3.305483341217041,2.1957573890686035,4759
noB,2029,TAV,0.3,middle,5026,V,observed_mean,0.1611283868551254,3.305483341217041,2.9629461765289307,4759
noB,2029,TAV,0.3,end,5026,T,reconstructed,0.3584522306919098,12.335820198059082,6.843754768371582,5030
noB,2029,TAV,0.3,end,5026,T,observed_mean,0.1348622590303421,12.335820198059082,11.256094932556152,5030
noB,2029,TAV,0.3,end,5026,A,reconstructed,0.9188532829284668,3.0656042098999023,1.8007831573486328,5030
noB,2029,TAV,0.3,end,5026,A,observed_mean,0.5520094037055969,3.0656042098999023,2.136870861053467,5030
noB,2029,TAV,0.3,end,5026,V,reconstructed,0.8559909462928772,3.4316272735595703,2.2076961994171143,4663
noB,2029,TAV,0.3,end,5026,V,observed_mean,0.2284044176340103,3.4316272735595703,2.98592472076416,4663
noB,2029,TAV,0.3,random,5026,T,reconstructed,0.3426887392997741,12.25710105895996,6.901091575622559,5039
noB,2029,TAV,0.3,random,5026,T,observed_mean,0.1188747808337211,12.25710105895996,11.751419067382812,5039
noB,2029,TAV,0.3,random,5026,A,reconstructed,0.9107251763343812,3.050644397735596,1.8217811584472656,5039
noB,2029,TAV,0.3,random,5026,A,observed_mean,0.4889288246631622,3.050644397735596,2.0998926162719727,5039
noB,2029,TAV,0.3,random,5026,V,reconstructed,0.8603453636169434,3.37545108795166,2.19551157951355,4743
noB,2029,TAV,0.3,random,5026,V,observed_mean,0.1820908188819885,3.37545108795166,2.95054030418396,4743
noB,2029,TAV,0.3,random,5027,T,reconstructed,0.3476436138153076,12.197920799255373,6.868021011352539,5038
noB,2029,TAV,0.3,random,5027,T,observed_mean,0.1218722537159919,12.197920799255373,11.71261215209961,5038
noB,2029,TAV,0.3,random,5027,A,reconstructed,0.9142274856567384,3.047928094863892,1.814037561416626,5038
noB,2029,TAV,0.3,random,5027,A,observed_mean,0.4919701516628265,3.047928094863892,2.0996878147125244,5038
noB,2029,TAV,0.3,random,5027,V,reconstructed,0.8707060813903809,3.313425302505493,2.199136734008789,4712
noB,2029,TAV,0.3,random,5027,V,observed_mean,0.1837098896503448,3.313425302505493,2.973850727081299,4712
noB,2029,TAV,0.3,random,5028,T,reconstructed,0.3478383719921112,12.211934089660645,6.928442478179932,5030
noB,2029,TAV,0.3,random,5028,T,observed_mean,0.1258249133825302,12.211934089660645,11.831562995910645,5030
noB,2029,TAV,0.3,random,5028,A,reconstructed,0.9115902185440063,3.0764753818511963,1.826428771018982,5030
noB,2029,TAV,0.3,random,5028,A,observed_mean,0.4835686087608337,3.0764753818511963,2.0831663608551025,5030
noB,2029,TAV,0.3,random,5028,V,reconstructed,0.8634284138679504,3.343204975128174,2.194941282272339,4710
noB,2029,TAV,0.3,random,5028,V,observed_mean,0.1780724972486496,3.343204975128174,2.958880662918091,4710
noB,2030,T,0.1,random,5026,T,reconstructed,0.3349181711673736,10.78542137145996,5.344368934631348,1711
noB,2030,T,0.1,random,5026,T,observed_mean,0.1012306436896324,10.78542137145996,10.203988075256348,1711
noB,2030,T,0.1,random,5027,T,reconstructed,0.3403535783290863,10.72314167022705,5.291447162628174,1711
noB,2030,T,0.1,random,5027,T,observed_mean,0.1087666079401969,10.72314167022705,10.147282600402832,1711
noB,2030,T,0.1,random,5028,T,reconstructed,0.3461960554122925,10.722575187683104,5.313805103302002,1711
noB,2030,T,0.1,random,5028,T,observed_mean,0.1127023324370384,10.722575187683104,10.133347511291504,1711
noB,2030,T,0.2,random,5026,T,reconstructed,0.3464849591255188,10.72342586517334,5.288961410522461,3400
noB,2030,T,0.2,random,5026,T,observed_mean,0.1225286722183227,10.72342586517334,10.185484886169434,3400
noB,2030,T,0.2,random,5027,T,reconstructed,0.3500712811946869,10.67624568939209,5.2381134033203125,3400
noB,2030,T,0.2,random,5027,T,observed_mean,0.1261356920003891,10.67624568939209,10.139588356018066,3400
noB,2030,T,0.2,random,5028,T,reconstructed,0.354433923959732,10.677470207214355,5.282187461853027,3400
noB,2030,T,0.2,random,5028,T,observed_mean,0.1298224925994873,10.677470207214355,10.170114517211914,3400
noB,2030,T,0.3,start,5026,T,reconstructed,0.3508274555206299,10.999168395996094,5.1697096824646,5039
noB,2030,T,0.3,start,5026,T,observed_mean,0.1389904767274856,10.999168395996094,10.212347030639648,5039
noB,2030,T,0.3,middle,5026,T,reconstructed,0.3525010049343109,10.596357345581056,5.170991897583008,5039
noB,2030,T,0.3,middle,5026,T,observed_mean,0.1345769762992859,10.596357345581056,10.1559419631958,5039
noB,2030,T,0.3,end,5026,T,reconstructed,0.3731411695480346,10.694991111755373,5.122080326080322,5039
noB,2030,T,0.3,end,5026,T,observed_mean,0.1568569988012313,10.694991111755373,9.764002799987791,5039
noB,2030,T,0.3,random,5026,T,reconstructed,0.353660374879837,10.71010398864746,5.199645042419434,5039
noB,2030,T,0.3,random,5026,T,observed_mean,0.1402026563882827,10.71010398864746,10.170317649841309,5039
noB,2030,T,0.3,random,5027,T,reconstructed,0.3592786490917206,10.65008544921875,5.182244777679443,5039
noB,2030,T,0.3,random,5027,T,observed_mean,0.1436081677675247,10.65008544921875,10.165481567382812,5039
noB,2030,T,0.3,random,5028,T,reconstructed,0.3594077527523041,10.651115417480469,5.240248680114746,5039
noB,2030,T,0.3,random,5028,T,observed_mean,0.1439056694507599,10.651115417480469,10.234551429748535,5039
noB,2030,T,0.4,random,5026,T,reconstructed,0.3688691854476928,10.68810749053955,5.098831653594971,6740
noB,2030,T,0.4,random,5026,T,observed_mean,0.1621961146593094,10.68810749053955,10.11431884765625,6740
noB,2030,T,0.4,random,5027,T,reconstructed,0.3734221160411834,10.64126682281494,5.133366107940674,6740
noB,2030,T,0.4,random,5027,T,observed_mean,0.1666795462369918,10.64126682281494,10.214275360107422,6740
noB,2030,T,0.4,random,5028,T,reconstructed,0.3722763359546661,10.645153999328612,5.156304359436035,6740
noB,2030,T,0.4,random,5028,T,observed_mean,0.1642223745584488,10.645153999328612,10.257821083068848,6740
noB,2030,T,0.5,random,5026,T,reconstructed,0.3841139674186706,10.693875312805176,4.987571716308594,8415
noB,2030,T,0.5,random,5026,T,observed_mean,0.1855580508708953,10.693875312805176,10.056648254394531,8415
noB,2030,T,0.5,random,5027,T,reconstructed,0.3897132277488708,10.649147987365724,5.009695529937744,8415
noB,2030,T,0.5,random,5027,T,observed_mean,0.1916002035140991,10.649147987365724,10.140374183654783,8415
noB,2030,T,0.5,random,5028,T,reconstructed,0.3882899880409241,10.645255088806152,5.047099113464356,8415
noB,2030,T,0.5,random,5028,T,observed_mean,0.1888965219259262,10.645255088806152,10.18166446685791,8415
noB,2030,A,0.1,random,5026,A,reconstructed,0.9125151634216307,3.057891607284546,1.911523461341858,1711
noB,2030,A,0.1,random,5026,A,observed_mean,0.4389899671077728,3.057891607284546,2.028292417526245,1711
noB,2030,A,0.1,random,5027,A,reconstructed,0.9189983010292052,3.0608179569244385,1.9105042219161987,1711
noB,2030,A,0.1,random,5027,A,observed_mean,0.4409259557723999,3.0608179569244385,2.030102252960205,1711
noB,2030,A,0.1,random,5028,A,reconstructed,0.9176483154296876,3.008233070373535,1.9116790294647217,1711
noB,2030,A,0.1,random,5028,A,observed_mean,0.4327589571475982,3.008233070373535,2.0313656330108643,1711
noB,2030,A,0.2,random,5026,A,reconstructed,0.9117346405982972,3.0382537841796875,1.914820671081543,3400
noB,2030,A,0.2,random,5026,A,observed_mean,0.4689769744873047,3.0382537841796875,2.033789873123169,3400
noB,2030,A,0.2,random,5027,A,reconstructed,0.9216282963752748,3.03381896018982,1.9142353534698489,3400
noB,2030,A,0.2,random,5027,A,observed_mean,0.4739831089973449,3.03381896018982,2.0368423461914062,3400
noB,2030,A,0.2,random,5028,A,reconstructed,0.9153196811676024,3.0527048110961914,1.9145759344100952,3400
noB,2030,A,0.2,random,5028,A,observed_mean,0.4626554846763611,3.0527048110961914,2.025553703308105,3400
noB,2030,A,0.3,start,5026,A,reconstructed,0.914962112903595,3.068997859954834,1.9288614988327024,5039
noB,2030,A,0.3,start,5026,A,observed_mean,0.5185322761535645,3.068997859954834,2.088972330093384,5039
noB,2030,A,0.3,middle,5026,A,reconstructed,0.9153589010238647,3.040370225906372,1.9128756523132324,5039
noB,2030,A,0.3,middle,5026,A,observed_mean,0.4628211557865143,3.040370225906372,2.048823833465576,5039
noB,2030,A,0.3,end,5026,A,reconstructed,0.914936363697052,3.0407862663269043,1.9132252931594849,5039
noB,2030,A,0.3,end,5026,A,observed_mean,0.554206371307373,3.0407862663269043,2.117723226547241,5039
noB,2030,A,0.3,random,5026,A,reconstructed,0.9123003482818604,3.028693199157715,1.9169330596923828,5039
noB,2030,A,0.3,random,5026,A,observed_mean,0.4912267327308655,3.028693199157715,2.078744888305664,5039
noB,2030,A,0.3,random,5027,A,reconstructed,0.9206002950668336,3.026787519454956,1.9162747859954836,5039
noB,2030,A,0.3,random,5027,A,observed_mean,0.49373459815979,3.026787519454956,2.0782392024993896,5039
noB,2030,A,0.3,random,5028,A,reconstructed,0.914039134979248,3.0557432174682617,1.9162392616271973,5039
noB,2030,A,0.3,random,5028,A,observed_mean,0.4854815900325775,3.0557432174682617,2.063462018966675,5039
noB,2030,A,0.4,random,5026,A,reconstructed,0.9119478464126588,3.021510362625122,1.91960871219635,6740
noB,2030,A,0.4,random,5026,A,observed_mean,0.5078635811805725,3.021510362625122,2.115750551223755,6740
noB,2030,A,0.4,random,5027,A,reconstructed,0.9177921414375304,3.025514841079712,1.919096827507019,6740
noB,2030,A,0.4,random,5027,A,observed_mean,0.5076254606246948,3.025514841079712,2.114599704742432,6740
noB,2030,A,0.4,random,5028,A,reconstructed,0.9142114520072936,3.057061195373535,1.9187891483306885,6740
noB,2030,A,0.4,random,5028,A,observed_mean,0.503283679485321,3.057061195373535,2.091507911682129,6740
noB,2030,A,0.5,random,5026,A,reconstructed,0.9121091961860656,3.024129867553711,1.9229987859725952,8415
noB,2030,A,0.5,random,5026,A,observed_mean,0.5215883851051331,3.024129867553711,2.161027193069458,8415
noB,2030,A,0.5,random,5027,A,reconstructed,0.9156615138053894,3.046209812164306,1.9224534034729004,8415
noB,2030,A,0.5,random,5027,A,observed_mean,0.520508885383606,3.046209812164306,2.1462998390197754,8415
noB,2030,A,0.5,random,5028,A,reconstructed,0.9152569770812988,3.048489570617676,1.9221965074539185,8415
noB,2030,A,0.5,random,5028,A,observed_mean,0.5213506817817688,3.048489570617676,2.136185884475708,8415
noB,2030,V,0.1,random,5026,V,reconstructed,0.8606969118118286,3.3924684524536133,2.1201775074005127,1604
noB,2030,V,0.1,random,5026,V,observed_mean,0.15726338326931,3.3924684524536133,2.933384418487549,1604
noB,2030,V,0.1,random,5027,V,reconstructed,0.8605082035064697,3.2937769889831543,2.120568990707397,1595
noB,2030,V,0.1,random,5027,V,observed_mean,0.1564666777849197,3.2937769889831543,2.9572911262512207,1595
noB,2030,V,0.1,random,5028,V,reconstructed,0.8602076768875122,3.370087146759033,2.121770143508911,1588
noB,2030,V,0.1,random,5028,V,observed_mean,0.1527803093194961,3.370087146759033,2.948614835739136,1588
noB,2030,V,0.2,random,5026,V,reconstructed,0.8627042770385742,3.387251377105713,2.12375283241272,3194
noB,2030,V,0.2,random,5026,V,observed_mean,0.1711788475513458,3.387251377105713,2.9432547092437744,3194
noB,2030,V,0.2,random,5027,V,reconstructed,0.8634873628616333,3.3093903064727783,2.123570919036865,3180
noB,2030,V,0.2,random,5027,V,observed_mean,0.171530470252037,3.3093903064727783,2.9623234272003174,3180
noB,2030,V,0.2,random,5028,V,reconstructed,0.862928569316864,3.3694815635681152,2.123841524124145,3176
noB,2030,V,0.2,random,5028,V,observed_mean,0.1693334579467773,3.3694815635681152,2.9514381885528564,3176
noB,2030,V,0.3,start,5026,V,reconstructed,0.8626044392585754,3.3177146911621094,2.1200575828552246,4768
noB,2030,V,0.3,start,5026,V,observed_mean,0.2123179137706756,3.3177146911621094,2.986085891723633,4768
noB,2030,V,0.3,middle,5026,V,reconstructed,0.8642876744270325,3.309354305267334,2.1249241828918457,4759
noB,2030,V,0.3,middle,5026,V,observed_mean,0.1608371436595916,3.309354305267334,2.966834783554077,4759
noB,2030,V,0.3,end,5026,V,reconstructed,0.8637429475784302,3.4363772869110107,2.12351131439209,4663
noB,2030,V,0.3,end,5026,V,observed_mean,0.2284081131219864,3.4363772869110107,2.99001693725586,4663
noB,2030,V,0.3,random,5026,V,reconstructed,0.8631368279457092,3.3808400630950928,2.1236517429351807,4743
noB,2030,V,0.3,random,5026,V,observed_mean,0.1818747520446777,3.3808400630950928,2.954226016998291,4743
noB,2030,V,0.3,random,5027,V,reconstructed,0.8637709021568298,3.318164348602295,2.1234917640686035,4712
noB,2030,V,0.3,random,5027,V,observed_mean,0.183429405093193,3.318164348602295,2.97770357131958,4712
noB,2030,V,0.3,random,5028,V,reconstructed,0.8639713525772095,3.347970962524414,2.124844074249268,4710
noB,2030,V,0.3,random,5028,V,observed_mean,0.1778649687767028,3.347970962524414,2.962808609008789,4710
noB,2030,V,0.4,random,5026,V,reconstructed,0.8632319569587708,3.360439777374268,2.125862598419189,6357
noB,2030,V,0.4,random,5026,V,observed_mean,0.1923005431890487,3.360439777374268,2.975873708724976,6357
noB,2030,V,0.4,random,5027,V,reconstructed,0.863592267036438,3.318660259246826,2.125421524047852,6308
noB,2030,V,0.4,random,5027,V,observed_mean,0.1945723742246627,3.318660259246826,2.999462127685547,6308
noB,2030,V,0.4,random,5028,V,reconstructed,0.8643530011177063,3.349609375,2.1268296241760254,6306
noB,2030,V,0.4,random,5028,V,observed_mean,0.1902256608009338,3.349609375,2.980835437774658,6306
noB,2030,V,0.5,random,5026,V,reconstructed,0.863378643989563,3.3410706520080566,2.1264452934265137,7939
noB,2030,V,0.5,random,5026,V,observed_mean,0.2017086297273636,3.3410706520080566,3.008697748184204,7939
noB,2030,V,0.5,random,5027,V,reconstructed,0.8638401627540588,3.319603204727173,2.126037120819092,7888
noB,2030,V,0.5,random,5027,V,observed_mean,0.2031266242265701,3.319603204727173,3.023157119750977,7888
noB,2030,V,0.5,random,5028,V,reconstructed,0.8647836446762085,3.3347184658050537,2.1269960403442383,7893
noB,2030,V,0.5,random,5028,V,observed_mean,0.2009730637073516,3.3347184658050537,3.014995574951172,7893
noB,2030,TA,0.3,start,5026,T,reconstructed,0.3516039848327636,10.999168395996094,5.187857627868652,5039
noB,2030,TA,0.3,start,5026,T,observed_mean,0.1389904767274856,10.999168395996094,10.212347030639648,5039
noB,2030,TA,0.3,start,5026,A,reconstructed,0.9168477058410645,3.068997859954834,1.8893451690673828,5039
noB,2030,TA,0.3,start,5026,A,observed_mean,0.5185322761535645,3.068997859954834,2.088972330093384,5039
noB,2030,TA,0.3,middle,5026,T,reconstructed,0.3524700999259949,10.596357345581056,5.195188045501709,5039
noB,2030,TA,0.3,middle,5026,T,observed_mean,0.1345769762992859,10.596357345581056,10.1559419631958,5039
noB,2030,TA,0.3,middle,5026,A,reconstructed,0.9140194654464722,3.040370225906372,1.8832848072052,5039
noB,2030,TA,0.3,middle,5026,A,observed_mean,0.4628211557865143,3.040370225906372,2.048823833465576,5039
noB,2030,TA,0.3,end,5026,T,reconstructed,0.3736362159252167,10.694991111755373,5.135911464691162,5039
noB,2030,TA,0.3,end,5026,T,observed_mean,0.1568569988012313,10.694991111755373,9.764002799987791,5039
noB,2030,TA,0.3,end,5026,A,reconstructed,0.9158575534820556,3.0407862663269043,1.88007926940918,5039
noB,2030,TA,0.3,end,5026,A,observed_mean,0.554206371307373,3.0407862663269043,2.117723226547241,5039
noB,2030,TA,0.3,random,5026,T,reconstructed,0.3535973131656647,10.71010398864746,5.224166870117188,5039
noB,2030,TA,0.3,random,5026,T,observed_mean,0.1402026563882827,10.71010398864746,10.170317649841309,5039
noB,2030,TA,0.3,random,5026,A,reconstructed,0.9130868315696716,3.028693199157715,1.89236843585968,5039
noB,2030,TA,0.3,random,5026,A,observed_mean,0.4912267327308655,3.028693199157715,2.078744888305664,5039
noB,2030,TA,0.3,random,5027,T,reconstructed,0.3591926693916321,10.65008544921875,5.197725296020508,5039
noB,2030,TA,0.3,random,5027,T,observed_mean,0.1436081677675247,10.65008544921875,10.165481567382812,5039
noB,2030,TA,0.3,random,5027,A,reconstructed,0.9214844703674316,3.026787519454956,1.8814239501953125,5039
noB,2030,TA,0.3,random,5027,A,observed_mean,0.49373459815979,3.026787519454956,2.0782392024993896,5039
noB,2030,TA,0.3,random,5028,T,reconstructed,0.3596042096614837,10.651115417480469,5.263905048370361,5039
noB,2030,TA,0.3,random,5028,T,observed_mean,0.1439056694507599,10.651115417480469,10.234551429748535,5039
noB,2030,TA,0.3,random,5028,A,reconstructed,0.9157376885414124,3.0557432174682617,1.894581079483032,5039
noB,2030,TA,0.3,random,5028,A,observed_mean,0.4854815900325775,3.0557432174682617,2.063462018966675,5039
noB,2030,TV,0.3,start,5026,T,reconstructed,0.3489287197589874,11.00111198425293,5.253667831420898,5035
noB,2030,TV,0.3,start,5026,T,observed_mean,0.1389727592468261,11.00111198425293,10.214945793151855,5035
noB,2030,TV,0.3,start,5026,V,reconstructed,0.8614698648452759,3.3177146911621094,2.1056017875671387,4768
noB,2030,TV,0.3,start,5026,V,observed_mean,0.2123179137706756,3.3177146911621094,2.986085891723633,4768
noB,2030,TV,0.3,middle,5026,T,reconstructed,0.3502637445926666,10.59816074371338,5.2560906410217285,5036
noB,2030,TV,0.3,middle,5026,T,observed_mean,0.1345772296190261,10.59816074371338,10.156970977783203,5036
noB,2030,TV,0.3,middle,5026,V,reconstructed,0.8613591194152832,3.309354305267334,2.119147300720215,4759
noB,2030,TV,0.3,middle,5026,V,observed_mean,0.1608371436595916,3.309354305267334,2.966834783554077,4759
noB,2030,TV,0.3,end,5026,T,reconstructed,0.3713380694389343,10.699151039123535,5.203500747680664,5030
noB,2030,TV,0.3,end,5026,T,observed_mean,0.1568824797868728,10.699151039123535,9.76258659362793,5030
noB,2030,TV,0.3,end,5026,V,reconstructed,0.8640552759170532,3.4363772869110107,2.1188762187957764,4663
noB,2030,TV,0.3,end,5026,V,observed_mean,0.2284081131219864,3.4363772869110107,2.99001693725586,4663
noB,2030,TV,0.3,random,5026,T,reconstructed,0.3514864444732666,10.71010398864746,5.285254955291748,5039
noB,2030,TV,0.3,random,5026,T,observed_mean,0.1402026563882827,10.71010398864746,10.170317649841309,5039
noB,2030,TV,0.3,random,5026,V,reconstructed,0.860578179359436,3.3808400630950928,2.124886035919189,4743
noB,2030,TV,0.3,random,5026,V,observed_mean,0.1818747520446777,3.3808400630950928,2.954226016998291,4743
noB,2030,TV,0.3,random,5027,T,reconstructed,0.3574868738651275,10.650708198547363,5.266261577606201,5038
noB,2030,TV,0.3,random,5027,T,observed_mean,0.1436203420162201,10.650708198547363,10.166020393371582,5038
noB,2030,TV,0.3,random,5027,V,reconstructed,0.8644773960113525,3.318164348602295,2.1196959018707275,4712
noB,2030,TV,0.3,random,5027,V,observed_mean,0.183429405093193,3.318164348602295,2.97770357131958,4712
noB,2030,TV,0.3,random,5028,T,reconstructed,0.3575957119464874,10.65617561340332,5.3285908699035645,5030
noB,2030,TV,0.3,random,5028,T,observed_mean,0.1438247710466385,10.65617561340332,10.238759994506836,5030
noB,2030,TV,0.3,random,5028,V,reconstructed,0.8641155958175659,3.347970962524414,2.1251113414764404,4710
noB,2030,TV,0.3,random,5028,V,observed_mean,0.1778649687767028,3.347970962524414,2.962808609008789,4710
noB,2030,AV,0.3,start,5026,A,reconstructed,0.9139838218688964,3.069321870803833,1.9490426778793333,5035
noB,2030,AV,0.3,start,5026,A,observed_mean,0.5184677243232727,3.069321870803833,2.088848114013672,5035
noB,2030,AV,0.3,start,5026,V,reconstructed,0.861924946308136,3.3177146911621094,2.1146559715271,4768
noB,2030,AV,0.3,start,5026,V,observed_mean,0.2123179137706756,3.3177146911621094,2.986085891723633,4768
noB,2030,AV,0.3,middle,5026,A,reconstructed,0.914641261100769,3.0398879051208496,1.933699607849121,5036
noB,2030,AV,0.3,middle,5026,A,observed_mean,0.4629954397678375,3.0398879051208496,2.0478241443634038,5036
noB,2030,AV,0.3,middle,5026,V,reconstructed,0.8641313910484314,3.309354305267334,2.119664430618286,4759
noB,2030,AV,0.3,middle,5026,V,observed_mean,0.1608371436595916,3.309354305267334,2.966834783554077,4759
noB,2030,AV,0.3,end,5026,A,reconstructed,0.9141227006912231,3.0408711433410645,1.9355592727661133,5030
noB,2030,AV,0.3,end,5026,A,observed_mean,0.55426424741745,3.0408711433410645,2.1164896488189697,5030
noB,2030,AV,0.3,end,5026,V,reconstructed,0.8633610606193542,3.4363772869110107,2.124228954315185,4663
noB,2030,AV,0.3,end,5026,V,observed_mean,0.2284081131219864,3.4363772869110107,2.99001693725586,4663
noB,2030,AV,0.3,random,5026,A,reconstructed,0.9115153551101683,3.028693199157715,1.9384478330612185,5039
noB,2030,AV,0.3,random,5026,A,observed_mean,0.4912267327308655,3.028693199157715,2.078744888305664,5039
noB,2030,AV,0.3,random,5026,V,reconstructed,0.8632315397262573,3.3808400630950928,2.119995594024658,4743
noB,2030,AV,0.3,random,5026,V,observed_mean,0.1818747520446777,3.3808400630950928,2.954226016998291,4743
noB,2030,AV,0.3,random,5027,A,reconstructed,0.9196159839630128,3.026594638824463,1.9367622137069704,5038
noB,2030,AV,0.3,random,5027,A,observed_mean,0.4938010573387146,3.026594638824463,2.0779285430908203,5038
noB,2030,AV,0.3,random,5027,V,reconstructed,0.8635857701301575,3.318164348602295,2.1197926998138428,4712
noB,2030,AV,0.3,random,5027,V,observed_mean,0.183429405093193,3.318164348602295,2.97770357131958,4712
noB,2030,AV,0.3,random,5028,A,reconstructed,0.9135535359382628,3.0556187629699707,1.9365370273590088,5030
noB,2030,AV,0.3,random,5028,A,observed_mean,0.4856505990028381,3.0556187629699707,2.061736822128296,5030
noB,2030,AV,0.3,random,5028,V,reconstructed,0.8638635277748108,3.347970962524414,2.121221780776977,4710
noB,2030,AV,0.3,random,5028,V,observed_mean,0.1778649687767028,3.347970962524414,2.962808609008789,4710
noB,2030,TAV,0.3,start,5026,T,reconstructed,0.3498649597167969,11.00111198425293,5.276651382446289,5035
noB,2030,TAV,0.3,start,5026,T,observed_mean,0.1389727592468261,11.00111198425293,10.214945793151855,5035
noB,2030,TAV,0.3,start,5026,A,reconstructed,0.915793478488922,3.069321870803833,1.912984848022461,5035
noB,2030,TAV,0.3,start,5026,A,observed_mean,0.5184677243232727,3.069321870803833,2.088848114013672,5035
noB,2030,TAV,0.3,start,5026,V,reconstructed,0.8608887791633606,3.3177146911621094,2.0986075401306152,4768
noB,2030,TAV,0.3,start,5026,V,observed_mean,0.2123179137706756,3.3177146911621094,2.986085891723633,4768
noB,2030,TAV,0.3,middle,5026,T,reconstructed,0.3504414856433868,10.59816074371338,5.285839080810547,5036
noB,2030,TAV,0.3,middle,5026,T,observed_mean,0.1345772296190261,10.59816074371338,10.156970977783203,5036
noB,2030,TAV,0.3,middle,5026,A,reconstructed,0.9131481647491456,3.0398879051208496,1.9075244665145876,5036
noB,2030,TAV,0.3,middle,5026,A,observed_mean,0.4629954397678375,3.0398879051208496,2.0478241443634038,5036
noB,2030,TAV,0.3,middle,5026,V,reconstructed,0.8614886999130249,3.309354305267334,2.1123034954071045,4759
noB,2030,TAV,0.3,middle,5026,V,observed_mean,0.1608371436595916,3.309354305267334,2.966834783554077,4759
noB,2030,TAV,0.3,end,5026,T,reconstructed,0.3719760179519653,10.699151039123535,5.221762180328369,5030
noB,2030,TAV,0.3,end,5026,T,observed_mean,0.1568824797868728,10.699151039123535,9.76258659362793,5030
noB,2030,TAV,0.3,end,5026,A,reconstructed,0.9149430394172668,3.0408711433410645,1.9060996770858765,5030
noB,2030,TAV,0.3,end,5026,A,observed_mean,0.55426424741745,3.0408711433410645,2.1164896488189697,5030
noB,2030,TAV,0.3,end,5026,V,reconstructed,0.8635596036911011,3.4363772869110107,2.1192352771759038,4663
noB,2030,TAV,0.3,end,5026,V,observed_mean,0.2284081131219864,3.4363772869110107,2.99001693725586,4663
noB,2030,TAV,0.3,random,5026,T,reconstructed,0.3514856994152069,10.71010398864746,5.314354419708252,5039
noB,2030,TAV,0.3,random,5026,T,observed_mean,0.1402026563882827,10.71010398864746,10.170317649841309,5039
noB,2030,TAV,0.3,random,5026,A,reconstructed,0.9122560620307922,3.028693199157715,1.9169431924819944,5039
noB,2030,TAV,0.3,random,5026,A,observed_mean,0.4912267327308655,3.028693199157715,2.078744888305664,5039
noB,2030,TAV,0.3,random,5026,V,reconstructed,0.8612205982208252,3.3808400630950928,2.120371103286743,4743
noB,2030,TAV,0.3,random,5026,V,observed_mean,0.1818747520446777,3.3808400630950928,2.954226016998291,4743
noB,2030,TAV,0.3,random,5027,T,reconstructed,0.3575902581214905,10.650708198547363,5.286213874816895,5038
noB,2030,TAV,0.3,random,5027,T,observed_mean,0.1436203420162201,10.650708198547363,10.166020393371582,5038
noB,2030,TAV,0.3,random,5027,A,reconstructed,0.9204185605049132,3.026594638824463,1.9050694704055784,5038
noB,2030,TAV,0.3,random,5027,A,observed_mean,0.4938010573387146,3.026594638824463,2.0779285430908203,5038
noB,2030,TAV,0.3,random,5027,V,reconstructed,0.8645708560943604,3.318164348602295,2.114762783050537,4712
noB,2030,TAV,0.3,random,5027,V,observed_mean,0.183429405093193,3.318164348602295,2.97770357131958,4712
noB,2030,TAV,0.3,random,5028,T,reconstructed,0.3579875230789184,10.65617561340332,5.3581085205078125,5030
noB,2030,TAV,0.3,random,5028,T,observed_mean,0.1438247710466385,10.65617561340332,10.238759994506836,5030
noB,2030,TAV,0.3,random,5028,A,reconstructed,0.9151741862297058,3.0556187629699707,1.9185166358947756,5030
noB,2030,TAV,0.3,random,5028,A,observed_mean,0.4856505990028381,3.0556187629699707,2.061736822128296,5030
noB,2030,TAV,0.3,random,5028,V,reconstructed,0.8643372058868408,3.347970962524414,2.119920015335083,4710
noB,2030,TAV,0.3,random,5028,V,observed_mean,0.1778649687767028,3.347970962524414,2.962808609008789,4710
noBeta,2026,T,0.1,random,5026,T,reconstructed,0.3604031503200531,13.718433380126951,8.722914695739746,1711
noBeta,2026,T,0.1,random,5026,T,observed_mean,0.0639825910329818,13.718433380126951,13.316990852355955,1711
noBeta,2026,T,0.1,random,5027,T,reconstructed,0.3645803928375244,13.707989692687988,8.724234580993652,1711
noBeta,2026,T,0.1,random,5027,T,observed_mean,0.0694390386343002,13.707989692687988,13.240922927856444,1711
noBeta,2026,T,0.1,random,5028,T,reconstructed,0.3655459284782409,13.691661834716797,8.715411186218262,1711
noBeta,2026,T,0.1,random,5028,T,observed_mean,0.0738387703895568,13.691661834716797,13.22844123840332,1711
noBeta,2026,T,0.2,random,5026,T,reconstructed,0.3678908050060272,13.697688102722168,8.697881698608398,3400
noBeta,2026,T,0.2,random,5026,T,observed_mean,0.0831247493624687,13.697688102722168,13.251121520996094,3400
noBeta,2026,T,0.2,random,5027,T,reconstructed,0.3712213933467865,13.673928260803224,8.700157165527344,3400
noBeta,2026,T,0.2,random,5027,T,observed_mean,0.0878863558173179,13.673928260803224,13.20276165008545,3400
noBeta,2026,T,0.2,random,5028,T,reconstructed,0.3728858828544616,13.673407554626465,8.689925193786621,3400
noBeta,2026,T,0.2,random,5028,T,observed_mean,0.0901319086551666,13.673407554626465,13.202632904052734,3400
noBeta,2026,T,0.3,start,5026,T,reconstructed,0.3802295625209808,13.870243072509766,8.660699844360352,5039
noBeta,2026,T,0.3,start,5026,T,observed_mean,0.0982366427779197,13.870243072509766,13.100441932678224,5039
noBeta,2026,T,0.3,middle,5026,T,reconstructed,0.3728083074092865,13.60513973236084,8.621783256530762,5039
noBeta,2026,T,0.3,middle,5026,T,observed_mean,0.0946258157491684,13.60513973236084,13.15565586090088,5039
noBeta,2026,T,0.3,end,5026,T,reconstructed,0.3952354788780212,13.685562133789062,8.637445449829102,5039
noBeta,2026,T,0.3,end,5026,T,observed_mean,0.1189362406730651,13.685562133789062,12.657519340515137,5039
noBeta,2026,T,0.3,random,5026,T,reconstructed,0.3755488395690918,13.683612823486328,8.64267349243164,5039
noBeta,2026,T,0.3,random,5026,T,observed_mean,0.099338099360466,13.683612823486328,13.128122329711914,5039
noBeta,2026,T,0.3,random,5027,T,reconstructed,0.3809800148010254,13.656366348266602,8.647930145263672,5039
noBeta,2026,T,0.3,random,5027,T,observed_mean,0.104787953197956,13.656366348266602,13.128390312194824,5039
noBeta,2026,T,0.3,random,5028,T,reconstructed,0.3772237300872803,13.655282974243164,8.657291412353516,5039
noBeta,2026,T,0.3,random,5028,T,observed_mean,0.1045456007122993,13.655282974243164,13.21432399749756,5039
noBeta,2026,T,0.4,random,5026,T,reconstructed,0.3839893639087677,13.669615745544434,8.569239616394043,6740
noBeta,2026,T,0.4,random,5026,T,observed_mean,0.1184365227818489,13.669615745544434,12.988100051879885,6740
noBeta,2026,T,0.4,random,5027,T,reconstructed,0.3906727135181427,13.643340110778809,8.574905395507812,6740
noBeta,2026,T,0.4,random,5027,T,observed_mean,0.1266220360994339,13.643340110778809,13.039470672607422,6740
noBeta,2026,T,0.4,random,5028,T,reconstructed,0.3874253928661346,13.650595664978027,8.592799186706543,6740
noBeta,2026,T,0.4,random,5028,T,observed_mean,0.1232147589325904,13.650595664978027,13.164219856262209,6740
noBeta,2026,T,0.5,random,5026,T,reconstructed,0.3962350189685821,13.677413940429688,8.464705467224121,8415
noBeta,2026,T,0.5,random,5026,T,observed_mean,0.1414676010608673,13.677413940429688,12.827884674072266,8415
noBeta,2026,T,0.5,random,5027,T,reconstructed,0.4037601351737976,13.651488304138184,8.459585189819336,8415
noBeta,2026,T,0.5,random,5027,T,observed_mean,0.1514116823673248,13.651488304138184,12.849479675292969,8415
noBeta,2026,T,0.5,random,5028,T,reconstructed,0.4009133875370025,13.650944709777832,8.50007438659668,8415
noBeta,2026,T,0.5,random,5028,T,observed_mean,0.1492287367582321,13.650944709777832,12.984315872192385,8415
noBeta,2026,A,0.1,random,5026,A,reconstructed,0.907474398612976,3.089667320251465,1.9080170392990112,1711
noBeta,2026,A,0.1,random,5026,A,observed_mean,0.4361340403556824,3.089667320251465,2.05714750289917,1711
noBeta,2026,A,0.1,random,5027,A,reconstructed,0.9117116332054138,3.090515613555908,1.907170057296753,1711
noBeta,2026,A,0.1,random,5027,A,observed_mean,0.4386460781097412,3.090515613555908,2.059401273727417,1711
noBeta,2026,A,0.1,random,5028,A,reconstructed,0.9064955115318298,3.0383377075195312,1.908084750175476,1711
noBeta,2026,A,0.1,random,5028,A,observed_mean,0.4306732714176178,3.0383377075195312,2.060606002807617,1711
noBeta,2026,A,0.2,random,5026,A,reconstructed,0.909721314907074,3.069937467575073,1.907204270362854,3400
noBeta,2026,A,0.2,random,5026,A,observed_mean,0.4660988748073578,3.069937467575073,2.062257766723633,3400
noBeta,2026,A,0.2,random,5027,A,reconstructed,0.9096614122390748,3.06420373916626,1.9067896604537964,3400
noBeta,2026,A,0.2,random,5027,A,observed_mean,0.4716294109821319,3.06420373916626,2.0658187866210938,3400
noBeta,2026,A,0.2,random,5028,A,reconstructed,0.9069291949272156,3.082306385040283,1.907669305801392,3400
noBeta,2026,A,0.2,random,5028,A,observed_mean,0.4603413045406341,3.082306385040283,2.054641962051392,3400
noBeta,2026,A,0.3,start,5026,A,reconstructed,0.8967448472976685,3.1031365394592285,1.9037684202194212,5039
noBeta,2026,A,0.3,start,5026,A,observed_mean,0.5155043601989746,3.1031365394592285,2.1168904304504395,5039
noBeta,2026,A,0.3,middle,5026,A,reconstructed,0.9084234833717346,3.0693085193634038,1.9077509641647337,5039
noBeta,2026,A,0.3,middle,5026,A,observed_mean,0.4607731103897095,3.0693085193634038,2.0790295600891118,5039
noBeta,2026,A,0.3,end,5026,A,reconstructed,0.9189194440841676,3.0738117694854736,1.9084224700927732,5039
noBeta,2026,A,0.3,end,5026,A,observed_mean,0.5517076253890991,3.0738117694854736,2.146658420562744,5039
noBeta,2026,A,0.3,random,5026,A,reconstructed,0.9115588665008544,3.060199499130249,1.9066059589385984,5039
noBeta,2026,A,0.3,random,5026,A,observed_mean,0.488336443901062,3.060199499130249,2.1074347496032715,5039
noBeta,2026,A,0.3,random,5027,A,reconstructed,0.9098720550537108,3.0572097301483154,1.9057163000106807,5039
noBeta,2026,A,0.3,random,5027,A,observed_mean,0.4912424385547638,3.0572097301483154,2.107733726501465,5039
noBeta,2026,A,0.3,random,5028,A,reconstructed,0.9078842997550964,3.085031032562256,1.9074149131774905,5039
noBeta,2026,A,0.3,random,5028,A,observed_mean,0.4828627705574035,3.085031032562256,2.0931169986724854,5039
noBeta,2026,A,0.4,random,5026,A,reconstructed,0.9112985134124756,3.0526387691497803,1.9059650897979736,6740
noBeta,2026,A,0.4,random,5026,A,observed_mean,0.5049741864204407,3.0526387691497803,2.1447577476501465,6740
noBeta,2026,A,0.4,random,5027,A,reconstructed,0.9094377160072328,3.0557096004486084,1.904961109161377,6740
noBeta,2026,A,0.4,random,5027,A,observed_mean,0.5050196647644043,3.0557096004486084,2.1446259021759038,6740
noBeta,2026,A,0.4,random,5028,A,reconstructed,0.9092830419540404,3.086920738220215,1.906855583190918,6740
noBeta,2026,A,0.4,random,5028,A,observed_mean,0.5005570650100708,3.086920738220215,2.121441602706909,6740
noBeta,2026,A,0.5,random,5026,A,reconstructed,0.9115989804267884,3.054853916168213,1.9046565294265747,8415
noBeta,2026,A,0.5,random,5026,A,observed_mean,0.5189250111579895,3.054853916168213,2.190727949142456,8415
noBeta,2026,A,0.5,random,5027,A,reconstructed,0.9095110297203064,3.0762417316436768,1.903913497924805,8415
noBeta,2026,A,0.5,random,5027,A,observed_mean,0.5179405212402344,3.0762417316436768,2.1771066188812256,8415
noBeta,2026,A,0.5,random,5028,A,reconstructed,0.910252809524536,3.078406810760498,1.9057061672210691,8415
noBeta,2026,A,0.5,random,5028,A,observed_mean,0.5185887217521667,3.078406810760498,2.1666035652160645,8415
noBeta,2026,V,0.1,random,5026,V,reconstructed,0.8651614785194397,3.397475242614746,3.496464252471924,1604
noBeta,2026,V,0.1,random,5026,V,observed_mean,0.1572006046772003,3.397475242614746,2.9376981258392334,1604
noBeta,2026,V,0.1,random,5027,V,reconstructed,0.869940996170044,3.299575090408325,3.497699022293091,1595
noBeta,2026,V,0.1,random,5027,V,observed_mean,0.156281441450119,3.299575090408325,2.961575746536255,1595
noBeta,2026,V,0.1,random,5028,V,reconstructed,0.8636514544487,3.3747568130493164,3.4977378845214844,1588
noBeta,2026,V,0.1,random,5028,V,observed_mean,0.1529131382703781,3.3747568130493164,2.9531025886535645,1588
noBeta,2026,V,0.2,random,5026,V,reconstructed,0.8640651702880859,3.391985893249512,3.500619411468506,3194
noBeta,2026,V,0.2,random,5026,V,observed_mean,0.1711954027414322,3.391985893249512,2.947636604309082,3194
noBeta,2026,V,0.2,random,5027,V,reconstructed,0.8683082461357117,3.315036535263061,3.5020556449890137,3180
noBeta,2026,V,0.2,random,5027,V,observed_mean,0.1714198887348175,3.315036535263061,2.9664995670318604,3180
noBeta,2026,V,0.2,random,5028,V,reconstructed,0.8641402125358582,3.374242782592773,3.5009937286376958,3176
noBeta,2026,V,0.2,random,5028,V,observed_mean,0.1695424765348434,3.374242782592773,2.955950736999512,3176
noBeta,2026,V,0.3,start,5026,V,reconstructed,0.870525598526001,3.3229377269744877,3.497034311294556,4768
noBeta,2026,V,0.3,start,5026,V,observed_mean,0.2123349905014038,3.3229377269744877,2.990180492401123,4768
noBeta,2026,V,0.3,middle,5026,V,reconstructed,0.8628491759300232,3.314502477645874,3.497593402862549,4759
noBeta,2026,V,0.3,middle,5026,V,observed_mean,0.1609400808811187,3.314502477645874,2.9712159633636475,4759
noBeta,2026,V,0.3,end,5026,V,reconstructed,0.8729146122932434,3.4409430027008057,3.4937264919281006,4663
noBeta,2026,V,0.3,end,5026,V,observed_mean,0.2287199795246124,3.4409430027008057,2.9947283267974854,4663
noBeta,2026,V,0.3,random,5026,V,reconstructed,0.8640709519386292,3.385507583618164,3.49983811378479,4743
noBeta,2026,V,0.3,random,5026,V,observed_mean,0.1818809509277343,3.385507583618164,2.9585232734680176,4743
noBeta,2026,V,0.3,random,5027,V,reconstructed,0.8674343228340149,3.3235881328582764,3.4992456436157227,4712
noBeta,2026,V,0.3,random,5027,V,observed_mean,0.1834025681018829,3.3235881328582764,2.981688976287842,4712
noBeta,2026,V,0.3,random,5028,V,reconstructed,0.8640633225440979,3.3525190353393555,3.4996583461761475,4710
noBeta,2026,V,0.3,random,5028,V,observed_mean,0.1781119853258133,3.3525190353393555,2.9672653675079346,4710
noBeta,2026,V,0.4,random,5026,V,reconstructed,0.8649980425834656,3.365401268005371,3.499241828918457,6357
noBeta,2026,V,0.4,random,5026,V,observed_mean,0.1923178285360336,3.365401268005371,2.9801714420318604,6357
noBeta,2026,V,0.4,random,5027,V,reconstructed,0.8671417236328125,3.3239898681640625,3.498377561569214,6308
noBeta,2026,V,0.4,random,5027,V,observed_mean,0.1946374028921127,3.3239898681640625,3.0035133361816406,6308
noBeta,2026,V,0.4,random,5028,V,reconstructed,0.8642173409461975,3.354180335998535,3.499142646789551,6306
noBeta,2026,V,0.4,random,5028,V,observed_mean,0.1904844641685485,3.354180335998535,2.985560417175293,6306
noBeta,2026,V,0.5,random,5026,V,reconstructed,0.866249680519104,3.346096992492676,3.497304677963257,7939
noBeta,2026,V,0.5,random,5026,V,observed_mean,0.2017563581466674,3.346096992492676,3.0130062103271484,7939
noBeta,2026,V,0.5,random,5027,V,reconstructed,0.8666952848434448,3.3247997760772705,3.4967281818389893,7888
noBeta,2026,V,0.5,random,5027,V,observed_mean,0.2032486796379089,3.3247997760772705,3.0272486209869385,7888
noBeta,2026,V,0.5,random,5028,V,reconstructed,0.865033745765686,3.339350938796997,3.497230052947998,7893
noBeta,2026,V,0.5,random,5028,V,observed_mean,0.201243445277214,3.339350938796997,3.0199079513549805,7893
noBeta,2026,TA,0.3,start,5026,T,reconstructed,0.37955242395401,13.870243072509766,8.644596099853516,5039
noBeta,2026,TA,0.3,start,5026,T,observed_mean,0.0982366427779197,13.870243072509766,13.100441932678224,5039
noBeta,2026,TA,0.3,start,5026,A,reconstructed,0.8947728276252747,3.1031365394592285,1.9086757898330688,5039
noBeta,2026,TA,0.3,start,5026,A,observed_mean,0.5155043601989746,3.1031365394592285,2.1168904304504395,5039
noBeta,2026,TA,0.3,middle,5026,T,reconstructed,0.3718146383762359,13.60513973236084,8.60947036743164,5039
noBeta,2026,TA,0.3,middle,5026,T,observed_mean,0.0946258157491684,13.60513973236084,13.15565586090088,5039
noBeta,2026,TA,0.3,middle,5026,A,reconstructed,0.9050159454345704,3.0693085193634038,1.909575581550598,5039
noBeta,2026,TA,0.3,middle,5026,A,observed_mean,0.4607731103897095,3.0693085193634038,2.0790295600891118,5039
noBeta,2026,TA,0.3,end,5026,T,reconstructed,0.3938876390457153,13.685562133789062,8.63094711303711,5039
noBeta,2026,TA,0.3,end,5026,T,observed_mean,0.1189362406730651,13.685562133789062,12.657519340515137,5039
noBeta,2026,TA,0.3,end,5026,A,reconstructed,0.9149293899536132,3.0738117694854736,1.9183061122894287,5039
noBeta,2026,TA,0.3,end,5026,A,observed_mean,0.5517076253890991,3.0738117694854736,2.146658420562744,5039
noBeta,2026,TA,0.3,random,5026,T,reconstructed,0.3741947114467621,13.683612823486328,8.63095474243164,5039
noBeta,2026,TA,0.3,random,5026,T,observed_mean,0.099338099360466,13.683612823486328,13.128122329711914,5039
noBeta,2026,TA,0.3,random,5026,A,reconstructed,0.909609079360962,3.060199499130249,1.9075478315353396,5039
noBeta,2026,TA,0.3,random,5026,A,observed_mean,0.488336443901062,3.060199499130249,2.1074347496032715,5039
noBeta,2026,TA,0.3,random,5027,T,reconstructed,0.3797528147697449,13.656366348266602,8.63330364227295,5039
noBeta,2026,TA,0.3,random,5027,T,observed_mean,0.104787953197956,13.656366348266602,13.128390312194824,5039
noBeta,2026,TA,0.3,random,5027,A,reconstructed,0.9043131470680236,3.0572097301483154,1.907495379447937,5039
noBeta,2026,TA,0.3,random,5027,A,observed_mean,0.4912424385547638,3.0572097301483154,2.107733726501465,5039
noBeta,2026,TA,0.3,random,5028,T,reconstructed,0.3757937252521515,13.655282974243164,8.648605346679688,5039
noBeta,2026,TA,0.3,random,5028,T,observed_mean,0.1045456007122993,13.655282974243164,13.21432399749756,5039
noBeta,2026,TA,0.3,random,5028,A,reconstructed,0.9030115604400636,3.085031032562256,1.9179027080535889,5039
noBeta,2026,TA,0.3,random,5028,A,observed_mean,0.4828627705574035,3.085031032562256,2.0931169986724854,5039
noBeta,2026,TV,0.3,start,5026,T,reconstructed,0.3783766031265259,13.873316764831545,8.686355590820312,5035
noBeta,2026,TV,0.3,start,5026,T,observed_mean,0.0982021018862724,13.873316764831545,13.104361534118652,5035
noBeta,2026,TV,0.3,start,5026,V,reconstructed,0.8698217272758484,3.3229377269744877,3.494504451751709,4768
noBeta,2026,TV,0.3,start,5026,V,observed_mean,0.2123349905014038,3.3229377269744877,2.990180492401123,4768
noBeta,2026,TV,0.3,middle,5026,T,reconstructed,0.3709013760089874,13.60771656036377,8.650463104248047,5036
noBeta,2026,TV,0.3,middle,5026,T,observed_mean,0.0946310460567474,13.60771656036377,13.156861305236816,5036
noBeta,2026,TV,0.3,middle,5026,V,reconstructed,0.8632361888885498,3.314502477645874,3.524184465408325,4759
noBeta,2026,TV,0.3,middle,5026,V,observed_mean,0.1609400808811187,3.314502477645874,2.9712159633636475,4759
noBeta,2026,TV,0.3,end,5026,T,reconstructed,0.3938970863819122,13.69025421142578,8.661438941955566,5030
noBeta,2026,TV,0.3,end,5026,T,observed_mean,0.1189681142568588,13.69025421142578,12.654040336608888,5030
noBeta,2026,TV,0.3,end,5026,V,reconstructed,0.8740450143814087,3.4409430027008057,3.494229555130005,4663
noBeta,2026,TV,0.3,end,5026,V,observed_mean,0.2287199795246124,3.4409430027008057,2.9947283267974854,4663
noBeta,2026,TV,0.3,random,5026,T,reconstructed,0.3738698065280914,13.683612823486328,8.671024322509766,5039
noBeta,2026,TV,0.3,random,5026,T,observed_mean,0.099338099360466,13.683612823486328,13.128122329711914,5039
noBeta,2026,TV,0.3,random,5026,V,reconstructed,0.8641063570976257,3.385507583618164,3.527884006500244,4743
noBeta,2026,TV,0.3,random,5026,V,observed_mean,0.1818809509277343,3.385507583618164,2.9585232734680176,4743
noBeta,2026,TV,0.3,random,5027,T,reconstructed,0.3792451918125152,13.657121658325195,8.678800582885742,5038
noBeta,2026,TV,0.3,random,5027,T,observed_mean,0.1047943606972694,13.657121658325195,13.12916660308838,5038
noBeta,2026,TV,0.3,random,5027,V,reconstructed,0.8664802312850952,3.3235881328582764,3.517643690109253,4712
noBeta,2026,TV,0.3,random,5027,V,observed_mean,0.1834025681018829,3.3235881328582764,2.981688976287842,4712
noBeta,2026,TV,0.3,random,5028,T,reconstructed,0.3751152753829956,13.662468910217283,8.68603801727295,5030
noBeta,2026,TV,0.3,random,5028,T,observed_mean,0.1044236198067665,13.662468910217283,13.219407081604004,5030
noBeta,2026,TV,0.3,random,5028,V,reconstructed,0.8636279106140137,3.3525190353393555,3.5237786769866943,4710
noBeta,2026,TV,0.3,random,5028,V,observed_mean,0.1781119853258133,3.3525190353393555,2.9672653675079346,4710
noBeta,2026,AV,0.3,start,5026,A,reconstructed,0.8975573182106018,3.103432893753052,1.8954156637191768,5035
noBeta,2026,AV,0.3,start,5026,A,observed_mean,0.515446662902832,3.103432893753052,2.116774559020996,5035
noBeta,2026,AV,0.3,start,5026,V,reconstructed,0.8704477548599243,3.3229377269744877,3.4771358966827397,4768
noBeta,2026,AV,0.3,start,5026,V,observed_mean,0.2123349905014038,3.3229377269744877,2.990180492401123,4768
noBeta,2026,AV,0.3,middle,5026,A,reconstructed,0.9090701341629028,3.0686569213867188,1.8983826637268064,5036
noBeta,2026,AV,0.3,middle,5026,A,observed_mean,0.4609586298465729,3.0686569213867188,2.077861785888672,5036
noBeta,2026,AV,0.3,middle,5026,V,reconstructed,0.862581729888916,3.314502477645874,3.4825003147125244,4759
noBeta,2026,AV,0.3,middle,5026,V,observed_mean,0.1609400808811187,3.314502477645874,2.9712159633636475,4759
noBeta,2026,AV,0.3,end,5026,A,reconstructed,0.9195908308029176,3.073930025100708,1.901281714439392,5030
noBeta,2026,AV,0.3,end,5026,A,observed_mean,0.5517523884773254,3.073930025100708,2.145446538925171,5030
noBeta,2026,AV,0.3,end,5026,V,reconstructed,0.8727588057518005,3.4409430027008057,3.487671375274658,4663
noBeta,2026,AV,0.3,end,5026,V,observed_mean,0.2287199795246124,3.4409430027008057,2.9947283267974854,4663
noBeta,2026,AV,0.3,random,5026,A,reconstructed,0.9123952388763428,3.060199499130249,1.8977134227752688,5039
noBeta,2026,AV,0.3,random,5026,A,observed_mean,0.488336443901062,3.060199499130249,2.1074347496032715,5039
noBeta,2026,AV,0.3,random,5026,V,reconstructed,0.8638180494308472,3.385507583618164,3.485881328582764,4743
noBeta,2026,AV,0.3,random,5026,V,observed_mean,0.1818809509277343,3.385507583618164,2.9585232734680176,4743
noBeta,2026,AV,0.3,random,5027,A,reconstructed,0.9104028344154358,3.0569546222686768,1.8968747854232788,5038
noBeta,2026,AV,0.3,random,5027,A,observed_mean,0.4913124144077301,3.0569546222686768,2.107370615005493,5038
noBeta,2026,AV,0.3,random,5027,V,reconstructed,0.8672426342964172,3.3235881328582764,3.4857566356658936,4712
noBeta,2026,AV,0.3,random,5027,V,observed_mean,0.1834025681018829,3.3235881328582764,2.981688976287842,4712
noBeta,2026,AV,0.3,random,5028,A,reconstructed,0.9085609316825868,3.084714651107788,1.8990147113800049,5030
noBeta,2026,AV,0.3,random,5028,A,observed_mean,0.4830438792705536,3.084714651107788,2.091108560562134,5030
noBeta,2026,AV,0.3,random,5028,V,reconstructed,0.8638098835945129,3.3525190353393555,3.4876513481140137,4710
noBeta,2026,AV,0.3,random,5028,V,observed_mean,0.1781119853258133,3.3525190353393555,2.9672653675079346,4710
noBeta,2026,TAV,0.3,start,5026,T,reconstructed,0.3777700364589691,13.873316764831545,8.670105934143066,5035
noBeta,2026,TAV,0.3,start,5026,T,observed_mean,0.0982021018862724,13.873316764831545,13.104361534118652,5035
noBeta,2026,TAV,0.3,start,5026,A,reconstructed,0.8955913782119751,3.103432893753052,1.9003461599349976,5035
noBeta,2026,TAV,0.3,start,5026,A,observed_mean,0.515446662902832,3.103432893753052,2.116774559020996,5035
noBeta,2026,TAV,0.3,start,5026,V,reconstructed,0.8696566820144653,3.3229377269744877,3.4690134525299072,4768
noBeta,2026,TAV,0.3,start,5026,V,observed_mean,0.2123349905014038,3.3229377269744877,2.990180492401123,4768
noBeta,2026,TAV,0.3,middle,5026,T,reconstructed,0.3699657022953033,13.60771656036377,8.63821792602539,5036
noBeta,2026,TAV,0.3,middle,5026,T,observed_mean,0.0946310460567474,13.60771656036377,13.156861305236816,5036
noBeta,2026,TAV,0.3,middle,5026,A,reconstructed,0.9057912230491638,3.0686569213867188,1.899859070777893,5036
noBeta,2026,TAV,0.3,middle,5026,A,observed_mean,0.4609586298465729,3.0686569213867188,2.077861785888672,5036
noBeta,2026,TAV,0.3,middle,5026,V,reconstructed,0.8628673553466797,3.314502477645874,3.5067827701568604,4759
noBeta,2026,TAV,0.3,middle,5026,V,observed_mean,0.1609400808811187,3.314502477645874,2.9712159633636475,4759
noBeta,2026,TAV,0.3,end,5026,T,reconstructed,0.3925954103469848,13.69025421142578,8.65420913696289,5030
noBeta,2026,TAV,0.3,end,5026,T,observed_mean,0.1189681142568588,13.69025421142578,12.654040336608888,5030
noBeta,2026,TAV,0.3,end,5026,A,reconstructed,0.9160299897193908,3.073930025100708,1.9110788106918333,5030
noBeta,2026,TAV,0.3,end,5026,A,observed_mean,0.5517523884773254,3.073930025100708,2.145446538925171,5030
noBeta,2026,TAV,0.3,end,5026,V,reconstructed,0.873950719833374,3.4409430027008057,3.4890570640563965,4663
noBeta,2026,TAV,0.3,end,5026,V,observed_mean,0.2287199795246124,3.4409430027008057,2.9947283267974854,4663
noBeta,2026,TAV,0.3,random,5026,T,reconstructed,0.372573971748352,13.683612823486328,8.65904426574707,5039
noBeta,2026,TAV,0.3,random,5026,T,observed_mean,0.099338099360466,13.683612823486328,13.128122329711914,5039
noBeta,2026,TAV,0.3,random,5026,A,reconstructed,0.9107024669647216,3.060199499130249,1.899264097213745,5039
noBeta,2026,TAV,0.3,random,5026,A,observed_mean,0.488336443901062,3.060199499130249,2.1074347496032715,5039
noBeta,2026,TAV,0.3,random,5026,V,reconstructed,0.8638275861740112,3.385507583618164,3.512703418731689,4743
noBeta,2026,TAV,0.3,random,5026,V,observed_mean,0.1818809509277343,3.385507583618164,2.9585232734680176,4743
noBeta,2026,TAV,0.3,random,5027,T,reconstructed,0.3780450224876404,13.657121658325195,8.663798332214355,5038
noBeta,2026,TAV,0.3,random,5027,T,observed_mean,0.1047943606972694,13.657121658325195,13.12916660308838,5038
noBeta,2026,TAV,0.3,random,5027,A,reconstructed,0.9047949314117432,3.0569546222686768,1.897978901863098,5038
noBeta,2026,TAV,0.3,random,5027,A,observed_mean,0.4913124144077301,3.0569546222686768,2.107370615005493,5038
noBeta,2026,TAV,0.3,random,5027,V,reconstructed,0.8661928176879883,3.3235881328582764,3.5036816596984863,4712
noBeta,2026,TAV,0.3,random,5027,V,observed_mean,0.1834025681018829,3.3235881328582764,2.981688976287842,4712
noBeta,2026,TAV,0.3,random,5028,T,reconstructed,0.3737540245056152,13.662468910217283,8.67733383178711,5030
noBeta,2026,TAV,0.3,random,5028,T,observed_mean,0.1044236198067665,13.662468910217283,13.219407081604004,5030
noBeta,2026,TAV,0.3,random,5028,A,reconstructed,0.9039108157157898,3.084714651107788,1.909498691558838,5030
noBeta,2026,TAV,0.3,random,5028,A,observed_mean,0.4830438792705536,3.084714651107788,2.091108560562134,5030
noBeta,2026,TAV,0.3,random,5028,V,reconstructed,0.8633327484130859,3.3525190353393555,3.510768413543701,4710
noBeta,2026,TAV,0.3,random,5028,V,observed_mean,0.1781119853258133,3.3525190353393555,2.9672653675079346,4710
noBeta,2027,T,0.1,random,5026,T,reconstructed,0.3224804103374481,14.553853034973145,9.829890251159668,1711
noBeta,2027,T,0.1,random,5026,T,observed_mean,0.0618440844118595,14.553853034973145,14.17458724975586,1711
noBeta,2027,T,0.1,random,5027,T,reconstructed,0.3272820711135864,14.5198974609375,9.818020820617676,1711
noBeta,2027,T,0.1,random,5027,T,observed_mean,0.0683690309524536,14.5198974609375,14.114737510681152,1711
noBeta,2027,T,0.1,random,5028,T,reconstructed,0.328652560710907,14.543598175048828,9.825215339660645,1711
noBeta,2027,T,0.1,random,5028,T,observed_mean,0.0715623050928115,14.543598175048828,14.083531379699709,1711
noBeta,2027,T,0.2,random,5026,T,reconstructed,0.3314826190471649,14.524867057800291,9.80083179473877,3400
noBeta,2027,T,0.2,random,5026,T,observed_mean,0.0820993036031723,14.524867057800291,14.141280174255373,3400
noBeta,2027,T,0.2,random,5027,T,reconstructed,0.3337374627590179,14.491799354553224,9.807425498962402,3400
noBeta,2027,T,0.2,random,5027,T,observed_mean,0.0828572809696197,14.491799354553224,14.067017555236816,3400
noBeta,2027,T,0.2,random,5028,T,reconstructed,0.3339770138263702,14.519560813903809,9.81887435913086,3400
noBeta,2027,T,0.2,random,5028,T,observed_mean,0.0869419574737548,14.519560813903809,14.098923683166504,3400
noBeta,2027,T,0.3,start,5026,T,reconstructed,0.3441168367862701,14.705100059509276,9.701642990112305,5039
noBeta,2027,T,0.3,start,5026,T,observed_mean,0.0951858982443809,14.705100059509276,13.922774314880373,5039
noBeta,2027,T,0.3,middle,5026,T,reconstructed,0.3386103510856628,14.446430206298828,9.727387428283691,5039
noBeta,2027,T,0.3,middle,5026,T,observed_mean,0.0936040431261062,14.446430206298828,14.011457443237305,5039
noBeta,2027,T,0.3,end,5026,T,reconstructed,0.3520689010620117,14.61244297027588,9.698883056640623,5039
noBeta,2027,T,0.3,end,5026,T,observed_mean,0.1154819652438163,14.61244297027588,13.453357696533203,5039
noBeta,2027,T,0.3,random,5026,T,reconstructed,0.3397905528545379,14.52544403076172,9.719608306884766,5039
noBeta,2027,T,0.3,random,5026,T,observed_mean,0.0987492054700851,14.52544403076172,14.036378860473633,5039
noBeta,2027,T,0.3,random,5027,T,reconstructed,0.3445707559585571,14.487088203430176,9.734882354736328,5039
noBeta,2027,T,0.3,random,5027,T,observed_mean,0.0995745584368705,14.487088203430176,13.96486473083496,5039
noBeta,2027,T,0.3,random,5028,T,reconstructed,0.3413137197494507,14.491323471069336,9.768658638000488,5039
noBeta,2027,T,0.3,random,5028,T,observed_mean,0.1011888310313224,14.491323471069336,14.09617042541504,5039
noBeta,2027,T,0.4,random,5026,T,reconstructed,0.3510977923870086,14.533720016479492,9.65088939666748,6740
noBeta,2027,T,0.4,random,5026,T,observed_mean,0.1183846220374107,14.533720016479492,13.938183784484863,6740
noBeta,2027,T,0.4,random,5027,T,reconstructed,0.3583950698375702,14.479001998901367,9.666746139526367,6740
noBeta,2027,T,0.4,random,5027,T,observed_mean,0.1251725852489471,14.479001998901367,13.932836532592772,6740
noBeta,2027,T,0.4,random,5028,T,reconstructed,0.3511480987071991,14.492009162902832,9.693368911743164,6740
noBeta,2027,T,0.4,random,5028,T,observed_mean,0.1198766902089119,14.492009162902832,14.037823677062988,6740
noBeta,2027,T,0.5,random,5026,T,reconstructed,0.3621869683265686,14.533827781677246,9.538235664367676,8415
noBeta,2027,T,0.5,random,5026,T,observed_mean,0.1391807049512863,14.533827781677246,13.76710033416748,8415
noBeta,2027,T,0.5,random,5027,T,reconstructed,0.3683622777462005,14.49546718597412,9.544161796569824,8415
noBeta,2027,T,0.5,random,5027,T,observed_mean,0.1440286785364151,14.49546718597412,13.765179634094238,8415
noBeta,2027,T,0.5,random,5028,T,reconstructed,0.3635028600692749,14.489089965820312,9.586709022521973,8415
noBeta,2027,T,0.5,random,5028,T,observed_mean,0.1394549310207367,14.489089965820312,13.912976264953612,8415
noBeta,2027,A,0.1,random,5026,A,reconstructed,0.9139320850372314,3.0883891582489014,1.839085817337036,1711
noBeta,2027,A,0.1,random,5026,A,observed_mean,0.435179054737091,3.0883891582489014,2.0589396953582764,1711
noBeta,2027,A,0.1,random,5027,A,reconstructed,0.9173410534858704,3.0919651985168457,1.8396345376968384,1711
noBeta,2027,A,0.1,random,5027,A,observed_mean,0.4373990595340729,3.0919651985168457,2.0609560012817383,1711
noBeta,2027,A,0.1,random,5028,A,reconstructed,0.9175554513931274,3.0379831790924072,1.838595986366272,1711
noBeta,2027,A,0.1,random,5028,A,observed_mean,0.4295667707920074,3.0379831790924072,2.0622634887695312,1711
noBeta,2027,A,0.2,random,5026,A,reconstructed,0.9149383306503296,3.069063425064087,1.838060975074768,3400
noBeta,2027,A,0.2,random,5026,A,observed_mean,0.4650586545467376,3.069063425064087,2.064237356185913,3400
noBeta,2027,A,0.2,random,5027,A,reconstructed,0.9170350432395936,3.0648324489593506,1.8387218713760376,3400
noBeta,2027,A,0.2,random,5027,A,observed_mean,0.4703707993030548,3.0648324489593506,2.0674660205841064,3400
noBeta,2027,A,0.2,random,5028,A,reconstructed,0.9173807501792908,3.082566022872925,1.837459921836853,3400
noBeta,2027,A,0.2,random,5028,A,observed_mean,0.4590370059013366,3.082566022872925,2.056328535079956,3400
noBeta,2027,A,0.3,start,5026,A,reconstructed,0.938327133655548,3.1024012565612797,1.830502152442932,5039
noBeta,2027,A,0.3,start,5026,A,observed_mean,0.5141183733940125,3.1024012565612797,2.1187632083892822,5039
noBeta,2027,A,0.3,middle,5026,A,reconstructed,0.9160304665565492,3.0689191818237305,1.8375555276870728,5039
noBeta,2027,A,0.3,middle,5026,A,observed_mean,0.4596185386180877,3.0689191818237305,2.080996513366699,5039
noBeta,2027,A,0.3,end,5026,A,reconstructed,0.8972250819206238,3.074176549911499,1.839967370033264,5039
noBeta,2027,A,0.3,end,5026,A,observed_mean,0.5499892234802246,3.074176549911499,2.1477744579315186,5039
noBeta,2027,A,0.3,random,5026,A,reconstructed,0.915033519268036,3.0600340366363525,1.8373477458953855,5039
noBeta,2027,A,0.3,random,5026,A,observed_mean,0.4870738089084625,3.0600340366363525,2.109236240386963,5039
noBeta,2027,A,0.3,random,5027,A,reconstructed,0.9176056385040284,3.0577049255371094,1.8381057977676392,5039
noBeta,2027,A,0.3,random,5027,A,observed_mean,0.4899214804172516,3.0577049255371094,2.109262228012085,5039
noBeta,2027,A,0.3,random,5028,A,reconstructed,0.917921245098114,3.0854058265686035,1.836709260940552,5039
noBeta,2027,A,0.3,random,5028,A,observed_mean,0.4815048575401306,3.0854058265686035,2.0946786403656006,5039
noBeta,2027,A,0.4,random,5026,A,reconstructed,0.9148462414741516,3.0527138710021973,1.8360707759857176,6740
noBeta,2027,A,0.4,random,5026,A,observed_mean,0.5036439895629883,3.0527138710021973,2.146393299102783,6740
noBeta,2027,A,0.4,random,5027,A,reconstructed,0.918039321899414,3.055973052978516,1.8364450931549072,6740
noBeta,2027,A,0.4,random,5027,A,observed_mean,0.5036474466323853,3.055973052978516,2.1459949016571045,6740
noBeta,2027,A,0.4,random,5028,A,reconstructed,0.9175858497619628,3.0869758129119877,1.835386037826538,6740
noBeta,2027,A,0.4,random,5028,A,observed_mean,0.4991781413555145,3.0869758129119877,2.1230478286743164,6740
noBeta,2027,A,0.5,random,5026,A,reconstructed,0.9150363802909852,3.0547664165496826,1.8353428840637207,8415
noBeta,2027,A,0.5,random,5026,A,observed_mean,0.5174890160560608,3.0547664165496826,2.1922428607940674,8415
noBeta,2027,A,0.5,random,5027,A,reconstructed,0.9163614511489868,3.076262950897217,1.8356162309646609,8415
noBeta,2027,A,0.5,random,5027,A,observed_mean,0.5165853500366211,3.076262950897217,2.178534507751465,8415
noBeta,2027,A,0.5,random,5028,A,reconstructed,0.9163768887519836,3.0783724784851074,1.8346152305603027,8415
noBeta,2027,A,0.5,random,5028,A,observed_mean,0.5172048211097717,3.0783724784851074,2.168219804763794,8415
noBeta,2027,V,0.1,random,5026,V,reconstructed,0.868971049785614,3.4021692276000977,3.4686288833618164,1604
noBeta,2027,V,0.1,random,5026,V,observed_mean,0.1578978598117828,3.4021692276000977,2.9407742023468018,1604
noBeta,2027,V,0.1,random,5027,V,reconstructed,0.8720074892044067,3.3020713329315186,3.4725515842437744,1595
noBeta,2027,V,0.1,random,5027,V,observed_mean,0.1571739166975021,3.3020713329315186,2.965296745300293,1595
noBeta,2027,V,0.1,random,5028,V,reconstructed,0.8712726831436157,3.379505157470703,3.4757866859436035,1588
noBeta,2027,V,0.1,random,5028,V,observed_mean,0.1535892635583877,3.379505157470703,2.956279993057251,1588
noBeta,2027,V,0.2,random,5026,V,reconstructed,0.8673041462898254,3.397054672241211,3.479478359222412,3194
noBeta,2027,V,0.2,random,5026,V,observed_mean,0.1718457639217376,3.397054672241211,2.95064640045166,3194
noBeta,2027,V,0.2,random,5027,V,reconstructed,0.8716245889663696,3.3182172775268555,3.4833853244781494,3180
noBeta,2027,V,0.2,random,5027,V,observed_mean,0.1723105758428573,3.3182172775268555,2.970391035079956,3180
noBeta,2027,V,0.2,random,5028,V,reconstructed,0.8701363205909729,3.379164457321167,3.484485387802124,3176
noBeta,2027,V,0.2,random,5028,V,observed_mean,0.1701096445322036,3.379164457321167,2.9589598178863525,3176
noBeta,2027,V,0.3,start,5026,V,reconstructed,0.8719421029090881,3.326411008834839,3.49605393409729,4768
noBeta,2027,V,0.3,start,5026,V,observed_mean,0.2129458785057068,3.326411008834839,2.993591785430908,4768
noBeta,2027,V,0.3,middle,5026,V,reconstructed,0.8720654845237732,3.3183298110961914,3.483766794204712,4759
noBeta,2027,V,0.3,middle,5026,V,observed_mean,0.1618032902479171,3.3183298110961914,2.9754412174224854,4759
noBeta,2027,V,0.3,end,5026,V,reconstructed,0.8704614043235779,3.4479451179504395,3.4876139163970947,4663
noBeta,2027,V,0.3,end,5026,V,observed_mean,0.2290029972791671,3.4479451179504395,2.997290849685669,4663
noBeta,2027,V,0.3,random,5026,V,reconstructed,0.8687255382537842,3.3903753757476807,3.488834381103516,4743
noBeta,2027,V,0.3,random,5026,V,observed_mean,0.1825845688581466,3.3903753757476807,2.9619946479797363,4743
noBeta,2027,V,0.3,random,5027,V,reconstructed,0.871442973613739,3.3272545337677,3.4906373023986816,4712
noBeta,2027,V,0.3,random,5027,V,observed_mean,0.184253990650177,3.3272545337677,2.9858431816101074,4712
noBeta,2027,V,0.3,random,5028,V,reconstructed,0.8698467016220093,3.357284545898437,3.491976022720337,4710
noBeta,2027,V,0.3,random,5028,V,observed_mean,0.178634688258171,3.357284545898437,2.970597982406616,4710
noBeta,2027,V,0.4,random,5026,V,reconstructed,0.869798481464386,3.369800806045532,3.4990758895874023,6357
noBeta,2027,V,0.4,random,5026,V,observed_mean,0.1930733919143676,3.369800806045532,2.9839835166931152,6357
noBeta,2027,V,0.4,random,5027,V,reconstructed,0.8717660307884216,3.3276524543762207,3.4999806880950928,6308
noBeta,2027,V,0.4,random,5027,V,observed_mean,0.1954789608716964,3.3276524543762207,3.0079495906829834,6308
noBeta,2027,V,0.4,random,5028,V,reconstructed,0.8691274523735046,3.3592114448547363,3.502551317214966,6306
noBeta,2027,V,0.4,random,5028,V,observed_mean,0.191039502620697,3.3592114448547363,2.9887259006500244,6306
noBeta,2027,V,0.5,random,5026,V,reconstructed,0.8704097270965576,3.3502614498138428,3.507232189178467,7939
noBeta,2027,V,0.5,random,5026,V,observed_mean,0.2025468796491623,3.3502614498138428,3.0173285007476807,7939
noBeta,2027,V,0.5,random,5027,V,reconstructed,0.8716515898704529,3.328399419784546,3.5078604221343994,7888
noBeta,2027,V,0.5,random,5027,V,observed_mean,0.2040671706199646,3.328399419784546,3.032099723815918,7888
noBeta,2027,V,0.5,random,5028,V,reconstructed,0.8700839281082153,3.3440990447998047,3.5097498893737797,7893
noBeta,2027,V,0.5,random,5028,V,observed_mean,0.2017930895090103,3.3440990447998047,3.023357391357422,7893
noBeta,2027,TA,0.3,start,5026,T,reconstructed,0.3421909809112549,14.705100059509276,9.69225788116455,5039
noBeta,2027,TA,0.3,start,5026,T,observed_mean,0.0951858982443809,14.705100059509276,13.922774314880373,5039
noBeta,2027,TA,0.3,start,5026,A,reconstructed,0.9382331371307372,3.1024012565612797,1.8422517776489256,5039
noBeta,2027,TA,0.3,start,5026,A,observed_mean,0.5141183733940125,3.1024012565612797,2.1187632083892822,5039
noBeta,2027,TA,0.3,middle,5026,T,reconstructed,0.3364490568637848,14.446430206298828,9.72256088256836,5039
noBeta,2027,TA,0.3,middle,5026,T,observed_mean,0.0936040431261062,14.446430206298828,14.011457443237305,5039
noBeta,2027,TA,0.3,middle,5026,A,reconstructed,0.9170668721199036,3.0689191818237305,1.8418978452682493,5039
noBeta,2027,TA,0.3,middle,5026,A,observed_mean,0.4596185386180877,3.0689191818237305,2.080996513366699,5039
noBeta,2027,TA,0.3,end,5026,T,reconstructed,0.3498978018760681,14.61244297027588,9.686702728271484,5039
noBeta,2027,TA,0.3,end,5026,T,observed_mean,0.1154819652438163,14.61244297027588,13.453357696533203,5039
noBeta,2027,TA,0.3,end,5026,A,reconstructed,0.9010177850723268,3.074176549911499,1.8330399990081787,5039
noBeta,2027,TA,0.3,end,5026,A,observed_mean,0.5499892234802246,3.074176549911499,2.1477744579315186,5039
noBeta,2027,TA,0.3,random,5026,T,reconstructed,0.3375535309314728,14.52544403076172,9.713610649108888,5039
noBeta,2027,TA,0.3,random,5026,T,observed_mean,0.0987492054700851,14.52544403076172,14.036378860473633,5039
noBeta,2027,TA,0.3,random,5026,A,reconstructed,0.9168134927749634,3.0600340366363525,1.835326075553894,5039
noBeta,2027,TA,0.3,random,5026,A,observed_mean,0.4870738089084625,3.0600340366363525,2.109236240386963,5039
noBeta,2027,TA,0.3,random,5027,T,reconstructed,0.3424021601676941,14.487088203430176,9.722294807434082,5039
noBeta,2027,TA,0.3,random,5027,T,observed_mean,0.0995745584368705,14.487088203430176,13.96486473083496,5039
noBeta,2027,TA,0.3,random,5027,A,reconstructed,0.9200373888015748,3.0577049255371094,1.838136315345764,5039
noBeta,2027,TA,0.3,random,5027,A,observed_mean,0.4899214804172516,3.0577049255371094,2.109262228012085,5039
noBeta,2027,TA,0.3,random,5028,T,reconstructed,0.3391767740249634,14.491323471069336,9.76486587524414,5039
noBeta,2027,TA,0.3,random,5028,T,observed_mean,0.1011888310313224,14.491323471069336,14.09617042541504,5039
noBeta,2027,TA,0.3,random,5028,A,reconstructed,0.9202021956443788,3.0854058265686035,1.8340880870819087,5039
noBeta,2027,TA,0.3,random,5028,A,observed_mean,0.4815048575401306,3.0854058265686035,2.0946786403656006,5039
noBeta,2027,TV,0.3,start,5026,T,reconstructed,0.3407557308673858,14.707087516784668,9.747925758361816,5035
noBeta,2027,TV,0.3,start,5026,T,observed_mean,0.0952162742614746,14.707087516784668,13.925148963928224,5035
noBeta,2027,TV,0.3,start,5026,V,reconstructed,0.8741265535354614,3.326411008834839,3.412692070007324,4768
noBeta,2027,TV,0.3,start,5026,V,observed_mean,0.2129458785057068,3.326411008834839,2.993591785430908,4768
noBeta,2027,TV,0.3,middle,5026,T,reconstructed,0.3354343473911285,14.449349403381348,9.778131484985352,5036
noBeta,2027,TV,0.3,middle,5026,T,observed_mean,0.0935952886939048,14.449349403381348,14.01353359222412,5036
noBeta,2027,TV,0.3,middle,5026,V,reconstructed,0.8711686730384827,3.3183298110961914,3.4554660320281982,4759
noBeta,2027,TV,0.3,middle,5026,V,observed_mean,0.1618032902479171,3.3183298110961914,2.9754412174224854,4759
noBeta,2027,TV,0.3,end,5026,T,reconstructed,0.3487105071544647,14.61927318572998,9.744830131530762,5030
noBeta,2027,TV,0.3,end,5026,T,observed_mean,0.1155006512999534,14.61927318572998,13.457414627075195,5030
noBeta,2027,TV,0.3,end,5026,V,reconstructed,0.8738449811935425,3.4479451179504395,3.441447734832764,4663
noBeta,2027,TV,0.3,end,5026,V,observed_mean,0.2290029972791671,3.4479451179504395,2.997290849685669,4663
noBeta,2027,TV,0.3,random,5026,T,reconstructed,0.3363892138004303,14.52544403076172,9.776165008544922,5039
noBeta,2027,TV,0.3,random,5026,T,observed_mean,0.0987492054700851,14.52544403076172,14.036378860473633,5039
noBeta,2027,TV,0.3,random,5026,V,reconstructed,0.8706769347190857,3.3903753757476807,3.4643359184265137,4743
noBeta,2027,TV,0.3,random,5026,V,observed_mean,0.1825845688581466,3.3903753757476807,2.9619946479797363,4743
noBeta,2027,TV,0.3,random,5027,T,reconstructed,0.3412672579288482,14.488236427307127,9.786386489868164,5038
noBeta,2027,TV,0.3,random,5027,T,observed_mean,0.0995800346136093,14.488236427307127,13.965310096740724,5038
noBeta,2027,TV,0.3,random,5027,V,reconstructed,0.8738085031509399,3.3272545337677,3.46428656578064,4712
noBeta,2027,TV,0.3,random,5027,V,observed_mean,0.184253990650177,3.3272545337677,2.9858431816101074,4712
noBeta,2027,TV,0.3,random,5028,T,reconstructed,0.3379702866077423,14.497437477111816,9.820782661437988,5030
noBeta,2027,TV,0.3,random,5028,T,observed_mean,0.1011327356100082,14.497437477111816,14.101690292358398,5030
noBeta,2027,TV,0.3,random,5028,V,reconstructed,0.8692350387573242,3.357284545898437,3.461246490478516,4710
noBeta,2027,TV,0.3,random,5028,V,observed_mean,0.178634688258171,3.357284545898437,2.970597982406616,4710
noBeta,2027,AV,0.3,start,5026,A,reconstructed,0.9367716312408448,3.102708339691162,1.8326025009155276,5035
noBeta,2027,AV,0.3,start,5026,A,observed_mean,0.5140527486801147,3.102708339691162,2.1186296939849854,5035
noBeta,2027,AV,0.3,start,5026,V,reconstructed,0.8718376159667969,3.326411008834839,3.521230697631836,4768
noBeta,2027,AV,0.3,start,5026,V,observed_mean,0.2129458785057068,3.326411008834839,2.993591785430908,4768
noBeta,2027,AV,0.3,middle,5026,A,reconstructed,0.9139288663864136,3.0682623386383057,1.83919358253479,5036
noBeta,2027,AV,0.3,middle,5026,A,observed_mean,0.4597994983196258,3.0682623386383057,2.079799175262451,5036
noBeta,2027,AV,0.3,middle,5026,V,reconstructed,0.8719533681869507,3.3183298110961914,3.511730670928955,4759
noBeta,2027,AV,0.3,middle,5026,V,observed_mean,0.1618032902479171,3.3183298110961914,2.9754412174224854,4759
noBeta,2027,AV,0.3,end,5026,A,reconstructed,0.8946928977966309,3.074357748031616,1.841441035270691,5030
noBeta,2027,AV,0.3,end,5026,A,observed_mean,0.5500347018241882,3.074357748031616,2.1466221809387207,5030
noBeta,2027,AV,0.3,end,5026,V,reconstructed,0.8704416751861572,3.4479451179504395,3.5149874687194824,4663
noBeta,2027,AV,0.3,end,5026,V,observed_mean,0.2290029972791671,3.4479451179504395,2.997290849685669,4663
noBeta,2027,AV,0.3,random,5026,A,reconstructed,0.9130589962005616,3.0600340366363525,1.8399040699005127,5039
noBeta,2027,AV,0.3,random,5026,A,observed_mean,0.4870738089084625,3.0600340366363525,2.109236240386963,5039
noBeta,2027,AV,0.3,random,5026,V,reconstructed,0.8685725331306458,3.3903753757476807,3.516227960586548,4743
noBeta,2027,AV,0.3,random,5026,V,observed_mean,0.1825845688581466,3.3903753757476807,2.9619946479797363,4743
noBeta,2027,AV,0.3,random,5027,A,reconstructed,0.9157315492630004,3.0574429035186768,1.840187191963196,5038
noBeta,2027,AV,0.3,random,5027,A,observed_mean,0.4899909198284149,3.0574429035186768,2.108893394470215,5038
noBeta,2027,AV,0.3,random,5027,V,reconstructed,0.871430516242981,3.3272545337677,3.517475843429565,4712
noBeta,2027,AV,0.3,random,5027,V,observed_mean,0.184253990650177,3.3272545337677,2.9858431816101074,4712
noBeta,2027,AV,0.3,random,5028,A,reconstructed,0.9157262444496156,3.085049152374268,1.8383305072784424,5030
noBeta,2027,AV,0.3,random,5028,A,observed_mean,0.4816887676715851,3.085049152374268,2.092625617980957,5030
noBeta,2027,AV,0.3,random,5028,V,reconstructed,0.869804859161377,3.357284545898437,3.5197365283966064,4710
noBeta,2027,AV,0.3,random,5028,V,observed_mean,0.178634688258171,3.357284545898437,2.970597982406616,4710
noBeta,2027,TAV,0.3,start,5026,T,reconstructed,0.3387827575206756,14.707087516784668,9.73814868927002,5035
noBeta,2027,TAV,0.3,start,5026,T,observed_mean,0.0952162742614746,14.707087516784668,13.925148963928224,5035
noBeta,2027,TAV,0.3,start,5026,A,reconstructed,0.936720609664917,3.102708339691162,1.843161702156067,5035
noBeta,2027,TAV,0.3,start,5026,A,observed_mean,0.5140527486801147,3.102708339691162,2.1186296939849854,5035
noBeta,2027,TAV,0.3,start,5026,V,reconstructed,0.8740871548652649,3.326411008834839,3.443300485610962,4768
noBeta,2027,TAV,0.3,start,5026,V,observed_mean,0.2129458785057068,3.326411008834839,2.993591785430908,4768
noBeta,2027,TAV,0.3,middle,5026,T,reconstructed,0.3332624435424804,14.449349403381348,9.773307800292969,5036
noBeta,2027,TAV,0.3,middle,5026,T,observed_mean,0.0935952886939048,14.449349403381348,14.01353359222412,5036
noBeta,2027,TAV,0.3,middle,5026,A,reconstructed,0.9147613644599916,3.0682623386383057,1.84295654296875,5036
noBeta,2027,TAV,0.3,middle,5026,A,observed_mean,0.4597994983196258,3.0682623386383057,2.079799175262451,5036
noBeta,2027,TAV,0.3,middle,5026,V,reconstructed,0.8710805177688599,3.3183298110961914,3.490297555923462,4759
noBeta,2027,TAV,0.3,middle,5026,V,observed_mean,0.1618032902479171,3.3183298110961914,2.9754412174224854,4759
noBeta,2027,TAV,0.3,end,5026,T,reconstructed,0.3465043902397156,14.61927318572998,9.732410430908203,5030
noBeta,2027,TAV,0.3,end,5026,T,observed_mean,0.1155006512999534,14.61927318572998,13.457414627075195,5030
noBeta,2027,TAV,0.3,end,5026,A,reconstructed,0.8982052803039551,3.074357748031616,1.8332841396331787,5030
noBeta,2027,TAV,0.3,end,5026,A,observed_mean,0.5500347018241882,3.074357748031616,2.1466221809387207,5030
noBeta,2027,TAV,0.3,end,5026,V,reconstructed,0.8739656209945679,3.4479451179504395,3.4760122299194336,4663
noBeta,2027,TAV,0.3,end,5026,V,observed_mean,0.2290029972791671,3.4479451179504395,2.997290849685669,4663
noBeta,2027,TAV,0.3,random,5026,T,reconstructed,0.3341004550457001,14.52544403076172,9.770133972167969,5039
noBeta,2027,TAV,0.3,random,5026,T,observed_mean,0.0987492054700851,14.52544403076172,14.036378860473633,5039
noBeta,2027,TAV,0.3,random,5026,A,reconstructed,0.914588987827301,3.0600340366363525,1.8367576599121092,5039
noBeta,2027,TAV,0.3,random,5026,A,observed_mean,0.4870738089084625,3.0600340366363525,2.109236240386963,5039
noBeta,2027,TAV,0.3,random,5026,V,reconstructed,0.8705567717552185,3.3903753757476807,3.4988691806793213,4743
noBeta,2027,TAV,0.3,random,5026,V,observed_mean,0.1825845688581466,3.3903753757476807,2.9619946479797363,4743
noBeta,2027,TAV,0.3,random,5027,T,reconstructed,0.3390609323978424,14.488236427307127,9.773241996765137,5038
noBeta,2027,TAV,0.3,random,5027,T,observed_mean,0.0995800346136093,14.488236427307127,13.965310096740724,5038
noBeta,2027,TAV,0.3,random,5027,A,reconstructed,0.9181710481643676,3.0574429035186768,1.8393669128417969,5038
noBeta,2027,TAV,0.3,random,5027,A,observed_mean,0.4899909198284149,3.0574429035186768,2.108893394470215,5038
noBeta,2027,TAV,0.3,random,5027,V,reconstructed,0.8738905787467957,3.3272545337677,3.4969961643218994,4712
noBeta,2027,TAV,0.3,random,5027,V,observed_mean,0.184253990650177,3.3272545337677,2.9858431816101074,4712
noBeta,2027,TAV,0.3,random,5028,T,reconstructed,0.335816353559494,14.497437477111816,9.817365646362305,5030
noBeta,2027,TAV,0.3,random,5028,T,observed_mean,0.1011327356100082,14.497437477111816,14.101690292358398,5030
noBeta,2027,TAV,0.3,random,5028,A,reconstructed,0.9178523421287536,3.085049152374268,1.834818959236145,5030
noBeta,2027,TAV,0.3,random,5028,A,observed_mean,0.4816887676715851,3.085049152374268,2.092625617980957,5030
noBeta,2027,TAV,0.3,random,5028,V,reconstructed,0.8692189455032349,3.357284545898437,3.495728015899658,4710
noBeta,2027,TAV,0.3,random,5028,V,observed_mean,0.178634688258171,3.357284545898437,2.970597982406616,4710
noBeta,2028,T,0.1,random,5026,T,reconstructed,0.5149999260902405,13.00893783569336,8.66100025177002,1711
noBeta,2028,T,0.1,random,5026,T,observed_mean,0.0596056692302227,13.00893783569336,12.6433744430542,1711
noBeta,2028,T,0.1,random,5027,T,reconstructed,0.5150301456451416,12.986132621765137,8.665953636169434,1711
noBeta,2028,T,0.1,random,5027,T,observed_mean,0.0660996362566948,12.986132621765137,12.589645385742188,1711
noBeta,2028,T,0.1,random,5028,T,reconstructed,0.5146329402923584,13.00097942352295,8.662809371948242,1711
noBeta,2028,T,0.1,random,5028,T,observed_mean,0.0674472078680992,13.00097942352295,12.556436538696287,1711
noBeta,2028,T,0.2,random,5026,T,reconstructed,0.5182580351829529,12.960038185119627,8.652417182922363,3400
noBeta,2028,T,0.2,random,5026,T,observed_mean,0.0764720439910888,12.960038185119627,12.611300468444824,3400
noBeta,2028,T,0.2,random,5027,T,reconstructed,0.5173256397247314,12.955574035644531,8.665018081665039,3400
noBeta,2028,T,0.2,random,5027,T,observed_mean,0.0779086500406265,12.955574035644531,12.574175834655762,3400
noBeta,2028,T,0.2,random,5028,T,reconstructed,0.5171248912811279,12.96438217163086,8.656912803649902,3400
noBeta,2028,T,0.2,random,5028,T,observed_mean,0.080572709441185,12.96438217163086,12.571585655212402,3400
noBeta,2028,T,0.3,start,5026,T,reconstructed,0.5173009037971497,13.247883796691896,8.50174617767334,5039
noBeta,2028,T,0.3,start,5026,T,observed_mean,0.0893902704119682,13.247883796691896,12.422476768493652,5039
noBeta,2028,T,0.3,middle,5026,T,reconstructed,0.5192530751228333,12.874186515808104,8.615614891052246,5039
noBeta,2028,T,0.3,middle,5026,T,observed_mean,0.0876316428184509,12.874186515808104,12.590620040893556,5039
noBeta,2028,T,0.3,end,5026,T,reconstructed,0.5312386155128479,12.96036148071289,8.573338508605957,5039
noBeta,2028,T,0.3,end,5026,T,observed_mean,0.1055967882275581,12.96036148071289,11.953371047973633,5039
noBeta,2028,T,0.3,random,5026,T,reconstructed,0.5209589600563049,12.959016799926758,8.606690406799316,5039
noBeta,2028,T,0.3,random,5026,T,observed_mean,0.0915903598070144,12.959016799926758,12.561540603637695,5039
noBeta,2028,T,0.3,random,5027,T,reconstructed,0.5206981897354126,12.934329986572266,8.610627174377441,5039
noBeta,2028,T,0.3,random,5027,T,observed_mean,0.0913209468126297,12.934329986572266,12.526935577392578,5039
noBeta,2028,T,0.3,random,5028,T,reconstructed,0.5201178789138794,12.935961723327637,8.605987548828125,5039
noBeta,2028,T,0.3,random,5028,T,observed_mean,0.0938463062047958,12.935961723327637,12.582350730895996,5039
noBeta,2028,T,0.4,random,5026,T,reconstructed,0.5259978175163269,12.95062255859375,8.555924415588379,6740
noBeta,2028,T,0.4,random,5026,T,observed_mean,0.1093147099018096,12.95062255859375,12.47623348236084,6740
noBeta,2028,T,0.4,random,5027,T,reconstructed,0.5257875323295593,12.91901683807373,8.538339614868164,6740
noBeta,2028,T,0.4,random,5027,T,observed_mean,0.1116073951125145,12.91901683807373,12.48422622680664,6740
noBeta,2028,T,0.4,random,5028,T,reconstructed,0.5242206454277039,12.925148010253906,8.53039836883545,6740
noBeta,2028,T,0.4,random,5028,T,observed_mean,0.1099245101213455,12.925148010253906,12.562113761901855,6740
noBeta,2028,T,0.5,random,5026,T,reconstructed,0.5311349630355835,12.9502534866333,8.4293851852417,8415
noBeta,2028,T,0.5,random,5026,T,observed_mean,0.1282788664102554,12.9502534866333,12.37303638458252,8415
noBeta,2028,T,0.5,random,5027,T,reconstructed,0.5304584503173828,12.920011520385742,8.42152214050293,8415
noBeta,2028,T,0.5,random,5027,T,observed_mean,0.131698653101921,12.920011520385742,12.354914665222168,8415
noBeta,2028,T,0.5,random,5028,T,reconstructed,0.5303165316581726,12.923632621765137,8.437577247619629,8415
noBeta,2028,T,0.5,random,5028,T,observed_mean,0.1293767541646957,12.923632621765137,12.461838722229004,8415
noBeta,2028,A,0.1,random,5026,A,reconstructed,0.922895848751068,3.063417196273804,1.917711615562439,1711
noBeta,2028,A,0.1,random,5026,A,observed_mean,0.4384212791919708,3.063417196273804,2.034576892852783,1711
noBeta,2028,A,0.1,random,5027,A,reconstructed,0.9221094846725464,3.06630539894104,1.9172405004501345,1711
noBeta,2028,A,0.1,random,5027,A,observed_mean,0.4400926530361175,3.06630539894104,2.036386728286743,1711
noBeta,2028,A,0.1,random,5028,A,reconstructed,0.9161859154701232,3.013457536697388,1.918745160102844,1711
noBeta,2028,A,0.1,random,5028,A,observed_mean,0.4322218298912048,3.013457536697388,2.0377204418182373,1711
noBeta,2028,A,0.2,random,5026,A,reconstructed,0.9221692085266112,3.0435423851013184,1.918440103530884,3400
noBeta,2028,A,0.2,random,5026,A,observed_mean,0.4682748019695282,3.0435423851013184,2.0397329330444336,3400
noBeta,2028,A,0.2,random,5027,A,reconstructed,0.9221713542938232,3.039954662322998,1.918614149093628,3400
noBeta,2028,A,0.2,random,5027,A,observed_mean,0.4731691181659698,3.039954662322998,2.0425117015838623,3400
noBeta,2028,A,0.2,random,5028,A,reconstructed,0.9162866473197936,3.058253049850464,1.918643593788147,3400
noBeta,2028,A,0.2,random,5028,A,observed_mean,0.462102323770523,3.058253049850464,2.0314557552337646,3400
noBeta,2028,A,0.3,start,5026,A,reconstructed,0.9182705879211426,3.077052354812622,1.9169305562973025,5039
noBeta,2028,A,0.3,start,5026,A,observed_mean,0.5174762606620789,3.077052354812622,2.094123125076294,5039
noBeta,2028,A,0.3,middle,5026,A,reconstructed,0.9183345437049866,3.045016288757324,1.9184505939483645,5039
noBeta,2028,A,0.3,middle,5026,A,observed_mean,0.462330162525177,3.045016288757324,2.0554325580596924,5039
noBeta,2028,A,0.3,end,5026,A,reconstructed,0.9217727780342102,3.046808958053589,1.915180206298828,5039
noBeta,2028,A,0.3,end,5026,A,observed_mean,0.5532775521278381,3.046808958053589,2.123291015625,5039
noBeta,2028,A,0.3,random,5026,A,reconstructed,0.9216485619544984,3.03443455696106,1.9181753396987915,5039
noBeta,2028,A,0.3,random,5026,A,observed_mean,0.4903658628463745,3.03443455696106,2.0847256183624268,5039
noBeta,2028,A,0.3,random,5027,A,reconstructed,0.9210291504859924,3.0332798957824707,1.9181746244430544,5039
noBeta,2028,A,0.3,random,5027,A,observed_mean,0.4928966164588928,3.0332798957824707,2.0839171409606934,5039
noBeta,2028,A,0.3,random,5028,A,reconstructed,0.9178327918052672,3.0607197284698486,1.917905330657959,5039
noBeta,2028,A,0.3,random,5028,A,observed_mean,0.4848379492759704,3.0607197284698486,2.0698156356811523,5039
noBeta,2028,A,0.4,random,5026,A,reconstructed,0.920271635055542,3.027019500732422,1.918557286262512,6740
noBeta,2028,A,0.4,random,5026,A,observed_mean,0.5070322155952454,3.027019500732422,2.1218924522399902,6740
noBeta,2028,A,0.4,random,5027,A,reconstructed,0.9194633960723876,3.0316410064697266,1.918333411216736,6740
noBeta,2028,A,0.4,random,5027,A,observed_mean,0.5067984461784363,3.0316410064697266,2.1204116344451904,6740
noBeta,2028,A,0.4,random,5028,A,reconstructed,0.9172282218933104,3.0620665550231934,1.9179134368896484,6740
noBeta,2028,A,0.4,random,5028,A,observed_mean,0.5025847554206848,3.0620665550231934,2.098061800003052,6740
noBeta,2028,A,0.5,random,5026,A,reconstructed,0.9187968969345092,3.0294477939605717,1.9182052612304688,8415
noBeta,2028,A,0.5,random,5026,A,observed_mean,0.5207592248916626,3.0294477939605717,2.1675267219543457,8415
noBeta,2028,A,0.5,random,5027,A,reconstructed,0.9182111024856568,3.0521843433380127,1.9178041219711304,8415
noBeta,2028,A,0.5,random,5027,A,observed_mean,0.5197533369064331,3.0521843433380127,2.152458906173706,8415
noBeta,2028,A,0.5,random,5028,A,reconstructed,0.9178024530410768,3.053702116012573,1.9172732830047607,8415
noBeta,2028,A,0.5,random,5028,A,observed_mean,0.5206156373023987,3.053702116012573,2.1429781913757324,8415
noBeta,2028,V,0.1,random,5026,V,reconstructed,0.8514470458030701,3.3890368938446045,2.210660934448242,1604
noBeta,2028,V,0.1,random,5026,V,observed_mean,0.1571065038442611,3.3890368938446045,2.932295799255371,1604
noBeta,2028,V,0.1,random,5027,V,reconstructed,0.8531267046928406,3.2927820682525635,2.2105605602264404,1595
noBeta,2028,V,0.1,random,5027,V,observed_mean,0.1562844812870025,3.2927820682525635,2.9562647342681885,1595
noBeta,2028,V,0.1,random,5028,V,reconstructed,0.8519655466079712,3.368239402770996,2.213371515274048,1588
noBeta,2028,V,0.1,random,5028,V,observed_mean,0.1526726633310318,3.368239402770996,2.9474570751190186,1588
noBeta,2028,V,0.2,random,5026,V,reconstructed,0.85126793384552,3.383903980255127,2.2167468070983887,3194
noBeta,2028,V,0.2,random,5026,V,observed_mean,0.1710971146821975,3.383903980255127,2.942826509475708,3194
noBeta,2028,V,0.2,random,5027,V,reconstructed,0.8532059788703918,3.308795213699341,2.2170510292053223,3180
noBeta,2028,V,0.2,random,5027,V,observed_mean,0.1713657230138778,3.308795213699341,2.9614791870117188,3180
noBeta,2028,V,0.2,random,5028,V,reconstructed,0.8503885865211487,3.367428779602051,2.217400550842285,3176
noBeta,2028,V,0.2,random,5028,V,observed_mean,0.1692762225866317,3.367428779602051,2.950738906860352,3176
noBeta,2028,V,0.3,start,5026,V,reconstructed,0.8528285026550293,3.315938711166382,2.213350534439087,4768
noBeta,2028,V,0.3,start,5026,V,observed_mean,0.2121088355779647,3.315938711166382,2.9846110343933105,4768
noBeta,2028,V,0.3,middle,5026,V,reconstructed,0.8508040904998779,3.3077781200408936,2.2193193435668945,4759
noBeta,2028,V,0.3,middle,5026,V,observed_mean,0.1607672870159149,3.3077781200408936,2.966169834136963,4759
noBeta,2028,V,0.3,end,5026,V,reconstructed,0.8568688035011292,3.4354958534240723,2.215466260910034,4663
noBeta,2028,V,0.3,end,5026,V,observed_mean,0.2280875593423843,3.4354958534240723,2.9888675212860107,4663
noBeta,2028,V,0.3,random,5026,V,reconstructed,0.8511727452278137,3.377612829208374,2.220325231552124,4743
noBeta,2028,V,0.3,random,5026,V,observed_mean,0.181767001748085,3.377612829208374,2.9540445804595947,4743
noBeta,2028,V,0.3,random,5027,V,reconstructed,0.8520153164863586,3.317116498947144,2.220083475112915,4712
noBeta,2028,V,0.3,random,5027,V,observed_mean,0.1832649856805801,3.317116498947144,2.9765453338623047,4712
noBeta,2028,V,0.3,random,5028,V,reconstructed,0.8506788015365601,3.345802068710327,2.219928026199341,4710
noBeta,2028,V,0.3,random,5028,V,observed_mean,0.177814096212387,3.345802068710327,2.9620485305786133,4710
noBeta,2028,V,0.4,random,5026,V,reconstructed,0.8506498336791992,3.3577239513397217,2.224193334579468,6357
noBeta,2028,V,0.4,random,5026,V,observed_mean,0.1921022832393646,3.3577239513397217,2.9758107662200928,6357
noBeta,2028,V,0.4,random,5027,V,reconstructed,0.8507487773895264,3.317432403564453,2.224153995513916,6308
noBeta,2028,V,0.4,random,5027,V,observed_mean,0.1943783909082412,3.317432403564453,2.998173475265503,6308
noBeta,2028,V,0.4,random,5028,V,reconstructed,0.8503873348236084,3.3475794792175293,2.224826574325561,6306
noBeta,2028,V,0.4,random,5028,V,observed_mean,0.1901087611913681,3.3475794792175293,2.9802122116088867,6306
noBeta,2028,V,0.5,random,5026,V,reconstructed,0.8504365086555481,3.3386569023132324,2.226548671722412,7939
noBeta,2028,V,0.5,random,5026,V,observed_mean,0.2015306502580642,3.3386569023132324,3.0088462829589844,7939
noBeta,2028,V,0.5,random,5027,V,reconstructed,0.8506269454956055,3.318313837051392,2.226597547531128,7888
noBeta,2028,V,0.5,random,5027,V,observed_mean,0.2029716521501541,3.318313837051392,3.021859169006348,7888
noBeta,2028,V,0.5,random,5028,V,reconstructed,0.8505698442459106,3.333030462265014,2.226694345474243,7893
noBeta,2028,V,0.5,random,5028,V,observed_mean,0.2008039951324463,3.333030462265014,3.014187812805176,7893
noBeta,2028,TA,0.3,start,5026,T,reconstructed,0.5165181159973145,13.247883796691896,8.485851287841797,5039
noBeta,2028,TA,0.3,start,5026,T,observed_mean,0.0893902704119682,13.247883796691896,12.422476768493652,5039
noBeta,2028,TA,0.3,start,5026,A,reconstructed,0.918634831905365,3.077052354812622,1.9131038188934328,5039
noBeta,2028,TA,0.3,start,5026,A,observed_mean,0.5174762606620789,3.077052354812622,2.094123125076294,5039
noBeta,2028,TA,0.3,middle,5026,T,reconstructed,0.5184289813041687,12.874186515808104,8.612143516540527,5039
noBeta,2028,TA,0.3,middle,5026,T,observed_mean,0.0876316428184509,12.874186515808104,12.590620040893556,5039
noBeta,2028,TA,0.3,middle,5026,A,reconstructed,0.9190059900283812,3.045016288757324,1.915026426315308,5039
noBeta,2028,TA,0.3,middle,5026,A,observed_mean,0.462330162525177,3.045016288757324,2.0554325580596924,5039
noBeta,2028,TA,0.3,end,5026,T,reconstructed,0.530300498008728,12.96036148071289,8.571389198303223,5039
noBeta,2028,TA,0.3,end,5026,T,observed_mean,0.1055967882275581,12.96036148071289,11.953371047973633,5039
noBeta,2028,TA,0.3,end,5026,A,reconstructed,0.9265350103378296,3.046808958053589,1.9032871723175049,5039
noBeta,2028,TA,0.3,end,5026,A,observed_mean,0.5532775521278381,3.046808958053589,2.123291015625,5039
noBeta,2028,TA,0.3,random,5026,T,reconstructed,0.520084798336029,12.959016799926758,8.601127624511719,5039
noBeta,2028,TA,0.3,random,5026,T,observed_mean,0.0915903598070144,12.959016799926758,12.561540603637695,5039
noBeta,2028,TA,0.3,random,5026,A,reconstructed,0.9240825176239014,3.03443455696106,1.9217180013656616,5039
noBeta,2028,TA,0.3,random,5026,A,observed_mean,0.4903658628463745,3.03443455696106,2.0847256183624268,5039
noBeta,2028,TA,0.3,random,5027,T,reconstructed,0.5199616551399231,12.934329986572266,8.59977912902832,5039
noBeta,2028,TA,0.3,random,5027,T,observed_mean,0.0913209468126297,12.934329986572266,12.526935577392578,5039
noBeta,2028,TA,0.3,random,5027,A,reconstructed,0.9239255785942078,3.0332798957824707,1.915849685668945,5039
noBeta,2028,TA,0.3,random,5027,A,observed_mean,0.4928966164588928,3.0332798957824707,2.0839171409606934,5039
noBeta,2028,TA,0.3,random,5028,T,reconstructed,0.5193064212799072,12.935961723327637,8.601668357849121,5039
noBeta,2028,TA,0.3,random,5028,T,observed_mean,0.0938463062047958,12.935961723327637,12.582350730895996,5039
noBeta,2028,TA,0.3,random,5028,A,reconstructed,0.920384168624878,3.0607197284698486,1.9225656986236568,5039
noBeta,2028,TA,0.3,random,5028,A,observed_mean,0.4848379492759704,3.0607197284698486,2.0698156356811523,5039
noBeta,2028,TV,0.3,start,5026,T,reconstructed,0.5155767202377319,13.250202178955078,8.553449630737305,5035
noBeta,2028,TV,0.3,start,5026,T,observed_mean,0.089410126209259,13.250202178955078,12.42440128326416,5035
noBeta,2028,TV,0.3,start,5026,V,reconstructed,0.8558697700500488,3.315938711166382,2.196785688400269,4768
noBeta,2028,TV,0.3,start,5026,V,observed_mean,0.2121088355779647,3.315938711166382,2.9846110343933105,4768
noBeta,2028,TV,0.3,middle,5026,T,reconstructed,0.5175820589065552,12.877028465270996,8.67550277709961,5036
noBeta,2028,TV,0.3,middle,5026,T,observed_mean,0.0876034870743751,12.877028465270996,12.592360496520996,5036
noBeta,2028,TV,0.3,middle,5026,V,reconstructed,0.8549147248268127,3.3077781200408936,2.2161755561828613,4759
noBeta,2028,TV,0.3,middle,5026,V,observed_mean,0.1607672870159149,3.3077781200408936,2.966169834136963,4759
noBeta,2028,TV,0.3,end,5026,T,reconstructed,0.5292865037918091,12.965042114257812,8.627431869506836,5030
noBeta,2028,TV,0.3,end,5026,T,observed_mean,0.1056442335247993,12.965042114257812,11.955056190490724,5030
noBeta,2028,TV,0.3,end,5026,V,reconstructed,0.862097978591919,3.4354958534240723,2.2160675525665283,4663
noBeta,2028,TV,0.3,end,5026,V,observed_mean,0.2280875593423843,3.4354958534240723,2.9888675212860107,4663
noBeta,2028,TV,0.3,random,5026,T,reconstructed,0.5192206501960754,12.959016799926758,8.668281555175781,5039
noBeta,2028,TV,0.3,random,5026,T,observed_mean,0.0915903598070144,12.959016799926758,12.561540603637695,5039
noBeta,2028,TV,0.3,random,5026,V,reconstructed,0.856003999710083,3.377612829208374,2.22943115234375,4743
noBeta,2028,TV,0.3,random,5026,V,observed_mean,0.181767001748085,3.377612829208374,2.9540445804595947,4743
noBeta,2028,TV,0.3,random,5027,T,reconstructed,0.5190297961235046,12.93533420562744,8.67105484008789,5038
noBeta,2028,TV,0.3,random,5027,T,observed_mean,0.0913228690624237,12.93533420562744,12.527816772460938,5038
noBeta,2028,TV,0.3,random,5027,V,reconstructed,0.8547367453575134,3.317116498947144,2.223057746887207,4712
noBeta,2028,TV,0.3,random,5027,V,observed_mean,0.1832649856805801,3.317116498947144,2.9765453338623047,4712
noBeta,2028,TV,0.3,random,5028,T,reconstructed,0.5183938145637512,12.941804885864258,8.664777755737305,5030
noBeta,2028,TV,0.3,random,5028,T,observed_mean,0.0937689319252967,12.941804885864258,12.587362289428713,5030
noBeta,2028,TV,0.3,random,5028,V,reconstructed,0.8559774160385132,3.345802068710327,2.2216618061065674,4710
noBeta,2028,TV,0.3,random,5028,V,observed_mean,0.177814096212387,3.345802068710327,2.9620485305786133,4710
noBeta,2028,AV,0.3,start,5026,A,reconstructed,0.9174826741218568,3.077368974685669,1.9223847389221191,5035
noBeta,2028,AV,0.3,start,5026,A,observed_mean,0.5174163579940796,3.077368974685669,2.09400486946106,5035
noBeta,2028,AV,0.3,start,5026,V,reconstructed,0.8520236015319824,3.315938711166382,2.215231418609619,4768
noBeta,2028,AV,0.3,start,5026,V,observed_mean,0.2121088355779647,3.315938711166382,2.9846110343933105,4768
noBeta,2028,AV,0.3,middle,5026,A,reconstructed,0.9180002808570862,3.0444769859313965,1.9241564273834229,5036
noBeta,2028,AV,0.3,middle,5026,A,observed_mean,0.4625047445297241,3.0444769859313965,2.054373025894165,5036
noBeta,2028,AV,0.3,middle,5026,V,reconstructed,0.8502231240272522,3.3077781200408936,2.2196972370147705,4759
noBeta,2028,AV,0.3,middle,5026,V,observed_mean,0.1607672870159149,3.3077781200408936,2.966169834136963,4759
noBeta,2028,AV,0.3,end,5026,A,reconstructed,0.9212144017219543,3.046919107437134,1.921950936317444,5030
noBeta,2028,AV,0.3,end,5026,A,observed_mean,0.5533334016799927,3.046919107437134,2.1220531463623047,5030
noBeta,2028,AV,0.3,end,5026,V,reconstructed,0.8559792637825012,3.4354958534240723,2.2169229984283447,4663
noBeta,2028,AV,0.3,end,5026,V,observed_mean,0.2280875593423843,3.4354958534240723,2.9888675212860107,4663
noBeta,2028,AV,0.3,random,5026,A,reconstructed,0.9213806390762328,3.03443455696106,1.92412269115448,5039
noBeta,2028,AV,0.3,random,5026,A,observed_mean,0.4903658628463745,3.03443455696106,2.0847256183624268,5039
noBeta,2028,AV,0.3,random,5026,V,reconstructed,0.8501785397529602,3.377612829208374,2.2208828926086426,4743
noBeta,2028,AV,0.3,random,5026,V,observed_mean,0.181767001748085,3.377612829208374,2.9540445804595947,4743
noBeta,2028,AV,0.3,random,5027,A,reconstructed,0.9205195903778076,3.033055543899536,1.9235835075378416,5038
noBeta,2028,AV,0.3,random,5027,A,observed_mean,0.4929637312889099,3.033055543899536,2.083596706390381,5038
noBeta,2028,AV,0.3,random,5027,V,reconstructed,0.8510053157806396,3.317116498947144,2.2209911346435547,4712
noBeta,2028,AV,0.3,random,5027,V,observed_mean,0.1832649856805801,3.317116498947144,2.9765453338623047,4712
noBeta,2028,AV,0.3,random,5028,A,reconstructed,0.9171974062919616,3.0605289936065674,1.9236165285110476,5030
noBeta,2028,AV,0.3,random,5028,A,observed_mean,0.4850109219551086,3.0605289936065674,2.0680296421051025,5030
noBeta,2028,AV,0.3,random,5028,V,reconstructed,0.850167453289032,3.345802068710327,2.2208471298217773,4710
noBeta,2028,AV,0.3,random,5028,V,observed_mean,0.177814096212387,3.345802068710327,2.9620485305786133,4710
noBeta,2028,TAV,0.3,start,5026,T,reconstructed,0.5147574543952942,13.250202178955078,8.539243698120117,5035
noBeta,2028,TAV,0.3,start,5026,T,observed_mean,0.089410126209259,13.250202178955078,12.42440128326416,5035
noBeta,2028,TAV,0.3,start,5026,A,reconstructed,0.9181368350982666,3.077368974685669,1.9221997261047363,5035
noBeta,2028,TAV,0.3,start,5026,A,observed_mean,0.5174163579940796,3.077368974685669,2.09400486946106,5035
noBeta,2028,TAV,0.3,start,5026,V,reconstructed,0.8547236323356628,3.315938711166382,2.198626756668091,4768
noBeta,2028,TAV,0.3,start,5026,V,observed_mean,0.2121088355779647,3.315938711166382,2.9846110343933105,4768
noBeta,2028,TAV,0.3,middle,5026,T,reconstructed,0.5167328715324402,12.877028465270996,8.674473762512207,5036
noBeta,2028,TAV,0.3,middle,5026,T,observed_mean,0.0876034870743751,12.877028465270996,12.592360496520996,5036
noBeta,2028,TAV,0.3,middle,5026,A,reconstructed,0.919022500514984,3.0444769859313965,1.9240614175796509,5036
noBeta,2028,TAV,0.3,middle,5026,A,observed_mean,0.4625047445297241,3.0444769859313965,2.054373025894165,5036
noBeta,2028,TAV,0.3,middle,5026,V,reconstructed,0.8542519211769104,3.3077781200408936,2.216660261154175,4759
noBeta,2028,TAV,0.3,middle,5026,V,observed_mean,0.1607672870159149,3.3077781200408936,2.966169834136963,4759
noBeta,2028,TAV,0.3,end,5026,T,reconstructed,0.5283136963844299,12.965042114257812,8.626495361328125,5030
noBeta,2028,TAV,0.3,end,5026,T,observed_mean,0.1056442335247993,12.965042114257812,11.955056190490724,5030
noBeta,2028,TAV,0.3,end,5026,A,reconstructed,0.926453709602356,3.046919107437134,1.9144309759140012,5030
noBeta,2028,TAV,0.3,end,5026,A,observed_mean,0.5533334016799927,3.046919107437134,2.1220531463623047,5030
noBeta,2028,TAV,0.3,end,5026,V,reconstructed,0.8608424663543701,3.4354958534240723,2.217274904251098,4663
noBeta,2028,TAV,0.3,end,5026,V,observed_mean,0.2280875593423843,3.4354958534240723,2.9888675212860107,4663
noBeta,2028,TAV,0.3,random,5026,T,reconstructed,0.5183155536651611,12.959016799926758,8.665253639221191,5039
noBeta,2028,TAV,0.3,random,5026,T,observed_mean,0.0915903598070144,12.959016799926758,12.561540603637695,5039
noBeta,2028,TAV,0.3,random,5026,A,reconstructed,0.9242554306983948,3.03443455696106,1.9311096668243408,5039
noBeta,2028,TAV,0.3,random,5026,A,observed_mean,0.4903658628463745,3.03443455696106,2.0847256183624268,5039
noBeta,2028,TAV,0.3,random,5026,V,reconstructed,0.8548296689987183,3.377612829208374,2.2308573722839355,4743
noBeta,2028,TAV,0.3,random,5026,V,observed_mean,0.181767001748085,3.377612829208374,2.9540445804595947,4743
noBeta,2028,TAV,0.3,random,5027,T,reconstructed,0.5182707905769348,12.93533420562744,8.662036895751953,5038
noBeta,2028,TAV,0.3,random,5027,T,observed_mean,0.0913228690624237,12.93533420562744,12.527816772460938,5038
noBeta,2028,TAV,0.3,random,5027,A,reconstructed,0.9238274693489076,3.033055543899536,1.925118088722229,5038
noBeta,2028,TAV,0.3,random,5027,A,observed_mean,0.4929637312889099,3.033055543899536,2.083596706390381,5038
noBeta,2028,TAV,0.3,random,5027,V,reconstructed,0.8533288836479187,3.317116498947144,2.2234878540039062,4712
noBeta,2028,TAV,0.3,random,5027,V,observed_mean,0.1832649856805801,3.317116498947144,2.9765453338623047,4712
noBeta,2028,TAV,0.3,random,5028,T,reconstructed,0.5175523161888123,12.941804885864258,8.662301063537598,5030
noBeta,2028,TAV,0.3,random,5028,T,observed_mean,0.0937689319252967,12.941804885864258,12.587362289428713,5030
noBeta,2028,TAV,0.3,random,5028,A,reconstructed,0.9201244711875916,3.0605289936065674,1.9314818382263184,5030
noBeta,2028,TAV,0.3,random,5028,A,observed_mean,0.4850109219551086,3.0605289936065674,2.0680296421051025,5030
noBeta,2028,TAV,0.3,random,5028,V,reconstructed,0.8553767800331116,3.345802068710327,2.2227087020874023,4710
noBeta,2028,TAV,0.3,random,5028,V,observed_mean,0.177814096212387,3.345802068710327,2.9620485305786133,4710
noBeta,2029,T,0.1,random,5026,T,reconstructed,0.3092361986637115,12.39280891418457,7.250624179840088,1711
noBeta,2029,T,0.1,random,5026,T,observed_mean,0.0789212808012962,12.39280891418457,11.935869216918944,1711
noBeta,2029,T,0.1,random,5027,T,reconstructed,0.3129703402519226,12.35192584991455,7.215943813323975,1711
noBeta,2029,T,0.1,random,5027,T,observed_mean,0.086112231016159,12.35192584991455,11.877081871032717,1711
noBeta,2029,T,0.1,random,5028,T,reconstructed,0.3171706199645996,12.31578540802002,7.2263102531433105,1711
noBeta,2029,T,0.1,random,5028,T,observed_mean,0.0911844298243522,12.31578540802002,11.8666410446167,1711
noBeta,2029,T,0.2,random,5026,T,reconstructed,0.3194860219955444,12.339507102966309,7.223546028137207,3400
noBeta,2029,T,0.2,random,5026,T,observed_mean,0.1003348678350448,12.339507102966309,11.87911605834961,3400
noBeta,2029,T,0.2,random,5027,T,reconstructed,0.3204598724842071,12.309056282043455,7.200831890106201,3400
noBeta,2029,T,0.2,random,5027,T,observed_mean,0.1029206216335296,12.309056282043455,11.827401161193848,3400
noBeta,2029,T,0.2,random,5028,T,reconstructed,0.3248169720172882,12.28992748260498,7.207982540130615,3400
noBeta,2029,T,0.2,random,5028,T,observed_mean,0.1084746047854423,12.28992748260498,11.88001823425293,3400
noBeta,2029,T,0.3,start,5026,T,reconstructed,0.3266938924789428,12.5086669921875,7.094488143920898,5039
noBeta,2029,T,0.3,start,5026,T,observed_mean,0.1151932403445243,12.5086669921875,11.80992031097412,5039
noBeta,2029,T,0.3,middle,5026,T,reconstructed,0.3229906558990478,12.248011589050291,7.126308441162109,5039
noBeta,2029,T,0.3,middle,5026,T,observed_mean,0.110912837088108,12.248011589050291,11.784781455993652,5039
noBeta,2029,T,0.3,end,5026,T,reconstructed,0.3419961631298065,12.387983322143556,7.091404438018799,5039
noBeta,2029,T,0.3,end,5026,T,observed_mean,0.1333620697259903,12.387983322143556,11.324891090393066,5039
noBeta,2029,T,0.3,random,5026,T,reconstructed,0.3260108828544616,12.32394313812256,7.151950836181641,5039
noBeta,2029,T,0.3,random,5026,T,observed_mean,0.1162710189819336,12.32394313812256,11.812100410461426,5039
noBeta,2029,T,0.3,random,5027,T,reconstructed,0.3313587009906769,12.281364440917969,7.128424644470215,5039
noBeta,2029,T,0.3,random,5027,T,observed_mean,0.1200867593288421,12.281364440917969,11.779398918151855,5039
noBeta,2029,T,0.3,random,5028,T,reconstructed,0.3310856521129608,12.279012680053713,7.184238910675049,5039
noBeta,2029,T,0.3,random,5028,T,observed_mean,0.124098390340805,12.279012680053713,11.89910888671875,5039
noBeta,2029,T,0.4,random,5026,T,reconstructed,0.3355155289173126,12.316890716552734,7.081727504730225,6740
noBeta,2029,T,0.4,random,5026,T,observed_mean,0.1376705914735794,12.316890716552734,11.714298248291016,6740
noBeta,2029,T,0.4,random,5027,T,reconstructed,0.3401188254356384,12.272111892700195,7.095424175262451,6740
noBeta,2029,T,0.4,random,5027,T,observed_mean,0.1443541049957275,12.272111892700195,11.784111976623535,6740
noBeta,2029,T,0.4,random,5028,T,reconstructed,0.3404048383235931,12.281784057617188,7.093048095703125,6740
noBeta,2029,T,0.4,random,5028,T,observed_mean,0.1420572847127914,12.281784057617188,11.868109703063965,6740
noBeta,2029,T,0.5,random,5026,T,reconstructed,0.3462770581245422,12.317689895629885,6.956549167633057,8415
noBeta,2029,T,0.5,random,5026,T,observed_mean,0.1598798483610153,12.317689895629885,11.59129238128662,8415
noBeta,2029,T,0.5,random,5027,T,reconstructed,0.3518380224704742,12.286438941955566,6.966123580932617,8415
noBeta,2029,T,0.5,random,5027,T,observed_mean,0.1669641137123108,12.286438941955566,11.656959533691406,8415
noBeta,2029,T,0.5,random,5028,T,reconstructed,0.3525156676769256,12.281888961791992,7.000640869140625,8415
noBeta,2029,T,0.5,random,5028,T,observed_mean,0.1663554906845092,12.281888961791992,11.780673027038574,8415
noBeta,2029,A,0.1,random,5026,A,reconstructed,0.9132113456726074,3.077829360961914,1.8115485906600952,1711
noBeta,2029,A,0.1,random,5026,A,observed_mean,0.4370315968990326,3.077829360961914,2.0484249591827397,1711
noBeta,2029,A,0.1,random,5027,A,reconstructed,0.914392113685608,3.080535650253296,1.811596155166626,1711
noBeta,2029,A,0.1,random,5027,A,observed_mean,0.4393067359924316,3.080535650253296,2.0504188537597656,1711
noBeta,2029,A,0.1,random,5028,A,reconstructed,0.9139366745948792,3.027875661849976,1.8118692636489868,1711
noBeta,2029,A,0.1,random,5028,A,observed_mean,0.4313602447509765,3.027875661849976,2.051704406738281,1711
noBeta,2029,A,0.2,random,5026,A,reconstructed,0.9146701693534852,3.058608055114746,1.8156856298446653,3400
noBeta,2029,A,0.2,random,5026,A,observed_mean,0.4669433236122131,3.058608055114746,2.053680181503296,3400
noBeta,2029,A,0.2,random,5027,A,reconstructed,0.9144080281257628,3.053696870803833,1.8153165578842163,3400
noBeta,2029,A,0.2,random,5027,A,observed_mean,0.4724306762218475,3.053696870803833,2.057087182998657,3400
noBeta,2029,A,0.2,random,5028,A,reconstructed,0.912091851234436,3.072859048843384,1.8160101175308228,3400
noBeta,2029,A,0.2,random,5028,A,observed_mean,0.4609968960285187,3.072859048843384,2.0455729961395264,3400
noBeta,2029,A,0.3,start,5026,A,reconstructed,0.9163663983345032,3.09086012840271,1.821374535560608,5039
noBeta,2029,A,0.3,start,5026,A,observed_mean,0.5163422226905823,3.09086012840271,2.1088545322418213,5039
noBeta,2029,A,0.3,middle,5026,A,reconstructed,0.9124534726142884,3.0596423149108887,1.816638469696045,5039
noBeta,2029,A,0.3,middle,5026,A,observed_mean,0.4612670540809631,3.0596423149108887,2.069931745529175,5039
noBeta,2029,A,0.3,end,5026,A,reconstructed,0.921137809753418,3.064410924911499,1.813947677612305,5039
noBeta,2029,A,0.3,end,5026,A,observed_mean,0.5521281361579895,3.064410924911499,2.136979103088379,5039
noBeta,2029,A,0.3,random,5026,A,reconstructed,0.91304212808609,3.0496163368225098,1.8176181316375728,5039
noBeta,2029,A,0.3,random,5026,A,observed_mean,0.4890846014022827,3.0496163368225098,2.0988380908966064,5039
noBeta,2029,A,0.3,random,5027,A,reconstructed,0.914752721786499,3.047104597091675,1.8167591094970703,5039
noBeta,2029,A,0.3,random,5027,A,observed_mean,0.4920566976070404,3.047104597091675,2.0989761352539062,5039
noBeta,2029,A,0.3,random,5028,A,reconstructed,0.9130563139915466,3.0756702423095703,1.8180650472640991,5039
noBeta,2029,A,0.3,random,5028,A,observed_mean,0.4835541546344757,3.0756702423095703,2.0840017795562744,5039
noBeta,2029,A,0.4,random,5026,A,reconstructed,0.9131968021392822,3.042367935180664,1.8199354410171509,6740
noBeta,2029,A,0.4,random,5026,A,observed_mean,0.5057640075683594,3.042367935180664,2.136017084121704,6740
noBeta,2029,A,0.4,random,5027,A,reconstructed,0.9149276614189148,3.045586347579956,1.8186098337173464,6740
noBeta,2029,A,0.4,random,5027,A,observed_mean,0.5058085918426514,3.045586347579956,2.1357262134552,6740
noBeta,2029,A,0.4,random,5028,A,reconstructed,0.9147657752037048,3.077406883239746,1.8200452327728271,6740
noBeta,2029,A,0.4,random,5028,A,observed_mean,0.5013201236724854,3.077406883239746,2.112140417098999,6740
noBeta,2029,A,0.5,random,5026,A,reconstructed,0.9133278727531432,3.0445632934570312,1.8213449716567995,8415
noBeta,2029,A,0.5,random,5026,A,observed_mean,0.519620954990387,3.0445632934570312,2.1818654537200928,8415
noBeta,2029,A,0.5,random,5027,A,reconstructed,0.9139106869697572,3.0663318634033203,1.8202152252197263,8415
noBeta,2029,A,0.5,random,5027,A,observed_mean,0.518613338470459,3.0663318634033203,2.1677701473236084,8415
noBeta,2029,A,0.5,random,5028,A,reconstructed,0.9142099618911744,3.068631887435913,1.821677565574646,8415
noBeta,2029,A,0.5,random,5028,A,observed_mean,0.5193696022033691,3.068631887435913,2.157233715057373,8415
noBeta,2029,V,0.1,random,5026,V,reconstructed,0.8627052903175354,3.386592149734497,2.1071887016296387,1604
noBeta,2029,V,0.1,random,5026,V,observed_mean,0.1574571132659912,3.386592149734497,2.9289608001708984,1604
noBeta,2029,V,0.1,random,5027,V,reconstructed,0.8720124363899231,3.2886412143707275,2.106314182281494,1595
noBeta,2029,V,0.1,random,5027,V,observed_mean,0.1566389501094818,3.2886412143707275,2.953240394592285,1595
noBeta,2029,V,0.1,random,5028,V,reconstructed,0.8651172518730164,3.364707469940185,2.108623743057251,1588
noBeta,2029,V,0.1,random,5028,V,observed_mean,0.1530075222253799,3.364707469940185,2.944458246231079,1588
noBeta,2029,V,0.2,random,5026,V,reconstructed,0.8645502328872681,3.3817389011383057,2.104585647583008,3194
noBeta,2029,V,0.2,random,5026,V,observed_mean,0.1714078336954116,3.3817389011383057,2.9393999576568604,3194
noBeta,2029,V,0.2,random,5027,V,reconstructed,0.8736535906791687,3.305076837539673,2.102969169616699,3180
noBeta,2029,V,0.2,random,5027,V,observed_mean,0.171813279390335,3.305076837539673,2.95867657661438,3180
noBeta,2029,V,0.2,random,5028,V,reconstructed,0.8683760762214661,3.364699125289917,2.1055920124053955,3176
noBeta,2029,V,0.2,random,5028,V,observed_mean,0.1695424020290374,3.364699125289917,2.947567939758301,3176
noBeta,2029,V,0.3,start,5026,V,reconstructed,0.8727171421051025,3.3130290508270264,2.1112489700317383,4768
noBeta,2029,V,0.3,start,5026,V,observed_mean,0.2124706655740738,3.3130290508270264,2.981528043746948,4768
noBeta,2029,V,0.3,middle,5026,V,reconstructed,0.8721344470977783,3.305457830429077,2.102182149887085,4759
noBeta,2029,V,0.3,middle,5026,V,observed_mean,0.161159411072731,3.305457830429077,2.963078022003174,4759
noBeta,2029,V,0.3,end,5026,V,reconstructed,0.861186683177948,3.4319636821746826,2.098724842071533,4663
noBeta,2029,V,0.3,end,5026,V,observed_mean,0.2284599691629409,3.4319636821746826,2.985970258712769,4663
noBeta,2029,V,0.3,random,5026,V,reconstructed,0.8679826855659485,3.3754987716674805,2.1034419536590576,4743
noBeta,2029,V,0.3,random,5026,V,observed_mean,0.1821248084306717,3.3754987716674805,2.9506311416625977,4743
noBeta,2029,V,0.3,random,5027,V,reconstructed,0.8736720681190491,3.3135986328125,2.1022608280181885,4712
noBeta,2029,V,0.3,random,5027,V,observed_mean,0.1837372034788131,3.3135986328125,2.9739277362823486,4712
noBeta,2029,V,0.3,random,5028,V,reconstructed,0.8705126047134399,3.3432750701904297,2.104836225509644,4710
noBeta,2029,V,0.3,random,5028,V,observed_mean,0.178109273314476,3.3432750701904297,2.958969116210937,4710
noBeta,2029,V,0.4,random,5026,V,reconstructed,0.8708234429359436,3.355638265609741,2.101324319839477,6357
noBeta,2029,V,0.4,random,5026,V,observed_mean,0.1924962997436523,3.355638265609741,2.9723143577575684,6357
noBeta,2029,V,0.4,random,5027,V,reconstructed,0.8744869232177734,3.3141543865203857,2.100174903869629,6308
noBeta,2029,V,0.4,random,5027,V,observed_mean,0.1948760449886322,3.3141543865203857,2.9957432746887207,6308
noBeta,2029,V,0.4,random,5028,V,reconstructed,0.8729627132415771,3.3451218605041504,2.102607727050781,6306
noBeta,2029,V,0.4,random,5028,V,observed_mean,0.1904726177453994,3.3451218605041504,2.9770796298980717,6306
noBeta,2029,V,0.5,random,5026,V,reconstructed,0.8714934587478638,3.336469411849976,2.099709987640381,7939
noBeta,2029,V,0.5,random,5026,V,observed_mean,0.2019228637218475,3.336469411849976,3.005067825317383,7939
noBeta,2029,V,0.5,random,5027,V,reconstructed,0.8749916553497314,3.315175294876098,2.098761558532715,7888
noBeta,2029,V,0.5,random,5027,V,observed_mean,0.2034869045019149,3.315175294876098,3.019426107406616,7888
noBeta,2029,V,0.5,random,5028,V,reconstructed,0.8740250468254089,3.330296277999878,2.100520133972168,7893
noBeta,2029,V,0.5,random,5028,V,observed_mean,0.201223611831665,3.330296277999878,3.0111892223358154,7893
noBeta,2029,TA,0.3,start,5026,T,reconstructed,0.3268090486526489,12.5086669921875,7.094452381134033,5039
noBeta,2029,TA,0.3,start,5026,T,observed_mean,0.1151932403445243,12.5086669921875,11.80992031097412,5039
noBeta,2029,TA,0.3,start,5026,A,reconstructed,0.9150031208992004,3.09086012840271,1.8128918409347532,5039
noBeta,2029,TA,0.3,start,5026,A,observed_mean,0.5163422226905823,3.09086012840271,2.1088545322418213,5039
noBeta,2029,TA,0.3,middle,5026,T,reconstructed,0.3230136036872864,12.248011589050291,7.134068489074707,5039
noBeta,2029,TA,0.3,middle,5026,T,observed_mean,0.110912837088108,12.248011589050291,11.784781455993652,5039
noBeta,2029,TA,0.3,middle,5026,A,reconstructed,0.911732256412506,3.0596423149108887,1.802384734153748,5039
noBeta,2029,TA,0.3,middle,5026,A,observed_mean,0.4612670540809631,3.0596423149108887,2.069931745529175,5039
noBeta,2029,TA,0.3,end,5026,T,reconstructed,0.3415459394454956,12.387983322143556,7.106349468231201,5039
noBeta,2029,TA,0.3,end,5026,T,observed_mean,0.1333620697259903,12.387983322143556,11.324891090393066,5039
noBeta,2029,TA,0.3,end,5026,A,reconstructed,0.9218536615371704,3.064410924911499,1.7873564958572388,5039
noBeta,2029,TA,0.3,end,5026,A,observed_mean,0.5521281361579895,3.064410924911499,2.136979103088379,5039
noBeta,2029,TA,0.3,random,5026,T,reconstructed,0.3255708217620849,12.32394313812256,7.159923553466797,5039
noBeta,2029,TA,0.3,random,5026,T,observed_mean,0.1162710189819336,12.32394313812256,11.812100410461426,5039
noBeta,2029,TA,0.3,random,5026,A,reconstructed,0.9113022685050964,3.0496163368225098,1.8069417476654053,5039
noBeta,2029,TA,0.3,random,5026,A,observed_mean,0.4890846014022827,3.0496163368225098,2.0988380908966064,5039
noBeta,2029,TA,0.3,random,5027,T,reconstructed,0.3312994241714477,12.281364440917969,7.129746437072754,5039
noBeta,2029,TA,0.3,random,5027,T,observed_mean,0.1200867593288421,12.281364440917969,11.779398918151855,5039
noBeta,2029,TA,0.3,random,5027,A,reconstructed,0.915166974067688,3.047104597091675,1.8018776178359983,5039
noBeta,2029,TA,0.3,random,5027,A,observed_mean,0.4920566976070404,3.047104597091675,2.0989761352539062,5039
noBeta,2029,TA,0.3,random,5028,T,reconstructed,0.3308614790439605,12.279012680053713,7.196608066558838,5039
noBeta,2029,TA,0.3,random,5028,T,observed_mean,0.124098390340805,12.279012680053713,11.89910888671875,5039
noBeta,2029,TA,0.3,random,5028,A,reconstructed,0.9124235510826112,3.0756702423095703,1.8107693195343015,5039
noBeta,2029,TA,0.3,random,5028,A,observed_mean,0.4835541546344757,3.0756702423095703,2.0840017795562744,5039
noBeta,2029,TV,0.3,start,5026,T,reconstructed,0.3254456222057342,12.510263442993164,7.15918493270874,5035
noBeta,2029,TV,0.3,start,5026,T,observed_mean,0.1152171865105629,12.510263442993164,11.811728477478027,5035
noBeta,2029,TV,0.3,start,5026,V,reconstructed,0.870040774345398,3.3130290508270264,2.133873462677002,4768
noBeta,2029,TV,0.3,start,5026,V,observed_mean,0.2124706655740738,3.3130290508270264,2.981528043746948,4768
noBeta,2029,TV,0.3,middle,5026,T,reconstructed,0.3214213252067566,12.249838829040527,7.188793182373047,5036
noBeta,2029,TV,0.3,middle,5026,T,observed_mean,0.1109114438295364,12.249838829040527,11.78602409362793,5036
noBeta,2029,TV,0.3,middle,5026,V,reconstructed,0.8692582845687866,3.305457830429077,2.116657495498657,4759
noBeta,2029,TV,0.3,middle,5026,V,observed_mean,0.161159411072731,3.305457830429077,2.963078022003174,4759
noBeta,2029,TV,0.3,end,5026,T,reconstructed,0.3407974541187286,12.391301155090332,7.148980140686035,5030
noBeta,2029,TV,0.3,end,5026,T,observed_mean,0.1334572285413742,12.391301155090332,11.32401180267334,5030
noBeta,2029,TV,0.3,end,5026,V,reconstructed,0.8578892946243286,3.4319636821746826,2.129288911819458,4663
noBeta,2029,TV,0.3,end,5026,V,observed_mean,0.2284599691629409,3.4319636821746826,2.985970258712769,4663
noBeta,2029,TV,0.3,random,5026,T,reconstructed,0.3246461153030395,12.32394313812256,7.217492580413818,5039
noBeta,2029,TV,0.3,random,5026,T,observed_mean,0.1162710189819336,12.32394313812256,11.812100410461426,5039
noBeta,2029,TV,0.3,random,5026,V,reconstructed,0.8637968301773071,3.3754987716674805,2.118068218231201,4743
noBeta,2029,TV,0.3,random,5026,V,observed_mean,0.1821248084306717,3.3754987716674805,2.9506311416625977,4743
noBeta,2029,TV,0.3,random,5027,T,reconstructed,0.3299730718135834,12.28196620941162,7.19071626663208,5038
noBeta,2029,TV,0.3,random,5027,T,observed_mean,0.12010058760643,12.28196620941162,11.779780387878418,5038
noBeta,2029,TV,0.3,random,5027,V,reconstructed,0.8735052943229675,3.3135986328125,2.121586799621582,4712
noBeta,2029,TV,0.3,random,5027,V,observed_mean,0.1837372034788131,3.3135986328125,2.9739277362823486,4712
noBeta,2029,TV,0.3,random,5028,T,reconstructed,0.3297769427299499,12.283936500549316,7.248615264892578,5030
noBeta,2029,TV,0.3,random,5028,T,observed_mean,0.1240055635571479,12.283936500549316,11.902718544006348,5030
noBeta,2029,TV,0.3,random,5028,V,reconstructed,0.8661668300628662,3.3432750701904297,2.1210973262786865,4710
noBeta,2029,TV,0.3,random,5028,V,observed_mean,0.178109273314476,3.3432750701904297,2.958969116210937,4710
noBeta,2029,AV,0.3,start,5026,A,reconstructed,0.9164892435073853,3.0911672115325928,1.823613166809082,5035
noBeta,2029,AV,0.3,start,5026,A,observed_mean,0.5162808895111084,3.0911672115325928,2.1087472438812256,5035
noBeta,2029,AV,0.3,start,5026,V,reconstructed,0.8730512857437134,3.3130290508270264,2.101388931274414,4768
noBeta,2029,AV,0.3,start,5026,V,observed_mean,0.2124706655740738,3.3130290508270264,2.981528043746948,4768
noBeta,2029,AV,0.3,middle,5026,A,reconstructed,0.912077784538269,3.05908727645874,1.8208122253417969,5036
noBeta,2029,AV,0.3,middle,5026,A,observed_mean,0.4614447951316833,3.05908727645874,2.0688252449035645,5036
noBeta,2029,AV,0.3,middle,5026,V,reconstructed,0.8717467188835144,3.305457830429077,2.0951852798461914,4759
noBeta,2029,AV,0.3,middle,5026,V,observed_mean,0.161159411072731,3.305457830429077,2.963078022003174,4759
noBeta,2029,AV,0.3,end,5026,A,reconstructed,0.9205484986305236,3.0645127296447754,1.8175984621047971,5030
noBeta,2029,AV,0.3,end,5026,A,observed_mean,0.5521714687347412,3.0645127296447754,2.135792732238769,5030
noBeta,2029,AV,0.3,end,5026,V,reconstructed,0.8617163300514221,3.4319636821746826,2.0915980339050293,4663
noBeta,2029,AV,0.3,end,5026,V,observed_mean,0.2284599691629409,3.4319636821746826,2.985970258712769,4663
noBeta,2029,AV,0.3,random,5026,A,reconstructed,0.9126933217048644,3.0496163368225098,1.8219598531723025,5039
noBeta,2029,AV,0.3,random,5026,A,observed_mean,0.4890846014022827,3.0496163368225098,2.0988380908966064,5039
noBeta,2029,AV,0.3,random,5026,V,reconstructed,0.8679137825965881,3.3754987716674805,2.095104694366455,4743
noBeta,2029,AV,0.3,random,5026,V,observed_mean,0.1821248084306717,3.3754987716674805,2.9506311416625977,4743
noBeta,2029,AV,0.3,random,5027,A,reconstructed,0.914316713809967,3.046873092651367,1.8205020427703855,5038
noBeta,2029,AV,0.3,random,5027,A,observed_mean,0.4921246469020843,3.046873092651367,2.098637580871582,5038
noBeta,2029,AV,0.3,random,5027,V,reconstructed,0.8736585974693298,3.3135986328125,2.0952439308166504,4712
noBeta,2029,AV,0.3,random,5027,V,observed_mean,0.1837372034788131,3.3135986328125,2.9739277362823486,4712
noBeta,2029,AV,0.3,random,5028,A,reconstructed,0.9128327965736388,3.0754616260528564,1.8220574855804443,5030
noBeta,2029,AV,0.3,random,5028,A,observed_mean,0.483725905418396,3.0754616260528564,2.082106351852417,5030
noBeta,2029,AV,0.3,random,5028,V,reconstructed,0.8709853291511536,3.3432750701904297,2.0965309143066406,4710
noBeta,2029,AV,0.3,random,5028,V,observed_mean,0.178109273314476,3.3432750701904297,2.958969116210937,4710
noBeta,2029,TAV,0.3,start,5026,T,reconstructed,0.3255542814731598,12.510263442993164,7.160799980163574,5035
noBeta,2029,TAV,0.3,start,5026,T,observed_mean,0.1152171865105629,12.510263442993164,11.811728477478027,5035
noBeta,2029,TAV,0.3,start,5026,A,reconstructed,0.9150243997573853,3.0911672115325928,1.818128228187561,5035
noBeta,2029,TAV,0.3,start,5026,A,observed_mean,0.5162808895111084,3.0911672115325928,2.1087472438812256,5035
noBeta,2029,TAV,0.3,start,5026,V,reconstructed,0.8702445030212402,3.3130290508270264,2.120227813720703,4768
noBeta,2029,TAV,0.3,start,5026,V,observed_mean,0.2124706655740738,3.3130290508270264,2.981528043746948,4768
noBeta,2029,TAV,0.3,middle,5026,T,reconstructed,0.3214752376079559,12.249838829040527,7.198837757110596,5036
noBeta,2029,TAV,0.3,middle,5026,T,observed_mean,0.1109114438295364,12.249838829040527,11.78602409362793,5036
noBeta,2029,TAV,0.3,middle,5026,A,reconstructed,0.9111292958259584,3.05908727645874,1.810956597328186,5036
noBeta,2029,TAV,0.3,middle,5026,A,observed_mean,0.4614447951316833,3.05908727645874,2.0688252449035645,5036
noBeta,2029,TAV,0.3,middle,5026,V,reconstructed,0.8686447739601135,3.305457830429077,2.105926036834717,4759
noBeta,2029,TAV,0.3,middle,5026,V,observed_mean,0.161159411072731,3.305457830429077,2.963078022003174,4759
noBeta,2029,TAV,0.3,end,5026,T,reconstructed,0.3404105901718139,12.391301155090332,7.165509223937988,5030
noBeta,2029,TAV,0.3,end,5026,T,observed_mean,0.1334572285413742,12.391301155090332,11.32401180267334,5030
noBeta,2029,TAV,0.3,end,5026,A,reconstructed,0.9211467504501344,3.0645127296447754,1.7943038940429688,5030
noBeta,2029,TAV,0.3,end,5026,A,observed_mean,0.5521714687347412,3.0645127296447754,2.135792732238769,5030
noBeta,2029,TAV,0.3,end,5026,V,reconstructed,0.8584110736846924,3.4319636821746826,2.1186022758483887,4663
noBeta,2029,TAV,0.3,end,5026,V,observed_mean,0.2284599691629409,3.4319636821746826,2.985970258712769,4663
noBeta,2029,TAV,0.3,random,5026,T,reconstructed,0.3242391943931579,12.32394313812256,7.2275190353393555,5039
noBeta,2029,TAV,0.3,random,5026,T,observed_mean,0.1162710189819336,12.32394313812256,11.812100410461426,5039
noBeta,2029,TAV,0.3,random,5026,A,reconstructed,0.9107442498207092,3.0496163368225098,1.8152456283569336,5039
noBeta,2029,TAV,0.3,random,5026,A,observed_mean,0.4890846014022827,3.0496163368225098,2.0988380908966064,5039
noBeta,2029,TAV,0.3,random,5026,V,reconstructed,0.8634976744651794,3.3754987716674805,2.105768918991089,4743
noBeta,2029,TAV,0.3,random,5026,V,observed_mean,0.1821248084306717,3.3754987716674805,2.9506311416625977,4743
noBeta,2029,TAV,0.3,random,5027,T,reconstructed,0.3299606442451477,12.28196620941162,7.19362211227417,5038
noBeta,2029,TAV,0.3,random,5027,T,observed_mean,0.12010058760643,12.28196620941162,11.779780387878418,5038
noBeta,2029,TAV,0.3,random,5027,A,reconstructed,0.9145687818527222,3.046873092651367,1.8092888593673704,5038
noBeta,2029,TAV,0.3,random,5027,A,observed_mean,0.4921246469020843,3.046873092651367,2.098637580871582,5038
noBeta,2029,TAV,0.3,random,5027,V,reconstructed,0.8733482360839844,3.3135986328125,2.1106925010681152,4712
noBeta,2029,TAV,0.3,random,5027,V,observed_mean,0.1837372034788131,3.3135986328125,2.9739277362823486,4712
noBeta,2029,TAV,0.3,random,5028,T,reconstructed,0.3296398818492889,12.283936500549316,7.263485431671143,5030
noBeta,2029,TAV,0.3,random,5028,T,observed_mean,0.1240055635571479,12.283936500549316,11.902718544006348,5030
noBeta,2029,TAV,0.3,random,5028,A,reconstructed,0.9119546413421632,3.0754616260528564,1.8190406560897827,5030
noBeta,2029,TAV,0.3,random,5028,A,observed_mean,0.483725905418396,3.0754616260528564,2.082106351852417,5030
noBeta,2029,TAV,0.3,random,5028,V,reconstructed,0.8666512966156006,3.3432750701904297,2.108519554138184,4710
noBeta,2029,TAV,0.3,random,5028,V,observed_mean,0.178109273314476,3.3432750701904297,2.958969116210937,4710
noBeta,2030,T,0.1,random,5026,T,reconstructed,0.3279333412647247,10.80935287475586,5.608328819274902,1711
noBeta,2030,T,0.1,random,5026,T,observed_mean,0.1001622751355171,10.80935287475586,10.237528800964355,1711
noBeta,2030,T,0.1,random,5027,T,reconstructed,0.334492951631546,10.74368667602539,5.562748908996582,1711
noBeta,2030,T,0.1,random,5027,T,observed_mean,0.107729360461235,10.74368667602539,10.182435989379885,1711
noBeta,2030,T,0.1,random,5028,T,reconstructed,0.3400845229625702,10.740556716918944,5.586945056915283,1711
noBeta,2030,T,0.1,random,5028,T,observed_mean,0.1122015267610549,10.740556716918944,10.169755935668944,1711
noBeta,2030,T,0.2,random,5026,T,reconstructed,0.3399838805198669,10.74675750732422,5.56976842880249,3400
noBeta,2030,T,0.2,random,5026,T,observed_mean,0.1212359070777893,10.74675750732422,10.217673301696776,3400
noBeta,2030,T,0.2,random,5027,T,reconstructed,0.3437422215938568,10.702638626098633,5.522708892822266,3400
noBeta,2030,T,0.2,random,5027,T,observed_mean,0.1246575862169265,10.702638626098633,10.172279357910156,3400
noBeta,2030,T,0.2,random,5028,T,reconstructed,0.3473006784915924,10.700718879699709,5.5643696784973145,3400
noBeta,2030,T,0.2,random,5028,T,observed_mean,0.1289180219173431,10.700718879699709,10.198169708251951,3400
noBeta,2030,T,0.3,start,5026,T,reconstructed,0.3434662520885467,11.01874542236328,5.436479568481445,5039
noBeta,2030,T,0.3,start,5026,T,observed_mean,0.1378159821033477,11.01874542236328,10.238444328308104,5039
noBeta,2030,T,0.3,middle,5026,T,reconstructed,0.3471219837665558,10.625201225280762,5.458858013153076,5039
noBeta,2030,T,0.3,middle,5026,T,observed_mean,0.1336844265460968,10.625201225280762,10.17743968963623,5039
noBeta,2030,T,0.3,end,5026,T,reconstructed,0.3662025928497314,10.71363639831543,5.415321350097656,5039
noBeta,2030,T,0.3,end,5026,T,observed_mean,0.1560412943363189,10.71363639831543,9.815011978149414,5039
noBeta,2030,T,0.3,random,5026,T,reconstructed,0.3481950759887695,10.732294082641602,5.485674858093262,5039
noBeta,2030,T,0.3,random,5026,T,observed_mean,0.1389211565256118,10.732294082641602,10.195840835571287,5039
noBeta,2030,T,0.3,random,5027,T,reconstructed,0.3523774147033691,10.67136573791504,5.467625141143799,5039
noBeta,2030,T,0.3,random,5027,T,observed_mean,0.1423767805099487,10.67136573791504,10.194931030273438,5039
noBeta,2030,T,0.3,random,5028,T,reconstructed,0.3530424237251282,10.673980712890623,5.52856969833374,5039
noBeta,2030,T,0.3,random,5028,T,observed_mean,0.1430400162935257,10.673980712890623,10.256959915161133,5039
noBeta,2030,T,0.4,random,5026,T,reconstructed,0.3639296293258667,10.712692260742188,5.4123382568359375,6740
noBeta,2030,T,0.4,random,5026,T,observed_mean,0.1599294245243072,10.712692260742188,10.139636039733888,6740
noBeta,2030,T,0.4,random,5027,T,reconstructed,0.3675895929336548,10.664345741271973,5.439777851104736,6740
noBeta,2030,T,0.4,random,5027,T,observed_mean,0.1655274480581283,10.664345741271973,10.234137535095217,6740
noBeta,2030,T,0.4,random,5028,T,reconstructed,0.3666089177131653,10.669466018676758,5.454988479614258,6740
noBeta,2030,T,0.4,random,5028,T,observed_mean,0.1630240678787231,10.669466018676758,10.274210929870604,6740
noBeta,2030,T,0.5,random,5026,T,reconstructed,0.3796868026256561,10.71749496459961,5.31916093826294,8415
noBeta,2030,T,0.5,random,5026,T,observed_mean,0.1838225275278091,10.71749496459961,10.088818550109863,8415
noBeta,2030,T,0.5,random,5027,T,reconstructed,0.3838146924972534,10.672657012939451,5.34218692779541,8415
noBeta,2030,T,0.5,random,5027,T,observed_mean,0.1899945437908172,10.672657012939451,10.16262912750244,8415
noBeta,2030,T,0.5,random,5028,T,reconstructed,0.382695585489273,10.668734550476074,5.376542091369629,8415
noBeta,2030,T,0.5,random,5028,T,observed_mean,0.1876300424337387,10.668734550476074,10.221385955810549,8415
noBeta,2030,A,0.1,random,5026,A,reconstructed,0.9148154258728028,3.058908700942993,1.8745750188827517,1711
noBeta,2030,A,0.1,random,5026,A,observed_mean,0.4388599991798401,3.058908700942993,2.0293784141540527,1711
noBeta,2030,A,0.1,random,5027,A,reconstructed,0.9213818907737732,3.061842679977417,1.8737324476242063,1711
noBeta,2030,A,0.1,random,5027,A,observed_mean,0.4407864809036255,3.061842679977417,2.0311858654022217,1711
noBeta,2030,A,0.1,random,5028,A,reconstructed,0.9199308753013612,3.009269952774048,1.8748358488082888,1711
noBeta,2030,A,0.1,random,5028,A,observed_mean,0.4326157569885254,3.009269952774048,2.032445192337036,1711
noBeta,2030,A,0.2,random,5026,A,reconstructed,0.9140492081642152,3.039316415786743,1.877817153930664,3400
noBeta,2030,A,0.2,random,5026,A,observed_mean,0.4688366949558258,3.039316415786743,2.034853935241699,3400
noBeta,2030,A,0.2,random,5027,A,reconstructed,0.9242108464241028,3.034878730773926,1.8773223161697388,3400
noBeta,2030,A,0.2,random,5027,A,observed_mean,0.473826140165329,3.034878730773926,2.03789496421814,3400
noBeta,2030,A,0.2,random,5028,A,reconstructed,0.9175294637680054,3.0537338256835938,1.877676010131836,3400
noBeta,2030,A,0.2,random,5028,A,observed_mean,0.4625147879123688,3.0537338256835938,2.026619434356689,3400
noBeta,2030,A,0.3,start,5026,A,reconstructed,0.9182865619659424,3.0700955390930176,1.891650438308716,5039
noBeta,2030,A,0.3,start,5026,A,observed_mean,0.5183764100074768,3.0700955390930176,2.0900368690490723,5039
noBeta,2030,A,0.3,middle,5026,A,reconstructed,0.917836844921112,3.041417121887207,1.8761574029922483,5039
noBeta,2030,A,0.3,middle,5026,A,observed_mean,0.4626864492893219,3.041417121887207,2.049907684326172,5039
noBeta,2030,A,0.3,end,5026,A,reconstructed,0.9164142608642578,3.041929006576538,1.8764550685882568,5039
noBeta,2030,A,0.3,end,5026,A,observed_mean,0.5540611147880554,3.041929006576538,2.118791103363037,5039
noBeta,2030,A,0.3,random,5026,A,reconstructed,0.914693295955658,3.0297534465789795,1.880099296569824,5039
noBeta,2030,A,0.3,random,5026,A,observed_mean,0.4910799264907837,3.0297534465789795,2.079827308654785,5039
noBeta,2030,A,0.3,random,5027,A,reconstructed,0.9231703877449036,3.027864456176758,1.8795167207717896,5039
noBeta,2030,A,0.3,random,5027,A,observed_mean,0.4935780167579651,3.027864456176758,2.07930064201355,5039
noBeta,2030,A,0.3,random,5028,A,reconstructed,0.9162454009056092,3.0567665100097656,1.8794407844543457,5039
noBeta,2030,A,0.3,random,5028,A,observed_mean,0.4853338301181793,3.0567665100097656,2.0645499229431152,5039
noBeta,2030,A,0.4,random,5026,A,reconstructed,0.9143974781036376,3.0225672721862797,1.8828206062316892,6740
noBeta,2030,A,0.4,random,5026,A,observed_mean,0.5077081322669983,3.0225672721862797,2.116828203201294,6740
noBeta,2030,A,0.4,random,5027,A,reconstructed,0.9203168749809264,3.0265958309173584,1.8823659420013428,6740
noBeta,2030,A,0.4,random,5027,A,observed_mean,0.5074688792228699,3.0265958309173584,2.1156530380249023,6740
noBeta,2030,A,0.4,random,5028,A,reconstructed,0.916441023349762,3.058098316192627,1.88206148147583,6740
noBeta,2030,A,0.4,random,5028,A,observed_mean,0.5031310319900513,3.058098316192627,2.0925896167755127,6740
noBeta,2030,A,0.5,random,5026,A,reconstructed,0.9145124554634094,3.0251853466033936,1.886286973953247,8415
noBeta,2030,A,0.5,random,5026,A,observed_mean,0.5214325189590454,3.0251853466033936,2.162104368209839,8415
noBeta,2030,A,0.5,random,5027,A,reconstructed,0.9181103110313416,3.047271013259888,1.885729193687439,8415
noBeta,2030,A,0.5,random,5027,A,observed_mean,0.5203573107719421,3.047271013259888,2.147376537322998,8415
noBeta,2030,A,0.5,random,5028,A,reconstructed,0.9174450039863586,3.04953932762146,1.885502338409424,8415
noBeta,2030,A,0.5,random,5028,A,observed_mean,0.5211978554725647,3.04953932762146,2.137268304824829,8415
noBeta,2030,V,0.1,random,5026,V,reconstructed,0.8628040552139282,3.3927001953125,2.128847122192383,1604
noBeta,2030,V,0.1,random,5026,V,observed_mean,0.1572633534669876,3.3927001953125,2.9334819316864014,1604
noBeta,2030,V,0.1,random,5027,V,reconstructed,0.8626540899276733,3.2939260005950928,2.129237413406372,1595
noBeta,2030,V,0.1,random,5027,V,observed_mean,0.1564813554286956,3.2939260005950928,2.957423686981201,1595
noBeta,2030,V,0.1,random,5028,V,reconstructed,0.8621332049369812,3.3702845573425293,2.1305763721466064,1588
noBeta,2030,V,0.1,random,5028,V,observed_mean,0.1527877897024154,3.3702845573425293,2.948702812194824,1588
noBeta,2030,V,0.2,random,5026,V,reconstructed,0.8646957278251648,3.387472152709961,2.1325600147247314,3194
noBeta,2030,V,0.2,random,5026,V,observed_mean,0.1711762696504593,3.387472152709961,2.943346738815308,3194
noBeta,2030,V,0.2,random,5027,V,reconstructed,0.8655585050582886,3.3095216751098637,2.1323723793029785,3180
noBeta,2030,V,0.2,random,5027,V,observed_mean,0.1715390831232071,3.3095216751098637,2.9624574184417725,3180
noBeta,2030,V,0.2,random,5028,V,reconstructed,0.8647744059562683,3.3696742057800293,2.132789134979248,3176
noBeta,2030,V,0.2,random,5028,V,observed_mean,0.1693448275327682,3.3696742057800293,2.951531410217285,3176
noBeta,2030,V,0.3,start,5026,V,reconstructed,0.8648990988731384,3.317826747894287,2.128469467163086,4768
noBeta,2030,V,0.3,start,5026,V,observed_mean,0.2123245745897293,3.317826747894287,2.9861905574798584,4768
noBeta,2030,V,0.3,middle,5026,V,reconstructed,0.8657658696174622,3.3094732761383057,2.1339662075042725,4759
noBeta,2030,V,0.3,middle,5026,V,observed_mean,0.160843938589096,3.3094732761383057,2.966961145401001,4759
noBeta,2030,V,0.3,end,5026,V,reconstructed,0.8665966391563416,3.436601161956787,2.131882905960083,4663
noBeta,2030,V,0.3,end,5026,V,observed_mean,0.2284227460622787,3.436601161956787,2.9901180267333984,4663
noBeta,2030,V,0.3,random,5026,V,reconstructed,0.8650463819503784,3.381028652191162,2.132462978363037,4743
noBeta,2030,V,0.3,random,5026,V,observed_mean,0.1818779557943344,3.381028652191162,2.954318046569824,4743
noBeta,2030,V,0.3,random,5027,V,reconstructed,0.8656728863716125,3.318305969238281,2.13232159614563,4712
noBeta,2030,V,0.3,random,5027,V,observed_mean,0.183438554406166,3.318305969238281,2.9778316020965576,4712
noBeta,2030,V,0.3,random,5028,V,reconstructed,0.8656437993049622,3.348120212554932,2.13374924659729,4710
noBeta,2030,V,0.3,random,5028,V,observed_mean,0.1778780370950698,3.348120212554932,2.9629135131835938,4710
noBeta,2030,V,0.4,random,5026,V,reconstructed,0.8650898933410645,3.360618352890014,2.1345834732055664,6357
noBeta,2030,V,0.4,random,5026,V,observed_mean,0.1923092305660247,3.360618352890014,2.975966453552246,6357
noBeta,2030,V,0.4,random,5027,V,reconstructed,0.865487813949585,3.3187971115112305,2.134190082550049,6308
noBeta,2030,V,0.4,random,5027,V,observed_mean,0.1945823431015014,3.3187971115112305,2.999594449996948,6308
noBeta,2030,V,0.4,random,5028,V,reconstructed,0.8660006523132324,3.3497464656829834,2.135612726211548,6306
noBeta,2030,V,0.4,random,5028,V,observed_mean,0.1902381479740142,3.3497464656829834,2.9809532165527344,6306
noBeta,2030,V,0.5,random,5026,V,reconstructed,0.8651831150054932,3.341233968734741,2.135075569152832,7939
noBeta,2030,V,0.5,random,5026,V,observed_mean,0.2017219364643097,3.341233968734741,3.0088109970092773,7939
noBeta,2030,V,0.5,random,5027,V,reconstructed,0.8656830191612244,3.319727897644043,2.134753465652466,7888
noBeta,2030,V,0.5,random,5027,V,observed_mean,0.2031389772891998,3.319727897644043,3.0233142375946045,7888
noBeta,2030,V,0.5,random,5028,V,reconstructed,0.8664426803588867,3.334862470626831,2.135695457458496,7893
noBeta,2030,V,0.5,random,5028,V,observed_mean,0.2009840756654739,3.334862470626831,3.015117883682251,7893
noBeta,2030,TA,0.3,start,5026,T,reconstructed,0.343300998210907,11.01874542236328,5.443418502807617,5039
noBeta,2030,TA,0.3,start,5026,T,observed_mean,0.1378159821033477,11.01874542236328,10.238444328308104,5039
noBeta,2030,TA,0.3,start,5026,A,reconstructed,0.9203032851219176,3.0700955390930176,1.854438662528992,5039
noBeta,2030,TA,0.3,start,5026,A,observed_mean,0.5183764100074768,3.0700955390930176,2.0900368690490723,5039
noBeta,2030,TA,0.3,middle,5026,T,reconstructed,0.3462030589580536,10.625201225280762,5.47372579574585,5039
noBeta,2030,TA,0.3,middle,5026,T,observed_mean,0.1336844265460968,10.625201225280762,10.17743968963623,5039
noBeta,2030,TA,0.3,middle,5026,A,reconstructed,0.9164757132530212,3.041417121887207,1.8472793102264404,5039
noBeta,2030,TA,0.3,middle,5026,A,observed_mean,0.4626864492893219,3.041417121887207,2.049907684326172,5039
noBeta,2030,TA,0.3,end,5026,T,reconstructed,0.366254061460495,10.71363639831543,5.424981117248535,5039
noBeta,2030,TA,0.3,end,5026,T,observed_mean,0.1560412943363189,10.71363639831543,9.815011978149414,5039
noBeta,2030,TA,0.3,end,5026,A,reconstructed,0.917453408241272,3.041929006576538,1.8445909023284912,5039
noBeta,2030,TA,0.3,end,5026,A,observed_mean,0.5540611147880554,3.041929006576538,2.118791103363037,5039
noBeta,2030,TA,0.3,random,5026,T,reconstructed,0.3473963737487793,10.732294082641602,5.502025604248047,5039
noBeta,2030,TA,0.3,random,5026,T,observed_mean,0.1389211565256118,10.732294082641602,10.195840835571287,5039
noBeta,2030,TA,0.3,random,5026,A,reconstructed,0.9153499007225036,3.0297534465789795,1.8557274341583248,5039
noBeta,2030,TA,0.3,random,5026,A,observed_mean,0.4910799264907837,3.0297534465789795,2.079827308654785,5039
noBeta,2030,TA,0.3,random,5027,T,reconstructed,0.3515992164611816,10.67136573791504,5.474476337432861,5039
noBeta,2030,TA,0.3,random,5027,T,observed_mean,0.1423767805099487,10.67136573791504,10.194931030273438,5039
noBeta,2030,TA,0.3,random,5027,A,reconstructed,0.9239888787269592,3.027864456176758,1.8452990055084229,5039
noBeta,2030,TA,0.3,random,5027,A,observed_mean,0.4935780167579651,3.027864456176758,2.07930064201355,5039
noBeta,2030,TA,0.3,random,5028,T,reconstructed,0.3525777459144592,10.673980712890623,5.5443315505981445,5039
noBeta,2030,TA,0.3,random,5028,T,observed_mean,0.1430400162935257,10.673980712890623,10.256959915161133,5039
noBeta,2030,TA,0.3,random,5028,A,reconstructed,0.9180344343185424,3.0567665100097656,1.8579784631729128,5039
noBeta,2030,TA,0.3,random,5028,A,observed_mean,0.4853338301181793,3.0567665100097656,2.0645499229431152,5039
noBeta,2030,TV,0.3,start,5026,T,reconstructed,0.3408276736736297,11.020672798156738,5.511731147766113,5035
noBeta,2030,TV,0.3,start,5026,T,observed_mean,0.1377886831760406,11.020672798156738,10.241070747375488,5035
noBeta,2030,TV,0.3,start,5026,V,reconstructed,0.8638849258422852,3.317826747894287,2.113774538040161,4768
noBeta,2030,TV,0.3,start,5026,V,observed_mean,0.2123245745897293,3.317826747894287,2.9861905574798584,4768
noBeta,2030,TV,0.3,middle,5026,T,reconstructed,0.344232976436615,10.626973152160645,5.536582946777344,5036
noBeta,2030,TV,0.3,middle,5026,T,observed_mean,0.1336869299411773,10.626973152160645,10.17855453491211,5036
noBeta,2030,TV,0.3,middle,5026,V,reconstructed,0.8632341623306274,3.3094732761383057,2.1262338161468506,4759
noBeta,2030,TV,0.3,middle,5026,V,observed_mean,0.160843938589096,3.3094732761383057,2.966961145401001,4759
noBeta,2030,TV,0.3,end,5026,T,reconstructed,0.3637896776199341,10.71814250946045,5.49153995513916,5030
noBeta,2030,TV,0.3,end,5026,T,observed_mean,0.1560484915971756,10.71814250946045,9.81391429901123,5030
noBeta,2030,TV,0.3,end,5026,V,reconstructed,0.8671445250511169,3.436601161956787,2.126908302307129,4663
noBeta,2030,TV,0.3,end,5026,V,observed_mean,0.2284227460622787,3.436601161956787,2.9901180267333984,4663
noBeta,2030,TV,0.3,random,5026,T,reconstructed,0.3455061316490173,10.732294082641602,5.565152645111084,5039
noBeta,2030,TV,0.3,random,5026,T,observed_mean,0.1389211565256118,10.732294082641602,10.195840835571287,5039
noBeta,2030,TV,0.3,random,5026,V,reconstructed,0.8626640439033508,3.381028652191162,2.1316068172454834,4743
noBeta,2030,TV,0.3,random,5026,V,observed_mean,0.1818779557943344,3.381028652191162,2.954318046569824,4743
noBeta,2030,TV,0.3,random,5027,T,reconstructed,0.3499645888805389,10.67197608947754,5.545228958129883,5038
noBeta,2030,TV,0.3,random,5027,T,observed_mean,0.1423883289098739,10.67197608947754,10.19556999206543,5038
noBeta,2030,TV,0.3,random,5027,V,reconstructed,0.8663634061813354,3.318305969238281,2.1266331672668457,4712
noBeta,2030,TV,0.3,random,5027,V,observed_mean,0.183438554406166,3.318305969238281,2.9778316020965576,4712
noBeta,2030,TV,0.3,random,5028,T,reconstructed,0.3505827486515045,10.679091453552246,5.609283924102783,5030
noBeta,2030,TV,0.3,random,5028,T,observed_mean,0.1429239809513092,10.679091453552246,10.261195182800291,5030
noBeta,2030,TV,0.3,random,5028,V,reconstructed,0.8659157752990723,3.348120212554932,2.1324079036712646,4710
noBeta,2030,TV,0.3,random,5028,V,observed_mean,0.1778780370950698,3.348120212554932,2.9629135131835938,4710
noBeta,2030,AV,0.3,start,5026,A,reconstructed,0.9172840118408204,3.0704190731048584,1.9114270210266116,5035
noBeta,2030,AV,0.3,start,5026,A,observed_mean,0.5183120965957642,3.0704190731048584,2.0899136066436768,5035
noBeta,2030,AV,0.3,start,5026,V,reconstructed,0.8642502427101135,3.317826747894287,2.122166156768799,4768
noBeta,2030,AV,0.3,start,5026,V,observed_mean,0.2123245745897293,3.317826747894287,2.9861905574798584,4768
noBeta,2030,AV,0.3,middle,5026,A,reconstructed,0.9170933365821838,3.04093074798584,1.8963114023208616,5036
noBeta,2030,AV,0.3,middle,5026,A,observed_mean,0.4628609418869018,3.04093074798584,2.048904657363892,5036
noBeta,2030,AV,0.3,middle,5026,V,reconstructed,0.8655750155448914,3.3094732761383057,2.1278316974639893,4759
noBeta,2030,AV,0.3,middle,5026,V,observed_mean,0.160843938589096,3.3094732761383057,2.966961145401001,4759
noBeta,2030,AV,0.3,end,5026,A,reconstructed,0.915591299533844,3.0420143604278564,1.8983056545257568,5030
noBeta,2030,AV,0.3,end,5026,A,observed_mean,0.5541185736656189,3.0420143604278564,2.117556095123291,5030
noBeta,2030,AV,0.3,end,5026,V,reconstructed,0.8661546111106873,3.436601161956787,2.132064819335937,4663
noBeta,2030,AV,0.3,end,5026,V,observed_mean,0.2284227460622787,3.436601161956787,2.9901180267333984,4663
noBeta,2030,AV,0.3,random,5026,A,reconstructed,0.9138928055763244,3.0297534465789795,1.9010363817214968,5039
noBeta,2030,AV,0.3,random,5026,A,observed_mean,0.4910799264907837,3.0297534465789795,2.079827308654785,5039
noBeta,2030,AV,0.3,random,5026,V,reconstructed,0.8651298880577087,3.381028652191162,2.127937793731689,4743
noBeta,2030,AV,0.3,random,5026,V,observed_mean,0.1818779557943344,3.381028652191162,2.954318046569824,4743
noBeta,2030,AV,0.3,random,5027,A,reconstructed,0.9221861958503724,3.02767014503479,1.8993561267852783,5038
noBeta,2030,AV,0.3,random,5027,A,observed_mean,0.4936444461345672,3.02767014503479,2.078989028930664,5038
noBeta,2030,AV,0.3,random,5027,V,reconstructed,0.865439236164093,3.318305969238281,2.127757787704468,4712
noBeta,2030,AV,0.3,random,5027,V,observed_mean,0.183438554406166,3.318305969238281,2.9778316020965576,4712
noBeta,2030,AV,0.3,random,5028,A,reconstructed,0.9157251715660096,3.0566372871398926,1.8991104364395144,5030
noBeta,2030,AV,0.3,random,5028,A,observed_mean,0.4855035841464996,3.0566372871398926,2.0628204345703125,5030
noBeta,2030,AV,0.3,random,5028,V,reconstructed,0.8654986023902893,3.348120212554932,2.1292381286621094,4710
noBeta,2030,AV,0.3,random,5028,V,observed_mean,0.1778780370950698,3.348120212554932,2.9629135131835938,4710
noBeta,2030,TAV,0.3,start,5026,T,reconstructed,0.340872198343277,11.020672798156738,5.523476123809815,5035
noBeta,2030,TAV,0.3,start,5026,T,observed_mean,0.1377886831760406,11.020672798156738,10.241070747375488,5035
noBeta,2030,TAV,0.3,start,5026,A,reconstructed,0.9192672967910768,3.0704190731048584,1.8771699666976929,5035
noBeta,2030,TAV,0.3,start,5026,A,observed_mean,0.5183120965957642,3.0704190731048584,2.0899136066436768,5035
noBeta,2030,TAV,0.3,start,5026,V,reconstructed,0.8633442521095276,3.317826747894287,2.105607509613037,4768
noBeta,2030,TAV,0.3,start,5026,V,observed_mean,0.2123245745897293,3.317826747894287,2.9861905574798584,4768
noBeta,2030,TAV,0.3,middle,5026,T,reconstructed,0.3434894382953644,10.626973152160645,5.556755065917969,5036
noBeta,2030,TAV,0.3,middle,5026,T,observed_mean,0.1336869299411773,10.626973152160645,10.17855453491211,5036
noBeta,2030,TAV,0.3,middle,5026,A,reconstructed,0.9156314730644226,3.04093074798584,1.8702001571655276,5036
noBeta,2030,TAV,0.3,middle,5026,A,observed_mean,0.4628609418869018,3.04093074798584,2.048904657363892,5036
noBeta,2030,TAV,0.3,middle,5026,V,reconstructed,0.8633387088775635,3.3094732761383057,2.118402004241944,4759
noBeta,2030,TAV,0.3,middle,5026,V,observed_mean,0.160843938589096,3.3094732761383057,2.966961145401001,4759
noBeta,2030,TAV,0.3,end,5026,T,reconstructed,0.3639684319496155,10.71814250946045,5.505156517028809,5030
noBeta,2030,TAV,0.3,end,5026,T,observed_mean,0.1560484915971756,10.71814250946045,9.81391429901123,5030
noBeta,2030,TAV,0.3,end,5026,A,reconstructed,0.9165332317352296,3.0420143604278564,1.869150161743164,5030
noBeta,2030,TAV,0.3,end,5026,A,observed_mean,0.5541185736656189,3.0420143604278564,2.117556095123291,5030
noBeta,2030,TAV,0.3,end,5026,V,reconstructed,0.866624653339386,3.436601161956787,2.1266989707946777,4663
noBeta,2030,TAV,0.3,end,5026,V,observed_mean,0.2284227460622787,3.436601161956787,2.9901180267333984,4663
noBeta,2030,TAV,0.3,random,5026,T,reconstructed,0.3447560667991638,10.732294082641602,5.585872173309326,5039
noBeta,2030,TAV,0.3,random,5026,T,observed_mean,0.1389211565256118,10.732294082641602,10.195840835571287,5039
noBeta,2030,TAV,0.3,random,5026,A,reconstructed,0.9145278334617616,3.0297534465789795,1.8789647817611692,5039
noBeta,2030,TAV,0.3,random,5026,A,observed_mean,0.4910799264907837,3.0297534465789795,2.079827308654785,5039
noBeta,2030,TAV,0.3,random,5026,V,reconstructed,0.8633084297180176,3.381028652191162,2.12597918510437,4743
noBeta,2030,TAV,0.3,random,5026,V,observed_mean,0.1818779557943344,3.381028652191162,2.954318046569824,4743
noBeta,2030,TAV,0.3,random,5027,T,reconstructed,0.3493409156799316,10.67197608947754,5.556235313415527,5038
noBeta,2030,TAV,0.3,random,5027,T,observed_mean,0.1423883289098739,10.67197608947754,10.19556999206543,5038
noBeta,2030,TAV,0.3,random,5027,A,reconstructed,0.9229578971862792,3.02767014503479,1.8674829006195068,5038
noBeta,2030,TAV,0.3,random,5027,A,observed_mean,0.4936444461345672,3.02767014503479,2.078989028930664,5038
noBeta,2030,TAV,0.3,random,5027,V,reconstructed,0.866389274597168,3.318305969238281,2.120774269104004,4712
noBeta,2030,TAV,0.3,random,5027,V,observed_mean,0.183438554406166,3.318305969238281,2.9778316020965576,4712
noBeta,2030,TAV,0.3,random,5028,T,reconstructed,0.3502879738807678,10.679091453552246,5.630569934844971,5030
noBeta,2030,TAV,0.3,random,5028,T,observed_mean,0.1429239809513092,10.679091453552246,10.261195182800291,5030
noBeta,2030,TAV,0.3,random,5028,A,reconstructed,0.9174588918685912,3.0566372871398926,1.8806780576705933,5030
noBeta,2030,TAV,0.3,random,5028,A,observed_mean,0.4855035841464996,3.0566372871398926,2.0628204345703125,5030
noBeta,2030,TAV,0.3,random,5028,V,reconstructed,0.8660954236984253,3.348120212554932,2.126178026199341,4710
noBeta,2030,TAV,0.3,random,5028,V,observed_mean,0.1778780370950698,3.348120212554932,2.9629135131835938,4710
noQ,2026,T,0.1,random,5026,T,reconstructed,0.4308736026287079,13.613200187683104,5.842069149017334,1711
noQ,2026,T,0.1,random,5026,T,observed_mean,0.0609941817820072,13.613200187683104,13.235917091369627,1711
noQ,2026,T,0.1,random,5027,T,reconstructed,0.4350625872611999,13.586487770080566,5.849159240722656,1711
noQ,2026,T,0.1,random,5027,T,observed_mean,0.0659991130232811,13.586487770080566,13.16679573059082,1711
noQ,2026,T,0.1,random,5028,T,reconstructed,0.4358974993228912,13.592850685119627,5.824184417724609,1711
noQ,2026,T,0.1,random,5028,T,observed_mean,0.0703132301568985,13.592850685119627,13.15159511566162,1711
noQ,2026,T,0.2,random,5026,T,reconstructed,0.438202291727066,13.582457542419434,5.807577133178711,3400
noQ,2026,T,0.2,random,5026,T,observed_mean,0.0804769471287727,13.582457542419434,13.158342361450195,3400
noQ,2026,T,0.2,random,5027,T,reconstructed,0.441222608089447,13.55784034729004,5.819005012512207,3400
noQ,2026,T,0.2,random,5027,T,observed_mean,0.0846382156014442,13.55784034729004,13.120491027832031,3400
noQ,2026,T,0.2,random,5028,T,reconstructed,0.4431527256965637,13.568414688110352,5.801413059234619,3400
noQ,2026,T,0.2,random,5028,T,observed_mean,0.0872317180037498,13.568414688110352,13.115845680236816,3400
noQ,2026,T,0.3,start,5026,T,reconstructed,0.4516147077083587,13.805975914001465,5.812118053436279,5039
noQ,2026,T,0.3,start,5026,T,observed_mean,0.0963005125522613,13.805975914001465,13.027860641479492,5039
noQ,2026,T,0.3,middle,5026,T,reconstructed,0.4430455267429352,13.495091438293455,5.754542350769043,5039
noQ,2026,T,0.3,middle,5026,T,observed_mean,0.0924769416451454,13.495091438293455,13.083514213562012,5039
noQ,2026,T,0.3,end,5026,T,reconstructed,0.4658673703670501,13.581055641174316,5.779666423797607,5039
noQ,2026,T,0.3,end,5026,T,observed_mean,0.1166258081793785,13.581055641174316,12.577346801757812,5039
noQ,2026,T,0.3,random,5026,T,reconstructed,0.4458233714103699,13.57087516784668,5.769010066986084,5039
noQ,2026,T,0.3,random,5026,T,observed_mean,0.0975157544016838,13.57087516784668,13.05734634399414,5039
noQ,2026,T,0.3,random,5027,T,reconstructed,0.4506218731403351,13.54034423828125,5.780811309814453,5039
noQ,2026,T,0.3,random,5027,T,observed_mean,0.1020804792642593,13.54034423828125,13.057251930236816,5039
noQ,2026,T,0.3,random,5028,T,reconstructed,0.4475999772548675,13.546048164367676,5.767593860626221,5039
noQ,2026,T,0.3,random,5028,T,observed_mean,0.1020850017666816,13.546048164367676,13.133172035217283,5039
noQ,2026,T,0.4,random,5026,T,reconstructed,0.4545617997646332,13.556791305541992,5.691956996917725,6740
noQ,2026,T,0.4,random,5026,T,observed_mean,0.1172245666384697,13.556791305541992,12.926072120666504,6740
noQ,2026,T,0.4,random,5027,T,reconstructed,0.4600048065185547,13.528923988342283,5.700716972351074,6740
noQ,2026,T,0.4,random,5027,T,observed_mean,0.1248644739389419,13.528923988342283,12.982471466064451,6740
noQ,2026,T,0.4,random,5028,T,reconstructed,0.4574014842510223,13.54017734527588,5.7170491218566895,6740
noQ,2026,T,0.4,random,5028,T,observed_mean,0.1211318895220756,13.54017734527588,13.09526824951172,6740
noQ,2026,T,0.5,random,5026,T,reconstructed,0.4675536751747131,13.562050819396973,5.601725101470947,8415
noQ,2026,T,0.5,random,5026,T,observed_mean,0.1412240266799926,13.562050819396973,12.78212070465088,8415
noQ,2026,T,0.5,random,5027,T,reconstructed,0.4745593070983886,13.537050247192385,5.595572471618652,8415
noQ,2026,T,0.5,random,5027,T,observed_mean,0.1508692502975464,13.537050247192385,12.810603141784668,8415
noQ,2026,T,0.5,random,5028,T,reconstructed,0.4714435935020447,13.54120922088623,5.62689208984375,8415
noQ,2026,T,0.5,random,5028,T,observed_mean,0.1473361253738403,13.54120922088623,12.944184303283691,8415
noQ,2026,A,0.1,random,5026,A,reconstructed,0.9115389585494996,3.0897133350372314,1.7509698867797852,1711
noQ,2026,A,0.1,random,5026,A,observed_mean,0.4361045658588409,3.0897133350372314,2.057206869125366,1711
noQ,2026,A,0.1,random,5027,A,reconstructed,0.9161185622215272,3.090559244155884,1.7496849298477173,1711
noQ,2026,A,0.1,random,5027,A,observed_mean,0.4386305212974548,3.090559244155884,2.059455633163452,1711
noQ,2026,A,0.1,random,5028,A,reconstructed,0.9128602147102356,3.038374662399292,1.7508817911148071,1711
noQ,2026,A,0.1,random,5028,A,observed_mean,0.4306592941284179,3.038374662399292,2.0606651306152344,1711
noQ,2026,A,0.2,random,5026,A,reconstructed,0.913971185684204,3.069950819015503,1.7507234811782837,3400
noQ,2026,A,0.2,random,5026,A,observed_mean,0.4660795629024505,3.069950819015503,2.0623066425323486,3400
noQ,2026,A,0.2,random,5027,A,reconstructed,0.914827048778534,3.064171075820923,1.750051975250244,3400
noQ,2026,A,0.2,random,5027,A,observed_mean,0.4716269075870514,3.064171075820923,2.065881967544556,3400
noQ,2026,A,0.2,random,5028,A,reconstructed,0.912861704826355,3.082327127456665,1.751034379005432,3400
noQ,2026,A,0.2,random,5028,A,observed_mean,0.4603189527988434,3.082327127456665,2.054687976837158,3400
noQ,2026,A,0.3,start,5026,A,reconstructed,0.900971531867981,3.102949619293213,1.7486705780029297,5039
noQ,2026,A,0.3,start,5026,A,observed_mean,0.5154908895492554,3.102949619293213,2.117004632949829,5039
noQ,2026,A,0.3,middle,5026,A,reconstructed,0.9136213064193726,3.0693576335906982,1.7524151802062988,5039
noQ,2026,A,0.3,middle,5026,A,observed_mean,0.4607462584972381,3.0693576335906982,2.0790610313415527,5039
noQ,2026,A,0.3,end,5026,A,reconstructed,0.9237143397331238,3.073965072631836,1.75160813331604,5039
noQ,2026,A,0.3,end,5026,A,observed_mean,0.5516631603240967,3.073965072631836,2.146665096282959,5039
noQ,2026,A,0.3,random,5026,A,reconstructed,0.9163057208061218,3.060242891311645,1.7511577606201172,5039
noQ,2026,A,0.3,random,5026,A,observed_mean,0.4883080422878265,3.060242891311645,2.10746693611145,5039
noQ,2026,A,0.3,random,5027,A,reconstructed,0.9149737358093262,3.0572104454040527,1.7499412298202517,5039
noQ,2026,A,0.3,random,5027,A,observed_mean,0.4912387132644653,3.0572104454040527,2.1078038215637207,5039
noQ,2026,A,0.3,random,5028,A,reconstructed,0.9138202667236328,3.085050344467163,1.7518455982208252,5039
noQ,2026,A,0.3,random,5028,A,observed_mean,0.4828386902809143,3.085050344467163,2.093174695968628,5039
noQ,2026,A,0.4,random,5026,A,reconstructed,0.9165226817131042,3.052690267562866,1.751272439956665,6740
noQ,2026,A,0.4,random,5026,A,observed_mean,0.5049496293067932,3.052690267562866,2.1447641849517822,6740
noQ,2026,A,0.4,random,5027,A,reconstructed,0.9146077036857604,3.0557174682617188,1.7500580549240112,6740
noQ,2026,A,0.4,random,5027,A,observed_mean,0.5050077438354492,3.0557174682617188,2.144681453704834,6740
noQ,2026,A,0.4,random,5028,A,reconstructed,0.91493558883667,3.086923360824585,1.7520917654037476,6740
noQ,2026,A,0.4,random,5028,A,observed_mean,0.5005379915237427,3.086923360824585,2.1214990615844727,6740
noQ,2026,A,0.5,random,5026,A,reconstructed,0.9170227646827698,3.0549099445343018,1.7508456707000732,8415
noQ,2026,A,0.5,random,5026,A,observed_mean,0.5189034938812256,3.0549099445343018,2.190722942352295,8415
noQ,2026,A,0.5,random,5027,A,reconstructed,0.914877712726593,3.0762648582458496,1.749876856803894,8415
noQ,2026,A,0.5,random,5027,A,observed_mean,0.517926037311554,3.0762648582458496,2.1771512031555176,8415
noQ,2026,A,0.5,random,5028,A,reconstructed,0.915649950504303,3.078407526016236,1.7517566680908203,8415
noQ,2026,A,0.5,random,5028,A,observed_mean,0.5185728073120117,3.078407526016236,2.166666984558105,8415
noQ,2026,V,0.1,random,5026,V,reconstructed,0.8661968111991882,3.3976497650146484,3.6054954528808594,1604
noQ,2026,V,0.1,random,5026,V,observed_mean,0.1572322249412536,3.3976497650146484,2.937746286392212,1604
noQ,2026,V,0.1,random,5027,V,reconstructed,0.8730490803718567,3.299733161926269,3.6073288917541504,1595
noQ,2026,V,0.1,random,5027,V,observed_mean,0.156313419342041,3.299733161926269,2.96163272857666,1595
noQ,2026,V,0.1,random,5028,V,reconstructed,0.8640917539596558,3.3750879764556885,3.607236862182617,1588
noQ,2026,V,0.1,random,5028,V,observed_mean,0.1529408097267151,3.3750879764556885,2.9531338214874268,1588
noQ,2026,V,0.2,random,5026,V,reconstructed,0.8653090000152588,3.3921658992767334,3.611095428466797,3194
noQ,2026,V,0.2,random,5026,V,observed_mean,0.1712296158075332,3.3921658992767334,2.947676658630371,3194
noQ,2026,V,0.2,random,5027,V,reconstructed,0.8710054755210876,3.3152048587799072,3.613061428070069,3180
noQ,2026,V,0.2,random,5027,V,observed_mean,0.1714527606964111,3.3152048587799072,2.9665486812591557,3180
noQ,2026,V,0.2,random,5028,V,reconstructed,0.8652603030204773,3.3745148181915283,3.611341714859009,3176
noQ,2026,V,0.2,random,5028,V,observed_mean,0.1695735305547714,3.3745148181915283,2.955970525741577,3176
noQ,2026,V,0.3,start,5026,V,reconstructed,0.8724619150161743,3.3230721950531006,3.608091592788696,4768
noQ,2026,V,0.3,start,5026,V,observed_mean,0.2123734205961227,3.3230721950531006,2.990254163742065,4768
noQ,2026,V,0.3,middle,5026,V,reconstructed,0.8654277920722961,3.314658164978028,3.608589410781861,4759
noQ,2026,V,0.3,middle,5026,V,observed_mean,0.1609687358140945,3.314658164978028,2.971281051635742,4759
noQ,2026,V,0.3,end,5026,V,reconstructed,0.8719609379768372,3.4411237239837646,3.60536527633667,4663
noQ,2026,V,0.3,end,5026,V,observed_mean,0.2287457287311554,3.4411237239837646,2.994751453399658,4663
noQ,2026,V,0.3,random,5026,V,reconstructed,0.865339994430542,3.385687351226806,3.61169958114624,4743
noQ,2026,V,0.3,random,5026,V,observed_mean,0.1819152683019638,3.385687351226806,2.958571434020996,4743
noQ,2026,V,0.3,random,5027,V,reconstructed,0.8698699474334717,3.3237438201904297,3.611205816268921,4712
noQ,2026,V,0.3,random,5027,V,observed_mean,0.183433711528778,3.3237438201904297,2.981745958328247,4712
noQ,2026,V,0.3,random,5028,V,reconstructed,0.8652216792106628,3.3527605533599854,3.611399412155152,4710
noQ,2026,V,0.3,random,5028,V,observed_mean,0.1781440824270248,3.3527605533599854,2.967294931411743,4710
noQ,2026,V,0.4,random,5026,V,reconstructed,0.8666250109672546,3.365560293197632,3.61168360710144,6357
noQ,2026,V,0.4,random,5026,V,observed_mean,0.1923543512821197,3.365560293197632,2.98022723197937,6357
noQ,2026,V,0.4,random,5027,V,reconstructed,0.8695019483566284,3.324125051498413,3.610973834991455,6308
noQ,2026,V,0.4,random,5027,V,observed_mean,0.1946674287319183,3.324125051498413,3.003579616546631,6308
noQ,2026,V,0.4,random,5028,V,reconstructed,0.8655723333358765,3.3543965816497803,3.611749887466431,6306
noQ,2026,V,0.4,random,5028,V,observed_mean,0.1905184239149093,3.3543965816497803,2.9855823516845703,6306
noQ,2026,V,0.5,random,5026,V,reconstructed,0.8679404854774475,3.346243381500244,3.610316753387451,7939
noQ,2026,V,0.5,random,5026,V,observed_mean,0.2017985433340072,3.346243381500244,3.01308012008667,7939
noQ,2026,V,0.5,random,5027,V,reconstructed,0.8688382506370544,3.324936389923096,3.609730243682861,7888
noQ,2026,V,0.5,random,5027,V,observed_mean,0.2032794654369354,3.324936389923096,3.0273256301879883,7888
noQ,2026,V,0.5,random,5028,V,reconstructed,0.8663682341575623,3.3395493030548096,3.6104137897491455,7893
noQ,2026,V,0.5,random,5028,V,observed_mean,0.2012796252965927,3.3395493030548096,3.019936800003052,7893
noQ,2026,TA,0.3,start,5026,T,reconstructed,0.451406717300415,13.805975914001465,5.79804277420044,5039
noQ,2026,TA,0.3,start,5026,T,observed_mean,0.0963005125522613,13.805975914001465,13.027860641479492,5039
noQ,2026,TA,0.3,start,5026,A,reconstructed,0.8987362384796143,3.102949619293213,1.7513614892959597,5039
noQ,2026,TA,0.3,start,5026,A,observed_mean,0.5154908895492554,3.102949619293213,2.117004632949829,5039
noQ,2026,TA,0.3,middle,5026,T,reconstructed,0.4424535930156708,13.495091438293455,5.742546081542969,5039
noQ,2026,TA,0.3,middle,5026,T,observed_mean,0.0924769416451454,13.495091438293455,13.083514213562012,5039
noQ,2026,TA,0.3,middle,5026,A,reconstructed,0.9093986749649048,3.0693576335906982,1.7507216930389404,5039
noQ,2026,TA,0.3,middle,5026,A,observed_mean,0.4607462584972381,3.0693576335906982,2.0790610313415527,5039
noQ,2026,TA,0.3,end,5026,T,reconstructed,0.4648049473762512,13.581055641174316,5.76812219619751,5039
noQ,2026,TA,0.3,end,5026,T,observed_mean,0.1166258081793785,13.581055641174316,12.577346801757812,5039
noQ,2026,TA,0.3,end,5026,A,reconstructed,0.918837547302246,3.073965072631836,1.7559417486190796,5039
noQ,2026,TA,0.3,end,5026,A,observed_mean,0.5516631603240967,3.073965072631836,2.146665096282959,5039
noQ,2026,TA,0.3,random,5026,T,reconstructed,0.4448126256465912,13.57087516784668,5.756235122680664,5039
noQ,2026,TA,0.3,random,5026,T,observed_mean,0.0975157544016838,13.57087516784668,13.05734634399414,5039
noQ,2026,TA,0.3,random,5026,A,reconstructed,0.9141185283660888,3.060242891311645,1.7473821640014648,5039
noQ,2026,TA,0.3,random,5026,A,observed_mean,0.4883080422878265,3.060242891311645,2.10746693611145,5039
noQ,2026,TA,0.3,random,5027,T,reconstructed,0.4498847424983978,13.54034423828125,5.766156196594238,5039
noQ,2026,TA,0.3,random,5027,T,observed_mean,0.1020804792642593,13.54034423828125,13.057251930236816,5039
noQ,2026,TA,0.3,random,5027,A,reconstructed,0.9086968302726746,3.0572104454040527,1.7478047609329224,5039
noQ,2026,TA,0.3,random,5027,A,observed_mean,0.4912387132644653,3.0572104454040527,2.1078038215637207,5039
noQ,2026,TA,0.3,random,5028,T,reconstructed,0.4465353488922119,13.546048164367676,5.756027221679688,5039
noQ,2026,TA,0.3,random,5028,T,observed_mean,0.1020850017666816,13.546048164367676,13.133172035217283,5039
noQ,2026,TA,0.3,random,5028,A,reconstructed,0.9076809287071228,3.085050344467163,1.756697416305542,5039
noQ,2026,TA,0.3,random,5028,A,observed_mean,0.4828386902809143,3.085050344467163,2.093174695968628,5039
noQ,2026,TV,0.3,start,5026,T,reconstructed,0.4495938718318939,13.808919906616213,5.833607196807861,5035
noQ,2026,TV,0.3,start,5026,T,observed_mean,0.0962704345583915,13.808919906616213,13.03208351135254,5035
noQ,2026,TV,0.3,start,5026,V,reconstructed,0.8723241090774536,3.3230721950531006,3.585728168487549,4768
noQ,2026,TV,0.3,start,5026,V,observed_mean,0.2123734205961227,3.3230721950531006,2.990254163742065,4768
noQ,2026,TV,0.3,middle,5026,T,reconstructed,0.4410781562328338,13.497549057006836,5.778100967407227,5036
noQ,2026,TV,0.3,middle,5026,T,observed_mean,0.0924919843673706,13.497549057006836,13.08459758758545,5036
noQ,2026,TV,0.3,middle,5026,V,reconstructed,0.8666629195213318,3.314658164978028,3.618614912033081,4759
noQ,2026,TV,0.3,middle,5026,V,observed_mean,0.1609687358140945,3.314658164978028,2.971281051635742,4759
noQ,2026,TV,0.3,end,5026,T,reconstructed,0.4644331634044647,13.585253715515137,5.79740571975708,5030
noQ,2026,TV,0.3,end,5026,T,observed_mean,0.1166581586003303,13.585253715515137,12.574130058288574,5030
noQ,2026,TV,0.3,end,5026,V,reconstructed,0.873941957950592,3.4411237239837646,3.5892255306243896,4663
noQ,2026,TV,0.3,end,5026,V,observed_mean,0.2287457287311554,3.4411237239837646,2.994751453399658,4663
noQ,2026,TV,0.3,random,5026,T,reconstructed,0.444000095129013,13.57087516784668,5.790263175964356,5039
noQ,2026,TV,0.3,random,5026,T,observed_mean,0.0975157544016838,13.57087516784668,13.05734634399414,5039
noQ,2026,TV,0.3,random,5026,V,reconstructed,0.8665288686752319,3.385687351226806,3.626178503036499,4743
noQ,2026,TV,0.3,random,5026,V,observed_mean,0.1819152683019638,3.385687351226806,2.958571434020996,4743
noQ,2026,TV,0.3,random,5027,T,reconstructed,0.4486668407917022,13.54106903076172,5.805362224578857,5038
noQ,2026,TV,0.3,random,5027,T,observed_mean,0.1020878404378891,13.54106903076172,13.057862281799316,5038
noQ,2026,TV,0.3,random,5027,V,reconstructed,0.8694506883621216,3.3237438201904297,3.617461442947388,4712
noQ,2026,TV,0.3,random,5027,V,observed_mean,0.183433711528778,3.3237438201904297,2.981745958328247,4712
noQ,2026,TV,0.3,random,5028,T,reconstructed,0.4453609883785248,13.552946090698242,5.791200637817383,5030
noQ,2026,TV,0.3,random,5028,T,observed_mean,0.1019815579056739,13.552946090698242,13.138280868530272,5030
noQ,2026,TV,0.3,random,5028,V,reconstructed,0.8657045364379883,3.3527605533599854,3.623948812484741,4710
noQ,2026,TV,0.3,random,5028,V,observed_mean,0.1781440824270248,3.3527605533599854,2.967294931411743,4710
noQ,2026,AV,0.3,start,5026,A,reconstructed,0.9017289876937866,3.103246688842773,1.7429299354553225,5035
noQ,2026,AV,0.3,start,5026,A,observed_mean,0.515433132648468,3.103246688842773,2.116889715194702,5035
noQ,2026,AV,0.3,start,5026,V,reconstructed,0.8722886443138123,3.3230721950531006,3.5908944606781006,4768
noQ,2026,AV,0.3,start,5026,V,observed_mean,0.2123734205961227,3.3230721950531006,2.990254163742065,4768
noQ,2026,AV,0.3,middle,5026,A,reconstructed,0.9142215251922609,3.068711042404175,1.7452428340911863,5036
noQ,2026,AV,0.3,middle,5026,A,observed_mean,0.4609316289424896,3.068711042404175,2.0778961181640625,5036
noQ,2026,AV,0.3,middle,5026,V,reconstructed,0.8650662302970886,3.314658164978028,3.5962975025177,4759
noQ,2026,AV,0.3,middle,5026,V,observed_mean,0.1609687358140945,3.314658164978028,2.971281051635742,4759
noQ,2026,AV,0.3,end,5026,A,reconstructed,0.9245418310165404,3.0740833282470703,1.746902346611023,5030
noQ,2026,AV,0.3,end,5026,A,observed_mean,0.5517081022262573,3.0740833282470703,2.145454168319702,5030
noQ,2026,AV,0.3,end,5026,V,reconstructed,0.8717303276062012,3.4411237239837646,3.6028311252593994,4663
noQ,2026,AV,0.3,end,5026,V,observed_mean,0.2287457287311554,3.4411237239837646,2.994751453399658,4663
noQ,2026,AV,0.3,random,5026,A,reconstructed,0.9171507358551024,3.060242891311645,1.744707465171814,5039
noQ,2026,AV,0.3,random,5026,A,observed_mean,0.4883080422878265,3.060242891311645,2.10746693611145,5039
noQ,2026,AV,0.3,random,5026,V,reconstructed,0.8650009036064148,3.385687351226806,3.600615739822388,4743
noQ,2026,AV,0.3,random,5026,V,observed_mean,0.1819152683019638,3.385687351226806,2.958571434020996,4743
noQ,2026,AV,0.3,random,5027,A,reconstructed,0.9154263734817504,3.0569565296173096,1.7435017824172974,5038
noQ,2026,AV,0.3,random,5027,A,observed_mean,0.4913086295127868,3.0569565296173096,2.107442140579224,5038
noQ,2026,AV,0.3,random,5027,V,reconstructed,0.8695982098579407,3.3237438201904297,3.600647211074829,4712
noQ,2026,AV,0.3,random,5027,V,observed_mean,0.183433711528778,3.3237438201904297,2.981745958328247,4712
noQ,2026,AV,0.3,random,5028,A,reconstructed,0.9144260287284852,3.084738254547119,1.7458425760269165,5030
noQ,2026,AV,0.3,random,5028,A,observed_mean,0.4830198585987091,3.084738254547119,2.091170072555542,5030
noQ,2026,AV,0.3,random,5028,V,reconstructed,0.8648477792739868,3.3527605533599854,3.602675437927246,4710
noQ,2026,AV,0.3,random,5028,V,observed_mean,0.1781440824270248,3.3527605533599854,2.967294931411743,4710
noQ,2026,TAV,0.3,start,5026,T,reconstructed,0.4495187103748321,13.808919906616213,5.819115161895752,5035
noQ,2026,TAV,0.3,start,5026,T,observed_mean,0.0962704345583915,13.808919906616213,13.03208351135254,5035
noQ,2026,TAV,0.3,start,5026,A,reconstructed,0.8995071649551392,3.103246688842773,1.74531352519989,5035
noQ,2026,TAV,0.3,start,5026,A,observed_mean,0.515433132648468,3.103246688842773,2.116889715194702,5035
noQ,2026,TAV,0.3,start,5026,V,reconstructed,0.8720570802688599,3.3230721950531006,3.564971208572388,4768
noQ,2026,TAV,0.3,start,5026,V,observed_mean,0.2123734205961227,3.3230721950531006,2.990254163742065,4768
noQ,2026,TAV,0.3,middle,5026,T,reconstructed,0.4406040608882904,13.497549057006836,5.765788555145264,5036
noQ,2026,TAV,0.3,middle,5026,T,observed_mean,0.0924919843673706,13.497549057006836,13.08459758758545,5036
noQ,2026,TAV,0.3,middle,5026,A,reconstructed,0.9100765585899352,3.068711042404175,1.7427654266357422,5036
noQ,2026,TAV,0.3,middle,5026,A,observed_mean,0.4609316289424896,3.068711042404175,2.0778961181640625,5036
noQ,2026,TAV,0.3,middle,5026,V,reconstructed,0.8662323951721191,3.314658164978028,3.606076240539551,4759
noQ,2026,TAV,0.3,middle,5026,V,observed_mean,0.1609687358140945,3.314658164978028,2.971281051635742,4759
noQ,2026,TAV,0.3,end,5026,T,reconstructed,0.4634833633899688,13.585253715515137,5.784993648529053,5030
noQ,2026,TAV,0.3,end,5026,T,observed_mean,0.1166581586003303,13.585253715515137,12.574130058288574,5030
noQ,2026,TAV,0.3,end,5026,A,reconstructed,0.9201550483703612,3.0740833282470703,1.7507922649383545,5030
noQ,2026,TAV,0.3,end,5026,A,observed_mean,0.5517081022262573,3.0740833282470703,2.145454168319702,5030
noQ,2026,TAV,0.3,end,5026,V,reconstructed,0.873799741268158,3.4411237239837646,3.589784622192383,4663
noQ,2026,TAV,0.3,end,5026,V,observed_mean,0.2287457287311554,3.4411237239837646,2.994751453399658,4663
noQ,2026,TAV,0.3,random,5026,T,reconstructed,0.4431051909923553,13.57087516784668,5.776797771453857,5039
noQ,2026,TAV,0.3,random,5026,T,observed_mean,0.0975157544016838,13.57087516784668,13.05734634399414,5039
noQ,2026,TAV,0.3,random,5026,A,reconstructed,0.9152274131774902,3.060242891311645,1.7410386800765991,5039
noQ,2026,TAV,0.3,random,5026,A,observed_mean,0.4883080422878265,3.060242891311645,2.10746693611145,5039
noQ,2026,TAV,0.3,random,5026,V,reconstructed,0.8662000298500061,3.385687351226806,3.6159989833831783,4743
noQ,2026,TAV,0.3,random,5026,V,observed_mean,0.1819152683019638,3.385687351226806,2.958571434020996,4743
noQ,2026,TAV,0.3,random,5027,T,reconstructed,0.4480315744876861,13.54106903076172,5.789997577667236,5038
noQ,2026,TAV,0.3,random,5027,T,observed_mean,0.1020878404378891,13.54106903076172,13.057862281799316,5038
noQ,2026,TAV,0.3,random,5027,A,reconstructed,0.9090574979782104,3.0569565296173096,1.740104079246521,5038
noQ,2026,TAV,0.3,random,5027,A,observed_mean,0.4913086295127868,3.0569565296173096,2.107442140579224,5038
noQ,2026,TAV,0.3,random,5027,V,reconstructed,0.8691378235816956,3.3237438201904297,3.608798027038574,4712
noQ,2026,TAV,0.3,random,5027,V,observed_mean,0.183433711528778,3.3237438201904297,2.981745958328247,4712
noQ,2026,TAV,0.3,random,5028,T,reconstructed,0.4444194734096527,13.552946090698242,5.77929162979126,5030
noQ,2026,TAV,0.3,random,5028,T,observed_mean,0.1019815579056739,13.552946090698242,13.138280868530272,5030
noQ,2026,TAV,0.3,random,5028,A,reconstructed,0.908467173576355,3.084738254547119,1.750109076499939,5030
noQ,2026,TAV,0.3,random,5028,A,observed_mean,0.4830198585987091,3.084738254547119,2.091170072555542,5030
noQ,2026,TAV,0.3,random,5028,V,reconstructed,0.8652991056442261,3.3527605533599854,3.616599082946777,4710
noQ,2026,TAV,0.3,random,5028,V,observed_mean,0.1781440824270248,3.3527605533599854,2.967294931411743,4710
noQ,2027,T,0.1,random,5026,T,reconstructed,0.4001878201961517,14.35293960571289,5.951310157775879,1711
noQ,2027,T,0.1,random,5026,T,observed_mean,0.0680169761180877,14.35293960571289,13.961474418640137,1711
noQ,2027,T,0.1,random,5027,T,reconstructed,0.4038438498973846,14.335400581359863,5.945407867431641,1711
noQ,2027,T,0.1,random,5027,T,observed_mean,0.0740557387471199,14.335400581359863,13.91620635986328,1711
noQ,2027,T,0.1,random,5028,T,reconstructed,0.4032846987247467,14.36350154876709,5.950056076049805,1711
noQ,2027,T,0.1,random,5028,T,observed_mean,0.0768180564045906,14.36350154876709,13.885223388671877,1711
noQ,2027,T,0.2,random,5026,T,reconstructed,0.407344251871109,14.319306373596191,5.92655086517334,3400
noQ,2027,T,0.2,random,5026,T,observed_mean,0.0876453444361686,14.319306373596191,13.945358276367188,3400
noQ,2027,T,0.2,random,5027,T,reconstructed,0.4099683463573456,14.29776668548584,5.930710792541504,3400
noQ,2027,T,0.2,random,5027,T,observed_mean,0.0888500586152076,14.29776668548584,13.900105476379396,3400
noQ,2027,T,0.2,random,5028,T,reconstructed,0.4090587794780731,14.321796417236328,5.940056324005127,3400
noQ,2027,T,0.2,random,5028,T,observed_mean,0.0924109891057014,14.321796417236328,13.923879623413086,3400
noQ,2027,T,0.3,start,5026,T,reconstructed,0.4193929433822632,14.506048202514648,5.909080505371094,5039
noQ,2027,T,0.3,start,5026,T,observed_mean,0.1008222177624702,14.506048202514648,13.722887992858888,5039
noQ,2027,T,0.3,middle,5026,T,reconstructed,0.4139677286148071,14.225855827331545,5.880230903625488,5039
noQ,2027,T,0.3,middle,5026,T,observed_mean,0.0998138487339019,14.225855827331545,13.89763641357422,5039
noQ,2027,T,0.3,end,5026,T,reconstructed,0.4230776727199554,14.45289134979248,5.848798751831055,5039
noQ,2027,T,0.3,end,5026,T,observed_mean,0.1215015277266502,14.45289134979248,13.223365783691406,5039
noQ,2027,T,0.3,random,5026,T,reconstructed,0.4150688052177429,14.320326805114746,5.86627721786499,5039
noQ,2027,T,0.3,random,5026,T,observed_mean,0.1047752350568771,14.320326805114746,13.87510585784912,5039
noQ,2027,T,0.3,random,5027,T,reconstructed,0.4191014766693115,14.28154754638672,5.887163162231445,5039
noQ,2027,T,0.3,random,5027,T,observed_mean,0.1058484688401222,14.28154754638672,13.832022666931152,5039
noQ,2027,T,0.3,random,5028,T,reconstructed,0.4160096049308777,14.287498474121094,5.905731201171875,5039
noQ,2027,T,0.3,random,5028,T,observed_mean,0.1067310497164726,14.287498474121094,13.94586181640625,5039
noQ,2027,T,0.4,random,5026,T,reconstructed,0.4252874255180359,14.321852684020996,5.812765598297119,6740
noQ,2027,T,0.4,random,5026,T,observed_mean,0.1243253871798515,14.321852684020996,13.815353393554688,6740
noQ,2027,T,0.4,random,5027,T,reconstructed,0.4308043420314789,14.269601821899414,5.82988166809082,6740
noQ,2027,T,0.4,random,5027,T,observed_mean,0.1312033385038375,14.269601821899414,13.81363010406494,6740
noQ,2027,T,0.4,random,5028,T,reconstructed,0.4245004057884216,14.286128997802734,5.850407600402832,6740
noQ,2027,T,0.4,random,5028,T,observed_mean,0.1262798309326172,14.286128997802734,13.925349235534668,6740
noQ,2027,T,0.5,random,5026,T,reconstructed,0.4357735216617584,14.327264785766602,5.734766960144043,8415
noQ,2027,T,0.5,random,5026,T,observed_mean,0.14557845890522,14.327264785766602,13.683557510375977,8415
noQ,2027,T,0.5,random,5027,T,reconstructed,0.4395076632499695,14.287737846374512,5.738115310668945,8415
noQ,2027,T,0.5,random,5027,T,observed_mean,0.1500013321638107,14.287737846374512,13.67342472076416,8415
noQ,2027,T,0.5,random,5028,T,reconstructed,0.4359479546546936,14.276169776916504,5.767636775970459,8415
noQ,2027,T,0.5,random,5028,T,observed_mean,0.1462687700986862,14.276169776916504,13.822236061096191,8415
noQ,2027,A,0.1,random,5026,A,reconstructed,0.9236367344856262,3.087010145187378,1.7351576089859009,1711
noQ,2027,A,0.1,random,5026,A,observed_mean,0.4352393746376037,3.087010145187378,2.057704448699951,1711
noQ,2027,A,0.1,random,5027,A,reconstructed,0.930911421775818,3.0905792713165283,1.7359856367111206,1711
noQ,2027,A,0.1,random,5027,A,observed_mean,0.4374690949916839,3.0905792713165283,2.0597236156463623,1711
noQ,2027,A,0.1,random,5028,A,reconstructed,0.9295789003372192,3.0364432334899902,1.7345751523971558,1711
noQ,2027,A,0.1,random,5028,A,observed_mean,0.4296645224094391,3.0364432334899902,2.061055898666382,1711
noQ,2027,A,0.2,random,5026,A,reconstructed,0.9252811670303344,3.0676915645599365,1.7349621057510376,3400
noQ,2027,A,0.2,random,5026,A,observed_mean,0.4651267230510711,3.0676915645599365,2.0629799365997314,3400
noQ,2027,A,0.2,random,5027,A,reconstructed,0.9309954047203064,3.0634214878082275,1.7360159158706665,3400
noQ,2027,A,0.2,random,5027,A,observed_mean,0.4704404473304748,3.0634214878082275,2.066222667694092,3400
noQ,2027,A,0.2,random,5028,A,reconstructed,0.9286824464797974,3.0810508728027344,1.7344112396240234,3400
noQ,2027,A,0.2,random,5028,A,observed_mean,0.4591287076473236,3.0810508728027344,2.0551183223724365,3400
noQ,2027,A,0.3,start,5026,A,reconstructed,0.9483964443206788,3.100776672363281,1.725267767906189,5039
noQ,2027,A,0.3,start,5026,A,observed_mean,0.5142340064048767,3.100776672363281,2.1175990104675293,5039
noQ,2027,A,0.3,middle,5026,A,reconstructed,0.9271901845932008,3.067467451095581,1.7340734004974363,5039
noQ,2027,A,0.3,middle,5026,A,observed_mean,0.4596966505050659,3.067467451095581,2.079754114151001,5039
noQ,2027,A,0.3,end,5026,A,reconstructed,0.9110242128372192,3.072756052017212,1.7395076751708984,5039
noQ,2027,A,0.3,end,5026,A,observed_mean,0.550042986869812,3.072756052017212,2.146459579467773,5039
noQ,2027,A,0.3,random,5026,A,reconstructed,0.9258345365524292,3.058617115020752,1.73417067527771,5039
noQ,2027,A,0.3,random,5026,A,observed_mean,0.4871521592140198,3.058617115020752,2.1079630851745605,5039
noQ,2027,A,0.3,random,5027,A,reconstructed,0.9315651655197144,3.056293487548828,1.735339879989624,5039
noQ,2027,A,0.3,random,5027,A,observed_mean,0.4899943172931671,3.056293487548828,2.1079914569854736,5039
noQ,2027,A,0.3,random,5028,A,reconstructed,0.929019570350647,3.083901882171631,1.7335619926452637,5039
noQ,2027,A,0.3,random,5028,A,observed_mean,0.4816006422042846,3.083901882171631,2.093461275100708,5039
noQ,2027,A,0.4,random,5026,A,reconstructed,0.925504505634308,3.051277637481689,1.7336299419403076,6740
noQ,2027,A,0.4,random,5026,A,observed_mean,0.5037223696708679,3.051277637481689,2.145087957382202,6740
noQ,2027,A,0.4,random,5027,A,reconstructed,0.9311365485191344,3.054532766342163,1.7342389822006226,6740
noQ,2027,A,0.4,random,5027,A,observed_mean,0.5037333369255066,3.054532766342163,2.1447176933288574,6740
noQ,2027,A,0.4,random,5028,A,reconstructed,0.9288403391838074,3.0854742527008057,1.7328932285308838,6740
noQ,2027,A,0.4,random,5028,A,observed_mean,0.499265193939209,3.0854742527008057,2.1218068599700928,6740
noQ,2027,A,0.5,random,5026,A,reconstructed,0.9260295033454896,3.0533268451690674,1.733187556266785,8415
noQ,2027,A,0.5,random,5026,A,observed_mean,0.5175670981407166,3.0533268451690674,2.1909193992614746,8415
noQ,2027,A,0.5,random,5027,A,reconstructed,0.9288039803504944,3.0748157501220703,1.733687400817871,8415
noQ,2027,A,0.5,random,5027,A,observed_mean,0.5166687369346619,3.0748157501220703,2.177239418029785,8415
noQ,2027,A,0.5,random,5028,A,reconstructed,0.9276675581932068,3.076892375946045,1.73240065574646,8415
noQ,2027,A,0.5,random,5028,A,observed_mean,0.5172900557518005,3.076892375946045,2.166955947875977,8415
noQ,2027,V,0.1,random,5026,V,reconstructed,0.8675633668899536,3.401503324508667,3.1626076698303223,1604
noQ,2027,V,0.1,random,5026,V,observed_mean,0.1578626185655594,3.401503324508667,2.940258502960205,1604
noQ,2027,V,0.1,random,5027,V,reconstructed,0.8698641061782837,3.301553726196289,3.1665096282958984,1595
noQ,2027,V,0.1,random,5027,V,observed_mean,0.1571388244628906,3.301553726196289,2.964760065078736,1595
noQ,2027,V,0.1,random,5028,V,reconstructed,0.8689114451408386,3.3788859844207764,3.169778347015381,1588
noQ,2027,V,0.1,random,5028,V,observed_mean,0.1535626500844955,3.3788859844207764,2.955763816833496,1588
noQ,2027,V,0.2,random,5026,V,reconstructed,0.8655597567558289,3.396400690078736,3.173837900161743,3194
noQ,2027,V,0.2,random,5026,V,observed_mean,0.1718126982450485,3.396400690078736,2.9501516819000244,3194
noQ,2027,V,0.2,random,5027,V,reconstructed,0.8692626953125,3.3176965713500977,3.178253412246704,3180
noQ,2027,V,0.2,random,5027,V,observed_mean,0.1722738593816757,3.3176965713500977,2.9698665142059326,3180
noQ,2027,V,0.2,random,5028,V,reconstructed,0.8679711222648621,3.378537654876709,3.17905592918396,3176
noQ,2027,V,0.2,random,5028,V,observed_mean,0.1700899451971054,3.378537654876709,2.9584708213806152,3176
noQ,2027,V,0.3,start,5026,V,reconstructed,0.8696979284286499,3.3258426189422607,3.1876461505889893,4768
noQ,2027,V,0.3,start,5026,V,observed_mean,0.2129289954900741,3.3258426189422607,2.993065357208252,4768
noQ,2027,V,0.3,middle,5026,V,reconstructed,0.8696182370185852,3.317756175994873,3.17989182472229,4759
noQ,2027,V,0.3,middle,5026,V,observed_mean,0.1617664992809295,3.317756175994873,2.9748942852020264,4759
noQ,2027,V,0.3,end,5026,V,reconstructed,0.868377685546875,3.4472622871398926,3.1830389499664307,4663
noQ,2027,V,0.3,end,5026,V,observed_mean,0.2289801090955734,3.4472622871398926,2.9967994689941406,4663
noQ,2027,V,0.3,random,5026,V,reconstructed,0.8669320940971375,3.3897411823272705,3.183300256729126,4743
noQ,2027,V,0.3,random,5026,V,observed_mean,0.1825535893440246,3.3897411823272705,2.9614782333374023,4743
noQ,2027,V,0.3,random,5027,V,reconstructed,0.8690690398216248,3.326704502105713,3.185762405395508,4712
noQ,2027,V,0.3,random,5027,V,observed_mean,0.1842207610607147,3.326704502105713,2.985307216644287,4712
noQ,2027,V,0.3,random,5028,V,reconstructed,0.8676942586898804,3.3566808700561523,3.186486005783081,4710
noQ,2027,V,0.3,random,5028,V,observed_mean,0.1786135584115982,3.3566808700561523,2.970090627670288,4710
noQ,2027,V,0.4,random,5026,V,reconstructed,0.8679162859916687,3.3691771030426025,3.193563938140869,6357
noQ,2027,V,0.4,random,5026,V,observed_mean,0.193042054772377,3.3691771030426025,2.9834530353546143,6357
noQ,2027,V,0.4,random,5027,V,reconstructed,0.8692981600761414,3.327096700668335,3.195046901702881,6308
noQ,2027,V,0.4,random,5027,V,observed_mean,0.1954420059919357,3.327096700668335,3.007397174835205,6308
noQ,2027,V,0.4,random,5028,V,reconstructed,0.8668720722198486,3.3585972785949707,3.196729898452759,6306
noQ,2027,V,0.4,random,5028,V,observed_mean,0.1910142600536346,3.3585972785949707,2.9882142543792725,6306
noQ,2027,V,0.5,random,5026,V,reconstructed,0.8684790730476379,3.349642038345337,3.20165491104126,7939
noQ,2027,V,0.5,random,5026,V,observed_mean,0.2025139927864074,3.349642038345337,3.016785860061645,7939
noQ,2027,V,0.5,random,5027,V,reconstructed,0.8690568208694458,3.327859878540039,3.2027370929718018,7888
noQ,2027,V,0.5,random,5027,V,observed_mean,0.2040305584669113,3.327859878540039,3.031517505645752,7888
noQ,2027,V,0.5,random,5028,V,reconstructed,0.867694079875946,3.3434882164001465,3.204066276550293,7893
noQ,2027,V,0.5,random,5028,V,observed_mean,0.2017662972211837,3.3434882164001465,3.0228283405303955,7893
noQ,2027,TA,0.3,start,5026,T,reconstructed,0.4185451567173004,14.506048202514648,5.901998996734619,5039
noQ,2027,TA,0.3,start,5026,T,observed_mean,0.1008222177624702,14.506048202514648,13.722887992858888,5039
noQ,2027,TA,0.3,start,5026,A,reconstructed,0.9476809501647948,3.100776672363281,1.734471082687378,5039
noQ,2027,TA,0.3,start,5026,A,observed_mean,0.5142340064048767,3.100776672363281,2.1175990104675293,5039
noQ,2027,TA,0.3,middle,5026,T,reconstructed,0.4130804538726806,14.225855827331545,5.874963760375977,5039
noQ,2027,TA,0.3,middle,5026,T,observed_mean,0.0998138487339019,14.225855827331545,13.89763641357422,5039
noQ,2027,TA,0.3,middle,5026,A,reconstructed,0.9272194504737854,3.067467451095581,1.7350242137908936,5039
noQ,2027,TA,0.3,middle,5026,A,observed_mean,0.4596966505050659,3.067467451095581,2.079754114151001,5039
noQ,2027,TA,0.3,end,5026,T,reconstructed,0.4220708310604095,14.45289134979248,5.832586765289307,5039
noQ,2027,TA,0.3,end,5026,T,observed_mean,0.1215015277266502,14.45289134979248,13.223365783691406,5039
noQ,2027,TA,0.3,end,5026,A,reconstructed,0.913992702960968,3.072756052017212,1.7346713542938232,5039
noQ,2027,TA,0.3,end,5026,A,observed_mean,0.550042986869812,3.072756052017212,2.146459579467773,5039
noQ,2027,TA,0.3,random,5026,T,reconstructed,0.4140699207782745,14.320326805114746,5.858095645904541,5039
noQ,2027,TA,0.3,random,5026,T,observed_mean,0.1047752350568771,14.320326805114746,13.87510585784912,5039
noQ,2027,TA,0.3,random,5026,A,reconstructed,0.927293062210083,3.058617115020752,1.7302863597869873,5039
noQ,2027,TA,0.3,random,5026,A,observed_mean,0.4871521592140198,3.058617115020752,2.1079630851745605,5039
noQ,2027,TA,0.3,random,5027,T,reconstructed,0.4181402623653412,14.28154754638672,5.875891208648682,5039
noQ,2027,TA,0.3,random,5027,T,observed_mean,0.1058484688401222,14.28154754638672,13.832022666931152,5039
noQ,2027,TA,0.3,random,5027,A,reconstructed,0.9333061575889589,3.056293487548828,1.733206033706665,5039
noQ,2027,TA,0.3,random,5027,A,observed_mean,0.4899943172931671,3.056293487548828,2.1079914569854736,5039
noQ,2027,TA,0.3,random,5028,T,reconstructed,0.4150952994823456,14.287498474121094,5.898423194885254,5039
noQ,2027,TA,0.3,random,5028,T,observed_mean,0.1067310497164726,14.287498474121094,13.94586181640625,5039
noQ,2027,TA,0.3,random,5028,A,reconstructed,0.9306270480155944,3.083901882171631,1.7301075458526611,5039
noQ,2027,TA,0.3,random,5028,A,observed_mean,0.4816006422042846,3.083901882171631,2.093461275100708,5039
noQ,2027,TV,0.3,start,5026,T,reconstructed,0.4167993366718292,14.5076322555542,5.936330318450928,5035
noQ,2027,TV,0.3,start,5026,T,observed_mean,0.1008554846048355,14.5076322555542,13.724983215332031,5035
noQ,2027,TV,0.3,start,5026,V,reconstructed,0.8725289106369019,3.3258426189422607,3.1007742881774902,4768
noQ,2027,TV,0.3,start,5026,V,observed_mean,0.2129289954900741,3.3258426189422607,2.993065357208252,4768
noQ,2027,TV,0.3,middle,5026,T,reconstructed,0.4114602506160736,14.228737831115724,5.910031795501709,5036
noQ,2027,TV,0.3,middle,5026,T,observed_mean,0.0998034998774528,14.228737831115724,13.89951992034912,5036
noQ,2027,TV,0.3,middle,5026,V,reconstructed,0.8687819242477417,3.317756175994873,3.1450295448303223,4759
noQ,2027,TV,0.3,middle,5026,V,observed_mean,0.1617664992809295,3.317756175994873,2.9748942852020264,4759
noQ,2027,TV,0.3,end,5026,T,reconstructed,0.4204103648662567,14.459129333496094,5.8729248046875,5030
noQ,2027,TV,0.3,end,5026,T,observed_mean,0.1215202286839485,14.459129333496094,13.227580070495604,5030
noQ,2027,TV,0.3,end,5026,V,reconstructed,0.872416615486145,3.4472622871398926,3.1253345012664795,4663
noQ,2027,TV,0.3,end,5026,V,observed_mean,0.2289801090955734,3.4472622871398926,2.9967994689941406,4663
noQ,2027,TV,0.3,random,5026,T,reconstructed,0.4123710095882416,14.320326805114746,5.897222518920898,5039
noQ,2027,TV,0.3,random,5026,T,observed_mean,0.1047752350568771,14.320326805114746,13.87510585784912,5039
noQ,2027,TV,0.3,random,5026,V,reconstructed,0.8693025708198547,3.3897411823272705,3.1518890857696533,4743
noQ,2027,TV,0.3,random,5026,V,observed_mean,0.1825535893440246,3.3897411823272705,2.9614782333374023,4743
noQ,2027,TV,0.3,random,5027,T,reconstructed,0.4164318442344665,14.282670021057127,5.916104793548584,5038
noQ,2027,TV,0.3,random,5027,T,observed_mean,0.1058526113629341,14.282670021057127,13.832451820373535,5038
noQ,2027,TV,0.3,random,5027,V,reconstructed,0.871569812297821,3.326704502105713,3.150996208190918,4712
noQ,2027,TV,0.3,random,5027,V,observed_mean,0.1842207610607147,3.326704502105713,2.985307216644287,4712
noQ,2027,TV,0.3,random,5028,T,reconstructed,0.4134417176246643,14.29294204711914,5.935862064361572,5030
noQ,2027,TV,0.3,random,5028,T,observed_mean,0.1066753193736076,14.29294204711914,13.95083713531494,5030
noQ,2027,TV,0.3,random,5028,V,reconstructed,0.8671534657478333,3.3566808700561523,3.1499640941619877,4710
noQ,2027,TV,0.3,random,5028,V,observed_mean,0.1786135584115982,3.3566808700561523,2.970090627670288,4710
noQ,2027,AV,0.3,start,5026,A,reconstructed,0.9470847845077516,3.1010870933532715,1.7269114255905151,5035
noQ,2027,AV,0.3,start,5026,A,observed_mean,0.5141674876213074,3.1010870933532715,2.117466688156128,5035
noQ,2027,AV,0.3,start,5026,V,reconstructed,0.8694586157798767,3.3258426189422607,3.2127764225006104,4768
noQ,2027,AV,0.3,start,5026,V,observed_mean,0.2129289954900741,3.3258426189422607,2.993065357208252,4768
noQ,2027,AV,0.3,middle,5026,A,reconstructed,0.9253034591674804,3.066816568374634,1.7354490756988523,5036
noQ,2027,AV,0.3,middle,5026,A,observed_mean,0.4598773717880249,3.066816568374634,2.078563928604126,5036
noQ,2027,AV,0.3,middle,5026,V,reconstructed,0.8694223761558533,3.317756175994873,3.207599401473999,4759
noQ,2027,AV,0.3,middle,5026,V,observed_mean,0.1617664992809295,3.317756175994873,2.9748942852020264,4759
noQ,2027,AV,0.3,end,5026,A,reconstructed,0.908731997013092,3.072937488555908,1.7414867877960205,5030
noQ,2027,AV,0.3,end,5026,A,observed_mean,0.5500884652137756,3.072937488555908,2.1453096866607666,5030
noQ,2027,AV,0.3,end,5026,V,reconstructed,0.8682780265808105,3.4472622871398926,3.209350109100342,4663
noQ,2027,AV,0.3,end,5026,V,observed_mean,0.2289801090955734,3.4472622871398926,2.9967994689941406,4663
noQ,2027,AV,0.3,random,5026,A,reconstructed,0.9240682721138,3.058617115020752,1.7367252111434937,5039
noQ,2027,AV,0.3,random,5026,A,observed_mean,0.4871521592140198,3.058617115020752,2.1079630851745605,5039
noQ,2027,AV,0.3,random,5026,V,reconstructed,0.8666712045669556,3.3897411823272705,3.2102181911468506,4743
noQ,2027,AV,0.3,random,5026,V,observed_mean,0.1825535893440246,3.3897411823272705,2.9614782333374023,4743
noQ,2027,AV,0.3,random,5027,A,reconstructed,0.9299979209899902,3.056032657623291,1.7372220754623413,5038
noQ,2027,AV,0.3,random,5027,A,observed_mean,0.4900636076927185,3.056032657623291,2.1076250076293945,5038
noQ,2027,AV,0.3,random,5027,V,reconstructed,0.86896151304245,3.326704502105713,3.212193489074707,4712
noQ,2027,AV,0.3,random,5027,V,observed_mean,0.1842207610607147,3.326704502105713,2.985307216644287,4712
noQ,2027,AV,0.3,random,5028,A,reconstructed,0.9270436763763428,3.083554983139038,1.734784483909607,5030
noQ,2027,AV,0.3,random,5028,A,observed_mean,0.4817833602428436,3.083554983139038,2.0914182662963867,5030
noQ,2027,AV,0.3,random,5028,V,reconstructed,0.8675366640090942,3.3566808700561523,3.21368670463562,4710
noQ,2027,AV,0.3,random,5028,V,observed_mean,0.1786135584115982,3.3566808700561523,2.970090627670288,4710
noQ,2027,TAV,0.3,start,5026,T,reconstructed,0.4160491228103637,14.5076322555542,5.928866386413574,5035
noQ,2027,TAV,0.3,start,5026,T,observed_mean,0.1008554846048355,14.5076322555542,13.724983215332031,5035
noQ,2027,TAV,0.3,start,5026,A,reconstructed,0.9464435577392578,3.1010870933532715,1.7343028783798218,5035
noQ,2027,TAV,0.3,start,5026,A,observed_mean,0.5141674876213074,3.1010870933532715,2.117466688156128,5035
noQ,2027,TAV,0.3,start,5026,V,reconstructed,0.8723415732383728,3.3258426189422607,3.1316213607788086,4768
noQ,2027,TAV,0.3,start,5026,V,observed_mean,0.2129289954900741,3.3258426189422607,2.993065357208252,4768
noQ,2027,TAV,0.3,middle,5026,T,reconstructed,0.410709410905838,14.228737831115724,5.904699325561523,5036
noQ,2027,TAV,0.3,middle,5026,T,observed_mean,0.0998034998774528,14.228737831115724,13.89951992034912,5036
noQ,2027,TAV,0.3,middle,5026,A,reconstructed,0.9251274466514589,3.066816568374634,1.7352957725524902,5036
noQ,2027,TAV,0.3,middle,5026,A,observed_mean,0.4598773717880249,3.066816568374634,2.078563928604126,5036
noQ,2027,TAV,0.3,middle,5026,V,reconstructed,0.8686007261276245,3.317756175994873,3.179218292236328,4759
noQ,2027,TAV,0.3,middle,5026,V,observed_mean,0.1617664992809295,3.317756175994873,2.9748942852020264,4759
noQ,2027,TAV,0.3,end,5026,T,reconstructed,0.4194953441619873,14.459129333496094,5.85636043548584,5030
noQ,2027,TAV,0.3,end,5026,T,observed_mean,0.1215202286839485,14.459129333496094,13.227580070495604,5030
noQ,2027,TAV,0.3,end,5026,A,reconstructed,0.91145122051239,3.072937488555908,1.7349454164505005,5030
noQ,2027,TAV,0.3,end,5026,A,observed_mean,0.5500884652137756,3.072937488555908,2.1453096866607666,5030
noQ,2027,TAV,0.3,end,5026,V,reconstructed,0.8724895119667053,3.4472622871398926,3.1584692001342773,4663
noQ,2027,TAV,0.3,end,5026,V,observed_mean,0.2289801090955734,3.4472622871398926,2.9967994689941406,4663
noQ,2027,TAV,0.3,random,5026,T,reconstructed,0.4114556014537811,14.320326805114746,5.888750553131104,5039
noQ,2027,TAV,0.3,random,5026,T,observed_mean,0.1047752350568771,14.320326805114746,13.87510585784912,5039
noQ,2027,TAV,0.3,random,5026,A,reconstructed,0.9253056645393372,3.058617115020752,1.7314130067825315,5039
noQ,2027,TAV,0.3,random,5026,A,observed_mean,0.4871521592140198,3.058617115020752,2.1079630851745605,5039
noQ,2027,TAV,0.3,random,5026,V,reconstructed,0.8690686821937561,3.3897411823272705,3.1857481002807617,4743
noQ,2027,TAV,0.3,random,5026,V,observed_mean,0.1825535893440246,3.3897411823272705,2.9614782333374023,4743
noQ,2027,TAV,0.3,random,5027,T,reconstructed,0.4155665934085846,14.282670021057127,5.904291152954102,5038
noQ,2027,TAV,0.3,random,5027,T,observed_mean,0.1058526113629341,14.282670021057127,13.832451820373535,5038
noQ,2027,TAV,0.3,random,5027,A,reconstructed,0.931792676448822,3.056032657623291,1.733591079711914,5038
noQ,2027,TAV,0.3,random,5027,A,observed_mean,0.4900636076927185,3.056032657623291,2.1076250076293945,5038
noQ,2027,TAV,0.3,random,5027,V,reconstructed,0.8715415000915527,3.326704502105713,3.183096647262573,4712
noQ,2027,TAV,0.3,random,5027,V,observed_mean,0.1842207610607147,3.326704502105713,2.985307216644287,4712
noQ,2027,TAV,0.3,random,5028,T,reconstructed,0.412651389837265,14.29294204711914,5.928470611572266,5030
noQ,2027,TAV,0.3,random,5028,T,observed_mean,0.1066753193736076,14.29294204711914,13.95083713531494,5030
noQ,2027,TAV,0.3,random,5028,A,reconstructed,0.9285573959350586,3.083554983139038,1.7299470901489258,5030
noQ,2027,TAV,0.3,random,5028,A,observed_mean,0.4817833602428436,3.083554983139038,2.0914182662963867,5030
noQ,2027,TAV,0.3,random,5028,V,reconstructed,0.8670287728309631,3.3566808700561523,3.183785915374756,4710
noQ,2027,TAV,0.3,random,5028,V,observed_mean,0.1786135584115982,3.3566808700561523,2.970090627670288,4710
noQ,2028,T,0.1,random,5026,T,reconstructed,0.6073983907699585,12.799272537231444,5.38401460647583,1711
noQ,2028,T,0.1,random,5026,T,observed_mean,0.0654880329966545,12.799272537231444,12.399362564086914,1711
noQ,2028,T,0.1,random,5027,T,reconstructed,0.6073006391525269,12.80062484741211,5.378990173339844,1711
noQ,2028,T,0.1,random,5027,T,observed_mean,0.0723769068717956,12.80062484741211,12.36188793182373,1711
noQ,2028,T,0.1,random,5028,T,reconstructed,0.6069020628929138,12.782766342163086,5.371488571166992,1711
noQ,2028,T,0.1,random,5028,T,observed_mean,0.0730328261852264,12.782766342163086,12.333544731140137,1711
noQ,2028,T,0.2,random,5026,T,reconstructed,0.6113945245742798,12.737056732177734,5.348190307617188,3400
noQ,2028,T,0.2,random,5026,T,observed_mean,0.0826431289315223,12.737056732177734,12.395922660827637,3400
noQ,2028,T,0.2,random,5027,T,reconstructed,0.6100077629089355,12.756318092346191,5.357231616973877,3400
noQ,2028,T,0.2,random,5027,T,observed_mean,0.084698386490345,12.756318092346191,12.375539779663086,3400
noQ,2028,T,0.2,random,5028,T,reconstructed,0.6096140146255493,12.740181922912598,5.348657131195068,3400
noQ,2028,T,0.2,random,5028,T,observed_mean,0.0868161171674728,12.740181922912598,12.375123023986816,3400
noQ,2028,T,0.3,start,5026,T,reconstructed,0.6102485656738281,13.034180641174316,5.239036083221436,5039
noQ,2028,T,0.3,start,5026,T,observed_mean,0.095406673848629,13.034180641174316,12.249622344970703,5039
noQ,2028,T,0.3,middle,5026,T,reconstructed,0.6121662855148315,12.655390739440918,5.300112247467041,5039
noQ,2028,T,0.3,middle,5026,T,observed_mean,0.0938127636909484,12.655390739440918,12.403564453125,5039
noQ,2028,T,0.3,end,5026,T,reconstructed,0.6227989792823792,12.779059410095217,5.26017427444458,5039
noQ,2028,T,0.3,end,5026,T,observed_mean,0.1118150651454925,12.779059410095217,11.735443115234377,5039
noQ,2028,T,0.3,random,5026,T,reconstructed,0.6142516732215881,12.74222469329834,5.285836696624756,5039
noQ,2028,T,0.3,random,5026,T,observed_mean,0.0973594859242439,12.74222469329834,12.36445426940918,5039
noQ,2028,T,0.3,random,5027,T,reconstructed,0.61301589012146,12.730673789978027,5.299476623535156,5039
noQ,2028,T,0.3,random,5027,T,observed_mean,0.0979309231042862,12.730673789978027,12.329809188842772,5039
noQ,2028,T,0.3,random,5028,T,reconstructed,0.6134397983551025,12.717890739440918,5.293000221252441,5039
noQ,2028,T,0.3,random,5028,T,observed_mean,0.1004351451992988,12.717890739440918,12.40021514892578,5039
noQ,2028,T,0.4,random,5026,T,reconstructed,0.6195289492607117,12.733427047729492,5.217630386352539,6740
noQ,2028,T,0.4,random,5026,T,observed_mean,0.1152882128953933,12.733427047729492,12.32364273071289,6740
noQ,2028,T,0.4,random,5027,T,reconstructed,0.6192400455474854,12.713226318359377,5.204753398895264,6740
noQ,2028,T,0.4,random,5027,T,observed_mean,0.1185734421014785,12.713226318359377,12.310153007507324,6740
noQ,2028,T,0.4,random,5028,T,reconstructed,0.6182277202606201,12.70946979522705,5.21596097946167,6740
noQ,2028,T,0.4,random,5028,T,observed_mean,0.1162112802267074,12.70946979522705,12.41526699066162,6740
noQ,2028,T,0.5,random,5026,T,reconstructed,0.6254398226737976,12.737488746643066,5.099153995513916,8415
noQ,2028,T,0.5,random,5026,T,observed_mean,0.1340245753526687,12.737488746643066,12.245767593383787,8415
noQ,2028,T,0.5,random,5027,T,reconstructed,0.6248261332511902,12.712709426879885,5.088247299194336,8415
noQ,2028,T,0.5,random,5027,T,observed_mean,0.1384949386119842,12.712709426879885,12.216877937316896,8415
noQ,2028,T,0.5,random,5028,T,reconstructed,0.6258144378662109,12.70761775970459,5.106401443481445,8415
noQ,2028,T,0.5,random,5028,T,observed_mean,0.1359731554985046,12.70761775970459,12.330540657043455,8415
noQ,2028,A,0.1,random,5026,A,reconstructed,0.9396154880523682,3.0641746520996094,1.6801830530166626,1711
noQ,2028,A,0.1,random,5026,A,observed_mean,0.4382709562778473,3.0641746520996094,2.0354411602020264,1711
noQ,2028,A,0.1,random,5027,A,reconstructed,0.9386054277420044,3.0669283866882324,1.6800925731658936,1711
noQ,2028,A,0.1,random,5027,A,observed_mean,0.4399845600128174,3.0669283866882324,2.037278175354004,1711
noQ,2028,A,0.1,random,5028,A,reconstructed,0.9333290457725524,3.0142135620117188,1.6806546449661257,1711
noQ,2028,A,0.1,random,5028,A,observed_mean,0.4321017861366272,3.0142135620117188,2.038594007492065,1711
noQ,2028,A,0.2,random,5026,A,reconstructed,0.9381142854690552,3.0443003177642822,1.6807307004928589,3400
noQ,2028,A,0.2,random,5026,A,observed_mean,0.4681185781955719,3.0443003177642822,2.0405845642089844,3400
noQ,2028,A,0.2,random,5027,A,reconstructed,0.9383991360664368,3.040605068206787,1.6807454824447632,3400
noQ,2028,A,0.2,random,5027,A,observed_mean,0.473040759563446,3.040605068206787,2.043402194976806,3400
noQ,2028,A,0.2,random,5028,A,reconstructed,0.9328582286834716,3.058976888656616,1.679776668548584,3400
noQ,2028,A,0.2,random,5028,A,observed_mean,0.4619679152965545,3.058976888656616,2.032320737838745,3400
noQ,2028,A,0.3,start,5026,A,reconstructed,0.9378077387809752,3.077772617340088,1.679620623588562,5039
noQ,2028,A,0.3,start,5026,A,observed_mean,0.5173279047012329,3.077772617340088,2.094998598098755,5039
noQ,2028,A,0.3,middle,5026,A,reconstructed,0.933705747127533,3.0456504821777344,1.6791917085647583,5039
noQ,2028,A,0.3,middle,5026,A,observed_mean,0.4621925055980682,3.0456504821777344,2.0563342571258545,5039
noQ,2028,A,0.3,end,5026,A,reconstructed,0.9324755072593688,3.047550678253174,1.678384780883789,5039
noQ,2028,A,0.3,end,5026,A,observed_mean,0.5531169176101685,3.047550678253174,2.124130249023437,5039
noQ,2028,A,0.3,random,5026,A,reconstructed,0.9368910789489746,3.0351667404174805,1.6804720163345337,5039
noQ,2028,A,0.3,random,5026,A,observed_mean,0.490215539932251,3.0351667404174805,2.0855844020843506,5039
noQ,2028,A,0.3,random,5027,A,reconstructed,0.9366915822029114,3.033923864364624,1.6801563501358032,5039
noQ,2028,A,0.3,random,5027,A,observed_mean,0.4927642047405243,3.033923864364624,2.0848238468170166,5039
noQ,2028,A,0.3,random,5028,A,reconstructed,0.9335716366767884,3.0614430904388428,1.6792802810668943,5039
noQ,2028,A,0.3,random,5028,A,observed_mean,0.4846904575824737,3.0614430904388428,2.070678234100342,5039
noQ,2028,A,0.4,random,5026,A,reconstructed,0.9354328513145448,3.027760982513428,1.680699586868286,6740
noQ,2028,A,0.4,random,5026,A,observed_mean,0.5068793296813965,3.027760982513428,2.1227285861968994,6740
noQ,2028,A,0.4,random,5027,A,reconstructed,0.9348000288009644,3.032271146774292,1.6802774667739868,6740
noQ,2028,A,0.4,random,5027,A,observed_mean,0.5066594481468201,3.032271146774292,2.121325969696045,6740
noQ,2028,A,0.4,random,5028,A,reconstructed,0.9320648908615112,3.0627808570861816,1.6791870594024658,6740
noQ,2028,A,0.4,random,5028,A,observed_mean,0.5024257302284241,3.0627808570861816,2.0989129543304443,6740
noQ,2028,A,0.5,random,5026,A,reconstructed,0.9337183237075806,3.030134677886963,1.6808449029922483,8415
noQ,2028,A,0.5,random,5026,A,observed_mean,0.520607590675354,3.030134677886963,2.168388605117798,8415
noQ,2028,A,0.5,random,5027,A,reconstructed,0.933247685432434,3.0528247356414795,1.6798595190048218,8415
noQ,2028,A,0.5,random,5027,A,observed_mean,0.5196037292480469,3.0528247356414795,2.153358221054077,8415
noQ,2028,A,0.5,random,5028,A,reconstructed,0.9318395256996156,3.054386615753174,1.6789792776107788,8415
noQ,2028,A,0.5,random,5028,A,observed_mean,0.5204581618309021,3.054386615753174,2.1438231468200684,8415
noQ,2028,V,0.1,random,5026,V,reconstructed,0.8543634414672852,3.389258861541748,2.439521074295044,1604
noQ,2028,V,0.1,random,5026,V,observed_mean,0.1570822149515152,3.389258861541748,2.932478427886963,1604
noQ,2028,V,0.1,random,5027,V,reconstructed,0.8574671149253845,3.292900562286377,2.437537908554077,1595
noQ,2028,V,0.1,random,5027,V,observed_mean,0.1562779694795608,3.292900562286377,2.956437349319458,1595
noQ,2028,V,0.1,random,5028,V,reconstructed,0.8545157313346863,3.368402004241944,2.442002058029175,1588
noQ,2028,V,0.1,random,5028,V,observed_mean,0.1526575833559036,3.368402004241944,2.9476330280303955,1588
noQ,2028,V,0.2,random,5026,V,reconstructed,0.854154646396637,3.384124755859375,2.4498283863067627,3194
noQ,2028,V,0.2,random,5026,V,observed_mean,0.1710779815912246,3.384124755859375,2.9429659843444824,3194
noQ,2028,V,0.2,random,5027,V,reconstructed,0.856869637966156,3.308902740478516,2.449440717697144,3180
noQ,2028,V,0.2,random,5027,V,observed_mean,0.1713539212942123,3.308902740478516,2.96163010597229,3180
noQ,2028,V,0.2,random,5028,V,reconstructed,0.8535081744194031,3.3675577640533447,2.450603008270264,3176
noQ,2028,V,0.2,random,5028,V,observed_mean,0.1692588627338409,3.3675577640533447,2.950897693634033,3176
noQ,2028,V,0.3,start,5026,V,reconstructed,0.8543158173561096,3.316200256347656,2.44978141784668,4768
noQ,2028,V,0.3,start,5026,V,observed_mean,0.2120956778526306,3.316200256347656,2.9847970008850098,4768
noQ,2028,V,0.3,middle,5026,V,reconstructed,0.8556585907936096,3.3078770637512207,2.4553709030151367,4759
noQ,2028,V,0.3,middle,5026,V,observed_mean,0.1607516407966613,3.3078770637512207,2.9663336277008057,4759
noQ,2028,V,0.3,end,5026,V,reconstructed,0.8542157411575317,3.4357051849365234,2.4483566284179688,4663
noQ,2028,V,0.3,end,5026,V,observed_mean,0.2280824035406112,3.4357051849365234,2.9890129566192627,4663
noQ,2028,V,0.3,random,5026,V,reconstructed,0.854434609413147,3.3778316974639893,2.4563467502593994,4743
noQ,2028,V,0.3,random,5026,V,observed_mean,0.1817461848258972,3.3778316974639893,2.9541726112365723,4743
noQ,2028,V,0.3,random,5027,V,reconstructed,0.8557231426239014,3.3172128200531006,2.4552547931671143,4712
noQ,2028,V,0.3,random,5027,V,observed_mean,0.1832578778266906,3.3172128200531006,2.9767322540283203,4712
noQ,2028,V,0.3,random,5028,V,reconstructed,0.8538559079170227,3.3459277153015137,2.455877780914306,4710
noQ,2028,V,0.3,random,5028,V,observed_mean,0.1777959316968917,3.3459277153015137,2.962221145629883,4710
noQ,2028,V,0.4,random,5026,V,reconstructed,0.8542628288269043,3.357926607131958,2.4631354808807373,6357
noQ,2028,V,0.4,random,5026,V,observed_mean,0.1920891106128692,3.357926607131958,2.975935697555542,6357
noQ,2028,V,0.4,random,5027,V,reconstructed,0.8545852303504944,3.317528247833252,2.462477922439575,6308
noQ,2028,V,0.4,random,5027,V,observed_mean,0.1943706572055816,3.317528247833252,2.998384952545166,6308
noQ,2028,V,0.4,random,5028,V,reconstructed,0.8537396192550659,3.347696542739868,2.4639711380004883,6306
noQ,2028,V,0.4,random,5028,V,observed_mean,0.1900920122861862,3.347696542739868,2.980395555496216,6306
noQ,2028,V,0.5,random,5026,V,reconstructed,0.8541370034217834,3.338842391967773,2.4679934978485107,7939
noQ,2028,V,0.5,random,5026,V,observed_mean,0.201518714427948,3.338842391967773,3.008991003036499,7939
noQ,2028,V,0.5,random,5027,V,reconstructed,0.854414165019989,3.318427801132202,2.467915296554565,7888
noQ,2028,V,0.5,random,5027,V,observed_mean,0.2029589712619781,3.318427801132202,3.022090435028076,7888
noQ,2028,V,0.5,random,5028,V,reconstructed,0.8539878726005554,3.333163022994995,2.468466520309448,7893
noQ,2028,V,0.5,random,5028,V,observed_mean,0.2007910907268524,3.333163022994995,3.0143892765045166,7893
noQ,2028,TA,0.3,start,5026,T,reconstructed,0.6096299290657043,13.034180641174316,5.232341766357422,5039
noQ,2028,TA,0.3,start,5026,T,observed_mean,0.095406673848629,13.034180641174316,12.249622344970703,5039
noQ,2028,TA,0.3,start,5026,A,reconstructed,0.9375845789909364,3.077772617340088,1.689253568649292,5039
noQ,2028,TA,0.3,start,5026,A,observed_mean,0.5173279047012329,3.077772617340088,2.094998598098755,5039
noQ,2028,TA,0.3,middle,5026,T,reconstructed,0.6115624308586121,12.655390739440918,5.304496765136719,5039
noQ,2028,TA,0.3,middle,5026,T,observed_mean,0.0938127636909484,12.655390739440918,12.403564453125,5039
noQ,2028,TA,0.3,middle,5026,A,reconstructed,0.9351993203163148,3.0456504821777344,1.674411058425903,5039
noQ,2028,TA,0.3,middle,5026,A,observed_mean,0.4621925055980682,3.0456504821777344,2.0563342571258545,5039
noQ,2028,TA,0.3,end,5026,T,reconstructed,0.6220194101333618,12.779059410095217,5.262758731842041,5039
noQ,2028,TA,0.3,end,5026,T,observed_mean,0.1118150651454925,12.779059410095217,11.735443115234377,5039
noQ,2028,TA,0.3,end,5026,A,reconstructed,0.9377103447914124,3.047550678253174,1.669276475906372,5039
noQ,2028,TA,0.3,end,5026,A,observed_mean,0.5531169176101685,3.047550678253174,2.124130249023437,5039
noQ,2028,TA,0.3,random,5026,T,reconstructed,0.6136691570281982,12.74222469329834,5.285621643066406,5039
noQ,2028,TA,0.3,random,5026,T,observed_mean,0.0973594859242439,12.74222469329834,12.36445426940918,5039
noQ,2028,TA,0.3,random,5026,A,reconstructed,0.9401445984840392,3.0351667404174805,1.682181715965271,5039
noQ,2028,TA,0.3,random,5026,A,observed_mean,0.490215539932251,3.0351667404174805,2.0855844020843506,5039
noQ,2028,TA,0.3,random,5027,T,reconstructed,0.6126987934112549,12.730673789978027,5.296269416809082,5039
noQ,2028,TA,0.3,random,5027,T,observed_mean,0.0979309231042862,12.730673789978027,12.329809188842772,5039
noQ,2028,TA,0.3,random,5027,A,reconstructed,0.940198004245758,3.033923864364624,1.6758192777633667,5039
noQ,2028,TA,0.3,random,5027,A,observed_mean,0.4927642047405243,3.033923864364624,2.0848238468170166,5039
noQ,2028,TA,0.3,random,5028,T,reconstructed,0.612764835357666,12.717890739440918,5.296054840087891,5039
noQ,2028,TA,0.3,random,5028,T,observed_mean,0.1004351451992988,12.717890739440918,12.40021514892578,5039
noQ,2028,TA,0.3,random,5028,A,reconstructed,0.9369527101516724,3.0614430904388428,1.6818413734436035,5039
noQ,2028,TA,0.3,random,5028,A,observed_mean,0.4846904575824737,3.0614430904388428,2.070678234100342,5039
noQ,2028,TV,0.3,start,5026,T,reconstructed,0.6079869270324707,13.036419868469238,5.2913007736206055,5035
noQ,2028,TV,0.3,start,5026,T,observed_mean,0.0954266637563705,13.036419868469238,12.251424789428713,5035
noQ,2028,TV,0.3,start,5026,V,reconstructed,0.8566395044326782,3.316200256347656,2.404782295227051,4768
noQ,2028,TV,0.3,start,5026,V,observed_mean,0.2120956778526306,3.316200256347656,2.9847970008850098,4768
noQ,2028,TV,0.3,middle,5026,T,reconstructed,0.6099963784217834,12.658140182495115,5.359346866607666,5036
noQ,2028,TV,0.3,middle,5026,T,observed_mean,0.0937875360250473,12.658140182495115,12.40523910522461,5036
noQ,2028,TV,0.3,middle,5026,V,reconstructed,0.8589687943458557,3.3078770637512207,2.431901693344116,4759
noQ,2028,TV,0.3,middle,5026,V,observed_mean,0.1607516407966613,3.3078770637512207,2.9663336277008057,4759
noQ,2028,TV,0.3,end,5026,T,reconstructed,0.6204750537872314,12.78342056274414,5.309916019439697,5030
noQ,2028,TV,0.3,end,5026,T,observed_mean,0.1118703186511993,12.78342056274414,11.736708641052246,5030
noQ,2028,TV,0.3,end,5026,V,reconstructed,0.8594823479652405,3.4357051849365234,2.431549072265625,4663
noQ,2028,TV,0.3,end,5026,V,observed_mean,0.2280824035406112,3.4357051849365234,2.9890129566192627,4663
noQ,2028,TV,0.3,random,5026,T,reconstructed,0.612001895904541,12.74222469329834,5.344782829284668,5039
noQ,2028,TV,0.3,random,5026,T,observed_mean,0.0973594859242439,12.74222469329834,12.36445426940918,5039
noQ,2028,TV,0.3,random,5026,V,reconstructed,0.8588379621505737,3.3778316974639893,2.448192358016968,4743
noQ,2028,TV,0.3,random,5026,V,observed_mean,0.1817461848258972,3.3778316974639893,2.9541726112365723,4743
noQ,2028,TV,0.3,random,5027,T,reconstructed,0.6108338236808777,12.731619834899902,5.359467506408691,5038
noQ,2028,TV,0.3,random,5027,T,observed_mean,0.0979353263974189,12.731619834899902,12.330862045288086,5038
noQ,2028,TV,0.3,random,5027,V,reconstructed,0.8589962124824524,3.3172128200531006,2.437098979949951,4712
noQ,2028,TV,0.3,random,5027,V,observed_mean,0.1832578778266906,3.3172128200531006,2.9767322540283203,4712
noQ,2028,TV,0.3,random,5028,T,reconstructed,0.6111745834350586,12.723248481750488,5.3505473136901855,5030
noQ,2028,TV,0.3,random,5028,T,observed_mean,0.1003602966666221,12.723248481750488,12.405113220214844,5030
noQ,2028,TV,0.3,random,5028,V,reconstructed,0.8583219051361084,3.3459277153015137,2.4388623237609863,4710
noQ,2028,TV,0.3,random,5028,V,observed_mean,0.1777959316968917,3.3459277153015137,2.962221145629883,4710
noQ,2028,AV,0.3,start,5026,A,reconstructed,0.9370916485786438,3.0780882835388184,1.6827434301376345,5035
noQ,2028,AV,0.3,start,5026,A,observed_mean,0.5172678828239441,3.0780882835388184,2.0948805809021,5035
noQ,2028,AV,0.3,start,5026,V,reconstructed,0.8537532091140747,3.316200256347656,2.4546239376068115,4768
noQ,2028,AV,0.3,start,5026,V,observed_mean,0.2120956778526306,3.316200256347656,2.9847970008850098,4768
noQ,2028,AV,0.3,middle,5026,A,reconstructed,0.933502197265625,3.045103073120117,1.682237148284912,5036
noQ,2028,AV,0.3,middle,5026,A,observed_mean,0.4623677432537079,3.045103073120117,2.0552666187286377,5036
noQ,2028,AV,0.3,middle,5026,V,reconstructed,0.8554405570030212,3.3078770637512207,2.4588654041290283,4759
noQ,2028,AV,0.3,middle,5026,V,observed_mean,0.1607516407966613,3.3078770637512207,2.9663336277008057,4759
noQ,2028,AV,0.3,end,5026,A,reconstructed,0.932050347328186,3.047663450241089,1.6818599700927734,5030
noQ,2028,AV,0.3,end,5026,A,observed_mean,0.55317223072052,3.047663450241089,2.122896909713745,5030
noQ,2028,AV,0.3,end,5026,V,reconstructed,0.853774905204773,3.4357051849365234,2.454918146133423,4663
noQ,2028,AV,0.3,end,5026,V,observed_mean,0.2280824035406112,3.4357051849365234,2.9890129566192627,4663
noQ,2028,AV,0.3,random,5026,A,reconstructed,0.9367868304252625,3.0351667404174805,1.68350088596344,5039
noQ,2028,AV,0.3,random,5026,A,observed_mean,0.490215539932251,3.0351667404174805,2.0855844020843506,5039
noQ,2028,AV,0.3,random,5026,V,reconstructed,0.8537803292274475,3.3778316974639893,2.460544347763061,4743
noQ,2028,AV,0.3,random,5026,V,observed_mean,0.1817461848258972,3.3778316974639893,2.9541726112365723,4743
noQ,2028,AV,0.3,random,5027,A,reconstructed,0.9362867474555968,3.033697366714477,1.6827342510223389,5038
noQ,2028,AV,0.3,random,5027,A,observed_mean,0.4928314387798309,3.033697366714477,2.084500551223755,5038
noQ,2028,AV,0.3,random,5027,V,reconstructed,0.8550218939781189,3.3172128200531006,2.459566116333008,4712
noQ,2028,AV,0.3,random,5027,V,observed_mean,0.1832578778266906,3.3172128200531006,2.9767322540283203,4712
noQ,2028,AV,0.3,random,5028,A,reconstructed,0.9330540299415588,3.061239957809448,1.6821504831314087,5030
noQ,2028,AV,0.3,random,5028,A,observed_mean,0.4848639667034149,3.061239957809448,2.0688793659210205,5030
noQ,2028,AV,0.3,random,5028,V,reconstructed,0.8537330031394958,3.3459277153015137,2.460416793823242,4710
noQ,2028,AV,0.3,random,5028,V,observed_mean,0.1777959316968917,3.3459277153015137,2.962221145629883,4710
noQ,2028,TAV,0.3,start,5026,T,reconstructed,0.6073030829429626,13.036419868469238,5.286791801452637,5035
noQ,2028,TAV,0.3,start,5026,T,observed_mean,0.0954266637563705,13.036419868469238,12.251424789428713,5035
noQ,2028,TAV,0.3,start,5026,A,reconstructed,0.9373340010643004,3.0780882835388184,1.6934781074523926,5035
noQ,2028,TAV,0.3,start,5026,A,observed_mean,0.5172678828239441,3.0780882835388184,2.0948805809021,5035
noQ,2028,TAV,0.3,start,5026,V,reconstructed,0.8557716012001038,3.316200256347656,2.411151885986328,4768
noQ,2028,TAV,0.3,start,5026,V,observed_mean,0.2120956778526306,3.316200256347656,2.9847970008850098,4768
noQ,2028,TAV,0.3,middle,5026,T,reconstructed,0.6093429327011108,12.658140182495115,5.3667755126953125,5036
noQ,2028,TAV,0.3,middle,5026,T,observed_mean,0.0937875360250473,12.658140182495115,12.40523910522461,5036
noQ,2028,TAV,0.3,middle,5026,A,reconstructed,0.9354625940322876,3.045103073120117,1.677375078201294,5036
noQ,2028,TAV,0.3,middle,5026,A,observed_mean,0.4623677432537079,3.045103073120117,2.0552666187286377,5036
noQ,2028,TAV,0.3,middle,5026,V,reconstructed,0.8586718440055847,3.3078770637512207,2.437373399734497,4759
noQ,2028,TAV,0.3,middle,5026,V,observed_mean,0.1607516407966613,3.3078770637512207,2.9663336277008057,4759
noQ,2028,TAV,0.3,end,5026,T,reconstructed,0.6196449995040894,12.78342056274414,5.314644813537598,5030
noQ,2028,TAV,0.3,end,5026,T,observed_mean,0.1118703186511993,12.78342056274414,11.736708641052246,5030
noQ,2028,TAV,0.3,end,5026,A,reconstructed,0.9379563331604004,3.047663450241089,1.6730775833129885,5030
noQ,2028,TAV,0.3,end,5026,A,observed_mean,0.55317223072052,3.047663450241089,2.122896909713745,5030
noQ,2028,TAV,0.3,end,5026,V,reconstructed,0.8586940169334412,3.4357051849365234,2.440382480621338,4663
noQ,2028,TAV,0.3,end,5026,V,observed_mean,0.2280824035406112,3.4357051849365234,2.9890129566192627,4663
noQ,2028,TAV,0.3,random,5026,T,reconstructed,0.6113680005073547,12.74222469329834,5.347516536712647,5039
noQ,2028,TAV,0.3,random,5026,T,observed_mean,0.0973594859242439,12.74222469329834,12.36445426940918,5039
noQ,2028,TAV,0.3,random,5026,A,reconstructed,0.940724551677704,3.0351667404174805,1.6850460767745972,5039
noQ,2028,TAV,0.3,random,5026,A,observed_mean,0.490215539932251,3.0351667404174805,2.0855844020843506,5039
noQ,2028,TAV,0.3,random,5026,V,reconstructed,0.8581014275550842,3.3778316974639893,2.455507040023804,4743
noQ,2028,TAV,0.3,random,5026,V,observed_mean,0.1817461848258972,3.3778316974639893,2.9541726112365723,4743
noQ,2028,TAV,0.3,random,5027,T,reconstructed,0.6104758381843567,12.731619834899902,5.3586907386779785,5038
noQ,2028,TAV,0.3,random,5027,T,observed_mean,0.0979353263974189,12.731619834899902,12.330862045288086,5038
noQ,2028,TAV,0.3,random,5027,A,reconstructed,0.9404462575912476,3.033697366714477,1.678825855255127,5038
noQ,2028,TAV,0.3,random,5027,A,observed_mean,0.4928314387798309,3.033697366714477,2.084500551223755,5038
noQ,2028,TAV,0.3,random,5027,V,reconstructed,0.8580020666122437,3.3172128200531006,2.44301700592041,4712
noQ,2028,TAV,0.3,random,5027,V,observed_mean,0.1832578778266906,3.3172128200531006,2.9767322540283203,4712
noQ,2028,TAV,0.3,random,5028,T,reconstructed,0.6104483604431152,12.723248481750488,5.356564998626709,5030
noQ,2028,TAV,0.3,random,5028,T,observed_mean,0.1003602966666221,12.723248481750488,12.405113220214844,5030
noQ,2028,TAV,0.3,random,5028,A,reconstructed,0.9370242357254028,3.061239957809448,1.6842219829559326,5030
noQ,2028,TAV,0.3,random,5028,A,observed_mean,0.4848639667034149,3.061239957809448,2.0688793659210205,5030
noQ,2028,TAV,0.3,random,5028,V,reconstructed,0.8580818176269531,3.3459277153015137,2.4453389644622803,4710
noQ,2028,TAV,0.3,random,5028,V,observed_mean,0.1777959316968917,3.3459277153015137,2.962221145629883,4710
noQ,2029,T,0.1,random,5026,T,reconstructed,0.4319039583206177,12.395511627197266,4.389153480529785,1711
noQ,2029,T,0.1,random,5026,T,observed_mean,0.0765435919165611,12.395511627197266,11.937515258789062,1711
noQ,2029,T,0.1,random,5027,T,reconstructed,0.433925062417984,12.334389686584473,4.376284599304199,1711
noQ,2029,T,0.1,random,5027,T,observed_mean,0.0829391777515411,12.334389686584473,11.86522388458252,1711
noQ,2029,T,0.1,random,5028,T,reconstructed,0.4378527402877807,12.336853981018066,4.36561918258667,1711
noQ,2029,T,0.1,random,5028,T,observed_mean,0.0876112580299377,12.336853981018066,11.850414276123049,1711
noQ,2029,T,0.2,random,5026,T,reconstructed,0.4408636689186096,12.35971736907959,4.363722801208496,3400
noQ,2029,T,0.2,random,5026,T,observed_mean,0.09793022274971,12.35971736907959,11.86139678955078,3400
noQ,2029,T,0.2,random,5027,T,reconstructed,0.4401911497116089,12.30242919921875,4.356486797332764,3400
noQ,2029,T,0.2,random,5027,T,observed_mean,0.0997284948825836,12.30242919921875,11.814350128173828,3400
noQ,2029,T,0.2,random,5028,T,reconstructed,0.4449337124824524,12.307868957519531,4.350121021270752,3400
noQ,2029,T,0.2,random,5028,T,observed_mean,0.1055012792348861,12.307868957519531,11.861135482788086,3400
noQ,2029,T,0.3,start,5026,T,reconstructed,0.448944479227066,12.531169891357422,4.317618846893311,5039
noQ,2029,T,0.3,start,5026,T,observed_mean,0.111459232866764,12.531169891357422,11.738531112670898,5039
noQ,2029,T,0.3,middle,5026,T,reconstructed,0.4452543556690216,12.260522842407228,4.309340476989746,5039
noQ,2029,T,0.3,middle,5026,T,observed_mean,0.1082716286182403,12.260522842407228,11.757607460021973,5039
noQ,2029,T,0.3,end,5026,T,reconstructed,0.460785835981369,12.369832038879396,4.309292316436768,5039
noQ,2029,T,0.3,end,5026,T,observed_mean,0.132324606180191,12.369832038879396,11.358428001403809,5039
noQ,2029,T,0.3,random,5026,T,reconstructed,0.4471717178821563,12.344474792480469,4.321357250213623,5039
noQ,2029,T,0.3,random,5026,T,observed_mean,0.1147899255156517,12.344474792480469,11.77534294128418,5039
noQ,2029,T,0.3,random,5027,T,reconstructed,0.4510703086853027,12.283894538879396,4.322331428527832,5039
noQ,2029,T,0.3,random,5027,T,observed_mean,0.1172085627913475,12.283894538879396,11.738951683044434,5039
noQ,2029,T,0.3,random,5028,T,reconstructed,0.450500875711441,12.288758277893066,4.331747531890869,5039
noQ,2029,T,0.3,random,5028,T,observed_mean,0.1211154460906982,12.288758277893066,11.860309600830078,5039
noQ,2029,T,0.4,random,5026,T,reconstructed,0.455985814332962,12.330939292907717,4.266430377960205,6740
noQ,2029,T,0.4,random,5026,T,observed_mean,0.136354312300682,12.330939292907717,11.664249420166016,6740
noQ,2029,T,0.4,random,5027,T,reconstructed,0.4581180810928345,12.271281242370604,4.277963161468506,6740
noQ,2029,T,0.4,random,5027,T,observed_mean,0.1420314908027649,12.271281242370604,11.745452880859377,6740
noQ,2029,T,0.4,random,5028,T,reconstructed,0.4590893983840942,12.287301063537598,4.278244018554688,6740
noQ,2029,T,0.4,random,5028,T,observed_mean,0.1398347616195678,12.287301063537598,11.808771133422852,6740
noQ,2029,T,0.5,random,5026,T,reconstructed,0.4649132788181305,12.332968711853027,4.185097217559815,8415
noQ,2029,T,0.5,random,5026,T,observed_mean,0.1589774489402771,12.332968711853027,11.535131454467772,8415
noQ,2029,T,0.5,random,5027,T,reconstructed,0.4701012372970581,12.290342330932615,4.184798717498779,8415
noQ,2029,T,0.5,random,5027,T,observed_mean,0.1654418557882309,12.290342330932615,11.606801986694336,8415
noQ,2029,T,0.5,random,5028,T,reconstructed,0.4703269302845001,12.286065101623535,4.21488094329834,8415
noQ,2029,T,0.5,random,5028,T,observed_mean,0.1642719656229019,12.286065101623535,11.708261489868164,8415
noQ,2029,A,0.1,random,5026,A,reconstructed,0.9087285995483398,3.0784709453582764,1.8372191190719604,1711
noQ,2029,A,0.1,random,5026,A,observed_mean,0.4369589984416961,3.0784709453582764,2.049046039581299,1711
noQ,2029,A,0.1,random,5027,A,reconstructed,0.9100703597068788,3.081369161605835,1.8369334936141968,1711
noQ,2029,A,0.1,random,5027,A,observed_mean,0.4392027556896209,3.081369161605835,2.051021814346313,1711
noQ,2029,A,0.1,random,5028,A,reconstructed,0.9097632169723512,3.028688907623291,1.8372997045516968,1711
noQ,2029,A,0.1,random,5028,A,observed_mean,0.4312465786933899,3.028688907623291,2.0523035526275635,1711
noQ,2029,A,0.2,random,5026,A,reconstructed,0.9108165502548218,3.0592575073242188,1.8419681787490845,3400
noQ,2029,A,0.2,random,5026,A,observed_mean,0.4668498039245605,3.0592575073242188,2.054292917251587,3400
noQ,2029,A,0.2,random,5027,A,reconstructed,0.9105445146560668,3.0544936656951904,1.8413816690444944,3400
noQ,2029,A,0.2,random,5027,A,observed_mean,0.4723319113254547,3.0544936656951904,2.057678461074829,3400
noQ,2029,A,0.2,random,5028,A,reconstructed,0.9077418446540833,3.0735793113708496,1.8421709537506104,3400
noQ,2029,A,0.2,random,5028,A,observed_mean,0.4608828425407409,3.0735793113708496,2.046171903610229,3400
noQ,2029,A,0.3,start,5026,A,reconstructed,0.916167378425598,3.0913426876068115,1.853389859199524,5039
noQ,2029,A,0.3,start,5026,A,observed_mean,0.5162643790245056,3.0913426876068115,2.109551191329956,5039
noQ,2029,A,0.3,middle,5026,A,reconstructed,0.9078553318977356,3.060379266738892,1.8429793119430544,5039
noQ,2029,A,0.3,middle,5026,A,observed_mean,0.461152970790863,3.060379266738892,2.0705008506774902,5039
noQ,2029,A,0.3,end,5026,A,reconstructed,0.9132423400878906,3.0652129650115967,1.8373243808746336,5039
noQ,2029,A,0.3,end,5026,A,observed_mean,0.5519968271255493,3.0652129650115967,2.137593984603882,5039
noQ,2029,A,0.3,random,5026,A,reconstructed,0.9096350073814392,3.050312757492065,1.8444348573684688,5039
noQ,2029,A,0.3,random,5026,A,observed_mean,0.4889905154705047,3.050312757492065,2.099449872970581,5039
noQ,2029,A,0.3,random,5027,A,reconstructed,0.9106433391571044,3.0478901863098145,1.8433680534362795,5039
noQ,2029,A,0.3,random,5027,A,observed_mean,0.4919476807117462,3.0478901863098145,2.0995535850524902,5039
noQ,2029,A,0.3,random,5028,A,reconstructed,0.9085548520088196,3.076397180557251,1.844687938690185,5039
noQ,2029,A,0.3,random,5028,A,observed_mean,0.4834382236003876,3.076397180557251,2.0845861434936523,5039
noQ,2029,A,0.4,random,5026,A,reconstructed,0.9093804955482484,3.043072462081909,1.8475024700164795,6740
noQ,2029,A,0.4,random,5026,A,observed_mean,0.5056670904159546,3.043072462081909,2.136627435684204,6740
noQ,2029,A,0.4,random,5027,A,reconstructed,0.9104101061820984,3.046348094940185,1.845980167388916,6740
noQ,2029,A,0.4,random,5027,A,observed_mean,0.5056995749473572,3.046348094940185,2.136300802230835,6740
noQ,2029,A,0.4,random,5028,A,reconstructed,0.9099407196044922,3.078124046325684,1.8472163677215576,6740
noQ,2029,A,0.4,random,5028,A,observed_mean,0.5012060403823853,3.078124046325684,2.1127243041992188,6740
noQ,2029,A,0.5,random,5026,A,reconstructed,0.9090970158576964,3.0452749729156494,1.849505066871643,8415
noQ,2029,A,0.5,random,5026,A,observed_mean,0.5195134282112122,3.0452749729156494,2.18246865272522,8415
noQ,2029,A,0.5,random,5027,A,reconstructed,0.9094347953796388,3.067056894302368,1.8480881452560425,8415
noQ,2029,A,0.5,random,5027,A,observed_mean,0.5185075998306274,3.067056894302368,2.168367862701416,8415
noQ,2029,A,0.5,random,5028,A,reconstructed,0.9095206260681152,3.069356918334961,1.8495800495147705,8415
noQ,2029,A,0.5,random,5028,A,observed_mean,0.5192447304725647,3.069356918334961,2.1578118801116943,8415
noQ,2029,V,0.1,random,5026,V,reconstructed,0.8542401790618896,3.387735605239868,2.296907663345337,1604
noQ,2029,V,0.1,random,5026,V,observed_mean,0.157428503036499,3.387735605239868,2.929907321929932,1604
noQ,2029,V,0.1,random,5027,V,reconstructed,0.8648259043693542,3.2895548343658447,2.2948343753814697,1595
noQ,2029,V,0.1,random,5027,V,observed_mean,0.1566113233566284,3.2895548343658447,2.954184293746948,1595
noQ,2029,V,0.1,random,5028,V,reconstructed,0.8582859635353088,3.3657748699188232,2.2975025177001958,1588
noQ,2029,V,0.1,random,5028,V,observed_mean,0.1529750227928161,3.3657748699188232,2.9454121589660645,1588
noQ,2029,V,0.2,random,5026,V,reconstructed,0.856907844543457,3.382829427719116,2.294170379638672,3194
noQ,2029,V,0.2,random,5026,V,observed_mean,0.1713787168264389,3.382829427719116,2.940326452255249,3194
noQ,2029,V,0.2,random,5027,V,reconstructed,0.8667424917221069,3.30600643157959,2.2915682792663574,3180
noQ,2029,V,0.2,random,5027,V,observed_mean,0.1717883199453354,3.30600643157959,2.959611654281616,3180
noQ,2029,V,0.2,random,5028,V,reconstructed,0.8619154095649719,3.365755319595337,2.294839143753052,3176
noQ,2029,V,0.2,random,5028,V,observed_mean,0.1695128828287124,3.365755319595337,2.948496103286743,3176
noQ,2029,V,0.3,start,5026,V,reconstructed,0.8663736581802368,3.313910484313965,2.3024559020996094,4768
noQ,2029,V,0.3,start,5026,V,observed_mean,0.2124468237161636,3.313910484313965,2.982537269592285,4768
noQ,2029,V,0.3,middle,5026,V,reconstructed,0.8639634251594543,3.3065130710601807,2.2928354740142822,4759
noQ,2029,V,0.3,middle,5026,V,observed_mean,0.1611292213201522,3.3065130710601807,2.9639875888824463,4759
noQ,2029,V,0.3,end,5026,V,reconstructed,0.8573209047317505,3.4329800605773926,2.2901227474212646,4663
noQ,2029,V,0.3,end,5026,V,observed_mean,0.2284048944711685,3.4329800605773926,2.986882209777832,4663
noQ,2029,V,0.3,random,5026,V,reconstructed,0.8597114086151123,3.376588821411133,2.2939748764038086,4743
noQ,2029,V,0.3,random,5026,V,observed_mean,0.1820905208587646,3.376588821411133,2.951551914215088,4743
noQ,2029,V,0.3,random,5027,V,reconstructed,0.8665404915809631,3.314542770385742,2.292301177978516,4712
noQ,2029,V,0.3,random,5027,V,observed_mean,0.1837060898542404,3.314542770385742,2.9748728275299072,4712
noQ,2029,V,0.3,random,5028,V,reconstructed,0.8636599779129028,3.34436297416687,2.295373678207397,4710
noQ,2029,V,0.3,random,5028,V,observed_mean,0.178078681230545,3.34436297416687,2.9598827362060547,4710
noQ,2029,V,0.4,random,5026,V,reconstructed,0.8628514409065247,3.356703758239746,2.29210901260376,6357
noQ,2029,V,0.4,random,5026,V,observed_mean,0.1924609541893005,3.356703758239746,2.9732179641723637,6357
noQ,2029,V,0.4,random,5027,V,reconstructed,0.8671186566352844,3.315108060836792,2.29056167602539,6308
noQ,2029,V,0.4,random,5027,V,observed_mean,0.1948405355215072,3.315108060836792,2.996685028076172,6308
noQ,2029,V,0.4,random,5028,V,reconstructed,0.8662598133087158,3.346177339553833,2.2933597564697266,6306
noQ,2029,V,0.4,random,5028,V,observed_mean,0.1904446333646774,3.346177339553833,2.977984666824341,6306
noQ,2029,V,0.5,random,5026,V,reconstructed,0.8637723326683044,3.337528705596924,2.2912397384643555,7939
noQ,2029,V,0.5,random,5026,V,observed_mean,0.2018829137086868,3.337528705596924,3.0059239864349365,7939
noQ,2029,V,0.5,random,5027,V,reconstructed,0.8674603700637817,3.316137313842773,2.290032863616944,7888
noQ,2029,V,0.5,random,5027,V,observed_mean,0.2034506499767303,3.316137313842773,3.0203561782836914,7888
noQ,2029,V,0.5,random,5028,V,reconstructed,0.8670692443847656,3.331331968307495,2.2921254634857178,7893
noQ,2029,V,0.5,random,5028,V,observed_mean,0.2011901587247848,3.331331968307495,3.012082099914551,7893
noQ,2029,TA,0.3,start,5026,T,reconstructed,0.4499170184135437,12.531169891357422,4.313766479492188,5039
noQ,2029,TA,0.3,start,5026,T,observed_mean,0.111459232866764,12.531169891357422,11.738531112670898,5039
noQ,2029,TA,0.3,start,5026,A,reconstructed,0.914276957511902,3.0913426876068115,1.8397458791732788,5039
noQ,2029,TA,0.3,start,5026,A,observed_mean,0.5162643790245056,3.0913426876068115,2.109551191329956,5039
noQ,2029,TA,0.3,middle,5026,T,reconstructed,0.446107268333435,12.260522842407228,4.310222625732422,5039
noQ,2029,TA,0.3,middle,5026,T,observed_mean,0.1082716286182403,12.260522842407228,11.757607460021973,5039
noQ,2029,TA,0.3,middle,5026,A,reconstructed,0.9071056246757508,3.060379266738892,1.8194022178649905,5039
noQ,2029,TA,0.3,middle,5026,A,observed_mean,0.461152970790863,3.060379266738892,2.0705008506774902,5039
noQ,2029,TA,0.3,end,5026,T,reconstructed,0.4608314931392669,12.369832038879396,4.307718753814697,5039
noQ,2029,TA,0.3,end,5026,T,observed_mean,0.132324606180191,12.369832038879396,11.358428001403809,5039
noQ,2029,TA,0.3,end,5026,A,reconstructed,0.9131489396095276,3.0652129650115967,1.8005213737487793,5039
noQ,2029,TA,0.3,end,5026,A,observed_mean,0.5519968271255493,3.0652129650115967,2.137593984603882,5039
noQ,2029,TA,0.3,random,5026,T,reconstructed,0.4475587904453277,12.344474792480469,4.318970680236816,5039
noQ,2029,TA,0.3,random,5026,T,observed_mean,0.1147899255156517,12.344474792480469,11.77534294128418,5039
noQ,2029,TA,0.3,random,5026,A,reconstructed,0.9070029258728028,3.050312757492065,1.8266615867614744,5039
noQ,2029,TA,0.3,random,5026,A,observed_mean,0.4889905154705047,3.050312757492065,2.099449872970581,5039
noQ,2029,TA,0.3,random,5027,T,reconstructed,0.451894998550415,12.283894538879396,4.318661212921143,5039
noQ,2029,TA,0.3,random,5027,T,observed_mean,0.1172085627913475,12.283894538879396,11.738951683044434,5039
noQ,2029,TA,0.3,random,5027,A,reconstructed,0.9107769727706908,3.0478901863098145,1.819117903709412,5039
noQ,2029,TA,0.3,random,5027,A,observed_mean,0.4919476807117462,3.0478901863098145,2.0995535850524902,5039
noQ,2029,TA,0.3,random,5028,T,reconstructed,0.4510435760021209,12.288758277893066,4.332467079162598,5039
noQ,2029,TA,0.3,random,5028,T,observed_mean,0.1211154460906982,12.288758277893066,11.860309600830078,5039
noQ,2029,TA,0.3,random,5028,A,reconstructed,0.9069085121154784,3.076397180557251,1.832656025886536,5039
noQ,2029,TA,0.3,random,5028,A,observed_mean,0.4834382236003876,3.076397180557251,2.0845861434936523,5039
noQ,2029,TV,0.3,start,5026,T,reconstructed,0.4475505352020263,12.532954216003418,4.350086212158203,5035
noQ,2029,TV,0.3,start,5026,T,observed_mean,0.1114779040217399,12.532954216003418,11.74045753479004,5035
noQ,2029,TV,0.3,start,5026,V,reconstructed,0.864719033241272,3.313910484313965,2.318642854690552,4768
noQ,2029,TV,0.3,start,5026,V,observed_mean,0.2124468237161636,3.313910484313965,2.982537269592285,4768
noQ,2029,TV,0.3,middle,5026,T,reconstructed,0.4437077939510345,12.262516021728516,4.33985710144043,5036
noQ,2029,TV,0.3,middle,5026,T,observed_mean,0.1082624271512031,12.262516021728516,11.758936882019045,5036
noQ,2029,TV,0.3,middle,5026,V,reconstructed,0.8603538870811462,3.3065130710601807,2.2988998889923096,4759
noQ,2029,TV,0.3,middle,5026,V,observed_mean,0.1611292213201522,3.3065130710601807,2.9639875888824463,4759
noQ,2029,TV,0.3,end,5026,T,reconstructed,0.4596059322357178,12.373441696166992,4.332492351531982,5030
noQ,2029,TV,0.3,end,5026,T,observed_mean,0.1324286311864853,12.373441696166992,11.358389854431152,5030
noQ,2029,TV,0.3,end,5026,V,reconstructed,0.8542935848236084,3.4329800605773926,2.3127996921539307,4663
noQ,2029,TV,0.3,end,5026,V,observed_mean,0.2284048944711685,3.4329800605773926,2.986882209777832,4663
noQ,2029,TV,0.3,random,5026,T,reconstructed,0.4458373188972473,12.344474792480469,4.3523430824279785,5039
noQ,2029,TV,0.3,random,5026,T,observed_mean,0.1147899255156517,12.344474792480469,11.77534294128418,5039
noQ,2029,TV,0.3,random,5026,V,reconstructed,0.8552008867263794,3.376588821411133,2.300736427307129,4743
noQ,2029,TV,0.3,random,5026,V,observed_mean,0.1820905208587646,3.376588821411133,2.951551914215088,4743
noQ,2029,TV,0.3,random,5027,T,reconstructed,0.4495552480220794,12.284554481506348,4.351556301116943,5038
noQ,2029,TV,0.3,random,5027,T,observed_mean,0.1172203421592712,12.284554481506348,11.739401817321776,5038
noQ,2029,TV,0.3,random,5027,V,reconstructed,0.8655381798744202,3.314542770385742,2.302564144134521,4712
noQ,2029,TV,0.3,random,5027,V,observed_mean,0.1837060898542404,3.314542770385742,2.9748728275299072,4712
noQ,2029,TV,0.3,random,5028,T,reconstructed,0.4491707384586334,12.294267654418944,4.363119125366211,5030
noQ,2029,TV,0.3,random,5028,T,observed_mean,0.1209993809461593,12.294267654418944,11.86435890197754,5030
noQ,2029,TV,0.3,random,5028,V,reconstructed,0.8597201108932495,3.34436297416687,2.299407958984375,4710
noQ,2029,TV,0.3,random,5028,V,observed_mean,0.178078681230545,3.34436297416687,2.9598827362060547,4710
noQ,2029,AV,0.3,start,5026,A,reconstructed,0.916328489780426,3.091650009155273,1.85570228099823,5035
noQ,2029,AV,0.3,start,5026,A,observed_mean,0.5162031054496765,3.091650009155273,2.109443187713623,5035
noQ,2029,AV,0.3,start,5026,V,reconstructed,0.866740882396698,3.313910484313965,2.297382116317749,4768
noQ,2029,AV,0.3,start,5026,V,observed_mean,0.2124468237161636,3.313910484313965,2.982537269592285,4768
noQ,2029,AV,0.3,middle,5026,A,reconstructed,0.907547116279602,3.059826374053955,1.848237991333008,5036
noQ,2029,AV,0.3,middle,5026,A,observed_mean,0.4613306224346161,3.059826374053955,2.0693957805633545,5036
noQ,2029,AV,0.3,middle,5026,V,reconstructed,0.8636131882667542,3.3065130710601807,2.2902932167053223,4759
noQ,2029,AV,0.3,middle,5026,V,observed_mean,0.1611292213201522,3.3065130710601807,2.9639875888824463,4759
noQ,2029,AV,0.3,end,5026,A,reconstructed,0.9128189086914062,3.065314531326294,1.8425443172454836,5030
noQ,2029,AV,0.3,end,5026,A,observed_mean,0.5520403981208801,3.065314531326294,2.136410713195801,5030
noQ,2029,AV,0.3,end,5026,V,reconstructed,0.8579546213150024,3.4329800605773926,2.287086248397827,4663
noQ,2029,AV,0.3,end,5026,V,observed_mean,0.2284048944711685,3.4329800605773926,2.986882209777832,4663
noQ,2029,AV,0.3,random,5026,A,reconstructed,0.9094366431236268,3.050312757492065,1.8500014543533323,5039
noQ,2029,AV,0.3,random,5026,A,observed_mean,0.4889905154705047,3.050312757492065,2.099449872970581,5039
noQ,2029,AV,0.3,random,5026,V,reconstructed,0.859715461730957,3.376588821411133,2.2902448177337646,4743
noQ,2029,AV,0.3,random,5026,V,observed_mean,0.1820905208587646,3.376588821411133,2.951551914215088,4743
noQ,2029,AV,0.3,random,5027,A,reconstructed,0.9102556109428406,3.047659158706665,1.8479958772659304,5038
noQ,2029,AV,0.3,random,5027,A,observed_mean,0.4920155107975006,3.047659158706665,2.0992157459259038,5038
noQ,2029,AV,0.3,random,5027,V,reconstructed,0.8664947748184204,3.314542770385742,2.2896294593811035,4712
noQ,2029,AV,0.3,random,5027,V,observed_mean,0.1837060898542404,3.314542770385742,2.9748728275299072,4712
noQ,2029,AV,0.3,random,5028,A,reconstructed,0.9084288477897644,3.0761890411376958,1.8496499061584477,5030
noQ,2029,AV,0.3,random,5028,A,observed_mean,0.4836100935935974,3.0761890411376958,2.08269476890564,5030
noQ,2029,AV,0.3,random,5028,V,reconstructed,0.8641901612281799,3.34436297416687,2.2919130325317383,4710
noQ,2029,AV,0.3,random,5028,V,observed_mean,0.178078681230545,3.34436297416687,2.9598827362060547,4710
noQ,2029,TAV,0.3,start,5026,T,reconstructed,0.4485718011856079,12.532954216003418,4.346391677856445,5035
noQ,2029,TAV,0.3,start,5026,T,observed_mean,0.1114779040217399,12.532954216003418,11.74045753479004,5035
noQ,2029,TAV,0.3,start,5026,A,reconstructed,0.9143329858779908,3.091650009155273,1.845380783081055,5035
noQ,2029,TAV,0.3,start,5026,A,observed_mean,0.5162031054496765,3.091650009155273,2.109443187713623,5035
noQ,2029,TAV,0.3,start,5026,V,reconstructed,0.8650670647621155,3.313910484313965,2.3110995292663574,4768
noQ,2029,TAV,0.3,start,5026,V,observed_mean,0.2124468237161636,3.313910484313965,2.982537269592285,4768
noQ,2029,TAV,0.3,middle,5026,T,reconstructed,0.4446340501308441,12.262516021728516,4.3413567543029785,5036
noQ,2029,TAV,0.3,middle,5026,T,observed_mean,0.1082624271512031,12.262516021728516,11.758936882019045,5036
noQ,2029,TAV,0.3,middle,5026,A,reconstructed,0.9065989255905152,3.059826374053955,1.829872727394104,5036
noQ,2029,TAV,0.3,middle,5026,A,observed_mean,0.4613306224346161,3.059826374053955,2.0693957805633545,5036
noQ,2029,TAV,0.3,middle,5026,V,reconstructed,0.8598260283470154,3.3065130710601807,2.2942299842834477,4759
noQ,2029,TAV,0.3,middle,5026,V,observed_mean,0.1611292213201522,3.3065130710601807,2.9639875888824463,4759
noQ,2029,TAV,0.3,end,5026,T,reconstructed,0.4597825109958648,12.373441696166992,4.331045150756836,5030
noQ,2029,TAV,0.3,end,5026,T,observed_mean,0.1324286311864853,12.373441696166992,11.358389854431152,5030
noQ,2029,TAV,0.3,end,5026,A,reconstructed,0.9126687049865724,3.065314531326294,1.809230923652649,5030
noQ,2029,TAV,0.3,end,5026,A,observed_mean,0.5520403981208801,3.065314531326294,2.136410713195801,5030
noQ,2029,TAV,0.3,end,5026,V,reconstructed,0.8549807071685791,3.4329800605773926,2.3075735569000244,4663
noQ,2029,TAV,0.3,end,5026,V,observed_mean,0.2284048944711685,3.4329800605773926,2.986882209777832,4663
noQ,2029,TAV,0.3,random,5026,T,reconstructed,0.4463085830211639,12.344474792480469,4.350371837615967,5039
noQ,2029,TAV,0.3,random,5026,T,observed_mean,0.1147899255156517,12.344474792480469,11.77534294128418,5039
noQ,2029,TAV,0.3,random,5026,A,reconstructed,0.9066573977470398,3.050312757492065,1.8370323181152344,5039
noQ,2029,TAV,0.3,random,5026,A,observed_mean,0.4889905154705047,3.050312757492065,2.099449872970581,5039
noQ,2029,TAV,0.3,random,5026,V,reconstructed,0.855009913444519,3.376588821411133,2.2943124771118164,4743
noQ,2029,TAV,0.3,random,5026,V,observed_mean,0.1820905208587646,3.376588821411133,2.951551914215088,4743
noQ,2029,TAV,0.3,random,5027,T,reconstructed,0.4504777491092682,12.284554481506348,4.348254203796387,5038
noQ,2029,TAV,0.3,random,5027,T,observed_mean,0.1172203421592712,12.284554481506348,11.739401817321776,5038
noQ,2029,TAV,0.3,random,5027,A,reconstructed,0.910275101661682,3.047659158706665,1.828054666519165,5038
noQ,2029,TAV,0.3,random,5027,A,observed_mean,0.4920155107975006,3.047659158706665,2.0992157459259038,5038
noQ,2029,TAV,0.3,random,5027,V,reconstructed,0.8653561472892761,3.314542770385742,2.2972629070281982,4712
noQ,2029,TAV,0.3,random,5027,V,observed_mean,0.1837060898542404,3.314542770385742,2.9748728275299072,4712
noQ,2029,TAV,0.3,random,5028,T,reconstructed,0.4498125612735748,12.294267654418944,4.364772319793701,5030
noQ,2029,TAV,0.3,random,5028,T,observed_mean,0.1209993809461593,12.294267654418944,11.86435890197754,5030
noQ,2029,TAV,0.3,random,5028,A,reconstructed,0.9065346121788024,3.0761890411376958,1.842571496963501,5030
noQ,2029,TAV,0.3,random,5028,A,observed_mean,0.4836100935935974,3.0761890411376958,2.08269476890564,5030
noQ,2029,TAV,0.3,random,5028,V,reconstructed,0.860295295715332,3.34436297416687,2.292665719985962,4710
noQ,2029,TAV,0.3,random,5028,V,observed_mean,0.178078681230545,3.34436297416687,2.9598827362060547,4710
noQ,2030,T,0.1,random,5026,T,reconstructed,0.3654831051826477,10.736270904541016,4.151237487792969,1711
noQ,2030,T,0.1,random,5026,T,observed_mean,0.1018185541033744,10.736270904541016,10.162375450134276,1711
noQ,2030,T,0.1,random,5027,T,reconstructed,0.3703930675983429,10.68393611907959,4.111851215362549,1711
noQ,2030,T,0.1,random,5027,T,observed_mean,0.1093097031116485,10.68393611907959,10.101228713989258,1711
noQ,2030,T,0.1,random,5028,T,reconstructed,0.3769089579582214,10.679886817932127,4.126272201538086,1711
noQ,2030,T,0.1,random,5028,T,observed_mean,0.1138889268040657,10.679886817932127,10.089903831481934,1711
noQ,2030,T,0.2,random,5026,T,reconstructed,0.3766374588012695,10.67375946044922,4.106012344360352,3400
noQ,2030,T,0.2,random,5026,T,observed_mean,0.1233406215906143,10.67375946044922,10.139074325561523,3400
noQ,2030,T,0.2,random,5027,T,reconstructed,0.3799206614494324,10.63992691040039,4.070122241973877,3400
noQ,2030,T,0.2,random,5027,T,observed_mean,0.1266944706439972,10.63992691040039,10.092503547668455,3400
noQ,2030,T,0.2,random,5028,T,reconstructed,0.3843432962894439,10.640109062194824,4.101378440856934,3400
noQ,2030,T,0.2,random,5028,T,observed_mean,0.1304811090230941,10.640109062194824,10.111024856567385,3400
noQ,2030,T,0.3,start,5026,T,reconstructed,0.3827706277370453,10.960997581481934,4.027942657470703,5039
noQ,2030,T,0.3,start,5026,T,observed_mean,0.1392876058816909,10.960997581481934,10.166414260864258,5039
noQ,2030,T,0.3,middle,5026,T,reconstructed,0.3834742903709411,10.558237075805664,4.022065162658691,5039
noQ,2030,T,0.3,middle,5026,T,observed_mean,0.1355128139257431,10.558237075805664,10.109556198120115,5039
noQ,2030,T,0.3,end,5026,T,reconstructed,0.4038617014884949,10.636711120605469,3.9944794178009033,5039
noQ,2030,T,0.3,end,5026,T,observed_mean,0.1583715677261352,10.636711120605469,9.753414154052734,5039
noQ,2030,T,0.3,random,5026,T,reconstructed,0.3838831186294555,10.662771224975586,4.04302978515625,5039
noQ,2030,T,0.3,random,5026,T,observed_mean,0.1409706473350525,10.662771224975586,10.131757736206056,5039
noQ,2030,T,0.3,random,5027,T,reconstructed,0.3889810740947723,10.608296394348145,4.034646987915039,5039
noQ,2030,T,0.3,random,5027,T,observed_mean,0.1442141979932785,10.608296394348145,10.124140739440918,5039
noQ,2030,T,0.3,random,5028,T,reconstructed,0.389189213514328,10.612092971801758,4.067565441131592,5039
noQ,2030,T,0.3,random,5028,T,observed_mean,0.1446615755558014,10.612092971801758,10.176258087158203,5039
noQ,2030,T,0.4,random,5026,T,reconstructed,0.3977089822292328,10.64406967163086,3.962233304977417,6740
noQ,2030,T,0.4,random,5026,T,observed_mean,0.1621127128601074,10.64406967163086,10.079154014587402,6740
noQ,2030,T,0.4,random,5027,T,reconstructed,0.4019274115562439,10.601884841918944,3.990374565124512,6740
noQ,2030,T,0.4,random,5027,T,observed_mean,0.1670797914266586,10.601884841918944,10.170415878295898,6740
noQ,2030,T,0.4,random,5028,T,reconstructed,0.4012848138809204,10.6065034866333,4.008759021759033,6740
noQ,2030,T,0.4,random,5028,T,observed_mean,0.1644991487264633,10.6065034866333,10.20659065246582,6740
noQ,2030,T,0.5,random,5026,T,reconstructed,0.4125441908836365,10.650479316711426,3.881620407104492,8415
noQ,2030,T,0.5,random,5026,T,observed_mean,0.1860085725784301,10.650479316711426,10.038820266723633,8415
noQ,2030,T,0.5,random,5027,T,reconstructed,0.4184883832931518,10.60732650756836,3.8957693576812735,8415
noQ,2030,T,0.5,random,5027,T,observed_mean,0.1920475363731384,10.60732650756836,10.110039710998535,8415
noQ,2030,T,0.5,random,5028,T,reconstructed,0.4169019758701324,10.605036735534668,3.9266107082366943,8415
noQ,2030,T,0.5,random,5028,T,observed_mean,0.1894919425249099,10.605036735534668,10.158455848693848,8415
noQ,2030,A,0.1,random,5026,A,reconstructed,0.9153907895088196,3.0583720207214355,1.9161208868026731,1711
noQ,2030,A,0.1,random,5026,A,observed_mean,0.4389293491840362,3.0583720207214355,2.0289292335510254,1711
noQ,2030,A,0.1,random,5027,A,reconstructed,0.9219695925712584,3.061397075653076,1.9151859283447263,1711
noQ,2030,A,0.1,random,5027,A,observed_mean,0.4408574998378753,3.061397075653076,2.0307204723358154,1711
noQ,2030,A,0.1,random,5028,A,reconstructed,0.9198905825614928,3.00888729095459,1.9163874387741089,1711
noQ,2030,A,0.1,random,5028,A,observed_mean,0.4326916337013244,3.00888729095459,2.0319766998291016,1711
noQ,2030,A,0.2,random,5026,A,reconstructed,0.9151082038879396,3.038804054260254,1.919403433799744,3400
noQ,2030,A,0.2,random,5026,A,observed_mean,0.4689067602157593,3.038804054260254,2.0344011783599854,3400
noQ,2030,A,0.2,random,5027,A,reconstructed,0.9242624044418336,3.03444242477417,1.9190657138824463,3400
noQ,2030,A,0.2,random,5027,A,observed_mean,0.473908007144928,3.03444242477417,2.037428855895996,3400
noQ,2030,A,0.2,random,5028,A,reconstructed,0.9177863597869872,3.0533647537231445,1.919312119483948,3400
noQ,2030,A,0.2,random,5028,A,observed_mean,0.4625843465328216,3.0533647537231445,2.0261330604553223,3400
noQ,2030,A,0.3,start,5026,A,reconstructed,0.9157998561859132,3.0698161125183105,1.9352089166641235,5039
noQ,2030,A,0.3,start,5026,A,observed_mean,0.5184458494186401,3.0698161125183105,2.089517593383789,5039
noQ,2030,A,0.3,middle,5026,A,reconstructed,0.9188945293426514,3.041012525558472,1.9169819355010984,5039
noQ,2030,A,0.3,middle,5026,A,observed_mean,0.462764024734497,3.041012525558472,2.049436569213867,5039
noQ,2030,A,0.3,end,5026,A,reconstructed,0.9182972311973572,3.041311264038086,1.9184908866882324,5039
noQ,2030,A,0.3,end,5026,A,observed_mean,0.554161012172699,3.041311264038086,2.1183876991271973,5039
noQ,2030,A,0.3,random,5026,A,reconstructed,0.9159514904022216,3.029294967651367,1.92156994342804,5039
noQ,2030,A,0.3,random,5026,A,observed_mean,0.4911541640758514,3.029294967651367,2.0793631076812744,5039
noQ,2030,A,0.3,random,5027,A,reconstructed,0.9234671592712402,3.0274572372436523,1.921058297157288,5039
noQ,2030,A,0.3,random,5027,A,observed_mean,0.4936569333076477,3.0274572372436523,2.0788259506225586,5039
noQ,2030,A,0.3,random,5028,A,reconstructed,0.9166017770767212,3.056382894515991,1.9209709167480469,5039
noQ,2030,A,0.3,random,5028,A,observed_mean,0.4854132831096649,3.056382894515991,2.0640692710876465,5039
noQ,2030,A,0.4,random,5026,A,reconstructed,0.9152454137802124,3.022120714187622,1.9244816303253172,6740
noQ,2030,A,0.4,random,5026,A,observed_mean,0.5077919363975525,3.022120714187622,2.11635971069336,6740
noQ,2030,A,0.4,random,5027,A,reconstructed,0.920674443244934,3.026174783706665,1.9240182638168333,6740
noQ,2030,A,0.4,random,5027,A,observed_mean,0.5075488686561584,3.026174783706665,2.115166187286377,6740
noQ,2030,A,0.4,random,5028,A,reconstructed,0.9167274832725524,3.0576815605163574,1.9237056970596316,6740
noQ,2030,A,0.4,random,5028,A,observed_mean,0.5032160878181458,3.0576815605163574,2.092112302780152,6740
noQ,2030,A,0.5,random,5026,A,reconstructed,0.9154624938964844,3.0247364044189453,1.928057551383972,8415
noQ,2030,A,0.5,random,5026,A,observed_mean,0.5215210914611816,3.0247364044189453,2.161651611328125,8415
noQ,2030,A,0.5,random,5027,A,reconstructed,0.918536365032196,3.0468430519104004,1.9276844263076784,8415
noQ,2030,A,0.5,random,5027,A,observed_mean,0.5204409956932068,3.0468430519104004,2.1468944549560547,8415
noQ,2030,A,0.5,random,5028,A,reconstructed,0.9179151654243468,3.049103260040283,1.927451729774475,8415
noQ,2030,A,0.5,random,5028,A,observed_mean,0.5212823748588562,3.049103260040283,2.136798143386841,8415
noQ,2030,V,0.1,random,5026,V,reconstructed,0.8596963286399841,3.393272399902344,2.106708526611328,1604
noQ,2030,V,0.1,random,5026,V,observed_mean,0.157257467508316,3.393272399902344,2.9340829849243164,1604
noQ,2030,V,0.1,random,5027,V,reconstructed,0.8599253296852112,3.294576644897461,2.1070923805236816,1595
noQ,2030,V,0.1,random,5027,V,observed_mean,0.1564714312553405,3.294576644897461,2.957989454269409,1595
noQ,2030,V,0.1,random,5028,V,reconstructed,0.8599229454994202,3.3709142208099365,2.1081902980804443,1588
noQ,2030,V,0.1,random,5028,V,observed_mean,0.1527774780988693,3.3709142208099365,2.949316024780273,1588
noQ,2030,V,0.2,random,5026,V,reconstructed,0.8618901968002319,3.3880507946014404,2.110133647918701,3194
noQ,2030,V,0.2,random,5026,V,observed_mean,0.1711784154176712,3.3880507946014404,2.9439525604248047,3194
noQ,2030,V,0.2,random,5027,V,reconstructed,0.8631060719490051,3.3101868629455566,2.109983205795288,3180
noQ,2030,V,0.2,random,5027,V,observed_mean,0.1715327799320221,3.3101868629455566,2.9630203247070312,3180
noQ,2030,V,0.2,random,5028,V,reconstructed,0.8627796769142151,3.370311498641968,2.110138177871704,3176
noQ,2030,V,0.2,random,5028,V,observed_mean,0.1693323999643325,3.370311498641968,2.952131748199463,3176
noQ,2030,V,0.3,start,5026,V,reconstructed,0.8628480434417725,3.318464756011963,2.106643915176392,4768
noQ,2030,V,0.3,start,5026,V,observed_mean,0.2123144119977951,3.318464756011963,2.9868032932281494,4768
noQ,2030,V,0.3,middle,5026,V,reconstructed,0.8641008138656616,3.310121774673462,2.1115612983703613,4759
noQ,2030,V,0.3,middle,5026,V,observed_mean,0.1608394533395767,3.310121774673462,2.967543125152588,4759
noQ,2030,V,0.3,end,5026,V,reconstructed,0.8634530901908875,3.437214136123657,2.1104001998901367,4663
noQ,2030,V,0.3,end,5026,V,observed_mean,0.228405624628067,3.437214136123657,2.9907095432281494,4663
noQ,2030,V,0.3,random,5026,V,reconstructed,0.8623971939086914,3.381629228591919,2.109979152679444,4743
noQ,2030,V,0.3,random,5026,V,observed_mean,0.1818750500679016,3.381629228591919,2.954922676086426,4743
noQ,2030,V,0.3,random,5027,V,reconstructed,0.863605260848999,3.3189566135406494,2.109812021255493,4712
noQ,2030,V,0.3,random,5027,V,observed_mean,0.1834315210580825,3.3189566135406494,2.9784023761749268,4712
noQ,2030,V,0.3,random,5028,V,reconstructed,0.8639061450958252,3.3487768173217773,2.1111412048339844,4710
noQ,2030,V,0.3,random,5028,V,observed_mean,0.1778661459684372,3.3487768173217773,2.9635026454925537,4710
noQ,2030,V,0.4,random,5026,V,reconstructed,0.8626804351806641,3.3612282276153564,2.111917018890381,6357
noQ,2030,V,0.4,random,5026,V,observed_mean,0.1923018097877502,3.3612282276153564,2.976570844650269,6357
noQ,2030,V,0.4,random,5027,V,reconstructed,0.8635486960411072,3.3194446563720703,2.1114797592163086,6308
noQ,2030,V,0.4,random,5027,V,observed_mean,0.1945726126432418,3.3194446563720703,3.0001652240753174,6308
noQ,2030,V,0.4,random,5028,V,reconstructed,0.8644617795944214,3.350404024124145,2.112922430038452,6306
noQ,2030,V,0.4,random,5028,V,observed_mean,0.1902281194925308,3.350404024124145,2.981534719467163,6306
noQ,2030,V,0.5,random,5026,V,reconstructed,0.8629757165908813,3.341847419738769,2.1124517917633057,7939
noQ,2030,V,0.5,random,5026,V,observed_mean,0.2017106264829635,3.341847419738769,3.009411334991455,7939
noQ,2030,V,0.5,random,5027,V,reconstructed,0.8638371825218201,3.320385217666626,2.111968755722046,7888
noQ,2030,V,0.5,random,5027,V,observed_mean,0.2031279802322387,3.320385217666626,3.0238678455352783,7888
noQ,2030,V,0.5,random,5028,V,reconstructed,0.8649352192878723,3.335514545440674,2.113063335418701,7893
noQ,2030,V,0.5,random,5028,V,observed_mean,0.2009745240211486,3.335514545440674,3.015697717666626,7893
noQ,2030,TA,0.3,start,5026,T,reconstructed,0.3839389085769653,10.960997581481934,4.037667274475098,5039
noQ,2030,TA,0.3,start,5026,T,observed_mean,0.1392876058816909,10.960997581481934,10.166414260864258,5039
noQ,2030,TA,0.3,start,5026,A,reconstructed,0.9178902506828308,3.0698161125183105,1.890203833580017,5039
noQ,2030,TA,0.3,start,5026,A,observed_mean,0.5184458494186401,3.0698161125183105,2.089517593383789,5039
noQ,2030,TA,0.3,middle,5026,T,reconstructed,0.3839553296566009,10.558237075805664,4.034834861755371,5039
noQ,2030,TA,0.3,middle,5026,T,observed_mean,0.1355128139257431,10.558237075805664,10.109556198120115,5039
noQ,2030,TA,0.3,middle,5026,A,reconstructed,0.9174705743789672,3.041012525558472,1.8821407556533811,5039
noQ,2030,TA,0.3,middle,5026,A,observed_mean,0.462764024734497,3.041012525558472,2.049436569213867,5039
noQ,2030,TA,0.3,end,5026,T,reconstructed,0.4045524001121521,10.636711120605469,3.9969751834869385,5039
noQ,2030,TA,0.3,end,5026,T,observed_mean,0.1583715677261352,10.636711120605469,9.753414154052734,5039
noQ,2030,TA,0.3,end,5026,A,reconstructed,0.9194450378417968,3.041311264038086,1.8809058666229248,5039
noQ,2030,TA,0.3,end,5026,A,observed_mean,0.554161012172699,3.041311264038086,2.1183876991271973,5039
noQ,2030,TA,0.3,random,5026,T,reconstructed,0.3841018080711365,10.662771224975586,4.055570602416992,5039
noQ,2030,TA,0.3,random,5026,T,observed_mean,0.1409706473350525,10.662771224975586,10.131757736206056,5039
noQ,2030,TA,0.3,random,5026,A,reconstructed,0.9167349934577942,3.029294967651367,1.8919872045516968,5039
noQ,2030,TA,0.3,random,5026,A,observed_mean,0.4911541640758514,3.029294967651367,2.0793631076812744,5039
noQ,2030,TA,0.3,random,5027,T,reconstructed,0.3892498910427093,10.608296394348145,4.041294097900391,5039
noQ,2030,TA,0.3,random,5027,T,observed_mean,0.1442141979932785,10.608296394348145,10.124140739440918,5039
noQ,2030,TA,0.3,random,5027,A,reconstructed,0.924652636051178,3.0274572372436523,1.8800652027130127,5039
noQ,2030,TA,0.3,random,5027,A,observed_mean,0.4936569333076477,3.0274572372436523,2.0788259506225586,5039
noQ,2030,TA,0.3,random,5028,T,reconstructed,0.389593631029129,10.612092971801758,4.078636646270752,5039
noQ,2030,TA,0.3,random,5028,T,observed_mean,0.1446615755558014,10.612092971801758,10.176258087158203,5039
noQ,2030,TA,0.3,random,5028,A,reconstructed,0.91873437166214,3.056382894515991,1.892289400100708,5039
noQ,2030,TA,0.3,random,5028,A,observed_mean,0.4854132831096649,3.056382894515991,2.0640692710876465,5039
noQ,2030,TV,0.3,start,5026,T,reconstructed,0.3804402947425842,10.96285915374756,4.08910608291626,5035
noQ,2030,TV,0.3,start,5026,T,observed_mean,0.1392663419246673,10.96285915374756,10.16900634765625,5035
noQ,2030,TV,0.3,start,5026,V,reconstructed,0.8614688515663147,3.318464756011963,2.0924882888793945,4768
noQ,2030,TV,0.3,start,5026,V,observed_mean,0.2123144119977951,3.318464756011963,2.9868032932281494,4768
noQ,2030,TV,0.3,middle,5026,T,reconstructed,0.3809288442134857,10.559926986694336,4.084097385406494,5036
noQ,2030,TV,0.3,middle,5026,T,observed_mean,0.1355170458555221,10.559926986694336,10.110485076904297,5036
noQ,2030,TV,0.3,middle,5026,V,reconstructed,0.8603624105453491,3.310121774673462,2.100675106048584,4759
noQ,2030,TV,0.3,middle,5026,V,observed_mean,0.1608394533395767,3.310121774673462,2.967543125152588,4759
noQ,2030,TV,0.3,end,5026,T,reconstructed,0.401710957288742,10.640828132629396,4.052652835845947,5030
noQ,2030,TV,0.3,end,5026,T,observed_mean,0.1583804935216903,10.640828132629396,9.752852439880373,5030
noQ,2030,TV,0.3,end,5026,V,reconstructed,0.8629316687583923,3.437214136123657,2.1010982990264893,4663
noQ,2030,TV,0.3,end,5026,V,observed_mean,0.228405624628067,3.437214136123657,2.9907095432281494,4663
noQ,2030,TV,0.3,random,5026,T,reconstructed,0.3814743459224701,10.662771224975586,4.104846477508545,5039
noQ,2030,TV,0.3,random,5026,T,observed_mean,0.1409706473350525,10.662771224975586,10.131757736206056,5039
noQ,2030,TV,0.3,random,5026,V,reconstructed,0.8589951992034912,3.381629228591919,2.105431318283081,4743
noQ,2030,TV,0.3,random,5026,V,observed_mean,0.1818750500679016,3.381629228591919,2.954922676086426,4743
noQ,2030,TV,0.3,random,5027,T,reconstructed,0.3867962658405304,10.608874320983888,4.095456123352051,5038
noQ,2030,TV,0.3,random,5027,T,observed_mean,0.1442264467477798,10.608874320983888,10.124711990356444,5038
noQ,2030,TV,0.3,random,5027,V,reconstructed,0.8633744716644287,3.3189566135406494,2.100649118423462,4712
noQ,2030,TV,0.3,random,5027,V,observed_mean,0.1834315210580825,3.3189566135406494,2.9784023761749268,4712
noQ,2030,TV,0.3,random,5028,T,reconstructed,0.3868972659111023,10.617053031921388,4.131984233856201,5030
noQ,2030,TV,0.3,random,5028,T,observed_mean,0.1445662975311279,10.617053031921388,10.180274963378906,5030
noQ,2030,TV,0.3,random,5028,V,reconstructed,0.8629844784736633,3.3487768173217773,2.108111619949341,4710
noQ,2030,TV,0.3,random,5028,V,observed_mean,0.1778661459684372,3.3487768173217773,2.9635026454925537,4710
noQ,2030,AV,0.3,start,5026,A,reconstructed,0.9147502779960632,3.070141077041626,1.9567725658416748,5035
noQ,2030,AV,0.3,start,5026,A,observed_mean,0.5183814167976379,3.070141077041626,2.089393615722656,5035
noQ,2030,AV,0.3,start,5026,V,reconstructed,0.8622469305992126,3.318464756011963,2.103069543838501,4768
noQ,2030,AV,0.3,start,5026,V,observed_mean,0.2123144119977951,3.318464756011963,2.9868032932281494,4768
noQ,2030,AV,0.3,middle,5026,A,reconstructed,0.9181825518608092,3.0405266284942627,1.9396100044250488,5036
noQ,2030,AV,0.3,middle,5026,A,observed_mean,0.462938517332077,3.0405266284942627,2.048431158065796,5036
noQ,2030,AV,0.3,middle,5026,V,reconstructed,0.8640114665031433,3.310121774673462,2.1080198287963867,4759
noQ,2030,AV,0.3,middle,5026,V,observed_mean,0.1608394533395767,3.310121774673462,2.967543125152588,4759
noQ,2030,AV,0.3,end,5026,A,reconstructed,0.9175186157226562,3.0413973331451416,1.942415475845337,5030
noQ,2030,AV,0.3,end,5026,A,observed_mean,0.5542187094688416,3.0413973331451416,2.1171555519104004,5030
noQ,2030,AV,0.3,end,5026,V,reconstructed,0.8631259799003601,3.437214136123657,2.111613273620605,4663
noQ,2030,AV,0.3,end,5026,V,observed_mean,0.228405624628067,3.437214136123657,2.9907095432281494,4663
noQ,2030,AV,0.3,random,5026,A,reconstructed,0.9151824712753296,3.029294967651367,1.944840788841248,5039
noQ,2030,AV,0.3,random,5026,A,observed_mean,0.4911541640758514,3.029294967651367,2.0793631076812744,5039
noQ,2030,AV,0.3,random,5026,V,reconstructed,0.8625732064247131,3.381629228591919,2.107748508453369,4743
noQ,2030,AV,0.3,random,5026,V,observed_mean,0.1818750500679016,3.381629228591919,2.954922676086426,4743
noQ,2030,AV,0.3,random,5027,A,reconstructed,0.9224852323532104,3.027263164520264,1.943267107009888,5038
noQ,2030,AV,0.3,random,5027,A,observed_mean,0.4937233924865722,3.027263164520264,2.0785140991210938,5038
noQ,2030,AV,0.3,random,5027,V,reconstructed,0.863493800163269,3.3189566135406494,2.1077210903167725,4712
noQ,2030,AV,0.3,random,5027,V,observed_mean,0.1834315210580825,3.3189566135406494,2.9784023761749268,4712
noQ,2030,AV,0.3,random,5028,A,reconstructed,0.9161188006401062,3.056255340576172,1.942905068397522,5030
noQ,2030,AV,0.3,random,5028,A,observed_mean,0.4855827391147613,3.056255340576172,2.0623369216918945,5030
noQ,2030,AV,0.3,random,5028,V,reconstructed,0.8638643622398376,3.3487768173217773,2.108957529067993,4710
noQ,2030,AV,0.3,random,5028,V,observed_mean,0.1778661459684372,3.3487768173217773,2.9635026454925537,4710
noQ,2030,TAV,0.3,start,5026,T,reconstructed,0.38178351521492,10.96285915374756,4.101936340332031,5035
noQ,2030,TAV,0.3,start,5026,T,observed_mean,0.1392663419246673,10.96285915374756,10.16900634765625,5035
noQ,2030,TAV,0.3,start,5026,A,reconstructed,0.9167730212211608,3.070141077041626,1.915560007095337,5035
noQ,2030,TAV,0.3,start,5026,A,observed_mean,0.5183814167976379,3.070141077041626,2.089393615722656,5035
noQ,2030,TAV,0.3,start,5026,V,reconstructed,0.8610085844993591,3.318464756011963,2.087548017501831,4768
noQ,2030,TAV,0.3,start,5026,V,observed_mean,0.2123144119977951,3.318464756011963,2.9868032932281494,4768
noQ,2030,TAV,0.3,middle,5026,T,reconstructed,0.3816447257995605,10.559926986694336,4.100555896759033,5036
noQ,2030,TAV,0.3,middle,5026,T,observed_mean,0.1355170458555221,10.559926986694336,10.110485076904297,5036
noQ,2030,TAV,0.3,middle,5026,A,reconstructed,0.9166776537895204,3.0405266284942627,1.908407926559448,5036
noQ,2030,TAV,0.3,middle,5026,A,observed_mean,0.462938517332077,3.0405266284942627,2.048431158065796,5036
noQ,2030,TAV,0.3,middle,5026,V,reconstructed,0.8605750203132629,3.310121774673462,2.0955252647399902,4759
noQ,2030,TAV,0.3,middle,5026,V,observed_mean,0.1608394533395767,3.310121774673462,2.967543125152588,4759
noQ,2030,TAV,0.3,end,5026,T,reconstructed,0.4025794565677643,10.640828132629396,4.058004856109619,5030
noQ,2030,TAV,0.3,end,5026,T,observed_mean,0.1583804935216903,10.640828132629396,9.752852439880373,5030
noQ,2030,TAV,0.3,end,5026,A,reconstructed,0.9185518026351928,3.0413973331451416,1.9087226390838623,5030
noQ,2030,TAV,0.3,end,5026,A,observed_mean,0.5542187094688416,3.0413973331451416,2.1171555519104004,5030
noQ,2030,TAV,0.3,end,5026,V,reconstructed,0.8624787926673889,3.437214136123657,2.101412057876587,4663
noQ,2030,TAV,0.3,end,5026,V,observed_mean,0.228405624628067,3.437214136123657,2.9907095432281494,4663
noQ,2030,TAV,0.3,random,5026,T,reconstructed,0.3818183839321136,10.662771224975586,4.120368003845215,5039
noQ,2030,TAV,0.3,random,5026,T,observed_mean,0.1409706473350525,10.662771224975586,10.131757736206056,5039
noQ,2030,TAV,0.3,random,5026,A,reconstructed,0.915976107120514,3.029294967651367,1.918686389923096,5039
noQ,2030,TAV,0.3,random,5026,A,observed_mean,0.4911541640758514,3.029294967651367,2.0793631076812744,5039
noQ,2030,TAV,0.3,random,5026,V,reconstructed,0.8597299456596375,3.381629228591919,2.1021323204040527,4743
noQ,2030,TAV,0.3,random,5026,V,observed_mean,0.1818750500679016,3.381629228591919,2.954922676086426,4743
noQ,2030,TAV,0.3,random,5027,T,reconstructed,0.3872810900211334,10.608874320983888,4.104970932006836,5038
noQ,2030,TAV,0.3,random,5027,T,observed_mean,0.1442264467477798,10.608874320983888,10.124711990356444,5038
noQ,2030,TAV,0.3,random,5027,A,reconstructed,0.9236224889755248,3.027263164520264,1.9057344198226929,5038
noQ,2030,TAV,0.3,random,5027,A,observed_mean,0.4937233924865722,3.027263164520264,2.0785140991210938,5038
noQ,2030,TAV,0.3,random,5027,V,reconstructed,0.8635289072990417,3.3189566135406494,2.097282886505127,4712
noQ,2030,TAV,0.3,random,5027,V,observed_mean,0.1834315210580825,3.3189566135406494,2.9784023761749268,4712
noQ,2030,TAV,0.3,random,5028,T,reconstructed,0.3875158429145813,10.617053031921388,4.146905422210693,5030
noQ,2030,TAV,0.3,random,5028,T,observed_mean,0.1445662975311279,10.617053031921388,10.180274963378906,5030
noQ,2030,TAV,0.3,random,5028,A,reconstructed,0.9181993007659912,3.056255340576172,1.918183445930481,5030
noQ,2030,TAV,0.3,random,5028,A,observed_mean,0.4855827391147613,3.056255340576172,2.0623369216918945,5030
noQ,2030,TAV,0.3,random,5028,V,reconstructed,0.8632561564445496,3.3487768173217773,2.104184150695801,4710
noQ,2030,TAV,0.3,random,5028,V,observed_mean,0.1778661459684372,3.3487768173217773,2.9635026454925537,4710
