variant,seed,modalities,rate,position,mask_seed,js,flip_rate,raw_intensity_shift
B0,2026,T,0.1,random,5026,0.0085111828520894,0.0962861105799675,0.1631249338388443
B0,2026,T,0.1,random,5027,0.0106553761288523,0.0935350731015205,0.1776229739189148
B0,2026,T,0.1,random,5028,0.0117441723123192,0.1155433282256126,0.1745982021093368
B0,2026,T,0.2,random,5026,0.0170104634016752,0.143053650856018,0.2516782283782959
B0,2026,T,0.2,random,5027,0.0184421092271804,0.1513067334890365,0.2519474029541015
B0,2026,T,0.2,random,5028,0.0196262244135141,0.1623108685016632,0.255363404750824
B0,2026,T,0.3,start,5026,0.0208735447376966,0.1815680861473083,0.2877908051013946
B0,2026,T,0.3,middle,5026,0.0264683328568935,0.1788170635700225,0.307119220495224
B0,2026,T,0.3,end,5026,0.0320708416402339,0.2077028900384903,0.3518004417419433
B0,2026,T,0.3,random,5026,0.0249856710433959,0.1746905148029327,0.3119138181209564
B0,2026,T,0.3,random,5027,0.0273749660700559,0.1966987550258636,0.3224550783634186
B0,2026,T,0.3,random,5028,0.0262663885951042,0.2077028900384903,0.3124539852142334
B0,2026,T,0.4,random,5026,0.0353129841387271,0.2145804613828659,0.3777373135089874
B0,2026,T,0.4,random,5027,0.0387070626020431,0.2297111451625824,0.3915024399757385
B0,2026,T,0.4,random,5028,0.0369515605270862,0.2352132052183151,0.3866450488567352
B0,2026,T,0.5,random,5026,0.0472247302532196,0.2558459341526031,0.4512688517570495
B0,2026,T,0.5,random,5027,0.0492552258074283,0.2709766030311584,0.45688197016716
B0,2026,T,0.5,random,5028,0.0480255112051963,0.2806052267551422,0.4460370242595672
B0,2026,A,0.1,random,5026,1.8922096387541387e-06,0.0041265473701059,0.0056383074261248
B0,2026,A,0.1,random,5027,3.920485596609069e-06,0.0027510316576808,0.0064292005263268
B0,2026,A,0.1,random,5028,1.6966984048849554e-06,0.0027510316576808,0.0057348632253706
B0,2026,A,0.2,random,5026,4.399154477141565e-06,0.0041265473701059,0.009658608585596
B0,2026,A,0.2,random,5027,6.1701266531599686e-06,0.0027510316576808,0.0107357082888484
B0,2026,A,0.2,random,5028,4.447480023372918e-06,0.0041265473701059,0.0096497647464275
B0,2026,A,0.3,start,5026,7.783149158058222e-06,0.0027510316576808,0.0138178868219256
B0,2026,A,0.3,middle,5026,7.770057891320903e-06,0.0041265473701059,0.0141825154423713
B0,2026,A,0.3,end,5026,1.7354595911456272e-05,0.0027510316576808,0.0155882779508829
B0,2026,A,0.3,random,5026,8.88051090441877e-06,0.0041265473701059,0.0138572789728641
B0,2026,A,0.3,random,5027,1.0330398254154716e-05,0.0041265473701059,0.0148372817784547
B0,2026,A,0.3,random,5028,9.021452569868416e-06,0.0041265473701059,0.0133214779198169
B0,2026,A,0.4,random,5026,1.2765556675731204e-05,0.0041265473701059,0.0176147166639566
B0,2026,A,0.4,random,5027,1.4634069884778e-05,0.0041265473701059,0.018619505688548
B0,2026,A,0.4,random,5028,1.4084319445828442e-05,0.0041265473701059,0.0172266289591789
B0,2026,A,0.5,random,5026,1.8383154383627694e-05,0.0041265473701059,0.0208187382668256
B0,2026,A,0.5,random,5027,2.551866418798454e-05,0.0041265473701059,0.0225520841777324
B0,2026,A,0.5,random,5028,1.97631488845218e-05,0.0041265473701059,0.0208770669996738
B0,2026,V,0.1,random,5026,1.8177842093791696e-06,0.0013755158288404,0.0065617421641945
B0,2026,V,0.1,random,5027,1.826796165005362e-06,0.0013755158288404,0.0065212775953114
B0,2026,V,0.1,random,5028,1.791438990039751e-06,0.0013755158288404,0.0066010737791657
B0,2026,V,0.2,random,5026,5.585122380580288e-06,0.0027510316576808,0.0125122787430882
B0,2026,V,0.2,random,5027,5.508243248186773e-06,0.0013755158288404,0.0124768419191241
B0,2026,V,0.2,random,5028,5.710592176910723e-06,0.0027510316576808,0.0126067902892827
B0,2026,V,0.3,start,5026,1.192053150589345e-05,0.0027510316576808,0.0180757530033588
B0,2026,V,0.3,middle,5026,1.1573758456506766e-05,0.0027510316576808,0.0180809013545513
B0,2026,V,0.3,end,5026,1.1981342140643392e-05,0.0055020633153617,0.0188844967633485
B0,2026,V,0.3,random,5026,1.185842393169878e-05,0.0041265473701059,0.0183425210416317
B0,2026,V,0.3,random,5027,1.165080084319925e-05,0.0041265473701059,0.0184414163231849
B0,2026,V,0.3,random,5028,1.2069607691955753e-05,0.0041265473701059,0.0184667762368917
B0,2026,V,0.4,random,5026,2.0526564185274765e-05,0.0082530947402119,0.0240292139351367
B0,2026,V,0.4,random,5027,1.9872204575221986e-05,0.0068775792606174,0.0242307372391223
B0,2026,V,0.4,random,5028,2.0671057427534837e-05,0.0068775792606174,0.0243563037365674
B0,2026,V,0.5,random,5026,3.037986061826814e-05,0.0082530947402119,0.0296174753457307
B0,2026,V,0.5,random,5027,2.93330849672202e-05,0.0068775792606174,0.0298664737492799
B0,2026,V,0.5,random,5028,3.033694520127028e-05,0.0082530947402119,0.0299484319984912
B0,2026,TA,0.3,start,5026,0.0208813659846782,0.1829435974359512,0.2886150479316711
B0,2026,TA,0.3,middle,5026,0.0264195743948221,0.1801925748586654,0.3069486618041992
B0,2026,TA,0.3,end,5026,0.0319759994745254,0.2063273787498474,0.351408302783966
B0,2026,TA,0.3,random,5026,0.0249299518764019,0.1746905148029327,0.3124814331531524
B0,2026,TA,0.3,random,5027,0.0272825676947832,0.1939477324485778,0.3222266137599945
B0,2026,TA,0.3,random,5028,0.0262409318238496,0.2049518525600433,0.3131983280181885
B0,2026,TV,0.3,start,5026,0.02066838927567,0.1801925748586654,0.2862890362739563
B0,2026,TV,0.3,middle,5026,0.0263970289379358,0.1788170635700225,0.3059813380241394
B0,2026,TV,0.3,end,5026,0.0319725163280963,0.2049518525600433,0.3515084385871887
B0,2026,TV,0.3,random,5026,0.0248881336301565,0.1705639660358429,0.3106173276901245
B0,2026,TV,0.3,random,5027,0.0272853653877973,0.192572221159935,0.3212455809116363
B0,2026,TV,0.3,random,5028,0.0261901561170816,0.2049518525600433,0.3111991286277771
B0,2026,AV,0.3,start,5026,2.112940637744032e-05,0.0027510316576808,0.0237057879567146
B0,2026,AV,0.3,middle,5026,2.144628160749562e-05,0.0041265473701059,0.0246184077113866
B0,2026,AV,0.3,end,5026,3.181409556418657e-05,0.0055020633153617,0.0269511323422193
B0,2026,AV,0.3,random,5026,2.2746335162082687e-05,0.0055020633153617,0.0243967119604349
B0,2026,AV,0.3,random,5027,2.4068480342975818e-05,0.0055020633153617,0.0256244279444217
B0,2026,AV,0.3,random,5028,2.3709002562100068e-05,0.0068775792606174,0.0239713694900274
B0,2026,TAV,0.3,start,5026,0.0206773709505796,0.1815680861473083,0.2869147360324859
B0,2026,TAV,0.3,middle,5026,0.0263514462858438,0.1774415373802185,0.3061535060405731
B0,2026,TAV,0.3,end,5026,0.0318823903799057,0.2022008299827575,0.3516294062137604
B0,2026,TAV,0.3,random,5026,0.0248327944427728,0.1691884398460388,0.3112834990024566
B0,2026,TAV,0.3,random,5027,0.0271927472203969,0.1939477324485778,0.3213572800159454
B0,2026,TAV,0.3,random,5028,0.0261706467717885,0.2049518525600433,0.312186986207962
B0,2027,T,0.1,random,5026,0.0092858439311385,0.0811554342508316,0.1666211485862732
B0,2027,T,0.1,random,5027,0.0125814042985439,0.1114167794585228,0.1945584416389465
B0,2027,T,0.1,random,5028,0.0130194136872887,0.0990371406078338,0.1916640698909759
B0,2027,T,0.2,random,5026,0.0197521429508924,0.143053650856018,0.2517558932304382
B0,2027,T,0.2,random,5027,0.0202031675726175,0.1526822596788406,0.2716694176197052
B0,2027,T,0.2,random,5028,0.0212049763649702,0.1540577709674835,0.2648943066596985
B0,2027,T,0.3,start,5026,0.0221377480775117,0.1526822596788406,0.2935649454593658
B0,2027,T,0.3,middle,5026,0.0310030356049537,0.1719394773244857,0.3322535753250122
B0,2027,T,0.3,end,5026,0.0357404761016368,0.1911966949701309,0.3549381494522095
B0,2027,T,0.3,random,5026,0.028130616992712,0.1526822596788406,0.3235852122306824
B0,2027,T,0.3,random,5027,0.0295447539538145,0.1911966949701309,0.3419675230979919
B0,2027,T,0.3,random,5028,0.0307698752731084,0.187070146203041,0.3268808424472809
B0,2027,T,0.4,random,5026,0.0416569225490093,0.2090784013271331,0.4018482863903045
B0,2027,T,0.4,random,5027,0.0438397452235221,0.2269601076841354,0.4244419038295746
B0,2027,T,0.4,random,5028,0.04196522757411,0.2187070101499557,0.4009156227111816
B0,2027,T,0.5,random,5026,0.0540629290044307,0.2407152652740478,0.4682073295116424
B0,2027,T,0.5,random,5027,0.0553215853869915,0.2462173253297805,0.4790873527526855
B0,2027,T,0.5,random,5028,0.0539550222456455,0.2407152652740478,0.4589878022670746
B0,2027,A,0.1,random,5026,1.534316311335715e-06,0.0,0.0065009235404431
B0,2027,A,0.1,random,5027,1.877751174106379e-06,0.0013755158288404,0.0063623404130339
B0,2027,A,0.1,random,5028,1.327074187429389e-06,0.0,0.0062779835425317
B0,2027,A,0.2,random,5026,4.463397090148646e-06,0.0,0.0110650910064578
B0,2027,A,0.2,random,5027,4.503846412262647e-06,0.0027510316576808,0.0105389943346381
B0,2027,A,0.2,random,5028,4.055420959048206e-06,0.0027510316576808,0.0108241969719529
B0,2027,A,0.3,start,5026,8.25367806100985e-06,0.0013755158288404,0.0160104651004076
B0,2027,A,0.3,middle,5026,1.0422942978038918e-05,0.0013755158288404,0.0143075818195939
B0,2027,A,0.3,end,5026,2.3406762920785692e-05,0.0027510316576808,0.0162848029285669
B0,2027,A,0.3,random,5026,9.320850040239748e-06,0.0013755158288404,0.0153095265850424
B0,2027,A,0.3,random,5027,1.0850942999240942e-05,0.0027510316576808,0.0144899543374776
B0,2027,A,0.3,random,5028,8.761598110140767e-06,0.0027510316576808,0.0155728571116924
B0,2027,A,0.4,random,5026,1.4620456568081863e-05,0.0041265473701059,0.0190056636929512
B0,2027,A,0.4,random,5027,1.5970841559465043e-05,0.0027510316576808,0.0183305703103542
B0,2027,A,0.4,random,5028,1.4280658433563076e-05,0.0027510316576808,0.0193934328854084
B0,2027,A,0.5,random,5026,1.9953809896833263e-05,0.0055020633153617,0.0221418775618076
B0,2027,A,0.5,random,5027,2.3158008843893185e-05,0.0027510316576808,0.0222778711467981
B0,2027,A,0.5,random,5028,1.988998155866284e-05,0.0027510316576808,0.0227976776659488
B0,2027,V,0.1,random,5026,2.631666575325653e-06,0.0,0.0065488093532621
B0,2027,V,0.1,random,5027,2.6055006401293213e-06,0.0,0.0064666476100683
B0,2027,V,0.1,random,5028,2.669068635441363e-06,0.0013755158288404,0.0064706304110586
B0,2027,V,0.2,random,5026,7.649456165381707e-06,0.0013755158288404,0.0122009133920073
B0,2027,V,0.2,random,5027,7.63696607464226e-06,0.0013755158288404,0.0122120650485157
B0,2027,V,0.2,random,5028,7.706335054535884e-06,0.0013755158288404,0.0122082512825727
B0,2027,V,0.3,start,5026,1.6238802345469594e-05,0.0013755158288404,0.0173769611865282
B0,2027,V,0.3,middle,5026,1.5746687495266087e-05,0.0013755158288404,0.0179944764822721
B0,2027,V,0.3,end,5026,1.6418014638475142e-05,0.0013755158288404,0.0183368157595396
B0,2027,V,0.3,random,5026,1.603168493602425e-05,0.0013755158288404,0.0178510472178459
B0,2027,V,0.3,random,5027,1.604552016942762e-05,0.0013755158288404,0.0177327636629343
B0,2027,V,0.3,random,5028,1.595742469362449e-05,0.0013755158288404,0.0177965499460697
B0,2027,V,0.4,random,5026,2.656295691849664e-05,0.0013755158288404,0.0232119876891374
B0,2027,V,0.4,random,5027,2.6512039767112583e-05,0.0027510316576808,0.0230858922004699
B0,2027,V,0.4,random,5028,2.6617404728312977e-05,0.0027510316576808,0.0232784301042556
B0,2027,V,0.5,random,5026,3.913609907613136e-05,0.0027510316576808,0.0280685890465974
B0,2027,V,0.5,random,5027,3.927593206753954e-05,0.0027510316576808,0.0281640402972698
B0,2027,V,0.5,random,5028,3.924941120203584e-05,0.0027510316576808,0.0282426234334707
B0,2027,TA,0.3,start,5026,0.0220768600702285,0.1526822596788406,0.2947813272476196
B0,2027,TA,0.3,middle,5026,0.0309942662715911,0.1678129285573959,0.3340260088443756
B0,2027,TA,0.3,end,5026,0.0357256084680557,0.1856946349143982,0.3569031953811645
B0,2027,TA,0.3,random,5026,0.0280676186084747,0.1499312222003936,0.3247327506542206
B0,2027,TA,0.3,random,5027,0.0295102838426828,0.1939477324485778,0.3425561487674713
B0,2027,TA,0.3,random,5028,0.03074780292809,0.1843191236257553,0.327806681394577
B0,2027,TV,0.3,start,5026,0.0218643601983785,0.1471801996231079,0.2908210754394531
B0,2027,TV,0.3,middle,5026,0.0308381393551826,0.1691884398460388,0.332525372505188
B0,2027,TV,0.3,end,5026,0.0355497673153877,0.1884456723928451,0.3519153594970703
B0,2027,TV,0.3,random,5026,0.0280114971101284,0.1485557109117508,0.3213992118835449
B0,2027,TV,0.3,random,5027,0.029348412528634,0.187070146203041,0.3394026160240173
B0,2027,TV,0.3,random,5028,0.0306498650461435,0.1856946349143982,0.3247459530830383
B0,2027,AV,0.3,start,5026,3.1123483495321125e-05,0.0013755158288404,0.0228878259658813
B0,2027,AV,0.3,middle,5026,3.190365168848075e-05,0.0027510316576808,0.0230911523103714
B0,2027,AV,0.3,end,5026,4.610573159880005e-05,0.0027510316576808,0.0253594014793634
B0,2027,AV,0.3,random,5026,3.110583929810673e-05,0.0027510316576808,0.024020280689001
B0,2027,AV,0.3,random,5027,3.2990341424010694e-05,0.0027510316576808,0.0234520900994539
B0,2027,AV,0.3,random,5028,3.061915413127281e-05,0.0027510316576808,0.0238434448838233
B0,2027,TAV,0.3,start,5026,0.0218087956309318,0.1485557109117508,0.2912237346172333
B0,2027,TAV,0.3,middle,5026,0.0308390315622091,0.166437417268753,0.3334827125072479
B0,2027,TAV,0.3,end,5026,0.0355353839695453,0.192572221159935,0.3536456227302551
B0,2027,TAV,0.3,random,5026,0.0279494449496269,0.1499312222003936,0.3222182393074035
B0,2027,TAV,0.3,random,5027,0.0293200723826885,0.1911966949701309,0.3401349186897278
B0,2027,TAV,0.3,random,5028,0.0306341256946325,0.1856946349143982,0.3253149092197418
B0,2028,T,0.1,random,5026,0.0070858495309948,0.0894085317850112,0.1608614176511764
B0,2028,T,0.1,random,5027,0.0097320666536688,0.0990371406078338,0.1812114864587783
B0,2028,T,0.1,random,5028,0.0096771353855729,0.1004126518964767,0.1748034060001373
B0,2028,T,0.2,random,5026,0.0154151339083909,0.1292984932661056,0.2552153468132019
B0,2028,T,0.2,random,5027,0.0158532913774251,0.1348005533218383,0.2546376585960388
B0,2028,T,0.2,random,5028,0.0166510455310344,0.1458046734333038,0.251991868019104
B0,2028,T,0.3,start,5026,0.0193632710725069,0.1513067334890365,0.2828438878059387
B0,2028,T,0.3,middle,5026,0.0251702386885881,0.1760660260915756,0.3211308121681213
B0,2028,T,0.3,end,5026,0.0299492329359054,0.192572221159935,0.3514181077480316
B0,2028,T,0.3,random,5026,0.023210372775793,0.1650618910789489,0.3235810399055481
B0,2028,T,0.3,random,5027,0.0240796916186809,0.1595598310232162,0.3268783688545227
B0,2028,T,0.3,random,5028,0.0236933398991823,0.1733149886131286,0.3131316602230072
B0,2028,T,0.4,random,5026,0.0354261323809623,0.2090784013271331,0.4028840065002441
B0,2028,T,0.4,random,5027,0.0354377850890159,0.2118294388055801,0.4019652009010315
B0,2028,T,0.4,random,5028,0.0337236709892749,0.2063273787498474,0.3819947838783264
B0,2028,T,0.5,random,5026,0.0472209155559539,0.2462173253297805,0.4699423611164093
B0,2028,T,0.5,random,5027,0.0469347722828388,0.2448418140411377,0.4596272706985473
B0,2028,T,0.5,random,5028,0.0453047193586826,0.2448418140411377,0.4479350447654724
B0,2028,A,0.1,random,5026,1.1377577493476565e-06,0.0,0.0043249954469501
B0,2028,A,0.1,random,5027,7.248617066579754e-07,0.0,0.0046944390051066
B0,2028,A,0.1,random,5028,7.441267371177673e-07,0.0,0.0041009034030139
B0,2028,A,0.2,random,5026,2.594173793113441e-06,0.0,0.0073438617400825
B0,2028,A,0.2,random,5027,1.767707885846903e-06,0.0,0.0078126518055796
B0,2028,A,0.2,random,5028,2.770260607576347e-06,0.0,0.007282936014235
B0,2028,A,0.3,start,5026,2.7041251087212004e-06,0.0013755158288404,0.0107311746105551
B0,2028,A,0.3,middle,5026,3.922978066839278e-06,0.0013755158288404,0.0106114158406853
B0,2028,A,0.3,end,5026,9.237101039616393e-06,0.0,0.0112378690391778
B0,2028,A,0.3,random,5026,4.734066351375077e-06,0.0,0.0103001706302165
B0,2028,A,0.3,random,5027,3.5410578220762545e-06,0.0,0.0109453266486525
B0,2028,A,0.3,random,5028,4.6274863052531146e-06,0.0013755158288404,0.0103971604257822
B0,2028,A,0.4,random,5026,7.163183454395039e-06,0.0,0.013099305331707
B0,2028,A,0.4,random,5027,5.489175691764103e-06,0.0013755158288404,0.0137610835954546
B0,2028,A,0.4,random,5028,7.21387232260895e-06,0.0013755158288404,0.0131297633051872
B0,2028,A,0.5,random,5026,9.921452146954834e-06,0.0013755158288404,0.0158197320997715
B0,2028,A,0.5,random,5027,9.19897502171807e-06,0.0013755158288404,0.016649555414915
B0,2028,A,0.5,random,5028,9.935155503626447e-06,0.0013755158288404,0.0155071103945374
B0,2028,V,0.1,random,5026,6.860611279080331e-07,0.0,0.0037265561986714
B0,2028,V,0.1,random,5027,6.153112508400227e-07,0.0,0.003474217839539
B0,2028,V,0.1,random,5028,6.114327675277309e-07,0.0,0.0036210548132658
B0,2028,V,0.2,random,5026,2.2257202090258943e-06,0.0,0.0068000508472323
B0,2028,V,0.2,random,5027,2.011082870012615e-06,0.0,0.0062396489083766
B0,2028,V,0.2,random,5028,1.9820124634861718e-06,0.0,0.0065212873741984
B0,2028,V,0.3,start,5026,4.568121312331641e-06,0.0,0.0094509869813919
B0,2028,V,0.3,middle,5026,4.376420292828698e-06,0.0,0.009204851463437
B0,2028,V,0.3,end,5026,4.432954028743552e-06,0.0,0.010015657171607
B0,2028,V,0.3,random,5026,4.727824489236809e-06,0.0,0.0097917150706052
B0,2028,V,0.3,random,5027,4.249028734193416e-06,0.0,0.0091006215661764
B0,2028,V,0.3,random,5028,4.275162609701511e-06,0.0,0.0094314059242606
B0,2028,V,0.4,random,5026,7.843200364732184e-06,0.0,0.0125396680086851
B0,2028,V,0.4,random,5027,7.371290848823264e-06,0.0,0.0118275554850697
B0,2028,V,0.4,random,5028,7.36492756914231e-06,0.0,0.0122024994343519
B0,2028,V,0.5,random,5026,1.1668346814985853e-05,0.0,0.0150896357372403
B0,2028,V,0.5,random,5027,1.117162173613906e-05,0.0,0.0144344130530953
B0,2028,V,0.5,random,5028,1.108472133637406e-05,0.0,0.0147747723385691
B0,2028,TA,0.3,start,5026,0.0193079113960266,0.1513067334890365,0.2806904315948486
B0,2028,TA,0.3,middle,5026,0.0250965729355812,0.1774415373802185,0.3197360634803772
B0,2028,TA,0.3,end,5026,0.0299117285758256,0.1953232437372207,0.3514903485774994
B0,2028,TA,0.3,random,5026,0.0231041107326746,0.166437417268753,0.3221673667430877
B0,2028,TA,0.3,random,5027,0.0240278746932744,0.1568088084459304,0.326439619064331
B0,2028,TA,0.3,random,5028,0.023647079244256,0.1746905148029327,0.3117841184139251
B0,2028,TV,0.3,start,5026,0.0192084666341543,0.1526822596788406,0.2812987267971039
B0,2028,TV,0.3,middle,5026,0.0250724013894796,0.1774415373802185,0.3217396736145019
B0,2028,TV,0.3,end,5026,0.029818408191204,0.1939477324485778,0.350233256816864
B0,2028,TV,0.3,random,5026,0.023079102858901,0.1691884398460388,0.322892427444458
B0,2028,TV,0.3,random,5027,0.0239247474819421,0.1595598310232162,0.326994389295578
B0,2028,TV,0.3,random,5028,0.0236157961189746,0.1746905148029327,0.3114521205425262
B0,2028,AV,0.3,start,5026,8.25639199319994e-06,0.0013755158288404,0.0162059143185615
B0,2028,AV,0.3,middle,5026,9.238894563168287e-06,0.0,0.015724379569292
B0,2028,AV,0.3,end,5026,1.4818270756222772e-05,0.0,0.0169823393225669
B0,2028,AV,0.3,random,5026,1.0759672477433924e-05,0.0,0.0160880982875823
B0,2028,AV,0.3,random,5027,8.668293048685882e-06,0.0,0.0160664767026901
B0,2028,AV,0.3,random,5028,9.704375770525075e-06,0.0,0.0158114321529865
B0,2028,TAV,0.3,start,5026,0.0191533304750919,0.1513067334890365,0.2792270481586456
B0,2028,TAV,0.3,middle,5026,0.0249972380697727,0.1760660260915756,0.3205625414848327
B0,2028,TAV,0.3,end,5026,0.0297799948602914,0.1939477324485778,0.3507017195224762
B0,2028,TAV,0.3,random,5026,0.0229713600128889,0.166437417268753,0.3217256069183349
B0,2028,TAV,0.3,random,5027,0.0238714423030614,0.1581843197345733,0.3267381489276886
B0,2028,TAV,0.3,random,5028,0.0235711000859737,0.1719394773244857,0.3103617131710052
B0,2029,T,0.1,random,5026,0.0080965952947735,0.0866574943065643,0.1631515324115753
B0,2029,T,0.1,random,5027,0.0106929130852222,0.0962861105799675,0.1766161024570465
B0,2029,T,0.1,random,5028,0.0118132643401622,0.10591471940279,0.1840131282806396
B0,2029,T,0.2,random,5026,0.0165954139083623,0.1224209070205688,0.2474643290042877
B0,2029,T,0.2,random,5027,0.017276257276535,0.1279229670763015,0.2529608309268951
B0,2029,T,0.2,random,5028,0.0191968046128749,0.1375515758991241,0.2530818879604339
B0,2029,T,0.3,start,5026,0.0189902074635028,0.1389271020889282,0.2775561511516571
B0,2029,T,0.3,middle,5026,0.0253640320152044,0.166437417268753,0.3176875710487366
B0,2029,T,0.3,end,5026,0.0295271910727024,0.1719394773244857,0.3426231443881988
B0,2029,T,0.3,random,5026,0.0237180069088935,0.1499312222003936,0.3058900833129883
B0,2029,T,0.3,random,5027,0.0256185252219438,0.1609353572130203,0.3177203834056854
B0,2029,T,0.3,random,5028,0.0263952538371086,0.1843191236257553,0.3122666180133819
B0,2029,T,0.4,random,5026,0.0348584577441215,0.1884456723928451,0.3862944841384887
B0,2029,T,0.4,random,5027,0.037438366562128,0.2049518525600433,0.3932902216911316
B0,2029,T,0.4,random,5028,0.0364240296185016,0.213204950094223,0.3907090425491333
B0,2029,T,0.5,random,5026,0.04679586738348,0.2214580476284027,0.4500321745872497
B0,2029,T,0.5,random,5027,0.0471245869994163,0.2214580476284027,0.4520672857761383
B0,2029,T,0.5,random,5028,0.0464918836951255,0.2283356189727783,0.4487436413764953
B0,2029,A,0.1,random,5026,2.5053234367078403e-06,0.0013755158288404,0.0062907203100621
B0,2029,A,0.1,random,5027,4.37949938714155e-06,0.0,0.0059735267423093
B0,2029,A,0.1,random,5028,1.8936215155918037e-06,0.0013755158288404,0.0063279890455305
B0,2029,A,0.2,random,5026,5.8534906202112325e-06,0.0027510316576808,0.0110590001568198
B0,2029,A,0.2,random,5027,6.928055427124491e-06,0.0055020633153617,0.0104419533163309
B0,2029,A,0.2,random,5028,1.0571943676040974e-05,0.0041265473701059,0.0109698288142681
B0,2029,A,0.3,start,5026,9.483164831181057e-06,0.0027510316576808,0.0142908580601215
B0,2029,A,0.3,middle,5026,1.647896169743035e-05,0.0041265473701059,0.0150882164016366
B0,2029,A,0.3,end,5026,7.464654481736943e-05,0.0068775792606174,0.0172234158962965
B0,2029,A,0.3,random,5026,1.212450661114417e-05,0.0055020633153617,0.0151946041733026
B0,2029,A,0.3,random,5027,1.8717646526056345e-05,0.0082530947402119,0.0148806693032383
B0,2029,A,0.3,random,5028,1.915760367410257e-05,0.0041265473701059,0.0153861967846751
B0,2029,A,0.4,random,5026,1.7320171536994167e-05,0.0068775792606174,0.0193209629505872
B0,2029,A,0.4,random,5027,2.387869062658865e-05,0.0082530947402119,0.0190407447516918
B0,2029,A,0.4,random,5028,2.6019179131253622e-05,0.0055020633153617,0.0194488856941461
B0,2029,A,0.5,random,5026,2.4080345610855147e-05,0.0082530947402119,0.0229328759014606
B0,2029,A,0.5,random,5027,3.8569269236177206e-05,0.0096286106854677,0.0228517856448888
B0,2029,A,0.5,random,5028,3.289452797616832e-05,0.0068775792606174,0.0231979340314865
B0,2029,V,0.1,random,5026,1.8187564592153649e-06,0.0013755158288404,0.008502896875143
B0,2029,V,0.1,random,5027,1.7602078514755704e-06,0.0027510316576808,0.0085806157439947
B0,2029,V,0.1,random,5028,1.9051673234571356e-06,0.0013755158288404,0.0087134027853608
B0,2029,V,0.2,random,5026,5.6699063861742616e-06,0.0055020633153617,0.0156810767948627
B0,2029,V,0.2,random,5027,5.4234342314885e-06,0.0055020633153617,0.0157626569271087
B0,2029,V,0.2,random,5028,5.7726911109057255e-06,0.0055020633153617,0.0157609246671199
B0,2029,V,0.3,start,5026,1.1218489817110822e-05,0.0055020633153617,0.0223346222192049
B0,2029,V,0.3,middle,5026,1.1781434295699e-05,0.0082530947402119,0.0224531721323728
B0,2029,V,0.3,end,5026,1.2042091839248314e-05,0.0055020633153617,0.0239393915981054
B0,2029,V,0.3,random,5026,1.1768617696361616e-05,0.0082530947402119,0.0227593705058097
B0,2029,V,0.3,random,5027,1.1772685866162648e-05,0.0082530947402119,0.0225920677185058
B0,2029,V,0.3,random,5028,1.1870101843669543e-05,0.0082530947402119,0.022545963525772
B0,2029,V,0.4,random,5026,2.029376992140897e-05,0.0123796425759792,0.0295463912189006
B0,2029,V,0.4,random,5027,2.0335428416728973e-05,0.0151306744664907,0.0293114986270666
B0,2029,V,0.4,random,5028,2.0438837964320555e-05,0.0165061894804239,0.0293984282761812
B0,2029,V,0.5,random,5026,3.027228558494244e-05,0.0165061894804239,0.0354308225214481
B0,2029,V,0.5,random,5027,3.036604721273761e-05,0.0192572213709354,0.0356934107840061
B0,2029,V,0.5,random,5028,3.0456423701252788e-05,0.0178817063570022,0.0355598665773868
B0,2029,TA,0.3,start,5026,0.0189016684889793,0.1403026133775711,0.2758095562458038
B0,2029,TA,0.3,middle,5026,0.0252362787723541,0.1705639660358429,0.3168892860412597
B0,2029,TA,0.3,end,5026,0.0294463615864515,0.1719394773244857,0.3430436849594116
B0,2029,TA,0.3,random,5026,0.0235856641083955,0.1499312222003936,0.3059066236019134
B0,2029,TA,0.3,random,5027,0.0254657436162233,0.1609353572130203,0.3165494799613952
B0,2029,TA,0.3,random,5028,0.0263447798788547,0.1856946349143982,0.310431569814682
B0,2029,TV,0.3,start,5026,0.0188261549919843,0.141678124666214,0.2767992615699768
B0,2029,TV,0.3,middle,5026,0.0252286475151777,0.166437417268753,0.3160419166088104
B0,2029,TV,0.3,end,5026,0.0293724667280912,0.1719394773244857,0.3445108830928802
B0,2029,TV,0.3,random,5026,0.0235449355095624,0.1513067334890365,0.3074114620685577
B0,2029,TV,0.3,random,5027,0.0254599079489707,0.1636863797903061,0.3177259564399719
B0,2029,TV,0.3,random,5028,0.0263175908476114,0.1856946349143982,0.3118517100811004
B0,2029,AV,0.3,start,5026,2.5134548195637763e-05,0.0096286106854677,0.0276740249246358
B0,2029,AV,0.3,middle,5026,3.319611278129741e-05,0.0110041266307234,0.0280537344515323
B0,2029,AV,0.3,end,5026,9.26152351894416e-05,0.0165061894804239,0.0315387360751628
B0,2029,AV,0.3,random,5026,2.843259971996304e-05,0.0123796425759792,0.0288157295435667
B0,2029,AV,0.3,random,5027,3.513143747113645e-05,0.0178817063570022,0.0276743173599243
B0,2029,AV,0.3,random,5028,3.650479993666522e-05,0.0123796425759792,0.0283537823706865
B0,2029,TAV,0.3,start,5026,0.0187458153814077,0.141678124666214,0.2752528190612793
B0,2029,TAV,0.3,middle,5026,0.0251085311174392,0.166437417268753,0.3157788217067718
B0,2029,TAV,0.3,end,5026,0.0292999073863029,0.1733149886131286,0.3449442982673645
B0,2029,TAV,0.3,random,5026,0.0234159659594297,0.1499312222003936,0.3080880641937256
B0,2029,TAV,0.3,random,5027,0.0253135301172733,0.1623108685016632,0.3164989352226257
B0,2029,TAV,0.3,random,5028,0.0262812916189432,0.1856946349143982,0.3105938136577606
B0,2030,T,0.1,random,5026,0.0055089383386075,0.071526825428009,0.1607148796319961
B0,2030,T,0.1,random,5027,0.0076505257748067,0.0674002766609191,0.1673456281423568
B0,2030,T,0.1,random,5028,0.0079289050772786,0.0962861105799675,0.1714141964912414
B0,2030,T,0.2,random,5026,0.0120450612157583,0.1114167794585228,0.2441414296627044
B0,2030,T,0.2,random,5027,0.0130642568692564,0.1306740045547485,0.2473945468664169
B0,2030,T,0.2,random,5028,0.0138068925589323,0.141678124666214,0.2484444677829742
B0,2030,T,0.3,start,5026,0.015364721417427,0.1306740045547485,0.2791134119033813
B0,2030,T,0.3,middle,5026,0.0204183403402566,0.1485557109117508,0.3109681606292724
B0,2030,T,0.3,end,5026,0.0229550804942846,0.1678129285573959,0.3275426924228668
B0,2030,T,0.3,random,5026,0.0184485707432031,0.1334250271320343,0.3044805824756622
B0,2030,T,0.3,random,5027,0.0199936795979738,0.1471801996231079,0.3111618161201477
B0,2030,T,0.3,random,5028,0.0196083653718233,0.1678129285573959,0.3136704862117767
B0,2030,T,0.4,random,5026,0.0282987430691719,0.1760660260915756,0.3771262466907501
B0,2030,T,0.4,random,5027,0.0295704361051321,0.2022008299827575,0.378995418548584
B0,2030,T,0.4,random,5028,0.0283150449395179,0.2077028900384903,0.3812731802463531
B0,2030,T,0.5,random,5026,0.0388511531054973,0.2090784013271331,0.4396599531173706
B0,2030,T,0.5,random,5027,0.0389359295368194,0.2118294388055801,0.4409039616584778
B0,2030,T,0.5,random,5028,0.037805188447237,0.2242090851068496,0.4388821423053741
B0,2030,A,0.1,random,5026,5.09586971020326e-06,0.0013755158288404,0.0073009305633604
B0,2030,A,0.1,random,5027,3.06481342704501e-06,0.0013755158288404,0.00797875598073
B0,2030,A,0.1,random,5028,1.9447761587798595e-06,0.0,0.0077503700740635
B0,2030,A,0.2,random,5026,1.191012233903166e-05,0.0027510316576808,0.0128928394988179
B0,2030,A,0.2,random,5027,6.8073727561568376e-06,0.0027510316576808,0.0137513279914855
B0,2030,A,0.2,random,5028,9.68958374869544e-06,0.0027510316576808,0.0142042944207787
B0,2030,A,0.3,start,5026,8.469024578516837e-06,0.0013755158288404,0.0192759558558464
B0,2030,A,0.3,middle,5026,1.205843909701798e-05,0.0027510316576808,0.0186855997890234
B0,2030,A,0.3,end,5026,4.8585559852654114e-05,0.0027510316576808,0.0210524406284093
B0,2030,A,0.3,random,5026,2.010783828154672e-05,0.0041265473701059,0.0185442455112934
B0,2030,A,0.3,random,5027,1.1772173820645548e-05,0.0027510316576808,0.0193516612052917
B0,2030,A,0.3,random,5028,1.670140409260057e-05,0.0041265473701059,0.0196394100785255
B0,2030,A,0.4,random,5026,2.7123536710860208e-05,0.0041265473701059,0.0234201084822416
B0,2030,A,0.4,random,5027,1.7964179278351367e-05,0.0027510316576808,0.0242492780089378
B0,2030,A,0.4,random,5028,2.5967385226977054e-05,0.0041265473701059,0.02460553124547
B0,2030,A,0.5,random,5026,3.714867125381716e-05,0.0055020633153617,0.0281892511993646
B0,2030,A,0.5,random,5027,3.335809014970437e-05,0.0041265473701059,0.0291528161615133
B0,2030,A,0.5,random,5028,3.780769839067944e-05,0.0055020633153617,0.0291275903582572
B0,2030,V,0.1,random,5026,2.341859499210841e-06,0.0,0.0075012790039181
B0,2030,V,0.1,random,5027,2.3012119072518544e-06,0.0,0.0071930401027202
B0,2030,V,0.1,random,5028,2.2936658297112444e-06,0.0,0.0073898797854781
B0,2030,V,0.2,random,5026,7.899224328866694e-06,0.0013755158288404,0.0142581509426236
B0,2030,V,0.2,random,5027,7.708549674134701e-06,0.0013755158288404,0.0138754025101661
B0,2030,V,0.2,random,5028,7.88262150308583e-06,0.0013755158288404,0.0141781605780124
B0,2030,V,0.3,start,5026,1.623907701286953e-05,0.0041265473701059,0.0202615857124328
B0,2030,V,0.3,middle,5026,1.625919139769394e-05,0.0041265473701059,0.0204480458050966
B0,2030,V,0.3,end,5026,1.619104114070069e-05,0.0041265473701059,0.0212578009814023
B0,2030,V,0.3,random,5026,1.658188739384059e-05,0.0041265473701059,0.0205936413258314
B0,2030,V,0.3,random,5027,1.6272815628326498e-05,0.0041265473701059,0.0202487856149673
B0,2030,V,0.3,random,5028,1.6270963897113688e-05,0.0027510316576808,0.0204075500369071
B0,2030,V,0.4,random,5026,2.84880843537394e-05,0.0041265473701059,0.0267642028629779
B0,2030,V,0.4,random,5027,2.797019260469824e-05,0.0041265473701059,0.0266223307698965
B0,2030,V,0.4,random,5028,2.8159432986285537e-05,0.0041265473701059,0.0267681293189525
B0,2030,V,0.5,random,5026,4.255893145455048e-05,0.0068775792606174,0.0323741137981414
B0,2030,V,0.5,random,5027,4.175716094323434e-05,0.0055020633153617,0.0325084365904331
B0,2030,V,0.5,random,5028,4.207020174362697e-05,0.0055020633153617,0.0325588770210742
B0,2030,TA,0.3,start,5026,0.0152230719104409,0.1279229670763015,0.2801584303379059
B0,2030,TA,0.3,middle,5026,0.0203296896070241,0.1471801996231079,0.3131260871887207
B0,2030,TA,0.3,end,5026,0.0228542890399694,0.1705639660358429,0.3314851522445678
B0,2030,TA,0.3,random,5026,0.0183405745774507,0.1279229670763015,0.3047651052474975
B0,2030,TA,0.3,random,5027,0.0198944043368101,0.143053650856018,0.3122149407863617
B0,2030,TA,0.3,random,5028,0.0195386856794357,0.166437417268753,0.3155609369277954
B0,2030,TV,0.3,start,5026,0.0151896197348833,0.1292984932661056,0.2775738537311554
B0,2030,TV,0.3,middle,5026,0.020303513854742,0.1471801996231079,0.3097449839115143
B0,2030,TV,0.3,end,5026,0.0227868165820837,0.166437417268753,0.3251712918281555
B0,2030,TV,0.3,random,5026,0.0183466244488954,0.1361760646104812,0.302223265171051
B0,2030,TV,0.3,random,5027,0.019898185506463,0.1485557109117508,0.30925452709198
B0,2030,TV,0.3,random,5028,0.0195133853703737,0.1678129285573959,0.3112284541130066
B0,2030,AV,0.3,start,5026,2.8698445021291263e-05,0.0013755158288404,0.0289288274943828
B0,2030,AV,0.3,middle,5026,3.1668852898292243e-05,0.0041265473701059,0.0290527213364839
B0,2030,AV,0.3,end,5026,6.926429341547191e-05,0.0068775792606174,0.0325291529297828
B0,2030,AV,0.3,random,5026,4.011032433481887e-05,0.0041265473701059,0.0290547180920839
B0,2030,AV,0.3,random,5027,3.2106116123031825e-05,0.0027510316576808,0.0290109850466251
B0,2030,AV,0.3,random,5028,3.652770465123467e-05,0.0041265473701059,0.0296301674097776
B0,2030,TAV,0.3,start,5026,0.0150505928322672,0.1265474557876587,0.2787856757640838
B0,2030,TAV,0.3,middle,5026,0.0202153846621513,0.1458046734333038,0.3120270073413849
B0,2030,TAV,0.3,end,5026,0.0226920545101165,0.1719394773244857,0.3291167318820953
B0,2030,TAV,0.3,random,5026,0.0182414166629314,0.1375515758991241,0.3028520345687866
B0,2030,TAV,0.3,random,5027,0.0198034886270761,0.1485557109117508,0.3104899227619171
B0,2030,TAV,0.3,random,5028,0.0194489136338233,0.1691884398460388,0.3137165307998657
noB,2026,T,0.1,random,5026,0.008782772347331,0.1004126518964767,0.1643059402704239
noB,2026,T,0.1,random,5027,0.0110365580767393,0.10591471940279,0.178117960691452
noB,2026,T,0.1,random,5028,0.0117671005427837,0.1045392006635665,0.1788028329610824
noB,2026,T,0.2,random,5026,0.0175113491714,0.1375515758991241,0.2529055178165436
noB,2026,T,0.2,random,5027,0.0191645491868257,0.1471801996231079,0.2571556866168976
noB,2026,T,0.2,random,5028,0.0197730362415313,0.1650618910789489,0.2584883868694305
noB,2026,T,0.3,start,5026,0.0209320243448019,0.1705639660358429,0.2918747961521148
noB,2026,T,0.3,middle,5026,0.026547584682703,0.1774415373802185,0.3143928945064544
noB,2026,T,0.3,end,5026,0.0313959680497646,0.1953232437372207,0.3505583703517914
noB,2026,T,0.3,random,5026,0.0252045597881078,0.1581843197345733,0.3196142017841339
noB,2026,T,0.3,random,5027,0.0278579872101545,0.1829435974359512,0.3250490725040436
noB,2026,T,0.3,random,5028,0.0263089518994092,0.1994497925043106,0.3145581483840942
noB,2026,T,0.4,random,5026,0.0354043021798133,0.2090784013271331,0.3838260173797607
noB,2026,T,0.4,random,5027,0.0389438457787036,0.2228335589170456,0.3989473283290863
noB,2026,T,0.4,random,5028,0.036577820777893,0.2159559875726699,0.388062059879303
noB,2026,T,0.5,random,5026,0.0471309050917625,0.2434663027524948,0.4593919217586517
noB,2026,T,0.5,random,5027,0.0494149848818779,0.259972482919693,0.4625633358955383
noB,2026,T,0.5,random,5028,0.0482344292104244,0.2709766030311584,0.4538633823394775
noB,2026,A,0.1,random,5026,1.954437493623118e-06,0.0013755158288404,0.0056984261609613
noB,2026,A,0.1,random,5027,4.143176283832872e-06,0.0027510316576808,0.0064833769574761
noB,2026,A,0.1,random,5028,1.7494691064712242e-06,0.0013755158288404,0.0058071911334991
noB,2026,A,0.2,random,5026,4.569388693198562e-06,0.0027510316576808,0.0097669968381524
noB,2026,A,0.2,random,5027,6.5177046053577214e-06,0.0027510316576808,0.0108366711065173
noB,2026,A,0.2,random,5028,4.624828306987183e-06,0.0027510316576808,0.0097726099193096
noB,2026,A,0.3,start,5026,8.040256034291815e-06,0.0055020633153617,0.0139659279957413
noB,2026,A,0.3,middle,5026,8.076008271018509e-06,0.0055020633153617,0.014312163926661
noB,2026,A,0.3,end,5026,1.8742948668659665e-05,0.0055020633153617,0.0157795995473861
noB,2026,A,0.3,random,5026,9.278745892515872e-06,0.0055020633153617,0.0140252346172928
noB,2026,A,0.3,random,5027,1.0886473319260404e-05,0.0055020633153617,0.0149826947599649
noB,2026,A,0.3,random,5028,9.407162906427402e-06,0.0055020633153617,0.0135024283081293
noB,2026,A,0.4,random,5026,1.3405021491053049e-05,0.0055020633153617,0.0178348738700151
noB,2026,A,0.4,random,5027,1.547543070046231e-05,0.0068775792606174,0.0188116282224655
noB,2026,A,0.4,random,5028,1.47321024996927e-05,0.0068775792606174,0.0174642708152532
noB,2026,A,0.5,random,5026,1.9328819689690132e-05,0.0096286106854677,0.0210544522851705
noB,2026,A,0.5,random,5027,2.7327863790560517e-05,0.0096286106854677,0.0227794274687767
noB,2026,A,0.5,random,5028,2.0756826415890828e-05,0.0096286106854677,0.0211432669311761
noB,2026,V,0.1,random,5026,1.8328742044104729e-06,0.0013755158288404,0.0065428707748651
noB,2026,V,0.1,random,5027,1.8321250081498876e-06,0.0027510316576808,0.0064952569082379
noB,2026,V,0.1,random,5028,1.794501827134809e-06,0.0027510316576808,0.0065783071331679
noB,2026,V,0.2,random,5026,5.628721282846527e-06,0.0013755158288404,0.0125030595809221
noB,2026,V,0.2,random,5027,5.534002866625087e-06,0.0027510316576808,0.0124466093257069
noB,2026,V,0.2,random,5028,5.734369551646523e-06,0.0027510316576808,0.0125825349241495
noB,2026,V,0.3,start,5026,1.19830392577569e-05,0.0068775792606174,0.0180396568030118
noB,2026,V,0.3,middle,5026,1.1652436114673035e-05,0.0055020633153617,0.0180316753685474
noB,2026,V,0.3,end,5026,1.2043339665979149e-05,0.0041265473701059,0.018858078867197
noB,2026,V,0.3,random,5026,1.1961727977904957e-05,0.0055020633153617,0.018330629914999
noB,2026,V,0.3,random,5027,1.1730543519661296e-05,0.0068775792606174,0.0184085220098495
noB,2026,V,0.3,random,5028,1.2156302545918152e-05,0.0055020633153617,0.0184428505599498
noB,2026,V,0.4,random,5026,2.0648316422011703e-05,0.0055020633153617,0.0240156147629022
noB,2026,V,0.4,random,5027,1.996069113374688e-05,0.0068775792606174,0.0241989884525537
noB,2026,V,0.4,random,5028,2.079381920339074e-05,0.0055020633153617,0.0243256166577339
noB,2026,V,0.5,random,5026,3.0520688596880063e-05,0.0068775792606174,0.0295917298644781
noB,2026,V,0.5,random,5027,2.9437371267704293e-05,0.0082530947402119,0.0298310369253158
noB,2026,V,0.5,random,5028,3.0461453206953596e-05,0.0096286106854677,0.0299060214310884
noB,2026,TA,0.3,start,5026,0.0209513660520315,0.1691884398460388,0.2926552891731262
noB,2026,TA,0.3,middle,5026,0.0265089087188243,0.1760660260915756,0.3137347102165222
noB,2026,TA,0.3,end,5026,0.0313192084431648,0.192572221159935,0.3503287732601166
noB,2026,TA,0.3,random,5026,0.0251614563167095,0.1581843197345733,0.319023996591568
noB,2026,TA,0.3,random,5027,0.02777343057096,0.1815680861473083,0.3243742883205414
noB,2026,TA,0.3,random,5028,0.0262940973043441,0.1980742812156677,0.3153471648693084
noB,2026,TV,0.3,start,5026,0.0207357294857502,0.1691884398460388,0.2905144691467285
noB,2026,TV,0.3,middle,5026,0.0264765918254852,0.1678129285573959,0.3130035698413849
noB,2026,TV,0.3,end,5026,0.0313331745564937,0.1966987550258636,0.3500432968139648
noB,2026,TV,0.3,random,5026,0.0251028705388307,0.1540577709674835,0.3176255524158478
noB,2026,TV,0.3,random,5027,0.0277708955109119,0.1788170635700225,0.3235970139503479
noB,2026,TV,0.3,random,5028,0.0262446794658899,0.1966987550258636,0.3130528032779693
noB,2026,AV,0.3,start,5026,2.164580473618116e-05,0.0041265473701059,0.0236587394028902
noB,2026,AV,0.3,middle,5026,2.205444616265595e-05,0.0055020633153617,0.0245327856391668
noB,2026,AV,0.3,end,5026,3.35797194566112e-05,0.0055020633153617,0.0269615482538938
noB,2026,AV,0.3,random,5026,2.354406751692295e-05,0.0055020633153617,0.0243959631770849
noB,2026,AV,0.3,random,5027,2.4941815354395654e-05,0.0068775792606174,0.0255985781550407
noB,2026,AV,0.3,random,5028,2.44488001044374e-05,0.0068775792606174,0.0239527840167284
noB,2026,TAV,0.3,start,5026,0.0207570344209671,0.166437417268753,0.2912224531173706
noB,2026,TAV,0.3,middle,5026,0.0264409892261028,0.1705639660358429,0.3123643100261688
noB,2026,TAV,0.3,end,5026,0.0312618725001812,0.1966987550258636,0.3499631583690643
noB,2026,TAV,0.3,random,5026,0.0250595435500144,0.1595598310232162,0.317329078912735
noB,2026,TAV,0.3,random,5027,0.0276860632002353,0.1829435974359512,0.3234618902206421
noB,2026,TAV,0.3,random,5028,0.0262362472712993,0.2008253037929535,0.3137474358081817
noB,2027,T,0.1,random,5026,0.0091936010867357,0.0894085317850112,0.1653598994016647
noB,2027,T,0.1,random,5027,0.0123201590031385,0.1224209070205688,0.1906394958496093
noB,2027,T,0.1,random,5028,0.0129111940041184,0.10591471940279,0.1902830749750137
noB,2027,T,0.2,random,5026,0.0196889471262693,0.1320495158433914,0.2499846518039703
noB,2027,T,0.2,random,5027,0.0199105683714151,0.1458046734333038,0.2692832052707672
noB,2027,T,0.2,random,5028,0.0208014324307441,0.141678124666214,0.2610664963722229
noB,2027,T,0.3,start,5026,0.0218490492552518,0.1471801996231079,0.2904444634914398
noB,2027,T,0.3,middle,5026,0.0304028950631618,0.1746905148029327,0.3296070098876953
noB,2027,T,0.3,end,5026,0.0353202708065509,0.1884456723928451,0.3553491234779358
noB,2027,T,0.3,random,5026,0.0281287301331758,0.1554332822561264,0.3219132423400879
noB,2027,T,0.3,random,5027,0.0288577880710363,0.187070146203041,0.3391084372997284
noB,2027,T,0.3,random,5028,0.0302772279828786,0.1788170635700225,0.323527842760086
noB,2027,T,0.4,random,5026,0.0414054058492183,0.2035763412714004,0.4022665023803711
noB,2027,T,0.4,random,5027,0.0431534945964813,0.2214580476284027,0.4220459759235382
noB,2027,T,0.4,random,5028,0.0413300991058349,0.2118294388055801,0.3981094360351562
noB,2027,T,0.5,random,5026,0.0532102659344673,0.2448418140411377,0.465761125087738
noB,2027,T,0.5,random,5027,0.0541670732200145,0.2462173253297805,0.4760114550590515
noB,2027,T,0.5,random,5028,0.0530006550252437,0.2420907914638519,0.4563342928886413
noB,2027,A,0.1,random,5026,1.8381119843979832e-06,0.0013755158288404,0.0069433595053851
noB,2027,A,0.1,random,5027,2.0833169855905e-06,0.0027510316576808,0.0067936913110315
noB,2027,A,0.1,random,5028,1.5454282902283012e-06,0.0013755158288404,0.0067231757566332
noB,2027,A,0.2,random,5026,5.341832547856029e-06,0.0041265473701059,0.011835278943181
noB,2027,A,0.2,random,5027,5.175132173462771e-06,0.0027510316576808,0.0112742921337485
noB,2027,A,0.2,random,5028,4.756302132591372e-06,0.0041265473701059,0.0116089703515172
noB,2027,A,0.3,start,5026,9.56979511101963e-06,0.0041265473701059,0.0171833075582981
noB,2027,A,0.3,middle,5026,1.1970198102062568e-05,0.0068775792606174,0.0153324464336037
noB,2027,A,0.3,end,5026,2.626201239763759e-05,0.0041265473701059,0.0174297615885734
noB,2027,A,0.3,random,5026,1.1024482773791531e-05,0.0041265473701059,0.0163878612220287
noB,2027,A,0.3,random,5027,1.235815307154553e-05,0.0055020633153617,0.0155190266668796
noB,2027,A,0.3,random,5028,1.025243545882404e-05,0.0041265473701059,0.0167103447020053
noB,2027,A,0.4,random,5026,1.7292453776462935e-05,0.0068775792606174,0.020377080887556
noB,2027,A,0.4,random,5027,1.841195262386464e-05,0.0068775792606174,0.0196357406675815
noB,2027,A,0.4,random,5028,1.676566171227023e-05,0.0055020633153617,0.020792031660676
noB,2027,A,0.5,random,5026,2.3637281628907655e-05,0.0082530947402119,0.0237394645810127
noB,2027,A,0.5,random,5027,2.673398739716504e-05,0.0068775792606174,0.0238696355372667
noB,2027,A,0.5,random,5028,2.342399056942668e-05,0.0082530947402119,0.0244497284293174
noB,2027,V,0.1,random,5026,3.0443534342339262e-06,0.0027510316576808,0.0069942218251526
noB,2027,V,0.1,random,5027,3.0218784559110645e-06,0.0027510316576808,0.006902989000082
noB,2027,V,0.1,random,5028,3.103217977695749e-06,0.0027510316576808,0.0069032916799187
noB,2027,V,0.2,random,5026,8.884034286893439e-06,0.0041265473701059,0.0130213955417275
noB,2027,V,0.2,random,5027,8.880014320311602e-06,0.0041265473701059,0.0130368107929825
noB,2027,V,0.2,random,5028,8.987631190393586e-06,0.0055020633153617,0.0130414795130491
noB,2027,V,0.3,start,5026,1.884852827060968e-05,0.0082530947402119,0.0185671355575323
noB,2027,V,0.3,middle,5026,1.8295631889486685e-05,0.0068775792606174,0.019217537716031
noB,2027,V,0.3,end,5026,1.914257700263988e-05,0.0082530947402119,0.0195600595325231
noB,2027,V,0.3,random,5026,1.8621920389705338e-05,0.0068775792606174,0.0190631225705146
noB,2027,V,0.3,random,5027,1.86451379704522e-05,0.0055020633153617,0.0189398303627967
noB,2027,V,0.3,random,5028,1.859521034930367e-05,0.0082530947402119,0.01901625841856
noB,2027,V,0.4,random,5026,3.094588828389533e-05,0.0110041266307234,0.0248122401535511
noB,2027,V,0.4,random,5027,3.088374432991259e-05,0.0123796425759792,0.0246865563094615
noB,2027,V,0.4,random,5028,3.1068808311829343e-05,0.0123796425759792,0.0248979497700929
noB,2027,V,0.5,random,5026,4.561710375128314e-05,0.0110041266307234,0.0299973748624324
noB,2027,V,0.5,random,5027,4.581224129651673e-05,0.0123796425759792,0.0301373787224292
noB,2027,V,0.5,random,5028,4.585408169077709e-05,0.0123796425759792,0.0302017498761415
noB,2027,TA,0.3,start,5026,0.0217805355787277,0.1444291621446609,0.2915099859237671
noB,2027,TA,0.3,middle,5026,0.030378695577383,0.1746905148029327,0.3308272659778595
noB,2027,TA,0.3,end,5026,0.0352937020361423,0.189821183681488,0.3572845757007599
noB,2027,TA,0.3,random,5026,0.0280563384294509,0.1526822596788406,0.3228494822978973
noB,2027,TA,0.3,random,5027,0.0288111418485641,0.189821183681488,0.3398753106594085
noB,2027,TA,0.3,random,5028,0.0302481744438409,0.1774415373802185,0.3241465389728546
noB,2027,TV,0.3,start,5026,0.0215587466955184,0.1458046734333038,0.2883660197257995
noB,2027,TV,0.3,middle,5026,0.0302306991070508,0.1733149886131286,0.329839676618576
noB,2027,TV,0.3,end,5026,0.0351243987679481,0.1856946349143982,0.3526007831096649
noB,2027,TV,0.3,random,5026,0.0280019287019968,0.1554332822561264,0.3196881115436554
noB,2027,TV,0.3,random,5027,0.0286464821547269,0.1815680861473083,0.3370457291603088
noB,2027,TV,0.3,random,5028,0.0301423426717519,0.1774415373802185,0.3216491639614105
noB,2027,AV,0.3,start,5026,3.573163485270925e-05,0.0123796425759792,0.02445231936872
noB,2027,AV,0.3,middle,5026,3.663011739263311e-05,0.0123796425759792,0.0246254298835992
noB,2027,AV,0.3,end,5026,5.235998469288461e-05,0.0123796425759792,0.027004612609744
noB,2027,AV,0.3,random,5026,3.586087768780999e-05,0.0110041266307234,0.0256096106022596
noB,2027,AV,0.3,random,5027,3.7780577258672565e-05,0.0110041266307234,0.0249895080924034
noB,2027,AV,0.3,random,5028,3.538142846082337e-05,0.0137551585212349,0.0254967641085386
noB,2027,TAV,0.3,start,5026,0.0214948281645774,0.143053650856018,0.2887513935565948
noB,2027,TAV,0.3,middle,5026,0.0302151571959257,0.1746905148029327,0.3304495513439178
noB,2027,TAV,0.3,end,5026,0.0350978709757328,0.1884456723928451,0.3544616997241974
noB,2027,TAV,0.3,random,5026,0.0279297214001417,0.1499312222003936,0.3202666044235229
noB,2027,TAV,0.3,random,5027,0.0286044310778379,0.1829435974359512,0.3380223512649536
noB,2027,TAV,0.3,random,5028,0.030119763687253,0.1788170635700225,0.3222500681877136
noB,2028,T,0.1,random,5026,0.0070838029496371,0.0770288854837417,0.1597256809473037
noB,2028,T,0.1,random,5027,0.0096582798287272,0.0880330130457878,0.1802776455879211
noB,2028,T,0.1,random,5028,0.009673167951405,0.1045392006635665,0.1745506823062896
noB,2028,T,0.2,random,5026,0.0155114382505416,0.1334250271320343,0.2537310123443603
noB,2028,T,0.2,random,5027,0.0156177496537566,0.1320495158433914,0.2521706819534302
noB,2028,T,0.2,random,5028,0.0164990630000829,0.1526822596788406,0.2485534995794296
noB,2028,T,0.3,start,5026,0.0192875973880291,0.1554332822561264,0.2811111509799957
noB,2028,T,0.3,middle,5026,0.0249338056892156,0.1843191236257553,0.3176935613155365
noB,2028,T,0.3,end,5026,0.0291760228574275,0.1980742812156677,0.3448742926120758
noB,2028,T,0.3,random,5026,0.0231798999011516,0.1760660260915756,0.3195304274559021
noB,2028,T,0.3,random,5027,0.0236378796398639,0.1691884398460388,0.3209268450736999
noB,2028,T,0.3,random,5028,0.0235503930598497,0.187070146203041,0.3105010092258453
noB,2028,T,0.4,random,5026,0.0350029021501541,0.2187070101499557,0.3960593938827514
noB,2028,T,0.4,random,5027,0.0350286923348903,0.2214580476284027,0.392895758152008
noB,2028,T,0.4,random,5028,0.0334061197936534,0.2269601076841354,0.3782743215560913
noB,2028,T,0.5,random,5026,0.0466597415506839,0.2544704377651214,0.4620240330696106
noB,2028,T,0.5,random,5027,0.0462469905614852,0.2530949115753174,0.4511111378669739
noB,2028,T,0.5,random,5028,0.0448334664106369,0.2544704377651214,0.4426054060459137
noB,2028,A,0.1,random,5026,1.3633056141770794e-06,0.0,0.0045440448448061
noB,2028,A,0.1,random,5027,8.153969588420296e-07,0.0,0.004934440832585
noB,2028,A,0.1,random,5028,8.561164577258751e-07,0.0,0.0043196827173233
noB,2028,A,0.2,random,5026,3.1423717246070737e-06,0.0013755158288404,0.0077152699232101
noB,2028,A,0.2,random,5027,2.0357799712655837e-06,0.0013755158288404,0.0082134744152426
noB,2028,A,0.2,random,5028,3.176553946104832e-06,0.0,0.0076986127533018
noB,2028,A,0.3,start,5026,3.0881599286658457e-06,0.0013755158288404,0.0112677197903394
noB,2028,A,0.3,middle,5026,4.594820438796887e-06,0.0013755158288404,0.0111289992928504
noB,2028,A,0.3,end,5026,1.037531819747528e-05,0.0027510316576808,0.0117574706673622
noB,2028,A,0.3,random,5026,5.722249625250697e-06,0.0027510316576808,0.0108034834265708
noB,2028,A,0.3,random,5027,4.078591246070573e-06,0.0013755158288404,0.0114909661933779
noB,2028,A,0.3,random,5028,5.379448793974007e-06,0.0013755158288404,0.0109669920057058
noB,2028,A,0.4,random,5026,8.680145583639387e-06,0.0027510316576808,0.0137376943603158
noB,2028,A,0.4,random,5027,6.395905074896291e-06,0.0013755158288404,0.0144585631787776
noB,2028,A,0.4,random,5028,8.483885721943807e-06,0.0013755158288404,0.0138428229838609
noB,2028,A,0.5,random,5026,1.1905671271961182e-05,0.0027510316576808,0.0166009906679391
noB,2028,A,0.5,random,5027,1.0798951734614091e-05,0.0013755158288404,0.0174900833517313
noB,2028,A,0.5,random,5028,1.177637659566244e-05,0.0013755158288404,0.0163297671824693
noB,2028,V,0.1,random,5026,7.750767281322624e-07,0.0013755158288404,0.0039305039681494
noB,2028,V,0.1,random,5027,6.944979418221919e-07,0.0027510316576808,0.0036574571859091
noB,2028,V,0.1,random,5028,7.01147200743435e-07,0.0027510316576808,0.0038154253270477
noB,2028,V,0.2,random,5026,2.524017190808081e-06,0.0027510316576808,0.0071809818036854
noB,2028,V,0.2,random,5027,2.278646888953517e-06,0.0027510316576808,0.0065675838850438
noB,2028,V,0.2,random,5028,2.2808312678535003e-06,0.0027510316576808,0.0068796025589108
noB,2028,V,0.3,start,5026,5.179685103939846e-06,0.0055020633153617,0.0099477842450141
noB,2028,V,0.3,middle,5026,4.972842816641787e-06,0.0027510316576808,0.0096831088885664
noB,2028,V,0.3,end,5026,5.039603365730727e-06,0.0041265473701059,0.0105736078694462
noB,2028,V,0.3,random,5026,5.354155746317701e-06,0.0041265473701059,0.0103362631052732
noB,2028,V,0.3,random,5027,4.815573447558563e-06,0.0041265473701059,0.0095749823376536
noB,2028,V,0.3,random,5028,4.89641388412565e-06,0.0041265473701059,0.0099429255351424
noB,2028,V,0.4,random,5026,8.881138455762994e-06,0.0041265473701059,0.0132311237975955
noB,2028,V,0.4,random,5027,8.351295946340542e-06,0.0041265473701059,0.012445350177586
noB,2028,V,0.4,random,5028,8.420753147220239e-06,0.0041265473701059,0.0128512298688292
noB,2028,V,0.5,random,5026,1.3230551303422544e-05,0.0041265473701059,0.0159144103527069
noB,2028,V,0.5,random,5027,1.2657890692935324e-05,0.0041265473701059,0.0152084147557616
noB,2028,V,0.5,random,5028,1.2627322576008735e-05,0.0041265473701059,0.0155754191800951
noB,2028,TA,0.3,start,5026,0.0192279424518346,0.1595598310232162,0.2789026200771332
noB,2028,TA,0.3,middle,5026,0.0248620342463254,0.1801925748586654,0.3165545463562011
noB,2028,TA,0.3,end,5026,0.0291364472359418,0.1980742812156677,0.3454127609729767
noB,2028,TA,0.3,random,5026,0.0230732802301645,0.1719394773244857,0.3181651532649994
noB,2028,TA,0.3,random,5027,0.0235852114856243,0.1691884398460388,0.3209694921970367
noB,2028,TA,0.3,random,5028,0.023508321493864,0.187070146203041,0.309712290763855
noB,2028,TV,0.3,start,5026,0.0191312078386545,0.1568088084459304,0.2797093391418457
noB,2028,TV,0.3,middle,5026,0.0248282216489315,0.1815680861473083,0.3182593286037445
noB,2028,TV,0.3,end,5026,0.029036171734333,0.1980742812156677,0.343976080417633
noB,2028,TV,0.3,random,5026,0.0230449251830577,0.1719394773244857,0.3192355930805206
noB,2028,TV,0.3,random,5027,0.0234752111136913,0.1705639660358429,0.3214036226272583
noB,2028,TV,0.3,random,5028,0.0234717465937137,0.1856946349143982,0.3093309700489044
noB,2028,AV,0.3,start,5026,9.414944543095771e-06,0.0041265473701059,0.0170123651623725
noB,2028,AV,0.3,middle,5026,1.0649997420841828e-05,0.0027510316576808,0.0164737831801176
noB,2028,AV,0.3,end,5026,1.6798609067336656e-05,0.0027510316576808,0.0178035870194435
noB,2028,AV,0.3,random,5026,1.2580866496136878e-05,0.0027510316576808,0.0168844070285558
noB,2028,AV,0.3,random,5027,9.921627679432277e-06,0.0027510316576808,0.0168106760829687
noB,2028,AV,0.3,random,5028,1.1202406312804667e-05,0.0027510316576808,0.0166292116045951
noB,2028,TAV,0.3,start,5026,0.0190719664096832,0.1595598310232162,0.2775686979293823
noB,2028,TAV,0.3,middle,5026,0.0247559659183025,0.1760660260915756,0.3174102902412414
noB,2028,TAV,0.3,end,5026,0.0289970505982637,0.1953232437372207,0.3448520302772522
noB,2028,TAV,0.3,random,5026,0.0229375064373016,0.1705639660358429,0.3182070255279541
noB,2028,TAV,0.3,random,5027,0.0234210453927516,0.166437417268753,0.3215427696704864
noB,2028,TAV,0.3,random,5028,0.0234324764460325,0.1843191236257553,0.3090268969535827
noB,2029,T,0.1,random,5026,0.0079015009105205,0.0907840430736541,0.160331591963768
noB,2029,T,0.1,random,5027,0.0104785840958356,0.1100412681698799,0.1738313734531402
noB,2029,T,0.1,random,5028,0.0115230018272995,0.1031636893749237,0.181239366531372
noB,2029,T,0.2,random,5026,0.016546256840229,0.1141678094863891,0.2435861527919769
noB,2029,T,0.2,random,5027,0.0170204043388366,0.1334250271320343,0.2485589534044265
noB,2029,T,0.2,random,5028,0.0186785571277141,0.1334250271320343,0.2486081719398498
noB,2029,T,0.3,start,5026,0.0185420904308557,0.1306740045547485,0.2754832208156585
noB,2029,T,0.3,middle,5026,0.0249774195253849,0.1623108685016632,0.3122647106647491
noB,2029,T,0.3,end,5026,0.0290855970233678,0.1746905148029327,0.3373130261898041
noB,2029,T,0.3,random,5026,0.0235288608819246,0.1499312222003936,0.3026055991649627
noB,2029,T,0.3,random,5027,0.0250733606517314,0.1609353572130203,0.3122817575931549
noB,2029,T,0.3,random,5028,0.0257558599114418,0.1705639660358429,0.3074581027030945
noB,2029,T,0.4,random,5026,0.0343674980103969,0.1856946349143982,0.3832305669784546
noB,2029,T,0.4,random,5027,0.0367583595216274,0.2090784013271331,0.3885865807533264
noB,2029,T,0.4,random,5028,0.0356447547674179,0.1980742812156677,0.3856820464134216
noB,2029,T,0.5,random,5026,0.0459963716566562,0.2145804613828659,0.4453466236591339
noB,2029,T,0.5,random,5027,0.0461965911090374,0.2187070101499557,0.4460662603378296
noB,2029,T,0.5,random,5028,0.0451592877507209,0.2269601076841354,0.4414754211902618
noB,2029,A,0.1,random,5026,2.5920840016624425e-06,0.0027510316576808,0.006406829226762
noB,2029,A,0.1,random,5027,4.404909759614384e-06,0.0041265473701059,0.006065169814974
noB,2029,A,0.1,random,5028,1.9546059775166214e-06,0.0055020633153617,0.0064479219727218
noB,2029,A,0.2,random,5026,6.117472366895527e-06,0.0055020633153617,0.011284458450973
noB,2029,A,0.2,random,5027,7.087626727297902e-06,0.0055020633153617,0.0106363864615559
noB,2029,A,0.2,random,5028,1.070361577149015e-05,0.0055020633153617,0.0111605133861303
noB,2029,A,0.3,start,5026,9.911561392073054e-06,0.0055020633153617,0.0146008701995015
noB,2029,A,0.3,middle,5026,1.703955786069855e-05,0.0068775792606174,0.0154083622619509
noB,2029,A,0.3,end,5026,7.576483767479658e-05,0.0068775792606174,0.0174737684428691
noB,2029,A,0.3,random,5026,1.2640606655622832e-05,0.0055020633153617,0.015521383844316
noB,2029,A,0.3,random,5027,1.91833696590038e-05,0.0082530947402119,0.0151619901880621
noB,2029,A,0.3,random,5028,1.951376543729566e-05,0.0068775792606174,0.0156886670738458
noB,2029,A,0.4,random,5026,1.812077607610263e-05,0.0096286106854677,0.0197694320231676
noB,2029,A,0.4,random,5027,2.4635708541609347e-05,0.0082530947402119,0.0194337498396635
noB,2029,A,0.4,random,5028,2.675220457604155e-05,0.0068775792606174,0.0198449566960334
noB,2029,A,0.5,random,5026,2.5259043468395248e-05,0.0082530947402119,0.0234728064388036
noB,2029,A,0.5,random,5027,3.960090543841943e-05,0.0110041266307234,0.0233745463192462
noB,2029,A,0.5,random,5028,3.401298090466298e-05,0.0082530947402119,0.0237117148935794
noB,2029,V,0.1,random,5026,1.834533350120182e-06,0.0041265473701059,0.0085765765979886
noB,2029,V,0.1,random,5027,1.7807828953664284e-06,0.0055020633153617,0.0086706290021538
noB,2029,V,0.1,random,5028,1.924617436088738e-06,0.0055020633153617,0.0087659563869237
noB,2029,V,0.2,random,5026,5.756976406701142e-06,0.0055020633153617,0.0158178452402353
noB,2029,V,0.2,random,5027,5.517016688827425e-06,0.0055020633153617,0.0159297231584787
noB,2029,V,0.2,random,5028,5.8705822993943e-06,0.0055020633153617,0.0158701762557029
noB,2029,V,0.3,start,5026,1.1399156392144503e-05,0.0068775792606174,0.0225538630038499
noB,2029,V,0.3,middle,5026,1.1974258995905984e-05,0.0041265473701059,0.0227177701890468
noB,2029,V,0.3,end,5026,1.2208953194203788e-05,0.0055020633153617,0.0241182222962379
noB,2029,V,0.3,random,5026,1.1975597772106994e-05,0.0068775792606174,0.0229554753750562
noB,2029,V,0.3,random,5027,1.1942383025598248e-05,0.0082530947402119,0.0228344816714525
noB,2029,V,0.3,random,5028,1.20861495815916e-05,0.0055020633153617,0.0227362364530563
noB,2029,V,0.4,random,5026,2.061917257378809e-05,0.0082530947402119,0.0298197921365499
noB,2029,V,0.4,random,5027,2.05875767278485e-05,0.0096286106854677,0.0296488218009471
noB,2029,V,0.4,random,5028,2.074396252282895e-05,0.0082530947402119,0.0296596828848123
noB,2029,V,0.5,random,5026,3.078136796830222e-05,0.0096286106854677,0.0357784703373909
noB,2029,V,0.5,random,5027,3.082654802710749e-05,0.0110041266307234,0.0360280722379684
noB,2029,V,0.5,random,5028,3.0961415177444e-05,0.0096286106854677,0.03589853271842
noB,2029,TA,0.3,start,5026,0.0184499938040971,0.1320495158433914,0.2741930186748504
noB,2029,TA,0.3,middle,5026,0.024847263470292,0.166437417268753,0.3116881847381592
noB,2029,TA,0.3,end,5026,0.0289972368627786,0.1760660260915756,0.338154673576355
noB,2029,TA,0.3,random,5026,0.023397447541356,0.1485557109117508,0.3031323254108429
noB,2029,TA,0.3,random,5027,0.0249183624982833,0.1595598310232162,0.311474859714508
noB,2029,TA,0.3,random,5028,0.0257061198353767,0.1719394773244857,0.3062478303909302
noB,2029,TV,0.3,start,5026,0.0183816775679588,0.1320495158433914,0.2738046050071716
noB,2029,TV,0.3,middle,5026,0.0248461756855249,0.1650618910789489,0.3108479082584381
noB,2029,TV,0.3,end,5026,0.0289318077266216,0.1746905148029327,0.3388210237026214
noB,2029,TV,0.3,random,5026,0.0233637187629938,0.1513067334890365,0.30376136302948
noB,2029,TV,0.3,random,5027,0.024920979514718,0.1554332822561264,0.3130518496036529
noB,2029,TV,0.3,random,5028,0.0256799105554819,0.1719394773244857,0.3070605397224426
noB,2029,AV,0.3,start,5026,2.5980225473176688e-05,0.0123796425759792,0.0278637446463108
noB,2029,AV,0.3,middle,5026,3.419198401388712e-05,0.0096286106854677,0.0282862484455108
noB,2029,AV,0.3,end,5026,9.412164945388211e-05,0.0096286106854677,0.0315762050449848
noB,2029,AV,0.3,random,5026,2.942343598988373e-05,0.0123796425759792,0.0290017444640398
noB,2029,AV,0.3,random,5027,3.6003348213853315e-05,0.0123796425759792,0.027874918654561
noB,2029,AV,0.3,random,5028,3.734026904567145e-05,0.0096286106854677,0.0284532867372035
noB,2029,TAV,0.3,start,5026,0.0182969719171524,0.1361760646104812,0.2726468443870544
noB,2029,TAV,0.3,middle,5026,0.0247222762554883,0.1650618910789489,0.3108064532279968
noB,2029,TAV,0.3,end,5026,0.0288513377308845,0.1788170635700225,0.3399258553981781
noB,2029,TAV,0.3,random,5026,0.0232353061437606,0.1513067334890365,0.3050518333911896
noB,2029,TAV,0.3,random,5027,0.0247718393802642,0.1526822596788406,0.3123981058597564
noB,2029,TAV,0.3,random,5028,0.0256442129611969,0.1733149886131286,0.3060340583324432
noB,2030,T,0.1,random,5026,0.0056153680197894,0.068775787949562,0.1605095267295837
noB,2030,T,0.1,random,5027,0.007721125613898,0.068775787949562,0.1657900363206863
noB,2030,T,0.1,random,5028,0.0080469651147723,0.0935350731015205,0.1695363521575927
noB,2030,T,0.2,random,5026,0.0123248528689146,0.1155433282256126,0.2447851598262787
noB,2030,T,0.2,random,5027,0.0131550608202815,0.1265474557876587,0.2463643848896026
noB,2030,T,0.2,random,5028,0.0139139359816908,0.1471801996231079,0.2437442988157272
noB,2030,T,0.3,start,5026,0.0155161079019308,0.1348005533218383,0.2768389880657196
noB,2030,T,0.3,middle,5026,0.0205074455589056,0.1389271020889282,0.3073656558990478
noB,2030,T,0.3,end,5026,0.0231311060488224,0.1719394773244857,0.3254668116569519
noB,2030,T,0.3,random,5026,0.0187512747943401,0.1348005533218383,0.3038193583488464
noB,2030,T,0.3,random,5027,0.0200643297284841,0.141678124666214,0.3103184103965759
noB,2030,T,0.3,random,5028,0.0196082834154367,0.1636863797903061,0.3096958994865417
noB,2030,T,0.4,random,5026,0.0287083256989717,0.1760660260915756,0.375468373298645
noB,2030,T,0.4,random,5027,0.0296860132366418,0.1994497925043106,0.3764506876468658
noB,2030,T,0.4,random,5028,0.0283977556973695,0.1980742812156677,0.3778310418128967
noB,2030,T,0.5,random,5026,0.0392242036759853,0.2049518525600433,0.4370174705982208
noB,2030,T,0.5,random,5027,0.0390496514737606,0.2077028900384903,0.4370651245117187
noB,2030,T,0.5,random,5028,0.0379766598343849,0.2214580476284027,0.4337494969367981
noB,2030,A,0.1,random,5026,5.081788913230412e-06,0.0027510316576808,0.0073969871737062
noB,2030,A,0.1,random,5027,3.0440021419053664e-06,0.0027510316576808,0.0080848447978496
noB,2030,A,0.1,random,5028,1.970481207536068e-06,0.0027510316576808,0.0078519927337765
noB,2030,A,0.2,random,5026,1.1929002539545763e-05,0.0027510316576808,0.0130765279754996
noB,2030,A,0.2,random,5027,6.851968919363571e-06,0.0027510316576808,0.0139563772827386
noB,2030,A,0.2,random,5028,9.97135339275701e-06,0.0041265473701059,0.0144043490290641
noB,2030,A,0.3,start,5026,8.586734111304395e-06,0.0027510316576808,0.0195795185863971
noB,2030,A,0.3,middle,5026,1.216542750626104e-05,0.0027510316576808,0.0189614910632371
noB,2030,A,0.3,end,5026,4.943240855936892e-05,0.0055020633153617,0.021333809942007
noB,2030,A,0.3,random,5026,2.0151846911176108e-05,0.0041265473701059,0.0188169497996568
noB,2030,A,0.3,random,5027,1.1884641025972089e-05,0.0027510316576808,0.0196568444371223
noB,2030,A,0.3,random,5028,1.7056534488801844e-05,0.0041265473701059,0.0199234243482351
noB,2030,A,0.4,random,5026,2.719691656238865e-05,0.0055020633153617,0.0237557273358106
noB,2030,A,0.4,random,5027,1.817390148062259e-05,0.0041265473701059,0.0246157925575971
noB,2030,A,0.4,random,5028,2.645207678142469e-05,0.0055020633153617,0.0249638147652149
noB,2030,A,0.5,random,5026,3.732717232196592e-05,0.0068775792606174,0.0285884067416191
noB,2030,A,0.5,random,5027,3.3529351640027016e-05,0.0055020633153617,0.0295896101742982
noB,2030,A,0.5,random,5028,3.837288750219159e-05,0.0068775792606174,0.0295466221868991
noB,2030,V,0.1,random,5026,2.423869545964408e-06,0.0,0.0075104227289557
noB,2030,V,0.1,random,5027,2.369718231420848e-06,0.0,0.0072107766754925
noB,2030,V,0.1,random,5028,2.3748323201289168e-06,0.0,0.007414860650897
noB,2030,V,0.2,random,5026,8.144825187628157e-06,0.0,0.0142779517918825
noB,2030,V,0.2,random,5027,7.93619346950436e-06,0.0,0.0139129906892776
noB,2030,V,0.2,random,5028,8.1264815889881e-06,0.0,0.0142336701974272
noB,2030,V,0.3,start,5026,1.6728812624933198e-05,0.0,0.0203382726758718
noB,2030,V,0.3,middle,5026,1.6741278159315698e-05,0.0,0.0205200836062431
noB,2030,V,0.3,end,5026,1.667822289164178e-05,0.0,0.0213255621492862
noB,2030,V,0.3,random,5026,1.710093238216359e-05,0.0,0.0206490792334079
noB,2030,V,0.3,random,5027,1.675213388807606e-05,0.0,0.0203128475695848
noB,2030,V,0.3,random,5028,1.676079773460515e-05,0.0,0.0204925294965505
noB,2030,V,0.4,random,5026,2.9341916160774417e-05,0.0,0.0268429405987262
noB,2030,V,0.4,random,5027,2.878712984966114e-05,0.0013755158288404,0.0267124306410551
noB,2030,V,0.4,random,5028,2.9014980100328103e-05,0.0013755158288404,0.0268741939216852
noB,2030,V,0.5,random,5026,4.383815030450933e-05,0.0013755158288404,0.032480351626873
noB,2030,V,0.5,random,5027,4.297503983252682e-05,0.0013755158288404,0.0326258726418018
noB,2030,V,0.5,random,5028,4.332670505391434e-05,0.0013755158288404,0.0326910205185413
noB,2030,TA,0.3,start,5026,0.0153728919103741,0.1389271020889282,0.2779541313648224
noB,2030,TA,0.3,middle,5026,0.0204155351966619,0.1389271020889282,0.3097259104251861
noB,2030,TA,0.3,end,5026,0.0230255462229251,0.1719394773244857,0.3292921781539917
noB,2030,TA,0.3,random,5026,0.0186438299715518,0.1361760646104812,0.3042316436767578
noB,2030,TA,0.3,random,5027,0.0199653021991252,0.1403026133775711,0.3111547529697418
noB,2030,TA,0.3,random,5028,0.0195415746420621,0.1636863797903061,0.311601459980011
noB,2030,TV,0.3,start,5026,0.0153407575562596,0.1361760646104812,0.2758775651454925
noB,2030,TV,0.3,middle,5026,0.0203936174511909,0.141678124666214,0.3067295849323272
noB,2030,TV,0.3,end,5026,0.0229522939771413,0.1691884398460388,0.3234390914440155
noB,2030,TV,0.3,random,5026,0.0186466835439205,0.1361760646104812,0.3021250665187835
noB,2030,TV,0.3,random,5027,0.0199723113328218,0.1499312222003936,0.3085193336009979
noB,2030,TV,0.3,random,5028,0.0195130202919244,0.1678129285573959,0.3076699674129486
noB,2030,AV,0.3,start,5026,2.9362730856519192e-05,0.0041265473701059,0.029199318960309
noB,2030,AV,0.3,middle,5026,3.231241862522438e-05,0.0027510316576808,0.0292932391166687
noB,2030,AV,0.3,end,5026,7.064381497912109e-05,0.0055020633153617,0.0327541567385196
noB,2030,AV,0.3,random,5026,4.07285951951053e-05,0.0027510316576808,0.0292576756328344
noB,2030,AV,0.3,random,5027,3.275490234955214e-05,0.0027510316576808,0.0292491354048252
noB,2030,AV,0.3,random,5028,3.750569885596633e-05,0.0041265473701059,0.0298796072602272
noB,2030,TAV,0.3,start,5026,0.0152007723227143,0.1403026133775711,0.2772403359413147
noB,2030,TAV,0.3,middle,5026,0.0203030463308095,0.1403026133775711,0.3089883923530578
noB,2030,TAV,0.3,end,5026,0.022853909060359,0.1705639660358429,0.3273583948612213
noB,2030,TAV,0.3,random,5026,0.0185420662164688,0.1389271020889282,0.3029206991195678
noB,2030,TAV,0.3,random,5027,0.01987811550498,0.1485557109117508,0.3096627593040466
noB,2030,TAV,0.3,random,5028,0.0194519590586423,0.1691884398460388,0.310221403837204
noBeta,2026,T,0.1,random,5026,0.0084357876330614,0.0797799155116081,0.1645205169916153
noBeta,2026,T,0.1,random,5027,0.0104063339531421,0.0825309455394744,0.1786024272441864
noBeta,2026,T,0.1,random,5028,0.0114625031128525,0.1141678094863891,0.1772348880767822
noBeta,2026,T,0.2,random,5026,0.0169051922857761,0.1114167794585228,0.2519547343254089
noBeta,2026,T,0.2,random,5027,0.0181774217635393,0.1361760646104812,0.2553122639656067
noBeta,2026,T,0.2,random,5028,0.0190579108893871,0.1609353572130203,0.257092535495758
noBeta,2026,T,0.3,start,5026,0.0200917422771453,0.1513067334890365,0.2877582311630249
noBeta,2026,T,0.3,middle,5026,0.0258136261254549,0.1609353572130203,0.3095211088657379
noBeta,2026,T,0.3,end,5026,0.0310539603233337,0.187070146203041,0.3492839932441711
noBeta,2026,T,0.3,random,5026,0.0246378015726804,0.1581843197345733,0.3146278262138366
noBeta,2026,T,0.3,random,5027,0.0268788207322359,0.1746905148029327,0.3237853348255157
noBeta,2026,T,0.3,random,5028,0.0255024209618568,0.1815680861473083,0.3115434348583221
noBeta,2026,T,0.4,random,5026,0.034813467413187,0.1939477324485778,0.3813193142414093
noBeta,2026,T,0.4,random,5027,0.0376761369407177,0.2159559875726699,0.3909954130649566
noBeta,2026,T,0.4,random,5028,0.0357340648770332,0.213204950094223,0.3854322135448456
noBeta,2026,T,0.5,random,5026,0.0461289919912815,0.236588716506958,0.452371746301651
noBeta,2026,T,0.5,random,5027,0.0479065328836441,0.2475928515195846,0.4531006515026092
noBeta,2026,T,0.5,random,5028,0.0470370166003704,0.2517193853855133,0.447381854057312
noBeta,2026,A,0.1,random,5026,1.852708010119386e-06,0.0013755158288404,0.0058136950246989
noBeta,2026,A,0.1,random,5027,3.329334504087456e-06,0.0013755158288404,0.006538410205394
noBeta,2026,A,0.1,random,5028,1.6997134935081704e-06,0.0013755158288404,0.0059208758175373
noBeta,2026,A,0.2,random,5026,4.326625003159279e-06,0.0027510316576808,0.0099371299147605
noBeta,2026,A,0.2,random,5027,5.588481599261286e-06,0.0013755158288404,0.0109527222812175
noBeta,2026,A,0.2,random,5028,4.456353508430766e-06,0.0027510316576808,0.0099288551136851
noBeta,2026,A,0.3,start,5026,7.768582690914627e-06,0.0082530947402119,0.0141759905964136
noBeta,2026,A,0.3,middle,5026,7.797301805112511e-06,0.0096286106854677,0.0145062562078237
noBeta,2026,A,0.3,end,5026,1.5498322682105936e-05,0.0055020633153617,0.0159389413893222
noBeta,2026,A,0.3,random,5026,8.798081580607686e-06,0.0055020633153617,0.0142255006358027
noBeta,2026,A,0.3,random,5027,9.80102504399838e-06,0.0041265473701059,0.0151465758681297
noBeta,2026,A,0.3,random,5028,9.043382306117564e-06,0.0068775792606174,0.0137079544365406
noBeta,2026,A,0.4,random,5026,1.27889470604714e-05,0.0068775792606174,0.0180886574089527
noBeta,2026,A,0.4,random,5027,1.41949494718574e-05,0.0068775792606174,0.0190357696264982
noBeta,2026,A,0.4,random,5028,1.4043984265299514e-05,0.0082530947402119,0.0177480764687061
noBeta,2026,A,0.5,random,5026,1.848640022217296e-05,0.0096286106854677,0.0213631186634302
noBeta,2026,A,0.5,random,5027,2.378460339969024e-05,0.0068775792606174,0.0230231769382953
noBeta,2026,A,0.5,random,5028,1.9830191376968287e-05,0.0082530947402119,0.0214759092777967
noBeta,2026,V,0.1,random,5026,1.960711415449623e-06,0.0027510316576808,0.0068816458806395
noBeta,2026,V,0.1,random,5027,1.972089421542478e-06,0.0041265473701059,0.0068467524833977
noBeta,2026,V,0.1,random,5028,1.927731318573933e-06,0.0041265473701059,0.0069300103932619
noBeta,2026,V,0.2,random,5026,5.958247584203491e-06,0.0041265473701059,0.0131365684792399
noBeta,2026,V,0.2,random,5027,5.885859536647331e-06,0.0055020633153617,0.0131068537011742
noBeta,2026,V,0.2,random,5028,6.079225840949221e-06,0.0068775792606174,0.0132564874365925
noBeta,2026,V,0.3,start,5026,1.2678410712396726e-05,0.0068775792606174,0.0190217234194278
noBeta,2026,V,0.3,middle,5026,1.235984564118553e-05,0.0068775792606174,0.0190149284899234
noBeta,2026,V,0.3,end,5026,1.2728414731100202e-05,0.0055020633153617,0.0198123455047607
noBeta,2026,V,0.3,random,5026,1.2643258742173202e-05,0.0055020633153617,0.0192652568221092
noBeta,2026,V,0.3,random,5027,1.2445960237528196e-05,0.0068775792606174,0.0193679556250572
noBeta,2026,V,0.3,random,5028,1.2848849110014273e-05,0.0068775792606174,0.0194088742136955
noBeta,2026,V,0.4,random,5026,2.1868470867048018e-05,0.0068775792606174,0.0252587161958217
noBeta,2026,V,0.4,random,5027,2.125043465639465e-05,0.0082530947402119,0.0254675466567277
noBeta,2026,V,0.4,random,5028,2.2040079784346744e-05,0.0096286106854677,0.0256027858704328
noBeta,2026,V,0.5,random,5026,3.231959999538958e-05,0.0110041266307234,0.0311189983040094
noBeta,2026,V,0.5,random,5027,3.128175012534484e-05,0.0110041266307234,0.0313903838396072
noBeta,2026,V,0.5,random,5028,3.226597254979424e-05,0.0110041266307234,0.0314735434949398
noBeta,2026,TA,0.3,start,5026,0.0201169904321432,0.1444291621446609,0.2884559631347656
noBeta,2026,TA,0.3,middle,5026,0.0257758274674415,0.1623108685016632,0.3091091811656952
noBeta,2026,TA,0.3,end,5026,0.0309694968163967,0.1843191236257553,0.3485606908798218
noBeta,2026,TA,0.3,random,5026,0.0246011260896921,0.1581843197345733,0.3139178156852722
noBeta,2026,TA,0.3,random,5027,0.0267952308058738,0.1705639660358429,0.3235332071781158
noBeta,2026,TA,0.3,random,5028,0.0254922211170196,0.1801925748586654,0.31207937002182
noBeta,2026,TV,0.3,start,5026,0.0199252478778362,0.1499312222003936,0.2862257659435272
noBeta,2026,TV,0.3,middle,5026,0.0257663000375032,0.1568088084459304,0.3089012205600738
noBeta,2026,TV,0.3,end,5026,0.0310004390776157,0.1829435974359512,0.3490124344825744
noBeta,2026,TV,0.3,random,5026,0.0245719533413648,0.1568088084459304,0.3128179311752319
noBeta,2026,TV,0.3,random,5027,0.026818299666047,0.1678129285573959,0.3227782547473907
noBeta,2026,TV,0.3,random,5028,0.0254623256623744,0.1788170635700225,0.3102366328239441
noBeta,2026,AV,0.3,start,5026,2.165395926567726e-05,0.0096286106854677,0.0244901720434427
noBeta,2026,AV,0.3,middle,5026,2.2125585019239224e-05,0.0082530947402119,0.0254759676754474
noBeta,2026,AV,0.3,end,5026,3.065132477786392e-05,0.0055020633153617,0.027751812711358
noBeta,2026,AV,0.3,random,5026,2.328593654965516e-05,0.0068775792606174,0.0252510793507099
noBeta,2026,AV,0.3,random,5027,2.424199010420125e-05,0.0068775792606174,0.0264331493526697
noBeta,2026,AV,0.3,random,5028,2.4434819351881742e-05,0.0082530947402119,0.0248456262052059
noBeta,2026,TAV,0.3,start,5026,0.0199523009359836,0.1499312222003936,0.2868936657905578
noBeta,2026,TAV,0.3,middle,5026,0.0257305968552827,0.1540577709674835,0.3085943460464477
noBeta,2026,TAV,0.3,end,5026,0.0309210289269685,0.187070146203041,0.3484543561935425
noBeta,2026,TAV,0.3,random,5026,0.024535771459341,0.1554332822561264,0.3127870857715606
noBeta,2026,TAV,0.3,random,5027,0.0267340205609798,0.1678129285573959,0.322585791349411
noBeta,2026,TAV,0.3,random,5028,0.0254589691758155,0.1801925748586654,0.3109332919120788
noBeta,2027,T,0.1,random,5026,0.0089102536439895,0.0935350731015205,0.164298728108406
noBeta,2027,T,0.1,random,5027,0.0122274635359644,0.1114167794585228,0.1914477050304412
noBeta,2027,T,0.1,random,5028,0.0125579359009861,0.1004126518964767,0.190810739994049
noBeta,2027,T,0.2,random,5026,0.0192204713821411,0.1306740045547485,0.2495897710323333
noBeta,2027,T,0.2,random,5027,0.0195494256913661,0.1389271020889282,0.2681394517421722
noBeta,2027,T,0.2,random,5028,0.0204010028392076,0.1471801996231079,0.262705385684967
noBeta,2027,T,0.3,start,5026,0.0214932765811681,0.1471801996231079,0.2932738959789276
noBeta,2027,T,0.3,middle,5026,0.0298367720097303,0.1691884398460388,0.3327808678150177
noBeta,2027,T,0.3,end,5026,0.0344135463237762,0.1691884398460388,0.3520100712776184
noBeta,2027,T,0.3,random,5026,0.02747418358922,0.1554332822561264,0.3224358856678009
noBeta,2027,T,0.3,random,5027,0.0284516774117946,0.1636863797903061,0.3387255370616913
noBeta,2027,T,0.3,random,5028,0.0298005416989326,0.1678129285573959,0.3237833976745605
noBeta,2027,T,0.4,random,5026,0.0404821671545505,0.2022008299827575,0.400968998670578
noBeta,2027,T,0.4,random,5027,0.0424953773617744,0.2049518525600433,0.4235386848449707
noBeta,2027,T,0.4,random,5028,0.0404405780136585,0.1994497925043106,0.3995851576328277
noBeta,2027,T,0.5,random,5026,0.0521237552165985,0.2338376939296722,0.4657524824142456
noBeta,2027,T,0.5,random,5027,0.0531621761620044,0.2269601076841354,0.4753366708755493
noBeta,2027,T,0.5,random,5028,0.0517973117530345,0.2214580476284027,0.4560940563678741
noBeta,2027,A,0.1,random,5026,1.7084737464756472e-06,0.0,0.0068690222688019
noBeta,2027,A,0.1,random,5027,1.9666356365632964e-06,0.0013755158288404,0.0067081600427627
noBeta,2027,A,0.1,random,5028,1.4906404430803375e-06,0.0,0.0066357562318444
noBeta,2027,A,0.2,random,5026,4.973950126441196e-06,0.0,0.0116954315453767
noBeta,2027,A,0.2,random,5027,4.865900336881168e-06,0.0013755158288404,0.0111290039494633
noBeta,2027,A,0.2,random,5028,4.517750767263351e-06,0.0,0.0114329885691404
noBeta,2027,A,0.3,start,5026,9.274113835999742e-06,0.0013755158288404,0.0170241650193929
noBeta,2027,A,0.3,middle,5026,1.137403251050273e-05,0.0,0.0151431411504745
noBeta,2027,A,0.3,end,5026,2.3401766156894155e-05,0.0013755158288404,0.0171383414417505
noBeta,2027,A,0.3,random,5026,1.0391864634584635e-05,0.0013755158288404,0.0162018034607172
noBeta,2027,A,0.3,random,5027,1.1734815416275524e-05,0.0013755158288404,0.0153081910684704
noBeta,2027,A,0.3,random,5028,9.751364814292174e-06,0.0,0.0164709612727165
noBeta,2027,A,0.4,random,5026,1.6332502127625048e-05,0.0013755158288404,0.0201310999691486
noBeta,2027,A,0.4,random,5027,1.7451660824008286e-05,0.0013755158288404,0.0193633306771516
noBeta,2027,A,0.4,random,5028,1.5816627637832426e-05,0.0,0.0204992853105068
noBeta,2027,A,0.5,random,5026,2.2265960069489665e-05,0.0027510316576808,0.0234304796904325
noBeta,2027,A,0.5,random,5027,2.499716902093496e-05,0.0013755158288404,0.0234830435365438
noBeta,2027,A,0.5,random,5028,2.2130601792014204e-05,0.0013755158288404,0.0240876618772745
noBeta,2027,V,0.1,random,5026,3.2003481464926158e-06,0.0013755158288404,0.0070565110072493
noBeta,2027,V,0.1,random,5027,3.158601884933887e-06,0.0013755158288404,0.0069741611368954
noBeta,2027,V,0.1,random,5028,3.2416915018984582e-06,0.0013755158288404,0.0069713513366878
noBeta,2027,V,0.2,random,5026,9.116894034377763e-06,0.0027510316576808,0.013118133880198
noBeta,2027,V,0.2,random,5027,9.062840945261996e-06,0.0027510316576808,0.0131470467895269
noBeta,2027,V,0.2,random,5028,9.19104422791861e-06,0.0027510316576808,0.0131219290196895
noBeta,2027,V,0.3,start,5026,1.9316077668918297e-05,0.0027510316576808,0.0186757184565067
noBeta,2027,V,0.3,middle,5026,1.877522299764678e-05,0.0027510316576808,0.019333017989993
noBeta,2027,V,0.3,end,5026,1.952250204340089e-05,0.0027510316576808,0.0196756795048713
noBeta,2027,V,0.3,random,5026,1.910635728563648e-05,0.0027510316576808,0.0192010812461376
noBeta,2027,V,0.3,random,5027,1.8989512682310306e-05,0.0027510316576808,0.019107736647129
noBeta,2027,V,0.3,random,5028,1.9030376279260963e-05,0.0027510316576808,0.0191449671983718
noBeta,2027,V,0.4,random,5026,3.1585677788825706e-05,0.0041265473701059,0.024977745488286
noBeta,2027,V,0.4,random,5027,3.136301529593766e-05,0.0041265473701059,0.0248708762228488
noBeta,2027,V,0.4,random,5028,3.16709338221699e-05,0.0041265473701059,0.0250556394457817
noBeta,2027,V,0.5,random,5026,4.650719711207785e-05,0.0041265473701059,0.0302055124193429
noBeta,2027,V,0.5,random,5027,4.6496243157889694e-05,0.0041265473701059,0.0303447842597961
noBeta,2027,V,0.5,random,5028,4.672076101996936e-05,0.0041265473701059,0.0304145496338605
noBeta,2027,TA,0.3,start,5026,0.0214326698333024,0.143053650856018,0.294547438621521
noBeta,2027,TA,0.3,middle,5026,0.0298064313828945,0.1746905148029327,0.3341217637062073
noBeta,2027,TA,0.3,end,5026,0.0343967750668525,0.1691884398460388,0.3538424074649811
noBeta,2027,TA,0.3,random,5026,0.0273943617939949,0.1554332822561264,0.3229245543479919
noBeta,2027,TA,0.3,random,5027,0.0284059382975101,0.1636863797903061,0.3395497798919678
noBeta,2027,TA,0.3,random,5028,0.0297730583697557,0.1678129285573959,0.3251558840274811
noBeta,2027,TV,0.3,start,5026,0.0212337933480739,0.1444291621446609,0.2901279330253601
noBeta,2027,TV,0.3,middle,5026,0.0296816080808639,0.166437417268753,0.3326996266841888
noBeta,2027,TV,0.3,end,5026,0.0342469103634357,0.1719394773244857,0.3490209281444549
noBeta,2027,TV,0.3,random,5026,0.0273751020431518,0.1568088084459304,0.3202804327011108
noBeta,2027,TV,0.3,random,5027,0.0282715447247028,0.1691884398460388,0.3358784019947052
noBeta,2027,TV,0.3,random,5028,0.0296950954943895,0.1719394773244857,0.3217730522155761
noBeta,2027,AV,0.3,start,5026,3.543478305800818e-05,0.0041265473701059,0.0240884944796562
noBeta,2027,AV,0.3,middle,5026,3.61768870789092e-05,0.0027510316576808,0.0244452413171529
noBeta,2027,AV,0.3,end,5026,4.953051757183857e-05,0.0027510316576808,0.0266849361360073
noBeta,2027,AV,0.3,random,5026,3.547148298821412e-05,0.0027510316576808,0.0252882298082113
noBeta,2027,AV,0.3,random,5027,3.717176878126338e-05,0.0027510316576808,0.0247663371264934
noBeta,2027,AV,0.3,random,5028,3.506391294649802e-05,0.0027510316576808,0.0252267774194479
noBeta,2027,TAV,0.3,start,5026,0.0211789514869451,0.1389271020889282,0.2903597354888916
noBeta,2027,TAV,0.3,middle,5026,0.0296626798808574,0.1650618910789489,0.3333696126937866
noBeta,2027,TAV,0.3,end,5026,0.0342311859130859,0.1705639660358429,0.3509534895420074
noBeta,2027,TAV,0.3,random,5026,0.0272961221635341,0.1540577709674835,0.3206532597541809
noBeta,2027,TAV,0.3,random,5027,0.028232542797923,0.1678129285573959,0.3368344604969024
noBeta,2027,TAV,0.3,random,5028,0.0296758841723203,0.1746905148029327,0.3227044641971588
noBeta,2028,T,0.1,random,5026,0.0069346092641353,0.0935350731015205,0.161186933517456
noBeta,2028,T,0.1,random,5027,0.0094401137903332,0.0811554342508316,0.1792586594820022
noBeta,2028,T,0.1,random,5028,0.009519450366497,0.1045392006635665,0.1741835623979568
noBeta,2028,T,0.2,random,5026,0.0152229405939579,0.1265474557876587,0.2554506063461303
noBeta,2028,T,0.2,random,5027,0.0154880732297897,0.1251719444990158,0.2520014643669128
noBeta,2028,T,0.2,random,5028,0.0160266757011413,0.1444291621446609,0.2469411343336105
noBeta,2028,T,0.3,start,5026,0.0184176433831453,0.143053650856018,0.2804332971572876
noBeta,2028,T,0.3,middle,5026,0.0242592133581638,0.1636863797903061,0.3137654960155487
noBeta,2028,T,0.3,end,5026,0.0288286097347736,0.1829435974359512,0.3473560214042663
noBeta,2028,T,0.3,random,5026,0.0226670168340206,0.1595598310232162,0.3212179839611053
noBeta,2028,T,0.3,random,5027,0.0231826808303594,0.1444291621446609,0.324186235666275
noBeta,2028,T,0.3,random,5028,0.0228361021727323,0.1678129285573959,0.3080107569694519
noBeta,2028,T,0.4,random,5026,0.034236591309309,0.2049518525600433,0.3956670761108398
noBeta,2028,T,0.4,random,5027,0.0341085977852344,0.2035763412714004,0.3961435258388519
noBeta,2028,T,0.4,random,5028,0.0322115235030651,0.1953232437372207,0.3760775625705719
noBeta,2028,T,0.5,random,5026,0.0451842248439788,0.2338376939296722,0.4599957764148712
noBeta,2028,T,0.5,random,5027,0.0448471307754516,0.2269601076841354,0.4529562890529632
noBeta,2028,T,0.5,random,5028,0.0432588867843151,0.2255845963954925,0.4418082535266876
noBeta,2028,A,0.1,random,5026,1.1287489769529202e-06,0.0,0.0045320717617869
noBeta,2028,A,0.1,random,5027,7.710137879257672e-07,0.0013755158288404,0.0049081002362072
noBeta,2028,A,0.1,random,5028,7.898507305981184e-07,0.0,0.0043137846514582
noBeta,2028,A,0.2,random,5026,2.604074325063266e-06,0.0,0.0076906443573534
noBeta,2028,A,0.2,random,5027,1.901108930724149e-06,0.0027510316576808,0.0081549547612667
noBeta,2028,A,0.2,random,5028,2.7996716198686045e-06,0.0,0.0076373452320694
noBeta,2028,A,0.3,start,5026,2.967360160255339e-06,0.0013755158288404,0.0112567897886037
noBeta,2028,A,0.3,middle,5026,4.192700089333812e-06,0.0,0.0111173130571842
noBeta,2028,A,0.3,end,5026,9.681743904366158e-06,0.0027510316576808,0.0117183160036802
noBeta,2028,A,0.3,random,5026,4.82550831293338e-06,0.0013755158288404,0.0107693076133728
noBeta,2028,A,0.3,random,5027,3.812139539149939e-06,0.0027510316576808,0.0114358467981219
noBeta,2028,A,0.3,random,5028,4.748789251607377e-06,0.0,0.0108928466215729
noBeta,2028,A,0.4,random,5026,7.390357041003881e-06,0.0013755158288404,0.0136992465704679
noBeta,2028,A,0.4,random,5027,5.936521120020188e-06,0.0027510316576808,0.0144004188477993
noBeta,2028,A,0.4,random,5028,7.4503345786069985e-06,0.0,0.0137408068403601
noBeta,2028,A,0.5,random,5026,1.0308271157555282e-05,0.0013755158288404,0.0165280885994434
noBeta,2028,A,0.5,random,5027,9.672180567577016e-06,0.0027510316576808,0.0173750724643468
noBeta,2028,A,0.5,random,5028,1.026967311190674e-05,0.0013755158288404,0.0162263754755258
noBeta,2028,V,0.1,random,5026,7.540365345448663e-07,0.0013755158288404,0.0038617067039012
noBeta,2028,V,0.1,random,5027,6.725358048242924e-07,0.0013755158288404,0.0036037459503859
noBeta,2028,V,0.1,random,5028,6.741547053934482e-07,0.0013755158288404,0.0037595469038933
noBeta,2028,V,0.2,random,5026,2.433138888591202e-06,0.0013755158288404,0.0070528644137084
noBeta,2028,V,0.2,random,5027,2.168967967008939e-06,0.0013755158288404,0.0064633125439286
noBeta,2028,V,0.2,random,5028,2.164037596230628e-06,0.0013755158288404,0.0067624803632497
noBeta,2028,V,0.3,start,5026,5.014414909965126e-06,0.0027510316576808,0.0097961388528347
noBeta,2028,V,0.3,middle,5026,4.7572266339557245e-06,0.0027510316576808,0.0095311785116791
noBeta,2028,V,0.3,end,5026,4.854558028455358e-06,0.0027510316576808,0.0103771286085248
noBeta,2028,V,0.3,random,5026,5.177324055694044e-06,0.0027510316576808,0.0101500004529953
noBeta,2028,V,0.3,random,5027,4.621016614692053e-06,0.0027510316576808,0.0094287879765033
noBeta,2028,V,0.3,random,5028,4.668425390264019e-06,0.0027510316576808,0.009788379073143
noBeta,2028,V,0.4,random,5026,8.549253834644333e-06,0.0041265473701059,0.0129973823204636
noBeta,2028,V,0.4,random,5027,8.000714842637535e-06,0.0041265473701059,0.0122582670301198
noBeta,2028,V,0.4,random,5028,8.028622687561437e-06,0.0041265473701059,0.012645217590034
noBeta,2028,V,0.5,random,5026,1.2712547686533073e-05,0.0041265473701059,0.0156464483588933
noBeta,2028,V,0.5,random,5027,1.2133145901316311e-05,0.0041265473701059,0.014982589520514
noBeta,2028,V,0.5,random,5028,1.207121749757789e-05,0.0041265473701059,0.0153224533423781
noBeta,2028,TA,0.3,start,5026,0.0183615088462829,0.141678124666214,0.278193712234497
noBeta,2028,TA,0.3,middle,5026,0.0241906605660915,0.1595598310232162,0.3125026524066925
noBeta,2028,TA,0.3,end,5026,0.0287919025868177,0.1788170635700225,0.3474362790584564
noBeta,2028,TA,0.3,random,5026,0.0225675571709871,0.1595598310232162,0.3199135065078735
noBeta,2028,TA,0.3,random,5027,0.0231329482048749,0.1471801996231079,0.3234967589378357
noBeta,2028,TA,0.3,random,5028,0.0227950885891914,0.1678129285573959,0.307099312543869
noBeta,2028,TV,0.3,start,5026,0.0182788912206888,0.1444291621446609,0.2789827883243561
noBeta,2028,TV,0.3,middle,5026,0.0241727158427238,0.1623108685016632,0.3146322965621948
noBeta,2028,TV,0.3,end,5026,0.0287058800458908,0.1788170635700225,0.3463630378246307
noBeta,2028,TV,0.3,random,5026,0.0225605387240648,0.1609353572130203,0.3208343088626861
noBeta,2028,TV,0.3,random,5027,0.0230450276285409,0.1471801996231079,0.324363648891449
noBeta,2028,TV,0.3,random,5028,0.0227800607681274,0.166437417268753,0.3066510558128357
noBeta,2028,AV,0.3,start,5026,8.923929271986708e-06,0.0027510316576808,0.0167763717472553
noBeta,2028,AV,0.3,middle,5026,9.90766056929715e-06,0.0027510316576808,0.0162207521498203
noBeta,2028,AV,0.3,end,5026,1.5669495041947812e-05,0.0041265473701059,0.0175103116780519
noBeta,2028,AV,0.3,random,5026,1.1297175660729408e-05,0.0041265473701059,0.0165959931910038
noBeta,2028,AV,0.3,random,5027,9.271636372432113e-06,0.0041265473701059,0.0165537595748901
noBeta,2028,AV,0.3,random,5028,1.0228973224002402e-05,0.0013755158288404,0.0163502488285303
noBeta,2028,TAV,0.3,start,5026,0.0182224065065383,0.143053650856018,0.2768146097660064
noBeta,2028,TAV,0.3,middle,5026,0.0241028759628534,0.1609353572130203,0.3136066198348999
noBeta,2028,TAV,0.3,end,5026,0.028669049963355,0.1774415373802185,0.3466341495513916
noBeta,2028,TAV,0.3,random,5026,0.0224602706730365,0.1595598310232162,0.3197086453437805
noBeta,2028,TAV,0.3,random,5027,0.0229950454086065,0.1471801996231079,0.3238256573677063
noBeta,2028,TAV,0.3,random,5028,0.0227408614009618,0.1636863797903061,0.3061949014663696
noBeta,2029,T,0.1,random,5026,0.0080596338957548,0.0729023367166519,0.1627566516399383
noBeta,2029,T,0.1,random,5027,0.0104321679100394,0.094910591840744,0.1758783608675003
noBeta,2029,T,0.1,random,5028,0.0115853026509284,0.0839064642786979,0.1819790750741958
noBeta,2029,T,0.2,random,5026,0.0165924001485109,0.1004126518964767,0.2466773241758346
noBeta,2029,T,0.2,random,5027,0.0170203521847724,0.1141678094863891,0.2522535324096679
noBeta,2029,T,0.2,random,5028,0.0188161004334688,0.1279229670763015,0.2519479095935821
noBeta,2029,T,0.3,start,5026,0.0187668073922395,0.1320495158433914,0.2795090675354004
noBeta,2029,T,0.3,middle,5026,0.0247753355652093,0.1389271020889282,0.3184248507022857
noBeta,2029,T,0.3,end,5026,0.0293240416795015,0.1444291621446609,0.3446726500988006
noBeta,2029,T,0.3,random,5026,0.0233534015715122,0.1265474557876587,0.3083142340183258
noBeta,2029,T,0.3,random,5027,0.0251397714018821,0.1348005533218383,0.3173497319221496
noBeta,2029,T,0.3,random,5028,0.0260672904551029,0.1568088084459304,0.312035471200943
noBeta,2029,T,0.4,random,5026,0.0342660024762153,0.1581843197345733,0.389061838388443
noBeta,2029,T,0.4,random,5027,0.0369783081114292,0.1801925748586654,0.3963676393032074
noBeta,2029,T,0.4,random,5028,0.0355393216013908,0.1801925748586654,0.3898676931858063
noBeta,2029,T,0.5,random,5026,0.0458478592336177,0.1774415373802185,0.4526991248130798
noBeta,2029,T,0.5,random,5027,0.0462990030646324,0.187070146203041,0.4524857699871063
noBeta,2029,T,0.5,random,5028,0.0456577762961387,0.189821183681488,0.4506909847259521
noBeta,2029,A,0.1,random,5026,2.4055186713667358e-06,0.0013755158288404,0.0063946065492928
noBeta,2029,A,0.1,random,5027,3.842155365418876e-06,0.0013755158288404,0.0060624433681368
noBeta,2029,A,0.1,random,5028,1.7862646473076893e-06,0.0013755158288404,0.0064387577585875
noBeta,2029,A,0.2,random,5026,5.639598839479731e-06,0.0027510316576808,0.0112449862062931
noBeta,2029,A,0.2,random,5027,6.365226454363437e-06,0.0013755158288404,0.0106193032115697
noBeta,2029,A,0.2,random,5028,9.374560249852948e-06,0.0013755158288404,0.0111468378454446
noBeta,2029,A,0.3,start,5026,9.284689440391958e-06,0.0013755158288404,0.0145546942949295
noBeta,2029,A,0.3,middle,5026,1.614655411685817e-05,0.0013755158288404,0.0153819248080253
noBeta,2029,A,0.3,end,5026,7.090753206284717e-05,0.0013755158288404,0.0174743309617042
noBeta,2029,A,0.3,random,5026,1.1753441867767831e-05,0.0027510316576808,0.0155047792941331
noBeta,2029,A,0.3,random,5027,1.7860031221061945e-05,0.0013755158288404,0.0151572655886411
noBeta,2029,A,0.3,random,5028,1.735396836011205e-05,0.0027510316576808,0.0156863387674093
noBeta,2029,A,0.4,random,5026,1.681249341345392e-05,0.0027510316576808,0.019721046090126
noBeta,2029,A,0.4,random,5027,2.281337037857156e-05,0.0013755158288404,0.0194162968546152
noBeta,2029,A,0.4,random,5028,2.38802040257724e-05,0.0027510316576808,0.0198418200016021
noBeta,2029,A,0.5,random,5026,2.3672890165471472e-05,0.0013755158288404,0.0234265308827161
noBeta,2029,A,0.5,random,5027,3.564074359019287e-05,0.0013755158288404,0.0232954397797584
noBeta,2029,A,0.5,random,5028,3.059663504245691e-05,0.0027510316576808,0.0236691050231456
noBeta,2029,V,0.1,random,5026,1.7086654224840458e-06,0.0013755158288404,0.0085877384990453
noBeta,2029,V,0.1,random,5027,1.6382872445319665e-06,0.0013755158288404,0.0086642187088727
noBeta,2029,V,0.1,random,5028,1.779085550879245e-06,0.0013755158288404,0.0088114822283387
noBeta,2029,V,0.2,random,5026,5.292594778438797e-06,0.0027510316576808,0.0158400386571884
noBeta,2029,V,0.2,random,5027,5.023413905291818e-06,0.0013755158288404,0.0159085132181644
noBeta,2029,V,0.2,random,5028,5.398919711296912e-06,0.0027510316576808,0.0159289073199033
noBeta,2029,V,0.3,start,5026,1.062058890966e-05,0.0027510316576808,0.0225704982876777
noBeta,2029,V,0.3,middle,5026,1.1082367564085873e-05,0.0013755158288404,0.0226851869374513
noBeta,2029,V,0.3,end,5026,1.120115484809503e-05,0.0041265473701059,0.024165129289031
noBeta,2029,V,0.3,random,5026,1.1040679055440704e-05,0.0027510316576808,0.0229927524924278
noBeta,2029,V,0.3,random,5027,1.09711154436809e-05,0.0027510316576808,0.022823866456747
noBeta,2029,V,0.3,random,5028,1.114693168347003e-05,0.0027510316576808,0.022790977731347
noBeta,2029,V,0.4,random,5026,1.9001341570401564e-05,0.0055020633153617,0.0298569332808256
noBeta,2029,V,0.4,random,5027,1.890345993160736e-05,0.0068775792606174,0.0296127069741487
noBeta,2029,V,0.4,random,5028,1.917219196911901e-05,0.0041265473701059,0.0297142248600721
noBeta,2029,V,0.5,random,5026,2.8401087547536008e-05,0.0068775792606174,0.0357849486172199
noBeta,2029,V,0.5,random,5027,2.8304957595537417e-05,0.0068775792606174,0.0360807664692401
noBeta,2029,V,0.5,random,5028,2.862876317522023e-05,0.0055020633153617,0.0359567925333976
noBeta,2029,TA,0.3,start,5026,0.0186850167810916,0.1334250271320343,0.2776633203029632
noBeta,2029,TA,0.3,middle,5026,0.0246645994484424,0.1403026133775711,0.318041056394577
noBeta,2029,TA,0.3,end,5026,0.0292439628392457,0.1458046734333038,0.3446341156959533
noBeta,2029,TA,0.3,random,5026,0.0232301838696002,0.1210453957319259,0.3080506324768066
noBeta,2029,TA,0.3,random,5027,0.02499920129776,0.1348005533218383,0.3163582980632782
noBeta,2029,TA,0.3,random,5028,0.0260316301137208,0.1581843197345733,0.3105190098285675
noBeta,2029,TV,0.3,start,5026,0.0186120979487895,0.1279229670763015,0.2777878642082214
noBeta,2029,TV,0.3,middle,5026,0.0246588513255119,0.1458046734333038,0.3170123100280761
noBeta,2029,TV,0.3,end,5026,0.0291839502751827,0.1458046734333038,0.3463045060634613
noBeta,2029,TV,0.3,random,5026,0.0232049617916345,0.1265474557876587,0.3101329803466797
noBeta,2029,TV,0.3,random,5027,0.0250031501054763,0.1348005533218383,0.3176274597644806
noBeta,2029,TV,0.3,random,5028,0.0260132178664207,0.1568088084459304,0.3116740882396698
noBeta,2029,AV,0.3,start,5026,2.442852382955607e-05,0.0055020633153617,0.0280374530702829
noBeta,2029,AV,0.3,middle,5026,3.2177566026803106e-05,0.0041265473701059,0.0283321142196655
noBeta,2029,AV,0.3,end,5026,8.747881656745449e-05,0.0068775792606174,0.0317962951958179
noBeta,2029,AV,0.3,random,5026,2.7364359993953254e-05,0.0082530947402119,0.0291011836379766
noBeta,2029,AV,0.3,random,5027,3.3349861041642725e-05,0.0082530947402119,0.0279717352241277
noBeta,2029,AV,0.3,random,5028,3.3860640542116016e-05,0.0055020633153617,0.028718689456582
noBeta,2029,TAV,0.3,start,5026,0.01853808760643,0.1306740045547485,0.2761232256889343
noBeta,2029,TAV,0.3,middle,5026,0.02455535531044,0.1458046734333038,0.316701591014862
noBeta,2029,TAV,0.3,end,5026,0.0291120167821645,0.1471801996231079,0.346975028514862
noBeta,2029,TAV,0.3,random,5026,0.0230857916176319,0.1237964257597923,0.3103880882263183
noBeta,2029,TAV,0.3,random,5027,0.0248692836612463,0.1348005533218383,0.3166804909706116
noBeta,2029,TAV,0.3,random,5028,0.0259927883744239,0.1581843197345733,0.3102692663669586
noBeta,2030,T,0.1,random,5026,0.0054323985241353,0.0632737278938293,0.160125657916069
noBeta,2030,T,0.1,random,5027,0.0075804712250828,0.0756533667445182,0.165676400065422
noBeta,2030,T,0.1,random,5028,0.0078933648765087,0.0907840430736541,0.1693768799304962
noBeta,2030,T,0.2,random,5026,0.011902816593647,0.0990371406078338,0.2428240478038787
noBeta,2030,T,0.2,random,5027,0.0128271346911787,0.1100412681698799,0.2459090650081634
noBeta,2030,T,0.2,random,5028,0.0137278493493795,0.1224209070205688,0.2448621690273285
noBeta,2030,T,0.3,start,5026,0.0153101468458771,0.1279229670763015,0.2774315476417541
noBeta,2030,T,0.3,middle,5026,0.0202143900096416,0.1224209070205688,0.3080033361911773
noBeta,2030,T,0.3,end,5026,0.0224811527878046,0.1471801996231079,0.3247700035572052
noBeta,2030,T,0.3,random,5026,0.0181796643882989,0.1086657494306564,0.3048265874385834
noBeta,2030,T,0.3,random,5027,0.0197135731577873,0.1292984932661056,0.3105907738208771
noBeta,2030,T,0.3,random,5028,0.0194716732949018,0.1471801996231079,0.3111023902893066
noBeta,2030,T,0.4,random,5026,0.027797533199191,0.1526822596788406,0.3754172921180725
noBeta,2030,T,0.4,random,5027,0.0292432364076375,0.1650618910789489,0.377742052078247
noBeta,2030,T,0.4,random,5028,0.0279224533587694,0.1746905148029327,0.3777992129325866
noBeta,2030,T,0.5,random,5026,0.0383959300816059,0.1815680861473083,0.4378605484962463
noBeta,2030,T,0.5,random,5027,0.038450188934803,0.1788170635700225,0.4380546510219574
noBeta,2030,T,0.5,random,5028,0.0373245142400264,0.1953232437372207,0.4360646605491638
noBeta,2030,A,0.1,random,5026,5.009344931750093e-06,0.0027510316576808,0.007497071288526
noBeta,2030,A,0.1,random,5027,2.774562290142057e-06,0.0,0.0081909149885177
noBeta,2030,A,0.1,random,5028,1.9559936390578514e-06,0.0013755158288404,0.0079598762094974
noBeta,2030,A,0.2,random,5026,1.1767912837967742e-05,0.0027510316576808,0.0132607128471136
noBeta,2030,A,0.2,random,5027,6.465125352406176e-06,0.0013755158288404,0.0141489980742335
noBeta,2030,A,0.2,random,5028,9.33526644075755e-06,0.0027510316576808,0.0145778516307473
noBeta,2030,A,0.3,start,5026,8.661390893394127e-06,0.0013755158288404,0.0199179947376251
noBeta,2030,A,0.3,middle,5026,1.2122738553443924e-05,0.0068775792606174,0.0192416105419397
noBeta,2030,A,0.3,end,5026,4.899378473055549e-05,0.0055020633153617,0.021641356870532
noBeta,2030,A,0.3,random,5026,2.0010269508929923e-05,0.0027510316576808,0.0190854556858539
noBeta,2030,A,0.3,random,5027,1.1522821296239272e-05,0.0027510316576808,0.0199472140520811
noBeta,2030,A,0.3,random,5028,1.6159310689545237e-05,0.0041265473701059,0.020194562152028
noBeta,2030,A,0.4,random,5026,2.7150899768457748e-05,0.0041265473701059,0.0241527743637561
noBeta,2030,A,0.4,random,5027,1.7708125596982427e-05,0.0055020633153617,0.0249820593744516
noBeta,2030,A,0.4,random,5028,2.534298801037949e-05,0.0041265473701059,0.0253528263419866
noBeta,2030,A,0.5,random,5026,3.73237235180568e-05,0.0055020633153617,0.0290789287537336
noBeta,2030,A,0.5,random,5027,3.2283431210089475e-05,0.0082530947402119,0.0300618689507246
noBeta,2030,A,0.5,random,5028,3.7270310713211074e-05,0.0055020633153617,0.030039332807064
noBeta,2030,V,0.1,random,5026,2.5105073291342705e-06,0.0013755158288404,0.0076273991726338
noBeta,2030,V,0.1,random,5027,2.456857600918738e-06,0.0,0.0073154107667505
noBeta,2030,V,0.1,random,5028,2.4536909677408403e-06,0.0013755158288404,0.0075161163695156
noBeta,2030,V,0.2,random,5026,8.339907253684942e-06,0.0013755158288404,0.0144813284277915
noBeta,2030,V,0.2,random,5027,8.14087161415955e-06,0.0013755158288404,0.0141059905290603
noBeta,2030,V,0.2,random,5028,8.338734005519655e-06,0.0013755158288404,0.0144116915762424
noBeta,2030,V,0.3,start,5026,1.7119165931944735e-05,0.0027510316576808,0.0206347741186618
noBeta,2030,V,0.3,middle,5026,1.7068245142581873e-05,0.0027510316576808,0.0207883846014738
noBeta,2030,V,0.3,end,5026,1.7051876056939363e-05,0.0027510316576808,0.0216165333986282
noBeta,2030,V,0.3,random,5026,1.7463347830926068e-05,0.0027510316576808,0.0209261868149042
noBeta,2030,V,0.3,random,5027,1.7120944903581403e-05,0.0027510316576808,0.0205798242241144
noBeta,2030,V,0.3,random,5028,1.7109690816141665e-05,0.0027510316576808,0.0207488872110843
noBeta,2030,V,0.4,random,5026,3.00035626423778e-05,0.0055020633153617,0.0272285044193267
noBeta,2030,V,0.4,random,5027,2.938932266260963e-05,0.0041265473701059,0.0270822439342737
noBeta,2030,V,0.4,random,5028,2.9578715839306824e-05,0.0055020633153617,0.0272188261151313
noBeta,2030,V,0.5,random,5026,4.475740570342168e-05,0.0068775792606174,0.0329408198595047
noBeta,2030,V,0.5,random,5027,4.3829622882185504e-05,0.0055020633153617,0.0330998972058296
noBeta,2030,V,0.5,random,5028,4.4148287997813895e-05,0.0068775792606174,0.0331476666033268
noBeta,2030,TA,0.3,start,5026,0.0151777453720569,0.1292984932661056,0.2784649133682251
noBeta,2030,TA,0.3,middle,5026,0.0201282296329736,0.1224209070205688,0.310112863779068
noBeta,2030,TA,0.3,end,5026,0.0223872829228639,0.1485557109117508,0.328327864408493
noBeta,2030,TA,0.3,random,5026,0.0180782526731491,0.1086657494306564,0.3051832914352417
noBeta,2030,TA,0.3,random,5027,0.0196217987686395,0.1292984932661056,0.3117311298847198
noBeta,2030,TA,0.3,random,5028,0.0194099452346563,0.1444291621446609,0.3132854104042053
noBeta,2030,TV,0.3,start,5026,0.015155448578298,0.1279229670763015,0.276089459657669
noBeta,2030,TV,0.3,middle,5026,0.0201128907501697,0.1237964257597923,0.3071264624595642
noBeta,2030,TV,0.3,end,5026,0.022326098755002,0.1499312222003936,0.3223512470722198
noBeta,2030,TV,0.3,random,5026,0.0180911067873239,0.1114167794585228,0.3027828931808471
noBeta,2030,TV,0.3,random,5027,0.019635647535324,0.1320495158433914,0.3086973130702972
noBeta,2030,TV,0.3,random,5028,0.0193960797041654,0.1513067334890365,0.3088149726390838
noBeta,2030,AV,0.3,start,5026,2.9555381843238138e-05,0.0041265473701059,0.029699832201004
noBeta,2030,AV,0.3,middle,5026,3.250332156312652e-05,0.0055020633153617,0.0297487638890743
noBeta,2030,AV,0.3,end,5026,7.037748582661152e-05,0.0068775792606174,0.0331940650939941
noBeta,2030,AV,0.3,random,5026,4.084717511432245e-05,0.0041265473701059,0.029709093272686
noBeta,2030,AV,0.3,random,5027,3.260258381487802e-05,0.0055020633153617,0.0296747237443923
noBeta,2030,AV,0.3,random,5028,3.6771001759916544e-05,0.0041265473701059,0.0302886683493852
noBeta,2030,TAV,0.3,start,5026,0.0150252729654312,0.1265474557876587,0.2772531509399414
noBeta,2030,TAV,0.3,middle,5026,0.020027557387948,0.1224209070205688,0.3093141317367553
noBeta,2030,TAV,0.3,end,5026,0.0222376026213169,0.1485557109117508,0.3261911869049072
noBeta,2030,TAV,0.3,random,5026,0.0179920587688684,0.1100412681698799,0.303408145904541
noBeta,2030,TAV,0.3,random,5027,0.0195479579269886,0.1334250271320343,0.3100963234901428
noBeta,2030,TAV,0.3,random,5028,0.0193392895162105,0.1499312222003936,0.3111471235752105
noC,2026,T,0.1,random,5026,0.0052595511078834,0.0646492466330528,0.1689451038837433
noC,2026,T,0.1,random,5027,0.0072774272412061,0.094910591840744,0.1873324513435363
noC,2026,T,0.1,random,5028,0.0075247068889439,0.1086657494306564,0.1842190027236938
noC,2026,T,0.2,random,5026,0.0135869262740015,0.1045392006635665,0.2803483605384826
noC,2026,T,0.2,random,5027,0.0136350449174642,0.1334250271320343,0.2874996066093445
noC,2026,T,0.2,random,5028,0.0140539621934294,0.1513067334890365,0.2871028184890747
noC,2026,T,0.3,start,5026,0.0178164038807153,0.1526822596788406,0.3554989397525787
noC,2026,T,0.3,middle,5026,0.0237739123404026,0.1554332822561264,0.3829052746295929
noC,2026,T,0.3,end,5026,0.0255418177694082,0.1788170635700225,0.3944860696792602
noC,2026,T,0.3,random,5026,0.0217544939368963,0.1334250271320343,0.3800089955329895
noC,2026,T,0.3,random,5027,0.0226465202867984,0.1801925748586654,0.3927045166492462
noC,2026,T,0.3,random,5028,0.0218428634107112,0.1829435974359512,0.3731262981891632
noC,2026,T,0.4,random,5026,0.0338097214698791,0.1884456723928451,0.4782078564167022
noC,2026,T,0.4,random,5027,0.0344579443335533,0.2173314988613128,0.4873596429824829
noC,2026,T,0.4,random,5028,0.0333125218749046,0.2242090851068496,0.4758118689060211
noC,2026,T,0.5,random,5026,0.0465700142085552,0.2228335589170456,0.5663959383964539
noC,2026,T,0.5,random,5027,0.0458220168948173,0.2489683628082275,0.5596089363098145
noC,2026,T,0.5,random,5028,0.0451778545975685,0.2503438889980316,0.5558295249938965
noC,2026,A,0.1,random,5026,2.2517606339533813e-06,0.0027510316576808,0.0072570969350636
noC,2026,A,0.1,random,5027,3.947292498196475e-06,0.0013755158288404,0.0082215508446097
noC,2026,A,0.1,random,5028,2.093051989504602e-06,0.0041265473701059,0.0073676188476383
noC,2026,A,0.2,random,5026,5.408187462307978e-06,0.0068775792606174,0.0125826578587293
noC,2026,A,0.2,random,5027,6.776930604246445e-06,0.0041265473701059,0.0140130696818232
noC,2026,A,0.2,random,5028,5.461971795739373e-06,0.0055020633153617,0.0125270038843154
noC,2026,A,0.3,start,5026,9.781630069483072e-06,0.0123796425759792,0.0180971287190914
noC,2026,A,0.3,middle,5026,9.40232894208748e-06,0.0055020633153617,0.0188671369105577
noC,2026,A,0.3,end,5026,1.8766371795209125e-05,0.0096286106854677,0.0201107636094093
noC,2026,A,0.3,random,5026,1.0731108886830045e-05,0.0096286106854677,0.0181010477244853
noC,2026,A,0.3,random,5027,1.1614360118983312e-05,0.0055020633153617,0.0194262862205505
noC,2026,A,0.3,random,5028,1.098069787985878e-05,0.0082530947402119,0.0175141636282205
noC,2026,A,0.4,random,5026,1.5552284821751527e-05,0.0123796425759792,0.0232275705784559
noC,2026,A,0.4,random,5027,1.6844052879605442e-05,0.0096286106854677,0.0246851611882448
noC,2026,A,0.4,random,5028,1.702769259281922e-05,0.0096286106854677,0.0225797817111015
noC,2026,A,0.5,random,5026,2.1965295672998764e-05,0.0137551585212349,0.0276863146573305
noC,2026,A,0.5,random,5027,2.817063796101138e-05,0.0123796425759792,0.0296602398157119
noC,2026,A,0.5,random,5028,2.3482762117055245e-05,0.0110041266307234,0.0275535974651575
noC,2026,V,0.1,random,5026,1.257492499462387e-06,0.0041265473701059,0.0067998259328305
noC,2026,V,0.1,random,5027,1.2840378076361958e-06,0.0055020633153617,0.0068179140798747
noC,2026,V,0.1,random,5028,1.2717167692244402e-06,0.0055020633153617,0.0068738404661417
noC,2026,V,0.2,random,5026,4.081018687429605e-06,0.0082530947402119,0.0128847332671284
noC,2026,V,0.2,random,5027,4.0927207010099664e-06,0.0096286106854677,0.0128210885450243
noC,2026,V,0.2,random,5028,4.256283318682108e-06,0.0096286106854677,0.0130315171554684
noC,2026,V,0.3,start,5026,8.574118510296103e-06,0.0096286106854677,0.0183193385601043
noC,2026,V,0.3,middle,5026,8.54677000461379e-06,0.0096286106854677,0.0183470919728279
noC,2026,V,0.3,end,5026,8.512575732311234e-06,0.0082530947402119,0.0196035485714674
noC,2026,V,0.3,random,5026,8.562381481169723e-06,0.0082530947402119,0.0187288578599691
noC,2026,V,0.3,random,5027,8.52322318678489e-06,0.0096286106854677,0.0188020374625921
noC,2026,V,0.3,random,5028,8.876436368154828e-06,0.0096286106854677,0.0190126840025186
noC,2026,V,0.4,random,5026,1.4822313460172154e-05,0.0082530947402119,0.0244171265512704
noC,2026,V,0.4,random,5027,1.4552680113411045e-05,0.0110041266307234,0.024613507091999
noC,2026,V,0.4,random,5028,1.5318057194235735e-05,0.0110041266307234,0.0250270143151283
noC,2026,V,0.5,random,5026,2.1465930331032723e-05,0.0082530947402119,0.0299479402601718
noC,2026,V,0.5,random,5027,2.1053159798611887e-05,0.0110041266307234,0.030341537669301
noC,2026,V,0.5,random,5028,2.1943025785731152e-05,0.0110041266307234,0.0306605659425258
noC,2026,TA,0.3,start,5026,0.0178469885140657,0.1513067334890365,0.3535798490047455
noC,2026,TA,0.3,middle,5026,0.0237320642918348,0.1554332822561264,0.3806201815605163
noC,2026,TA,0.3,end,5026,0.0254336018115282,0.1815680861473083,0.3934150636196136
noC,2026,TA,0.3,random,5026,0.021750159561634,0.1334250271320343,0.3793207705020904
noC,2026,TA,0.3,random,5027,0.0225743576884269,0.1746905148029327,0.3900690078735351
noC,2026,TA,0.3,random,5028,0.0218239333480596,0.1829435974359512,0.37309730052948
noC,2026,TV,0.3,start,5026,0.0178829282522201,0.1526822596788406,0.3511656820774078
noC,2026,TV,0.3,middle,5026,0.0238943640142679,0.1609353572130203,0.3768991529941559
noC,2026,TV,0.3,end,5026,0.0256420858204364,0.1774415373802185,0.3912229537963867
noC,2026,TV,0.3,random,5026,0.021866163238883,0.1348005533218383,0.3736397624015808
noC,2026,TV,0.3,random,5027,0.0227590352296829,0.1788170635700225,0.3869662880897522
noC,2026,TV,0.3,random,5028,0.0219312887638807,0.187070146203041,0.3684585690498352
noC,2026,AV,0.3,start,5026,1.8391710909781978e-05,0.0096286106854677,0.026676582172513
noC,2026,AV,0.3,middle,5026,1.788251756806858e-05,0.0096286106854677,0.0274713356047868
noC,2026,AV,0.3,end,5026,2.6754418286145665e-05,0.0137551585212349,0.030877998098731
noC,2026,AV,0.3,random,5026,1.9187116777175103e-05,0.0110041266307234,0.0275885835289955
noC,2026,AV,0.3,random,5027,1.9880601030308757e-05,0.0110041266307234,0.0285280738025903
noC,2026,AV,0.3,random,5028,2.027447953878436e-05,0.0110041266307234,0.0270518083125352
noC,2026,TAV,0.3,start,5026,0.0179138556122779,0.1499312222003936,0.3493615686893463
noC,2026,TAV,0.3,middle,5026,0.0238540545105934,0.1595598310232162,0.3745180070400238
noC,2026,TAV,0.3,end,5026,0.0255362577736377,0.1801925748586654,0.3902176022529602
noC,2026,TAV,0.3,random,5026,0.021862955763936,0.1389271020889282,0.372721791267395
noC,2026,TAV,0.3,random,5027,0.0226879641413688,0.1733149886131286,0.3843236863613128
noC,2026,TAV,0.3,random,5028,0.0219134166836738,0.1843191236257553,0.3687180876731872
noC,2027,T,0.1,random,5026,0.0089316796511411,0.0866574943065643,0.2056809216737747
noC,2027,T,0.1,random,5027,0.0116964755579829,0.0756533667445182,0.2262129485607147
noC,2027,T,0.1,random,5028,0.0126407667994499,0.0976616218686103,0.2359567284584045
noC,2027,T,0.2,random,5026,0.0195506699383258,0.1237964257597923,0.327238380908966
noC,2027,T,0.2,random,5027,0.0207114703953266,0.1334250271320343,0.3410289287567138
noC,2027,T,0.2,random,5028,0.0219113528728485,0.1348005533218383,0.3478901386260986
noC,2027,T,0.3,start,5026,0.0253296047449111,0.1375515758991241,0.4058459401130676
noC,2027,T,0.3,middle,5026,0.033076487481594,0.1499312222003936,0.4409534037113189
noC,2027,T,0.3,end,5026,0.0388873741030693,0.1760660260915756,0.4855611622333526
noC,2027,T,0.3,random,5026,0.0302893947809934,0.1499312222003936,0.434411883354187
noC,2027,T,0.3,random,5027,0.0322506576776504,0.1609353572130203,0.447574108839035
noC,2027,T,0.3,random,5028,0.0328219085931777,0.1691884398460388,0.446730762720108
noC,2027,T,0.4,random,5026,0.0473703481256961,0.2104539275169372,0.5500221848487854
noC,2027,T,0.4,random,5027,0.049705620855093,0.2255845963954925,0.5668472051620483
noC,2027,T,0.4,random,5028,0.0474555008113384,0.2035763412714004,0.554889440536499
noC,2027,T,0.5,random,5026,0.0654690712690353,0.2228335589170456,0.6533716320991516
noC,2027,T,0.5,random,5027,0.066343754529953,0.2530949115753174,0.654202938079834
noC,2027,T,0.5,random,5028,0.0648341104388237,0.2310866564512252,0.6448667645454407
noC,2027,A,0.1,random,5026,1.5144190683713532e-06,0.0,0.0067577310837805
noC,2027,A,0.1,random,5027,1.6616322682239115e-06,0.0013755158288404,0.006608888041228
noC,2027,A,0.1,random,5028,1.20952688575926e-06,0.0013755158288404,0.0065202042460441
noC,2027,A,0.2,random,5026,4.189661922282539e-06,0.0013755158288404,0.0113618215546011
noC,2027,A,0.2,random,5027,3.990310688095633e-06,0.0013755158288404,0.0108695710077881
noC,2027,A,0.2,random,5028,3.6057228953723097e-06,0.0013755158288404,0.0111434021964669
noC,2027,A,0.3,start,5026,7.4943854997400194e-06,0.0027510316576808,0.0161102395504713
noC,2027,A,0.3,middle,5026,1.056244127539685e-05,0.0041265473701059,0.0148953720927238
noC,2027,A,0.3,end,5026,3.247019412810914e-05,0.0041265473701059,0.0171240232884883
noC,2027,A,0.3,random,5026,8.638521649118047e-06,0.0027510316576808,0.0157827883958816
noC,2027,A,0.3,random,5027,1.0754398317658342e-05,0.0041265473701059,0.0150734363123774
noC,2027,A,0.3,random,5028,7.907852705102414e-06,0.0027510316576808,0.0160579308867454
noC,2027,A,0.4,random,5026,1.3241653505247086e-05,0.0055020633153617,0.0196211133152246
noC,2027,A,0.4,random,5027,1.5159786016738508e-05,0.0055020633153617,0.0190637670457363
noC,2027,A,0.4,random,5028,1.27315943245776e-05,0.0041265473701059,0.0200938712805509
noC,2027,A,0.5,random,5026,1.7968770407605916e-05,0.0082530947402119,0.0228314399719238
noC,2027,A,0.5,random,5027,2.11576607398456e-05,0.0055020633153617,0.0229345262050628
noC,2027,A,0.5,random,5028,1.7692946130409837e-05,0.0055020633153617,0.0236609056591987
noC,2027,V,0.1,random,5026,1.2951517192050233e-06,0.0,0.0059910956770181
noC,2027,V,0.1,random,5027,1.2514253739936976e-06,0.0,0.0059317210689187
noC,2027,V,0.1,random,5028,1.314264522989106e-06,0.0,0.0058780550025403
noC,2027,V,0.2,random,5026,3.85071416530991e-06,0.0013755158288404,0.0112641975283622
noC,2027,V,0.2,random,5027,3.783123929679277e-06,0.0,0.0112268598750233
noC,2027,V,0.2,random,5028,3.819069206656423e-06,0.0,0.0114113558083772
noC,2027,V,0.3,start,5026,7.6071869443694595e-06,0.0027510316576808,0.0167399775236845
noC,2027,V,0.3,middle,5026,7.203485438367352e-06,0.0027510316576808,0.0166464187204837
noC,2027,V,0.3,end,5026,8.734527000342496e-06,0.0013755158288404,0.0166441053152084
noC,2027,V,0.3,random,5026,7.891228051448707e-06,0.0013755158288404,0.0164948944002389
noC,2027,V,0.3,random,5027,7.922587428765837e-06,0.0027510316576808,0.0165278781205415
noC,2027,V,0.3,random,5028,7.689951416978147e-06,0.0027510316576808,0.016782633960247
noC,2027,V,0.4,random,5026,1.2890179277746938e-05,0.0041265473701059,0.0218243561685085
noC,2027,V,0.4,random,5027,1.3178001609048806e-05,0.0041265473701059,0.021816374734044
noC,2027,V,0.4,random,5028,1.3046402273175772e-05,0.0027510316576808,0.0220774821937084
noC,2027,V,0.5,random,5026,1.888606311695185e-05,0.0055020633153617,0.0267235077917575
noC,2027,V,0.5,random,5027,1.9422126570134424e-05,0.0055020633153617,0.0268760714679956
noC,2027,V,0.5,random,5028,1.9118071577395312e-05,0.0055020633153617,0.026979275047779
noC,2027,TA,0.3,start,5026,0.0253755636513233,0.1403026133775711,0.4088460505008697
noC,2027,TA,0.3,middle,5026,0.0331473015248775,0.1471801996231079,0.4417504966259002
noC,2027,TA,0.3,end,5026,0.0389495752751827,0.1719394773244857,0.4875157475471496
noC,2027,TA,0.3,random,5026,0.0303261373192071,0.1485557109117508,0.4340585172176361
noC,2027,TA,0.3,random,5027,0.0323114767670631,0.1595598310232162,0.4479760825634002
noC,2027,TA,0.3,random,5028,0.03286013007164,0.1691884398460388,0.4487955868244171
noC,2027,TV,0.3,start,5026,0.0253884457051754,0.141678124666214,0.4059129357337951
noC,2027,TV,0.3,middle,5026,0.0331449694931507,0.1526822596788406,0.4419223964214325
noC,2027,TV,0.3,end,5026,0.0389668084681034,0.1774415373802185,0.4860167801380157
noC,2027,TV,0.3,random,5026,0.0304013565182685,0.1499312222003936,0.4346074163913727
noC,2027,TV,0.3,random,5027,0.0323302187025547,0.1623108685016632,0.4474639594554901
noC,2027,TV,0.3,random,5028,0.0328804664313793,0.1733149886131286,0.4473766982555389
noC,2027,AV,0.3,start,5026,1.785981294233352e-05,0.0041265473701059,0.0264603476971387
noC,2027,AV,0.3,middle,5026,1.971505844267085e-05,0.0055020633153617,0.0242974068969488
noC,2027,AV,0.3,end,5026,4.3541680497583e-05,0.0041265473701059,0.0262559242546558
noC,2027,AV,0.3,random,5026,1.819224962673616e-05,0.0068775792606174,0.0259094890207052
noC,2027,AV,0.3,random,5027,2.0999837943236344e-05,0.0055020633153617,0.0248076785355806
noC,2027,AV,0.3,random,5028,1.786867323971819e-05,0.0041265473701059,0.0254243668168783
noC,2027,TAV,0.3,start,5026,0.0254383645951747,0.1444291621446609,0.4092503488063812
noC,2027,TAV,0.3,middle,5026,0.0332196839153766,0.1526822596788406,0.4434833824634552
noC,2027,TAV,0.3,end,5026,0.039033193141222,0.1760660260915756,0.487885057926178
noC,2027,TAV,0.3,random,5026,0.0304403901100158,0.1499312222003936,0.4345126748085022
noC,2027,TAV,0.3,random,5027,0.0323959216475486,0.1623108685016632,0.4481716752052307
noC,2027,TAV,0.3,random,5028,0.032919492572546,0.1719394773244857,0.4493986666202545
noC,2028,T,0.1,random,5026,0.0069073438644409,0.0921595618128776,0.1749569922685623
noC,2028,T,0.1,random,5027,0.0097925709560513,0.10591471940279,0.1999838650226593
noC,2028,T,0.1,random,5028,0.0103720678016543,0.0976616218686103,0.1915286630392074
noC,2028,T,0.2,random,5026,0.0172120612114667,0.1196698769927024,0.2977064549922943
noC,2028,T,0.2,random,5027,0.0178022887557744,0.1403026133775711,0.3039140701293945
noC,2028,T,0.2,random,5028,0.0184827707707881,0.143053650856018,0.2965234220027923
noC,2028,T,0.3,start,5026,0.0229750797152519,0.1581843197345733,0.3686378300189972
noC,2028,T,0.3,middle,5026,0.0297710616141557,0.1705639660358429,0.406957060098648
noC,2028,T,0.3,end,5026,0.0327980108559131,0.1829435974359512,0.4228101372718811
noC,2028,T,0.3,random,5026,0.027616886422038,0.1609353572130203,0.4054935574531555
noC,2028,T,0.3,random,5027,0.0283866394311189,0.1788170635700225,0.4079846739768982
noC,2028,T,0.3,random,5028,0.027532247826457,0.1774415373802185,0.394950658082962
noC,2028,T,0.4,random,5026,0.0431413128972053,0.2283356189727783,0.5088743567466736
noC,2028,T,0.4,random,5027,0.0434493198990821,0.2489683628082275,0.5140146017074585
noC,2028,T,0.4,random,5028,0.0405304692685604,0.2035763412714004,0.4951983690261841
noC,2028,T,0.5,random,5026,0.0581053830683231,0.2489683628082275,0.5993635654449463
noC,2028,T,0.5,random,5027,0.0582676418125629,0.284731775522232,0.5959312915802002
noC,2028,T,0.5,random,5028,0.0563815981149673,0.2475928515195846,0.5892757773399353
noC,2028,A,0.1,random,5026,1.1187539712409489e-06,0.0013755158288404,0.0038819161709398
noC,2028,A,0.1,random,5027,7.296642365872685e-07,0.0,0.0043246312998235
noC,2028,A,0.1,random,5028,7.205758265627082e-07,0.0013755158288404,0.0037832725793123
noC,2028,A,0.2,random,5026,2.4878022486518603e-06,0.0013755158288404,0.0064577525481581
noC,2028,A,0.2,random,5027,1.6879120039448026e-06,0.0013755158288404,0.0069723674096167
noC,2028,A,0.2,random,5028,2.771078243313241e-06,0.0013755158288404,0.0065602394752204
noC,2028,A,0.3,start,5026,2.44304123953043e-06,0.0027510316576808,0.0093986373394727
noC,2028,A,0.3,middle,5026,3.712986881510005e-06,0.0013755158288404,0.0092522697523236
noC,2028,A,0.3,end,5026,9.121178663917815e-06,0.0013755158288404,0.0100864134728908
noC,2028,A,0.3,random,5026,4.522330073086778e-06,0.0013755158288404,0.0090146055445075
noC,2028,A,0.3,random,5027,3.366342298249947e-06,0.0027510316576808,0.0095804557204246
noC,2028,A,0.3,random,5028,4.50160132459132e-06,0.0013755158288404,0.0093319443985819
noC,2028,A,0.4,random,5026,6.766254500689684e-06,0.0013755158288404,0.0112062972038984
noC,2028,A,0.4,random,5027,5.090127160656266e-06,0.0013755158288404,0.0119390580803155
noC,2028,A,0.4,random,5028,6.901491815369809e-06,0.0027510316576808,0.0115410014986991
noC,2028,A,0.5,random,5026,9.366985977976585e-06,0.0013755158288404,0.0134121198207139
noC,2028,A,0.5,random,5027,8.815946785034612e-06,0.0013755158288404,0.014423144981265
noC,2028,A,0.5,random,5028,9.50599951465847e-06,0.0013755158288404,0.0134755782783031
noC,2028,V,0.1,random,5026,5.827968720950594e-07,0.0013755158288404,0.0034734189976006
noC,2028,V,0.1,random,5027,5.154836344445357e-07,0.0027510316576808,0.0032596257515251
noC,2028,V,0.1,random,5028,5.160725891073525e-07,0.0013755158288404,0.0034248211886733
noC,2028,V,0.2,random,5026,1.9788965346378973e-06,0.0041265473701059,0.0063860276713967
noC,2028,V,0.2,random,5027,1.75995637619053e-06,0.0041265473701059,0.0058266804553568
noC,2028,V,0.2,random,5028,1.7458079355492373e-06,0.0041265473701059,0.0061559472233057
noC,2028,V,0.3,start,5026,4.08651521865977e-06,0.0041265473701059,0.0089354123920202
noC,2028,V,0.3,middle,5026,3.867669420287712e-06,0.0041265473701059,0.0086727999150753
noC,2028,V,0.3,end,5026,3.914923581760377e-06,0.0055020633153617,0.0094195064157247
noC,2028,V,0.3,random,5026,4.194366738374811e-06,0.0041265473701059,0.0091931754723191
noC,2028,V,0.3,random,5027,3.727070406966959e-06,0.0041265473701059,0.0084720207378268
noC,2028,V,0.3,random,5028,3.7550839806499434e-06,0.0041265473701059,0.0089231142774224
noC,2028,V,0.4,random,5026,6.951558134460356e-06,0.0041265473701059,0.0117960879579186
noC,2028,V,0.4,random,5027,6.484655386884697e-06,0.0041265473701059,0.0110493088141083
noC,2028,V,0.4,random,5028,6.50528454571031e-06,0.0041265473701059,0.0115354321897029
noC,2028,V,0.5,random,5026,1.0242333701171448e-05,0.0068775792606174,0.0142036005854606
noC,2028,V,0.5,random,5027,9.778938874660524e-06,0.0055020633153617,0.0134973302483558
noC,2028,V,0.5,random,5028,9.702976967673749e-06,0.0055020633153617,0.0139880198985338
noC,2028,TA,0.3,start,5026,0.0228776317089796,0.1554332822561264,0.3649821877479553
noC,2028,TA,0.3,middle,5026,0.0296617429703474,0.1705639660358429,0.4047782719135284
noC,2028,TA,0.3,end,5026,0.0327200554311275,0.1788170635700225,0.4206365048885345
noC,2028,TA,0.3,random,5026,0.0274736825376749,0.1581843197345733,0.4033328294754028
noC,2028,TA,0.3,random,5027,0.0283003710210323,0.1843191236257553,0.4049967229366302
noC,2028,TA,0.3,random,5028,0.0274357590824365,0.1760660260915756,0.3928571045398712
noC,2028,TV,0.3,start,5026,0.0228960961103439,0.1595598310232162,0.3669130802154541
noC,2028,TV,0.3,middle,5026,0.029724970459938,0.1691884398460388,0.40495565533638
noC,2028,TV,0.3,end,5026,0.0327186733484268,0.1884456723928451,0.4200407862663269
noC,2028,TV,0.3,random,5026,0.0275447741150856,0.1609353572130203,0.4035028219223022
noC,2028,TV,0.3,random,5027,0.0283029656857252,0.1801925748586654,0.4067603051662445
noC,2028,TV,0.3,random,5028,0.0275008026510477,0.1788170635700225,0.3927369713783264
noC,2028,AV,0.3,start,5026,7.838033525331412e-06,0.0055020633153617,0.0140779195353388
noC,2028,AV,0.3,middle,5026,8.806110599834938e-06,0.0041265473701059,0.0134666133671998
noC,2028,AV,0.3,end,5026,1.4465398635366e-05,0.0041265473701059,0.0152722969651222
noC,2028,AV,0.3,random,5026,1.0270066923112608e-05,0.0041265473701059,0.0139520009979605
noC,2028,AV,0.3,random,5027,8.277202141471207e-06,0.0055020633153617,0.0138814318925142
noC,2028,AV,0.3,random,5028,9.405049240740482e-06,0.0041265473701059,0.0140124643221497
noC,2028,TAV,0.3,start,5026,0.0227998625487089,0.1581843197345733,0.3630497753620147
noC,2028,TAV,0.3,middle,5026,0.0296159610152244,0.1719394773244857,0.4025776386260986
noC,2028,TAV,0.3,end,5026,0.0326417759060859,0.1843191236257553,0.4177858233451843
noC,2028,TAV,0.3,random,5026,0.027402363717556,0.1595598310232162,0.401227742433548
noC,2028,TAV,0.3,random,5027,0.0282169003039598,0.1856946349143982,0.4037353992462158
noC,2028,TAV,0.3,random,5028,0.0274050813168287,0.1788170635700225,0.3904129266738891
noC,2029,T,0.1,random,5026,0.0083935279399156,0.0811554342508316,0.1783746629953384
noC,2029,T,0.1,random,5027,0.0107078105211257,0.0921595618128776,0.1895016133785247
noC,2029,T,0.1,random,5028,0.0116954678669571,0.1155433282256126,0.1951634436845779
noC,2029,T,0.2,random,5026,0.0188139919191598,0.118294358253479,0.2899352014064789
noC,2029,T,0.2,random,5027,0.019438637420535,0.1375515758991241,0.2915395498275757
noC,2029,T,0.2,random,5028,0.020423075184226,0.1485557109117508,0.2897554337978363
noC,2029,T,0.3,start,5026,0.0246537160128355,0.1334250271320343,0.3487207889556885
noC,2029,T,0.3,middle,5026,0.0309352632611989,0.1595598310232162,0.3780832886695862
noC,2029,T,0.3,end,5026,0.034342560917139,0.1636863797903061,0.3919205069541931
noC,2029,T,0.3,random,5026,0.0294635593891143,0.1581843197345733,0.3710284233093261
noC,2029,T,0.3,random,5027,0.0305150281637907,0.1623108685016632,0.3770191967487335
noC,2029,T,0.3,random,5028,0.0303209237754344,0.189821183681488,0.3708458840847015
noC,2029,T,0.4,random,5026,0.0448576547205448,0.1953232437372207,0.464927613735199
noC,2029,T,0.4,random,5027,0.0462980531156063,0.2145804613828659,0.4734676778316498
noC,2029,T,0.4,random,5028,0.0447419323027133,0.2118294388055801,0.464440643787384
noC,2029,T,0.5,random,5026,0.0610723420977592,0.237964242696762,0.5421850681304932
noC,2029,T,0.5,random,5027,0.0604916922748088,0.2324621677398681,0.5428836345672607
noC,2029,T,0.5,random,5028,0.0597780123353004,0.237964242696762,0.5367410778999329
noC,2029,A,0.1,random,5026,2.827634261848289e-06,0.0013755158288404,0.0065685180015861
noC,2029,A,0.1,random,5027,4.515665295912186e-06,0.0013755158288404,0.0061253174208104
noC,2029,A,0.1,random,5028,2.016705366258975e-06,0.0013755158288404,0.0065774288959801
noC,2029,A,0.2,random,5026,6.550432317453669e-06,0.0013755158288404,0.0115690426900982
noC,2029,A,0.2,random,5027,7.374723736575106e-06,0.0013755158288404,0.0108304508030414
noC,2029,A,0.2,random,5028,1.0934581041510684e-05,0.0013755158288404,0.0114693017676472
noC,2029,A,0.3,start,5026,1.0204634236288255e-05,0.0013755158288404,0.0147772096097469
noC,2029,A,0.3,middle,5026,1.7786001990316436e-05,0.0013755158288404,0.0158017966896295
noC,2029,A,0.3,end,5026,7.780190207995474e-05,0.0027510316576808,0.0181600134819746
noC,2029,A,0.3,random,5026,1.348687965219142e-05,0.0027510316576808,0.0159333981573581
noC,2029,A,0.3,random,5027,1.988377516681794e-05,0.0013755158288404,0.0156165156513452
noC,2029,A,0.3,random,5028,2.004077032324858e-05,0.0027510316576808,0.0160942357033491
noC,2029,A,0.4,random,5026,1.9111943402094766e-05,0.0027510316576808,0.0203060768544673
noC,2029,A,0.4,random,5027,2.5446579456911422e-05,0.0041265473701059,0.0200146362185478
noC,2029,A,0.4,random,5028,2.748351289483253e-05,0.0055020633153617,0.0204414650797843
noC,2029,A,0.5,random,5026,2.6893136237049475e-05,0.0041265473701059,0.02420000359416
noC,2029,A,0.5,random,5027,4.069143687956967e-05,0.0041265473701059,0.0240352917462587
noC,2029,A,0.5,random,5028,3.517000732244924e-05,0.0041265473701059,0.0244710203260183
noC,2029,V,0.1,random,5026,1.8437223161527072e-06,0.0013755158288404,0.0086651816964149
noC,2029,V,0.1,random,5027,1.7769029909686651e-06,0.0,0.0086723733693361
noC,2029,V,0.1,random,5028,1.9289966530777747e-06,0.0013755158288404,0.0089805768802762
noC,2029,V,0.2,random,5026,5.752536708314437e-06,0.0041265473701059,0.0159653332084417
noC,2029,V,0.2,random,5027,5.450742719403934e-06,0.0027510316576808,0.0159592051059007
noC,2029,V,0.2,random,5028,5.860290457349038e-06,0.0041265473701059,0.0162531100213527
noC,2029,V,0.3,start,5026,1.1252599506406114e-05,0.0041265473701059,0.0226041413843631
noC,2029,V,0.3,middle,5026,1.177429840026889e-05,0.0041265473701059,0.0228748247027397
noC,2029,V,0.3,end,5026,1.2157015589764342e-05,0.0027510316576808,0.024775369092822
noC,2029,V,0.3,random,5026,1.1855373486469034e-05,0.0041265473701059,0.0231641326099634
noC,2029,V,0.3,random,5027,1.1737185559468344e-05,0.0055020633153617,0.0229769218713045
noC,2029,V,0.3,random,5028,1.196337052533636e-05,0.0055020633153617,0.0233647711575031
noC,2029,V,0.4,random,5026,2.0232590031810105e-05,0.0068775792606174,0.0299673955887556
noC,2029,V,0.4,random,5027,2.012566437770147e-05,0.0096286106854677,0.0299933925271034
noC,2029,V,0.4,random,5028,2.0332012354629118e-05,0.0082530947402119,0.0303725767880678
noC,2029,V,0.5,random,5026,2.9872417144360952e-05,0.0082530947402119,0.0360635742545127
noC,2029,V,0.5,random,5027,2.9797043680446222e-05,0.0096286106854677,0.0365626774728298
noC,2029,V,0.5,random,5028,2.9973194614285603e-05,0.0068775792606174,0.0368601307272911
noC,2029,TA,0.3,start,5026,0.0244463440030813,0.1334250271320343,0.3485805988311767
noC,2029,TA,0.3,middle,5026,0.0306721813976764,0.1554332822561264,0.3786558210849762
noC,2029,TA,0.3,end,5026,0.0341160893440246,0.1623108685016632,0.3943548202514648
noC,2029,TA,0.3,random,5026,0.0292081665247678,0.1540577709674835,0.3733777105808258
noC,2029,TA,0.3,random,5027,0.0302475672215223,0.1595598310232162,0.3775928914546966
noC,2029,TA,0.3,random,5028,0.0301045700907707,0.189821183681488,0.3713060617446899
noC,2029,TV,0.3,start,5026,0.0244299564510583,0.1375515758991241,0.3498998284339905
noC,2029,TV,0.3,middle,5026,0.030749486759305,0.1581843197345733,0.3802689909934997
noC,2029,TV,0.3,end,5026,0.0341466553509235,0.1650618910789489,0.396385908126831
noC,2029,TV,0.3,random,5026,0.0292472261935472,0.1526822596788406,0.375654399394989
noC,2029,TV,0.3,random,5027,0.0302970241755247,0.1623108685016632,0.3798522651195526
noC,2029,TV,0.3,random,5028,0.030105197802186,0.189821183681488,0.3727880716323852
noC,2029,AV,0.3,start,5026,2.688568565645255e-05,0.0082530947402119,0.0298003051429986
noC,2029,AV,0.3,middle,5026,3.547986852936447e-05,0.0055020633153617,0.0307452194392681
noC,2029,AV,0.3,end,5026,9.647031401982532e-05,0.0068775792606174,0.0352982953190803
noC,2029,AV,0.3,random,5026,3.0967759812483564e-05,0.0068775792606174,0.0313129164278507
noC,2029,AV,0.3,random,5027,3.7232970498735085e-05,0.0068775792606174,0.0307768508791923
noC,2029,AV,0.3,random,5028,3.83044098271057e-05,0.0055020633153617,0.0315396822988987
noC,2029,TAV,0.3,start,5026,0.0242281910032033,0.1375515758991241,0.3504785299301147
noC,2029,TAV,0.3,middle,5026,0.0304915364831686,0.1526822596788406,0.3811024725437164
noC,2029,TAV,0.3,end,5026,0.0339276231825351,0.1609353572130203,0.3997532725334167
noC,2029,TAV,0.3,random,5026,0.0289957821369171,0.1499312222003936,0.3781965672969818
noC,2029,TAV,0.3,random,5027,0.0300337299704551,0.1581843197345733,0.3808735311031341
noC,2029,TAV,0.3,random,5028,0.029894933104515,0.1856946349143982,0.3735620975494385
noC,2030,T,0.1,random,5026,0.005861391313374,0.0729023367166519,0.1722609251737594
noC,2030,T,0.1,random,5027,0.0076780784875154,0.0825309455394744,0.1779070347547531
noC,2030,T,0.1,random,5028,0.0080511262640357,0.1072902306914329,0.1827518790960312
noC,2030,T,0.2,random,5026,0.0134156020358204,0.1017881706357002,0.2711576521396637
noC,2030,T,0.2,random,5027,0.0141996648162603,0.1155433282256126,0.2752662897109985
noC,2030,T,0.2,random,5028,0.014964367263019,0.1471801996231079,0.2724184691905975
noC,2030,T,0.3,start,5026,0.018359187990427,0.1403026133775711,0.3239758312702179
noC,2030,T,0.3,middle,5026,0.023645993322134,0.1499312222003936,0.3522266745567322
noC,2030,T,0.3,end,5026,0.0259863343089818,0.166437417268753,0.3727569878101349
noC,2030,T,0.3,random,5026,0.0214600805193185,0.141678124666214,0.3488912582397461
noC,2030,T,0.3,random,5027,0.0227658171206712,0.1554332822561264,0.3533473014831543
noC,2030,T,0.3,random,5028,0.0225060414522886,0.1636863797903061,0.3554548621177673
noC,2030,T,0.4,random,5026,0.0335971377789974,0.1678129285573959,0.4306524693965912
noC,2030,T,0.4,random,5027,0.0345128364861011,0.1884456723928451,0.4338592886924743
noC,2030,T,0.4,random,5028,0.0330970026552677,0.1939477324485778,0.4347084462642669
noC,2030,T,0.5,random,5026,0.0464652590453624,0.2159559875726699,0.5011540651321411
noC,2030,T,0.5,random,5027,0.0461287461221218,0.2255845963954925,0.5007166862487793
noC,2030,T,0.5,random,5028,0.0452575422823429,0.2228335589170456,0.5019550323486328
noC,2030,A,0.1,random,5026,4.630910098057939e-06,0.0013755158288404,0.0073093688115477
noC,2030,A,0.1,random,5027,2.835380200849613e-06,0.0013755158288404,0.0079896012321114
noC,2030,A,0.1,random,5028,1.7814439843277796e-06,0.0,0.0077325981110334
noC,2030,A,0.2,random,5026,1.0675769772205967e-05,0.0027510316576808,0.012940589338541
noC,2030,A,0.2,random,5027,6.099182883190224e-06,0.0013755158288404,0.0138290282338857
noC,2030,A,0.2,random,5028,9.226749170920812e-06,0.0,0.0141332438215613
noC,2030,A,0.3,start,5026,7.345650374190882e-06,0.0027510316576808,0.0193909872323274
noC,2030,A,0.3,middle,5026,1.061638704413781e-05,0.0041265473701059,0.0186562892049551
noC,2030,A,0.3,end,5026,4.540569352684543e-05,0.0041265473701059,0.0211044959723949
noC,2030,A,0.3,random,5026,1.7946133084478788e-05,0.0055020633153617,0.018516968935728
noC,2030,A,0.3,random,5027,1.0444385225127917e-05,0.0027510316576808,0.0195235442370176
noC,2030,A,0.3,random,5028,1.5561236068606377e-05,0.0068775792606174,0.019489100202918
noC,2030,A,0.4,random,5026,2.397258140263148e-05,0.0027510316576808,0.0234359018504619
noC,2030,A,0.4,random,5027,1.5775838619447313e-05,0.0041265473701059,0.0243878867477178
noC,2030,A,0.4,random,5028,2.3624572349945083e-05,0.0082530947402119,0.0244738347828388
noC,2030,A,0.5,random,5026,3.2538013329030946e-05,0.0055020633153617,0.0282423235476017
noC,2030,A,0.5,random,5027,2.968433727801312e-05,0.0068775792606174,0.0293278247117996
noC,2030,A,0.5,random,5028,3.403411028557457e-05,0.0096286106854677,0.0288408081978559
noC,2030,V,0.1,random,5026,1.7020346376739326e-06,0.0,0.0090016284957528
noC,2030,V,0.1,random,5027,1.6430901723651914e-06,0.0,0.0085422173142433
noC,2030,V,0.1,random,5028,1.6544977370358538e-06,0.0,0.0087817022576928
noC,2030,V,0.2,random,5026,5.639441496896325e-06,0.0,0.0170149002224206
noC,2030,V,0.2,random,5027,5.421185960585717e-06,0.0013755158288404,0.0163742527365684
noC,2030,V,0.2,random,5028,5.637429239868652e-06,0.0013755158288404,0.0167357958853244
noC,2030,V,0.3,start,5026,1.1399494724173564e-05,0.0013755158288404,0.0238429326564073
noC,2030,V,0.3,middle,5026,1.1433405234129168e-05,0.0027510316576808,0.0243782401084899
noC,2030,V,0.3,end,5026,1.1462668226158712e-05,0.0013755158288404,0.0252196975052356
noC,2030,V,0.3,random,5026,1.1722867384378333e-05,0.0013755158288404,0.0245699919760227
noC,2030,V,0.3,random,5027,1.1422787792980673e-05,0.0027510316576808,0.0239105802029371
noC,2030,V,0.3,random,5028,1.1551695024536455e-05,0.0013755158288404,0.0241235569119453
noC,2030,V,0.4,random,5026,2.0086017684661783e-05,0.0027510316576808,0.0320366844534873
noC,2030,V,0.4,random,5027,1.962368332897313e-05,0.0041265473701059,0.0316247567534446
noC,2030,V,0.4,random,5028,1.997553772525862e-05,0.0041265473701059,0.0318314060568809
noC,2030,V,0.5,random,5026,3.003202982654329e-05,0.0041265473701059,0.0388674698770046
noC,2030,V,0.5,random,5027,2.929167385445908e-05,0.0055020633153617,0.0387533009052276
noC,2030,V,0.5,random,5028,2.975502684421372e-05,0.0041265473701059,0.0389183945953846
noC,2030,TA,0.3,start,5026,0.0182177852839231,0.1444291621446609,0.3256412148475647
noC,2030,TA,0.3,middle,5026,0.0235566738992929,0.1471801996231079,0.3544753193855285
noC,2030,TA,0.3,end,5026,0.0258688796311616,0.166437417268753,0.3768713474273681
noC,2030,TA,0.3,random,5026,0.0213432163000106,0.1403026133775711,0.3495948016643524
noC,2030,TA,0.3,random,5027,0.022661916911602,0.1526822596788406,0.3553256392478943
noC,2030,TA,0.3,random,5028,0.0224078651517629,0.1623108685016632,0.3577292263507843
noC,2030,TV,0.3,start,5026,0.0182044561952352,0.1444291621446609,0.321176528930664
noC,2030,TV,0.3,middle,5026,0.0235306955873966,0.1499312222003936,0.3495942950248718
noC,2030,TV,0.3,end,5026,0.0258475746959447,0.1678129285573959,0.3696672618389129
noC,2030,TV,0.3,random,5026,0.0213473979383707,0.141678124666214,0.3457233905792236
noC,2030,TV,0.3,random,5027,0.0226641967892646,0.1554332822561264,0.3516326248645782
noC,2030,TV,0.3,random,5028,0.0223830491304397,0.1650618910789489,0.353203535079956
noC,2030,AV,0.3,start,5026,1.993391379073728e-05,0.0027510316576808,0.033310055732727
noC,2030,AV,0.3,middle,5026,2.2653641281067397e-05,0.0027510316576808,0.0327875278890132
noC,2030,AV,0.3,end,5026,5.839244113303721e-05,0.0041265473701059,0.0365765132009983
noC,2030,AV,0.3,random,5026,3.026393096661195e-05,0.0068775792606174,0.0328900329768657
noC,2030,AV,0.3,random,5027,2.3050202798913236e-05,0.0027510316576808,0.0330773815512657
noC,2030,AV,0.3,random,5028,2.777517693175469e-05,0.0041265473701059,0.0337476469576358
noC,2030,TAV,0.3,start,5026,0.0180627703666687,0.143053650856018,0.3230385482311249
noC,2030,TAV,0.3,middle,5026,0.0234407130628824,0.1513067334890365,0.3522640168666839
noC,2030,TAV,0.3,end,5026,0.0257327016443014,0.1705639660358429,0.3740054368972778
noC,2030,TAV,0.3,random,5026,0.021229799836874,0.141678124666214,0.3469583094120025
noC,2030,TAV,0.3,random,5027,0.0225606709718704,0.1554332822561264,0.3533981442451477
noC,2030,TAV,0.3,random,5028,0.022283811122179,0.1636863797903061,0.3558765947818756
noQ,2026,T,0.1,random,5026,0.0083827348425984,0.094910591840744,0.1605852842330932
noQ,2026,T,0.1,random,5027,0.0104951402172446,0.0894085317850112,0.1756418496370315
noQ,2026,T,0.1,random,5028,0.0114277452230453,0.118294358253479,0.1723136007785797
noQ,2026,T,0.2,random,5026,0.016702864319086,0.1375515758991241,0.2470453381538391
noQ,2026,T,0.2,random,5027,0.0180532727390527,0.1458046734333038,0.2483356595039367
noQ,2026,T,0.2,random,5028,0.0190514028072357,0.1554332822561264,0.2504208087921142
noQ,2026,T,0.3,start,5026,0.0202870946377515,0.1774415373802185,0.2829354405403137
noQ,2026,T,0.3,middle,5026,0.0255730748176574,0.1760660260915756,0.2982876300811767
noQ,2026,T,0.3,end,5026,0.0312909558415412,0.2090784013271331,0.3474654257297516
noQ,2026,T,0.3,random,5026,0.0243175346404314,0.1678129285573959,0.3059169948101043
noQ,2026,T,0.3,random,5027,0.0268006771802902,0.187070146203041,0.3185042440891266
noQ,2026,T,0.3,random,5028,0.0254985801875591,0.2049518525600433,0.306390106678009
noQ,2026,T,0.4,random,5026,0.0340256057679653,0.213204950094223,0.3718391060829162
noQ,2026,T,0.4,random,5027,0.0373744927346706,0.2255845963954925,0.3849919736385345
noQ,2026,T,0.4,random,5028,0.0356600508093833,0.2269601076841354,0.3793223202228546
noQ,2026,T,0.5,random,5026,0.0453034304082393,0.2489683628082275,0.441332072019577
noQ,2026,T,0.5,random,5027,0.0475183241069316,0.2709766030311584,0.4451549053192138
noQ,2026,T,0.5,random,5028,0.0462658070027828,0.2806052267551422,0.4381247162818908
noQ,2026,A,0.1,random,5026,2.2595977497985587e-06,0.0041265473701059,0.0060220663435757
noQ,2026,A,0.1,random,5027,4.216811703372514e-06,0.0041265473701059,0.0066517172381281
noQ,2026,A,0.1,random,5028,2.042401547441841e-06,0.0041265473701059,0.0062623671256005
noQ,2026,A,0.2,random,5026,5.4917823035793845e-06,0.0055020633153617,0.0102945743128657
noQ,2026,A,0.2,random,5027,7.251304396049818e-06,0.0041265473701059,0.0112438397482037
noQ,2026,A,0.2,random,5028,5.564086677622981e-06,0.0041265473701059,0.0104507254436612
noQ,2026,A,0.3,start,5026,1.003690340439789e-05,0.0055020633153617,0.0147179048508405
noQ,2026,A,0.3,middle,5026,1.0309104254702106e-05,0.0041265473701059,0.0149849662557244
noQ,2026,A,0.3,end,5026,1.9660261386889036e-05,0.0041265473701059,0.0166733227670192
noQ,2026,A,0.3,random,5026,1.1392990927561186e-05,0.0055020633153617,0.0148119553923606
noQ,2026,A,0.3,random,5027,1.2953541954630056e-05,0.0055020633153617,0.0157137401401996
noQ,2026,A,0.3,random,5028,1.1528894901857711e-05,0.0041265473701059,0.0143952891230583
noQ,2026,A,0.4,random,5026,1.7190748621942475e-05,0.0055020633153617,0.019002778455615
noQ,2026,A,0.4,random,5027,1.9271841665613465e-05,0.0055020633153617,0.0197748001664876
noQ,2026,A,0.4,random,5028,1.8573124179965816e-05,0.0055020633153617,0.0188303478062152
noQ,2026,A,0.5,random,5026,2.5375373297720216e-05,0.0082530947402119,0.0226264186203479
noQ,2026,A,0.5,random,5027,3.254855255363509e-05,0.0055020633153617,0.0242221839725971
noQ,2026,A,0.5,random,5028,2.6858877390623093e-05,0.0068775792606174,0.0229621995240449
noQ,2026,V,0.1,random,5026,3.953790837840643e-06,0.0055020633153617,0.0080435033887624
noQ,2026,V,0.1,random,5027,3.963952622143552e-06,0.0041265473701059,0.0079838586971163
noQ,2026,V,0.1,random,5028,3.88021135222516e-06,0.0041265473701059,0.0079981228336691
noQ,2026,V,0.2,random,5026,1.1763493603211828e-05,0.0068775792606174,0.0154553782194852
noQ,2026,V,0.2,random,5027,1.1634957445494363e-05,0.0055020633153617,0.015352314338088
noQ,2026,V,0.2,random,5028,1.1924155842280015e-05,0.0068775792606174,0.0154647016897797
noQ,2026,V,0.3,start,5026,2.572885023255367e-05,0.0068775792606174,0.0226520244032144
noQ,2026,V,0.3,middle,5026,2.4854507501004264e-05,0.0068775792606174,0.0225074160844087
noQ,2026,V,0.3,end,5026,2.527690230635926e-05,0.0068775792606174,0.0233069453388452
noQ,2026,V,0.3,random,5026,2.535023486416321e-05,0.0068775792606174,0.0228723939508199
noQ,2026,V,0.3,random,5027,2.49866207013838e-05,0.0055020633153617,0.022847905755043
noQ,2026,V,0.3,random,5028,2.556765321060084e-05,0.0068775792606174,0.0228452198207378
noQ,2026,V,0.4,random,5026,4.451424319995567e-05,0.0068775792606174,0.0302611794322729
noQ,2026,V,0.4,random,5027,4.340585655882023e-05,0.0068775792606174,0.0302634760737419
noQ,2026,V,0.4,random,5028,4.450482447282411e-05,0.0068775792606174,0.0303291175514459
noQ,2026,V,0.5,random,5026,6.750977627234533e-05,0.0096286106854677,0.0375376604497432
noQ,2026,V,0.5,random,5027,6.568764365511015e-05,0.0096286106854677,0.0375764034688472
noQ,2026,V,0.5,random,5028,6.701642269035801e-05,0.0082530947402119,0.0376090370118618
noQ,2026,TA,0.3,start,5026,0.0202914103865623,0.1746905148029327,0.2846736013889313
noQ,2026,TA,0.3,middle,5026,0.0255165342241525,0.1760660260915756,0.2980150580406189
noQ,2026,TA,0.3,end,5026,0.0311849303543567,0.2077028900384903,0.3472734689712524
noQ,2026,TA,0.3,random,5026,0.0242391005158424,0.1678129285573959,0.3069112002849579
noQ,2026,TA,0.3,random,5027,0.0266887862235307,0.189821183681488,0.3188270628452301
noQ,2026,TA,0.3,random,5028,0.0254780277609825,0.2008253037929535,0.3069833815097809
noQ,2026,TV,0.3,start,5026,0.0199593007564544,0.1746905148029327,0.2816043794155121
noQ,2026,TV,0.3,middle,5026,0.0254564527422189,0.1733149886131286,0.2986981272697449
noQ,2026,TV,0.3,end,5026,0.0311070084571838,0.2077028900384903,0.3472682535648346
noQ,2026,TV,0.3,random,5026,0.0241764411330223,0.1719394773244857,0.3062232434749603
noQ,2026,TV,0.3,random,5027,0.0266592632979154,0.1843191236257553,0.3182039558887481
noQ,2026,TV,0.3,random,5028,0.0253751073032617,0.1994497925043106,0.3060741722583771
noQ,2026,AV,0.3,start,5026,3.8411930290749297e-05,0.0068775792606174,0.027686109766364
noQ,2026,AV,0.3,middle,5026,3.911803651135415e-05,0.0055020633153617,0.0284652952104806
noQ,2026,AV,0.3,end,5026,4.9916194257093593e-05,0.0041265473701059,0.0306682772934436
noQ,2026,AV,0.3,random,5026,4.072254887432791e-05,0.0082530947402119,0.0283574592322111
noQ,2026,AV,0.3,random,5027,4.201910269330256e-05,0.0068775792606174,0.0292964689433574
noQ,2026,AV,0.3,random,5028,4.183022610959597e-05,0.0068775792606174,0.0279462300240993
noQ,2026,TAV,0.3,start,5026,0.0199667531996965,0.1760660260915756,0.2827357947826385
noQ,2026,TAV,0.3,middle,5026,0.0254067331552505,0.1691884398460388,0.2977180778980255
noQ,2026,TAV,0.3,end,5026,0.031013673171401,0.2077028900384903,0.3473523259162903
noQ,2026,TAV,0.3,random,5026,0.0241027418524026,0.1733149886131286,0.3064396679401397
noQ,2026,TAV,0.3,random,5027,0.0265507828444242,0.1884456723928451,0.3188205361366272
noQ,2026,TAV,0.3,random,5028,0.0253666248172521,0.1966987550258636,0.3064372539520263
noQ,2027,T,0.1,random,5026,0.0090221185237169,0.0784044042229652,0.1669918298721313
noQ,2027,T,0.1,random,5027,0.01239216607064,0.1114167794585228,0.192772701382637
noQ,2027,T,0.1,random,5028,0.0127119095996022,0.1017881706357002,0.1882999837398529
noQ,2027,T,0.2,random,5026,0.0191006325185298,0.1375515758991241,0.2488749474287033
noQ,2027,T,0.2,random,5027,0.0196850318461656,0.1540577709674835,0.2689005434513092
noQ,2027,T,0.2,random,5028,0.0205658730119466,0.1526822596788406,0.259004145860672
noQ,2027,T,0.3,start,5026,0.0212881099432706,0.1526822596788406,0.2885041832923889
noQ,2027,T,0.3,middle,5026,0.0299152601510286,0.1636863797903061,0.3256693184375763
noQ,2027,T,0.3,end,5026,0.0346553549170494,0.1815680861473083,0.3531933128833771
noQ,2027,T,0.3,random,5026,0.0272176396101713,0.1499312222003936,0.3191614747047424
noQ,2027,T,0.3,random,5027,0.0287356004118919,0.1994497925043106,0.3364992141723633
noQ,2027,T,0.3,random,5028,0.0299557726830244,0.1939477324485778,0.3210563659667969
noQ,2027,T,0.4,random,5026,0.0403506197035312,0.2022008299827575,0.3960902094841003
noQ,2027,T,0.4,random,5027,0.0426160655915737,0.2242090851068496,0.4155726432800293
noQ,2027,T,0.4,random,5028,0.0407627671957016,0.2173314988613128,0.3937208652496338
noQ,2027,T,0.5,random,5026,0.0521252863109111,0.2352132052183151,0.4613036811351776
noQ,2027,T,0.5,random,5027,0.0534414015710353,0.2462173253297805,0.4669116735458374
noQ,2027,T,0.5,random,5028,0.0521141439676284,0.2489683628082275,0.4487410187721252
noQ,2027,A,0.1,random,5026,2.40343069890514e-06,0.0013755158288404,0.0068208314478397
noQ,2027,A,0.1,random,5027,2.792556642816635e-06,0.0013755158288404,0.006748167797923
noQ,2027,A,0.1,random,5028,2.213581183241331e-06,0.0013755158288404,0.0066634495742619
noQ,2027,A,0.2,random,5026,7.003836344665615e-06,0.0013755158288404,0.0117952041327953
noQ,2027,A,0.2,random,5027,7.086532605171669e-06,0.0013755158288404,0.0113730989396572
noQ,2027,A,0.2,random,5028,6.615334768866887e-06,0.0013755158288404,0.011592948809266
noQ,2027,A,0.3,start,5026,1.39817002491327e-05,0.0013755158288404,0.01748663559556
noQ,2027,A,0.3,middle,5026,1.600985342520289e-05,0.0027510316576808,0.0153763452544808
noQ,2027,A,0.3,end,5026,2.777111694740597e-05,0.0027510316576808,0.0169215556234121
noQ,2027,A,0.3,random,5026,1.4925903087714689e-05,0.0013755158288404,0.0163270328193902
noQ,2027,A,0.3,random,5027,1.662812974245753e-05,0.0027510316576808,0.0156372394412755
noQ,2027,A,0.3,random,5028,1.450930540158879e-05,0.0013755158288404,0.0165282078087329
noQ,2027,A,0.4,random,5026,2.3837463231757283e-05,0.0013755158288404,0.0203069373965263
noQ,2027,A,0.4,random,5027,2.539872184570413e-05,0.0027510316576808,0.0197802223265171
noQ,2027,A,0.4,random,5028,2.3682305254624225e-05,0.0027510316576808,0.0207431688904762
noQ,2027,A,0.5,random,5026,3.32021081703715e-05,0.0055020633153617,0.0236523561179637
noQ,2027,A,0.5,random,5027,3.686785203171894e-05,0.0041265473701059,0.0239262096583843
noQ,2027,A,0.5,random,5028,3.3412194170523435e-05,0.0041265473701059,0.0243878979235887
noQ,2027,V,0.1,random,5026,4.547654498310294e-06,0.0,0.0080000590533018
noQ,2027,V,0.1,random,5027,4.503020136326086e-06,0.0,0.0078741228207945
noQ,2027,V,0.1,random,5028,4.577310392051004e-06,0.0,0.0079075247049331
noQ,2027,V,0.2,random,5026,1.3140148439561015e-05,0.0,0.0148397544398903
noQ,2027,V,0.2,random,5027,1.3107619452057406e-05,0.0,0.0147711560130119
noQ,2027,V,0.2,random,5028,1.32659761220566e-05,0.0013755158288404,0.0147987594828009
noQ,2027,V,0.3,start,5026,2.812266393448226e-05,0.0013755158288404,0.0208962131291627
noQ,2027,V,0.3,middle,5026,2.7360829335520972e-05,0.0,0.021652728319168
noQ,2027,V,0.3,end,5026,2.7743863029172644e-05,0.0,0.0218122135847806
noQ,2027,V,0.3,random,5026,2.7555339329410344e-05,0.0,0.021628014743328
noQ,2027,V,0.3,random,5027,2.750122257566545e-05,0.0,0.0213995669037103
noQ,2027,V,0.3,random,5028,2.757272159215063e-05,0.0013755158288404,0.0215487573295831
noQ,2027,V,0.4,random,5026,4.57568712590728e-05,0.0013755158288404,0.028110284358263
noQ,2027,V,0.4,random,5027,4.5432640035869554e-05,0.0013755158288404,0.0278798323124647
noQ,2027,V,0.4,random,5028,4.582736437441781e-05,0.0027510316576808,0.0281373243778944
noQ,2027,V,0.5,random,5026,6.745330756530166e-05,0.0041265473701059,0.033952135592699
noQ,2027,V,0.5,random,5027,6.729350570822135e-05,0.0041265473701059,0.0339333862066268
noQ,2027,V,0.5,random,5028,6.759028474334627e-05,0.0041265473701059,0.0340895615518093
noQ,2027,TA,0.3,start,5026,0.021269192919135,0.1554332822561264,0.291010171175003
noQ,2027,TA,0.3,middle,5026,0.0299544427543878,0.1650618910789489,0.3275926113128662
noQ,2027,TA,0.3,end,5026,0.0346760489046573,0.187070146203041,0.355407178401947
noQ,2027,TA,0.3,random,5026,0.0271872170269489,0.1471801996231079,0.3206250667572021
noQ,2027,TA,0.3,random,5027,0.0287372954189777,0.1994497925043106,0.3377639055252075
noQ,2027,TA,0.3,random,5028,0.0300075020641088,0.1911966949701309,0.3232268095016479
noQ,2027,TV,0.3,start,5026,0.0209563840180635,0.1540577709674835,0.287113219499588
noQ,2027,TV,0.3,middle,5026,0.0297517795115709,0.1650618910789489,0.3275195360183716
noQ,2027,TV,0.3,end,5026,0.0344330109655857,0.1843191236257553,0.3512555062770843
noQ,2027,TV,0.3,random,5026,0.0270972996950149,0.1499312222003936,0.3181226849555969
noQ,2027,TV,0.3,random,5027,0.0285310596227645,0.1939477324485778,0.335636556148529
noQ,2027,TV,0.3,random,5028,0.0298196766525506,0.1939477324485778,0.3196121454238891
noQ,2027,AV,0.3,start,5026,5.351212894311175e-05,0.0027510316576808,0.0241703670471906
noQ,2027,AV,0.3,middle,5026,5.341005089576356e-05,0.0041265473701059,0.0246975440531969
noQ,2027,AV,0.3,end,5026,6.63663522573188e-05,0.0055020633153617,0.0270581748336553
noQ,2027,AV,0.3,random,5026,5.288265310809948e-05,0.0041265473701059,0.0252760890871286
noQ,2027,AV,0.3,random,5027,5.467121809488162e-05,0.0055020633153617,0.0250861831009387
noQ,2027,AV,0.3,random,5028,5.239884194452316e-05,0.0041265473701059,0.0255889315158128
noQ,2027,TAV,0.3,start,5026,0.0209476146847009,0.1581843197345733,0.2883825302124023
noQ,2027,TAV,0.3,middle,5026,0.0298065226525068,0.1623108685016632,0.3284008204936981
noQ,2027,TAV,0.3,end,5026,0.03445540741086,0.1884456723928451,0.3532660603523254
noQ,2027,TAV,0.3,random,5026,0.0270708110183477,0.1513067334890365,0.3189738690853119
noQ,2027,TAV,0.3,random,5027,0.0285422578454017,0.1966987550258636,0.3365237414836883
noQ,2027,TAV,0.3,random,5028,0.0298843644559383,0.1911966949701309,0.3211128115653991
noQ,2028,T,0.1,random,5026,0.0066267102956771,0.0894085317850112,0.1571808159351349
noQ,2028,T,0.1,random,5027,0.0094485450536012,0.10591471940279,0.178856074810028
noQ,2028,T,0.1,random,5028,0.0091978413984179,0.1045392006635665,0.1714377105236053
noQ,2028,T,0.2,random,5026,0.0147167360410094,0.1279229670763015,0.2497394829988479
noQ,2028,T,0.2,random,5027,0.0152733027935028,0.141678124666214,0.2503334879875183
noQ,2028,T,0.2,random,5028,0.0156984385102987,0.1485557109117508,0.2413372546434402
noQ,2028,T,0.3,start,5026,0.0178091879934072,0.1513067334890365,0.2676218152046203
noQ,2028,T,0.3,middle,5026,0.0232831053435802,0.1705639660358429,0.3090052604675293
noQ,2028,T,0.3,end,5026,0.0283341649919748,0.1911966949701309,0.3413164317607879
noQ,2028,T,0.3,random,5026,0.0216173902153968,0.1650618910789489,0.3137598633766174
noQ,2028,T,0.3,random,5027,0.0227581970393657,0.1705639660358429,0.3181735873222351
noQ,2028,T,0.3,random,5028,0.022497022524476,0.1746905148029327,0.2999953925609588
noQ,2028,T,0.4,random,5026,0.0328118056058883,0.2118294388055801,0.3908912241458893
noQ,2028,T,0.4,random,5027,0.033349972218275,0.2173314988613128,0.3855983018875122
noQ,2028,T,0.4,random,5028,0.031358003616333,0.2090784013271331,0.3684723973274231
noQ,2028,T,0.5,random,5026,0.0438159704208374,0.2393397539854049,0.4498622119426727
noQ,2028,T,0.5,random,5027,0.0436908267438411,0.2530949115753174,0.4395244121551513
noQ,2028,T,0.5,random,5028,0.0422249138355255,0.2475928515195846,0.4332862198352813
noQ,2028,A,0.1,random,5026,1.4221473065845205e-06,0.0,0.0059759225696325
noQ,2028,A,0.1,random,5027,9.545651664666366e-07,0.0,0.006394020281732
noQ,2028,A,0.1,random,5028,9.67707933341444e-07,0.0,0.0056299567222595
noQ,2028,A,0.2,random,5026,3.282959369244054e-06,0.0013755158288404,0.0107157509773969
noQ,2028,A,0.2,random,5027,2.3411230358760804e-06,0.0,0.0113659426569938
noQ,2028,A,0.2,random,5028,3.420372422624496e-06,0.0,0.0104661379009485
noQ,2028,A,0.3,start,5026,3.831484264082974e-06,0.0013755158288404,0.0158875677734613
noQ,2028,A,0.3,middle,5026,4.910833467874909e-06,0.0,0.01590321585536
noQ,2028,A,0.3,end,5026,1.0634778845997062e-05,0.0013755158288404,0.0165512878447771
noQ,2028,A,0.3,random,5026,6.106189630372683e-06,0.0013755158288404,0.0155644053593277
noQ,2028,A,0.3,random,5027,4.515130513027543e-06,0.0,0.016326742246747
noQ,2028,A,0.3,random,5028,5.95043911744142e-06,0.0,0.0153705608099699
noQ,2028,A,0.4,random,5026,9.281778147851584e-06,0.0013755158288404,0.0204520057886838
noQ,2028,A,0.4,random,5027,7.172984169301344e-06,0.0,0.0209996495395898
noQ,2028,A,0.4,random,5028,9.348885214421898e-06,0.0,0.0201982147991657
noQ,2028,A,0.5,random,5026,1.2866599718108772e-05,0.0,0.0251862164586782
noQ,2028,A,0.5,random,5027,1.1885363164765296e-05,0.0013755158288404,0.0257125049829483
noQ,2028,A,0.5,random,5028,1.2996746590943076e-05,0.0013755158288404,0.0246358942240476
noQ,2028,V,0.1,random,5026,1.4163049399940064e-06,0.0,0.0043047429062426
noQ,2028,V,0.1,random,5027,1.349638068859349e-06,0.0,0.0041492311283946
noQ,2028,V,0.1,random,5028,1.3529987654692377e-06,0.0,0.0042491741478443
noQ,2028,V,0.2,random,5026,4.355791134003084e-06,0.0,0.0078533422201871
noQ,2028,V,0.2,random,5027,4.192015239823377e-06,0.0,0.0074548250995576
noQ,2028,V,0.2,random,5028,4.19103207605076e-06,0.0,0.0077429078519344
noQ,2028,V,0.3,start,5026,9.193159712594934e-06,0.0,0.0112039232626557
noQ,2028,V,0.3,middle,5026,8.988680747279432e-06,0.0013755158288404,0.0111462976783514
noQ,2028,V,0.3,end,5026,9.016815056384075e-06,0.0013755158288404,0.0116498051211237
noQ,2028,V,0.3,random,5026,9.292408321925905e-06,0.0,0.0114162387326359
noQ,2028,V,0.3,random,5027,8.854734915075824e-06,0.0,0.0109971072524786
noQ,2028,V,0.3,random,5028,8.947965397965163e-06,0.0,0.0113191101700067
noQ,2028,V,0.4,random,5026,1.576263821334578e-05,0.0013755158288404,0.0147908199578523
noQ,2028,V,0.4,random,5027,1.541322490083985e-05,0.0055020633153617,0.0143326390534639
noQ,2028,V,0.4,random,5028,1.541784695291426e-05,0.0027510316576808,0.0145849417895078
noQ,2028,V,0.5,random,5026,2.406760359008331e-05,0.0055020633153617,0.0178088191896677
noQ,2028,V,0.5,random,5027,2.3687671273364685e-05,0.0082530947402119,0.0175055637955665
noQ,2028,V,0.5,random,5028,2.3572156351292502e-05,0.0068775792606174,0.0177287552505731
noQ,2028,TA,0.3,start,5026,0.017781188711524,0.1513067334890365,0.2666628658771515
noQ,2028,TA,0.3,middle,5026,0.0232367329299449,0.1650618910789489,0.3086133897304535
noQ,2028,TA,0.3,end,5026,0.0283075310289859,0.1884456723928451,0.3421362936496734
noQ,2028,TA,0.3,random,5026,0.0215264465659856,0.1623108685016632,0.3135404288768768
noQ,2028,TA,0.3,random,5027,0.0227290466427803,0.1705639660358429,0.3185428977012634
noQ,2028,TA,0.3,random,5028,0.0224758833646774,0.1719394773244857,0.2995851337909698
noQ,2028,TV,0.3,start,5026,0.0175354052335023,0.1513067334890365,0.2680262625217438
noQ,2028,TV,0.3,middle,5026,0.023102032020688,0.1650618910789489,0.310375303030014
noQ,2028,TV,0.3,end,5026,0.0280728656798601,0.192572221159935,0.3415203392505646
noQ,2028,TV,0.3,random,5026,0.021409697830677,0.1623108685016632,0.3146541714668274
noQ,2028,TV,0.3,random,5027,0.0225137192755937,0.1719394773244857,0.3197572529315948
noQ,2028,TV,0.3,random,5028,0.0223564486950635,0.1774415373802185,0.2997822761535644
noQ,2028,AV,0.3,start,5026,1.235523359355284e-05,0.0,0.0191627219319343
noQ,2028,AV,0.3,middle,5026,1.3279280210554134e-05,0.0013755158288404,0.0192692689597606
noQ,2028,AV,0.3,end,5026,1.9265029550297182e-05,0.0013755158288404,0.0202859230339527
noQ,2028,AV,0.3,random,5026,1.5138260096136946e-05,0.0,0.019326401874423
noQ,2028,AV,0.3,random,5027,1.27201037685154e-05,0.0013755158288404,0.0194562673568725
noQ,2028,AV,0.3,random,5028,1.397782216372434e-05,0.0,0.0186533965170383
noQ,2028,TAV,0.3,start,5026,0.0175083503127098,0.1526822596788406,0.2666628062725067
noQ,2028,TAV,0.3,middle,5026,0.0230533089488744,0.1636863797903061,0.3097402453422546
noQ,2028,TAV,0.3,end,5026,0.0280430000275373,0.1884456723928451,0.3421081304550171
noQ,2028,TAV,0.3,random,5026,0.0213142707943916,0.1581843197345733,0.3141204118728637
noQ,2028,TAV,0.3,random,5027,0.022484365850687,0.1705639660358429,0.3199069499969482
noQ,2028,TAV,0.3,random,5028,0.0223385896533727,0.1774415373802185,0.2993978559970855
noQ,2029,T,0.1,random,5026,0.0078190900385379,0.0852819830179214,0.161603569984436
noQ,2029,T,0.1,random,5027,0.0104984743520617,0.0921595618128776,0.1736826747655868
noQ,2029,T,0.1,random,5028,0.0115115391090512,0.1017881706357002,0.1801609247922897
noQ,2029,T,0.2,random,5026,0.0163136031478643,0.1265474557876587,0.2434912323951721
noQ,2029,T,0.2,random,5027,0.0169682148844003,0.1292984932661056,0.249797523021698
noQ,2029,T,0.2,random,5028,0.0185017548501491,0.1403026133775711,0.2487872093915939
noQ,2029,T,0.3,start,5026,0.018003923818469,0.1279229670763015,0.2739708125591278
noQ,2029,T,0.3,middle,5026,0.0242318361997604,0.1526822596788406,0.312615305185318
noQ,2029,T,0.3,end,5026,0.0289716217666864,0.1705639660358429,0.3390528857707977
noQ,2029,T,0.3,random,5026,0.023084545508027,0.1471801996231079,0.3005740642547607
noQ,2029,T,0.3,random,5027,0.0248261019587516,0.1623108685016632,0.3120010495185852
noQ,2029,T,0.3,random,5028,0.0253694150596857,0.1815680861473083,0.3068279922008514
noQ,2029,T,0.4,random,5026,0.0334888510406017,0.189821183681488,0.3796380758285522
noQ,2029,T,0.4,random,5027,0.0359362699091434,0.2077028900384903,0.3879096508026123
noQ,2029,T,0.4,random,5028,0.0347603224217891,0.2008253037929535,0.3852051198482513
noQ,2029,T,0.5,random,5026,0.0445015169680118,0.2187070101499557,0.4429429471492767
noQ,2029,T,0.5,random,5027,0.0450192093849182,0.2173314988613128,0.4466257691383362
noQ,2029,T,0.5,random,5028,0.0441378317773342,0.2228335589170456,0.4421160519123077
noQ,2029,A,0.1,random,5026,2.2306228402158013e-06,0.0013755158288404,0.0063327229581773
noQ,2029,A,0.1,random,5027,4.09218910135678e-06,0.0,0.0061118029989302
noQ,2029,A,0.1,random,5028,1.664447495386412e-06,0.0013755158288404,0.0064655551686882
noQ,2029,A,0.2,random,5026,5.136033450980904e-06,0.0013755158288404,0.0111472578719258
noQ,2029,A,0.2,random,5027,6.141211997601204e-06,0.0013755158288404,0.0106441508978605
noQ,2029,A,0.2,random,5028,9.557948033034336e-06,0.0027510316576808,0.0110882725566625
noQ,2029,A,0.3,start,5026,8.213661203626543e-06,0.0013755158288404,0.0151518769562244
noQ,2029,A,0.3,middle,5026,1.4776090210943948e-05,0.0013755158288404,0.0155572406947612
noQ,2029,A,0.3,end,5026,7.005445513641462e-05,0.0013755158288404,0.0173952411860227
noQ,2029,A,0.3,random,5026,1.0634127647790592e-05,0.0027510316576808,0.0157663058489561
noQ,2029,A,0.3,random,5027,1.6995951227727346e-05,0.0041265473701059,0.0153118809685111
noQ,2029,A,0.3,random,5028,1.7283962733927183e-05,0.0055020633153617,0.015670295804739
noQ,2029,A,0.4,random,5026,1.4952073797758205e-05,0.0027510316576808,0.0199496485292911
noQ,2029,A,0.4,random,5027,2.126691651938017e-05,0.0041265473701059,0.019561730325222
noQ,2029,A,0.4,random,5028,2.3213138774735853e-05,0.0055020633153617,0.0197303146123886
noQ,2029,A,0.5,random,5026,2.0648090867325664e-05,0.0027510316576808,0.0235333256423473
noQ,2029,A,0.5,random,5027,3.460430525592528e-05,0.0055020633153617,0.0235943831503391
noQ,2029,A,0.5,random,5028,2.8944861696800217e-05,0.0068775792606174,0.0236511118710041
noQ,2029,V,0.1,random,5026,2.30477235163562e-06,0.0027510316576808,0.0098838945850729
noQ,2029,V,0.1,random,5027,2.278103465869208e-06,0.0027510316576808,0.0100919092074036
noQ,2029,V,0.1,random,5028,2.4234964257630054e-06,0.0027510316576808,0.0098161660134792
noQ,2029,V,0.2,random,5026,7.086553068802459e-06,0.0027510316576808,0.0181530080735683
noQ,2029,V,0.2,random,5027,6.97516816217103e-06,0.0027510316576808,0.0183052066713571
noQ,2029,V,0.2,random,5028,7.281326361407991e-06,0.0027510316576808,0.0178569499403238
noQ,2029,V,0.3,start,5026,1.4689340787299445e-05,0.0055020633153617,0.0257230345159769
noQ,2029,V,0.3,middle,5026,1.51661433847039e-05,0.0041265473701059,0.0258780010044574
noQ,2029,V,0.3,end,5026,1.5490841178689152e-05,0.0041265473701059,0.0271876510232687
noQ,2029,V,0.3,random,5026,1.5040975995361803e-05,0.0027510316576808,0.0263710282742977
noQ,2029,V,0.3,random,5027,1.5295861885533668e-05,0.0027510316576808,0.0263560432940721
noQ,2029,V,0.3,random,5028,1.527289168734569e-05,0.0027510316576808,0.0257401280105114
noQ,2029,V,0.4,random,5026,2.622013562358916e-05,0.0041265473701059,0.0345596261322498
noQ,2029,V,0.4,random,5027,2.6512940166867335e-05,0.0055020633153617,0.0344573967158794
noQ,2029,V,0.4,random,5028,2.6532277843216438e-05,0.0055020633153617,0.0338458456099033
noQ,2029,V,0.5,random,5026,3.981310510425829e-05,0.0096286106854677,0.0418297201395034
noQ,2029,V,0.5,random,5027,4.0357470425078645e-05,0.0082530947402119,0.0420278459787368
noQ,2029,V,0.5,random,5028,4.033376535517164e-05,0.0082530947402119,0.0413090139627456
noQ,2029,TA,0.3,start,5026,0.0179598461836576,0.1306740045547485,0.2716920673847198
noQ,2029,TA,0.3,middle,5026,0.0241661705076694,0.1540577709674835,0.3112515211105346
noQ,2029,TA,0.3,end,5026,0.0289491787552833,0.1733149886131286,0.3396609723567962
noQ,2029,TA,0.3,random,5026,0.0230089761316776,0.1471801996231079,0.301041692495346
noQ,2029,TA,0.3,random,5027,0.0247318968176841,0.1636863797903061,0.3103350698947906
noQ,2029,TA,0.3,random,5028,0.0253890305757522,0.1801925748586654,0.3043126761913299
noQ,2029,TV,0.3,start,5026,0.0178232043981552,0.1306740045547485,0.2708193957805633
noQ,2029,TV,0.3,middle,5026,0.0241294838488101,0.1526822596788406,0.3114289939403534
noQ,2029,TV,0.3,end,5026,0.0288505349308252,0.1733149886131286,0.340480089187622
noQ,2029,TV,0.3,random,5026,0.0229393802583217,0.1458046734333038,0.3027617335319519
noQ,2029,TV,0.3,random,5027,0.0246909763664007,0.1636863797903061,0.3122424483299255
noQ,2029,TV,0.3,random,5028,0.0253281407058239,0.1856946349143982,0.3061133325099945
noQ,2029,AV,0.3,start,5026,2.5326236936962232e-05,0.0055020633153617,0.0309785772114992
noQ,2029,AV,0.3,middle,5026,3.297745934105478e-05,0.0055020633153617,0.0314874798059463
noQ,2029,AV,0.3,end,5026,9.044071339303628e-05,0.0055020633153617,0.0342306829988956
noQ,2029,AV,0.3,random,5026,2.8363714591250755e-05,0.0082530947402119,0.032410442829132
noQ,2029,AV,0.3,random,5027,3.524930798448622e-05,0.0068775792606174,0.0312127601355314
noQ,2029,AV,0.3,random,5028,3.638804264483042e-05,0.0082530947402119,0.030809374526143
noQ,2029,TAV,0.3,start,5026,0.0177848041057586,0.1320495158433914,0.2698275148868561
noQ,2029,TAV,0.3,middle,5026,0.0240689292550086,0.1499312222003936,0.3108848333358764
noQ,2029,TAV,0.3,end,5026,0.0288358628749847,0.1760660260915756,0.3414320349693298
noQ,2029,TAV,0.3,random,5026,0.0228649675846099,0.1444291621446609,0.303972840309143
noQ,2029,TAV,0.3,random,5027,0.0245997440069913,0.1623108685016632,0.3111211359500885
noQ,2029,TAV,0.3,random,5028,0.0253611262887716,0.1843191236257553,0.3047312498092651
noQ,2030,T,0.1,random,5026,0.0053480840288102,0.0756533667445182,0.1547515392303466
noQ,2030,T,0.1,random,5027,0.0073906178586184,0.0660247579216957,0.1604759395122528
noQ,2030,T,0.1,random,5028,0.0077377059496939,0.1045392006635665,0.1643258482217788
noQ,2030,T,0.2,random,5026,0.0114136161282658,0.1251719444990158,0.2311348915100097
noQ,2030,T,0.2,random,5027,0.0122191347181797,0.1237964257597923,0.2336722612380981
noQ,2030,T,0.2,random,5028,0.0131691563874483,0.1526822596788406,0.2343637943267822
noQ,2030,T,0.3,start,5026,0.01372339297086,0.1389271020889282,0.2568698525428772
noQ,2030,T,0.3,middle,5026,0.0188352596014738,0.1513067334890365,0.2932385802268982
noQ,2030,T,0.3,end,5026,0.021204249933362,0.166437417268753,0.306392639875412
noQ,2030,T,0.3,random,5026,0.0168800316751003,0.1403026133775711,0.2850436568260193
noQ,2030,T,0.3,random,5027,0.0183545369654893,0.1471801996231079,0.2919507324695587
noQ,2030,T,0.3,random,5028,0.0181858520954847,0.1678129285573959,0.2942489981651306
noQ,2030,T,0.4,random,5026,0.0255132988095283,0.1788170635700225,0.3512561023235321
noQ,2030,T,0.4,random,5027,0.02692218311131,0.2022008299827575,0.3540548682212829
noQ,2030,T,0.4,random,5028,0.0257742907851934,0.1966987550258636,0.3592020869255066
noQ,2030,T,0.5,random,5026,0.0350381508469581,0.213204950094223,0.4135836660861969
noQ,2030,T,0.5,random,5027,0.0351356789469718,0.2104539275169372,0.4132708609104156
noQ,2030,T,0.5,random,5028,0.0342048071324825,0.2297111451625824,0.417473703622818
noQ,2030,A,0.1,random,5026,5.68853738514008e-06,0.0,0.0074792164377868
noQ,2030,A,0.1,random,5027,3.890570496878354e-06,0.0013755158288404,0.0080165779218077
noQ,2030,A,0.1,random,5028,2.7484300062496918e-06,0.0013755158288404,0.007894579321146
noQ,2030,A,0.2,random,5026,1.431527743989136e-05,0.0013755158288404,0.0131885055452585
noQ,2030,A,0.2,random,5027,9.478035281063056e-06,0.0013755158288404,0.0138429449871182
noQ,2030,A,0.2,random,5028,1.2406387213559356e-05,0.0013755158288404,0.0145601378753781
noQ,2030,A,0.3,start,5026,1.4430789633479437e-05,0.0027510316576808,0.0194904133677482
noQ,2030,A,0.3,middle,5026,1.7831171135185286e-05,0.0041265473701059,0.0195954646915197
noQ,2030,A,0.3,end,5026,5.483794302563183e-05,0.0041265473701059,0.0216525942087173
noQ,2030,A,0.3,random,5026,2.5617177016101778e-05,0.0041265473701059,0.019037377089262
noQ,2030,A,0.3,random,5027,1.750875344441738e-05,0.0027510316576808,0.0197063647210598
noQ,2030,A,0.3,random,5028,2.244140523544047e-05,0.0027510316576808,0.0203386303037405
noQ,2030,A,0.4,random,5026,3.710441160365008e-05,0.0055020633153617,0.0242330655455589
noQ,2030,A,0.4,random,5027,2.810811201925389e-05,0.0041265473701059,0.0248885154724121
noQ,2030,A,0.4,random,5028,3.5978617233922705e-05,0.0027510316576808,0.0257153697311878
noQ,2030,A,0.5,random,5026,5.2478539146250114e-05,0.0082530947402119,0.0293729696422815
noQ,2030,A,0.5,random,5027,4.849896504310891e-05,0.0041265473701059,0.0300821755081415
noQ,2030,A,0.5,random,5028,5.295872688293457e-05,0.0041265473701059,0.0306794717907905
noQ,2030,V,0.1,random,5026,4.032254764751997e-06,0.0027510316576808,0.007815146818757
noQ,2030,V,0.1,random,5027,4.007880306744482e-06,0.0027510316576808,0.0076248883269727
noQ,2030,V,0.1,random,5028,3.989101969636977e-06,0.0027510316576808,0.0078076110221445
noQ,2030,V,0.2,random,5026,1.3714779015572276e-05,0.0055020633153617,0.014792894013226
noQ,2030,V,0.2,random,5027,1.361285467282869e-05,0.0041265473701059,0.0145317111164331
noQ,2030,V,0.2,random,5028,1.3707233847526368e-05,0.0041265473701059,0.0148641690611839
noQ,2030,V,0.3,start,5026,2.8827451387769543e-05,0.0082530947402119,0.0209889635443687
noQ,2030,V,0.3,middle,5026,2.873710764106363e-05,0.0068775792606174,0.0210678558796644
noQ,2030,V,0.3,end,5026,2.8493986974353905e-05,0.0068775792606174,0.0226629227399826
noQ,2030,V,0.3,random,5026,2.905797191488091e-05,0.0068775792606174,0.0215012840926647
noQ,2030,V,0.3,random,5027,2.8785181712009944e-05,0.0068775792606174,0.0211797952651977
noQ,2030,V,0.3,random,5028,2.8595153708010912e-05,0.0068775792606174,0.0214563999325037
noQ,2030,V,0.4,random,5026,5.022244658903219e-05,0.0110041266307234,0.0279555581510067
noQ,2030,V,0.4,random,5027,4.958812860422768e-05,0.0096286106854677,0.0277244113385677
noQ,2030,V,0.4,random,5028,4.9658294301480055e-05,0.0082530947402119,0.0280681960284709
noQ,2030,V,0.5,random,5026,7.527922571171075e-05,0.0110041266307234,0.0337904430925846
noQ,2030,V,0.5,random,5027,7.432771235471591e-05,0.0151306744664907,0.0339452996850013
noQ,2030,V,0.5,random,5028,7.44674471206963e-05,0.0110041266307234,0.0339164584875106
noQ,2030,TA,0.3,start,5026,0.0135803548619151,0.1348005533218383,0.2581557035446167
noQ,2030,TA,0.3,middle,5026,0.0187476575374603,0.1526822596788406,0.2952871918678283
noQ,2030,TA,0.3,end,5026,0.0211201068013906,0.166437417268753,0.3093442320823669
noQ,2030,TA,0.3,random,5026,0.0167773682624101,0.1375515758991241,0.2847165465354919
noQ,2030,TA,0.3,random,5027,0.018259547650814,0.1389271020889282,0.29208704829216
noQ,2030,TA,0.3,random,5028,0.0181453377008438,0.166437417268753,0.2963393628597259
noQ,2030,TV,0.3,start,5026,0.0135571639984846,0.1389271020889282,0.2557690441608429
noQ,2030,TV,0.3,middle,5026,0.0187627337872982,0.1444291621446609,0.2926863133907318
noQ,2030,TV,0.3,end,5026,0.0210400968790054,0.1691884398460388,0.303627997636795
noQ,2030,TV,0.3,random,5026,0.0168218687176704,0.141678124666214,0.2831299901008606
noQ,2030,TV,0.3,random,5027,0.0183006972074508,0.1526822596788406,0.2902017831802368
noQ,2030,TV,0.3,random,5028,0.0181542579084634,0.1705639660358429,0.2921401262283325
noQ,2030,AV,0.3,start,5026,5.2003219025209546e-05,0.0082530947402119,0.0289833396673202
noQ,2030,AV,0.3,middle,5026,5.453435005620122e-05,0.0082530947402119,0.0299114510416984
noQ,2030,AV,0.3,end,5026,9.24452324397862e-05,0.0082530947402119,0.0326892472803592
noQ,2030,AV,0.3,random,5026,6.274140469031408e-05,0.0110041266307234,0.0298785381019115
noQ,2030,AV,0.3,random,5027,5.513595169759356e-05,0.0096286106854677,0.0296812076121568
noQ,2030,AV,0.3,random,5028,5.9419384342618287e-05,0.0068775792606174,0.0302803739905357
noQ,2030,TAV,0.3,start,5026,0.0134260989725589,0.1348005533218383,0.2572151124477386
noQ,2030,TAV,0.3,middle,5026,0.0186839364469051,0.1526822596788406,0.2949655652046203
noQ,2030,TAV,0.3,end,5026,0.0209734104573726,0.1760660260915756,0.3069791793823242
noQ,2030,TAV,0.3,random,5026,0.0167319364845752,0.1444291621446609,0.2831982672214508
noQ,2030,TAV,0.3,random,5027,0.0182189922779798,0.1485557109117508,0.2902151048183441
noQ,2030,TAV,0.3,random,5028,0.0181316379457712,0.1746905148029327,0.2944726049900055
